"model_id","draw_id","sample_index","date","segment","value"
"exdqlm_multivar_synth_keep","draw_001",1,"2022-04-23","history","0"
"exdqlm_multivar_synth_keep","draw_001",1,"2022-04-24","history","0"
"exdqlm_multivar_synth_keep","draw_001",1,"2022-04-25","history","0.288460744587792"
"exdqlm_multivar_synth_keep","draw_001",1,"2022-04-26","history","0"
"exdqlm_multivar_synth_keep","draw_001",1,"2022-04-27","history","0"
"exdqlm_multivar_synth_keep","draw_001",1,"2022-04-28","history","0.0140639875196892"
"exdqlm_multivar_synth_keep","draw_001",1,"2022-04-29","history","0"
"exdqlm_multivar_synth_keep","draw_001",1,"2022-04-30","history","0"
"exdqlm_multivar_synth_keep","draw_001",1,"2022-05-01","history","0"
"exdqlm_multivar_synth_keep","draw_001",1,"2022-05-02","history","0"
"exdqlm_multivar_synth_keep","draw_001",1,"2022-05-03","history","0"
"exdqlm_multivar_synth_keep","draw_001",1,"2022-05-04","history","0"
"exdqlm_multivar_synth_keep","draw_001",1,"2022-05-05","history","0"
"exdqlm_multivar_synth_keep","draw_001",1,"2022-05-06","history","0"
"exdqlm_multivar_synth_keep","draw_001",1,"2022-05-07","history","0.0211254321848069"
"exdqlm_multivar_synth_keep","draw_001",1,"2022-05-08","history","0"
"exdqlm_multivar_synth_keep","draw_001",1,"2022-05-09","history","0"
"exdqlm_multivar_synth_keep","draw_001",1,"2022-05-10","history","0"
"exdqlm_multivar_synth_keep","draw_001",1,"2022-05-11","history","0"
"exdqlm_multivar_synth_keep","draw_002",17,"2022-04-23","history","0.381780803414924"
"exdqlm_multivar_synth_keep","draw_002",17,"2022-04-24","history","0.335135749934435"
"exdqlm_multivar_synth_keep","draw_002",17,"2022-04-25","history","0.338938081784001"
"exdqlm_multivar_synth_keep","draw_002",17,"2022-04-26","history","0.316201991340545"
"exdqlm_multivar_synth_keep","draw_002",17,"2022-04-27","history","0.301129476764278"
"exdqlm_multivar_synth_keep","draw_002",17,"2022-04-28","history","0.338435495770218"
"exdqlm_multivar_synth_keep","draw_002",17,"2022-04-29","history","0.334639584280793"
"exdqlm_multivar_synth_keep","draw_002",17,"2022-04-30","history","0.332509813911017"
"exdqlm_multivar_synth_keep","draw_002",17,"2022-05-01","history","0.326127190772058"
"exdqlm_multivar_synth_keep","draw_002",17,"2022-05-02","history","0.339382202216778"
"exdqlm_multivar_synth_keep","draw_002",17,"2022-05-03","history","0.331174504798504"
"exdqlm_multivar_synth_keep","draw_002",17,"2022-05-04","history","0.334562630403666"
"exdqlm_multivar_synth_keep","draw_002",17,"2022-05-05","history","0.328493791435619"
"exdqlm_multivar_synth_keep","draw_002",17,"2022-05-06","history","0.309083572923412"
"exdqlm_multivar_synth_keep","draw_002",17,"2022-05-07","history","0.358269601997386"
"exdqlm_multivar_synth_keep","draw_002",17,"2022-05-08","history","0.321413226865834"
"exdqlm_multivar_synth_keep","draw_002",17,"2022-05-09","history","0.331468341802970"
"exdqlm_multivar_synth_keep","draw_002",17,"2022-05-10","history","0.315555318129033"
"exdqlm_multivar_synth_keep","draw_002",17,"2022-05-11","history","0.332020476905274"
"exdqlm_multivar_synth_keep","draw_003",32,"2022-04-23","history","0.411173040901727"
"exdqlm_multivar_synth_keep","draw_003",32,"2022-04-24","history","0.376823719856992"
"exdqlm_multivar_synth_keep","draw_003",32,"2022-04-25","history","0.358591138957847"
"exdqlm_multivar_synth_keep","draw_003",32,"2022-04-26","history","0.354741970458659"
"exdqlm_multivar_synth_keep","draw_003",32,"2022-04-27","history","0.333093179611362"
"exdqlm_multivar_synth_keep","draw_003",32,"2022-04-28","history","0.367813435218145"
"exdqlm_multivar_synth_keep","draw_003",32,"2022-04-29","history","0.362064919112176"
"exdqlm_multivar_synth_keep","draw_003",32,"2022-04-30","history","0.360179841326870"
"exdqlm_multivar_synth_keep","draw_003",32,"2022-05-01","history","0.353119330880239"
"exdqlm_multivar_synth_keep","draw_003",32,"2022-05-02","history","0.357043281294211"
"exdqlm_multivar_synth_keep","draw_003",32,"2022-05-03","history","0.354310092778800"
"exdqlm_multivar_synth_keep","draw_003",32,"2022-05-04","history","0.351015333556307"
"exdqlm_multivar_synth_keep","draw_003",32,"2022-05-05","history","0.342458299524499"
"exdqlm_multivar_synth_keep","draw_003",32,"2022-05-06","history","0.354251966043854"
"exdqlm_multivar_synth_keep","draw_003",32,"2022-05-07","history","0.366952651950110"
"exdqlm_multivar_synth_keep","draw_003",32,"2022-05-08","history","0.354181977020126"
"exdqlm_multivar_synth_keep","draw_003",32,"2022-05-09","history","0.357975831264810"
"exdqlm_multivar_synth_keep","draw_003",32,"2022-05-10","history","0.349777637567421"
"exdqlm_multivar_synth_keep","draw_003",32,"2022-05-11","history","0.346682443292874"
"exdqlm_multivar_synth_keep","draw_004",48,"2022-04-23","history","0.426612440183910"
"exdqlm_multivar_synth_keep","draw_004",48,"2022-04-24","history","0.391727005018520"
"exdqlm_multivar_synth_keep","draw_004",48,"2022-04-25","history","0.371051716941521"
"exdqlm_multivar_synth_keep","draw_004",48,"2022-04-26","history","0.368824354191398"
"exdqlm_multivar_synth_keep","draw_004",48,"2022-04-27","history","0.354934400894893"
"exdqlm_multivar_synth_keep","draw_004",48,"2022-04-28","history","0.380889018343447"
"exdqlm_multivar_synth_keep","draw_004",48,"2022-04-29","history","0.374443846592480"
"exdqlm_multivar_synth_keep","draw_004",48,"2022-04-30","history","0.371003855805641"
"exdqlm_multivar_synth_keep","draw_004",48,"2022-05-01","history","0.360971039028700"
"exdqlm_multivar_synth_keep","draw_004",48,"2022-05-02","history","0.367554606629010"
"exdqlm_multivar_synth_keep","draw_004",48,"2022-05-03","history","0.370410084428379"
"exdqlm_multivar_synth_keep","draw_004",48,"2022-05-04","history","0.377814109710809"
"exdqlm_multivar_synth_keep","draw_004",48,"2022-05-05","history","0.366943992199584"
"exdqlm_multivar_synth_keep","draw_004",48,"2022-05-06","history","0.368079867129565"
"exdqlm_multivar_synth_keep","draw_004",48,"2022-05-07","history","0.373318928525092"
"exdqlm_multivar_synth_keep","draw_004",48,"2022-05-08","history","0.372675111050897"
"exdqlm_multivar_synth_keep","draw_004",48,"2022-05-09","history","0.372313795821871"
"exdqlm_multivar_synth_keep","draw_004",48,"2022-05-10","history","0.363299408886297"
"exdqlm_multivar_synth_keep","draw_004",48,"2022-05-11","history","0.357821409675954"
"exdqlm_multivar_synth_keep","draw_005",64,"2022-04-23","history","0.442849877182102"
"exdqlm_multivar_synth_keep","draw_005",64,"2022-04-24","history","0.398252043674086"
"exdqlm_multivar_synth_keep","draw_005",64,"2022-04-25","history","0.381911815884806"
"exdqlm_multivar_synth_keep","draw_005",64,"2022-04-26","history","0.379232005610699"
"exdqlm_multivar_synth_keep","draw_005",64,"2022-04-27","history","0.370105024128698"
"exdqlm_multivar_synth_keep","draw_005",64,"2022-04-28","history","0.389687860320404"
"exdqlm_multivar_synth_keep","draw_005",64,"2022-04-29","history","0.387320635862594"
"exdqlm_multivar_synth_keep","draw_005",64,"2022-04-30","history","0.381404083458641"
"exdqlm_multivar_synth_keep","draw_005",64,"2022-05-01","history","0.372852944306457"
"exdqlm_multivar_synth_keep","draw_005",64,"2022-05-02","history","0.374992379077591"
"exdqlm_multivar_synth_keep","draw_005",64,"2022-05-03","history","0.386631693351041"
"exdqlm_multivar_synth_keep","draw_005",64,"2022-05-04","history","0.383075733472350"
"exdqlm_multivar_synth_keep","draw_005",64,"2022-05-05","history","0.380513667056516"
"exdqlm_multivar_synth_keep","draw_005",64,"2022-05-06","history","0.379667027329522"
"exdqlm_multivar_synth_keep","draw_005",64,"2022-05-07","history","0.379949231682229"
"exdqlm_multivar_synth_keep","draw_005",64,"2022-05-08","history","0.381238881635260"
"exdqlm_multivar_synth_keep","draw_005",64,"2022-05-09","history","0.378508833097398"
"exdqlm_multivar_synth_keep","draw_005",64,"2022-05-10","history","0.371731404553989"
"exdqlm_multivar_synth_keep","draw_005",64,"2022-05-11","history","0.364625570765412"
"exdqlm_multivar_synth_keep","draw_006",80,"2022-04-23","history","0.452403612403695"
"exdqlm_multivar_synth_keep","draw_006",80,"2022-04-24","history","0.405290656965254"
"exdqlm_multivar_synth_keep","draw_006",80,"2022-04-25","history","0.386636442795881"
"exdqlm_multivar_synth_keep","draw_006",80,"2022-04-26","history","0.386046353204548"
"exdqlm_multivar_synth_keep","draw_006",80,"2022-04-27","history","0.379864731058097"
"exdqlm_multivar_synth_keep","draw_006",80,"2022-04-28","history","0.396202742693126"
"exdqlm_multivar_synth_keep","draw_006",80,"2022-04-29","history","0.389244982988491"
"exdqlm_multivar_synth_keep","draw_006",80,"2022-04-30","history","0.390798447627222"
"exdqlm_multivar_synth_keep","draw_006",80,"2022-05-01","history","0.379215261787020"
"exdqlm_multivar_synth_keep","draw_006",80,"2022-05-02","history","0.383920338797711"
"exdqlm_multivar_synth_keep","draw_006",80,"2022-05-03","history","0.393006154006308"
"exdqlm_multivar_synth_keep","draw_006",80,"2022-05-04","history","0.391415889335140"
"exdqlm_multivar_synth_keep","draw_006",80,"2022-05-05","history","0.389687672753252"
"exdqlm_multivar_synth_keep","draw_006",80,"2022-05-06","history","0.389744282326191"
"exdqlm_multivar_synth_keep","draw_006",80,"2022-05-07","history","0.383606164383765"
"exdqlm_multivar_synth_keep","draw_006",80,"2022-05-08","history","0.385205168426411"
"exdqlm_multivar_synth_keep","draw_006",80,"2022-05-09","history","0.388791274061362"
"exdqlm_multivar_synth_keep","draw_006",80,"2022-05-10","history","0.379278459489530"
"exdqlm_multivar_synth_keep","draw_006",80,"2022-05-11","history","0.373856628766359"
"exdqlm_multivar_synth_keep","draw_007",95,"2022-04-23","history","0.456723977657559"
"exdqlm_multivar_synth_keep","draw_007",95,"2022-04-24","history","0.409043821963790"
"exdqlm_multivar_synth_keep","draw_007",95,"2022-04-25","history","0.393038637255873"
"exdqlm_multivar_synth_keep","draw_007",95,"2022-04-26","history","0.396051673555784"
"exdqlm_multivar_synth_keep","draw_007",95,"2022-04-27","history","0.386371126234303"
"exdqlm_multivar_synth_keep","draw_007",95,"2022-04-28","history","0.401216376166052"
"exdqlm_multivar_synth_keep","draw_007",95,"2022-04-29","history","0.394328131392681"
"exdqlm_multivar_synth_keep","draw_007",95,"2022-04-30","history","0.397271256087028"
"exdqlm_multivar_synth_keep","draw_007",95,"2022-05-01","history","0.387793411521569"
"exdqlm_multivar_synth_keep","draw_007",95,"2022-05-02","history","0.387283336483179"
"exdqlm_multivar_synth_keep","draw_007",95,"2022-05-03","history","0.397603244993050"
"exdqlm_multivar_synth_keep","draw_007",95,"2022-05-04","history","0.397206007091242"
"exdqlm_multivar_synth_keep","draw_007",95,"2022-05-05","history","0.396033652778663"
"exdqlm_multivar_synth_keep","draw_007",95,"2022-05-06","history","0.395212399194695"
"exdqlm_multivar_synth_keep","draw_007",95,"2022-05-07","history","0.390269160031837"
"exdqlm_multivar_synth_keep","draw_007",95,"2022-05-08","history","0.389568589836198"
"exdqlm_multivar_synth_keep","draw_007",95,"2022-05-09","history","0.391978979218047"
"exdqlm_multivar_synth_keep","draw_007",95,"2022-05-10","history","0.383137115399693"
"exdqlm_multivar_synth_keep","draw_007",95,"2022-05-11","history","0.384198597123374"
"exdqlm_multivar_synth_keep","draw_008",111,"2022-04-23","history","0.462285283305493"
"exdqlm_multivar_synth_keep","draw_008",111,"2022-04-24","history","0.418975925806674"
"exdqlm_multivar_synth_keep","draw_008",111,"2022-04-25","history","0.399343320701727"
"exdqlm_multivar_synth_keep","draw_008",111,"2022-04-26","history","0.398268067103168"
"exdqlm_multivar_synth_keep","draw_008",111,"2022-04-27","history","0.392287086008251"
"exdqlm_multivar_synth_keep","draw_008",111,"2022-04-28","history","0.403861454720979"
"exdqlm_multivar_synth_keep","draw_008",111,"2022-04-29","history","0.400126034629123"
"exdqlm_multivar_synth_keep","draw_008",111,"2022-04-30","history","0.398815930483755"
"exdqlm_multivar_synth_keep","draw_008",111,"2022-05-01","history","0.395328855394757"
"exdqlm_multivar_synth_keep","draw_008",111,"2022-05-02","history","0.393888522707607"
"exdqlm_multivar_synth_keep","draw_008",111,"2022-05-03","history","0.400150644735735"
"exdqlm_multivar_synth_keep","draw_008",111,"2022-05-04","history","0.399398855429510"
"exdqlm_multivar_synth_keep","draw_008",111,"2022-05-05","history","0.400919942639240"
"exdqlm_multivar_synth_keep","draw_008",111,"2022-05-06","history","0.397767466516991"
"exdqlm_multivar_synth_keep","draw_008",111,"2022-05-07","history","0.396567723668379"
"exdqlm_multivar_synth_keep","draw_008",111,"2022-05-08","history","0.393192103280925"
"exdqlm_multivar_synth_keep","draw_008",111,"2022-05-09","history","0.394174310469596"
"exdqlm_multivar_synth_keep","draw_008",111,"2022-05-10","history","0.389451932575254"
"exdqlm_multivar_synth_keep","draw_008",111,"2022-05-11","history","0.387989960693552"
"exdqlm_multivar_synth_keep","draw_009",127,"2022-04-23","history","0.471453720160866"
"exdqlm_multivar_synth_keep","draw_009",127,"2022-04-24","history","0.425866716709595"
"exdqlm_multivar_synth_keep","draw_009",127,"2022-04-25","history","0.404564080215358"
"exdqlm_multivar_synth_keep","draw_009",127,"2022-04-26","history","0.402097557595255"
"exdqlm_multivar_synth_keep","draw_009",127,"2022-04-27","history","0.397892416476633"
"exdqlm_multivar_synth_keep","draw_009",127,"2022-04-28","history","0.409869161973764"
"exdqlm_multivar_synth_keep","draw_009",127,"2022-04-29","history","0.404491429115220"
"exdqlm_multivar_synth_keep","draw_009",127,"2022-04-30","history","0.400895094045250"
"exdqlm_multivar_synth_keep","draw_009",127,"2022-05-01","history","0.400013584084998"
"exdqlm_multivar_synth_keep","draw_009",127,"2022-05-02","history","0.396907128902614"
"exdqlm_multivar_synth_keep","draw_009",127,"2022-05-03","history","0.402090249054717"
"exdqlm_multivar_synth_keep","draw_009",127,"2022-05-04","history","0.403172621166135"
"exdqlm_multivar_synth_keep","draw_009",127,"2022-05-05","history","0.403592825372963"
"exdqlm_multivar_synth_keep","draw_009",127,"2022-05-06","history","0.400385659429450"
"exdqlm_multivar_synth_keep","draw_009",127,"2022-05-07","history","0.398065729034625"
"exdqlm_multivar_synth_keep","draw_009",127,"2022-05-08","history","0.397227214537336"
"exdqlm_multivar_synth_keep","draw_009",127,"2022-05-09","history","0.396897419107591"
"exdqlm_multivar_synth_keep","draw_009",127,"2022-05-10","history","0.392899141758242"
"exdqlm_multivar_synth_keep","draw_009",127,"2022-05-11","history","0.392288960856777"
"exdqlm_multivar_synth_keep","draw_010",143,"2022-04-23","history","0.478354038181236"
"exdqlm_multivar_synth_keep","draw_010",143,"2022-04-24","history","0.435370193225272"
"exdqlm_multivar_synth_keep","draw_010",143,"2022-04-25","history","0.410861109176437"
"exdqlm_multivar_synth_keep","draw_010",143,"2022-04-26","history","0.405254636301221"
"exdqlm_multivar_synth_keep","draw_010",143,"2022-04-27","history","0.403417701719474"
"exdqlm_multivar_synth_keep","draw_010",143,"2022-04-28","history","0.417630579124007"
"exdqlm_multivar_synth_keep","draw_010",143,"2022-04-29","history","0.409015016635791"
"exdqlm_multivar_synth_keep","draw_010",143,"2022-04-30","history","0.405880740701645"
"exdqlm_multivar_synth_keep","draw_010",143,"2022-05-01","history","0.409346901073856"
"exdqlm_multivar_synth_keep","draw_010",143,"2022-05-02","history","0.401178542223714"
"exdqlm_multivar_synth_keep","draw_010",143,"2022-05-03","history","0.407946754145226"
"exdqlm_multivar_synth_keep","draw_010",143,"2022-05-04","history","0.406798111769238"
"exdqlm_multivar_synth_keep","draw_010",143,"2022-05-05","history","0.405888421004201"
"exdqlm_multivar_synth_keep","draw_010",143,"2022-05-06","history","0.403585002886988"
"exdqlm_multivar_synth_keep","draw_010",143,"2022-05-07","history","0.401160123952578"
"exdqlm_multivar_synth_keep","draw_010",143,"2022-05-08","history","0.404254952083745"
"exdqlm_multivar_synth_keep","draw_010",143,"2022-05-09","history","0.400303589603965"
"exdqlm_multivar_synth_keep","draw_010",143,"2022-05-10","history","0.400399975492447"
"exdqlm_multivar_synth_keep","draw_010",143,"2022-05-11","history","0.397333776557315"
"exdqlm_multivar_synth_keep","draw_011",158,"2022-04-23","history","0.482885193047369"
"exdqlm_multivar_synth_keep","draw_011",158,"2022-04-24","history","0.440393773180399"
"exdqlm_multivar_synth_keep","draw_011",158,"2022-04-25","history","0.418074542077075"
"exdqlm_multivar_synth_keep","draw_011",158,"2022-04-26","history","0.410170746647224"
"exdqlm_multivar_synth_keep","draw_011",158,"2022-04-27","history","0.410864641734371"
"exdqlm_multivar_synth_keep","draw_011",158,"2022-04-28","history","0.422174856145722"
"exdqlm_multivar_synth_keep","draw_011",158,"2022-04-29","history","0.412337518709116"
"exdqlm_multivar_synth_keep","draw_011",158,"2022-04-30","history","0.410522713647661"
"exdqlm_multivar_synth_keep","draw_011",158,"2022-05-01","history","0.413213441228667"
"exdqlm_multivar_synth_keep","draw_011",158,"2022-05-02","history","0.404504511599823"
"exdqlm_multivar_synth_keep","draw_011",158,"2022-05-03","history","0.413156427119276"
"exdqlm_multivar_synth_keep","draw_011",158,"2022-05-04","history","0.410708359662451"
"exdqlm_multivar_synth_keep","draw_011",158,"2022-05-05","history","0.410369688014302"
"exdqlm_multivar_synth_keep","draw_011",158,"2022-05-06","history","0.405444123673551"
"exdqlm_multivar_synth_keep","draw_011",158,"2022-05-07","history","0.403666015782581"
"exdqlm_multivar_synth_keep","draw_011",158,"2022-05-08","history","0.409031387054721"
"exdqlm_multivar_synth_keep","draw_011",158,"2022-05-09","history","0.403978687571232"
"exdqlm_multivar_synth_keep","draw_011",158,"2022-05-10","history","0.403394668907583"
"exdqlm_multivar_synth_keep","draw_011",158,"2022-05-11","history","0.401862745539772"
"exdqlm_multivar_synth_keep","draw_012",174,"2022-04-23","history","0.492387220303287"
"exdqlm_multivar_synth_keep","draw_012",174,"2022-04-24","history","0.449065578465682"
"exdqlm_multivar_synth_keep","draw_012",174,"2022-04-25","history","0.426946269837749"
"exdqlm_multivar_synth_keep","draw_012",174,"2022-04-26","history","0.419117920718217"
"exdqlm_multivar_synth_keep","draw_012",174,"2022-04-27","history","0.413942125782127"
"exdqlm_multivar_synth_keep","draw_012",174,"2022-04-28","history","0.427760425639840"
"exdqlm_multivar_synth_keep","draw_012",174,"2022-04-29","history","0.416770095348213"
"exdqlm_multivar_synth_keep","draw_012",174,"2022-04-30","history","0.413721949502492"
"exdqlm_multivar_synth_keep","draw_012",174,"2022-05-01","history","0.415865146436579"
"exdqlm_multivar_synth_keep","draw_012",174,"2022-05-02","history","0.410429429201261"
"exdqlm_multivar_synth_keep","draw_012",174,"2022-05-03","history","0.417006101009541"
"exdqlm_multivar_synth_keep","draw_012",174,"2022-05-04","history","0.414083441337729"
"exdqlm_multivar_synth_keep","draw_012",174,"2022-05-05","history","0.415177417772799"
"exdqlm_multivar_synth_keep","draw_012",174,"2022-05-06","history","0.408744462389893"
"exdqlm_multivar_synth_keep","draw_012",174,"2022-05-07","history","0.405794265917359"
"exdqlm_multivar_synth_keep","draw_012",174,"2022-05-08","history","0.411553520858792"
"exdqlm_multivar_synth_keep","draw_012",174,"2022-05-09","history","0.407879565835744"
"exdqlm_multivar_synth_keep","draw_012",174,"2022-05-10","history","0.406660695661801"
"exdqlm_multivar_synth_keep","draw_012",174,"2022-05-11","history","0.405321746481328"
"exdqlm_multivar_synth_keep","draw_013",190,"2022-04-23","history","0.498706747781176"
"exdqlm_multivar_synth_keep","draw_013",190,"2022-04-24","history","0.456466679810031"
"exdqlm_multivar_synth_keep","draw_013",190,"2022-04-25","history","0.434603003804484"
"exdqlm_multivar_synth_keep","draw_013",190,"2022-04-26","history","0.427392919921462"
"exdqlm_multivar_synth_keep","draw_013",190,"2022-04-27","history","0.424536372770702"
"exdqlm_multivar_synth_keep","draw_013",190,"2022-04-28","history","0.431665587498010"
"exdqlm_multivar_synth_keep","draw_013",190,"2022-04-29","history","0.420630085052800"
"exdqlm_multivar_synth_keep","draw_013",190,"2022-04-30","history","0.418288145528100"
"exdqlm_multivar_synth_keep","draw_013",190,"2022-05-01","history","0.421552306231444"
"exdqlm_multivar_synth_keep","draw_013",190,"2022-05-02","history","0.414382884241999"
"exdqlm_multivar_synth_keep","draw_013",190,"2022-05-03","history","0.424363009270593"
"exdqlm_multivar_synth_keep","draw_013",190,"2022-05-04","history","0.419606067868178"
"exdqlm_multivar_synth_keep","draw_013",190,"2022-05-05","history","0.418648220189521"
"exdqlm_multivar_synth_keep","draw_013",190,"2022-05-06","history","0.412069344965372"
"exdqlm_multivar_synth_keep","draw_013",190,"2022-05-07","history","0.408640907695151"
"exdqlm_multivar_synth_keep","draw_013",190,"2022-05-08","history","0.415081156780023"
"exdqlm_multivar_synth_keep","draw_013",190,"2022-05-09","history","0.411474968878229"
"exdqlm_multivar_synth_keep","draw_013",190,"2022-05-10","history","0.409341376472969"
"exdqlm_multivar_synth_keep","draw_013",190,"2022-05-11","history","0.409816786442173"
"exdqlm_multivar_synth_keep","draw_014",206,"2022-04-23","history","0.507882239120239"
"exdqlm_multivar_synth_keep","draw_014",206,"2022-04-24","history","0.462292825085794"
"exdqlm_multivar_synth_keep","draw_014",206,"2022-04-25","history","0.441253366069473"
"exdqlm_multivar_synth_keep","draw_014",206,"2022-04-26","history","0.433338329898077"
"exdqlm_multivar_synth_keep","draw_014",206,"2022-04-27","history","0.432589266635482"
"exdqlm_multivar_synth_keep","draw_014",206,"2022-04-28","history","0.438050195516976"
"exdqlm_multivar_synth_keep","draw_014",206,"2022-04-29","history","0.428748568042192"
"exdqlm_multivar_synth_keep","draw_014",206,"2022-04-30","history","0.424259838966242"
"exdqlm_multivar_synth_keep","draw_014",206,"2022-05-01","history","0.429088803785728"
"exdqlm_multivar_synth_keep","draw_014",206,"2022-05-02","history","0.418606020117704"
"exdqlm_multivar_synth_keep","draw_014",206,"2022-05-03","history","0.429823150487459"
"exdqlm_multivar_synth_keep","draw_014",206,"2022-05-04","history","0.424229177734243"
"exdqlm_multivar_synth_keep","draw_014",206,"2022-05-05","history","0.426254310784369"
"exdqlm_multivar_synth_keep","draw_014",206,"2022-05-06","history","0.418110526594462"
"exdqlm_multivar_synth_keep","draw_014",206,"2022-05-07","history","0.413729959633987"
"exdqlm_multivar_synth_keep","draw_014",206,"2022-05-08","history","0.417963651489913"
"exdqlm_multivar_synth_keep","draw_014",206,"2022-05-09","history","0.415463315039496"
"exdqlm_multivar_synth_keep","draw_014",206,"2022-05-10","history","0.412936924227831"
"exdqlm_multivar_synth_keep","draw_014",206,"2022-05-11","history","0.413594127362945"
"exdqlm_multivar_synth_keep","draw_015",221,"2022-04-23","history","0.516647325159990"
"exdqlm_multivar_synth_keep","draw_015",221,"2022-04-24","history","0.470091232731773"
"exdqlm_multivar_synth_keep","draw_015",221,"2022-04-25","history","0.450568973530649"
"exdqlm_multivar_synth_keep","draw_015",221,"2022-04-26","history","0.437496251564384"
"exdqlm_multivar_synth_keep","draw_015",221,"2022-04-27","history","0.436689324218531"
"exdqlm_multivar_synth_keep","draw_015",221,"2022-04-28","history","0.443444555618558"
"exdqlm_multivar_synth_keep","draw_015",221,"2022-04-29","history","0.435577629464918"
"exdqlm_multivar_synth_keep","draw_015",221,"2022-04-30","history","0.429044750963837"
"exdqlm_multivar_synth_keep","draw_015",221,"2022-05-01","history","0.434890150377215"
"exdqlm_multivar_synth_keep","draw_015",221,"2022-05-02","history","0.421986962775089"
"exdqlm_multivar_synth_keep","draw_015",221,"2022-05-03","history","0.434299606982050"
"exdqlm_multivar_synth_keep","draw_015",221,"2022-05-04","history","0.429922576818323"
"exdqlm_multivar_synth_keep","draw_015",221,"2022-05-05","history","0.429043418249842"
"exdqlm_multivar_synth_keep","draw_015",221,"2022-05-06","history","0.423349900823515"
"exdqlm_multivar_synth_keep","draw_015",221,"2022-05-07","history","0.416488128192132"
"exdqlm_multivar_synth_keep","draw_015",221,"2022-05-08","history","0.423914927218313"
"exdqlm_multivar_synth_keep","draw_015",221,"2022-05-09","history","0.421685800225669"
"exdqlm_multivar_synth_keep","draw_015",221,"2022-05-10","history","0.415942432034257"
"exdqlm_multivar_synth_keep","draw_015",221,"2022-05-11","history","0.416791768161377"
"exdqlm_multivar_synth_keep","draw_016",237,"2022-04-23","history","0.527123865002064"
"exdqlm_multivar_synth_keep","draw_016",237,"2022-04-24","history","0.478601382995679"
"exdqlm_multivar_synth_keep","draw_016",237,"2022-04-25","history","0.453893969029466"
"exdqlm_multivar_synth_keep","draw_016",237,"2022-04-26","history","0.443881488899518"
"exdqlm_multivar_synth_keep","draw_016",237,"2022-04-27","history","0.445273937902366"
"exdqlm_multivar_synth_keep","draw_016",237,"2022-04-28","history","0.453148060354682"
"exdqlm_multivar_synth_keep","draw_016",237,"2022-04-29","history","0.443117866657603"
"exdqlm_multivar_synth_keep","draw_016",237,"2022-04-30","history","0.435498312163115"
"exdqlm_multivar_synth_keep","draw_016",237,"2022-05-01","history","0.438488665671255"
"exdqlm_multivar_synth_keep","draw_016",237,"2022-05-02","history","0.429003090761663"
"exdqlm_multivar_synth_keep","draw_016",237,"2022-05-03","history","0.438529090385424"
"exdqlm_multivar_synth_keep","draw_016",237,"2022-05-04","history","0.434592215423675"
"exdqlm_multivar_synth_keep","draw_016",237,"2022-05-05","history","0.433748967678067"
"exdqlm_multivar_synth_keep","draw_016",237,"2022-05-06","history","0.432923173622984"
"exdqlm_multivar_synth_keep","draw_016",237,"2022-05-07","history","0.419750701898043"
"exdqlm_multivar_synth_keep","draw_016",237,"2022-05-08","history","0.426903369897116"
"exdqlm_multivar_synth_keep","draw_016",237,"2022-05-09","history","0.424918946971386"
"exdqlm_multivar_synth_keep","draw_016",237,"2022-05-10","history","0.422897258839709"
"exdqlm_multivar_synth_keep","draw_016",237,"2022-05-11","history","0.420634885724701"
"exdqlm_multivar_synth_keep","draw_017",253,"2022-04-23","history","0.537430319029549"
"exdqlm_multivar_synth_keep","draw_017",253,"2022-04-24","history","0.483198676280313"
"exdqlm_multivar_synth_keep","draw_017",253,"2022-04-25","history","0.461846680823122"
"exdqlm_multivar_synth_keep","draw_017",253,"2022-04-26","history","0.451506092226736"
"exdqlm_multivar_synth_keep","draw_017",253,"2022-04-27","history","0.453767454582907"
"exdqlm_multivar_synth_keep","draw_017",253,"2022-04-28","history","0.457641299085456"
"exdqlm_multivar_synth_keep","draw_017",253,"2022-04-29","history","0.447726967183900"
"exdqlm_multivar_synth_keep","draw_017",253,"2022-04-30","history","0.440871837511748"
"exdqlm_multivar_synth_keep","draw_017",253,"2022-05-01","history","0.444143885415113"
"exdqlm_multivar_synth_keep","draw_017",253,"2022-05-02","history","0.433436710609486"
"exdqlm_multivar_synth_keep","draw_017",253,"2022-05-03","history","0.443288006783623"
"exdqlm_multivar_synth_keep","draw_017",253,"2022-05-04","history","0.437969853018037"
"exdqlm_multivar_synth_keep","draw_017",253,"2022-05-05","history","0.438181149207122"
"exdqlm_multivar_synth_keep","draw_017",253,"2022-05-06","history","0.436727580668964"
"exdqlm_multivar_synth_keep","draw_017",253,"2022-05-07","history","0.424547066485658"
"exdqlm_multivar_synth_keep","draw_017",253,"2022-05-08","history","0.429262324573759"
"exdqlm_multivar_synth_keep","draw_017",253,"2022-05-09","history","0.431851424788016"
"exdqlm_multivar_synth_keep","draw_017",253,"2022-05-10","history","0.428309498922457"
"exdqlm_multivar_synth_keep","draw_017",253,"2022-05-11","history","0.424227305103455"
"exdqlm_multivar_synth_keep","draw_018",269,"2022-04-23","history","0.545046513067675"
"exdqlm_multivar_synth_keep","draw_018",269,"2022-04-24","history","0.488939108848507"
"exdqlm_multivar_synth_keep","draw_018",269,"2022-04-25","history","0.468363317190648"
"exdqlm_multivar_synth_keep","draw_018",269,"2022-04-26","history","0.455734032391644"
"exdqlm_multivar_synth_keep","draw_018",269,"2022-04-27","history","0.460677709660520"
"exdqlm_multivar_synth_keep","draw_018",269,"2022-04-28","history","0.463636722088491"
"exdqlm_multivar_synth_keep","draw_018",269,"2022-04-29","history","0.454404268885178"
"exdqlm_multivar_synth_keep","draw_018",269,"2022-04-30","history","0.448387334248088"
"exdqlm_multivar_synth_keep","draw_018",269,"2022-05-01","history","0.449511758226968"
"exdqlm_multivar_synth_keep","draw_018",269,"2022-05-02","history","0.437981836893360"
"exdqlm_multivar_synth_keep","draw_018",269,"2022-05-03","history","0.446422849209071"
"exdqlm_multivar_synth_keep","draw_018",269,"2022-05-04","history","0.442386368755392"
"exdqlm_multivar_synth_keep","draw_018",269,"2022-05-05","history","0.440718499938194"
"exdqlm_multivar_synth_keep","draw_018",269,"2022-05-06","history","0.439401566261377"
"exdqlm_multivar_synth_keep","draw_018",269,"2022-05-07","history","0.428357551768437"
"exdqlm_multivar_synth_keep","draw_018",269,"2022-05-08","history","0.432998926684156"
"exdqlm_multivar_synth_keep","draw_018",269,"2022-05-09","history","0.438860016642988"
"exdqlm_multivar_synth_keep","draw_018",269,"2022-05-10","history","0.431317505646934"
"exdqlm_multivar_synth_keep","draw_018",269,"2022-05-11","history","0.428701395631834"
"exdqlm_multivar_synth_keep","draw_019",284,"2022-04-23","history","0.553278797499343"
"exdqlm_multivar_synth_keep","draw_019",284,"2022-04-24","history","0.495046298685205"
"exdqlm_multivar_synth_keep","draw_019",284,"2022-04-25","history","0.477657574178753"
"exdqlm_multivar_synth_keep","draw_019",284,"2022-04-26","history","0.462751255317106"
"exdqlm_multivar_synth_keep","draw_019",284,"2022-04-27","history","0.467746869336647"
"exdqlm_multivar_synth_keep","draw_019",284,"2022-04-28","history","0.466938383140238"
"exdqlm_multivar_synth_keep","draw_019",284,"2022-04-29","history","0.458061849468653"
"exdqlm_multivar_synth_keep","draw_019",284,"2022-04-30","history","0.453081519373461"
"exdqlm_multivar_synth_keep","draw_019",284,"2022-05-01","history","0.455858902085768"
"exdqlm_multivar_synth_keep","draw_019",284,"2022-05-02","history","0.442541846317824"
"exdqlm_multivar_synth_keep","draw_019",284,"2022-05-03","history","0.448306235906357"
"exdqlm_multivar_synth_keep","draw_019",284,"2022-05-04","history","0.447462860213467"
"exdqlm_multivar_synth_keep","draw_019",284,"2022-05-05","history","0.445245869463431"
"exdqlm_multivar_synth_keep","draw_019",284,"2022-05-06","history","0.444442548385970"
"exdqlm_multivar_synth_keep","draw_019",284,"2022-05-07","history","0.431817497790782"
"exdqlm_multivar_synth_keep","draw_019",284,"2022-05-08","history","0.436750034665271"
"exdqlm_multivar_synth_keep","draw_019",284,"2022-05-09","history","0.444534400064791"
"exdqlm_multivar_synth_keep","draw_019",284,"2022-05-10","history","0.433618189822247"
"exdqlm_multivar_synth_keep","draw_019",284,"2022-05-11","history","0.431591138799709"
"exdqlm_multivar_synth_keep","draw_020",300,"2022-04-23","history","0.559840064326932"
"exdqlm_multivar_synth_keep","draw_020",300,"2022-04-24","history","0.507588063695528"
"exdqlm_multivar_synth_keep","draw_020",300,"2022-04-25","history","0.484229023025351"
"exdqlm_multivar_synth_keep","draw_020",300,"2022-04-26","history","0.469634592400314"
"exdqlm_multivar_synth_keep","draw_020",300,"2022-04-27","history","0.474099500454544"
"exdqlm_multivar_synth_keep","draw_020",300,"2022-04-28","history","0.475846447913348"
"exdqlm_multivar_synth_keep","draw_020",300,"2022-04-29","history","0.464158488494913"
"exdqlm_multivar_synth_keep","draw_020",300,"2022-04-30","history","0.460060290963109"
"exdqlm_multivar_synth_keep","draw_020",300,"2022-05-01","history","0.466209882504903"
"exdqlm_multivar_synth_keep","draw_020",300,"2022-05-02","history","0.449103731532466"
"exdqlm_multivar_synth_keep","draw_020",300,"2022-05-03","history","0.453574518994100"
"exdqlm_multivar_synth_keep","draw_020",300,"2022-05-04","history","0.452442492605138"
"exdqlm_multivar_synth_keep","draw_020",300,"2022-05-05","history","0.449182072805879"
"exdqlm_multivar_synth_keep","draw_020",300,"2022-05-06","history","0.448812638471484"
"exdqlm_multivar_synth_keep","draw_020",300,"2022-05-07","history","0.435310945256461"
"exdqlm_multivar_synth_keep","draw_020",300,"2022-05-08","history","0.439214903494885"
"exdqlm_multivar_synth_keep","draw_020",300,"2022-05-09","history","0.449905254483300"
"exdqlm_multivar_synth_keep","draw_020",300,"2022-05-10","history","0.438513531078770"
"exdqlm_multivar_synth_keep","draw_020",300,"2022-05-11","history","0.434841128418638"
"exdqlm_multivar_synth_keep","draw_021",316,"2022-04-23","history","0.567873737204450"
"exdqlm_multivar_synth_keep","draw_021",316,"2022-04-24","history","0.514274784828132"
"exdqlm_multivar_synth_keep","draw_021",316,"2022-04-25","history","0.489792642981650"
"exdqlm_multivar_synth_keep","draw_021",316,"2022-04-26","history","0.476546176127492"
"exdqlm_multivar_synth_keep","draw_021",316,"2022-04-27","history","0.478344206108672"
"exdqlm_multivar_synth_keep","draw_021",316,"2022-04-28","history","0.479934563803279"
"exdqlm_multivar_synth_keep","draw_021",316,"2022-04-29","history","0.469405081160863"
"exdqlm_multivar_synth_keep","draw_021",316,"2022-04-30","history","0.465103965371436"
"exdqlm_multivar_synth_keep","draw_021",316,"2022-05-01","history","0.472316761150663"
"exdqlm_multivar_synth_keep","draw_021",316,"2022-05-02","history","0.458062303424863"
"exdqlm_multivar_synth_keep","draw_021",316,"2022-05-03","history","0.456487143949367"
"exdqlm_multivar_synth_keep","draw_021",316,"2022-05-04","history","0.458327833638262"
"exdqlm_multivar_synth_keep","draw_021",316,"2022-05-05","history","0.452127276136227"
"exdqlm_multivar_synth_keep","draw_021",316,"2022-05-06","history","0.455068784809062"
"exdqlm_multivar_synth_keep","draw_021",316,"2022-05-07","history","0.439298209361201"
"exdqlm_multivar_synth_keep","draw_021",316,"2022-05-08","history","0.444608732018712"
"exdqlm_multivar_synth_keep","draw_021",316,"2022-05-09","history","0.454781771668678"
"exdqlm_multivar_synth_keep","draw_021",316,"2022-05-10","history","0.442672853659735"
"exdqlm_multivar_synth_keep","draw_021",316,"2022-05-11","history","0.439245683963265"
"exdqlm_multivar_synth_keep","draw_022",332,"2022-04-23","history","0.575571032208149"
"exdqlm_multivar_synth_keep","draw_022",332,"2022-04-24","history","0.520306258898865"
"exdqlm_multivar_synth_keep","draw_022",332,"2022-04-25","history","0.495909998598546"
"exdqlm_multivar_synth_keep","draw_022",332,"2022-04-26","history","0.484856315698029"
"exdqlm_multivar_synth_keep","draw_022",332,"2022-04-27","history","0.481886725146250"
"exdqlm_multivar_synth_keep","draw_022",332,"2022-04-28","history","0.485056994619703"
"exdqlm_multivar_synth_keep","draw_022",332,"2022-04-29","history","0.474079607446102"
"exdqlm_multivar_synth_keep","draw_022",332,"2022-04-30","history","0.471559140377129"
"exdqlm_multivar_synth_keep","draw_022",332,"2022-05-01","history","0.477516168824844"
"exdqlm_multivar_synth_keep","draw_022",332,"2022-05-02","history","0.466881025529184"
"exdqlm_multivar_synth_keep","draw_022",332,"2022-05-03","history","0.463898342307021"
"exdqlm_multivar_synth_keep","draw_022",332,"2022-05-04","history","0.461306250019106"
"exdqlm_multivar_synth_keep","draw_022",332,"2022-05-05","history","0.454749540531027"
"exdqlm_multivar_synth_keep","draw_022",332,"2022-05-06","history","0.459694121274508"
"exdqlm_multivar_synth_keep","draw_022",332,"2022-05-07","history","0.444732974933272"
"exdqlm_multivar_synth_keep","draw_022",332,"2022-05-08","history","0.447185031751881"
"exdqlm_multivar_synth_keep","draw_022",332,"2022-05-09","history","0.460265802810241"
"exdqlm_multivar_synth_keep","draw_022",332,"2022-05-10","history","0.446148242266356"
"exdqlm_multivar_synth_keep","draw_022",332,"2022-05-11","history","0.442317210538193"
"exdqlm_multivar_synth_keep","draw_023",347,"2022-04-23","history","0.583349631294468"
"exdqlm_multivar_synth_keep","draw_023",347,"2022-04-24","history","0.527739058945174"
"exdqlm_multivar_synth_keep","draw_023",347,"2022-04-25","history","0.501673453023700"
"exdqlm_multivar_synth_keep","draw_023",347,"2022-04-26","history","0.492035165668795"
"exdqlm_multivar_synth_keep","draw_023",347,"2022-04-27","history","0.487784001277563"
"exdqlm_multivar_synth_keep","draw_023",347,"2022-04-28","history","0.489173744516117"
"exdqlm_multivar_synth_keep","draw_023",347,"2022-04-29","history","0.477985208410682"
"exdqlm_multivar_synth_keep","draw_023",347,"2022-04-30","history","0.475138427464638"
"exdqlm_multivar_synth_keep","draw_023",347,"2022-05-01","history","0.485180513875516"
"exdqlm_multivar_synth_keep","draw_023",347,"2022-05-02","history","0.470823777172846"
"exdqlm_multivar_synth_keep","draw_023",347,"2022-05-03","history","0.466851242438994"
"exdqlm_multivar_synth_keep","draw_023",347,"2022-05-04","history","0.466951156049128"
"exdqlm_multivar_synth_keep","draw_023",347,"2022-05-05","history","0.457454045581014"
"exdqlm_multivar_synth_keep","draw_023",347,"2022-05-06","history","0.464671611203026"
"exdqlm_multivar_synth_keep","draw_023",347,"2022-05-07","history","0.448193668136979"
"exdqlm_multivar_synth_keep","draw_023",347,"2022-05-08","history","0.451254755793935"
"exdqlm_multivar_synth_keep","draw_023",347,"2022-05-09","history","0.462609087000003"
"exdqlm_multivar_synth_keep","draw_023",347,"2022-05-10","history","0.448220239047558"
"exdqlm_multivar_synth_keep","draw_023",347,"2022-05-11","history","0.448500204069810"
"exdqlm_multivar_synth_keep","draw_024",363,"2022-04-23","history","0.590663913641216"
"exdqlm_multivar_synth_keep","draw_024",363,"2022-04-24","history","0.534859308690783"
"exdqlm_multivar_synth_keep","draw_024",363,"2022-04-25","history","0.508469404296885"
"exdqlm_multivar_synth_keep","draw_024",363,"2022-04-26","history","0.498415044983406"
"exdqlm_multivar_synth_keep","draw_024",363,"2022-04-27","history","0.496589242871353"
"exdqlm_multivar_synth_keep","draw_024",363,"2022-04-28","history","0.494838014869442"
"exdqlm_multivar_synth_keep","draw_024",363,"2022-04-29","history","0.482907242053949"
"exdqlm_multivar_synth_keep","draw_024",363,"2022-04-30","history","0.481675112490997"
"exdqlm_multivar_synth_keep","draw_024",363,"2022-05-01","history","0.487623578974985"
"exdqlm_multivar_synth_keep","draw_024",363,"2022-05-02","history","0.474368931366393"
"exdqlm_multivar_synth_keep","draw_024",363,"2022-05-03","history","0.471147572493215"
"exdqlm_multivar_synth_keep","draw_024",363,"2022-05-04","history","0.471629943896280"
"exdqlm_multivar_synth_keep","draw_024",363,"2022-05-05","history","0.460732129107810"
"exdqlm_multivar_synth_keep","draw_024",363,"2022-05-06","history","0.467802678910812"
"exdqlm_multivar_synth_keep","draw_024",363,"2022-05-07","history","0.453889924175699"
"exdqlm_multivar_synth_keep","draw_024",363,"2022-05-08","history","0.455148705003228"
"exdqlm_multivar_synth_keep","draw_024",363,"2022-05-09","history","0.466585262284493"
"exdqlm_multivar_synth_keep","draw_024",363,"2022-05-10","history","0.453199723015110"
"exdqlm_multivar_synth_keep","draw_024",363,"2022-05-11","history","0.452710205943357"
"exdqlm_multivar_synth_keep","draw_025",379,"2022-04-23","history","0.598584738789059"
"exdqlm_multivar_synth_keep","draw_025",379,"2022-04-24","history","0.539301329847753"
"exdqlm_multivar_synth_keep","draw_025",379,"2022-04-25","history","0.512640545899911"
"exdqlm_multivar_synth_keep","draw_025",379,"2022-04-26","history","0.507158057441166"
"exdqlm_multivar_synth_keep","draw_025",379,"2022-04-27","history","0.503961039793976"
"exdqlm_multivar_synth_keep","draw_025",379,"2022-04-28","history","0.496725782050441"
"exdqlm_multivar_synth_keep","draw_025",379,"2022-04-29","history","0.487979689088486"
"exdqlm_multivar_synth_keep","draw_025",379,"2022-04-30","history","0.487569897661772"
"exdqlm_multivar_synth_keep","draw_025",379,"2022-05-01","history","0.490973609059491"
"exdqlm_multivar_synth_keep","draw_025",379,"2022-05-02","history","0.480844936961815"
"exdqlm_multivar_synth_keep","draw_025",379,"2022-05-03","history","0.475835917027601"
"exdqlm_multivar_synth_keep","draw_025",379,"2022-05-04","history","0.476100568760174"
"exdqlm_multivar_synth_keep","draw_025",379,"2022-05-05","history","0.463368651893889"
"exdqlm_multivar_synth_keep","draw_025",379,"2022-05-06","history","0.469802026588213"
"exdqlm_multivar_synth_keep","draw_025",379,"2022-05-07","history","0.459173582356647"
"exdqlm_multivar_synth_keep","draw_025",379,"2022-05-08","history","0.460293097065927"
"exdqlm_multivar_synth_keep","draw_025",379,"2022-05-09","history","0.470791775851879"
"exdqlm_multivar_synth_keep","draw_025",379,"2022-05-10","history","0.455886669949688"
"exdqlm_multivar_synth_keep","draw_025",379,"2022-05-11","history","0.454908367058216"
"exdqlm_multivar_synth_keep","draw_026",395,"2022-04-23","history","0.601620777666553"
"exdqlm_multivar_synth_keep","draw_026",395,"2022-04-24","history","0.544055843149859"
"exdqlm_multivar_synth_keep","draw_026",395,"2022-04-25","history","0.519594064158697"
"exdqlm_multivar_synth_keep","draw_026",395,"2022-04-26","history","0.514531448579611"
"exdqlm_multivar_synth_keep","draw_026",395,"2022-04-27","history","0.507608198924989"
"exdqlm_multivar_synth_keep","draw_026",395,"2022-04-28","history","0.498707694408686"
"exdqlm_multivar_synth_keep","draw_026",395,"2022-04-29","history","0.494546260538136"
"exdqlm_multivar_synth_keep","draw_026",395,"2022-04-30","history","0.491966836779547"
"exdqlm_multivar_synth_keep","draw_026",395,"2022-05-01","history","0.491364311807361"
"exdqlm_multivar_synth_keep","draw_026",395,"2022-05-02","history","0.484374216681794"
"exdqlm_multivar_synth_keep","draw_026",395,"2022-05-03","history","0.479942539570055"
"exdqlm_multivar_synth_keep","draw_026",395,"2022-05-04","history","0.479766488922563"
"exdqlm_multivar_synth_keep","draw_026",395,"2022-05-05","history","0.468412185205575"
"exdqlm_multivar_synth_keep","draw_026",395,"2022-05-06","history","0.472590810758485"
"exdqlm_multivar_synth_keep","draw_026",395,"2022-05-07","history","0.461673871332905"
"exdqlm_multivar_synth_keep","draw_026",395,"2022-05-08","history","0.464616175375277"
"exdqlm_multivar_synth_keep","draw_026",395,"2022-05-09","history","0.470925810757885"
"exdqlm_multivar_synth_keep","draw_026",395,"2022-05-10","history","0.457341796138431"
"exdqlm_multivar_synth_keep","draw_026",395,"2022-05-11","history","0.457921625091946"
"exdqlm_multivar_synth_keep","draw_027",410,"2022-04-23","history","0.603725224615700"
"exdqlm_multivar_synth_keep","draw_027",410,"2022-04-24","history","0.548700403014422"
"exdqlm_multivar_synth_keep","draw_027",410,"2022-04-25","history","0.523834637363654"
"exdqlm_multivar_synth_keep","draw_027",410,"2022-04-26","history","0.517325763413520"
"exdqlm_multivar_synth_keep","draw_027",410,"2022-04-27","history","0.509265303625682"
"exdqlm_multivar_synth_keep","draw_027",410,"2022-04-28","history","0.502831748941170"
"exdqlm_multivar_synth_keep","draw_027",410,"2022-04-29","history","0.496652336428917"
"exdqlm_multivar_synth_keep","draw_027",410,"2022-04-30","history","0.496081804510310"
"exdqlm_multivar_synth_keep","draw_027",410,"2022-05-01","history","0.492268532336028"
"exdqlm_multivar_synth_keep","draw_027",410,"2022-05-02","history","0.486164179733162"
"exdqlm_multivar_synth_keep","draw_027",410,"2022-05-03","history","0.481415731987406"
"exdqlm_multivar_synth_keep","draw_027",410,"2022-05-04","history","0.481096976157960"
"exdqlm_multivar_synth_keep","draw_027",410,"2022-05-05","history","0.472369417795925"
"exdqlm_multivar_synth_keep","draw_027",410,"2022-05-06","history","0.475331290188519"
"exdqlm_multivar_synth_keep","draw_027",410,"2022-05-07","history","0.467764853479025"
"exdqlm_multivar_synth_keep","draw_027",410,"2022-05-08","history","0.466706096528055"
"exdqlm_multivar_synth_keep","draw_027",410,"2022-05-09","history","0.472641950031476"
"exdqlm_multivar_synth_keep","draw_027",410,"2022-05-10","history","0.459154110031192"
"exdqlm_multivar_synth_keep","draw_027",410,"2022-05-11","history","0.460218726048083"
"exdqlm_multivar_synth_keep","draw_028",426,"2022-04-23","history","0.606604220273169"
"exdqlm_multivar_synth_keep","draw_028",426,"2022-04-24","history","0.550945864052814"
"exdqlm_multivar_synth_keep","draw_028",426,"2022-04-25","history","0.526622399089491"
"exdqlm_multivar_synth_keep","draw_028",426,"2022-04-26","history","0.518803810654065"
"exdqlm_multivar_synth_keep","draw_028",426,"2022-04-27","history","0.511533086755397"
"exdqlm_multivar_synth_keep","draw_028",426,"2022-04-28","history","0.506277281825649"
"exdqlm_multivar_synth_keep","draw_028",426,"2022-04-29","history","0.499885233553837"
"exdqlm_multivar_synth_keep","draw_028",426,"2022-04-30","history","0.496883223838320"
"exdqlm_multivar_synth_keep","draw_028",426,"2022-05-01","history","0.493731043501026"
"exdqlm_multivar_synth_keep","draw_028",426,"2022-05-02","history","0.489727131772138"
"exdqlm_multivar_synth_keep","draw_028",426,"2022-05-03","history","0.482106553644716"
"exdqlm_multivar_synth_keep","draw_028",426,"2022-05-04","history","0.481910722188864"
"exdqlm_multivar_synth_keep","draw_028",426,"2022-05-05","history","0.473985633087777"
"exdqlm_multivar_synth_keep","draw_028",426,"2022-05-06","history","0.475781553184703"
"exdqlm_multivar_synth_keep","draw_028",426,"2022-05-07","history","0.470718119508994"
"exdqlm_multivar_synth_keep","draw_028",426,"2022-05-08","history","0.468085693965558"
"exdqlm_multivar_synth_keep","draw_028",426,"2022-05-09","history","0.473602317766323"
"exdqlm_multivar_synth_keep","draw_028",426,"2022-05-10","history","0.461539994987014"
"exdqlm_multivar_synth_keep","draw_028",426,"2022-05-11","history","0.463191990109358"
"exdqlm_multivar_synth_keep","draw_029",442,"2022-04-23","history","0.609037877041179"
"exdqlm_multivar_synth_keep","draw_029",442,"2022-04-24","history","0.554575678045173"
"exdqlm_multivar_synth_keep","draw_029",442,"2022-04-25","history","0.527774189482047"
"exdqlm_multivar_synth_keep","draw_029",442,"2022-04-26","history","0.524114616977753"
"exdqlm_multivar_synth_keep","draw_029",442,"2022-04-27","history","0.513237365857040"
"exdqlm_multivar_synth_keep","draw_029",442,"2022-04-28","history","0.509501376646712"
"exdqlm_multivar_synth_keep","draw_029",442,"2022-04-29","history","0.501874592268966"
"exdqlm_multivar_synth_keep","draw_029",442,"2022-04-30","history","0.498180415543879"
"exdqlm_multivar_synth_keep","draw_029",442,"2022-05-01","history","0.496823936735666"
"exdqlm_multivar_synth_keep","draw_029",442,"2022-05-02","history","0.491048113444876"
"exdqlm_multivar_synth_keep","draw_029",442,"2022-05-03","history","0.483478784786052"
"exdqlm_multivar_synth_keep","draw_029",442,"2022-05-04","history","0.483156186086981"
"exdqlm_multivar_synth_keep","draw_029",442,"2022-05-05","history","0.474585800285115"
"exdqlm_multivar_synth_keep","draw_029",442,"2022-05-06","history","0.475948189427430"
"exdqlm_multivar_synth_keep","draw_029",442,"2022-05-07","history","0.472736067566768"
"exdqlm_multivar_synth_keep","draw_029",442,"2022-05-08","history","0.469136348006435"
"exdqlm_multivar_synth_keep","draw_029",442,"2022-05-09","history","0.473782211295061"
"exdqlm_multivar_synth_keep","draw_029",442,"2022-05-10","history","0.464073704579616"
"exdqlm_multivar_synth_keep","draw_029",442,"2022-05-11","history","0.465971540821086"
"exdqlm_multivar_synth_keep","draw_030",457,"2022-04-23","history","0.611810376041874"
"exdqlm_multivar_synth_keep","draw_030",457,"2022-04-24","history","0.556224445361423"
"exdqlm_multivar_synth_keep","draw_030",457,"2022-04-25","history","0.531854230742224"
"exdqlm_multivar_synth_keep","draw_030",457,"2022-04-26","history","0.525009599937408"
"exdqlm_multivar_synth_keep","draw_030",457,"2022-04-27","history","0.515381040904146"
"exdqlm_multivar_synth_keep","draw_030",457,"2022-04-28","history","0.512541652179653"
"exdqlm_multivar_synth_keep","draw_030",457,"2022-04-29","history","0.504807510547374"
"exdqlm_multivar_synth_keep","draw_030",457,"2022-04-30","history","0.501962677061137"
"exdqlm_multivar_synth_keep","draw_030",457,"2022-05-01","history","0.499253978667582"
"exdqlm_multivar_synth_keep","draw_030",457,"2022-05-02","history","0.491988585625117"
"exdqlm_multivar_synth_keep","draw_030",457,"2022-05-03","history","0.484965960368688"
"exdqlm_multivar_synth_keep","draw_030",457,"2022-05-04","history","0.485080484692003"
"exdqlm_multivar_synth_keep","draw_030",457,"2022-05-05","history","0.478192645098124"
"exdqlm_multivar_synth_keep","draw_030",457,"2022-05-06","history","0.476686044715059"
"exdqlm_multivar_synth_keep","draw_030",457,"2022-05-07","history","0.474658056839295"
"exdqlm_multivar_synth_keep","draw_030",457,"2022-05-08","history","0.470592562618827"
"exdqlm_multivar_synth_keep","draw_030",457,"2022-05-09","history","0.474778746082165"
"exdqlm_multivar_synth_keep","draw_030",457,"2022-05-10","history","0.465144657157984"
"exdqlm_multivar_synth_keep","draw_030",457,"2022-05-11","history","0.468615383663910"
"exdqlm_multivar_synth_keep","draw_031",473,"2022-04-23","history","0.614894602614353"
"exdqlm_multivar_synth_keep","draw_031",473,"2022-04-24","history","0.557871321470593"
"exdqlm_multivar_synth_keep","draw_031",473,"2022-04-25","history","0.535885518274444"
"exdqlm_multivar_synth_keep","draw_031",473,"2022-04-26","history","0.526872519449985"
"exdqlm_multivar_synth_keep","draw_031",473,"2022-04-27","history","0.517612550634247"
"exdqlm_multivar_synth_keep","draw_031",473,"2022-04-28","history","0.515110610790181"
"exdqlm_multivar_synth_keep","draw_031",473,"2022-04-29","history","0.507124363477209"
"exdqlm_multivar_synth_keep","draw_031",473,"2022-04-30","history","0.504058477721088"
"exdqlm_multivar_synth_keep","draw_031",473,"2022-05-01","history","0.501332604087047"
"exdqlm_multivar_synth_keep","draw_031",473,"2022-05-02","history","0.492107171652216"
"exdqlm_multivar_synth_keep","draw_031",473,"2022-05-03","history","0.487560623356336"
"exdqlm_multivar_synth_keep","draw_031",473,"2022-05-04","history","0.486616540956243"
"exdqlm_multivar_synth_keep","draw_031",473,"2022-05-05","history","0.479382835089018"
"exdqlm_multivar_synth_keep","draw_031",473,"2022-05-06","history","0.478033697184215"
"exdqlm_multivar_synth_keep","draw_031",473,"2022-05-07","history","0.477502571588945"
"exdqlm_multivar_synth_keep","draw_031",473,"2022-05-08","history","0.471823174183486"
"exdqlm_multivar_synth_keep","draw_031",473,"2022-05-09","history","0.475816858806578"
"exdqlm_multivar_synth_keep","draw_031",473,"2022-05-10","history","0.466559469763973"
"exdqlm_multivar_synth_keep","draw_031",473,"2022-05-11","history","0.468905320175334"
"exdqlm_multivar_synth_keep","draw_032",489,"2022-04-23","history","0.618783295219220"
"exdqlm_multivar_synth_keep","draw_032",489,"2022-04-24","history","0.559560896036400"
"exdqlm_multivar_synth_keep","draw_032",489,"2022-04-25","history","0.538560503234892"
"exdqlm_multivar_synth_keep","draw_032",489,"2022-04-26","history","0.529790900856840"
"exdqlm_multivar_synth_keep","draw_032",489,"2022-04-27","history","0.520781620649314"
"exdqlm_multivar_synth_keep","draw_032",489,"2022-04-28","history","0.519339648540085"
"exdqlm_multivar_synth_keep","draw_032",489,"2022-04-29","history","0.508793753701423"
"exdqlm_multivar_synth_keep","draw_032",489,"2022-04-30","history","0.504521126944030"
"exdqlm_multivar_synth_keep","draw_032",489,"2022-05-01","history","0.502978503580422"
"exdqlm_multivar_synth_keep","draw_032",489,"2022-05-02","history","0.493195404309026"
"exdqlm_multivar_synth_keep","draw_032",489,"2022-05-03","history","0.490608898727389"
"exdqlm_multivar_synth_keep","draw_032",489,"2022-05-04","history","0.489152221168769"
"exdqlm_multivar_synth_keep","draw_032",489,"2022-05-05","history","0.481345957806319"
"exdqlm_multivar_synth_keep","draw_032",489,"2022-05-06","history","0.479153889187678"
"exdqlm_multivar_synth_keep","draw_032",489,"2022-05-07","history","0.478707977758149"
"exdqlm_multivar_synth_keep","draw_032",489,"2022-05-08","history","0.474125246177764"
"exdqlm_multivar_synth_keep","draw_032",489,"2022-05-09","history","0.478161068507858"
"exdqlm_multivar_synth_keep","draw_032",489,"2022-05-10","history","0.468116366343163"
"exdqlm_multivar_synth_keep","draw_032",489,"2022-05-11","history","0.470439798032322"
"exdqlm_multivar_synth_keep","draw_033",505,"2022-04-23","history","0.621897606546059"
"exdqlm_multivar_synth_keep","draw_033",505,"2022-04-24","history","0.562446209619778"
"exdqlm_multivar_synth_keep","draw_033",505,"2022-04-25","history","0.542683172565583"
"exdqlm_multivar_synth_keep","draw_033",505,"2022-04-26","history","0.535288394083076"
"exdqlm_multivar_synth_keep","draw_033",505,"2022-04-27","history","0.523528911290063"
"exdqlm_multivar_synth_keep","draw_033",505,"2022-04-28","history","0.521381238268165"
"exdqlm_multivar_synth_keep","draw_033",505,"2022-04-29","history","0.511097746295183"
"exdqlm_multivar_synth_keep","draw_033",505,"2022-04-30","history","0.505367410670599"
"exdqlm_multivar_synth_keep","draw_033",505,"2022-05-01","history","0.506367404262539"
"exdqlm_multivar_synth_keep","draw_033",505,"2022-05-02","history","0.494423072724338"
"exdqlm_multivar_synth_keep","draw_033",505,"2022-05-03","history","0.494376067886282"
"exdqlm_multivar_synth_keep","draw_033",505,"2022-05-04","history","0.491949721215674"
"exdqlm_multivar_synth_keep","draw_033",505,"2022-05-05","history","0.483596253049030"
"exdqlm_multivar_synth_keep","draw_033",505,"2022-05-06","history","0.480713178486498"
"exdqlm_multivar_synth_keep","draw_033",505,"2022-05-07","history","0.479736947684627"
"exdqlm_multivar_synth_keep","draw_033",505,"2022-05-08","history","0.475405982087852"
"exdqlm_multivar_synth_keep","draw_033",505,"2022-05-09","history","0.479980393571934"
"exdqlm_multivar_synth_keep","draw_033",505,"2022-05-10","history","0.471708205768623"
"exdqlm_multivar_synth_keep","draw_033",505,"2022-05-11","history","0.472257297827304"
"exdqlm_multivar_synth_keep","draw_034",520,"2022-04-23","history","0.624972055728662"
"exdqlm_multivar_synth_keep","draw_034",520,"2022-04-24","history","0.564291808705858"
"exdqlm_multivar_synth_keep","draw_034",520,"2022-04-25","history","0.545300746946260"
"exdqlm_multivar_synth_keep","draw_034",520,"2022-04-26","history","0.537425293213427"
"exdqlm_multivar_synth_keep","draw_034",520,"2022-04-27","history","0.526300715619244"
"exdqlm_multivar_synth_keep","draw_034",520,"2022-04-28","history","0.525628963629017"
"exdqlm_multivar_synth_keep","draw_034",520,"2022-04-29","history","0.514679352029611"
"exdqlm_multivar_synth_keep","draw_034",520,"2022-04-30","history","0.507331921026502"
"exdqlm_multivar_synth_keep","draw_034",520,"2022-05-01","history","0.509512675592822"
"exdqlm_multivar_synth_keep","draw_034",520,"2022-05-02","history","0.495652982151289"
"exdqlm_multivar_synth_keep","draw_034",520,"2022-05-03","history","0.495768296258454"
"exdqlm_multivar_synth_keep","draw_034",520,"2022-05-04","history","0.493884829336568"
"exdqlm_multivar_synth_keep","draw_034",520,"2022-05-05","history","0.484733369015435"
"exdqlm_multivar_synth_keep","draw_034",520,"2022-05-06","history","0.482362442434920"
"exdqlm_multivar_synth_keep","draw_034",520,"2022-05-07","history","0.480868454703507"
"exdqlm_multivar_synth_keep","draw_034",520,"2022-05-08","history","0.476784331784888"
"exdqlm_multivar_synth_keep","draw_034",520,"2022-05-09","history","0.480493620326857"
"exdqlm_multivar_synth_keep","draw_034",520,"2022-05-10","history","0.473920860783078"
"exdqlm_multivar_synth_keep","draw_034",520,"2022-05-11","history","0.472870347753164"
"exdqlm_multivar_synth_keep","draw_035",536,"2022-04-23","history","0.630551091218291"
"exdqlm_multivar_synth_keep","draw_035",536,"2022-04-24","history","0.568405572402349"
"exdqlm_multivar_synth_keep","draw_035",536,"2022-04-25","history","0.547959769517689"
"exdqlm_multivar_synth_keep","draw_035",536,"2022-04-26","history","0.541808698518692"
"exdqlm_multivar_synth_keep","draw_035",536,"2022-04-27","history","0.529199057415725"
"exdqlm_multivar_synth_keep","draw_035",536,"2022-04-28","history","0.528808914204278"
"exdqlm_multivar_synth_keep","draw_035",536,"2022-04-29","history","0.517309219157654"
"exdqlm_multivar_synth_keep","draw_035",536,"2022-04-30","history","0.508473536594445"
"exdqlm_multivar_synth_keep","draw_035",536,"2022-05-01","history","0.512113060235561"
"exdqlm_multivar_synth_keep","draw_035",536,"2022-05-02","history","0.496861539120195"
"exdqlm_multivar_synth_keep","draw_035",536,"2022-05-03","history","0.497100574112955"
"exdqlm_multivar_synth_keep","draw_035",536,"2022-05-04","history","0.496195238609921"
"exdqlm_multivar_synth_keep","draw_035",536,"2022-05-05","history","0.486843628700466"
"exdqlm_multivar_synth_keep","draw_035",536,"2022-05-06","history","0.483288263843676"
"exdqlm_multivar_synth_keep","draw_035",536,"2022-05-07","history","0.482967518399494"
"exdqlm_multivar_synth_keep","draw_035",536,"2022-05-08","history","0.479716162824125"
"exdqlm_multivar_synth_keep","draw_035",536,"2022-05-09","history","0.481466926058165"
"exdqlm_multivar_synth_keep","draw_035",536,"2022-05-10","history","0.475111554278369"
"exdqlm_multivar_synth_keep","draw_035",536,"2022-05-11","history","0.475578422547205"
"exdqlm_multivar_synth_keep","draw_036",552,"2022-04-23","history","0.633223422753359"
"exdqlm_multivar_synth_keep","draw_036",552,"2022-04-24","history","0.571963214484012"
"exdqlm_multivar_synth_keep","draw_036",552,"2022-04-25","history","0.551179574433158"
"exdqlm_multivar_synth_keep","draw_036",552,"2022-04-26","history","0.544304183124124"
"exdqlm_multivar_synth_keep","draw_036",552,"2022-04-27","history","0.532815319945372"
"exdqlm_multivar_synth_keep","draw_036",552,"2022-04-28","history","0.533638115011172"
"exdqlm_multivar_synth_keep","draw_036",552,"2022-04-29","history","0.520322229415645"
"exdqlm_multivar_synth_keep","draw_036",552,"2022-04-30","history","0.509769452958403"
"exdqlm_multivar_synth_keep","draw_036",552,"2022-05-01","history","0.514024161265639"
"exdqlm_multivar_synth_keep","draw_036",552,"2022-05-02","history","0.499694175184417"
"exdqlm_multivar_synth_keep","draw_036",552,"2022-05-03","history","0.498417031653379"
"exdqlm_multivar_synth_keep","draw_036",552,"2022-05-04","history","0.498321442224736"
"exdqlm_multivar_synth_keep","draw_036",552,"2022-05-05","history","0.488754778625216"
"exdqlm_multivar_synth_keep","draw_036",552,"2022-05-06","history","0.486886706446124"
"exdqlm_multivar_synth_keep","draw_036",552,"2022-05-07","history","0.483707638560446"
"exdqlm_multivar_synth_keep","draw_036",552,"2022-05-08","history","0.482613228047302"
"exdqlm_multivar_synth_keep","draw_036",552,"2022-05-09","history","0.483230963269558"
"exdqlm_multivar_synth_keep","draw_036",552,"2022-05-10","history","0.477568007270213"
"exdqlm_multivar_synth_keep","draw_036",552,"2022-05-11","history","0.476546299002945"
"exdqlm_multivar_synth_keep","draw_037",568,"2022-04-23","history","0.637431867352952"
"exdqlm_multivar_synth_keep","draw_037",568,"2022-04-24","history","0.573957363064047"
"exdqlm_multivar_synth_keep","draw_037",568,"2022-04-25","history","0.554433870330916"
"exdqlm_multivar_synth_keep","draw_037",568,"2022-04-26","history","0.546826279632927"
"exdqlm_multivar_synth_keep","draw_037",568,"2022-04-27","history","0.535714459668798"
"exdqlm_multivar_synth_keep","draw_037",568,"2022-04-28","history","0.536706800229824"
"exdqlm_multivar_synth_keep","draw_037",568,"2022-04-29","history","0.521804255581751"
"exdqlm_multivar_synth_keep","draw_037",568,"2022-04-30","history","0.512159373464288"
"exdqlm_multivar_synth_keep","draw_037",568,"2022-05-01","history","0.516639467220461"
"exdqlm_multivar_synth_keep","draw_037",568,"2022-05-02","history","0.501720040530506"
"exdqlm_multivar_synth_keep","draw_037",568,"2022-05-03","history","0.502953416490805"
"exdqlm_multivar_synth_keep","draw_037",568,"2022-05-04","history","0.500046132525668"
"exdqlm_multivar_synth_keep","draw_037",568,"2022-05-05","history","0.490704504821393"
"exdqlm_multivar_synth_keep","draw_037",568,"2022-05-06","history","0.487778443172961"
"exdqlm_multivar_synth_keep","draw_037",568,"2022-05-07","history","0.486301622180466"
"exdqlm_multivar_synth_keep","draw_037",568,"2022-05-08","history","0.485462016689581"
"exdqlm_multivar_synth_keep","draw_037",568,"2022-05-09","history","0.484614998603615"
"exdqlm_multivar_synth_keep","draw_037",568,"2022-05-10","history","0.479662312808147"
"exdqlm_multivar_synth_keep","draw_037",568,"2022-05-11","history","0.478766310536413"
"exdqlm_multivar_synth_keep","draw_038",583,"2022-04-23","history","0.639407206149990"
"exdqlm_multivar_synth_keep","draw_038",583,"2022-04-24","history","0.576752430703567"
"exdqlm_multivar_synth_keep","draw_038",583,"2022-04-25","history","0.558002107194232"
"exdqlm_multivar_synth_keep","draw_038",583,"2022-04-26","history","0.548734241527460"
"exdqlm_multivar_synth_keep","draw_038",583,"2022-04-27","history","0.538344048090719"
"exdqlm_multivar_synth_keep","draw_038",583,"2022-04-28","history","0.538929993854915"
"exdqlm_multivar_synth_keep","draw_038",583,"2022-04-29","history","0.523305172043480"
"exdqlm_multivar_synth_keep","draw_038",583,"2022-04-30","history","0.515149526310399"
"exdqlm_multivar_synth_keep","draw_038",583,"2022-05-01","history","0.522269499678748"
"exdqlm_multivar_synth_keep","draw_038",583,"2022-05-02","history","0.503098218283312"
"exdqlm_multivar_synth_keep","draw_038",583,"2022-05-03","history","0.506501868244393"
"exdqlm_multivar_synth_keep","draw_038",583,"2022-05-04","history","0.501751687581287"
"exdqlm_multivar_synth_keep","draw_038",583,"2022-05-05","history","0.493662995841609"
"exdqlm_multivar_synth_keep","draw_038",583,"2022-05-06","history","0.488330211011332"
"exdqlm_multivar_synth_keep","draw_038",583,"2022-05-07","history","0.487372982237339"
"exdqlm_multivar_synth_keep","draw_038",583,"2022-05-08","history","0.486818707776748"
"exdqlm_multivar_synth_keep","draw_038",583,"2022-05-09","history","0.485940814837140"
"exdqlm_multivar_synth_keep","draw_038",583,"2022-05-10","history","0.481811725090762"
"exdqlm_multivar_synth_keep","draw_038",583,"2022-05-11","history","0.480636105672854"
"exdqlm_multivar_synth_keep","draw_039",599,"2022-04-23","history","0.643027436272554"
"exdqlm_multivar_synth_keep","draw_039",599,"2022-04-24","history","0.578849321546148"
"exdqlm_multivar_synth_keep","draw_039",599,"2022-04-25","history","0.562053985597018"
"exdqlm_multivar_synth_keep","draw_039",599,"2022-04-26","history","0.550780555283336"
"exdqlm_multivar_synth_keep","draw_039",599,"2022-04-27","history","0.541380753723955"
"exdqlm_multivar_synth_keep","draw_039",599,"2022-04-28","history","0.541581932459523"
"exdqlm_multivar_synth_keep","draw_039",599,"2022-04-29","history","0.525431910917894"
"exdqlm_multivar_synth_keep","draw_039",599,"2022-04-30","history","0.517775483858923"
"exdqlm_multivar_synth_keep","draw_039",599,"2022-05-01","history","0.524880557022279"
"exdqlm_multivar_synth_keep","draw_039",599,"2022-05-02","history","0.505762568374451"
"exdqlm_multivar_synth_keep","draw_039",599,"2022-05-03","history","0.508536197540155"
"exdqlm_multivar_synth_keep","draw_039",599,"2022-05-04","history","0.503594203975712"
"exdqlm_multivar_synth_keep","draw_039",599,"2022-05-05","history","0.496981669265776"
"exdqlm_multivar_synth_keep","draw_039",599,"2022-05-06","history","0.489262383622690"
"exdqlm_multivar_synth_keep","draw_039",599,"2022-05-07","history","0.488186644406600"
"exdqlm_multivar_synth_keep","draw_039",599,"2022-05-08","history","0.488927462770709"
"exdqlm_multivar_synth_keep","draw_039",599,"2022-05-09","history","0.486556056302778"
"exdqlm_multivar_synth_keep","draw_039",599,"2022-05-10","history","0.484673724723593"
"exdqlm_multivar_synth_keep","draw_039",599,"2022-05-11","history","0.481236490954559"
"exdqlm_multivar_synth_keep","draw_040",615,"2022-04-23","history","0.648571105914426"
"exdqlm_multivar_synth_keep","draw_040",615,"2022-04-24","history","0.580955519989330"
"exdqlm_multivar_synth_keep","draw_040",615,"2022-04-25","history","0.565676213955281"
"exdqlm_multivar_synth_keep","draw_040",615,"2022-04-26","history","0.553475325765990"
"exdqlm_multivar_synth_keep","draw_040",615,"2022-04-27","history","0.545091756006166"
"exdqlm_multivar_synth_keep","draw_040",615,"2022-04-28","history","0.544660516207633"
"exdqlm_multivar_synth_keep","draw_040",615,"2022-04-29","history","0.528309057216631"
"exdqlm_multivar_synth_keep","draw_040",615,"2022-04-30","history","0.519178643384433"
"exdqlm_multivar_synth_keep","draw_040",615,"2022-05-01","history","0.526448345626884"
"exdqlm_multivar_synth_keep","draw_040",615,"2022-05-02","history","0.507417272857810"
"exdqlm_multivar_synth_keep","draw_040",615,"2022-05-03","history","0.510456994155890"
"exdqlm_multivar_synth_keep","draw_040",615,"2022-05-04","history","0.505185427791468"
"exdqlm_multivar_synth_keep","draw_040",615,"2022-05-05","history","0.499609341068895"
"exdqlm_multivar_synth_keep","draw_040",615,"2022-05-06","history","0.493640152004586"
"exdqlm_multivar_synth_keep","draw_040",615,"2022-05-07","history","0.490256622738984"
"exdqlm_multivar_synth_keep","draw_040",615,"2022-05-08","history","0.490968210529510"
"exdqlm_multivar_synth_keep","draw_040",615,"2022-05-09","history","0.486818867210299"
"exdqlm_multivar_synth_keep","draw_040",615,"2022-05-10","history","0.486563898853199"
"exdqlm_multivar_synth_keep","draw_040",615,"2022-05-11","history","0.482804319123030"
"exdqlm_multivar_synth_keep","draw_041",631,"2022-04-23","history","0.652299907039689"
"exdqlm_multivar_synth_keep","draw_041",631,"2022-04-24","history","0.584799540460174"
"exdqlm_multivar_synth_keep","draw_041",631,"2022-04-25","history","0.568647672403882"
"exdqlm_multivar_synth_keep","draw_041",631,"2022-04-26","history","0.556876234397266"
"exdqlm_multivar_synth_keep","draw_041",631,"2022-04-27","history","0.547442652677533"
"exdqlm_multivar_synth_keep","draw_041",631,"2022-04-28","history","0.547322350586993"
"exdqlm_multivar_synth_keep","draw_041",631,"2022-04-29","history","0.530696879448760"
"exdqlm_multivar_synth_keep","draw_041",631,"2022-04-30","history","0.520543233740581"
"exdqlm_multivar_synth_keep","draw_041",631,"2022-05-01","history","0.528587999703564"
"exdqlm_multivar_synth_keep","draw_041",631,"2022-05-02","history","0.508631322004430"
"exdqlm_multivar_synth_keep","draw_041",631,"2022-05-03","history","0.511833312292659"
"exdqlm_multivar_synth_keep","draw_041",631,"2022-05-04","history","0.506473199146707"
"exdqlm_multivar_synth_keep","draw_041",631,"2022-05-05","history","0.502480869859113"
"exdqlm_multivar_synth_keep","draw_041",631,"2022-05-06","history","0.495979813254617"
"exdqlm_multivar_synth_keep","draw_041",631,"2022-05-07","history","0.491905503029499"
"exdqlm_multivar_synth_keep","draw_041",631,"2022-05-08","history","0.492151362137956"
"exdqlm_multivar_synth_keep","draw_041",631,"2022-05-09","history","0.488401267400713"
"exdqlm_multivar_synth_keep","draw_041",631,"2022-05-10","history","0.488082324721419"
"exdqlm_multivar_synth_keep","draw_041",631,"2022-05-11","history","0.484059655982150"
"exdqlm_multivar_synth_keep","draw_042",646,"2022-04-23","history","0.655746639402445"
"exdqlm_multivar_synth_keep","draw_042",646,"2022-04-24","history","0.587016210396226"
"exdqlm_multivar_synth_keep","draw_042",646,"2022-04-25","history","0.570570188113624"
"exdqlm_multivar_synth_keep","draw_042",646,"2022-04-26","history","0.559845695497156"
"exdqlm_multivar_synth_keep","draw_042",646,"2022-04-27","history","0.549381142356843"
"exdqlm_multivar_synth_keep","draw_042",646,"2022-04-28","history","0.548773982911131"
"exdqlm_multivar_synth_keep","draw_042",646,"2022-04-29","history","0.533211685759786"
"exdqlm_multivar_synth_keep","draw_042",646,"2022-04-30","history","0.522159726441085"
"exdqlm_multivar_synth_keep","draw_042",646,"2022-05-01","history","0.529063208613542"
"exdqlm_multivar_synth_keep","draw_042",646,"2022-05-02","history","0.511853942926655"
"exdqlm_multivar_synth_keep","draw_042",646,"2022-05-03","history","0.512944210674224"
"exdqlm_multivar_synth_keep","draw_042",646,"2022-05-04","history","0.507990339527966"
"exdqlm_multivar_synth_keep","draw_042",646,"2022-05-05","history","0.504180177281652"
"exdqlm_multivar_synth_keep","draw_042",646,"2022-05-06","history","0.498402714972926"
"exdqlm_multivar_synth_keep","draw_042",646,"2022-05-07","history","0.493465439570797"
"exdqlm_multivar_synth_keep","draw_042",646,"2022-05-08","history","0.493446548596331"
"exdqlm_multivar_synth_keep","draw_042",646,"2022-05-09","history","0.488802129429409"
"exdqlm_multivar_synth_keep","draw_042",646,"2022-05-10","history","0.488735742786630"
"exdqlm_multivar_synth_keep","draw_042",646,"2022-05-11","history","0.484634846180718"
"exdqlm_multivar_synth_keep","draw_043",662,"2022-04-23","history","0.657993037239478"
"exdqlm_multivar_synth_keep","draw_043",662,"2022-04-24","history","0.590925312382543"
"exdqlm_multivar_synth_keep","draw_043",662,"2022-04-25","history","0.573692064851718"
"exdqlm_multivar_synth_keep","draw_043",662,"2022-04-26","history","0.561261634794501"
"exdqlm_multivar_synth_keep","draw_043",662,"2022-04-27","history","0.551108355398132"
"exdqlm_multivar_synth_keep","draw_043",662,"2022-04-28","history","0.550099283390014"
"exdqlm_multivar_synth_keep","draw_043",662,"2022-04-29","history","0.534910881606451"
"exdqlm_multivar_synth_keep","draw_043",662,"2022-04-30","history","0.524386833290048"
"exdqlm_multivar_synth_keep","draw_043",662,"2022-05-01","history","0.531698636760035"
"exdqlm_multivar_synth_keep","draw_043",662,"2022-05-02","history","0.513782790617397"
"exdqlm_multivar_synth_keep","draw_043",662,"2022-05-03","history","0.515810247810378"
"exdqlm_multivar_synth_keep","draw_043",662,"2022-05-04","history","0.509245584659072"
"exdqlm_multivar_synth_keep","draw_043",662,"2022-05-05","history","0.508285739149134"
"exdqlm_multivar_synth_keep","draw_043",662,"2022-05-06","history","0.500008365979737"
"exdqlm_multivar_synth_keep","draw_043",662,"2022-05-07","history","0.495840433746236"
"exdqlm_multivar_synth_keep","draw_043",662,"2022-05-08","history","0.494514592646058"
"exdqlm_multivar_synth_keep","draw_043",662,"2022-05-09","history","0.490724068973149"
"exdqlm_multivar_synth_keep","draw_043",662,"2022-05-10","history","0.490643308200160"
"exdqlm_multivar_synth_keep","draw_043",662,"2022-05-11","history","0.487500438647670"
"exdqlm_multivar_synth_keep","draw_044",678,"2022-04-23","history","0.659823570054716"
"exdqlm_multivar_synth_keep","draw_044",678,"2022-04-24","history","0.593073732730279"
"exdqlm_multivar_synth_keep","draw_044",678,"2022-04-25","history","0.578904262932473"
"exdqlm_multivar_synth_keep","draw_044",678,"2022-04-26","history","0.563191881177502"
"exdqlm_multivar_synth_keep","draw_044",678,"2022-04-27","history","0.553870128074686"
"exdqlm_multivar_synth_keep","draw_044",678,"2022-04-28","history","0.552123258182549"
"exdqlm_multivar_synth_keep","draw_044",678,"2022-04-29","history","0.536211334628187"
"exdqlm_multivar_synth_keep","draw_044",678,"2022-04-30","history","0.525421309405662"
"exdqlm_multivar_synth_keep","draw_044",678,"2022-05-01","history","0.532809793606531"
"exdqlm_multivar_synth_keep","draw_044",678,"2022-05-02","history","0.515060235298655"
"exdqlm_multivar_synth_keep","draw_044",678,"2022-05-03","history","0.517677295245230"
"exdqlm_multivar_synth_keep","draw_044",678,"2022-05-04","history","0.510460618098112"
"exdqlm_multivar_synth_keep","draw_044",678,"2022-05-05","history","0.509605626048733"
"exdqlm_multivar_synth_keep","draw_044",678,"2022-05-06","history","0.501262058589066"
"exdqlm_multivar_synth_keep","draw_044",678,"2022-05-07","history","0.496750728021208"
"exdqlm_multivar_synth_keep","draw_044",678,"2022-05-08","history","0.497581151223530"
"exdqlm_multivar_synth_keep","draw_044",678,"2022-05-09","history","0.491988174884049"
"exdqlm_multivar_synth_keep","draw_044",678,"2022-05-10","history","0.490970807998500"
"exdqlm_multivar_synth_keep","draw_044",678,"2022-05-11","history","0.489006855388826"
"exdqlm_multivar_synth_keep","draw_045",694,"2022-04-23","history","0.663032516791283"
"exdqlm_multivar_synth_keep","draw_045",694,"2022-04-24","history","0.597477215374445"
"exdqlm_multivar_synth_keep","draw_045",694,"2022-04-25","history","0.581267686645124"
"exdqlm_multivar_synth_keep","draw_045",694,"2022-04-26","history","0.566106299575779"
"exdqlm_multivar_synth_keep","draw_045",694,"2022-04-27","history","0.557838225882768"
"exdqlm_multivar_synth_keep","draw_045",694,"2022-04-28","history","0.554678327615953"
"exdqlm_multivar_synth_keep","draw_045",694,"2022-04-29","history","0.537991628601440"
"exdqlm_multivar_synth_keep","draw_045",694,"2022-04-30","history","0.527544266597513"
"exdqlm_multivar_synth_keep","draw_045",694,"2022-05-01","history","0.533452963472169"
"exdqlm_multivar_synth_keep","draw_045",694,"2022-05-02","history","0.515729424161160"
"exdqlm_multivar_synth_keep","draw_045",694,"2022-05-03","history","0.519881704877089"
"exdqlm_multivar_synth_keep","draw_045",694,"2022-05-04","history","0.511912260261368"
"exdqlm_multivar_synth_keep","draw_045",694,"2022-05-05","history","0.511316316785420"
"exdqlm_multivar_synth_keep","draw_045",694,"2022-05-06","history","0.502494336759819"
"exdqlm_multivar_synth_keep","draw_045",694,"2022-05-07","history","0.499320308051943"
"exdqlm_multivar_synth_keep","draw_045",694,"2022-05-08","history","0.498903600586048"
"exdqlm_multivar_synth_keep","draw_045",694,"2022-05-09","history","0.492094837618149"
"exdqlm_multivar_synth_keep","draw_045",694,"2022-05-10","history","0.491940349593400"
"exdqlm_multivar_synth_keep","draw_045",694,"2022-05-11","history","0.490113906678481"
"exdqlm_multivar_synth_keep","draw_046",709,"2022-04-23","history","0.666580255077655"
"exdqlm_multivar_synth_keep","draw_046",709,"2022-04-24","history","0.598861402991691"
"exdqlm_multivar_synth_keep","draw_046",709,"2022-04-25","history","0.582784023883541"
"exdqlm_multivar_synth_keep","draw_046",709,"2022-04-26","history","0.566840449053121"
"exdqlm_multivar_synth_keep","draw_046",709,"2022-04-27","history","0.561086087909853"
"exdqlm_multivar_synth_keep","draw_046",709,"2022-04-28","history","0.556502434722042"
"exdqlm_multivar_synth_keep","draw_046",709,"2022-04-29","history","0.539169993492086"
"exdqlm_multivar_synth_keep","draw_046",709,"2022-04-30","history","0.528284133982541"
"exdqlm_multivar_synth_keep","draw_046",709,"2022-05-01","history","0.534930417204147"
"exdqlm_multivar_synth_keep","draw_046",709,"2022-05-02","history","0.516539953046789"
"exdqlm_multivar_synth_keep","draw_046",709,"2022-05-03","history","0.521543513594607"
"exdqlm_multivar_synth_keep","draw_046",709,"2022-05-04","history","0.514148390210522"
"exdqlm_multivar_synth_keep","draw_046",709,"2022-05-05","history","0.514191044627673"
"exdqlm_multivar_synth_keep","draw_046",709,"2022-05-06","history","0.503034342965300"
"exdqlm_multivar_synth_keep","draw_046",709,"2022-05-07","history","0.501458003868212"
"exdqlm_multivar_synth_keep","draw_046",709,"2022-05-08","history","0.499747363010361"
"exdqlm_multivar_synth_keep","draw_046",709,"2022-05-09","history","0.493234708594396"
"exdqlm_multivar_synth_keep","draw_046",709,"2022-05-10","history","0.494219429336057"
"exdqlm_multivar_synth_keep","draw_046",709,"2022-05-11","history","0.490463399428649"
"exdqlm_multivar_synth_keep","draw_047",725,"2022-04-23","history","0.669043707967593"
"exdqlm_multivar_synth_keep","draw_047",725,"2022-04-24","history","0.599476416418753"
"exdqlm_multivar_synth_keep","draw_047",725,"2022-04-25","history","0.583461502180482"
"exdqlm_multivar_synth_keep","draw_047",725,"2022-04-26","history","0.568215637679010"
"exdqlm_multivar_synth_keep","draw_047",725,"2022-04-27","history","0.563349024900019"
"exdqlm_multivar_synth_keep","draw_047",725,"2022-04-28","history","0.558462216849629"
"exdqlm_multivar_synth_keep","draw_047",725,"2022-04-29","history","0.539613924521770"
"exdqlm_multivar_synth_keep","draw_047",725,"2022-04-30","history","0.530994943277327"
"exdqlm_multivar_synth_keep","draw_047",725,"2022-05-01","history","0.535849550255807"
"exdqlm_multivar_synth_keep","draw_047",725,"2022-05-02","history","0.520432847591572"
"exdqlm_multivar_synth_keep","draw_047",725,"2022-05-03","history","0.523973713716002"
"exdqlm_multivar_synth_keep","draw_047",725,"2022-05-04","history","0.514753017565367"
"exdqlm_multivar_synth_keep","draw_047",725,"2022-05-05","history","0.515079943505446"
"exdqlm_multivar_synth_keep","draw_047",725,"2022-05-06","history","0.503342753437043"
"exdqlm_multivar_synth_keep","draw_047",725,"2022-05-07","history","0.504011730779686"
"exdqlm_multivar_synth_keep","draw_047",725,"2022-05-08","history","0.500234247093969"
"exdqlm_multivar_synth_keep","draw_047",725,"2022-05-09","history","0.495726721283797"
"exdqlm_multivar_synth_keep","draw_047",725,"2022-05-10","history","0.495157720333994"
"exdqlm_multivar_synth_keep","draw_047",725,"2022-05-11","history","0.492094835531180"
"exdqlm_multivar_synth_keep","draw_048",741,"2022-04-23","history","0.670872865660204"
"exdqlm_multivar_synth_keep","draw_048",741,"2022-04-24","history","0.599866210651212"
"exdqlm_multivar_synth_keep","draw_048",741,"2022-04-25","history","0.584763705844074"
"exdqlm_multivar_synth_keep","draw_048",741,"2022-04-26","history","0.569589473718986"
"exdqlm_multivar_synth_keep","draw_048",741,"2022-04-27","history","0.563953204025513"
"exdqlm_multivar_synth_keep","draw_048",741,"2022-04-28","history","0.559334687359386"
"exdqlm_multivar_synth_keep","draw_048",741,"2022-04-29","history","0.540110168334430"
"exdqlm_multivar_synth_keep","draw_048",741,"2022-04-30","history","0.533353481870292"
"exdqlm_multivar_synth_keep","draw_048",741,"2022-05-01","history","0.537809940238816"
"exdqlm_multivar_synth_keep","draw_048",741,"2022-05-02","history","0.522949896928203"
"exdqlm_multivar_synth_keep","draw_048",741,"2022-05-03","history","0.525084433511561"
"exdqlm_multivar_synth_keep","draw_048",741,"2022-05-04","history","0.516094336888896"
"exdqlm_multivar_synth_keep","draw_048",741,"2022-05-05","history","0.516327106361485"
"exdqlm_multivar_synth_keep","draw_048",741,"2022-05-06","history","0.503662147709880"
"exdqlm_multivar_synth_keep","draw_048",741,"2022-05-07","history","0.505095847498403"
"exdqlm_multivar_synth_keep","draw_048",741,"2022-05-08","history","0.500493908359517"
"exdqlm_multivar_synth_keep","draw_048",741,"2022-05-09","history","0.496583476406127"
"exdqlm_multivar_synth_keep","draw_048",741,"2022-05-10","history","0.495401487199298"
"exdqlm_multivar_synth_keep","draw_048",741,"2022-05-11","history","0.493372771605995"
"exdqlm_multivar_synth_keep","draw_049",757,"2022-04-23","history","0.674172872552372"
"exdqlm_multivar_synth_keep","draw_049",757,"2022-04-24","history","0.601180494942099"
"exdqlm_multivar_synth_keep","draw_049",757,"2022-04-25","history","0.586693099850128"
"exdqlm_multivar_synth_keep","draw_049",757,"2022-04-26","history","0.571944433200455"
"exdqlm_multivar_synth_keep","draw_049",757,"2022-04-27","history","0.564053834113794"
"exdqlm_multivar_synth_keep","draw_049",757,"2022-04-28","history","0.559901609406832"
"exdqlm_multivar_synth_keep","draw_049",757,"2022-04-29","history","0.541152884860765"
"exdqlm_multivar_synth_keep","draw_049",757,"2022-04-30","history","0.534611691666386"
"exdqlm_multivar_synth_keep","draw_049",757,"2022-05-01","history","0.538926906835835"
"exdqlm_multivar_synth_keep","draw_049",757,"2022-05-02","history","0.523437638433114"
"exdqlm_multivar_synth_keep","draw_049",757,"2022-05-03","history","0.525544528678123"
"exdqlm_multivar_synth_keep","draw_049",757,"2022-05-04","history","0.516268168791425"
"exdqlm_multivar_synth_keep","draw_049",757,"2022-05-05","history","0.517000355607538"
"exdqlm_multivar_synth_keep","draw_049",757,"2022-05-06","history","0.504903124448099"
"exdqlm_multivar_synth_keep","draw_049",757,"2022-05-07","history","0.505939360262928"
"exdqlm_multivar_synth_keep","draw_049",757,"2022-05-08","history","0.500687937950873"
"exdqlm_multivar_synth_keep","draw_049",757,"2022-05-09","history","0.496796622498371"
"exdqlm_multivar_synth_keep","draw_049",757,"2022-05-10","history","0.495570109110875"
"exdqlm_multivar_synth_keep","draw_049",757,"2022-05-11","history","0.494488801848252"
"exdqlm_multivar_synth_keep","draw_050",772,"2022-04-23","history","0.677336031667100"
"exdqlm_multivar_synth_keep","draw_050",772,"2022-04-24","history","0.602848093998284"
"exdqlm_multivar_synth_keep","draw_050",772,"2022-04-25","history","0.588292628002068"
"exdqlm_multivar_synth_keep","draw_050",772,"2022-04-26","history","0.574186279849834"
"exdqlm_multivar_synth_keep","draw_050",772,"2022-04-27","history","0.564217157077220"
"exdqlm_multivar_synth_keep","draw_050",772,"2022-04-28","history","0.561658027135517"
"exdqlm_multivar_synth_keep","draw_050",772,"2022-04-29","history","0.542522956020578"
"exdqlm_multivar_synth_keep","draw_050",772,"2022-04-30","history","0.535279240016330"
"exdqlm_multivar_synth_keep","draw_050",772,"2022-05-01","history","0.540163293792508"
"exdqlm_multivar_synth_keep","draw_050",772,"2022-05-02","history","0.524332931008252"
"exdqlm_multivar_synth_keep","draw_050",772,"2022-05-03","history","0.525835063792853"
"exdqlm_multivar_synth_keep","draw_050",772,"2022-05-04","history","0.516501279004033"
"exdqlm_multivar_synth_keep","draw_050",772,"2022-05-05","history","0.517269027959343"
"exdqlm_multivar_synth_keep","draw_050",772,"2022-05-06","history","0.506872162469948"
"exdqlm_multivar_synth_keep","draw_050",772,"2022-05-07","history","0.507290077593352"
"exdqlm_multivar_synth_keep","draw_050",772,"2022-05-08","history","0.501133736351711"
"exdqlm_multivar_synth_keep","draw_050",772,"2022-05-09","history","0.498755727797070"
"exdqlm_multivar_synth_keep","draw_050",772,"2022-05-10","history","0.496023621261358"
"exdqlm_multivar_synth_keep","draw_050",772,"2022-05-11","history","0.495108409147320"
"exdqlm_multivar_synth_keep","draw_051",788,"2022-04-23","history","0.678841238442111"
"exdqlm_multivar_synth_keep","draw_051",788,"2022-04-24","history","0.605367652877056"
"exdqlm_multivar_synth_keep","draw_051",788,"2022-04-25","history","0.591181612688867"
"exdqlm_multivar_synth_keep","draw_051",788,"2022-04-26","history","0.575059140293521"
"exdqlm_multivar_synth_keep","draw_051",788,"2022-04-27","history","0.564384237365454"
"exdqlm_multivar_synth_keep","draw_051",788,"2022-04-28","history","0.563067691480012"
"exdqlm_multivar_synth_keep","draw_051",788,"2022-04-29","history","0.543080484032764"
"exdqlm_multivar_synth_keep","draw_051",788,"2022-04-30","history","0.536352609208861"
"exdqlm_multivar_synth_keep","draw_051",788,"2022-05-01","history","0.542065018522079"
"exdqlm_multivar_synth_keep","draw_051",788,"2022-05-02","history","0.525488536211603"
"exdqlm_multivar_synth_keep","draw_051",788,"2022-05-03","history","0.528121811256024"
"exdqlm_multivar_synth_keep","draw_051",788,"2022-05-04","history","0.518673409900202"
"exdqlm_multivar_synth_keep","draw_051",788,"2022-05-05","history","0.518005089106097"
"exdqlm_multivar_synth_keep","draw_051",788,"2022-05-06","history","0.507920571787534"
"exdqlm_multivar_synth_keep","draw_051",788,"2022-05-07","history","0.508406622150025"
"exdqlm_multivar_synth_keep","draw_051",788,"2022-05-08","history","0.502638158933350"
"exdqlm_multivar_synth_keep","draw_051",788,"2022-05-09","history","0.500880341732939"
"exdqlm_multivar_synth_keep","draw_051",788,"2022-05-10","history","0.497069043196558"
"exdqlm_multivar_synth_keep","draw_051",788,"2022-05-11","history","0.496432247015256"
"exdqlm_multivar_synth_keep","draw_052",804,"2022-04-23","history","0.681623410611039"
"exdqlm_multivar_synth_keep","draw_052",804,"2022-04-24","history","0.607266596017893"
"exdqlm_multivar_synth_keep","draw_052",804,"2022-04-25","history","0.592525913143675"
"exdqlm_multivar_synth_keep","draw_052",804,"2022-04-26","history","0.578000180194405"
"exdqlm_multivar_synth_keep","draw_052",804,"2022-04-27","history","0.566224454153448"
"exdqlm_multivar_synth_keep","draw_052",804,"2022-04-28","history","0.564401870369076"
"exdqlm_multivar_synth_keep","draw_052",804,"2022-04-29","history","0.544614957069560"
"exdqlm_multivar_synth_keep","draw_052",804,"2022-04-30","history","0.537773967597795"
"exdqlm_multivar_synth_keep","draw_052",804,"2022-05-01","history","0.543472085157060"
"exdqlm_multivar_synth_keep","draw_052",804,"2022-05-02","history","0.526434887784790"
"exdqlm_multivar_synth_keep","draw_052",804,"2022-05-03","history","0.530364097219214"
"exdqlm_multivar_synth_keep","draw_052",804,"2022-05-04","history","0.519710904296707"
"exdqlm_multivar_synth_keep","draw_052",804,"2022-05-05","history","0.518684454744121"
"exdqlm_multivar_synth_keep","draw_052",804,"2022-05-06","history","0.509729678552302"
"exdqlm_multivar_synth_keep","draw_052",804,"2022-05-07","history","0.509783462348353"
"exdqlm_multivar_synth_keep","draw_052",804,"2022-05-08","history","0.503401012858804"
"exdqlm_multivar_synth_keep","draw_052",804,"2022-05-09","history","0.502168030905649"
"exdqlm_multivar_synth_keep","draw_052",804,"2022-05-10","history","0.498549004165205"
"exdqlm_multivar_synth_keep","draw_052",804,"2022-05-11","history","0.499083196236273"
"exdqlm_multivar_synth_keep","draw_053",819,"2022-04-23","history","0.683775830094589"
"exdqlm_multivar_synth_keep","draw_053",819,"2022-04-24","history","0.608380873841935"
"exdqlm_multivar_synth_keep","draw_053",819,"2022-04-25","history","0.595050661828534"
"exdqlm_multivar_synth_keep","draw_053",819,"2022-04-26","history","0.580953044053657"
"exdqlm_multivar_synth_keep","draw_053",819,"2022-04-27","history","0.567454136382014"
"exdqlm_multivar_synth_keep","draw_053",819,"2022-04-28","history","0.564910077673288"
"exdqlm_multivar_synth_keep","draw_053",819,"2022-04-29","history","0.547858294821300"
"exdqlm_multivar_synth_keep","draw_053",819,"2022-04-30","history","0.540038519806619"
"exdqlm_multivar_synth_keep","draw_053",819,"2022-05-01","history","0.544578841150368"
"exdqlm_multivar_synth_keep","draw_053",819,"2022-05-02","history","0.528056374829410"
"exdqlm_multivar_synth_keep","draw_053",819,"2022-05-03","history","0.531824142762399"
"exdqlm_multivar_synth_keep","draw_053",819,"2022-05-04","history","0.520378773747890"
"exdqlm_multivar_synth_keep","draw_053",819,"2022-05-05","history","0.520006245312044"
"exdqlm_multivar_synth_keep","draw_053",819,"2022-05-06","history","0.511997438590121"
"exdqlm_multivar_synth_keep","draw_053",819,"2022-05-07","history","0.510212985722425"
"exdqlm_multivar_synth_keep","draw_053",819,"2022-05-08","history","0.504192722944601"
"exdqlm_multivar_synth_keep","draw_053",819,"2022-05-09","history","0.503086944620477"
"exdqlm_multivar_synth_keep","draw_053",819,"2022-05-10","history","0.499141925449357"
"exdqlm_multivar_synth_keep","draw_053",819,"2022-05-11","history","0.499718754903047"
"exdqlm_multivar_synth_keep","draw_054",835,"2022-04-23","history","0.686217153724022"
"exdqlm_multivar_synth_keep","draw_054",835,"2022-04-24","history","0.609970119242838"
"exdqlm_multivar_synth_keep","draw_054",835,"2022-04-25","history","0.596846747877187"
"exdqlm_multivar_synth_keep","draw_054",835,"2022-04-26","history","0.582541686300139"
"exdqlm_multivar_synth_keep","draw_054",835,"2022-04-27","history","0.569006239938903"
"exdqlm_multivar_synth_keep","draw_054",835,"2022-04-28","history","0.566185387707065"
"exdqlm_multivar_synth_keep","draw_054",835,"2022-04-29","history","0.548961975993830"
"exdqlm_multivar_synth_keep","draw_054",835,"2022-04-30","history","0.541373458783057"
"exdqlm_multivar_synth_keep","draw_054",835,"2022-05-01","history","0.546741499030031"
"exdqlm_multivar_synth_keep","draw_054",835,"2022-05-02","history","0.529620197712243"
"exdqlm_multivar_synth_keep","draw_054",835,"2022-05-03","history","0.532744471796842"
"exdqlm_multivar_synth_keep","draw_054",835,"2022-05-04","history","0.521499334963647"
"exdqlm_multivar_synth_keep","draw_054",835,"2022-05-05","history","0.521453875655005"
"exdqlm_multivar_synth_keep","draw_054",835,"2022-05-06","history","0.512655005206838"
"exdqlm_multivar_synth_keep","draw_054",835,"2022-05-07","history","0.510879835896994"
"exdqlm_multivar_synth_keep","draw_054",835,"2022-05-08","history","0.504842713466201"
"exdqlm_multivar_synth_keep","draw_054",835,"2022-05-09","history","0.504468202427998"
"exdqlm_multivar_synth_keep","draw_054",835,"2022-05-10","history","0.499827791242324"
"exdqlm_multivar_synth_keep","draw_054",835,"2022-05-11","history","0.501425287552664"
"exdqlm_multivar_synth_keep","draw_055",851,"2022-04-23","history","0.689566585303567"
"exdqlm_multivar_synth_keep","draw_055",851,"2022-04-24","history","0.612627858908864"
"exdqlm_multivar_synth_keep","draw_055",851,"2022-04-25","history","0.600096397233944"
"exdqlm_multivar_synth_keep","draw_055",851,"2022-04-26","history","0.583714232642119"
"exdqlm_multivar_synth_keep","draw_055",851,"2022-04-27","history","0.570339767698410"
"exdqlm_multivar_synth_keep","draw_055",851,"2022-04-28","history","0.567433334930452"
"exdqlm_multivar_synth_keep","draw_055",851,"2022-04-29","history","0.549122896664341"
"exdqlm_multivar_synth_keep","draw_055",851,"2022-04-30","history","0.543330434349130"
"exdqlm_multivar_synth_keep","draw_055",851,"2022-05-01","history","0.547899221947470"
"exdqlm_multivar_synth_keep","draw_055",851,"2022-05-02","history","0.530973363849441"
"exdqlm_multivar_synth_keep","draw_055",851,"2022-05-03","history","0.534858859248988"
"exdqlm_multivar_synth_keep","draw_055",851,"2022-05-04","history","0.521796274476413"
"exdqlm_multivar_synth_keep","draw_055",851,"2022-05-05","history","0.522605905088000"
"exdqlm_multivar_synth_keep","draw_055",851,"2022-05-06","history","0.513767659610142"
"exdqlm_multivar_synth_keep","draw_055",851,"2022-05-07","history","0.512228947156703"
"exdqlm_multivar_synth_keep","draw_055",851,"2022-05-08","history","0.505940970018689"
"exdqlm_multivar_synth_keep","draw_055",851,"2022-05-09","history","0.506260181649302"
"exdqlm_multivar_synth_keep","draw_055",851,"2022-05-10","history","0.501748341850725"
"exdqlm_multivar_synth_keep","draw_055",851,"2022-05-11","history","0.502485009017897"
"exdqlm_multivar_synth_keep","draw_056",867,"2022-04-23","history","0.691656886930390"
"exdqlm_multivar_synth_keep","draw_056",867,"2022-04-24","history","0.615005413821455"
"exdqlm_multivar_synth_keep","draw_056",867,"2022-04-25","history","0.601736707659687"
"exdqlm_multivar_synth_keep","draw_056",867,"2022-04-26","history","0.584793503213747"
"exdqlm_multivar_synth_keep","draw_056",867,"2022-04-27","history","0.572068761239618"
"exdqlm_multivar_synth_keep","draw_056",867,"2022-04-28","history","0.568530563018125"
"exdqlm_multivar_synth_keep","draw_056",867,"2022-04-29","history","0.550532373113294"
"exdqlm_multivar_synth_keep","draw_056",867,"2022-04-30","history","0.544506988236716"
"exdqlm_multivar_synth_keep","draw_056",867,"2022-05-01","history","0.549127387922435"
"exdqlm_multivar_synth_keep","draw_056",867,"2022-05-02","history","0.533220829426180"
"exdqlm_multivar_synth_keep","draw_056",867,"2022-05-03","history","0.535884527699592"
"exdqlm_multivar_synth_keep","draw_056",867,"2022-05-04","history","0.523310001290209"
"exdqlm_multivar_synth_keep","draw_056",867,"2022-05-05","history","0.523758102489821"
"exdqlm_multivar_synth_keep","draw_056",867,"2022-05-06","history","0.515189951333883"
"exdqlm_multivar_synth_keep","draw_056",867,"2022-05-07","history","0.512919364204652"
"exdqlm_multivar_synth_keep","draw_056",867,"2022-05-08","history","0.507681352115037"
"exdqlm_multivar_synth_keep","draw_056",867,"2022-05-09","history","0.507267610031060"
"exdqlm_multivar_synth_keep","draw_056",867,"2022-05-10","history","0.502489465339903"
"exdqlm_multivar_synth_keep","draw_056",867,"2022-05-11","history","0.503161620191120"
"exdqlm_multivar_synth_keep","draw_057",882,"2022-04-23","history","0.693596493374961"
"exdqlm_multivar_synth_keep","draw_057",882,"2022-04-24","history","0.616746880205790"
"exdqlm_multivar_synth_keep","draw_057",882,"2022-04-25","history","0.603090485864414"
"exdqlm_multivar_synth_keep","draw_057",882,"2022-04-26","history","0.586851903184887"
"exdqlm_multivar_synth_keep","draw_057",882,"2022-04-27","history","0.573533649420806"
"exdqlm_multivar_synth_keep","draw_057",882,"2022-04-28","history","0.569628445040046"
"exdqlm_multivar_synth_keep","draw_057",882,"2022-04-29","history","0.551824321974041"
"exdqlm_multivar_synth_keep","draw_057",882,"2022-04-30","history","0.546270959079727"
"exdqlm_multivar_synth_keep","draw_057",882,"2022-05-01","history","0.550374889326644"
"exdqlm_multivar_synth_keep","draw_057",882,"2022-05-02","history","0.534406192578184"
"exdqlm_multivar_synth_keep","draw_057",882,"2022-05-03","history","0.536611917234700"
"exdqlm_multivar_synth_keep","draw_057",882,"2022-05-04","history","0.525006161343034"
"exdqlm_multivar_synth_keep","draw_057",882,"2022-05-05","history","0.525151779711136"
"exdqlm_multivar_synth_keep","draw_057",882,"2022-05-06","history","0.515596387512345"
"exdqlm_multivar_synth_keep","draw_057",882,"2022-05-07","history","0.513205683654328"
"exdqlm_multivar_synth_keep","draw_057",882,"2022-05-08","history","0.508222356509785"
"exdqlm_multivar_synth_keep","draw_057",882,"2022-05-09","history","0.508883907637637"
"exdqlm_multivar_synth_keep","draw_057",882,"2022-05-10","history","0.503411086140321"
"exdqlm_multivar_synth_keep","draw_057",882,"2022-05-11","history","0.504206756545250"
"exdqlm_multivar_synth_keep","draw_058",898,"2022-04-23","history","0.696859159799851"
"exdqlm_multivar_synth_keep","draw_058",898,"2022-04-24","history","0.618977300066301"
"exdqlm_multivar_synth_keep","draw_058",898,"2022-04-25","history","0.605581083015032"
"exdqlm_multivar_synth_keep","draw_058",898,"2022-04-26","history","0.587990892179992"
"exdqlm_multivar_synth_keep","draw_058",898,"2022-04-27","history","0.575810761561955"
"exdqlm_multivar_synth_keep","draw_058",898,"2022-04-28","history","0.571436807039414"
"exdqlm_multivar_synth_keep","draw_058",898,"2022-04-29","history","0.553655852655219"
"exdqlm_multivar_synth_keep","draw_058",898,"2022-04-30","history","0.548116111554690"
"exdqlm_multivar_synth_keep","draw_058",898,"2022-05-01","history","0.551247808310296"
"exdqlm_multivar_synth_keep","draw_058",898,"2022-05-02","history","0.535760868671562"
"exdqlm_multivar_synth_keep","draw_058",898,"2022-05-03","history","0.537083003171609"
"exdqlm_multivar_synth_keep","draw_058",898,"2022-05-04","history","0.526127466954869"
"exdqlm_multivar_synth_keep","draw_058",898,"2022-05-05","history","0.525880621433781"
"exdqlm_multivar_synth_keep","draw_058",898,"2022-05-06","history","0.516852035704778"
"exdqlm_multivar_synth_keep","draw_058",898,"2022-05-07","history","0.514361010169714"
"exdqlm_multivar_synth_keep","draw_058",898,"2022-05-08","history","0.508737491112549"
"exdqlm_multivar_synth_keep","draw_058",898,"2022-05-09","history","0.509884490056487"
"exdqlm_multivar_synth_keep","draw_058",898,"2022-05-10","history","0.504366169483379"
"exdqlm_multivar_synth_keep","draw_058",898,"2022-05-11","history","0.505065179301177"
"exdqlm_multivar_synth_keep","draw_059",914,"2022-04-23","history","0.700170273805507"
"exdqlm_multivar_synth_keep","draw_059",914,"2022-04-24","history","0.621307542494435"
"exdqlm_multivar_synth_keep","draw_059",914,"2022-04-25","history","0.607243469976788"
"exdqlm_multivar_synth_keep","draw_059",914,"2022-04-26","history","0.589158163158186"
"exdqlm_multivar_synth_keep","draw_059",914,"2022-04-27","history","0.577188385848295"
"exdqlm_multivar_synth_keep","draw_059",914,"2022-04-28","history","0.572231304195963"
"exdqlm_multivar_synth_keep","draw_059",914,"2022-04-29","history","0.555005237888053"
"exdqlm_multivar_synth_keep","draw_059",914,"2022-04-30","history","0.550145110112323"
"exdqlm_multivar_synth_keep","draw_059",914,"2022-05-01","history","0.552596761072111"
"exdqlm_multivar_synth_keep","draw_059",914,"2022-05-02","history","0.536851499987895"
"exdqlm_multivar_synth_keep","draw_059",914,"2022-05-03","history","0.538243671567003"
"exdqlm_multivar_synth_keep","draw_059",914,"2022-05-04","history","0.527550118207572"
"exdqlm_multivar_synth_keep","draw_059",914,"2022-05-05","history","0.526110878071803"
"exdqlm_multivar_synth_keep","draw_059",914,"2022-05-06","history","0.517657679187142"
"exdqlm_multivar_synth_keep","draw_059",914,"2022-05-07","history","0.515307769204789"
"exdqlm_multivar_synth_keep","draw_059",914,"2022-05-08","history","0.508767632525857"
"exdqlm_multivar_synth_keep","draw_059",914,"2022-05-09","history","0.511140891595482"
"exdqlm_multivar_synth_keep","draw_059",914,"2022-05-10","history","0.505581519202379"
"exdqlm_multivar_synth_keep","draw_059",914,"2022-05-11","history","0.505310942640167"
"exdqlm_multivar_synth_keep","draw_060",930,"2022-04-23","history","0.705146006063561"
"exdqlm_multivar_synth_keep","draw_060",930,"2022-04-24","history","0.623025225438213"
"exdqlm_multivar_synth_keep","draw_060",930,"2022-04-25","history","0.609327133621992"
"exdqlm_multivar_synth_keep","draw_060",930,"2022-04-26","history","0.590064517859206"
"exdqlm_multivar_synth_keep","draw_060",930,"2022-04-27","history","0.579898381205969"
"exdqlm_multivar_synth_keep","draw_060",930,"2022-04-28","history","0.573585241749338"
"exdqlm_multivar_synth_keep","draw_060",930,"2022-04-29","history","0.557368714003845"
"exdqlm_multivar_synth_keep","draw_060",930,"2022-04-30","history","0.553129260175542"
"exdqlm_multivar_synth_keep","draw_060",930,"2022-05-01","history","0.554183276896548"
"exdqlm_multivar_synth_keep","draw_060",930,"2022-05-02","history","0.537613064267726"
"exdqlm_multivar_synth_keep","draw_060",930,"2022-05-03","history","0.539571618360755"
"exdqlm_multivar_synth_keep","draw_060",930,"2022-05-04","history","0.528274012745554"
"exdqlm_multivar_synth_keep","draw_060",930,"2022-05-05","history","0.526917090199655"
"exdqlm_multivar_synth_keep","draw_060",930,"2022-05-06","history","0.518834245706474"
"exdqlm_multivar_synth_keep","draw_060",930,"2022-05-07","history","0.515469388962643"
"exdqlm_multivar_synth_keep","draw_060",930,"2022-05-08","history","0.509592808981810"
"exdqlm_multivar_synth_keep","draw_060",930,"2022-05-09","history","0.511741801970605"
"exdqlm_multivar_synth_keep","draw_060",930,"2022-05-10","history","0.506363293499367"
"exdqlm_multivar_synth_keep","draw_060",930,"2022-05-11","history","0.505529268920282"
"exdqlm_multivar_synth_keep","draw_061",945,"2022-04-23","history","0.707050355312938"
"exdqlm_multivar_synth_keep","draw_061",945,"2022-04-24","history","0.624278266489570"
"exdqlm_multivar_synth_keep","draw_061",945,"2022-04-25","history","0.611100528526109"
"exdqlm_multivar_synth_keep","draw_061",945,"2022-04-26","history","0.591844048933666"
"exdqlm_multivar_synth_keep","draw_061",945,"2022-04-27","history","0.581300340659658"
"exdqlm_multivar_synth_keep","draw_061",945,"2022-04-28","history","0.574550760004217"
"exdqlm_multivar_synth_keep","draw_061",945,"2022-04-29","history","0.557803429921925"
"exdqlm_multivar_synth_keep","draw_061",945,"2022-04-30","history","0.554050454877446"
"exdqlm_multivar_synth_keep","draw_061",945,"2022-05-01","history","0.555095153212864"
"exdqlm_multivar_synth_keep","draw_061",945,"2022-05-02","history","0.538356235770667"
"exdqlm_multivar_synth_keep","draw_061",945,"2022-05-03","history","0.540924223509581"
"exdqlm_multivar_synth_keep","draw_061",945,"2022-05-04","history","0.529616365105486"
"exdqlm_multivar_synth_keep","draw_061",945,"2022-05-05","history","0.528577690119746"
"exdqlm_multivar_synth_keep","draw_061",945,"2022-05-06","history","0.520653475643155"
"exdqlm_multivar_synth_keep","draw_061",945,"2022-05-07","history","0.515928586187781"
"exdqlm_multivar_synth_keep","draw_061",945,"2022-05-08","history","0.510646617375179"
"exdqlm_multivar_synth_keep","draw_061",945,"2022-05-09","history","0.512023090680567"
"exdqlm_multivar_synth_keep","draw_061",945,"2022-05-10","history","0.507437492772620"
"exdqlm_multivar_synth_keep","draw_061",945,"2022-05-11","history","0.506293870009711"
"exdqlm_multivar_synth_keep","draw_062",961,"2022-04-23","history","0.711678566816536"
"exdqlm_multivar_synth_keep","draw_062",961,"2022-04-24","history","0.625566779047592"
"exdqlm_multivar_synth_keep","draw_062",961,"2022-04-25","history","0.613356780626766"
"exdqlm_multivar_synth_keep","draw_062",961,"2022-04-26","history","0.593199697138699"
"exdqlm_multivar_synth_keep","draw_062",961,"2022-04-27","history","0.583332982312209"
"exdqlm_multivar_synth_keep","draw_062",961,"2022-04-28","history","0.575249326002817"
"exdqlm_multivar_synth_keep","draw_062",961,"2022-04-29","history","0.558162072092551"
"exdqlm_multivar_synth_keep","draw_062",961,"2022-04-30","history","0.555677210137254"
"exdqlm_multivar_synth_keep","draw_062",961,"2022-05-01","history","0.556166230909671"
"exdqlm_multivar_synth_keep","draw_062",961,"2022-05-02","history","0.539855083867747"
"exdqlm_multivar_synth_keep","draw_062",961,"2022-05-03","history","0.541328853694967"
"exdqlm_multivar_synth_keep","draw_062",961,"2022-05-04","history","0.529960183498661"
"exdqlm_multivar_synth_keep","draw_062",961,"2022-05-05","history","0.529483630620409"
"exdqlm_multivar_synth_keep","draw_062",961,"2022-05-06","history","0.521909936193900"
"exdqlm_multivar_synth_keep","draw_062",961,"2022-05-07","history","0.516284231845851"
"exdqlm_multivar_synth_keep","draw_062",961,"2022-05-08","history","0.510911060001897"
"exdqlm_multivar_synth_keep","draw_062",961,"2022-05-09","history","0.512895493876950"
"exdqlm_multivar_synth_keep","draw_062",961,"2022-05-10","history","0.509711429714594"
"exdqlm_multivar_synth_keep","draw_062",961,"2022-05-11","history","0.508048451579841"
"exdqlm_multivar_synth_keep","draw_063",977,"2022-04-23","history","0.714775553187298"
"exdqlm_multivar_synth_keep","draw_063",977,"2022-04-24","history","0.627330251783915"
"exdqlm_multivar_synth_keep","draw_063",977,"2022-04-25","history","0.614245611439704"
"exdqlm_multivar_synth_keep","draw_063",977,"2022-04-26","history","0.595094209366873"
"exdqlm_multivar_synth_keep","draw_063",977,"2022-04-27","history","0.584306488986121"
"exdqlm_multivar_synth_keep","draw_063",977,"2022-04-28","history","0.576609090674647"
"exdqlm_multivar_synth_keep","draw_063",977,"2022-04-29","history","0.558324793898830"
"exdqlm_multivar_synth_keep","draw_063",977,"2022-04-30","history","0.557535116878148"
"exdqlm_multivar_synth_keep","draw_063",977,"2022-05-01","history","0.556952669843941"
"exdqlm_multivar_synth_keep","draw_063",977,"2022-05-02","history","0.540937665696039"
"exdqlm_multivar_synth_keep","draw_063",977,"2022-05-03","history","0.541897804340678"
"exdqlm_multivar_synth_keep","draw_063",977,"2022-05-04","history","0.530838476991658"
"exdqlm_multivar_synth_keep","draw_063",977,"2022-05-05","history","0.530709844982964"
"exdqlm_multivar_synth_keep","draw_063",977,"2022-05-06","history","0.522499739725030"
"exdqlm_multivar_synth_keep","draw_063",977,"2022-05-07","history","0.517839623581763"
"exdqlm_multivar_synth_keep","draw_063",977,"2022-05-08","history","0.511874479818533"
"exdqlm_multivar_synth_keep","draw_063",977,"2022-05-09","history","0.513653778891277"
"exdqlm_multivar_synth_keep","draw_063",977,"2022-05-10","history","0.510553648696385"
"exdqlm_multivar_synth_keep","draw_063",977,"2022-05-11","history","0.510395398670423"
"exdqlm_multivar_synth_keep","draw_064",993,"2022-04-23","history","0.718133193827150"
"exdqlm_multivar_synth_keep","draw_064",993,"2022-04-24","history","0.629904823521203"
"exdqlm_multivar_synth_keep","draw_064",993,"2022-04-25","history","0.615871068953148"
"exdqlm_multivar_synth_keep","draw_064",993,"2022-04-26","history","0.596740033622477"
"exdqlm_multivar_synth_keep","draw_064",993,"2022-04-27","history","0.586508098426591"
"exdqlm_multivar_synth_keep","draw_064",993,"2022-04-28","history","0.579982419241826"
"exdqlm_multivar_synth_keep","draw_064",993,"2022-04-29","history","0.559823029925034"
"exdqlm_multivar_synth_keep","draw_064",993,"2022-04-30","history","0.559598474533908"
"exdqlm_multivar_synth_keep","draw_064",993,"2022-05-01","history","0.558112724803703"
"exdqlm_multivar_synth_keep","draw_064",993,"2022-05-02","history","0.542988660388788"
"exdqlm_multivar_synth_keep","draw_064",993,"2022-05-03","history","0.542367982589765"
"exdqlm_multivar_synth_keep","draw_064",993,"2022-05-04","history","0.534125797289852"
"exdqlm_multivar_synth_keep","draw_064",993,"2022-05-05","history","0.531083344547194"
"exdqlm_multivar_synth_keep","draw_064",993,"2022-05-06","history","0.522937085109545"
"exdqlm_multivar_synth_keep","draw_064",993,"2022-05-07","history","0.518670464658958"
"exdqlm_multivar_synth_keep","draw_064",993,"2022-05-08","history","0.513673337503987"
"exdqlm_multivar_synth_keep","draw_064",993,"2022-05-09","history","0.514414769539738"
"exdqlm_multivar_synth_keep","draw_064",993,"2022-05-10","history","0.512096008723357"
"exdqlm_multivar_synth_keep","draw_064",993,"2022-05-11","history","0.511520265978193"
"exdqlm_multivar_synth_keep","draw_065",1008,"2022-04-23","history","0.721361755707956"
"exdqlm_multivar_synth_keep","draw_065",1008,"2022-04-24","history","0.631546148998843"
"exdqlm_multivar_synth_keep","draw_065",1008,"2022-04-25","history","0.617393775281931"
"exdqlm_multivar_synth_keep","draw_065",1008,"2022-04-26","history","0.597913342011811"
"exdqlm_multivar_synth_keep","draw_065",1008,"2022-04-27","history","0.588965298812289"
"exdqlm_multivar_synth_keep","draw_065",1008,"2022-04-28","history","0.581147057440472"
"exdqlm_multivar_synth_keep","draw_065",1008,"2022-04-29","history","0.562946240354774"
"exdqlm_multivar_synth_keep","draw_065",1008,"2022-04-30","history","0.562050008939948"
"exdqlm_multivar_synth_keep","draw_065",1008,"2022-05-01","history","0.559701227000814"
"exdqlm_multivar_synth_keep","draw_065",1008,"2022-05-02","history","0.545004768665125"
"exdqlm_multivar_synth_keep","draw_065",1008,"2022-05-03","history","0.543086549210311"
"exdqlm_multivar_synth_keep","draw_065",1008,"2022-05-04","history","0.537094744494875"
"exdqlm_multivar_synth_keep","draw_065",1008,"2022-05-05","history","0.531240876748230"
"exdqlm_multivar_synth_keep","draw_065",1008,"2022-05-06","history","0.523849563198472"
"exdqlm_multivar_synth_keep","draw_065",1008,"2022-05-07","history","0.519146679806007"
"exdqlm_multivar_synth_keep","draw_065",1008,"2022-05-08","history","0.513983258951846"
"exdqlm_multivar_synth_keep","draw_065",1008,"2022-05-09","history","0.514966471041762"
"exdqlm_multivar_synth_keep","draw_065",1008,"2022-05-10","history","0.515156649881513"
"exdqlm_multivar_synth_keep","draw_065",1008,"2022-05-11","history","0.512471450530752"
"exdqlm_multivar_synth_keep","draw_066",1024,"2022-04-23","history","0.722616049728882"
"exdqlm_multivar_synth_keep","draw_066",1024,"2022-04-24","history","0.633404994507414"
"exdqlm_multivar_synth_keep","draw_066",1024,"2022-04-25","history","0.621607283396110"
"exdqlm_multivar_synth_keep","draw_066",1024,"2022-04-26","history","0.600934965703593"
"exdqlm_multivar_synth_keep","draw_066",1024,"2022-04-27","history","0.591119847686628"
"exdqlm_multivar_synth_keep","draw_066",1024,"2022-04-28","history","0.584720748524123"
"exdqlm_multivar_synth_keep","draw_066",1024,"2022-04-29","history","0.565098613117807"
"exdqlm_multivar_synth_keep","draw_066",1024,"2022-04-30","history","0.563527829280822"
"exdqlm_multivar_synth_keep","draw_066",1024,"2022-05-01","history","0.560841945699772"
"exdqlm_multivar_synth_keep","draw_066",1024,"2022-05-02","history","0.546978730151996"
"exdqlm_multivar_synth_keep","draw_066",1024,"2022-05-03","history","0.545112469584675"
"exdqlm_multivar_synth_keep","draw_066",1024,"2022-05-04","history","0.538590173576918"
"exdqlm_multivar_synth_keep","draw_066",1024,"2022-05-05","history","0.531404740936111"
"exdqlm_multivar_synth_keep","draw_066",1024,"2022-05-06","history","0.524585938290449"
"exdqlm_multivar_synth_keep","draw_066",1024,"2022-05-07","history","0.523960631817708"
"exdqlm_multivar_synth_keep","draw_066",1024,"2022-05-08","history","0.516368717092279"
"exdqlm_multivar_synth_keep","draw_066",1024,"2022-05-09","history","0.516442618923383"
"exdqlm_multivar_synth_keep","draw_066",1024,"2022-05-10","history","0.519092927614874"
"exdqlm_multivar_synth_keep","draw_066",1024,"2022-05-11","history","0.514383976910352"
"exdqlm_multivar_synth_keep","draw_067",1040,"2022-04-23","history","0.725697200662470"
"exdqlm_multivar_synth_keep","draw_067",1040,"2022-04-24","history","0.636334595813240"
"exdqlm_multivar_synth_keep","draw_067",1040,"2022-04-25","history","0.624059059350451"
"exdqlm_multivar_synth_keep","draw_067",1040,"2022-04-26","history","0.602057450994401"
"exdqlm_multivar_synth_keep","draw_067",1040,"2022-04-27","history","0.592758773863533"
"exdqlm_multivar_synth_keep","draw_067",1040,"2022-04-28","history","0.585332591149074"
"exdqlm_multivar_synth_keep","draw_067",1040,"2022-04-29","history","0.567840486714027"
"exdqlm_multivar_synth_keep","draw_067",1040,"2022-04-30","history","0.567048468540981"
"exdqlm_multivar_synth_keep","draw_067",1040,"2022-05-01","history","0.563486276966181"
"exdqlm_multivar_synth_keep","draw_067",1040,"2022-05-02","history","0.549659809318593"
"exdqlm_multivar_synth_keep","draw_067",1040,"2022-05-03","history","0.547710610808448"
"exdqlm_multivar_synth_keep","draw_067",1040,"2022-05-04","history","0.540705938819549"
"exdqlm_multivar_synth_keep","draw_067",1040,"2022-05-05","history","0.532631944880095"
"exdqlm_multivar_synth_keep","draw_067",1040,"2022-05-06","history","0.527790470963278"
"exdqlm_multivar_synth_keep","draw_067",1040,"2022-05-07","history","0.526540852151322"
"exdqlm_multivar_synth_keep","draw_067",1040,"2022-05-08","history","0.517723574918628"
"exdqlm_multivar_synth_keep","draw_067",1040,"2022-05-09","history","0.521824175283013"
"exdqlm_multivar_synth_keep","draw_067",1040,"2022-05-10","history","0.522921623151864"
"exdqlm_multivar_synth_keep","draw_067",1040,"2022-05-11","history","0.516176129311473"
"exdqlm_multivar_synth_keep","draw_068",1056,"2022-04-23","history","0.728467542210443"
"exdqlm_multivar_synth_keep","draw_068",1056,"2022-04-24","history","0.639783502768757"
"exdqlm_multivar_synth_keep","draw_068",1056,"2022-04-25","history","0.625943704990292"
"exdqlm_multivar_synth_keep","draw_068",1056,"2022-04-26","history","0.605514293143931"
"exdqlm_multivar_synth_keep","draw_068",1056,"2022-04-27","history","0.594260050839270"
"exdqlm_multivar_synth_keep","draw_068",1056,"2022-04-28","history","0.587653823609782"
"exdqlm_multivar_synth_keep","draw_068",1056,"2022-04-29","history","0.570364063902567"
"exdqlm_multivar_synth_keep","draw_068",1056,"2022-04-30","history","0.568948204733712"
"exdqlm_multivar_synth_keep","draw_068",1056,"2022-05-01","history","0.565471615502922"
"exdqlm_multivar_synth_keep","draw_068",1056,"2022-05-02","history","0.553370682091937"
"exdqlm_multivar_synth_keep","draw_068",1056,"2022-05-03","history","0.548971620606634"
"exdqlm_multivar_synth_keep","draw_068",1056,"2022-05-04","history","0.542316317208314"
"exdqlm_multivar_synth_keep","draw_068",1056,"2022-05-05","history","0.535718896948512"
"exdqlm_multivar_synth_keep","draw_068",1056,"2022-05-06","history","0.528842549087007"
"exdqlm_multivar_synth_keep","draw_068",1056,"2022-05-07","history","0.528646378724343"
"exdqlm_multivar_synth_keep","draw_068",1056,"2022-05-08","history","0.520324422709707"
"exdqlm_multivar_synth_keep","draw_068",1056,"2022-05-09","history","0.522443935790282"
"exdqlm_multivar_synth_keep","draw_068",1056,"2022-05-10","history","0.526266299355069"
"exdqlm_multivar_synth_keep","draw_068",1056,"2022-05-11","history","0.517780549163427"
"exdqlm_multivar_synth_keep","draw_069",1071,"2022-04-23","history","0.730670115688310"
"exdqlm_multivar_synth_keep","draw_069",1071,"2022-04-24","history","0.643617403611068"
"exdqlm_multivar_synth_keep","draw_069",1071,"2022-04-25","history","0.629249511010457"
"exdqlm_multivar_synth_keep","draw_069",1071,"2022-04-26","history","0.608245903335521"
"exdqlm_multivar_synth_keep","draw_069",1071,"2022-04-27","history","0.596445522878297"
"exdqlm_multivar_synth_keep","draw_069",1071,"2022-04-28","history","0.589905523876474"
"exdqlm_multivar_synth_keep","draw_069",1071,"2022-04-29","history","0.572693489125197"
"exdqlm_multivar_synth_keep","draw_069",1071,"2022-04-30","history","0.571491459891907"
"exdqlm_multivar_synth_keep","draw_069",1071,"2022-05-01","history","0.567826198681793"
"exdqlm_multivar_synth_keep","draw_069",1071,"2022-05-02","history","0.555729682226042"
"exdqlm_multivar_synth_keep","draw_069",1071,"2022-05-03","history","0.550531945490984"
"exdqlm_multivar_synth_keep","draw_069",1071,"2022-05-04","history","0.546289299272050"
"exdqlm_multivar_synth_keep","draw_069",1071,"2022-05-05","history","0.537133544169107"
"exdqlm_multivar_synth_keep","draw_069",1071,"2022-05-06","history","0.529980292365493"
"exdqlm_multivar_synth_keep","draw_069",1071,"2022-05-07","history","0.532463257076766"
"exdqlm_multivar_synth_keep","draw_069",1071,"2022-05-08","history","0.523860012232153"
"exdqlm_multivar_synth_keep","draw_069",1071,"2022-05-09","history","0.526090911561355"
"exdqlm_multivar_synth_keep","draw_069",1071,"2022-05-10","history","0.527067541964485"
"exdqlm_multivar_synth_keep","draw_069",1071,"2022-05-11","history","0.520055028817082"
"exdqlm_multivar_synth_keep","draw_070",1087,"2022-04-23","history","0.735153791096433"
"exdqlm_multivar_synth_keep","draw_070",1087,"2022-04-24","history","0.646262978619412"
"exdqlm_multivar_synth_keep","draw_070",1087,"2022-04-25","history","0.633179074881334"
"exdqlm_multivar_synth_keep","draw_070",1087,"2022-04-26","history","0.609919842554105"
"exdqlm_multivar_synth_keep","draw_070",1087,"2022-04-27","history","0.598936163599703"
"exdqlm_multivar_synth_keep","draw_070",1087,"2022-04-28","history","0.592746794189857"
"exdqlm_multivar_synth_keep","draw_070",1087,"2022-04-29","history","0.576858506935515"
"exdqlm_multivar_synth_keep","draw_070",1087,"2022-04-30","history","0.574342433600078"
"exdqlm_multivar_synth_keep","draw_070",1087,"2022-05-01","history","0.570032378979501"
"exdqlm_multivar_synth_keep","draw_070",1087,"2022-05-02","history","0.558644716821562"
"exdqlm_multivar_synth_keep","draw_070",1087,"2022-05-03","history","0.553439048432902"
"exdqlm_multivar_synth_keep","draw_070",1087,"2022-05-04","history","0.548636274656560"
"exdqlm_multivar_synth_keep","draw_070",1087,"2022-05-05","history","0.538573147105634"
"exdqlm_multivar_synth_keep","draw_070",1087,"2022-05-06","history","0.532544280989727"
"exdqlm_multivar_synth_keep","draw_070",1087,"2022-05-07","history","0.534577804456823"
"exdqlm_multivar_synth_keep","draw_070",1087,"2022-05-08","history","0.528311369211332"
"exdqlm_multivar_synth_keep","draw_070",1087,"2022-05-09","history","0.528140507969989"
"exdqlm_multivar_synth_keep","draw_070",1087,"2022-05-10","history","0.529158259347665"
"exdqlm_multivar_synth_keep","draw_070",1087,"2022-05-11","history","0.522522656192570"
"exdqlm_multivar_synth_keep","draw_071",1103,"2022-04-23","history","0.737590936895128"
"exdqlm_multivar_synth_keep","draw_071",1103,"2022-04-24","history","0.648261636086270"
"exdqlm_multivar_synth_keep","draw_071",1103,"2022-04-25","history","0.636605500794193"
"exdqlm_multivar_synth_keep","draw_071",1103,"2022-04-26","history","0.613763370043014"
"exdqlm_multivar_synth_keep","draw_071",1103,"2022-04-27","history","0.601403747477601"
"exdqlm_multivar_synth_keep","draw_071",1103,"2022-04-28","history","0.596221873973953"
"exdqlm_multivar_synth_keep","draw_071",1103,"2022-04-29","history","0.580182481521417"
"exdqlm_multivar_synth_keep","draw_071",1103,"2022-04-30","history","0.576800699901618"
"exdqlm_multivar_synth_keep","draw_071",1103,"2022-05-01","history","0.571643358865929"
"exdqlm_multivar_synth_keep","draw_071",1103,"2022-05-02","history","0.559870745582897"
"exdqlm_multivar_synth_keep","draw_071",1103,"2022-05-03","history","0.555939274534755"
"exdqlm_multivar_synth_keep","draw_071",1103,"2022-05-04","history","0.551714933596694"
"exdqlm_multivar_synth_keep","draw_071",1103,"2022-05-05","history","0.539733524205485"
"exdqlm_multivar_synth_keep","draw_071",1103,"2022-05-06","history","0.534479867855083"
"exdqlm_multivar_synth_keep","draw_071",1103,"2022-05-07","history","0.537071500803339"
"exdqlm_multivar_synth_keep","draw_071",1103,"2022-05-08","history","0.532410236536454"
"exdqlm_multivar_synth_keep","draw_071",1103,"2022-05-09","history","0.531207723845203"
"exdqlm_multivar_synth_keep","draw_071",1103,"2022-05-10","history","0.531935025084182"
"exdqlm_multivar_synth_keep","draw_071",1103,"2022-05-11","history","0.524844900312107"
"exdqlm_multivar_synth_keep","draw_072",1119,"2022-04-23","history","0.740458126761719"
"exdqlm_multivar_synth_keep","draw_072",1119,"2022-04-24","history","0.652251086346382"
"exdqlm_multivar_synth_keep","draw_072",1119,"2022-04-25","history","0.637971610842654"
"exdqlm_multivar_synth_keep","draw_072",1119,"2022-04-26","history","0.615692895424406"
"exdqlm_multivar_synth_keep","draw_072",1119,"2022-04-27","history","0.604000014619931"
"exdqlm_multivar_synth_keep","draw_072",1119,"2022-04-28","history","0.598821409427512"
"exdqlm_multivar_synth_keep","draw_072",1119,"2022-04-29","history","0.582929318905436"
"exdqlm_multivar_synth_keep","draw_072",1119,"2022-04-30","history","0.579724321578157"
"exdqlm_multivar_synth_keep","draw_072",1119,"2022-05-01","history","0.574663193574224"
"exdqlm_multivar_synth_keep","draw_072",1119,"2022-05-02","history","0.562914826052776"
"exdqlm_multivar_synth_keep","draw_072",1119,"2022-05-03","history","0.558506766386660"
"exdqlm_multivar_synth_keep","draw_072",1119,"2022-05-04","history","0.555782061231261"
"exdqlm_multivar_synth_keep","draw_072",1119,"2022-05-05","history","0.541991078930533"
"exdqlm_multivar_synth_keep","draw_072",1119,"2022-05-06","history","0.536944327227912"
"exdqlm_multivar_synth_keep","draw_072",1119,"2022-05-07","history","0.541427272502405"
"exdqlm_multivar_synth_keep","draw_072",1119,"2022-05-08","history","0.535415386422892"
"exdqlm_multivar_synth_keep","draw_072",1119,"2022-05-09","history","0.535269679596588"
"exdqlm_multivar_synth_keep","draw_072",1119,"2022-05-10","history","0.535227117859287"
"exdqlm_multivar_synth_keep","draw_072",1119,"2022-05-11","history","0.527060588369288"
"exdqlm_multivar_synth_keep","draw_073",1134,"2022-04-23","history","0.743033178120700"
"exdqlm_multivar_synth_keep","draw_073",1134,"2022-04-24","history","0.655231747444137"
"exdqlm_multivar_synth_keep","draw_073",1134,"2022-04-25","history","0.639452694282826"
"exdqlm_multivar_synth_keep","draw_073",1134,"2022-04-26","history","0.617269625965549"
"exdqlm_multivar_synth_keep","draw_073",1134,"2022-04-27","history","0.608554943811117"
"exdqlm_multivar_synth_keep","draw_073",1134,"2022-04-28","history","0.601241507987456"
"exdqlm_multivar_synth_keep","draw_073",1134,"2022-04-29","history","0.587134207421861"
"exdqlm_multivar_synth_keep","draw_073",1134,"2022-04-30","history","0.580838525704805"
"exdqlm_multivar_synth_keep","draw_073",1134,"2022-05-01","history","0.577902104265490"
"exdqlm_multivar_synth_keep","draw_073",1134,"2022-05-02","history","0.565189856343830"
"exdqlm_multivar_synth_keep","draw_073",1134,"2022-05-03","history","0.560973525030099"
"exdqlm_multivar_synth_keep","draw_073",1134,"2022-05-04","history","0.557858044737736"
"exdqlm_multivar_synth_keep","draw_073",1134,"2022-05-05","history","0.546201513857994"
"exdqlm_multivar_synth_keep","draw_073",1134,"2022-05-06","history","0.538710535117730"
"exdqlm_multivar_synth_keep","draw_073",1134,"2022-05-07","history","0.545319868680581"
"exdqlm_multivar_synth_keep","draw_073",1134,"2022-05-08","history","0.538021330031469"
"exdqlm_multivar_synth_keep","draw_073",1134,"2022-05-09","history","0.538561796520139"
"exdqlm_multivar_synth_keep","draw_073",1134,"2022-05-10","history","0.537706184724834"
"exdqlm_multivar_synth_keep","draw_073",1134,"2022-05-11","history","0.529783339423341"
"exdqlm_multivar_synth_keep","draw_074",1150,"2022-04-23","history","0.747927955897968"
"exdqlm_multivar_synth_keep","draw_074",1150,"2022-04-24","history","0.657513877789529"
"exdqlm_multivar_synth_keep","draw_074",1150,"2022-04-25","history","0.642808074589263"
"exdqlm_multivar_synth_keep","draw_074",1150,"2022-04-26","history","0.620919731922094"
"exdqlm_multivar_synth_keep","draw_074",1150,"2022-04-27","history","0.611225183553122"
"exdqlm_multivar_synth_keep","draw_074",1150,"2022-04-28","history","0.603568619441877"
"exdqlm_multivar_synth_keep","draw_074",1150,"2022-04-29","history","0.589726644811529"
"exdqlm_multivar_synth_keep","draw_074",1150,"2022-04-30","history","0.584381265277860"
"exdqlm_multivar_synth_keep","draw_074",1150,"2022-05-01","history","0.579339810456856"
"exdqlm_multivar_synth_keep","draw_074",1150,"2022-05-02","history","0.569742384827072"
"exdqlm_multivar_synth_keep","draw_074",1150,"2022-05-03","history","0.563870575846474"
"exdqlm_multivar_synth_keep","draw_074",1150,"2022-05-04","history","0.562054169261801"
"exdqlm_multivar_synth_keep","draw_074",1150,"2022-05-05","history","0.548872172061088"
"exdqlm_multivar_synth_keep","draw_074",1150,"2022-05-06","history","0.542834597916670"
"exdqlm_multivar_synth_keep","draw_074",1150,"2022-05-07","history","0.546784137351949"
"exdqlm_multivar_synth_keep","draw_074",1150,"2022-05-08","history","0.539751767272738"
"exdqlm_multivar_synth_keep","draw_074",1150,"2022-05-09","history","0.541820068211492"
"exdqlm_multivar_synth_keep","draw_074",1150,"2022-05-10","history","0.541152704502463"
"exdqlm_multivar_synth_keep","draw_074",1150,"2022-05-11","history","0.531164859744668"
"exdqlm_multivar_synth_keep","draw_075",1166,"2022-04-23","history","0.750318190800996"
"exdqlm_multivar_synth_keep","draw_075",1166,"2022-04-24","history","0.662074742478392"
"exdqlm_multivar_synth_keep","draw_075",1166,"2022-04-25","history","0.645638951825734"
"exdqlm_multivar_synth_keep","draw_075",1166,"2022-04-26","history","0.623916118490226"
"exdqlm_multivar_synth_keep","draw_075",1166,"2022-04-27","history","0.613790577717302"
"exdqlm_multivar_synth_keep","draw_075",1166,"2022-04-28","history","0.606301745232710"
"exdqlm_multivar_synth_keep","draw_075",1166,"2022-04-29","history","0.592565090293195"
"exdqlm_multivar_synth_keep","draw_075",1166,"2022-04-30","history","0.588259212466608"
"exdqlm_multivar_synth_keep","draw_075",1166,"2022-05-01","history","0.581766221343316"
"exdqlm_multivar_synth_keep","draw_075",1166,"2022-05-02","history","0.570975829679053"
"exdqlm_multivar_synth_keep","draw_075",1166,"2022-05-03","history","0.566266705623812"
"exdqlm_multivar_synth_keep","draw_075",1166,"2022-05-04","history","0.564093542999965"
"exdqlm_multivar_synth_keep","draw_075",1166,"2022-05-05","history","0.550938323523031"
"exdqlm_multivar_synth_keep","draw_075",1166,"2022-05-06","history","0.544014965442613"
"exdqlm_multivar_synth_keep","draw_075",1166,"2022-05-07","history","0.549290926273518"
"exdqlm_multivar_synth_keep","draw_075",1166,"2022-05-08","history","0.544384767881158"
"exdqlm_multivar_synth_keep","draw_075",1166,"2022-05-09","history","0.545554136016079"
"exdqlm_multivar_synth_keep","draw_075",1166,"2022-05-10","history","0.543601872095899"
"exdqlm_multivar_synth_keep","draw_075",1166,"2022-05-11","history","0.533921943297992"
"exdqlm_multivar_synth_keep","draw_076",1182,"2022-04-23","history","0.753248800835747"
"exdqlm_multivar_synth_keep","draw_076",1182,"2022-04-24","history","0.667057819672507"
"exdqlm_multivar_synth_keep","draw_076",1182,"2022-04-25","history","0.649969869266105"
"exdqlm_multivar_synth_keep","draw_076",1182,"2022-04-26","history","0.626159453118783"
"exdqlm_multivar_synth_keep","draw_076",1182,"2022-04-27","history","0.618044260837131"
"exdqlm_multivar_synth_keep","draw_076",1182,"2022-04-28","history","0.608779133477059"
"exdqlm_multivar_synth_keep","draw_076",1182,"2022-04-29","history","0.595958976883761"
"exdqlm_multivar_synth_keep","draw_076",1182,"2022-04-30","history","0.590999996339093"
"exdqlm_multivar_synth_keep","draw_076",1182,"2022-05-01","history","0.585034150938154"
"exdqlm_multivar_synth_keep","draw_076",1182,"2022-05-02","history","0.573183127325419"
"exdqlm_multivar_synth_keep","draw_076",1182,"2022-05-03","history","0.567838292819105"
"exdqlm_multivar_synth_keep","draw_076",1182,"2022-05-04","history","0.566847006857376"
"exdqlm_multivar_synth_keep","draw_076",1182,"2022-05-05","history","0.552070811587951"
"exdqlm_multivar_synth_keep","draw_076",1182,"2022-05-06","history","0.546483308051061"
"exdqlm_multivar_synth_keep","draw_076",1182,"2022-05-07","history","0.553378652003095"
"exdqlm_multivar_synth_keep","draw_076",1182,"2022-05-08","history","0.548007426045257"
"exdqlm_multivar_synth_keep","draw_076",1182,"2022-05-09","history","0.547886372040501"
"exdqlm_multivar_synth_keep","draw_076",1182,"2022-05-10","history","0.545691934551326"
"exdqlm_multivar_synth_keep","draw_076",1182,"2022-05-11","history","0.536989154904668"
"exdqlm_multivar_synth_keep","draw_077",1197,"2022-04-23","history","0.757057215259210"
"exdqlm_multivar_synth_keep","draw_077",1197,"2022-04-24","history","0.670352901943731"
"exdqlm_multivar_synth_keep","draw_077",1197,"2022-04-25","history","0.651284191920848"
"exdqlm_multivar_synth_keep","draw_077",1197,"2022-04-26","history","0.628277409646735"
"exdqlm_multivar_synth_keep","draw_077",1197,"2022-04-27","history","0.620163359614678"
"exdqlm_multivar_synth_keep","draw_077",1197,"2022-04-28","history","0.611025762785433"
"exdqlm_multivar_synth_keep","draw_077",1197,"2022-04-29","history","0.597867501906154"
"exdqlm_multivar_synth_keep","draw_077",1197,"2022-04-30","history","0.593470297504993"
"exdqlm_multivar_synth_keep","draw_077",1197,"2022-05-01","history","0.586553836473293"
"exdqlm_multivar_synth_keep","draw_077",1197,"2022-05-02","history","0.575348183753962"
"exdqlm_multivar_synth_keep","draw_077",1197,"2022-05-03","history","0.569402528598989"
"exdqlm_multivar_synth_keep","draw_077",1197,"2022-05-04","history","0.569489247019214"
"exdqlm_multivar_synth_keep","draw_077",1197,"2022-05-05","history","0.554878496625264"
"exdqlm_multivar_synth_keep","draw_077",1197,"2022-05-06","history","0.548332359714169"
"exdqlm_multivar_synth_keep","draw_077",1197,"2022-05-07","history","0.555134300308580"
"exdqlm_multivar_synth_keep","draw_077",1197,"2022-05-08","history","0.549754582775084"
"exdqlm_multivar_synth_keep","draw_077",1197,"2022-05-09","history","0.550098618477675"
"exdqlm_multivar_synth_keep","draw_077",1197,"2022-05-10","history","0.549374931160699"
"exdqlm_multivar_synth_keep","draw_077",1197,"2022-05-11","history","0.539473863232179"
"exdqlm_multivar_synth_keep","draw_078",1213,"2022-04-23","history","0.759363897734095"
"exdqlm_multivar_synth_keep","draw_078",1213,"2022-04-24","history","0.673242658165676"
"exdqlm_multivar_synth_keep","draw_078",1213,"2022-04-25","history","0.652992715896718"
"exdqlm_multivar_synth_keep","draw_078",1213,"2022-04-26","history","0.630939416481190"
"exdqlm_multivar_synth_keep","draw_078",1213,"2022-04-27","history","0.623280442108071"
"exdqlm_multivar_synth_keep","draw_078",1213,"2022-04-28","history","0.612584146705330"
"exdqlm_multivar_synth_keep","draw_078",1213,"2022-04-29","history","0.601161298470098"
"exdqlm_multivar_synth_keep","draw_078",1213,"2022-04-30","history","0.596079516225711"
"exdqlm_multivar_synth_keep","draw_078",1213,"2022-05-01","history","0.589120310032945"
"exdqlm_multivar_synth_keep","draw_078",1213,"2022-05-02","history","0.577775349949546"
"exdqlm_multivar_synth_keep","draw_078",1213,"2022-05-03","history","0.571118131255914"
"exdqlm_multivar_synth_keep","draw_078",1213,"2022-05-04","history","0.572155993138154"
"exdqlm_multivar_synth_keep","draw_078",1213,"2022-05-05","history","0.556960213928966"
"exdqlm_multivar_synth_keep","draw_078",1213,"2022-05-06","history","0.551105186878593"
"exdqlm_multivar_synth_keep","draw_078",1213,"2022-05-07","history","0.556736175855296"
"exdqlm_multivar_synth_keep","draw_078",1213,"2022-05-08","history","0.552593383368968"
"exdqlm_multivar_synth_keep","draw_078",1213,"2022-05-09","history","0.552779534694524"
"exdqlm_multivar_synth_keep","draw_078",1213,"2022-05-10","history","0.550789063934625"
"exdqlm_multivar_synth_keep","draw_078",1213,"2022-05-11","history","0.541818037966655"
"exdqlm_multivar_synth_keep","draw_079",1229,"2022-04-23","history","0.761135846400375"
"exdqlm_multivar_synth_keep","draw_079",1229,"2022-04-24","history","0.676644639842378"
"exdqlm_multivar_synth_keep","draw_079",1229,"2022-04-25","history","0.656430175273921"
"exdqlm_multivar_synth_keep","draw_079",1229,"2022-04-26","history","0.632869762178436"
"exdqlm_multivar_synth_keep","draw_079",1229,"2022-04-27","history","0.625616048063745"
"exdqlm_multivar_synth_keep","draw_079",1229,"2022-04-28","history","0.613815092984801"
"exdqlm_multivar_synth_keep","draw_079",1229,"2022-04-29","history","0.602959047722490"
"exdqlm_multivar_synth_keep","draw_079",1229,"2022-04-30","history","0.599694228803779"
"exdqlm_multivar_synth_keep","draw_079",1229,"2022-05-01","history","0.591763341048165"
"exdqlm_multivar_synth_keep","draw_079",1229,"2022-05-02","history","0.580084961115143"
"exdqlm_multivar_synth_keep","draw_079",1229,"2022-05-03","history","0.573384190430082"
"exdqlm_multivar_synth_keep","draw_079",1229,"2022-05-04","history","0.574881173642217"
"exdqlm_multivar_synth_keep","draw_079",1229,"2022-05-05","history","0.559300749012947"
"exdqlm_multivar_synth_keep","draw_079",1229,"2022-05-06","history","0.556037732970585"
"exdqlm_multivar_synth_keep","draw_079",1229,"2022-05-07","history","0.559276962572602"
"exdqlm_multivar_synth_keep","draw_079",1229,"2022-05-08","history","0.555208159952208"
"exdqlm_multivar_synth_keep","draw_079",1229,"2022-05-09","history","0.556243382761181"
"exdqlm_multivar_synth_keep","draw_079",1229,"2022-05-10","history","0.554603844960983"
"exdqlm_multivar_synth_keep","draw_079",1229,"2022-05-11","history","0.544453629897264"
"exdqlm_multivar_synth_keep","draw_080",1244,"2022-04-23","history","0.763339826982324"
"exdqlm_multivar_synth_keep","draw_080",1244,"2022-04-24","history","0.682314222415099"
"exdqlm_multivar_synth_keep","draw_080",1244,"2022-04-25","history","0.658965610230450"
"exdqlm_multivar_synth_keep","draw_080",1244,"2022-04-26","history","0.634909263282938"
"exdqlm_multivar_synth_keep","draw_080",1244,"2022-04-27","history","0.627434946014346"
"exdqlm_multivar_synth_keep","draw_080",1244,"2022-04-28","history","0.615952482153912"
"exdqlm_multivar_synth_keep","draw_080",1244,"2022-04-29","history","0.605753845190739"
"exdqlm_multivar_synth_keep","draw_080",1244,"2022-04-30","history","0.601085241989655"
"exdqlm_multivar_synth_keep","draw_080",1244,"2022-05-01","history","0.593844716905391"
"exdqlm_multivar_synth_keep","draw_080",1244,"2022-05-02","history","0.583701456117362"
"exdqlm_multivar_synth_keep","draw_080",1244,"2022-05-03","history","0.575885193608039"
"exdqlm_multivar_synth_keep","draw_080",1244,"2022-05-04","history","0.577297363870767"
"exdqlm_multivar_synth_keep","draw_080",1244,"2022-05-05","history","0.561827974398099"
"exdqlm_multivar_synth_keep","draw_080",1244,"2022-05-06","history","0.559006712136636"
"exdqlm_multivar_synth_keep","draw_080",1244,"2022-05-07","history","0.560187356147622"
"exdqlm_multivar_synth_keep","draw_080",1244,"2022-05-08","history","0.556767898656372"
"exdqlm_multivar_synth_keep","draw_080",1244,"2022-05-09","history","0.557922997604355"
"exdqlm_multivar_synth_keep","draw_080",1244,"2022-05-10","history","0.556204909750958"
"exdqlm_multivar_synth_keep","draw_080",1244,"2022-05-11","history","0.546483393549547"
"exdqlm_multivar_synth_keep","draw_081",1260,"2022-04-23","history","0.765035690425555"
"exdqlm_multivar_synth_keep","draw_081",1260,"2022-04-24","history","0.685095882081012"
"exdqlm_multivar_synth_keep","draw_081",1260,"2022-04-25","history","0.663011220961362"
"exdqlm_multivar_synth_keep","draw_081",1260,"2022-04-26","history","0.642252470439882"
"exdqlm_multivar_synth_keep","draw_081",1260,"2022-04-27","history","0.630953286903285"
"exdqlm_multivar_synth_keep","draw_081",1260,"2022-04-28","history","0.618665071523729"
"exdqlm_multivar_synth_keep","draw_081",1260,"2022-04-29","history","0.607618792058593"
"exdqlm_multivar_synth_keep","draw_081",1260,"2022-04-30","history","0.603520435643706"
"exdqlm_multivar_synth_keep","draw_081",1260,"2022-05-01","history","0.596609428026602"
"exdqlm_multivar_synth_keep","draw_081",1260,"2022-05-02","history","0.586818283819354"
"exdqlm_multivar_synth_keep","draw_081",1260,"2022-05-03","history","0.577276162322109"
"exdqlm_multivar_synth_keep","draw_081",1260,"2022-05-04","history","0.578912327847309"
"exdqlm_multivar_synth_keep","draw_081",1260,"2022-05-05","history","0.564006197554476"
"exdqlm_multivar_synth_keep","draw_081",1260,"2022-05-06","history","0.560964390921930"
"exdqlm_multivar_synth_keep","draw_081",1260,"2022-05-07","history","0.562279550238968"
"exdqlm_multivar_synth_keep","draw_081",1260,"2022-05-08","history","0.559433683060659"
"exdqlm_multivar_synth_keep","draw_081",1260,"2022-05-09","history","0.558939865997013"
"exdqlm_multivar_synth_keep","draw_081",1260,"2022-05-10","history","0.559910308995946"
"exdqlm_multivar_synth_keep","draw_081",1260,"2022-05-11","history","0.551183088795486"
"exdqlm_multivar_synth_keep","draw_082",1276,"2022-04-23","history","0.767628227874332"
"exdqlm_multivar_synth_keep","draw_082",1276,"2022-04-24","history","0.689478388334958"
"exdqlm_multivar_synth_keep","draw_082",1276,"2022-04-25","history","0.669143390618843"
"exdqlm_multivar_synth_keep","draw_082",1276,"2022-04-26","history","0.646833616760793"
"exdqlm_multivar_synth_keep","draw_082",1276,"2022-04-27","history","0.632720295346384"
"exdqlm_multivar_synth_keep","draw_082",1276,"2022-04-28","history","0.619895927081073"
"exdqlm_multivar_synth_keep","draw_082",1276,"2022-04-29","history","0.614035644313827"
"exdqlm_multivar_synth_keep","draw_082",1276,"2022-04-30","history","0.606254440098218"
"exdqlm_multivar_synth_keep","draw_082",1276,"2022-05-01","history","0.600534138578773"
"exdqlm_multivar_synth_keep","draw_082",1276,"2022-05-02","history","0.589243190085575"
"exdqlm_multivar_synth_keep","draw_082",1276,"2022-05-03","history","0.579380100482630"
"exdqlm_multivar_synth_keep","draw_082",1276,"2022-05-04","history","0.581053925908777"
"exdqlm_multivar_synth_keep","draw_082",1276,"2022-05-05","history","0.565979871051305"
"exdqlm_multivar_synth_keep","draw_082",1276,"2022-05-06","history","0.562987837141486"
"exdqlm_multivar_synth_keep","draw_082",1276,"2022-05-07","history","0.567417505573459"
"exdqlm_multivar_synth_keep","draw_082",1276,"2022-05-08","history","0.560876741711260"
"exdqlm_multivar_synth_keep","draw_082",1276,"2022-05-09","history","0.560335997685608"
"exdqlm_multivar_synth_keep","draw_082",1276,"2022-05-10","history","0.563187681801540"
"exdqlm_multivar_synth_keep","draw_082",1276,"2022-05-11","history","0.554565473094176"
"exdqlm_multivar_synth_keep","draw_083",1292,"2022-04-23","history","0.771778792762853"
"exdqlm_multivar_synth_keep","draw_083",1292,"2022-04-24","history","0.696010629442938"
"exdqlm_multivar_synth_keep","draw_083",1292,"2022-04-25","history","0.673825333831670"
"exdqlm_multivar_synth_keep","draw_083",1292,"2022-04-26","history","0.648258247990591"
"exdqlm_multivar_synth_keep","draw_083",1292,"2022-04-27","history","0.634184893459404"
"exdqlm_multivar_synth_keep","draw_083",1292,"2022-04-28","history","0.623549686257591"
"exdqlm_multivar_synth_keep","draw_083",1292,"2022-04-29","history","0.616739168211651"
"exdqlm_multivar_synth_keep","draw_083",1292,"2022-04-30","history","0.607946802000006"
"exdqlm_multivar_synth_keep","draw_083",1292,"2022-05-01","history","0.602258387455278"
"exdqlm_multivar_synth_keep","draw_083",1292,"2022-05-02","history","0.591909072260666"
"exdqlm_multivar_synth_keep","draw_083",1292,"2022-05-03","history","0.582325908389866"
"exdqlm_multivar_synth_keep","draw_083",1292,"2022-05-04","history","0.582763167435530"
"exdqlm_multivar_synth_keep","draw_083",1292,"2022-05-05","history","0.566835336901872"
"exdqlm_multivar_synth_keep","draw_083",1292,"2022-05-06","history","0.567187021634141"
"exdqlm_multivar_synth_keep","draw_083",1292,"2022-05-07","history","0.569847690601137"
"exdqlm_multivar_synth_keep","draw_083",1292,"2022-05-08","history","0.563294321571743"
"exdqlm_multivar_synth_keep","draw_083",1292,"2022-05-09","history","0.562011293608534"
"exdqlm_multivar_synth_keep","draw_083",1292,"2022-05-10","history","0.567032677050217"
"exdqlm_multivar_synth_keep","draw_083",1292,"2022-05-11","history","0.556142283089215"
"exdqlm_multivar_synth_keep","draw_084",1307,"2022-04-23","history","0.779699495100347"
"exdqlm_multivar_synth_keep","draw_084",1307,"2022-04-24","history","0.700117157689270"
"exdqlm_multivar_synth_keep","draw_084",1307,"2022-04-25","history","0.677574753541318"
"exdqlm_multivar_synth_keep","draw_084",1307,"2022-04-26","history","0.650357675045597"
"exdqlm_multivar_synth_keep","draw_084",1307,"2022-04-27","history","0.636119788145294"
"exdqlm_multivar_synth_keep","draw_084",1307,"2022-04-28","history","0.626008227086551"
"exdqlm_multivar_synth_keep","draw_084",1307,"2022-04-29","history","0.618279297528679"
"exdqlm_multivar_synth_keep","draw_084",1307,"2022-04-30","history","0.609186093239671"
"exdqlm_multivar_synth_keep","draw_084",1307,"2022-05-01","history","0.605126722715212"
"exdqlm_multivar_synth_keep","draw_084",1307,"2022-05-02","history","0.593775763736973"
"exdqlm_multivar_synth_keep","draw_084",1307,"2022-05-03","history","0.583668551261739"
"exdqlm_multivar_synth_keep","draw_084",1307,"2022-05-04","history","0.584408788886699"
"exdqlm_multivar_synth_keep","draw_084",1307,"2022-05-05","history","0.568796412654457"
"exdqlm_multivar_synth_keep","draw_084",1307,"2022-05-06","history","0.571696275641419"
"exdqlm_multivar_synth_keep","draw_084",1307,"2022-05-07","history","0.573996485705794"
"exdqlm_multivar_synth_keep","draw_084",1307,"2022-05-08","history","0.565721596739647"
"exdqlm_multivar_synth_keep","draw_084",1307,"2022-05-09","history","0.563116225838515"
"exdqlm_multivar_synth_keep","draw_084",1307,"2022-05-10","history","0.570399662498932"
"exdqlm_multivar_synth_keep","draw_084",1307,"2022-05-11","history","0.557004746806637"
"exdqlm_multivar_synth_keep","draw_085",1323,"2022-04-23","history","0.786048890900012"
"exdqlm_multivar_synth_keep","draw_085",1323,"2022-04-24","history","0.702102443997148"
"exdqlm_multivar_synth_keep","draw_085",1323,"2022-04-25","history","0.680423151373160"
"exdqlm_multivar_synth_keep","draw_085",1323,"2022-04-26","history","0.655039098404706"
"exdqlm_multivar_synth_keep","draw_085",1323,"2022-04-27","history","0.640268054156035"
"exdqlm_multivar_synth_keep","draw_085",1323,"2022-04-28","history","0.630375803593184"
"exdqlm_multivar_synth_keep","draw_085",1323,"2022-04-29","history","0.620850185456764"
"exdqlm_multivar_synth_keep","draw_085",1323,"2022-04-30","history","0.611834546281581"
"exdqlm_multivar_synth_keep","draw_085",1323,"2022-05-01","history","0.607952329731102"
"exdqlm_multivar_synth_keep","draw_085",1323,"2022-05-02","history","0.597307036151519"
"exdqlm_multivar_synth_keep","draw_085",1323,"2022-05-03","history","0.584996277360588"
"exdqlm_multivar_synth_keep","draw_085",1323,"2022-05-04","history","0.586385368002386"
"exdqlm_multivar_synth_keep","draw_085",1323,"2022-05-05","history","0.571893902507511"
"exdqlm_multivar_synth_keep","draw_085",1323,"2022-05-06","history","0.574396038947887"
"exdqlm_multivar_synth_keep","draw_085",1323,"2022-05-07","history","0.577112333198551"
"exdqlm_multivar_synth_keep","draw_085",1323,"2022-05-08","history","0.567088755582666"
"exdqlm_multivar_synth_keep","draw_085",1323,"2022-05-09","history","0.564679465552414"
"exdqlm_multivar_synth_keep","draw_085",1323,"2022-05-10","history","0.572329927671056"
"exdqlm_multivar_synth_keep","draw_085",1323,"2022-05-11","history","0.558413159604721"
"exdqlm_multivar_synth_keep","draw_086",1339,"2022-04-23","history","0.789132243822204"
"exdqlm_multivar_synth_keep","draw_086",1339,"2022-04-24","history","0.707756577476619"
"exdqlm_multivar_synth_keep","draw_086",1339,"2022-04-25","history","0.684634688479294"
"exdqlm_multivar_synth_keep","draw_086",1339,"2022-04-26","history","0.657724674058751"
"exdqlm_multivar_synth_keep","draw_086",1339,"2022-04-27","history","0.644907834885786"
"exdqlm_multivar_synth_keep","draw_086",1339,"2022-04-28","history","0.633816078979176"
"exdqlm_multivar_synth_keep","draw_086",1339,"2022-04-29","history","0.623459023159301"
"exdqlm_multivar_synth_keep","draw_086",1339,"2022-04-30","history","0.613166316728226"
"exdqlm_multivar_synth_keep","draw_086",1339,"2022-05-01","history","0.610943142137454"
"exdqlm_multivar_synth_keep","draw_086",1339,"2022-05-02","history","0.601459522683210"
"exdqlm_multivar_synth_keep","draw_086",1339,"2022-05-03","history","0.588583255906566"
"exdqlm_multivar_synth_keep","draw_086",1339,"2022-05-04","history","0.590829929582778"
"exdqlm_multivar_synth_keep","draw_086",1339,"2022-05-05","history","0.573685541086258"
"exdqlm_multivar_synth_keep","draw_086",1339,"2022-05-06","history","0.577019472142439"
"exdqlm_multivar_synth_keep","draw_086",1339,"2022-05-07","history","0.581803151809910"
"exdqlm_multivar_synth_keep","draw_086",1339,"2022-05-08","history","0.569321315690797"
"exdqlm_multivar_synth_keep","draw_086",1339,"2022-05-09","history","0.568101086000176"
"exdqlm_multivar_synth_keep","draw_086",1339,"2022-05-10","history","0.576910625699767"
"exdqlm_multivar_synth_keep","draw_086",1339,"2022-05-11","history","0.561021566870712"
"exdqlm_multivar_synth_keep","draw_087",1355,"2022-04-23","history","0.794368711591200"
"exdqlm_multivar_synth_keep","draw_087",1355,"2022-04-24","history","0.711929859205389"
"exdqlm_multivar_synth_keep","draw_087",1355,"2022-04-25","history","0.687588509340963"
"exdqlm_multivar_synth_keep","draw_087",1355,"2022-04-26","history","0.659437871323647"
"exdqlm_multivar_synth_keep","draw_087",1355,"2022-04-27","history","0.648114798010007"
"exdqlm_multivar_synth_keep","draw_087",1355,"2022-04-28","history","0.636181748798011"
"exdqlm_multivar_synth_keep","draw_087",1355,"2022-04-29","history","0.625929799840986"
"exdqlm_multivar_synth_keep","draw_087",1355,"2022-04-30","history","0.617793079146823"
"exdqlm_multivar_synth_keep","draw_087",1355,"2022-05-01","history","0.614247428426422"
"exdqlm_multivar_synth_keep","draw_087",1355,"2022-05-02","history","0.605855928672672"
"exdqlm_multivar_synth_keep","draw_087",1355,"2022-05-03","history","0.593425225039214"
"exdqlm_multivar_synth_keep","draw_087",1355,"2022-05-04","history","0.594598142350682"
"exdqlm_multivar_synth_keep","draw_087",1355,"2022-05-05","history","0.577509369312534"
"exdqlm_multivar_synth_keep","draw_087",1355,"2022-05-06","history","0.579301030494505"
"exdqlm_multivar_synth_keep","draw_087",1355,"2022-05-07","history","0.583646000486932"
"exdqlm_multivar_synth_keep","draw_087",1355,"2022-05-08","history","0.572645881177970"
"exdqlm_multivar_synth_keep","draw_087",1355,"2022-05-09","history","0.569582628073983"
"exdqlm_multivar_synth_keep","draw_087",1355,"2022-05-10","history","0.579912346149455"
"exdqlm_multivar_synth_keep","draw_087",1355,"2022-05-11","history","0.565640570964766"
"exdqlm_multivar_synth_keep","draw_088",1370,"2022-04-23","history","0.800138647013852"
"exdqlm_multivar_synth_keep","draw_088",1370,"2022-04-24","history","0.718150898775553"
"exdqlm_multivar_synth_keep","draw_088",1370,"2022-04-25","history","0.692542083739299"
"exdqlm_multivar_synth_keep","draw_088",1370,"2022-04-26","history","0.662770214308307"
"exdqlm_multivar_synth_keep","draw_088",1370,"2022-04-27","history","0.650686475135378"
"exdqlm_multivar_synth_keep","draw_088",1370,"2022-04-28","history","0.638273370044562"
"exdqlm_multivar_synth_keep","draw_088",1370,"2022-04-29","history","0.628889036189514"
"exdqlm_multivar_synth_keep","draw_088",1370,"2022-04-30","history","0.621810022637981"
"exdqlm_multivar_synth_keep","draw_088",1370,"2022-05-01","history","0.617225885080140"
"exdqlm_multivar_synth_keep","draw_088",1370,"2022-05-02","history","0.607147586138538"
"exdqlm_multivar_synth_keep","draw_088",1370,"2022-05-03","history","0.596562557392931"
"exdqlm_multivar_synth_keep","draw_088",1370,"2022-05-04","history","0.597002603433967"
"exdqlm_multivar_synth_keep","draw_088",1370,"2022-05-05","history","0.581427813346510"
"exdqlm_multivar_synth_keep","draw_088",1370,"2022-05-06","history","0.581702823032134"
"exdqlm_multivar_synth_keep","draw_088",1370,"2022-05-07","history","0.586349660485468"
"exdqlm_multivar_synth_keep","draw_088",1370,"2022-05-08","history","0.575003074862533"
"exdqlm_multivar_synth_keep","draw_088",1370,"2022-05-09","history","0.573635947474799"
"exdqlm_multivar_synth_keep","draw_088",1370,"2022-05-10","history","0.582343793330305"
"exdqlm_multivar_synth_keep","draw_088",1370,"2022-05-11","history","0.571898835897843"
"exdqlm_multivar_synth_keep","draw_089",1386,"2022-04-23","history","0.806704674109926"
"exdqlm_multivar_synth_keep","draw_089",1386,"2022-04-24","history","0.724034816258343"
"exdqlm_multivar_synth_keep","draw_089",1386,"2022-04-25","history","0.697410060162606"
"exdqlm_multivar_synth_keep","draw_089",1386,"2022-04-26","history","0.667754455130360"
"exdqlm_multivar_synth_keep","draw_089",1386,"2022-04-27","history","0.654321867398188"
"exdqlm_multivar_synth_keep","draw_089",1386,"2022-04-28","history","0.640566292857243"
"exdqlm_multivar_synth_keep","draw_089",1386,"2022-04-29","history","0.632302324109215"
"exdqlm_multivar_synth_keep","draw_089",1386,"2022-04-30","history","0.625160862847458"
"exdqlm_multivar_synth_keep","draw_089",1386,"2022-05-01","history","0.619615602910589"
"exdqlm_multivar_synth_keep","draw_089",1386,"2022-05-02","history","0.609535663490534"
"exdqlm_multivar_synth_keep","draw_089",1386,"2022-05-03","history","0.598867843551015"
"exdqlm_multivar_synth_keep","draw_089",1386,"2022-05-04","history","0.599478342039091"
"exdqlm_multivar_synth_keep","draw_089",1386,"2022-05-05","history","0.585663015937726"
"exdqlm_multivar_synth_keep","draw_089",1386,"2022-05-06","history","0.585167198801054"
"exdqlm_multivar_synth_keep","draw_089",1386,"2022-05-07","history","0.587677109786569"
"exdqlm_multivar_synth_keep","draw_089",1386,"2022-05-08","history","0.578407007971923"
"exdqlm_multivar_synth_keep","draw_089",1386,"2022-05-09","history","0.577605120066951"
"exdqlm_multivar_synth_keep","draw_089",1386,"2022-05-10","history","0.586193698045684"
"exdqlm_multivar_synth_keep","draw_089",1386,"2022-05-11","history","0.577327093051305"
"exdqlm_multivar_synth_keep","draw_090",1402,"2022-04-23","history","0.810220433145944"
"exdqlm_multivar_synth_keep","draw_090",1402,"2022-04-24","history","0.729496509711194"
"exdqlm_multivar_synth_keep","draw_090",1402,"2022-04-25","history","0.702962144732548"
"exdqlm_multivar_synth_keep","draw_090",1402,"2022-04-26","history","0.670985529208147"
"exdqlm_multivar_synth_keep","draw_090",1402,"2022-04-27","history","0.656849440527078"
"exdqlm_multivar_synth_keep","draw_090",1402,"2022-04-28","history","0.641835070269399"
"exdqlm_multivar_synth_keep","draw_090",1402,"2022-04-29","history","0.638065372414504"
"exdqlm_multivar_synth_keep","draw_090",1402,"2022-04-30","history","0.629723468283490"
"exdqlm_multivar_synth_keep","draw_090",1402,"2022-05-01","history","0.625144596077161"
"exdqlm_multivar_synth_keep","draw_090",1402,"2022-05-02","history","0.612303409628594"
"exdqlm_multivar_synth_keep","draw_090",1402,"2022-05-03","history","0.603384043469061"
"exdqlm_multivar_synth_keep","draw_090",1402,"2022-05-04","history","0.601649195718348"
"exdqlm_multivar_synth_keep","draw_090",1402,"2022-05-05","history","0.588766403698424"
"exdqlm_multivar_synth_keep","draw_090",1402,"2022-05-06","history","0.589176833390308"
"exdqlm_multivar_synth_keep","draw_090",1402,"2022-05-07","history","0.590954620566813"
"exdqlm_multivar_synth_keep","draw_090",1402,"2022-05-08","history","0.582204945814036"
"exdqlm_multivar_synth_keep","draw_090",1402,"2022-05-09","history","0.582051005621126"
"exdqlm_multivar_synth_keep","draw_090",1402,"2022-05-10","history","0.589072691447081"
"exdqlm_multivar_synth_keep","draw_090",1402,"2022-05-11","history","0.579956070133827"
"exdqlm_multivar_synth_keep","draw_091",1418,"2022-04-23","history","0.813420612085377"
"exdqlm_multivar_synth_keep","draw_091",1418,"2022-04-24","history","0.733943223861179"
"exdqlm_multivar_synth_keep","draw_091",1418,"2022-04-25","history","0.706740570298442"
"exdqlm_multivar_synth_keep","draw_091",1418,"2022-04-26","history","0.674421856005145"
"exdqlm_multivar_synth_keep","draw_091",1418,"2022-04-27","history","0.661641378361775"
"exdqlm_multivar_synth_keep","draw_091",1418,"2022-04-28","history","0.648298536463185"
"exdqlm_multivar_synth_keep","draw_091",1418,"2022-04-29","history","0.643257671220157"
"exdqlm_multivar_synth_keep","draw_091",1418,"2022-04-30","history","0.631935854455727"
"exdqlm_multivar_synth_keep","draw_091",1418,"2022-05-01","history","0.627422762240204"
"exdqlm_multivar_synth_keep","draw_091",1418,"2022-05-02","history","0.615213479331362"
"exdqlm_multivar_synth_keep","draw_091",1418,"2022-05-03","history","0.607111730651020"
"exdqlm_multivar_synth_keep","draw_091",1418,"2022-05-04","history","0.605334643650520"
"exdqlm_multivar_synth_keep","draw_091",1418,"2022-05-05","history","0.593626024465008"
"exdqlm_multivar_synth_keep","draw_091",1418,"2022-05-06","history","0.592087972719368"
"exdqlm_multivar_synth_keep","draw_091",1418,"2022-05-07","history","0.592662638105276"
"exdqlm_multivar_synth_keep","draw_091",1418,"2022-05-08","history","0.585744375017966"
"exdqlm_multivar_synth_keep","draw_091",1418,"2022-05-09","history","0.586217159376217"
"exdqlm_multivar_synth_keep","draw_091",1418,"2022-05-10","history","0.593247549195107"
"exdqlm_multivar_synth_keep","draw_091",1418,"2022-05-11","history","0.583214014676480"
"exdqlm_multivar_synth_keep","draw_092",1433,"2022-04-23","history","0.819144710618311"
"exdqlm_multivar_synth_keep","draw_092",1433,"2022-04-24","history","0.738497736481529"
"exdqlm_multivar_synth_keep","draw_092",1433,"2022-04-25","history","0.710553812818631"
"exdqlm_multivar_synth_keep","draw_092",1433,"2022-04-26","history","0.677779895591867"
"exdqlm_multivar_synth_keep","draw_092",1433,"2022-04-27","history","0.664017519303134"
"exdqlm_multivar_synth_keep","draw_092",1433,"2022-04-28","history","0.650526825043072"
"exdqlm_multivar_synth_keep","draw_092",1433,"2022-04-29","history","0.646343072421719"
"exdqlm_multivar_synth_keep","draw_092",1433,"2022-04-30","history","0.635861143761323"
"exdqlm_multivar_synth_keep","draw_092",1433,"2022-05-01","history","0.632478870970121"
"exdqlm_multivar_synth_keep","draw_092",1433,"2022-05-02","history","0.617147707158747"
"exdqlm_multivar_synth_keep","draw_092",1433,"2022-05-03","history","0.610526180919399"
"exdqlm_multivar_synth_keep","draw_092",1433,"2022-05-04","history","0.608884436490832"
"exdqlm_multivar_synth_keep","draw_092",1433,"2022-05-05","history","0.597166532338380"
"exdqlm_multivar_synth_keep","draw_092",1433,"2022-05-06","history","0.594978852061393"
"exdqlm_multivar_synth_keep","draw_092",1433,"2022-05-07","history","0.594452513409726"
"exdqlm_multivar_synth_keep","draw_092",1433,"2022-05-08","history","0.591017937412412"
"exdqlm_multivar_synth_keep","draw_092",1433,"2022-05-09","history","0.590660261425059"
"exdqlm_multivar_synth_keep","draw_092",1433,"2022-05-10","history","0.596573398147644"
"exdqlm_multivar_synth_keep","draw_092",1433,"2022-05-11","history","0.587702617598853"
"exdqlm_multivar_synth_keep","draw_093",1449,"2022-04-23","history","0.822063055386259"
"exdqlm_multivar_synth_keep","draw_093",1449,"2022-04-24","history","0.741671274489276"
"exdqlm_multivar_synth_keep","draw_093",1449,"2022-04-25","history","0.711953444113462"
"exdqlm_multivar_synth_keep","draw_093",1449,"2022-04-26","history","0.681620163234464"
"exdqlm_multivar_synth_keep","draw_093",1449,"2022-04-27","history","0.667885939795639"
"exdqlm_multivar_synth_keep","draw_093",1449,"2022-04-28","history","0.653940574028514"
"exdqlm_multivar_synth_keep","draw_093",1449,"2022-04-29","history","0.647742499794899"
"exdqlm_multivar_synth_keep","draw_093",1449,"2022-04-30","history","0.639198823970231"
"exdqlm_multivar_synth_keep","draw_093",1449,"2022-05-01","history","0.635530319062181"
"exdqlm_multivar_synth_keep","draw_093",1449,"2022-05-02","history","0.622815472830051"
"exdqlm_multivar_synth_keep","draw_093",1449,"2022-05-03","history","0.612517501342274"
"exdqlm_multivar_synth_keep","draw_093",1449,"2022-05-04","history","0.611201963778474"
"exdqlm_multivar_synth_keep","draw_093",1449,"2022-05-05","history","0.598797703861910"
"exdqlm_multivar_synth_keep","draw_093",1449,"2022-05-06","history","0.596894773217612"
"exdqlm_multivar_synth_keep","draw_093",1449,"2022-05-07","history","0.598510282683940"
"exdqlm_multivar_synth_keep","draw_093",1449,"2022-05-08","history","0.594060495193398"
"exdqlm_multivar_synth_keep","draw_093",1449,"2022-05-09","history","0.594550397250261"
"exdqlm_multivar_synth_keep","draw_093",1449,"2022-05-10","history","0.599803459420112"
"exdqlm_multivar_synth_keep","draw_093",1449,"2022-05-11","history","0.591382021815867"
"exdqlm_multivar_synth_keep","draw_094",1465,"2022-04-23","history","0.826276897381955"
"exdqlm_multivar_synth_keep","draw_094",1465,"2022-04-24","history","0.745745958602122"
"exdqlm_multivar_synth_keep","draw_094",1465,"2022-04-25","history","0.714214921037450"
"exdqlm_multivar_synth_keep","draw_094",1465,"2022-04-26","history","0.684883105583349"
"exdqlm_multivar_synth_keep","draw_094",1465,"2022-04-27","history","0.670839851632763"
"exdqlm_multivar_synth_keep","draw_094",1465,"2022-04-28","history","0.656671138564572"
"exdqlm_multivar_synth_keep","draw_094",1465,"2022-04-29","history","0.652256007289487"
"exdqlm_multivar_synth_keep","draw_094",1465,"2022-04-30","history","0.643016802503466"
"exdqlm_multivar_synth_keep","draw_094",1465,"2022-05-01","history","0.638479814050723"
"exdqlm_multivar_synth_keep","draw_094",1465,"2022-05-02","history","0.626025008713029"
"exdqlm_multivar_synth_keep","draw_094",1465,"2022-05-03","history","0.614747064633890"
"exdqlm_multivar_synth_keep","draw_094",1465,"2022-05-04","history","0.614420100496988"
"exdqlm_multivar_synth_keep","draw_094",1465,"2022-05-05","history","0.604932389922076"
"exdqlm_multivar_synth_keep","draw_094",1465,"2022-05-06","history","0.599781568047857"
"exdqlm_multivar_synth_keep","draw_094",1465,"2022-05-07","history","0.602106841293139"
"exdqlm_multivar_synth_keep","draw_094",1465,"2022-05-08","history","0.599615789484411"
"exdqlm_multivar_synth_keep","draw_094",1465,"2022-05-09","history","0.597940082011289"
"exdqlm_multivar_synth_keep","draw_094",1465,"2022-05-10","history","0.602879676816044"
"exdqlm_multivar_synth_keep","draw_094",1465,"2022-05-11","history","0.593892282436641"
"exdqlm_multivar_synth_keep","draw_095",1481,"2022-04-23","history","0.829225559459470"
"exdqlm_multivar_synth_keep","draw_095",1481,"2022-04-24","history","0.750595396586246"
"exdqlm_multivar_synth_keep","draw_095",1481,"2022-04-25","history","0.719955967704031"
"exdqlm_multivar_synth_keep","draw_095",1481,"2022-04-26","history","0.686559217937389"
"exdqlm_multivar_synth_keep","draw_095",1481,"2022-04-27","history","0.673550753030166"
"exdqlm_multivar_synth_keep","draw_095",1481,"2022-04-28","history","0.661095672795340"
"exdqlm_multivar_synth_keep","draw_095",1481,"2022-04-29","history","0.654064673614742"
"exdqlm_multivar_synth_keep","draw_095",1481,"2022-04-30","history","0.646320420197464"
"exdqlm_multivar_synth_keep","draw_095",1481,"2022-05-01","history","0.642375030420081"
"exdqlm_multivar_synth_keep","draw_095",1481,"2022-05-02","history","0.629150500195219"
"exdqlm_multivar_synth_keep","draw_095",1481,"2022-05-03","history","0.617329833613306"
"exdqlm_multivar_synth_keep","draw_095",1481,"2022-05-04","history","0.617758707502161"
"exdqlm_multivar_synth_keep","draw_095",1481,"2022-05-05","history","0.608115679098905"
"exdqlm_multivar_synth_keep","draw_095",1481,"2022-05-06","history","0.603295650602466"
"exdqlm_multivar_synth_keep","draw_095",1481,"2022-05-07","history","0.604467839290423"
"exdqlm_multivar_synth_keep","draw_095",1481,"2022-05-08","history","0.603017299658457"
"exdqlm_multivar_synth_keep","draw_095",1481,"2022-05-09","history","0.599705307167414"
"exdqlm_multivar_synth_keep","draw_095",1481,"2022-05-10","history","0.604323195291223"
"exdqlm_multivar_synth_keep","draw_095",1481,"2022-05-11","history","0.596534439568631"
"exdqlm_multivar_synth_keep","draw_096",1496,"2022-04-23","history","0.834891132773748"
"exdqlm_multivar_synth_keep","draw_096",1496,"2022-04-24","history","0.755884932809405"
"exdqlm_multivar_synth_keep","draw_096",1496,"2022-04-25","history","0.722843841304341"
"exdqlm_multivar_synth_keep","draw_096",1496,"2022-04-26","history","0.689944543850632"
"exdqlm_multivar_synth_keep","draw_096",1496,"2022-04-27","history","0.676357479773220"
"exdqlm_multivar_synth_keep","draw_096",1496,"2022-04-28","history","0.665193626421476"
"exdqlm_multivar_synth_keep","draw_096",1496,"2022-04-29","history","0.657653600353194"
"exdqlm_multivar_synth_keep","draw_096",1496,"2022-04-30","history","0.650052627661003"
"exdqlm_multivar_synth_keep","draw_096",1496,"2022-05-01","history","0.646314860963632"
"exdqlm_multivar_synth_keep","draw_096",1496,"2022-05-02","history","0.631117908883799"
"exdqlm_multivar_synth_keep","draw_096",1496,"2022-05-03","history","0.619224015700342"
"exdqlm_multivar_synth_keep","draw_096",1496,"2022-05-04","history","0.620061921478117"
"exdqlm_multivar_synth_keep","draw_096",1496,"2022-05-05","history","0.611152810839748"
"exdqlm_multivar_synth_keep","draw_096",1496,"2022-05-06","history","0.606506571049268"
"exdqlm_multivar_synth_keep","draw_096",1496,"2022-05-07","history","0.608874904171285"
"exdqlm_multivar_synth_keep","draw_096",1496,"2022-05-08","history","0.606682596026196"
"exdqlm_multivar_synth_keep","draw_096",1496,"2022-05-09","history","0.602850967930884"
"exdqlm_multivar_synth_keep","draw_096",1496,"2022-05-10","history","0.605564160093003"
"exdqlm_multivar_synth_keep","draw_096",1496,"2022-05-11","history","0.599238422222787"
"exdqlm_multivar_synth_keep","draw_097",1512,"2022-04-23","history","0.838929026891208"
"exdqlm_multivar_synth_keep","draw_097",1512,"2022-04-24","history","0.759199333205254"
"exdqlm_multivar_synth_keep","draw_097",1512,"2022-04-25","history","0.727813398173097"
"exdqlm_multivar_synth_keep","draw_097",1512,"2022-04-26","history","0.694247347181965"
"exdqlm_multivar_synth_keep","draw_097",1512,"2022-04-27","history","0.679446987869060"
"exdqlm_multivar_synth_keep","draw_097",1512,"2022-04-28","history","0.666929150320707"
"exdqlm_multivar_synth_keep","draw_097",1512,"2022-04-29","history","0.662881155746414"
"exdqlm_multivar_synth_keep","draw_097",1512,"2022-04-30","history","0.652368848918084"
"exdqlm_multivar_synth_keep","draw_097",1512,"2022-05-01","history","0.649637191225253"
"exdqlm_multivar_synth_keep","draw_097",1512,"2022-05-02","history","0.635657438317849"
"exdqlm_multivar_synth_keep","draw_097",1512,"2022-05-03","history","0.622824168951725"
"exdqlm_multivar_synth_keep","draw_097",1512,"2022-05-04","history","0.623245056743335"
"exdqlm_multivar_synth_keep","draw_097",1512,"2022-05-05","history","0.612449515190278"
"exdqlm_multivar_synth_keep","draw_097",1512,"2022-05-06","history","0.609684834903509"
"exdqlm_multivar_synth_keep","draw_097",1512,"2022-05-07","history","0.611491307158726"
"exdqlm_multivar_synth_keep","draw_097",1512,"2022-05-08","history","0.609681662631927"
"exdqlm_multivar_synth_keep","draw_097",1512,"2022-05-09","history","0.605457084767490"
"exdqlm_multivar_synth_keep","draw_097",1512,"2022-05-10","history","0.607537915984540"
"exdqlm_multivar_synth_keep","draw_097",1512,"2022-05-11","history","0.605772836270073"
"exdqlm_multivar_synth_keep","draw_098",1528,"2022-04-23","history","0.841856488100845"
"exdqlm_multivar_synth_keep","draw_098",1528,"2022-04-24","history","0.763040829594532"
"exdqlm_multivar_synth_keep","draw_098",1528,"2022-04-25","history","0.732287112738336"
"exdqlm_multivar_synth_keep","draw_098",1528,"2022-04-26","history","0.696516340223046"
"exdqlm_multivar_synth_keep","draw_098",1528,"2022-04-27","history","0.681279840801261"
"exdqlm_multivar_synth_keep","draw_098",1528,"2022-04-28","history","0.671864310378971"
"exdqlm_multivar_synth_keep","draw_098",1528,"2022-04-29","history","0.666653800649237"
"exdqlm_multivar_synth_keep","draw_098",1528,"2022-04-30","history","0.656714460210870"
"exdqlm_multivar_synth_keep","draw_098",1528,"2022-05-01","history","0.651495728924211"
"exdqlm_multivar_synth_keep","draw_098",1528,"2022-05-02","history","0.637353713025500"
"exdqlm_multivar_synth_keep","draw_098",1528,"2022-05-03","history","0.624192222492169"
"exdqlm_multivar_synth_keep","draw_098",1528,"2022-05-04","history","0.625164230234610"
"exdqlm_multivar_synth_keep","draw_098",1528,"2022-05-05","history","0.619017732542679"
"exdqlm_multivar_synth_keep","draw_098",1528,"2022-05-06","history","0.612235631013057"
"exdqlm_multivar_synth_keep","draw_098",1528,"2022-05-07","history","0.613420204132900"
"exdqlm_multivar_synth_keep","draw_098",1528,"2022-05-08","history","0.613502543730930"
"exdqlm_multivar_synth_keep","draw_098",1528,"2022-05-09","history","0.608038433886074"
"exdqlm_multivar_synth_keep","draw_098",1528,"2022-05-10","history","0.608444761626805"
"exdqlm_multivar_synth_keep","draw_098",1528,"2022-05-11","history","0.609394249055164"
"exdqlm_multivar_synth_keep","draw_099",1544,"2022-04-23","history","0.846299417996500"
"exdqlm_multivar_synth_keep","draw_099",1544,"2022-04-24","history","0.765652756146746"
"exdqlm_multivar_synth_keep","draw_099",1544,"2022-04-25","history","0.735790698060756"
"exdqlm_multivar_synth_keep","draw_099",1544,"2022-04-26","history","0.700163575432129"
"exdqlm_multivar_synth_keep","draw_099",1544,"2022-04-27","history","0.684852867473688"
"exdqlm_multivar_synth_keep","draw_099",1544,"2022-04-28","history","0.676019355823790"
"exdqlm_multivar_synth_keep","draw_099",1544,"2022-04-29","history","0.668156581416981"
"exdqlm_multivar_synth_keep","draw_099",1544,"2022-04-30","history","0.659797593034931"
"exdqlm_multivar_synth_keep","draw_099",1544,"2022-05-01","history","0.653999961373432"
"exdqlm_multivar_synth_keep","draw_099",1544,"2022-05-02","history","0.641667892960408"
"exdqlm_multivar_synth_keep","draw_099",1544,"2022-05-03","history","0.626952375300731"
"exdqlm_multivar_synth_keep","draw_099",1544,"2022-05-04","history","0.628569896444588"
"exdqlm_multivar_synth_keep","draw_099",1544,"2022-05-05","history","0.621631528817343"
"exdqlm_multivar_synth_keep","draw_099",1544,"2022-05-06","history","0.615094970162926"
"exdqlm_multivar_synth_keep","draw_099",1544,"2022-05-07","history","0.614460384972075"
"exdqlm_multivar_synth_keep","draw_099",1544,"2022-05-08","history","0.614487201882739"
"exdqlm_multivar_synth_keep","draw_099",1544,"2022-05-09","history","0.612309019087600"
"exdqlm_multivar_synth_keep","draw_099",1544,"2022-05-10","history","0.610260309558274"
"exdqlm_multivar_synth_keep","draw_099",1544,"2022-05-11","history","0.613222232615549"
"exdqlm_multivar_synth_keep","draw_100",1559,"2022-04-23","history","0.849111014734012"
"exdqlm_multivar_synth_keep","draw_100",1559,"2022-04-24","history","0.768923122017958"
"exdqlm_multivar_synth_keep","draw_100",1559,"2022-04-25","history","0.739360431013005"
"exdqlm_multivar_synth_keep","draw_100",1559,"2022-04-26","history","0.703332321006465"
"exdqlm_multivar_synth_keep","draw_100",1559,"2022-04-27","history","0.688599119105649"
"exdqlm_multivar_synth_keep","draw_100",1559,"2022-04-28","history","0.677305764690176"
"exdqlm_multivar_synth_keep","draw_100",1559,"2022-04-29","history","0.671696549690282"
"exdqlm_multivar_synth_keep","draw_100",1559,"2022-04-30","history","0.662587882190934"
"exdqlm_multivar_synth_keep","draw_100",1559,"2022-05-01","history","0.657661314559097"
"exdqlm_multivar_synth_keep","draw_100",1559,"2022-05-02","history","0.643362028074559"
"exdqlm_multivar_synth_keep","draw_100",1559,"2022-05-03","history","0.629196629095028"
"exdqlm_multivar_synth_keep","draw_100",1559,"2022-05-04","history","0.630274714070351"
"exdqlm_multivar_synth_keep","draw_100",1559,"2022-05-05","history","0.624579811802041"
"exdqlm_multivar_synth_keep","draw_100",1559,"2022-05-06","history","0.618605928884355"
"exdqlm_multivar_synth_keep","draw_100",1559,"2022-05-07","history","0.617855290235083"
"exdqlm_multivar_synth_keep","draw_100",1559,"2022-05-08","history","0.619998809519769"
"exdqlm_multivar_synth_keep","draw_100",1559,"2022-05-09","history","0.614576629396828"
"exdqlm_multivar_synth_keep","draw_100",1559,"2022-05-10","history","0.611791516270748"
"exdqlm_multivar_synth_keep","draw_100",1559,"2022-05-11","history","0.615327016586822"
"exdqlm_multivar_synth_keep","draw_101",1575,"2022-04-23","history","0.853224252242458"
"exdqlm_multivar_synth_keep","draw_101",1575,"2022-04-24","history","0.772320158273915"
"exdqlm_multivar_synth_keep","draw_101",1575,"2022-04-25","history","0.742185112575795"
"exdqlm_multivar_synth_keep","draw_101",1575,"2022-04-26","history","0.707686190514420"
"exdqlm_multivar_synth_keep","draw_101",1575,"2022-04-27","history","0.691125798682025"
"exdqlm_multivar_synth_keep","draw_101",1575,"2022-04-28","history","0.679544541224415"
"exdqlm_multivar_synth_keep","draw_101",1575,"2022-04-29","history","0.673989125961777"
"exdqlm_multivar_synth_keep","draw_101",1575,"2022-04-30","history","0.665202095350389"
"exdqlm_multivar_synth_keep","draw_101",1575,"2022-05-01","history","0.660438436558647"
"exdqlm_multivar_synth_keep","draw_101",1575,"2022-05-02","history","0.646688803910787"
"exdqlm_multivar_synth_keep","draw_101",1575,"2022-05-03","history","0.630910958106327"
"exdqlm_multivar_synth_keep","draw_101",1575,"2022-05-04","history","0.634640171850761"
"exdqlm_multivar_synth_keep","draw_101",1575,"2022-05-05","history","0.626147898370021"
"exdqlm_multivar_synth_keep","draw_101",1575,"2022-05-06","history","0.621093424757479"
"exdqlm_multivar_synth_keep","draw_101",1575,"2022-05-07","history","0.619621575833401"
"exdqlm_multivar_synth_keep","draw_101",1575,"2022-05-08","history","0.621889436082071"
"exdqlm_multivar_synth_keep","draw_101",1575,"2022-05-09","history","0.615584192315050"
"exdqlm_multivar_synth_keep","draw_101",1575,"2022-05-10","history","0.613525793856720"
"exdqlm_multivar_synth_keep","draw_101",1575,"2022-05-11","history","0.619595527033958"
"exdqlm_multivar_synth_keep","draw_102",1591,"2022-04-23","history","0.861764609454531"
"exdqlm_multivar_synth_keep","draw_102",1591,"2022-04-24","history","0.775493066181405"
"exdqlm_multivar_synth_keep","draw_102",1591,"2022-04-25","history","0.746546068932817"
"exdqlm_multivar_synth_keep","draw_102",1591,"2022-04-26","history","0.710562535105175"
"exdqlm_multivar_synth_keep","draw_102",1591,"2022-04-27","history","0.694591508027364"
"exdqlm_multivar_synth_keep","draw_102",1591,"2022-04-28","history","0.683808878912308"
"exdqlm_multivar_synth_keep","draw_102",1591,"2022-04-29","history","0.676344089193734"
"exdqlm_multivar_synth_keep","draw_102",1591,"2022-04-30","history","0.668875471069960"
"exdqlm_multivar_synth_keep","draw_102",1591,"2022-05-01","history","0.667030560282119"
"exdqlm_multivar_synth_keep","draw_102",1591,"2022-05-02","history","0.648149211954180"
"exdqlm_multivar_synth_keep","draw_102",1591,"2022-05-03","history","0.632564278403580"
"exdqlm_multivar_synth_keep","draw_102",1591,"2022-05-04","history","0.636834550308128"
"exdqlm_multivar_synth_keep","draw_102",1591,"2022-05-05","history","0.629564749980796"
"exdqlm_multivar_synth_keep","draw_102",1591,"2022-05-06","history","0.624425781229112"
"exdqlm_multivar_synth_keep","draw_102",1591,"2022-05-07","history","0.622273405348693"
"exdqlm_multivar_synth_keep","draw_102",1591,"2022-05-08","history","0.625824738399451"
"exdqlm_multivar_synth_keep","draw_102",1591,"2022-05-09","history","0.616814664315894"
"exdqlm_multivar_synth_keep","draw_102",1591,"2022-05-10","history","0.615774153117596"
"exdqlm_multivar_synth_keep","draw_102",1591,"2022-05-11","history","0.623704833166320"
"exdqlm_multivar_synth_keep","draw_103",1606,"2022-04-23","history","0.867805083041926"
"exdqlm_multivar_synth_keep","draw_103",1606,"2022-04-24","history","0.779013880056301"
"exdqlm_multivar_synth_keep","draw_103",1606,"2022-04-25","history","0.755335020325387"
"exdqlm_multivar_synth_keep","draw_103",1606,"2022-04-26","history","0.714341618982568"
"exdqlm_multivar_synth_keep","draw_103",1606,"2022-04-27","history","0.696322962159022"
"exdqlm_multivar_synth_keep","draw_103",1606,"2022-04-28","history","0.687695339827617"
"exdqlm_multivar_synth_keep","draw_103",1606,"2022-04-29","history","0.678887772000865"
"exdqlm_multivar_synth_keep","draw_103",1606,"2022-04-30","history","0.669462578342953"
"exdqlm_multivar_synth_keep","draw_103",1606,"2022-05-01","history","0.670008874068744"
"exdqlm_multivar_synth_keep","draw_103",1606,"2022-05-02","history","0.649120775173636"
"exdqlm_multivar_synth_keep","draw_103",1606,"2022-05-03","history","0.635179424675839"
"exdqlm_multivar_synth_keep","draw_103",1606,"2022-05-04","history","0.641096875512829"
"exdqlm_multivar_synth_keep","draw_103",1606,"2022-05-05","history","0.631822846096075"
"exdqlm_multivar_synth_keep","draw_103",1606,"2022-05-06","history","0.626460926896439"
"exdqlm_multivar_synth_keep","draw_103",1606,"2022-05-07","history","0.625735302401657"
"exdqlm_multivar_synth_keep","draw_103",1606,"2022-05-08","history","0.629755604736597"
"exdqlm_multivar_synth_keep","draw_103",1606,"2022-05-09","history","0.619052893232205"
"exdqlm_multivar_synth_keep","draw_103",1606,"2022-05-10","history","0.615934522652734"
"exdqlm_multivar_synth_keep","draw_103",1606,"2022-05-11","history","0.625249429332501"
"exdqlm_multivar_synth_keep","draw_104",1622,"2022-04-23","history","0.874248436161939"
"exdqlm_multivar_synth_keep","draw_104",1622,"2022-04-24","history","0.783025243069612"
"exdqlm_multivar_synth_keep","draw_104",1622,"2022-04-25","history","0.760902036249187"
"exdqlm_multivar_synth_keep","draw_104",1622,"2022-04-26","history","0.721362125486624"
"exdqlm_multivar_synth_keep","draw_104",1622,"2022-04-27","history","0.703462223724283"
"exdqlm_multivar_synth_keep","draw_104",1622,"2022-04-28","history","0.692589241922829"
"exdqlm_multivar_synth_keep","draw_104",1622,"2022-04-29","history","0.684563703282178"
"exdqlm_multivar_synth_keep","draw_104",1622,"2022-04-30","history","0.677100394807887"
"exdqlm_multivar_synth_keep","draw_104",1622,"2022-05-01","history","0.672900441144488"
"exdqlm_multivar_synth_keep","draw_104",1622,"2022-05-02","history","0.652607918551248"
"exdqlm_multivar_synth_keep","draw_104",1622,"2022-05-03","history","0.636045833815971"
"exdqlm_multivar_synth_keep","draw_104",1622,"2022-05-04","history","0.647891775081423"
"exdqlm_multivar_synth_keep","draw_104",1622,"2022-05-05","history","0.633802724910790"
"exdqlm_multivar_synth_keep","draw_104",1622,"2022-05-06","history","0.628274042976779"
"exdqlm_multivar_synth_keep","draw_104",1622,"2022-05-07","history","0.630168191900097"
"exdqlm_multivar_synth_keep","draw_104",1622,"2022-05-08","history","0.632603970325587"
"exdqlm_multivar_synth_keep","draw_104",1622,"2022-05-09","history","0.622674456098678"
"exdqlm_multivar_synth_keep","draw_104",1622,"2022-05-10","history","0.617021736894879"
"exdqlm_multivar_synth_keep","draw_104",1622,"2022-05-11","history","0.631467584417188"
"exdqlm_multivar_synth_keep","draw_105",1638,"2022-04-23","history","0.880625597506860"
"exdqlm_multivar_synth_keep","draw_105",1638,"2022-04-24","history","0.784822953544427"
"exdqlm_multivar_synth_keep","draw_105",1638,"2022-04-25","history","0.771001327151434"
"exdqlm_multivar_synth_keep","draw_105",1638,"2022-04-26","history","0.726662213985191"
"exdqlm_multivar_synth_keep","draw_105",1638,"2022-04-27","history","0.709948223304839"
"exdqlm_multivar_synth_keep","draw_105",1638,"2022-04-28","history","0.698211668742421"
"exdqlm_multivar_synth_keep","draw_105",1638,"2022-04-29","history","0.689659992185343"
"exdqlm_multivar_synth_keep","draw_105",1638,"2022-04-30","history","0.684478359581079"
"exdqlm_multivar_synth_keep","draw_105",1638,"2022-05-01","history","0.679200365870754"
"exdqlm_multivar_synth_keep","draw_105",1638,"2022-05-02","history","0.658425676053452"
"exdqlm_multivar_synth_keep","draw_105",1638,"2022-05-03","history","0.639431731599409"
"exdqlm_multivar_synth_keep","draw_105",1638,"2022-05-04","history","0.654664185593792"
"exdqlm_multivar_synth_keep","draw_105",1638,"2022-05-05","history","0.635150435367099"
"exdqlm_multivar_synth_keep","draw_105",1638,"2022-05-06","history","0.635325368273725"
"exdqlm_multivar_synth_keep","draw_105",1638,"2022-05-07","history","0.636093510758501"
"exdqlm_multivar_synth_keep","draw_105",1638,"2022-05-08","history","0.637709273789442"
"exdqlm_multivar_synth_keep","draw_105",1638,"2022-05-09","history","0.627455725895283"
"exdqlm_multivar_synth_keep","draw_105",1638,"2022-05-10","history","0.620658592453343"
"exdqlm_multivar_synth_keep","draw_105",1638,"2022-05-11","history","0.635160960413929"
"exdqlm_multivar_synth_keep","draw_106",1654,"2022-04-23","history","0.891354011543168"
"exdqlm_multivar_synth_keep","draw_106",1654,"2022-04-24","history","0.792157189377750"
"exdqlm_multivar_synth_keep","draw_106",1654,"2022-04-25","history","0.777704837910033"
"exdqlm_multivar_synth_keep","draw_106",1654,"2022-04-26","history","0.731050562850700"
"exdqlm_multivar_synth_keep","draw_106",1654,"2022-04-27","history","0.713837951384334"
"exdqlm_multivar_synth_keep","draw_106",1654,"2022-04-28","history","0.703564943762374"
"exdqlm_multivar_synth_keep","draw_106",1654,"2022-04-29","history","0.695128503732586"
"exdqlm_multivar_synth_keep","draw_106",1654,"2022-04-30","history","0.690209835235360"
"exdqlm_multivar_synth_keep","draw_106",1654,"2022-05-01","history","0.685325301112805"
"exdqlm_multivar_synth_keep","draw_106",1654,"2022-05-02","history","0.662265052985700"
"exdqlm_multivar_synth_keep","draw_106",1654,"2022-05-03","history","0.644638316607967"
"exdqlm_multivar_synth_keep","draw_106",1654,"2022-05-04","history","0.656961428202691"
"exdqlm_multivar_synth_keep","draw_106",1654,"2022-05-05","history","0.637192655857336"
"exdqlm_multivar_synth_keep","draw_106",1654,"2022-05-06","history","0.640387157260807"
"exdqlm_multivar_synth_keep","draw_106",1654,"2022-05-07","history","0.641271728620745"
"exdqlm_multivar_synth_keep","draw_106",1654,"2022-05-08","history","0.642478633961578"
"exdqlm_multivar_synth_keep","draw_106",1654,"2022-05-09","history","0.637325015975008"
"exdqlm_multivar_synth_keep","draw_106",1654,"2022-05-10","history","0.628429952815625"
"exdqlm_multivar_synth_keep","draw_106",1654,"2022-05-11","history","0.638191826635917"
"exdqlm_multivar_synth_keep","draw_107",1669,"2022-04-23","history","0.899779477289865"
"exdqlm_multivar_synth_keep","draw_107",1669,"2022-04-24","history","0.796560616507949"
"exdqlm_multivar_synth_keep","draw_107",1669,"2022-04-25","history","0.783578089292789"
"exdqlm_multivar_synth_keep","draw_107",1669,"2022-04-26","history","0.737539798726188"
"exdqlm_multivar_synth_keep","draw_107",1669,"2022-04-27","history","0.719693882629339"
"exdqlm_multivar_synth_keep","draw_107",1669,"2022-04-28","history","0.708557810892573"
"exdqlm_multivar_synth_keep","draw_107",1669,"2022-04-29","history","0.701646417725754"
"exdqlm_multivar_synth_keep","draw_107",1669,"2022-04-30","history","0.696704634831882"
"exdqlm_multivar_synth_keep","draw_107",1669,"2022-05-01","history","0.691647350091229"
"exdqlm_multivar_synth_keep","draw_107",1669,"2022-05-02","history","0.665149684505724"
"exdqlm_multivar_synth_keep","draw_107",1669,"2022-05-03","history","0.654499560908796"
"exdqlm_multivar_synth_keep","draw_107",1669,"2022-05-04","history","0.662916673378561"
"exdqlm_multivar_synth_keep","draw_107",1669,"2022-05-05","history","0.642590107926728"
"exdqlm_multivar_synth_keep","draw_107",1669,"2022-05-06","history","0.645582342207260"
"exdqlm_multivar_synth_keep","draw_107",1669,"2022-05-07","history","0.648272904708354"
"exdqlm_multivar_synth_keep","draw_107",1669,"2022-05-08","history","0.647121567766657"
"exdqlm_multivar_synth_keep","draw_107",1669,"2022-05-09","history","0.643124349967153"
"exdqlm_multivar_synth_keep","draw_107",1669,"2022-05-10","history","0.634781810394761"
"exdqlm_multivar_synth_keep","draw_107",1669,"2022-05-11","history","0.643576741356088"
"exdqlm_multivar_synth_keep","draw_108",1685,"2022-04-23","history","0.906023445812313"
"exdqlm_multivar_synth_keep","draw_108",1685,"2022-04-24","history","0.804065464310307"
"exdqlm_multivar_synth_keep","draw_108",1685,"2022-04-25","history","0.790426398062280"
"exdqlm_multivar_synth_keep","draw_108",1685,"2022-04-26","history","0.743048965193863"
"exdqlm_multivar_synth_keep","draw_108",1685,"2022-04-27","history","0.726180764597931"
"exdqlm_multivar_synth_keep","draw_108",1685,"2022-04-28","history","0.715895160999496"
"exdqlm_multivar_synth_keep","draw_108",1685,"2022-04-29","history","0.707105631117732"
"exdqlm_multivar_synth_keep","draw_108",1685,"2022-04-30","history","0.700175430696554"
"exdqlm_multivar_synth_keep","draw_108",1685,"2022-05-01","history","0.696660464804365"
"exdqlm_multivar_synth_keep","draw_108",1685,"2022-05-02","history","0.670678295919447"
"exdqlm_multivar_synth_keep","draw_108",1685,"2022-05-03","history","0.659410164681166"
"exdqlm_multivar_synth_keep","draw_108",1685,"2022-05-04","history","0.668858322737930"
"exdqlm_multivar_synth_keep","draw_108",1685,"2022-05-05","history","0.647888103757398"
"exdqlm_multivar_synth_keep","draw_108",1685,"2022-05-06","history","0.650794895377440"
"exdqlm_multivar_synth_keep","draw_108",1685,"2022-05-07","history","0.654422337360450"
"exdqlm_multivar_synth_keep","draw_108",1685,"2022-05-08","history","0.654116010299327"
"exdqlm_multivar_synth_keep","draw_108",1685,"2022-05-09","history","0.645577840267800"
"exdqlm_multivar_synth_keep","draw_108",1685,"2022-05-10","history","0.639450195283107"
"exdqlm_multivar_synth_keep","draw_108",1685,"2022-05-11","history","0.650164770100058"
"exdqlm_multivar_synth_keep","draw_109",1701,"2022-04-23","history","0.912572741816376"
"exdqlm_multivar_synth_keep","draw_109",1701,"2022-04-24","history","0.810340963079988"
"exdqlm_multivar_synth_keep","draw_109",1701,"2022-04-25","history","0.793956766125588"
"exdqlm_multivar_synth_keep","draw_109",1701,"2022-04-26","history","0.751453859476627"
"exdqlm_multivar_synth_keep","draw_109",1701,"2022-04-27","history","0.732430280633996"
"exdqlm_multivar_synth_keep","draw_109",1701,"2022-04-28","history","0.719670618319078"
"exdqlm_multivar_synth_keep","draw_109",1701,"2022-04-29","history","0.711697815126562"
"exdqlm_multivar_synth_keep","draw_109",1701,"2022-04-30","history","0.707950835979942"
"exdqlm_multivar_synth_keep","draw_109",1701,"2022-05-01","history","0.701781022572531"
"exdqlm_multivar_synth_keep","draw_109",1701,"2022-05-02","history","0.676897605779935"
"exdqlm_multivar_synth_keep","draw_109",1701,"2022-05-03","history","0.662406920391377"
"exdqlm_multivar_synth_keep","draw_109",1701,"2022-05-04","history","0.676266091122388"
"exdqlm_multivar_synth_keep","draw_109",1701,"2022-05-05","history","0.654758842275811"
"exdqlm_multivar_synth_keep","draw_109",1701,"2022-05-06","history","0.655620689814744"
"exdqlm_multivar_synth_keep","draw_109",1701,"2022-05-07","history","0.658625948498682"
"exdqlm_multivar_synth_keep","draw_109",1701,"2022-05-08","history","0.657603609897761"
"exdqlm_multivar_synth_keep","draw_109",1701,"2022-05-09","history","0.652667812034352"
"exdqlm_multivar_synth_keep","draw_109",1701,"2022-05-10","history","0.647582562311654"
"exdqlm_multivar_synth_keep","draw_109",1701,"2022-05-11","history","0.654240615743214"
"exdqlm_multivar_synth_keep","draw_110",1717,"2022-04-23","history","0.919190489083618"
"exdqlm_multivar_synth_keep","draw_110",1717,"2022-04-24","history","0.819821212038510"
"exdqlm_multivar_synth_keep","draw_110",1717,"2022-04-25","history","0.800009174181659"
"exdqlm_multivar_synth_keep","draw_110",1717,"2022-04-26","history","0.759572262267745"
"exdqlm_multivar_synth_keep","draw_110",1717,"2022-04-27","history","0.737856341781312"
"exdqlm_multivar_synth_keep","draw_110",1717,"2022-04-28","history","0.727581771098231"
"exdqlm_multivar_synth_keep","draw_110",1717,"2022-04-29","history","0.719068224024829"
"exdqlm_multivar_synth_keep","draw_110",1717,"2022-04-30","history","0.711804189617306"
"exdqlm_multivar_synth_keep","draw_110",1717,"2022-05-01","history","0.708765680235122"
"exdqlm_multivar_synth_keep","draw_110",1717,"2022-05-02","history","0.683478032820614"
"exdqlm_multivar_synth_keep","draw_110",1717,"2022-05-03","history","0.667845308227590"
"exdqlm_multivar_synth_keep","draw_110",1717,"2022-05-04","history","0.682215910424397"
"exdqlm_multivar_synth_keep","draw_110",1717,"2022-05-05","history","0.660338868334969"
"exdqlm_multivar_synth_keep","draw_110",1717,"2022-05-06","history","0.659335850333493"
"exdqlm_multivar_synth_keep","draw_110",1717,"2022-05-07","history","0.666928904844335"
"exdqlm_multivar_synth_keep","draw_110",1717,"2022-05-08","history","0.662464007368641"
"exdqlm_multivar_synth_keep","draw_110",1717,"2022-05-09","history","0.656282840645988"
"exdqlm_multivar_synth_keep","draw_110",1717,"2022-05-10","history","0.654684889572608"
"exdqlm_multivar_synth_keep","draw_110",1717,"2022-05-11","history","0.659885720651178"
"exdqlm_multivar_synth_keep","draw_111",1732,"2022-04-23","history","0.923669491390991"
"exdqlm_multivar_synth_keep","draw_111",1732,"2022-04-24","history","0.825037340188633"
"exdqlm_multivar_synth_keep","draw_111",1732,"2022-04-25","history","0.804501957500900"
"exdqlm_multivar_synth_keep","draw_111",1732,"2022-04-26","history","0.765220730786497"
"exdqlm_multivar_synth_keep","draw_111",1732,"2022-04-27","history","0.743803710373140"
"exdqlm_multivar_synth_keep","draw_111",1732,"2022-04-28","history","0.736806341409598"
"exdqlm_multivar_synth_keep","draw_111",1732,"2022-04-29","history","0.726168480973604"
"exdqlm_multivar_synth_keep","draw_111",1732,"2022-04-30","history","0.719844993205480"
"exdqlm_multivar_synth_keep","draw_111",1732,"2022-05-01","history","0.712384486070272"
"exdqlm_multivar_synth_keep","draw_111",1732,"2022-05-02","history","0.687909325217914"
"exdqlm_multivar_synth_keep","draw_111",1732,"2022-05-03","history","0.673692339944848"
"exdqlm_multivar_synth_keep","draw_111",1732,"2022-05-04","history","0.690870746645169"
"exdqlm_multivar_synth_keep","draw_111",1732,"2022-05-05","history","0.666249426863199"
"exdqlm_multivar_synth_keep","draw_111",1732,"2022-05-06","history","0.664920895158998"
"exdqlm_multivar_synth_keep","draw_111",1732,"2022-05-07","history","0.672386374959306"
"exdqlm_multivar_synth_keep","draw_111",1732,"2022-05-08","history","0.668461884547042"
"exdqlm_multivar_synth_keep","draw_111",1732,"2022-05-09","history","0.661003213249887"
"exdqlm_multivar_synth_keep","draw_111",1732,"2022-05-10","history","0.661206460387171"
"exdqlm_multivar_synth_keep","draw_111",1732,"2022-05-11","history","0.665353122513682"
"exdqlm_multivar_synth_keep","draw_112",1748,"2022-04-23","history","0.932696097241630"
"exdqlm_multivar_synth_keep","draw_112",1748,"2022-04-24","history","0.834886677300283"
"exdqlm_multivar_synth_keep","draw_112",1748,"2022-04-25","history","0.811298229443896"
"exdqlm_multivar_synth_keep","draw_112",1748,"2022-04-26","history","0.771391197108774"
"exdqlm_multivar_synth_keep","draw_112",1748,"2022-04-27","history","0.750491605672533"
"exdqlm_multivar_synth_keep","draw_112",1748,"2022-04-28","history","0.742073195320042"
"exdqlm_multivar_synth_keep","draw_112",1748,"2022-04-29","history","0.732477489488400"
"exdqlm_multivar_synth_keep","draw_112",1748,"2022-04-30","history","0.725601757362210"
"exdqlm_multivar_synth_keep","draw_112",1748,"2022-05-01","history","0.720199410038855"
"exdqlm_multivar_synth_keep","draw_112",1748,"2022-05-02","history","0.693576631894388"
"exdqlm_multivar_synth_keep","draw_112",1748,"2022-05-03","history","0.676445302750177"
"exdqlm_multivar_synth_keep","draw_112",1748,"2022-05-04","history","0.699714240306533"
"exdqlm_multivar_synth_keep","draw_112",1748,"2022-05-05","history","0.672447736364624"
"exdqlm_multivar_synth_keep","draw_112",1748,"2022-05-06","history","0.669585009460883"
"exdqlm_multivar_synth_keep","draw_112",1748,"2022-05-07","history","0.678769927147562"
"exdqlm_multivar_synth_keep","draw_112",1748,"2022-05-08","history","0.672326878513019"
"exdqlm_multivar_synth_keep","draw_112",1748,"2022-05-09","history","0.667409745570562"
"exdqlm_multivar_synth_keep","draw_112",1748,"2022-05-10","history","0.665451146888375"
"exdqlm_multivar_synth_keep","draw_112",1748,"2022-05-11","history","0.671342997438435"
"exdqlm_multivar_synth_keep","draw_113",1764,"2022-04-23","history","0.940481033657956"
"exdqlm_multivar_synth_keep","draw_113",1764,"2022-04-24","history","0.844563250134896"
"exdqlm_multivar_synth_keep","draw_113",1764,"2022-04-25","history","0.818936362581769"
"exdqlm_multivar_synth_keep","draw_113",1764,"2022-04-26","history","0.779858483285001"
"exdqlm_multivar_synth_keep","draw_113",1764,"2022-04-27","history","0.757273669909574"
"exdqlm_multivar_synth_keep","draw_113",1764,"2022-04-28","history","0.749486325545494"
"exdqlm_multivar_synth_keep","draw_113",1764,"2022-04-29","history","0.740348082774145"
"exdqlm_multivar_synth_keep","draw_113",1764,"2022-04-30","history","0.729024310128289"
"exdqlm_multivar_synth_keep","draw_113",1764,"2022-05-01","history","0.724920008054141"
"exdqlm_multivar_synth_keep","draw_113",1764,"2022-05-02","history","0.703450273927971"
"exdqlm_multivar_synth_keep","draw_113",1764,"2022-05-03","history","0.682298579823741"
"exdqlm_multivar_synth_keep","draw_113",1764,"2022-05-04","history","0.703252702265149"
"exdqlm_multivar_synth_keep","draw_113",1764,"2022-05-05","history","0.678975913423560"
"exdqlm_multivar_synth_keep","draw_113",1764,"2022-05-06","history","0.673568879027431"
"exdqlm_multivar_synth_keep","draw_113",1764,"2022-05-07","history","0.684682439919129"
"exdqlm_multivar_synth_keep","draw_113",1764,"2022-05-08","history","0.678987118032416"
"exdqlm_multivar_synth_keep","draw_113",1764,"2022-05-09","history","0.674887410889030"
"exdqlm_multivar_synth_keep","draw_113",1764,"2022-05-10","history","0.672086954452613"
"exdqlm_multivar_synth_keep","draw_113",1764,"2022-05-11","history","0.677195617119917"
"exdqlm_multivar_synth_keep","draw_114",1780,"2022-04-23","history","0.949840320386359"
"exdqlm_multivar_synth_keep","draw_114",1780,"2022-04-24","history","0.851079163998866"
"exdqlm_multivar_synth_keep","draw_114",1780,"2022-04-25","history","0.826817307612033"
"exdqlm_multivar_synth_keep","draw_114",1780,"2022-04-26","history","0.786994062885806"
"exdqlm_multivar_synth_keep","draw_114",1780,"2022-04-27","history","0.765992753207204"
"exdqlm_multivar_synth_keep","draw_114",1780,"2022-04-28","history","0.755662166115380"
"exdqlm_multivar_synth_keep","draw_114",1780,"2022-04-29","history","0.746513286664747"
"exdqlm_multivar_synth_keep","draw_114",1780,"2022-04-30","history","0.734319673978136"
"exdqlm_multivar_synth_keep","draw_114",1780,"2022-05-01","history","0.730149105973512"
"exdqlm_multivar_synth_keep","draw_114",1780,"2022-05-02","history","0.709379088676972"
"exdqlm_multivar_synth_keep","draw_114",1780,"2022-05-03","history","0.691994958240232"
"exdqlm_multivar_synth_keep","draw_114",1780,"2022-05-04","history","0.712445487678145"
"exdqlm_multivar_synth_keep","draw_114",1780,"2022-05-05","history","0.685396651932412"
"exdqlm_multivar_synth_keep","draw_114",1780,"2022-05-06","history","0.677037095615517"
"exdqlm_multivar_synth_keep","draw_114",1780,"2022-05-07","history","0.689090855741134"
"exdqlm_multivar_synth_keep","draw_114",1780,"2022-05-08","history","0.684745094404283"
"exdqlm_multivar_synth_keep","draw_114",1780,"2022-05-09","history","0.681367572949394"
"exdqlm_multivar_synth_keep","draw_114",1780,"2022-05-10","history","0.677315790838326"
"exdqlm_multivar_synth_keep","draw_114",1780,"2022-05-11","history","0.681660831814951"
"exdqlm_multivar_synth_keep","draw_115",1795,"2022-04-23","history","0.956492615099680"
"exdqlm_multivar_synth_keep","draw_115",1795,"2022-04-24","history","0.863311695388272"
"exdqlm_multivar_synth_keep","draw_115",1795,"2022-04-25","history","0.834986607989412"
"exdqlm_multivar_synth_keep","draw_115",1795,"2022-04-26","history","0.793502874592864"
"exdqlm_multivar_synth_keep","draw_115",1795,"2022-04-27","history","0.772732451083623"
"exdqlm_multivar_synth_keep","draw_115",1795,"2022-04-28","history","0.763486771011305"
"exdqlm_multivar_synth_keep","draw_115",1795,"2022-04-29","history","0.753254880937169"
"exdqlm_multivar_synth_keep","draw_115",1795,"2022-04-30","history","0.741163964113269"
"exdqlm_multivar_synth_keep","draw_115",1795,"2022-05-01","history","0.738421728339922"
"exdqlm_multivar_synth_keep","draw_115",1795,"2022-05-02","history","0.714408363658010"
"exdqlm_multivar_synth_keep","draw_115",1795,"2022-05-03","history","0.701901868950612"
"exdqlm_multivar_synth_keep","draw_115",1795,"2022-05-04","history","0.719575557575113"
"exdqlm_multivar_synth_keep","draw_115",1795,"2022-05-05","history","0.692301023679980"
"exdqlm_multivar_synth_keep","draw_115",1795,"2022-05-06","history","0.683144152207113"
"exdqlm_multivar_synth_keep","draw_115",1795,"2022-05-07","history","0.697206570742473"
"exdqlm_multivar_synth_keep","draw_115",1795,"2022-05-08","history","0.689217175280078"
"exdqlm_multivar_synth_keep","draw_115",1795,"2022-05-09","history","0.686020184226902"
"exdqlm_multivar_synth_keep","draw_115",1795,"2022-05-10","history","0.683933460528989"
"exdqlm_multivar_synth_keep","draw_115",1795,"2022-05-11","history","0.687245282104487"
"exdqlm_multivar_synth_keep","draw_116",1811,"2022-04-23","history","0.966791312894260"
"exdqlm_multivar_synth_keep","draw_116",1811,"2022-04-24","history","0.875269899943657"
"exdqlm_multivar_synth_keep","draw_116",1811,"2022-04-25","history","0.844823621553113"
"exdqlm_multivar_synth_keep","draw_116",1811,"2022-04-26","history","0.799511276370992"
"exdqlm_multivar_synth_keep","draw_116",1811,"2022-04-27","history","0.778757994333677"
"exdqlm_multivar_synth_keep","draw_116",1811,"2022-04-28","history","0.769816100473885"
"exdqlm_multivar_synth_keep","draw_116",1811,"2022-04-29","history","0.756227786020947"
"exdqlm_multivar_synth_keep","draw_116",1811,"2022-04-30","history","0.748100452727809"
"exdqlm_multivar_synth_keep","draw_116",1811,"2022-05-01","history","0.742262928244285"
"exdqlm_multivar_synth_keep","draw_116",1811,"2022-05-02","history","0.720758418924578"
"exdqlm_multivar_synth_keep","draw_116",1811,"2022-05-03","history","0.706251403754838"
"exdqlm_multivar_synth_keep","draw_116",1811,"2022-05-04","history","0.726491907164351"
"exdqlm_multivar_synth_keep","draw_116",1811,"2022-05-05","history","0.696735241488065"
"exdqlm_multivar_synth_keep","draw_116",1811,"2022-05-06","history","0.688844021648445"
"exdqlm_multivar_synth_keep","draw_116",1811,"2022-05-07","history","0.704568529942330"
"exdqlm_multivar_synth_keep","draw_116",1811,"2022-05-08","history","0.695181146872285"
"exdqlm_multivar_synth_keep","draw_116",1811,"2022-05-09","history","0.695650338317465"
"exdqlm_multivar_synth_keep","draw_116",1811,"2022-05-10","history","0.690890820249906"
"exdqlm_multivar_synth_keep","draw_116",1811,"2022-05-11","history","0.690431523950787"
"exdqlm_multivar_synth_keep","draw_117",1827,"2022-04-23","history","0.974038453200817"
"exdqlm_multivar_synth_keep","draw_117",1827,"2022-04-24","history","0.883989694841581"
"exdqlm_multivar_synth_keep","draw_117",1827,"2022-04-25","history","0.848193840930606"
"exdqlm_multivar_synth_keep","draw_117",1827,"2022-04-26","history","0.806322024580400"
"exdqlm_multivar_synth_keep","draw_117",1827,"2022-04-27","history","0.786787464796033"
"exdqlm_multivar_synth_keep","draw_117",1827,"2022-04-28","history","0.775622427895704"
"exdqlm_multivar_synth_keep","draw_117",1827,"2022-04-29","history","0.760972857129698"
"exdqlm_multivar_synth_keep","draw_117",1827,"2022-04-30","history","0.754569141470961"
"exdqlm_multivar_synth_keep","draw_117",1827,"2022-05-01","history","0.746588143940963"
"exdqlm_multivar_synth_keep","draw_117",1827,"2022-05-02","history","0.724667890516747"
"exdqlm_multivar_synth_keep","draw_117",1827,"2022-05-03","history","0.713317293469115"
"exdqlm_multivar_synth_keep","draw_117",1827,"2022-05-04","history","0.731318651197717"
"exdqlm_multivar_synth_keep","draw_117",1827,"2022-05-05","history","0.706219399877317"
"exdqlm_multivar_synth_keep","draw_117",1827,"2022-05-06","history","0.695928427904165"
"exdqlm_multivar_synth_keep","draw_117",1827,"2022-05-07","history","0.710920518332001"
"exdqlm_multivar_synth_keep","draw_117",1827,"2022-05-08","history","0.697983146778452"
"exdqlm_multivar_synth_keep","draw_117",1827,"2022-05-09","history","0.702840619181400"
"exdqlm_multivar_synth_keep","draw_117",1827,"2022-05-10","history","0.698738044166778"
"exdqlm_multivar_synth_keep","draw_117",1827,"2022-05-11","history","0.699865296610190"
"exdqlm_multivar_synth_keep","draw_118",1843,"2022-04-23","history","0.990163995343068"
"exdqlm_multivar_synth_keep","draw_118",1843,"2022-04-24","history","0.895306290686737"
"exdqlm_multivar_synth_keep","draw_118",1843,"2022-04-25","history","0.851371393138681"
"exdqlm_multivar_synth_keep","draw_118",1843,"2022-04-26","history","0.809531046375203"
"exdqlm_multivar_synth_keep","draw_118",1843,"2022-04-27","history","0.792436311703801"
"exdqlm_multivar_synth_keep","draw_118",1843,"2022-04-28","history","0.783466617055180"
"exdqlm_multivar_synth_keep","draw_118",1843,"2022-04-29","history","0.770226922255180"
"exdqlm_multivar_synth_keep","draw_118",1843,"2022-04-30","history","0.762861300685689"
"exdqlm_multivar_synth_keep","draw_118",1843,"2022-05-01","history","0.753169637031747"
"exdqlm_multivar_synth_keep","draw_118",1843,"2022-05-02","history","0.729456366388464"
"exdqlm_multivar_synth_keep","draw_118",1843,"2022-05-03","history","0.720314084300118"
"exdqlm_multivar_synth_keep","draw_118",1843,"2022-05-04","history","0.738622124733051"
"exdqlm_multivar_synth_keep","draw_118",1843,"2022-05-05","history","0.713677897023145"
"exdqlm_multivar_synth_keep","draw_118",1843,"2022-05-06","history","0.701991994747355"
"exdqlm_multivar_synth_keep","draw_118",1843,"2022-05-07","history","0.715641374439322"
"exdqlm_multivar_synth_keep","draw_118",1843,"2022-05-08","history","0.701083724215554"
"exdqlm_multivar_synth_keep","draw_118",1843,"2022-05-09","history","0.710426991500659"
"exdqlm_multivar_synth_keep","draw_118",1843,"2022-05-10","history","0.703009331638936"
"exdqlm_multivar_synth_keep","draw_118",1843,"2022-05-11","history","0.707121201018075"
"exdqlm_multivar_synth_keep","draw_119",1858,"2022-04-23","history","1.00076266255434"
"exdqlm_multivar_synth_keep","draw_119",1858,"2022-04-24","history","0.900717455716438"
"exdqlm_multivar_synth_keep","draw_119",1858,"2022-04-25","history","0.862725970432462"
"exdqlm_multivar_synth_keep","draw_119",1858,"2022-04-26","history","0.819683103637056"
"exdqlm_multivar_synth_keep","draw_119",1858,"2022-04-27","history","0.803221462671580"
"exdqlm_multivar_synth_keep","draw_119",1858,"2022-04-28","history","0.789761054788717"
"exdqlm_multivar_synth_keep","draw_119",1858,"2022-04-29","history","0.780654042715197"
"exdqlm_multivar_synth_keep","draw_119",1858,"2022-04-30","history","0.773726844435999"
"exdqlm_multivar_synth_keep","draw_119",1858,"2022-05-01","history","0.758634959381411"
"exdqlm_multivar_synth_keep","draw_119",1858,"2022-05-02","history","0.734155719652065"
"exdqlm_multivar_synth_keep","draw_119",1858,"2022-05-03","history","0.725727512590928"
"exdqlm_multivar_synth_keep","draw_119",1858,"2022-05-04","history","0.744949031518755"
"exdqlm_multivar_synth_keep","draw_119",1858,"2022-05-05","history","0.718694211171904"
"exdqlm_multivar_synth_keep","draw_119",1858,"2022-05-06","history","0.705338047586025"
"exdqlm_multivar_synth_keep","draw_119",1858,"2022-05-07","history","0.723306876750694"
"exdqlm_multivar_synth_keep","draw_119",1858,"2022-05-08","history","0.707120171676554"
"exdqlm_multivar_synth_keep","draw_119",1858,"2022-05-09","history","0.715782549385401"
"exdqlm_multivar_synth_keep","draw_119",1858,"2022-05-10","history","0.709436132617569"
"exdqlm_multivar_synth_keep","draw_119",1858,"2022-05-11","history","0.713352961477025"
"exdqlm_multivar_synth_keep","draw_120",1874,"2022-04-23","history","1.00633298171799"
"exdqlm_multivar_synth_keep","draw_120",1874,"2022-04-24","history","0.917079418627602"
"exdqlm_multivar_synth_keep","draw_120",1874,"2022-04-25","history","0.867594369633355"
"exdqlm_multivar_synth_keep","draw_120",1874,"2022-04-26","history","0.823928174352468"
"exdqlm_multivar_synth_keep","draw_120",1874,"2022-04-27","history","0.810521279943040"
"exdqlm_multivar_synth_keep","draw_120",1874,"2022-04-28","history","0.797785987446433"
"exdqlm_multivar_synth_keep","draw_120",1874,"2022-04-29","history","0.786862596257078"
"exdqlm_multivar_synth_keep","draw_120",1874,"2022-04-30","history","0.779321986601529"
"exdqlm_multivar_synth_keep","draw_120",1874,"2022-05-01","history","0.764028130392516"
"exdqlm_multivar_synth_keep","draw_120",1874,"2022-05-02","history","0.742283998148756"
"exdqlm_multivar_synth_keep","draw_120",1874,"2022-05-03","history","0.735445727035394"
"exdqlm_multivar_synth_keep","draw_120",1874,"2022-05-04","history","0.751490983099982"
"exdqlm_multivar_synth_keep","draw_120",1874,"2022-05-05","history","0.724330783721323"
"exdqlm_multivar_synth_keep","draw_120",1874,"2022-05-06","history","0.710649456996663"
"exdqlm_multivar_synth_keep","draw_120",1874,"2022-05-07","history","0.728865850302596"
"exdqlm_multivar_synth_keep","draw_120",1874,"2022-05-08","history","0.712389475331270"
"exdqlm_multivar_synth_keep","draw_120",1874,"2022-05-09","history","0.721365631598559"
"exdqlm_multivar_synth_keep","draw_120",1874,"2022-05-10","history","0.719084431156358"
"exdqlm_multivar_synth_keep","draw_120",1874,"2022-05-11","history","0.718858230728098"
"exdqlm_multivar_synth_keep","draw_121",1890,"2022-04-23","history","1.01408365788227"
"exdqlm_multivar_synth_keep","draw_121",1890,"2022-04-24","history","0.927533007646505"
"exdqlm_multivar_synth_keep","draw_121",1890,"2022-04-25","history","0.874145944556105"
"exdqlm_multivar_synth_keep","draw_121",1890,"2022-04-26","history","0.830902667395400"
"exdqlm_multivar_synth_keep","draw_121",1890,"2022-04-27","history","0.817119053295524"
"exdqlm_multivar_synth_keep","draw_121",1890,"2022-04-28","history","0.807626943829853"
"exdqlm_multivar_synth_keep","draw_121",1890,"2022-04-29","history","0.795567336983419"
"exdqlm_multivar_synth_keep","draw_121",1890,"2022-04-30","history","0.782190655741805"
"exdqlm_multivar_synth_keep","draw_121",1890,"2022-05-01","history","0.765948819554574"
"exdqlm_multivar_synth_keep","draw_121",1890,"2022-05-02","history","0.749469439898419"
"exdqlm_multivar_synth_keep","draw_121",1890,"2022-05-03","history","0.746156086777467"
"exdqlm_multivar_synth_keep","draw_121",1890,"2022-05-04","history","0.754903608493194"
"exdqlm_multivar_synth_keep","draw_121",1890,"2022-05-05","history","0.728937462889635"
"exdqlm_multivar_synth_keep","draw_121",1890,"2022-05-06","history","0.727247282201095"
"exdqlm_multivar_synth_keep","draw_121",1890,"2022-05-07","history","0.734375128547178"
"exdqlm_multivar_synth_keep","draw_121",1890,"2022-05-08","history","0.717251331725323"
"exdqlm_multivar_synth_keep","draw_121",1890,"2022-05-09","history","0.725340661724683"
"exdqlm_multivar_synth_keep","draw_121",1890,"2022-05-10","history","0.724605330393379"
"exdqlm_multivar_synth_keep","draw_121",1890,"2022-05-11","history","0.728142145951399"
"exdqlm_multivar_synth_keep","draw_122",1906,"2022-04-23","history","1.02317649089963"
"exdqlm_multivar_synth_keep","draw_122",1906,"2022-04-24","history","0.936114222918569"
"exdqlm_multivar_synth_keep","draw_122",1906,"2022-04-25","history","0.886835465113799"
"exdqlm_multivar_synth_keep","draw_122",1906,"2022-04-26","history","0.839152322717513"
"exdqlm_multivar_synth_keep","draw_122",1906,"2022-04-27","history","0.825675306400485"
"exdqlm_multivar_synth_keep","draw_122",1906,"2022-04-28","history","0.823600076918257"
"exdqlm_multivar_synth_keep","draw_122",1906,"2022-04-29","history","0.805279785692481"
"exdqlm_multivar_synth_keep","draw_122",1906,"2022-04-30","history","0.794349295979754"
"exdqlm_multivar_synth_keep","draw_122",1906,"2022-05-01","history","0.774094246505814"
"exdqlm_multivar_synth_keep","draw_122",1906,"2022-05-02","history","0.760348615117643"
"exdqlm_multivar_synth_keep","draw_122",1906,"2022-05-03","history","0.752773326541071"
"exdqlm_multivar_synth_keep","draw_122",1906,"2022-05-04","history","0.761340909325933"
"exdqlm_multivar_synth_keep","draw_122",1906,"2022-05-05","history","0.736852394020481"
"exdqlm_multivar_synth_keep","draw_122",1906,"2022-05-06","history","0.732735982002757"
"exdqlm_multivar_synth_keep","draw_122",1906,"2022-05-07","history","0.743143722807433"
"exdqlm_multivar_synth_keep","draw_122",1906,"2022-05-08","history","0.725207024341119"
"exdqlm_multivar_synth_keep","draw_122",1906,"2022-05-09","history","0.731971641590206"
"exdqlm_multivar_synth_keep","draw_122",1906,"2022-05-10","history","0.741888293280619"
"exdqlm_multivar_synth_keep","draw_122",1906,"2022-05-11","history","0.733788916156416"
"exdqlm_multivar_synth_keep","draw_123",1921,"2022-04-23","history","1.03976083260118"
"exdqlm_multivar_synth_keep","draw_123",1921,"2022-04-24","history","0.944501719802458"
"exdqlm_multivar_synth_keep","draw_123",1921,"2022-04-25","history","0.895261050855298"
"exdqlm_multivar_synth_keep","draw_123",1921,"2022-04-26","history","0.853685803902841"
"exdqlm_multivar_synth_keep","draw_123",1921,"2022-04-27","history","0.831171409936762"
"exdqlm_multivar_synth_keep","draw_123",1921,"2022-04-28","history","0.832658412041631"
"exdqlm_multivar_synth_keep","draw_123",1921,"2022-04-29","history","0.817209527866039"
"exdqlm_multivar_synth_keep","draw_123",1921,"2022-04-30","history","0.802162209770289"
"exdqlm_multivar_synth_keep","draw_123",1921,"2022-05-01","history","0.782882484949670"
"exdqlm_multivar_synth_keep","draw_123",1921,"2022-05-02","history","0.774930816211100"
"exdqlm_multivar_synth_keep","draw_123",1921,"2022-05-03","history","0.761073926141441"
"exdqlm_multivar_synth_keep","draw_123",1921,"2022-05-04","history","0.772209500985619"
"exdqlm_multivar_synth_keep","draw_123",1921,"2022-05-05","history","0.740607585983658"
"exdqlm_multivar_synth_keep","draw_123",1921,"2022-05-06","history","0.746216506708473"
"exdqlm_multivar_synth_keep","draw_123",1921,"2022-05-07","history","0.756894343532187"
"exdqlm_multivar_synth_keep","draw_123",1921,"2022-05-08","history","0.738974708749214"
"exdqlm_multivar_synth_keep","draw_123",1921,"2022-05-09","history","0.740039442029749"
"exdqlm_multivar_synth_keep","draw_123",1921,"2022-05-10","history","0.748874115931838"
"exdqlm_multivar_synth_keep","draw_123",1921,"2022-05-11","history","0.746405041241692"
"exdqlm_multivar_synth_keep","draw_124",1937,"2022-04-23","history","1.05855540748631"
"exdqlm_multivar_synth_keep","draw_124",1937,"2022-04-24","history","0.953322015194305"
"exdqlm_multivar_synth_keep","draw_124",1937,"2022-04-25","history","0.901517099023123"
"exdqlm_multivar_synth_keep","draw_124",1937,"2022-04-26","history","0.866168123791555"
"exdqlm_multivar_synth_keep","draw_124",1937,"2022-04-27","history","0.843090082135969"
"exdqlm_multivar_synth_keep","draw_124",1937,"2022-04-28","history","0.838492064766672"
"exdqlm_multivar_synth_keep","draw_124",1937,"2022-04-29","history","0.836470352916690"
"exdqlm_multivar_synth_keep","draw_124",1937,"2022-04-30","history","0.814468491478999"
"exdqlm_multivar_synth_keep","draw_124",1937,"2022-05-01","history","0.797459907676833"
"exdqlm_multivar_synth_keep","draw_124",1937,"2022-05-02","history","0.784432455651427"
"exdqlm_multivar_synth_keep","draw_124",1937,"2022-05-03","history","0.769998780605483"
"exdqlm_multivar_synth_keep","draw_124",1937,"2022-05-04","history","0.781723908529558"
"exdqlm_multivar_synth_keep","draw_124",1937,"2022-05-05","history","0.753660930493293"
"exdqlm_multivar_synth_keep","draw_124",1937,"2022-05-06","history","0.756147466930312"
"exdqlm_multivar_synth_keep","draw_124",1937,"2022-05-07","history","0.760655518214391"
"exdqlm_multivar_synth_keep","draw_124",1937,"2022-05-08","history","0.746195926516683"
"exdqlm_multivar_synth_keep","draw_124",1937,"2022-05-09","history","0.750944868482060"
"exdqlm_multivar_synth_keep","draw_124",1937,"2022-05-10","history","0.756197553910301"
"exdqlm_multivar_synth_keep","draw_124",1937,"2022-05-11","history","0.758008349766934"
"exdqlm_multivar_synth_keep","draw_125",1953,"2022-04-23","history","1.07139670821146"
"exdqlm_multivar_synth_keep","draw_125",1953,"2022-04-24","history","0.979258013488712"
"exdqlm_multivar_synth_keep","draw_125",1953,"2022-04-25","history","0.921078630225079"
"exdqlm_multivar_synth_keep","draw_125",1953,"2022-04-26","history","0.888822601787880"
"exdqlm_multivar_synth_keep","draw_125",1953,"2022-04-27","history","0.853026190783244"
"exdqlm_multivar_synth_keep","draw_125",1953,"2022-04-28","history","0.851291788161996"
"exdqlm_multivar_synth_keep","draw_125",1953,"2022-04-29","history","0.856665630272848"
"exdqlm_multivar_synth_keep","draw_125",1953,"2022-04-30","history","0.827867576609392"
"exdqlm_multivar_synth_keep","draw_125",1953,"2022-05-01","history","0.826901474959409"
"exdqlm_multivar_synth_keep","draw_125",1953,"2022-05-02","history","0.798013490040094"
"exdqlm_multivar_synth_keep","draw_125",1953,"2022-05-03","history","0.784626960903528"
"exdqlm_multivar_synth_keep","draw_125",1953,"2022-05-04","history","0.800985237263914"
"exdqlm_multivar_synth_keep","draw_125",1953,"2022-05-05","history","0.766045877034404"
"exdqlm_multivar_synth_keep","draw_125",1953,"2022-05-06","history","0.767001198987185"
"exdqlm_multivar_synth_keep","draw_125",1953,"2022-05-07","history","0.774402948569545"
"exdqlm_multivar_synth_keep","draw_125",1953,"2022-05-08","history","0.764284136804391"
"exdqlm_multivar_synth_keep","draw_125",1953,"2022-05-09","history","0.759208263495933"
"exdqlm_multivar_synth_keep","draw_125",1953,"2022-05-10","history","0.769087074551306"
"exdqlm_multivar_synth_keep","draw_125",1953,"2022-05-11","history","0.775908882969997"
"exdqlm_multivar_synth_keep","draw_126",1969,"2022-04-23","history","1.08765565392668"
"exdqlm_multivar_synth_keep","draw_126",1969,"2022-04-24","history","1.00590223978145"
"exdqlm_multivar_synth_keep","draw_126",1969,"2022-04-25","history","0.941011818107460"
"exdqlm_multivar_synth_keep","draw_126",1969,"2022-04-26","history","0.907396024663903"
"exdqlm_multivar_synth_keep","draw_126",1969,"2022-04-27","history","0.886887634424702"
"exdqlm_multivar_synth_keep","draw_126",1969,"2022-04-28","history","0.866307801648101"
"exdqlm_multivar_synth_keep","draw_126",1969,"2022-04-29","history","0.882464531889107"
"exdqlm_multivar_synth_keep","draw_126",1969,"2022-04-30","history","0.850940649697829"
"exdqlm_multivar_synth_keep","draw_126",1969,"2022-05-01","history","0.844339379095578"
"exdqlm_multivar_synth_keep","draw_126",1969,"2022-05-02","history","0.827285157772024"
"exdqlm_multivar_synth_keep","draw_126",1969,"2022-05-03","history","0.799384183309994"
"exdqlm_multivar_synth_keep","draw_126",1969,"2022-05-04","history","0.817904775327799"
"exdqlm_multivar_synth_keep","draw_126",1969,"2022-05-05","history","0.782685361262603"
"exdqlm_multivar_synth_keep","draw_126",1969,"2022-05-06","history","0.782699426037382"
"exdqlm_multivar_synth_keep","draw_126",1969,"2022-05-07","history","0.800995320637037"
"exdqlm_multivar_synth_keep","draw_126",1969,"2022-05-08","history","0.778939274439046"
"exdqlm_multivar_synth_keep","draw_126",1969,"2022-05-09","history","0.774318531885974"
"exdqlm_multivar_synth_keep","draw_126",1969,"2022-05-10","history","0.801214406884843"
"exdqlm_multivar_synth_keep","draw_126",1969,"2022-05-11","history","0.797053280236040"
"exdqlm_multivar_synth_keep","draw_127",1984,"2022-04-23","history","1.12672122154313"
"exdqlm_multivar_synth_keep","draw_127",1984,"2022-04-24","history","1.03383465745506"
"exdqlm_multivar_synth_keep","draw_127",1984,"2022-04-25","history","0.980364534959756"
"exdqlm_multivar_synth_keep","draw_127",1984,"2022-04-26","history","0.934818833107646"
"exdqlm_multivar_synth_keep","draw_127",1984,"2022-04-27","history","0.920692295038354"
"exdqlm_multivar_synth_keep","draw_127",1984,"2022-04-28","history","0.905121327701635"
"exdqlm_multivar_synth_keep","draw_127",1984,"2022-04-29","history","0.918498030927456"
"exdqlm_multivar_synth_keep","draw_127",1984,"2022-04-30","history","0.890871199417456"
"exdqlm_multivar_synth_keep","draw_127",1984,"2022-05-01","history","0.889250728468744"
"exdqlm_multivar_synth_keep","draw_127",1984,"2022-05-02","history","0.854101389179446"
"exdqlm_multivar_synth_keep","draw_127",1984,"2022-05-03","history","0.851985447564550"
"exdqlm_multivar_synth_keep","draw_127",1984,"2022-05-04","history","0.845898613633120"
"exdqlm_multivar_synth_keep","draw_127",1984,"2022-05-05","history","0.810272368067621"
"exdqlm_multivar_synth_keep","draw_127",1984,"2022-05-06","history","0.818273513887101"
"exdqlm_multivar_synth_keep","draw_127",1984,"2022-05-07","history","0.839596896078621"
"exdqlm_multivar_synth_keep","draw_127",1984,"2022-05-08","history","0.806934706326120"
"exdqlm_multivar_synth_keep","draw_127",1984,"2022-05-09","history","0.789842213008587"
"exdqlm_multivar_synth_keep","draw_127",1984,"2022-05-10","history","0.844079425192311"
"exdqlm_multivar_synth_keep","draw_127",1984,"2022-05-11","history","0.840589884732457"
"exdqlm_multivar_synth_keep","draw_128",2000,"2022-04-23","history","1.20833932593101"
"exdqlm_multivar_synth_keep","draw_128",2000,"2022-04-24","history","1.16821032762749"
"exdqlm_multivar_synth_keep","draw_128",2000,"2022-04-25","history","1.05882059480719"
"exdqlm_multivar_synth_keep","draw_128",2000,"2022-04-26","history","1.09370992763400"
"exdqlm_multivar_synth_keep","draw_128",2000,"2022-04-27","history","1.05599711971079"
"exdqlm_multivar_synth_keep","draw_128",2000,"2022-04-28","history","1.06592796963565"
"exdqlm_multivar_synth_keep","draw_128",2000,"2022-04-29","history","1.02590799325339"
"exdqlm_multivar_synth_keep","draw_128",2000,"2022-04-30","history","1.03349601359241"
"exdqlm_multivar_synth_keep","draw_128",2000,"2022-05-01","history","1.07044395646302"
"exdqlm_multivar_synth_keep","draw_128",2000,"2022-05-02","history","0.940939411640159"
"exdqlm_multivar_synth_keep","draw_128",2000,"2022-05-03","history","0.937005700216062"
"exdqlm_multivar_synth_keep","draw_128",2000,"2022-05-04","history","0.910785613481903"
"exdqlm_multivar_synth_keep","draw_128",2000,"2022-05-05","history","0.933850178849084"
"exdqlm_multivar_synth_keep","draw_128",2000,"2022-05-06","history","0.916432706672099"
"exdqlm_multivar_synth_keep","draw_128",2000,"2022-05-07","history","0.962402664033847"
"exdqlm_multivar_synth_keep","draw_128",2000,"2022-05-08","history","0.943249033261133"
"exdqlm_multivar_synth_keep","draw_128",2000,"2022-05-09","history","0.913291238498336"
"exdqlm_multivar_synth_keep","draw_128",2000,"2022-05-10","history","0.913628281780793"
"exdqlm_multivar_synth_keep","draw_128",2000,"2022-05-11","history","0.949176699193506"
"exdqlm_multivar_synth_keep","draw_001",1,"2022-05-12","forecast","0"
"exdqlm_multivar_synth_keep","draw_001",1,"2022-05-13","forecast","0"
"exdqlm_multivar_synth_keep","draw_001",1,"2022-05-14","forecast","0"
"exdqlm_multivar_synth_keep","draw_001",1,"2022-05-15","forecast","0"
"exdqlm_multivar_synth_keep","draw_001",1,"2022-05-16","forecast","0"
"exdqlm_multivar_synth_keep","draw_001",1,"2022-05-17","forecast","0"
"exdqlm_multivar_synth_keep","draw_001",1,"2022-05-18","forecast","0"
"exdqlm_multivar_synth_keep","draw_001",1,"2022-05-19","forecast","0"
"exdqlm_multivar_synth_keep","draw_001",1,"2022-05-20","forecast","0"
"exdqlm_multivar_synth_keep","draw_001",1,"2022-05-21","forecast","0"
"exdqlm_multivar_synth_keep","draw_001",1,"2022-05-22","forecast","0"
"exdqlm_multivar_synth_keep","draw_001",1,"2022-05-23","forecast","0.0985814854714086"
"exdqlm_multivar_synth_keep","draw_001",1,"2022-05-24","forecast","0"
"exdqlm_multivar_synth_keep","draw_001",1,"2022-05-25","forecast","0"
"exdqlm_multivar_synth_keep","draw_001",1,"2022-05-26","forecast","0.109037369549158"
"exdqlm_multivar_synth_keep","draw_001",1,"2022-05-27","forecast","0"
"exdqlm_multivar_synth_keep","draw_001",1,"2022-05-28","forecast","0"
"exdqlm_multivar_synth_keep","draw_001",1,"2022-05-29","forecast","0"
"exdqlm_multivar_synth_keep","draw_001",1,"2022-05-30","forecast","0"
"exdqlm_multivar_synth_keep","draw_001",1,"2022-05-31","forecast","0"
"exdqlm_multivar_synth_keep","draw_001",1,"2022-06-01","forecast","0"
"exdqlm_multivar_synth_keep","draw_001",1,"2022-06-02","forecast","0.0558652988456340"
"exdqlm_multivar_synth_keep","draw_001",1,"2022-06-03","forecast","0"
"exdqlm_multivar_synth_keep","draw_001",1,"2022-06-04","forecast","0"
"exdqlm_multivar_synth_keep","draw_001",1,"2022-06-05","forecast","0"
"exdqlm_multivar_synth_keep","draw_001",1,"2022-06-06","forecast","0"
"exdqlm_multivar_synth_keep","draw_001",1,"2022-06-07","forecast","0"
"exdqlm_multivar_synth_keep","draw_001",1,"2022-06-08","forecast","0"
"exdqlm_multivar_synth_keep","draw_002",17,"2022-05-12","forecast","0.329362341876058"
"exdqlm_multivar_synth_keep","draw_002",17,"2022-05-13","forecast","0.323300031728726"
"exdqlm_multivar_synth_keep","draw_002",17,"2022-05-14","forecast","0.295033532789553"
"exdqlm_multivar_synth_keep","draw_002",17,"2022-05-15","forecast","0.294296197607164"
"exdqlm_multivar_synth_keep","draw_002",17,"2022-05-16","forecast","0.300270192563703"
"exdqlm_multivar_synth_keep","draw_002",17,"2022-05-17","forecast","0.308684190343982"
"exdqlm_multivar_synth_keep","draw_002",17,"2022-05-18","forecast","0.282923896541348"
"exdqlm_multivar_synth_keep","draw_002",17,"2022-05-19","forecast","0.309351173036253"
"exdqlm_multivar_synth_keep","draw_002",17,"2022-05-20","forecast","0.299345037905179"
"exdqlm_multivar_synth_keep","draw_002",17,"2022-05-21","forecast","0.271394156194355"
"exdqlm_multivar_synth_keep","draw_002",17,"2022-05-22","forecast","0.282552741865244"
"exdqlm_multivar_synth_keep","draw_002",17,"2022-05-23","forecast","0.283700968170071"
"exdqlm_multivar_synth_keep","draw_002",17,"2022-05-24","forecast","0.285995817917706"
"exdqlm_multivar_synth_keep","draw_002",17,"2022-05-25","forecast","0.286767463351275"
"exdqlm_multivar_synth_keep","draw_002",17,"2022-05-26","forecast","0.284579089260992"
"exdqlm_multivar_synth_keep","draw_002",17,"2022-05-27","forecast","0.263108923612464"
"exdqlm_multivar_synth_keep","draw_002",17,"2022-05-28","forecast","0.267065858666528"
"exdqlm_multivar_synth_keep","draw_002",17,"2022-05-29","forecast","0.245814078847587"
"exdqlm_multivar_synth_keep","draw_002",17,"2022-05-30","forecast","0.268412065737802"
"exdqlm_multivar_synth_keep","draw_002",17,"2022-05-31","forecast","0.254797271098581"
"exdqlm_multivar_synth_keep","draw_002",17,"2022-06-01","forecast","0.272527349369271"
"exdqlm_multivar_synth_keep","draw_002",17,"2022-06-02","forecast","0.264913190694990"
"exdqlm_multivar_synth_keep","draw_002",17,"2022-06-03","forecast","0.242479637837770"
"exdqlm_multivar_synth_keep","draw_002",17,"2022-06-04","forecast","0.263032306496089"
"exdqlm_multivar_synth_keep","draw_002",17,"2022-06-05","forecast","0.225920895882751"
"exdqlm_multivar_synth_keep","draw_002",17,"2022-06-06","forecast","0.250775138440140"
"exdqlm_multivar_synth_keep","draw_002",17,"2022-06-07","forecast","0.219076289901914"
"exdqlm_multivar_synth_keep","draw_002",17,"2022-06-08","forecast","0.234071435016552"
"exdqlm_multivar_synth_keep","draw_003",32,"2022-05-12","forecast","0.342081915019914"
"exdqlm_multivar_synth_keep","draw_003",32,"2022-05-13","forecast","0.346917430817446"
"exdqlm_multivar_synth_keep","draw_003",32,"2022-05-14","forecast","0.308942298519567"
"exdqlm_multivar_synth_keep","draw_003",32,"2022-05-15","forecast","0.335533231402871"
"exdqlm_multivar_synth_keep","draw_003",32,"2022-05-16","forecast","0.316622035083979"
"exdqlm_multivar_synth_keep","draw_003",32,"2022-05-17","forecast","0.329193017407801"
"exdqlm_multivar_synth_keep","draw_003",32,"2022-05-18","forecast","0.306648904872135"
"exdqlm_multivar_synth_keep","draw_003",32,"2022-05-19","forecast","0.334712166737817"
"exdqlm_multivar_synth_keep","draw_003",32,"2022-05-20","forecast","0.318897534368555"
"exdqlm_multivar_synth_keep","draw_003",32,"2022-05-21","forecast","0.303756131087862"
"exdqlm_multivar_synth_keep","draw_003",32,"2022-05-22","forecast","0.315942270461425"
"exdqlm_multivar_synth_keep","draw_003",32,"2022-05-23","forecast","0.295885199493708"
"exdqlm_multivar_synth_keep","draw_003",32,"2022-05-24","forecast","0.310455400013142"
"exdqlm_multivar_synth_keep","draw_003",32,"2022-05-25","forecast","0.294628365940117"
"exdqlm_multivar_synth_keep","draw_003",32,"2022-05-26","forecast","0.299126738485288"
"exdqlm_multivar_synth_keep","draw_003",32,"2022-05-27","forecast","0.281197538761476"
"exdqlm_multivar_synth_keep","draw_003",32,"2022-05-28","forecast","0.287653057533711"
"exdqlm_multivar_synth_keep","draw_003",32,"2022-05-29","forecast","0.280019989573415"
"exdqlm_multivar_synth_keep","draw_003",32,"2022-05-30","forecast","0.294231487868753"
"exdqlm_multivar_synth_keep","draw_003",32,"2022-05-31","forecast","0.274518681543304"
"exdqlm_multivar_synth_keep","draw_003",32,"2022-06-01","forecast","0.283635312454413"
"exdqlm_multivar_synth_keep","draw_003",32,"2022-06-02","forecast","0.286951716801744"
"exdqlm_multivar_synth_keep","draw_003",32,"2022-06-03","forecast","0.265749507538115"
"exdqlm_multivar_synth_keep","draw_003",32,"2022-06-04","forecast","0.269453246349207"
"exdqlm_multivar_synth_keep","draw_003",32,"2022-06-05","forecast","0.247757587164308"
"exdqlm_multivar_synth_keep","draw_003",32,"2022-06-06","forecast","0.282484658688230"
"exdqlm_multivar_synth_keep","draw_003",32,"2022-06-07","forecast","0.260626904093478"
"exdqlm_multivar_synth_keep","draw_003",32,"2022-06-08","forecast","0.256563581794102"
"exdqlm_multivar_synth_keep","draw_004",48,"2022-05-12","forecast","0.357609520649946"
"exdqlm_multivar_synth_keep","draw_004",48,"2022-05-13","forecast","0.357978642860669"
"exdqlm_multivar_synth_keep","draw_004",48,"2022-05-14","forecast","0.332202432621067"
"exdqlm_multivar_synth_keep","draw_004",48,"2022-05-15","forecast","0.347094214865815"
"exdqlm_multivar_synth_keep","draw_004",48,"2022-05-16","forecast","0.328656217946401"
"exdqlm_multivar_synth_keep","draw_004",48,"2022-05-17","forecast","0.335847933215149"
"exdqlm_multivar_synth_keep","draw_004",48,"2022-05-18","forecast","0.317278668253425"
"exdqlm_multivar_synth_keep","draw_004",48,"2022-05-19","forecast","0.344014545298755"
"exdqlm_multivar_synth_keep","draw_004",48,"2022-05-20","forecast","0.331254797112038"
"exdqlm_multivar_synth_keep","draw_004",48,"2022-05-21","forecast","0.330213967004093"
"exdqlm_multivar_synth_keep","draw_004",48,"2022-05-22","forecast","0.327469017271560"
"exdqlm_multivar_synth_keep","draw_004",48,"2022-05-23","forecast","0.311181603596573"
"exdqlm_multivar_synth_keep","draw_004",48,"2022-05-24","forecast","0.327737922766348"
"exdqlm_multivar_synth_keep","draw_004",48,"2022-05-25","forecast","0.313777938346192"
"exdqlm_multivar_synth_keep","draw_004",48,"2022-05-26","forecast","0.311696405227974"
"exdqlm_multivar_synth_keep","draw_004",48,"2022-05-27","forecast","0.292113706291050"
"exdqlm_multivar_synth_keep","draw_004",48,"2022-05-28","forecast","0.302134670157183"
"exdqlm_multivar_synth_keep","draw_004",48,"2022-05-29","forecast","0.297111132017628"
"exdqlm_multivar_synth_keep","draw_004",48,"2022-05-30","forecast","0.297797830843057"
"exdqlm_multivar_synth_keep","draw_004",48,"2022-05-31","forecast","0.292785076509393"
"exdqlm_multivar_synth_keep","draw_004",48,"2022-06-01","forecast","0.297980514801894"
"exdqlm_multivar_synth_keep","draw_004",48,"2022-06-02","forecast","0.297662057715151"
"exdqlm_multivar_synth_keep","draw_004",48,"2022-06-03","forecast","0.277225125355712"
"exdqlm_multivar_synth_keep","draw_004",48,"2022-06-04","forecast","0.286630093586203"
"exdqlm_multivar_synth_keep","draw_004",48,"2022-06-05","forecast","0.264239065423878"
"exdqlm_multivar_synth_keep","draw_004",48,"2022-06-06","forecast","0.291468881481796"
"exdqlm_multivar_synth_keep","draw_004",48,"2022-06-07","forecast","0.270125442599872"
"exdqlm_multivar_synth_keep","draw_004",48,"2022-06-08","forecast","0.264574894959574"
"exdqlm_multivar_synth_keep","draw_005",64,"2022-05-12","forecast","0.378774720177033"
"exdqlm_multivar_synth_keep","draw_005",64,"2022-05-13","forecast","0.366182618352226"
"exdqlm_multivar_synth_keep","draw_005",64,"2022-05-14","forecast","0.347160804154704"
"exdqlm_multivar_synth_keep","draw_005",64,"2022-05-15","forecast","0.354705261120097"
"exdqlm_multivar_synth_keep","draw_005",64,"2022-05-16","forecast","0.339817784187284"
"exdqlm_multivar_synth_keep","draw_005",64,"2022-05-17","forecast","0.344324145706328"
"exdqlm_multivar_synth_keep","draw_005",64,"2022-05-18","forecast","0.324679901494919"
"exdqlm_multivar_synth_keep","draw_005",64,"2022-05-19","forecast","0.352215264678865"
"exdqlm_multivar_synth_keep","draw_005",64,"2022-05-20","forecast","0.341808808074486"
"exdqlm_multivar_synth_keep","draw_005",64,"2022-05-21","forecast","0.341657673137288"
"exdqlm_multivar_synth_keep","draw_005",64,"2022-05-22","forecast","0.332617795317183"
"exdqlm_multivar_synth_keep","draw_005",64,"2022-05-23","forecast","0.321979420624295"
"exdqlm_multivar_synth_keep","draw_005",64,"2022-05-24","forecast","0.337107401762845"
"exdqlm_multivar_synth_keep","draw_005",64,"2022-05-25","forecast","0.322777328180169"
"exdqlm_multivar_synth_keep","draw_005",64,"2022-05-26","forecast","0.322487876531764"
"exdqlm_multivar_synth_keep","draw_005",64,"2022-05-27","forecast","0.304283849978893"
"exdqlm_multivar_synth_keep","draw_005",64,"2022-05-28","forecast","0.314497075735453"
"exdqlm_multivar_synth_keep","draw_005",64,"2022-05-29","forecast","0.308023962974419"
"exdqlm_multivar_synth_keep","draw_005",64,"2022-05-30","forecast","0.310511898025218"
"exdqlm_multivar_synth_keep","draw_005",64,"2022-05-31","forecast","0.304798078496720"
"exdqlm_multivar_synth_keep","draw_005",64,"2022-06-01","forecast","0.303282384802061"
"exdqlm_multivar_synth_keep","draw_005",64,"2022-06-02","forecast","0.307171416609356"
"exdqlm_multivar_synth_keep","draw_005",64,"2022-06-03","forecast","0.284618015946865"
"exdqlm_multivar_synth_keep","draw_005",64,"2022-06-04","forecast","0.297170966943261"
"exdqlm_multivar_synth_keep","draw_005",64,"2022-06-05","forecast","0.276446555699995"
"exdqlm_multivar_synth_keep","draw_005",64,"2022-06-06","forecast","0.299976883238808"
"exdqlm_multivar_synth_keep","draw_005",64,"2022-06-07","forecast","0.282995121227862"
"exdqlm_multivar_synth_keep","draw_005",64,"2022-06-08","forecast","0.277405224893773"
"exdqlm_multivar_synth_keep","draw_006",80,"2022-05-12","forecast","0.382603435402437"
"exdqlm_multivar_synth_keep","draw_006",80,"2022-05-13","forecast","0.370817650696815"
"exdqlm_multivar_synth_keep","draw_006",80,"2022-05-14","forecast","0.357538963336943"
"exdqlm_multivar_synth_keep","draw_006",80,"2022-05-15","forecast","0.362830011090961"
"exdqlm_multivar_synth_keep","draw_006",80,"2022-05-16","forecast","0.348805986332576"
"exdqlm_multivar_synth_keep","draw_006",80,"2022-05-17","forecast","0.347248416993423"
"exdqlm_multivar_synth_keep","draw_006",80,"2022-05-18","forecast","0.333382651438846"
"exdqlm_multivar_synth_keep","draw_006",80,"2022-05-19","forecast","0.358094942378144"
"exdqlm_multivar_synth_keep","draw_006",80,"2022-05-20","forecast","0.354451405625573"
"exdqlm_multivar_synth_keep","draw_006",80,"2022-05-21","forecast","0.345880444241706"
"exdqlm_multivar_synth_keep","draw_006",80,"2022-05-22","forecast","0.338546195153441"
"exdqlm_multivar_synth_keep","draw_006",80,"2022-05-23","forecast","0.330389761924996"
"exdqlm_multivar_synth_keep","draw_006",80,"2022-05-24","forecast","0.341936443919773"
"exdqlm_multivar_synth_keep","draw_006",80,"2022-05-25","forecast","0.330192883559152"
"exdqlm_multivar_synth_keep","draw_006",80,"2022-05-26","forecast","0.326936975619541"
"exdqlm_multivar_synth_keep","draw_006",80,"2022-05-27","forecast","0.317032683596573"
"exdqlm_multivar_synth_keep","draw_006",80,"2022-05-28","forecast","0.319163892900765"
"exdqlm_multivar_synth_keep","draw_006",80,"2022-05-29","forecast","0.313254296539853"
"exdqlm_multivar_synth_keep","draw_006",80,"2022-05-30","forecast","0.314658683801611"
"exdqlm_multivar_synth_keep","draw_006",80,"2022-05-31","forecast","0.310167526737021"
"exdqlm_multivar_synth_keep","draw_006",80,"2022-06-01","forecast","0.306877977464275"
"exdqlm_multivar_synth_keep","draw_006",80,"2022-06-02","forecast","0.312397191566359"
"exdqlm_multivar_synth_keep","draw_006",80,"2022-06-03","forecast","0.293239640098874"
"exdqlm_multivar_synth_keep","draw_006",80,"2022-06-04","forecast","0.303539886896372"
"exdqlm_multivar_synth_keep","draw_006",80,"2022-06-05","forecast","0.284505810744839"
"exdqlm_multivar_synth_keep","draw_006",80,"2022-06-06","forecast","0.304276072376416"
"exdqlm_multivar_synth_keep","draw_006",80,"2022-06-07","forecast","0.293419754661954"
"exdqlm_multivar_synth_keep","draw_006",80,"2022-06-08","forecast","0.287057974897650"
"exdqlm_multivar_synth_keep","draw_007",95,"2022-05-12","forecast","0.387674481348114"
"exdqlm_multivar_synth_keep","draw_007",95,"2022-05-13","forecast","0.374948905028441"
"exdqlm_multivar_synth_keep","draw_007",95,"2022-05-14","forecast","0.360316698280332"
"exdqlm_multivar_synth_keep","draw_007",95,"2022-05-15","forecast","0.370519504868967"
"exdqlm_multivar_synth_keep","draw_007",95,"2022-05-16","forecast","0.355689163914042"
"exdqlm_multivar_synth_keep","draw_007",95,"2022-05-17","forecast","0.351510924868958"
"exdqlm_multivar_synth_keep","draw_007",95,"2022-05-18","forecast","0.338757270378263"
"exdqlm_multivar_synth_keep","draw_007",95,"2022-05-19","forecast","0.364683720315708"
"exdqlm_multivar_synth_keep","draw_007",95,"2022-05-20","forecast","0.358947308037947"
"exdqlm_multivar_synth_keep","draw_007",95,"2022-05-21","forecast","0.354846815991131"
"exdqlm_multivar_synth_keep","draw_007",95,"2022-05-22","forecast","0.341409470763143"
"exdqlm_multivar_synth_keep","draw_007",95,"2022-05-23","forecast","0.336978894343431"
"exdqlm_multivar_synth_keep","draw_007",95,"2022-05-24","forecast","0.350652132443013"
"exdqlm_multivar_synth_keep","draw_007",95,"2022-05-25","forecast","0.335530229848714"
"exdqlm_multivar_synth_keep","draw_007",95,"2022-05-26","forecast","0.331043531368962"
"exdqlm_multivar_synth_keep","draw_007",95,"2022-05-27","forecast","0.328450508698183"
"exdqlm_multivar_synth_keep","draw_007",95,"2022-05-28","forecast","0.323306282445456"
"exdqlm_multivar_synth_keep","draw_007",95,"2022-05-29","forecast","0.319182144793791"
"exdqlm_multivar_synth_keep","draw_007",95,"2022-05-30","forecast","0.318563257095793"
"exdqlm_multivar_synth_keep","draw_007",95,"2022-05-31","forecast","0.313363034294314"
"exdqlm_multivar_synth_keep","draw_007",95,"2022-06-01","forecast","0.310934130534456"
"exdqlm_multivar_synth_keep","draw_007",95,"2022-06-02","forecast","0.317906788800731"
"exdqlm_multivar_synth_keep","draw_007",95,"2022-06-03","forecast","0.303203837330542"
"exdqlm_multivar_synth_keep","draw_007",95,"2022-06-04","forecast","0.311542660570685"
"exdqlm_multivar_synth_keep","draw_007",95,"2022-06-05","forecast","0.294472856409215"
"exdqlm_multivar_synth_keep","draw_007",95,"2022-06-06","forecast","0.308343753296970"
"exdqlm_multivar_synth_keep","draw_007",95,"2022-06-07","forecast","0.298967600323490"
"exdqlm_multivar_synth_keep","draw_007",95,"2022-06-08","forecast","0.293309468899832"
"exdqlm_multivar_synth_keep","draw_008",111,"2022-05-12","forecast","0.392803962979524"
"exdqlm_multivar_synth_keep","draw_008",111,"2022-05-13","forecast","0.383979623239700"
"exdqlm_multivar_synth_keep","draw_008",111,"2022-05-14","forecast","0.367354250665472"
"exdqlm_multivar_synth_keep","draw_008",111,"2022-05-15","forecast","0.375917692666869"
"exdqlm_multivar_synth_keep","draw_008",111,"2022-05-16","forecast","0.362221521717236"
"exdqlm_multivar_synth_keep","draw_008",111,"2022-05-17","forecast","0.354821083599486"
"exdqlm_multivar_synth_keep","draw_008",111,"2022-05-18","forecast","0.343457950695877"
"exdqlm_multivar_synth_keep","draw_008",111,"2022-05-19","forecast","0.371556020515923"
"exdqlm_multivar_synth_keep","draw_008",111,"2022-05-20","forecast","0.367072012057585"
"exdqlm_multivar_synth_keep","draw_008",111,"2022-05-21","forecast","0.362125916472571"
"exdqlm_multivar_synth_keep","draw_008",111,"2022-05-22","forecast","0.348086344013999"
"exdqlm_multivar_synth_keep","draw_008",111,"2022-05-23","forecast","0.345466905301498"
"exdqlm_multivar_synth_keep","draw_008",111,"2022-05-24","forecast","0.357993598686055"
"exdqlm_multivar_synth_keep","draw_008",111,"2022-05-25","forecast","0.341390963847068"
"exdqlm_multivar_synth_keep","draw_008",111,"2022-05-26","forecast","0.338198707603935"
"exdqlm_multivar_synth_keep","draw_008",111,"2022-05-27","forecast","0.332352282392391"
"exdqlm_multivar_synth_keep","draw_008",111,"2022-05-28","forecast","0.329468252544790"
"exdqlm_multivar_synth_keep","draw_008",111,"2022-05-29","forecast","0.324329652897285"
"exdqlm_multivar_synth_keep","draw_008",111,"2022-05-30","forecast","0.325826147263827"
"exdqlm_multivar_synth_keep","draw_008",111,"2022-05-31","forecast","0.320018002700741"
"exdqlm_multivar_synth_keep","draw_008",111,"2022-06-01","forecast","0.314900344751148"
"exdqlm_multivar_synth_keep","draw_008",111,"2022-06-02","forecast","0.321483818614263"
"exdqlm_multivar_synth_keep","draw_008",111,"2022-06-03","forecast","0.309889322430514"
"exdqlm_multivar_synth_keep","draw_008",111,"2022-06-04","forecast","0.319280539585301"
"exdqlm_multivar_synth_keep","draw_008",111,"2022-06-05","forecast","0.300221056613454"
"exdqlm_multivar_synth_keep","draw_008",111,"2022-06-06","forecast","0.316263008963941"
"exdqlm_multivar_synth_keep","draw_008",111,"2022-06-07","forecast","0.306022117984771"
"exdqlm_multivar_synth_keep","draw_008",111,"2022-06-08","forecast","0.298321711379690"
"exdqlm_multivar_synth_keep","draw_009",127,"2022-05-12","forecast","0.397742986067259"
"exdqlm_multivar_synth_keep","draw_009",127,"2022-05-13","forecast","0.391230136106171"
"exdqlm_multivar_synth_keep","draw_009",127,"2022-05-14","forecast","0.371134221006026"
"exdqlm_multivar_synth_keep","draw_009",127,"2022-05-15","forecast","0.378453756098186"
"exdqlm_multivar_synth_keep","draw_009",127,"2022-05-16","forecast","0.366220004354277"
"exdqlm_multivar_synth_keep","draw_009",127,"2022-05-17","forecast","0.360451475632409"
"exdqlm_multivar_synth_keep","draw_009",127,"2022-05-18","forecast","0.350484644923927"
"exdqlm_multivar_synth_keep","draw_009",127,"2022-05-19","forecast","0.376722110596244"
"exdqlm_multivar_synth_keep","draw_009",127,"2022-05-20","forecast","0.374409546910823"
"exdqlm_multivar_synth_keep","draw_009",127,"2022-05-21","forecast","0.367399911222180"
"exdqlm_multivar_synth_keep","draw_009",127,"2022-05-22","forecast","0.354514135579882"
"exdqlm_multivar_synth_keep","draw_009",127,"2022-05-23","forecast","0.351331937616713"
"exdqlm_multivar_synth_keep","draw_009",127,"2022-05-24","forecast","0.363072966722848"
"exdqlm_multivar_synth_keep","draw_009",127,"2022-05-25","forecast","0.350594627743874"
"exdqlm_multivar_synth_keep","draw_009",127,"2022-05-26","forecast","0.347922890809819"
"exdqlm_multivar_synth_keep","draw_009",127,"2022-05-27","forecast","0.336435179816699"
"exdqlm_multivar_synth_keep","draw_009",127,"2022-05-28","forecast","0.337075010396674"
"exdqlm_multivar_synth_keep","draw_009",127,"2022-05-29","forecast","0.332151751788370"
"exdqlm_multivar_synth_keep","draw_009",127,"2022-05-30","forecast","0.331364185930604"
"exdqlm_multivar_synth_keep","draw_009",127,"2022-05-31","forecast","0.325788404325631"
"exdqlm_multivar_synth_keep","draw_009",127,"2022-06-01","forecast","0.323120123166037"
"exdqlm_multivar_synth_keep","draw_009",127,"2022-06-02","forecast","0.332190941605728"
"exdqlm_multivar_synth_keep","draw_009",127,"2022-06-03","forecast","0.315293376947987"
"exdqlm_multivar_synth_keep","draw_009",127,"2022-06-04","forecast","0.326609093311564"
"exdqlm_multivar_synth_keep","draw_009",127,"2022-06-05","forecast","0.306605472036966"
"exdqlm_multivar_synth_keep","draw_009",127,"2022-06-06","forecast","0.320991079173863"
"exdqlm_multivar_synth_keep","draw_009",127,"2022-06-07","forecast","0.310250683332839"
"exdqlm_multivar_synth_keep","draw_009",127,"2022-06-08","forecast","0.307326927523302"
"exdqlm_multivar_synth_keep","draw_010",143,"2022-05-12","forecast","0.400872557850374"
"exdqlm_multivar_synth_keep","draw_010",143,"2022-05-13","forecast","0.393153287356032"
"exdqlm_multivar_synth_keep","draw_010",143,"2022-05-14","forecast","0.374119278293452"
"exdqlm_multivar_synth_keep","draw_010",143,"2022-05-15","forecast","0.383208966748275"
"exdqlm_multivar_synth_keep","draw_010",143,"2022-05-16","forecast","0.370579760315314"
"exdqlm_multivar_synth_keep","draw_010",143,"2022-05-17","forecast","0.364991309775400"
"exdqlm_multivar_synth_keep","draw_010",143,"2022-05-18","forecast","0.355323922573873"
"exdqlm_multivar_synth_keep","draw_010",143,"2022-05-19","forecast","0.383387556997654"
"exdqlm_multivar_synth_keep","draw_010",143,"2022-05-20","forecast","0.379998176925932"
"exdqlm_multivar_synth_keep","draw_010",143,"2022-05-21","forecast","0.379332612912680"
"exdqlm_multivar_synth_keep","draw_010",143,"2022-05-22","forecast","0.365987964367811"
"exdqlm_multivar_synth_keep","draw_010",143,"2022-05-23","forecast","0.362429380037160"
"exdqlm_multivar_synth_keep","draw_010",143,"2022-05-24","forecast","0.367926509137909"
"exdqlm_multivar_synth_keep","draw_010",143,"2022-05-25","forecast","0.358434141618366"
"exdqlm_multivar_synth_keep","draw_010",143,"2022-05-26","forecast","0.355647570040620"
"exdqlm_multivar_synth_keep","draw_010",143,"2022-05-27","forecast","0.340653338913996"
"exdqlm_multivar_synth_keep","draw_010",143,"2022-05-28","forecast","0.339857723842513"
"exdqlm_multivar_synth_keep","draw_010",143,"2022-05-29","forecast","0.339301607562500"
"exdqlm_multivar_synth_keep","draw_010",143,"2022-05-30","forecast","0.337073289840788"
"exdqlm_multivar_synth_keep","draw_010",143,"2022-05-31","forecast","0.334761969280242"
"exdqlm_multivar_synth_keep","draw_010",143,"2022-06-01","forecast","0.326986815035228"
"exdqlm_multivar_synth_keep","draw_010",143,"2022-06-02","forecast","0.339271191507763"
"exdqlm_multivar_synth_keep","draw_010",143,"2022-06-03","forecast","0.320972552614175"
"exdqlm_multivar_synth_keep","draw_010",143,"2022-06-04","forecast","0.336475348177981"
"exdqlm_multivar_synth_keep","draw_010",143,"2022-06-05","forecast","0.312548956919367"
"exdqlm_multivar_synth_keep","draw_010",143,"2022-06-06","forecast","0.325159209171133"
"exdqlm_multivar_synth_keep","draw_010",143,"2022-06-07","forecast","0.317080259870234"
"exdqlm_multivar_synth_keep","draw_010",143,"2022-06-08","forecast","0.312337723203998"
"exdqlm_multivar_synth_keep","draw_011",158,"2022-05-12","forecast","0.404233234624484"
"exdqlm_multivar_synth_keep","draw_011",158,"2022-05-13","forecast","0.395905928291029"
"exdqlm_multivar_synth_keep","draw_011",158,"2022-05-14","forecast","0.377166291586429"
"exdqlm_multivar_synth_keep","draw_011",158,"2022-05-15","forecast","0.386662186343287"
"exdqlm_multivar_synth_keep","draw_011",158,"2022-05-16","forecast","0.372892170558173"
"exdqlm_multivar_synth_keep","draw_011",158,"2022-05-17","forecast","0.370479911325517"
"exdqlm_multivar_synth_keep","draw_011",158,"2022-05-18","forecast","0.362290148430147"
"exdqlm_multivar_synth_keep","draw_011",158,"2022-05-19","forecast","0.389175495954048"
"exdqlm_multivar_synth_keep","draw_011",158,"2022-05-20","forecast","0.385538562235754"
"exdqlm_multivar_synth_keep","draw_011",158,"2022-05-21","forecast","0.385040777331969"
"exdqlm_multivar_synth_keep","draw_011",158,"2022-05-22","forecast","0.372183331734979"
"exdqlm_multivar_synth_keep","draw_011",158,"2022-05-23","forecast","0.372922666087977"
"exdqlm_multivar_synth_keep","draw_011",158,"2022-05-24","forecast","0.372452738907105"
"exdqlm_multivar_synth_keep","draw_011",158,"2022-05-25","forecast","0.365817073784518"
"exdqlm_multivar_synth_keep","draw_011",158,"2022-05-26","forecast","0.360577478345709"
"exdqlm_multivar_synth_keep","draw_011",158,"2022-05-27","forecast","0.345065415857490"
"exdqlm_multivar_synth_keep","draw_011",158,"2022-05-28","forecast","0.344834320171160"
"exdqlm_multivar_synth_keep","draw_011",158,"2022-05-29","forecast","0.345530829171411"
"exdqlm_multivar_synth_keep","draw_011",158,"2022-05-30","forecast","0.342933315798530"
"exdqlm_multivar_synth_keep","draw_011",158,"2022-05-31","forecast","0.338825141261332"
"exdqlm_multivar_synth_keep","draw_011",158,"2022-06-01","forecast","0.332670483084080"
"exdqlm_multivar_synth_keep","draw_011",158,"2022-06-02","forecast","0.348220609576230"
"exdqlm_multivar_synth_keep","draw_011",158,"2022-06-03","forecast","0.325248452544303"
"exdqlm_multivar_synth_keep","draw_011",158,"2022-06-04","forecast","0.342419515131729"
"exdqlm_multivar_synth_keep","draw_011",158,"2022-06-05","forecast","0.320374667681392"
"exdqlm_multivar_synth_keep","draw_011",158,"2022-06-06","forecast","0.332344828279890"
"exdqlm_multivar_synth_keep","draw_011",158,"2022-06-07","forecast","0.322659405483379"
"exdqlm_multivar_synth_keep","draw_011",158,"2022-06-08","forecast","0.317017257638788"
"exdqlm_multivar_synth_keep","draw_012",174,"2022-05-12","forecast","0.408259430999162"
"exdqlm_multivar_synth_keep","draw_012",174,"2022-05-13","forecast","0.398581036535767"
"exdqlm_multivar_synth_keep","draw_012",174,"2022-05-14","forecast","0.382842421682800"
"exdqlm_multivar_synth_keep","draw_012",174,"2022-05-15","forecast","0.391609410720075"
"exdqlm_multivar_synth_keep","draw_012",174,"2022-05-16","forecast","0.378923102038610"
"exdqlm_multivar_synth_keep","draw_012",174,"2022-05-17","forecast","0.375306599984973"
"exdqlm_multivar_synth_keep","draw_012",174,"2022-05-18","forecast","0.367419468118004"
"exdqlm_multivar_synth_keep","draw_012",174,"2022-05-19","forecast","0.399440367047172"
"exdqlm_multivar_synth_keep","draw_012",174,"2022-05-20","forecast","0.389396805145354"
"exdqlm_multivar_synth_keep","draw_012",174,"2022-05-21","forecast","0.390044977693701"
"exdqlm_multivar_synth_keep","draw_012",174,"2022-05-22","forecast","0.377085357034972"
"exdqlm_multivar_synth_keep","draw_012",174,"2022-05-23","forecast","0.380111373493056"
"exdqlm_multivar_synth_keep","draw_012",174,"2022-05-24","forecast","0.380138302169906"
"exdqlm_multivar_synth_keep","draw_012",174,"2022-05-25","forecast","0.376939013212677"
"exdqlm_multivar_synth_keep","draw_012",174,"2022-05-26","forecast","0.367673930686680"
"exdqlm_multivar_synth_keep","draw_012",174,"2022-05-27","forecast","0.349291215826469"
"exdqlm_multivar_synth_keep","draw_012",174,"2022-05-28","forecast","0.353089616072982"
"exdqlm_multivar_synth_keep","draw_012",174,"2022-05-29","forecast","0.353839390703852"
"exdqlm_multivar_synth_keep","draw_012",174,"2022-05-30","forecast","0.346769389915292"
"exdqlm_multivar_synth_keep","draw_012",174,"2022-05-31","forecast","0.344077980404326"
"exdqlm_multivar_synth_keep","draw_012",174,"2022-06-01","forecast","0.341032610683840"
"exdqlm_multivar_synth_keep","draw_012",174,"2022-06-02","forecast","0.356263754360638"
"exdqlm_multivar_synth_keep","draw_012",174,"2022-06-03","forecast","0.331622702231448"
"exdqlm_multivar_synth_keep","draw_012",174,"2022-06-04","forecast","0.349657351552579"
"exdqlm_multivar_synth_keep","draw_012",174,"2022-06-05","forecast","0.329133049660716"
"exdqlm_multivar_synth_keep","draw_012",174,"2022-06-06","forecast","0.338366782092013"
"exdqlm_multivar_synth_keep","draw_012",174,"2022-06-07","forecast","0.327199456300066"
"exdqlm_multivar_synth_keep","draw_012",174,"2022-06-08","forecast","0.322014395945418"
"exdqlm_multivar_synth_keep","draw_013",190,"2022-05-12","forecast","0.414724551526068"
"exdqlm_multivar_synth_keep","draw_013",190,"2022-05-13","forecast","0.400988560576973"
"exdqlm_multivar_synth_keep","draw_013",190,"2022-05-14","forecast","0.386273299852854"
"exdqlm_multivar_synth_keep","draw_013",190,"2022-05-15","forecast","0.398721566220690"
"exdqlm_multivar_synth_keep","draw_013",190,"2022-05-16","forecast","0.383392544517680"
"exdqlm_multivar_synth_keep","draw_013",190,"2022-05-17","forecast","0.382284707944827"
"exdqlm_multivar_synth_keep","draw_013",190,"2022-05-18","forecast","0.374423303159950"
"exdqlm_multivar_synth_keep","draw_013",190,"2022-05-19","forecast","0.407803319023834"
"exdqlm_multivar_synth_keep","draw_013",190,"2022-05-20","forecast","0.396639066732407"
"exdqlm_multivar_synth_keep","draw_013",190,"2022-05-21","forecast","0.397829661259600"
"exdqlm_multivar_synth_keep","draw_013",190,"2022-05-22","forecast","0.381836488837738"
"exdqlm_multivar_synth_keep","draw_013",190,"2022-05-23","forecast","0.387911679292730"
"exdqlm_multivar_synth_keep","draw_013",190,"2022-05-24","forecast","0.385847076057810"
"exdqlm_multivar_synth_keep","draw_013",190,"2022-05-25","forecast","0.383179562607989"
"exdqlm_multivar_synth_keep","draw_013",190,"2022-05-26","forecast","0.377762485472105"
"exdqlm_multivar_synth_keep","draw_013",190,"2022-05-27","forecast","0.354069709178529"
"exdqlm_multivar_synth_keep","draw_013",190,"2022-05-28","forecast","0.358557834387928"
"exdqlm_multivar_synth_keep","draw_013",190,"2022-05-29","forecast","0.362629046806022"
"exdqlm_multivar_synth_keep","draw_013",190,"2022-05-30","forecast","0.350778468622206"
"exdqlm_multivar_synth_keep","draw_013",190,"2022-05-31","forecast","0.353614876279153"
"exdqlm_multivar_synth_keep","draw_013",190,"2022-06-01","forecast","0.346507424718759"
"exdqlm_multivar_synth_keep","draw_013",190,"2022-06-02","forecast","0.364625417018774"
"exdqlm_multivar_synth_keep","draw_013",190,"2022-06-03","forecast","0.338647063297169"
"exdqlm_multivar_synth_keep","draw_013",190,"2022-06-04","forecast","0.356166167425057"
"exdqlm_multivar_synth_keep","draw_013",190,"2022-06-05","forecast","0.334513934174280"
"exdqlm_multivar_synth_keep","draw_013",190,"2022-06-06","forecast","0.345892165347960"
"exdqlm_multivar_synth_keep","draw_013",190,"2022-06-07","forecast","0.333417532951961"
"exdqlm_multivar_synth_keep","draw_013",190,"2022-06-08","forecast","0.329518711489124"
"exdqlm_multivar_synth_keep","draw_014",206,"2022-05-12","forecast","0.417915481305910"
"exdqlm_multivar_synth_keep","draw_014",206,"2022-05-13","forecast","0.405599353648282"
"exdqlm_multivar_synth_keep","draw_014",206,"2022-05-14","forecast","0.390729229623762"
"exdqlm_multivar_synth_keep","draw_014",206,"2022-05-15","forecast","0.404822286116779"
"exdqlm_multivar_synth_keep","draw_014",206,"2022-05-16","forecast","0.392689950725266"
"exdqlm_multivar_synth_keep","draw_014",206,"2022-05-17","forecast","0.385905903564147"
"exdqlm_multivar_synth_keep","draw_014",206,"2022-05-18","forecast","0.380877715459291"
"exdqlm_multivar_synth_keep","draw_014",206,"2022-05-19","forecast","0.417345383130091"
"exdqlm_multivar_synth_keep","draw_014",206,"2022-05-20","forecast","0.403956097453454"
"exdqlm_multivar_synth_keep","draw_014",206,"2022-05-21","forecast","0.406601402005640"
"exdqlm_multivar_synth_keep","draw_014",206,"2022-05-22","forecast","0.386972625978695"
"exdqlm_multivar_synth_keep","draw_014",206,"2022-05-23","forecast","0.395771625320939"
"exdqlm_multivar_synth_keep","draw_014",206,"2022-05-24","forecast","0.392702056772129"
"exdqlm_multivar_synth_keep","draw_014",206,"2022-05-25","forecast","0.387696000655187"
"exdqlm_multivar_synth_keep","draw_014",206,"2022-05-26","forecast","0.384831823800402"
"exdqlm_multivar_synth_keep","draw_014",206,"2022-05-27","forecast","0.359139958837774"
"exdqlm_multivar_synth_keep","draw_014",206,"2022-05-28","forecast","0.364584954523273"
"exdqlm_multivar_synth_keep","draw_014",206,"2022-05-29","forecast","0.368179561038505"
"exdqlm_multivar_synth_keep","draw_014",206,"2022-05-30","forecast","0.356982987867573"
"exdqlm_multivar_synth_keep","draw_014",206,"2022-05-31","forecast","0.362896989550587"
"exdqlm_multivar_synth_keep","draw_014",206,"2022-06-01","forecast","0.353576723108933"
"exdqlm_multivar_synth_keep","draw_014",206,"2022-06-02","forecast","0.375205914995991"
"exdqlm_multivar_synth_keep","draw_014",206,"2022-06-03","forecast","0.346898484950754"
"exdqlm_multivar_synth_keep","draw_014",206,"2022-06-04","forecast","0.363746083588465"
"exdqlm_multivar_synth_keep","draw_014",206,"2022-06-05","forecast","0.341092845652460"
"exdqlm_multivar_synth_keep","draw_014",206,"2022-06-06","forecast","0.354242005565506"
"exdqlm_multivar_synth_keep","draw_014",206,"2022-06-07","forecast","0.341101479497374"
"exdqlm_multivar_synth_keep","draw_014",206,"2022-06-08","forecast","0.338269518001238"
"exdqlm_multivar_synth_keep","draw_015",221,"2022-05-12","forecast","0.422095806864551"
"exdqlm_multivar_synth_keep","draw_015",221,"2022-05-13","forecast","0.409975112976362"
"exdqlm_multivar_synth_keep","draw_015",221,"2022-05-14","forecast","0.394174997879029"
"exdqlm_multivar_synth_keep","draw_015",221,"2022-05-15","forecast","0.412033859307646"
"exdqlm_multivar_synth_keep","draw_015",221,"2022-05-16","forecast","0.397774106799253"
"exdqlm_multivar_synth_keep","draw_015",221,"2022-05-17","forecast","0.389520753075382"
"exdqlm_multivar_synth_keep","draw_015",221,"2022-05-18","forecast","0.385754182953073"
"exdqlm_multivar_synth_keep","draw_015",221,"2022-05-19","forecast","0.419734767844005"
"exdqlm_multivar_synth_keep","draw_015",221,"2022-05-20","forecast","0.412152924092341"
"exdqlm_multivar_synth_keep","draw_015",221,"2022-05-21","forecast","0.412428606617627"
"exdqlm_multivar_synth_keep","draw_015",221,"2022-05-22","forecast","0.391309659534707"
"exdqlm_multivar_synth_keep","draw_015",221,"2022-05-23","forecast","0.402114911507234"
"exdqlm_multivar_synth_keep","draw_015",221,"2022-05-24","forecast","0.397472846127024"
"exdqlm_multivar_synth_keep","draw_015",221,"2022-05-25","forecast","0.392935991704728"
"exdqlm_multivar_synth_keep","draw_015",221,"2022-05-26","forecast","0.389516517151917"
"exdqlm_multivar_synth_keep","draw_015",221,"2022-05-27","forecast","0.366331086150550"
"exdqlm_multivar_synth_keep","draw_015",221,"2022-05-28","forecast","0.368048125728576"
"exdqlm_multivar_synth_keep","draw_015",221,"2022-05-29","forecast","0.372410498460273"
"exdqlm_multivar_synth_keep","draw_015",221,"2022-05-30","forecast","0.363612608158119"
"exdqlm_multivar_synth_keep","draw_015",221,"2022-05-31","forecast","0.371238253652528"
"exdqlm_multivar_synth_keep","draw_015",221,"2022-06-01","forecast","0.357745192524942"
"exdqlm_multivar_synth_keep","draw_015",221,"2022-06-02","forecast","0.383792699778345"
"exdqlm_multivar_synth_keep","draw_015",221,"2022-06-03","forecast","0.353831494009401"
"exdqlm_multivar_synth_keep","draw_015",221,"2022-06-04","forecast","0.369773553218674"
"exdqlm_multivar_synth_keep","draw_015",221,"2022-06-05","forecast","0.351040778468709"
"exdqlm_multivar_synth_keep","draw_015",221,"2022-06-06","forecast","0.359012975120792"
"exdqlm_multivar_synth_keep","draw_015",221,"2022-06-07","forecast","0.345363578909740"
"exdqlm_multivar_synth_keep","draw_015",221,"2022-06-08","forecast","0.341599225175689"
"exdqlm_multivar_synth_keep","draw_016",237,"2022-05-12","forecast","0.427332493653691"
"exdqlm_multivar_synth_keep","draw_016",237,"2022-05-13","forecast","0.414379102567910"
"exdqlm_multivar_synth_keep","draw_016",237,"2022-05-14","forecast","0.397850499973151"
"exdqlm_multivar_synth_keep","draw_016",237,"2022-05-15","forecast","0.416539322162211"
"exdqlm_multivar_synth_keep","draw_016",237,"2022-05-16","forecast","0.403245936422604"
"exdqlm_multivar_synth_keep","draw_016",237,"2022-05-17","forecast","0.393174923200396"
"exdqlm_multivar_synth_keep","draw_016",237,"2022-05-18","forecast","0.391206811232597"
"exdqlm_multivar_synth_keep","draw_016",237,"2022-05-19","forecast","0.426553737947895"
"exdqlm_multivar_synth_keep","draw_016",237,"2022-05-20","forecast","0.421478190041788"
"exdqlm_multivar_synth_keep","draw_016",237,"2022-05-21","forecast","0.419521352848695"
"exdqlm_multivar_synth_keep","draw_016",237,"2022-05-22","forecast","0.398179702864245"
"exdqlm_multivar_synth_keep","draw_016",237,"2022-05-23","forecast","0.408349045780230"
"exdqlm_multivar_synth_keep","draw_016",237,"2022-05-24","forecast","0.402781027799889"
"exdqlm_multivar_synth_keep","draw_016",237,"2022-05-25","forecast","0.397788161468402"
"exdqlm_multivar_synth_keep","draw_016",237,"2022-05-26","forecast","0.395885767124874"
"exdqlm_multivar_synth_keep","draw_016",237,"2022-05-27","forecast","0.373022420323242"
"exdqlm_multivar_synth_keep","draw_016",237,"2022-05-28","forecast","0.373718880615048"
"exdqlm_multivar_synth_keep","draw_016",237,"2022-05-29","forecast","0.379472502893878"
"exdqlm_multivar_synth_keep","draw_016",237,"2022-05-30","forecast","0.369211664219827"
"exdqlm_multivar_synth_keep","draw_016",237,"2022-05-31","forecast","0.381694290503371"
"exdqlm_multivar_synth_keep","draw_016",237,"2022-06-01","forecast","0.361453381190266"
"exdqlm_multivar_synth_keep","draw_016",237,"2022-06-02","forecast","0.391655861973760"
"exdqlm_multivar_synth_keep","draw_016",237,"2022-06-03","forecast","0.357585582461957"
"exdqlm_multivar_synth_keep","draw_016",237,"2022-06-04","forecast","0.377134011135983"
"exdqlm_multivar_synth_keep","draw_016",237,"2022-06-05","forecast","0.357056461821847"
"exdqlm_multivar_synth_keep","draw_016",237,"2022-06-06","forecast","0.364982896646185"
"exdqlm_multivar_synth_keep","draw_016",237,"2022-06-07","forecast","0.351192484779142"
"exdqlm_multivar_synth_keep","draw_016",237,"2022-06-08","forecast","0.347983882874138"
"exdqlm_multivar_synth_keep","draw_017",253,"2022-05-12","forecast","0.432273095146892"
"exdqlm_multivar_synth_keep","draw_017",253,"2022-05-13","forecast","0.417847560646212"
"exdqlm_multivar_synth_keep","draw_017",253,"2022-05-14","forecast","0.402016610457730"
"exdqlm_multivar_synth_keep","draw_017",253,"2022-05-15","forecast","0.423107368135666"
"exdqlm_multivar_synth_keep","draw_017",253,"2022-05-16","forecast","0.410409297886853"
"exdqlm_multivar_synth_keep","draw_017",253,"2022-05-17","forecast","0.396943067187913"
"exdqlm_multivar_synth_keep","draw_017",253,"2022-05-18","forecast","0.398278024652036"
"exdqlm_multivar_synth_keep","draw_017",253,"2022-05-19","forecast","0.433319467139262"
"exdqlm_multivar_synth_keep","draw_017",253,"2022-05-20","forecast","0.426750009539949"
"exdqlm_multivar_synth_keep","draw_017",253,"2022-05-21","forecast","0.424386381261276"
"exdqlm_multivar_synth_keep","draw_017",253,"2022-05-22","forecast","0.409254082037143"
"exdqlm_multivar_synth_keep","draw_017",253,"2022-05-23","forecast","0.420921139512371"
"exdqlm_multivar_synth_keep","draw_017",253,"2022-05-24","forecast","0.411605850328845"
"exdqlm_multivar_synth_keep","draw_017",253,"2022-05-25","forecast","0.405620393644032"
"exdqlm_multivar_synth_keep","draw_017",253,"2022-05-26","forecast","0.400067624066225"
"exdqlm_multivar_synth_keep","draw_017",253,"2022-05-27","forecast","0.377486407927881"
"exdqlm_multivar_synth_keep","draw_017",253,"2022-05-28","forecast","0.380214260040947"
"exdqlm_multivar_synth_keep","draw_017",253,"2022-05-29","forecast","0.387201044157226"
"exdqlm_multivar_synth_keep","draw_017",253,"2022-05-30","forecast","0.374275406274406"
"exdqlm_multivar_synth_keep","draw_017",253,"2022-05-31","forecast","0.387851508115174"
"exdqlm_multivar_synth_keep","draw_017",253,"2022-06-01","forecast","0.366135739200161"
"exdqlm_multivar_synth_keep","draw_017",253,"2022-06-02","forecast","0.399039316367912"
"exdqlm_multivar_synth_keep","draw_017",253,"2022-06-03","forecast","0.360842711179759"
"exdqlm_multivar_synth_keep","draw_017",253,"2022-06-04","forecast","0.382791059018158"
"exdqlm_multivar_synth_keep","draw_017",253,"2022-06-05","forecast","0.363407808758452"
"exdqlm_multivar_synth_keep","draw_017",253,"2022-06-06","forecast","0.369552619966925"
"exdqlm_multivar_synth_keep","draw_017",253,"2022-06-07","forecast","0.357975048389080"
"exdqlm_multivar_synth_keep","draw_017",253,"2022-06-08","forecast","0.353221525636063"
"exdqlm_multivar_synth_keep","draw_018",269,"2022-05-12","forecast","0.438605528573958"
"exdqlm_multivar_synth_keep","draw_018",269,"2022-05-13","forecast","0.420965438612363"
"exdqlm_multivar_synth_keep","draw_018",269,"2022-05-14","forecast","0.406889674706991"
"exdqlm_multivar_synth_keep","draw_018",269,"2022-05-15","forecast","0.428347531298202"
"exdqlm_multivar_synth_keep","draw_018",269,"2022-05-16","forecast","0.415258246744129"
"exdqlm_multivar_synth_keep","draw_018",269,"2022-05-17","forecast","0.402934747819247"
"exdqlm_multivar_synth_keep","draw_018",269,"2022-05-18","forecast","0.402714539130930"
"exdqlm_multivar_synth_keep","draw_018",269,"2022-05-19","forecast","0.441419516769128"
"exdqlm_multivar_synth_keep","draw_018",269,"2022-05-20","forecast","0.433253410010475"
"exdqlm_multivar_synth_keep","draw_018",269,"2022-05-21","forecast","0.431267211149164"
"exdqlm_multivar_synth_keep","draw_018",269,"2022-05-22","forecast","0.416449597990933"
"exdqlm_multivar_synth_keep","draw_018",269,"2022-05-23","forecast","0.426673055212966"
"exdqlm_multivar_synth_keep","draw_018",269,"2022-05-24","forecast","0.419442848446214"
"exdqlm_multivar_synth_keep","draw_018",269,"2022-05-25","forecast","0.413278504296812"
"exdqlm_multivar_synth_keep","draw_018",269,"2022-05-26","forecast","0.403652518857680"
"exdqlm_multivar_synth_keep","draw_018",269,"2022-05-27","forecast","0.384926247513618"
"exdqlm_multivar_synth_keep","draw_018",269,"2022-05-28","forecast","0.386047710563321"
"exdqlm_multivar_synth_keep","draw_018",269,"2022-05-29","forecast","0.393188945664149"
"exdqlm_multivar_synth_keep","draw_018",269,"2022-05-30","forecast","0.380919018228573"
"exdqlm_multivar_synth_keep","draw_018",269,"2022-05-31","forecast","0.394876740929387"
"exdqlm_multivar_synth_keep","draw_018",269,"2022-06-01","forecast","0.372653275971632"
"exdqlm_multivar_synth_keep","draw_018",269,"2022-06-02","forecast","0.405436620946648"
"exdqlm_multivar_synth_keep","draw_018",269,"2022-06-03","forecast","0.367247586892528"
"exdqlm_multivar_synth_keep","draw_018",269,"2022-06-04","forecast","0.391706161833589"
"exdqlm_multivar_synth_keep","draw_018",269,"2022-06-05","forecast","0.373626648494207"
"exdqlm_multivar_synth_keep","draw_018",269,"2022-06-06","forecast","0.372533292267050"
"exdqlm_multivar_synth_keep","draw_018",269,"2022-06-07","forecast","0.363837176481364"
"exdqlm_multivar_synth_keep","draw_018",269,"2022-06-08","forecast","0.357576920419953"
"exdqlm_multivar_synth_keep","draw_019",284,"2022-05-12","forecast","0.442682657212201"
"exdqlm_multivar_synth_keep","draw_019",284,"2022-05-13","forecast","0.426590009377899"
"exdqlm_multivar_synth_keep","draw_019",284,"2022-05-14","forecast","0.413453734976101"
"exdqlm_multivar_synth_keep","draw_019",284,"2022-05-15","forecast","0.433551940688688"
"exdqlm_multivar_synth_keep","draw_019",284,"2022-05-16","forecast","0.420909928168040"
"exdqlm_multivar_synth_keep","draw_019",284,"2022-05-17","forecast","0.408149844855801"
"exdqlm_multivar_synth_keep","draw_019",284,"2022-05-18","forecast","0.409205260501460"
"exdqlm_multivar_synth_keep","draw_019",284,"2022-05-19","forecast","0.446644978655715"
"exdqlm_multivar_synth_keep","draw_019",284,"2022-05-20","forecast","0.439678250963981"
"exdqlm_multivar_synth_keep","draw_019",284,"2022-05-21","forecast","0.437350484254227"
"exdqlm_multivar_synth_keep","draw_019",284,"2022-05-22","forecast","0.424544341834348"
"exdqlm_multivar_synth_keep","draw_019",284,"2022-05-23","forecast","0.431893862424523"
"exdqlm_multivar_synth_keep","draw_019",284,"2022-05-24","forecast","0.426113399244009"
"exdqlm_multivar_synth_keep","draw_019",284,"2022-05-25","forecast","0.418024643723926"
"exdqlm_multivar_synth_keep","draw_019",284,"2022-05-26","forecast","0.411037969668989"
"exdqlm_multivar_synth_keep","draw_019",284,"2022-05-27","forecast","0.390726382194659"
"exdqlm_multivar_synth_keep","draw_019",284,"2022-05-28","forecast","0.395628968532194"
"exdqlm_multivar_synth_keep","draw_019",284,"2022-05-29","forecast","0.395742915714091"
"exdqlm_multivar_synth_keep","draw_019",284,"2022-05-30","forecast","0.386011931564426"
"exdqlm_multivar_synth_keep","draw_019",284,"2022-05-31","forecast","0.400355132905358"
"exdqlm_multivar_synth_keep","draw_019",284,"2022-06-01","forecast","0.381344312659364"
"exdqlm_multivar_synth_keep","draw_019",284,"2022-06-02","forecast","0.410773990100262"
"exdqlm_multivar_synth_keep","draw_019",284,"2022-06-03","forecast","0.375919810718916"
"exdqlm_multivar_synth_keep","draw_019",284,"2022-06-04","forecast","0.398046919941107"
"exdqlm_multivar_synth_keep","draw_019",284,"2022-06-05","forecast","0.380982681929432"
"exdqlm_multivar_synth_keep","draw_019",284,"2022-06-06","forecast","0.380420673968954"
"exdqlm_multivar_synth_keep","draw_019",284,"2022-06-07","forecast","0.368649182201792"
"exdqlm_multivar_synth_keep","draw_019",284,"2022-06-08","forecast","0.362528849263473"
"exdqlm_multivar_synth_keep","draw_020",300,"2022-05-12","forecast","0.445807842597014"
"exdqlm_multivar_synth_keep","draw_020",300,"2022-05-13","forecast","0.432122472549261"
"exdqlm_multivar_synth_keep","draw_020",300,"2022-05-14","forecast","0.419542851798211"
"exdqlm_multivar_synth_keep","draw_020",300,"2022-05-15","forecast","0.439969055353919"
"exdqlm_multivar_synth_keep","draw_020",300,"2022-05-16","forecast","0.426406763301755"
"exdqlm_multivar_synth_keep","draw_020",300,"2022-05-17","forecast","0.412777280631954"
"exdqlm_multivar_synth_keep","draw_020",300,"2022-05-18","forecast","0.415737011833487"
"exdqlm_multivar_synth_keep","draw_020",300,"2022-05-19","forecast","0.451267000496107"
"exdqlm_multivar_synth_keep","draw_020",300,"2022-05-20","forecast","0.443852447243141"
"exdqlm_multivar_synth_keep","draw_020",300,"2022-05-21","forecast","0.443047903773107"
"exdqlm_multivar_synth_keep","draw_020",300,"2022-05-22","forecast","0.428774961324929"
"exdqlm_multivar_synth_keep","draw_020",300,"2022-05-23","forecast","0.440971862294261"
"exdqlm_multivar_synth_keep","draw_020",300,"2022-05-24","forecast","0.431735444342522"
"exdqlm_multivar_synth_keep","draw_020",300,"2022-05-25","forecast","0.424098184969487"
"exdqlm_multivar_synth_keep","draw_020",300,"2022-05-26","forecast","0.414495406333432"
"exdqlm_multivar_synth_keep","draw_020",300,"2022-05-27","forecast","0.395329862288014"
"exdqlm_multivar_synth_keep","draw_020",300,"2022-05-28","forecast","0.400934001686325"
"exdqlm_multivar_synth_keep","draw_020",300,"2022-05-29","forecast","0.405525253966963"
"exdqlm_multivar_synth_keep","draw_020",300,"2022-05-30","forecast","0.392355674479961"
"exdqlm_multivar_synth_keep","draw_020",300,"2022-05-31","forecast","0.407106023734286"
"exdqlm_multivar_synth_keep","draw_020",300,"2022-06-01","forecast","0.387795911939199"
"exdqlm_multivar_synth_keep","draw_020",300,"2022-06-02","forecast","0.417699714646396"
"exdqlm_multivar_synth_keep","draw_020",300,"2022-06-03","forecast","0.381810574440156"
"exdqlm_multivar_synth_keep","draw_020",300,"2022-06-04","forecast","0.402035912592633"
"exdqlm_multivar_synth_keep","draw_020",300,"2022-06-05","forecast","0.387539799275831"
"exdqlm_multivar_synth_keep","draw_020",300,"2022-06-06","forecast","0.387839353495215"
"exdqlm_multivar_synth_keep","draw_020",300,"2022-06-07","forecast","0.375477917801826"
"exdqlm_multivar_synth_keep","draw_020",300,"2022-06-08","forecast","0.370687473396973"
"exdqlm_multivar_synth_keep","draw_021",316,"2022-05-12","forecast","0.449526456401695"
"exdqlm_multivar_synth_keep","draw_021",316,"2022-05-13","forecast","0.435869035529433"
"exdqlm_multivar_synth_keep","draw_021",316,"2022-05-14","forecast","0.424401792211898"
"exdqlm_multivar_synth_keep","draw_021",316,"2022-05-15","forecast","0.446586690972541"
"exdqlm_multivar_synth_keep","draw_021",316,"2022-05-16","forecast","0.432047897910721"
"exdqlm_multivar_synth_keep","draw_021",316,"2022-05-17","forecast","0.417311919259831"
"exdqlm_multivar_synth_keep","draw_021",316,"2022-05-18","forecast","0.419971606640052"
"exdqlm_multivar_synth_keep","draw_021",316,"2022-05-19","forecast","0.457342850951763"
"exdqlm_multivar_synth_keep","draw_021",316,"2022-05-20","forecast","0.451324836915281"
"exdqlm_multivar_synth_keep","draw_021",316,"2022-05-21","forecast","0.451959371483703"
"exdqlm_multivar_synth_keep","draw_021",316,"2022-05-22","forecast","0.436313804583537"
"exdqlm_multivar_synth_keep","draw_021",316,"2022-05-23","forecast","0.447063458646696"
"exdqlm_multivar_synth_keep","draw_021",316,"2022-05-24","forecast","0.435719492456449"
"exdqlm_multivar_synth_keep","draw_021",316,"2022-05-25","forecast","0.430923736123734"
"exdqlm_multivar_synth_keep","draw_021",316,"2022-05-26","forecast","0.420712699378140"
"exdqlm_multivar_synth_keep","draw_021",316,"2022-05-27","forecast","0.399600666758372"
"exdqlm_multivar_synth_keep","draw_021",316,"2022-05-28","forecast","0.408449307023885"
"exdqlm_multivar_synth_keep","draw_021",316,"2022-05-29","forecast","0.413439911294619"
"exdqlm_multivar_synth_keep","draw_021",316,"2022-05-30","forecast","0.398956471437904"
"exdqlm_multivar_synth_keep","draw_021",316,"2022-05-31","forecast","0.411596468802394"
"exdqlm_multivar_synth_keep","draw_021",316,"2022-06-01","forecast","0.393510138774611"
"exdqlm_multivar_synth_keep","draw_021",316,"2022-06-02","forecast","0.427085145301251"
"exdqlm_multivar_synth_keep","draw_021",316,"2022-06-03","forecast","0.388333627365283"
"exdqlm_multivar_synth_keep","draw_021",316,"2022-06-04","forecast","0.407805657154365"
"exdqlm_multivar_synth_keep","draw_021",316,"2022-06-05","forecast","0.393583779094698"
"exdqlm_multivar_synth_keep","draw_021",316,"2022-06-06","forecast","0.393267440963766"
"exdqlm_multivar_synth_keep","draw_021",316,"2022-06-07","forecast","0.379263180980003"
"exdqlm_multivar_synth_keep","draw_021",316,"2022-06-08","forecast","0.377374547429198"
"exdqlm_multivar_synth_keep","draw_022",332,"2022-05-12","forecast","0.453137801130913"
"exdqlm_multivar_synth_keep","draw_022",332,"2022-05-13","forecast","0.440459232853497"
"exdqlm_multivar_synth_keep","draw_022",332,"2022-05-14","forecast","0.429740713416142"
"exdqlm_multivar_synth_keep","draw_022",332,"2022-05-15","forecast","0.451132816993235"
"exdqlm_multivar_synth_keep","draw_022",332,"2022-05-16","forecast","0.437386797382026"
"exdqlm_multivar_synth_keep","draw_022",332,"2022-05-17","forecast","0.424021971560116"
"exdqlm_multivar_synth_keep","draw_022",332,"2022-05-18","forecast","0.425347990666724"
"exdqlm_multivar_synth_keep","draw_022",332,"2022-05-19","forecast","0.465517910439869"
"exdqlm_multivar_synth_keep","draw_022",332,"2022-05-20","forecast","0.457137822270088"
"exdqlm_multivar_synth_keep","draw_022",332,"2022-05-21","forecast","0.459661358809762"
"exdqlm_multivar_synth_keep","draw_022",332,"2022-05-22","forecast","0.441632421346555"
"exdqlm_multivar_synth_keep","draw_022",332,"2022-05-23","forecast","0.453549578834252"
"exdqlm_multivar_synth_keep","draw_022",332,"2022-05-24","forecast","0.439445743508261"
"exdqlm_multivar_synth_keep","draw_022",332,"2022-05-25","forecast","0.437266495615788"
"exdqlm_multivar_synth_keep","draw_022",332,"2022-05-26","forecast","0.428266948473705"
"exdqlm_multivar_synth_keep","draw_022",332,"2022-05-27","forecast","0.403299365199463"
"exdqlm_multivar_synth_keep","draw_022",332,"2022-05-28","forecast","0.413480440479711"
"exdqlm_multivar_synth_keep","draw_022",332,"2022-05-29","forecast","0.419353735911511"
"exdqlm_multivar_synth_keep","draw_022",332,"2022-05-30","forecast","0.406052480881694"
"exdqlm_multivar_synth_keep","draw_022",332,"2022-05-31","forecast","0.418021783972570"
"exdqlm_multivar_synth_keep","draw_022",332,"2022-06-01","forecast","0.398242793002252"
"exdqlm_multivar_synth_keep","draw_022",332,"2022-06-02","forecast","0.432098706857058"
"exdqlm_multivar_synth_keep","draw_022",332,"2022-06-03","forecast","0.393373347790957"
"exdqlm_multivar_synth_keep","draw_022",332,"2022-06-04","forecast","0.411408469204612"
"exdqlm_multivar_synth_keep","draw_022",332,"2022-06-05","forecast","0.402149587258743"
"exdqlm_multivar_synth_keep","draw_022",332,"2022-06-06","forecast","0.398010548141335"
"exdqlm_multivar_synth_keep","draw_022",332,"2022-06-07","forecast","0.384111955178680"
"exdqlm_multivar_synth_keep","draw_022",332,"2022-06-08","forecast","0.383437237667758"
"exdqlm_multivar_synth_keep","draw_023",347,"2022-05-12","forecast","0.455836548044951"
"exdqlm_multivar_synth_keep","draw_023",347,"2022-05-13","forecast","0.443655760656016"
"exdqlm_multivar_synth_keep","draw_023",347,"2022-05-14","forecast","0.435255077513427"
"exdqlm_multivar_synth_keep","draw_023",347,"2022-05-15","forecast","0.454650594928524"
"exdqlm_multivar_synth_keep","draw_023",347,"2022-05-16","forecast","0.441382812517353"
"exdqlm_multivar_synth_keep","draw_023",347,"2022-05-17","forecast","0.428547646334863"
"exdqlm_multivar_synth_keep","draw_023",347,"2022-05-18","forecast","0.429595538013792"
"exdqlm_multivar_synth_keep","draw_023",347,"2022-05-19","forecast","0.470369991183375"
"exdqlm_multivar_synth_keep","draw_023",347,"2022-05-20","forecast","0.461843669011730"
"exdqlm_multivar_synth_keep","draw_023",347,"2022-05-21","forecast","0.466380355860632"
"exdqlm_multivar_synth_keep","draw_023",347,"2022-05-22","forecast","0.448841180571665"
"exdqlm_multivar_synth_keep","draw_023",347,"2022-05-23","forecast","0.459743392662670"
"exdqlm_multivar_synth_keep","draw_023",347,"2022-05-24","forecast","0.445237594186931"
"exdqlm_multivar_synth_keep","draw_023",347,"2022-05-25","forecast","0.442419156455148"
"exdqlm_multivar_synth_keep","draw_023",347,"2022-05-26","forecast","0.433185710257730"
"exdqlm_multivar_synth_keep","draw_023",347,"2022-05-27","forecast","0.408980231007451"
"exdqlm_multivar_synth_keep","draw_023",347,"2022-05-28","forecast","0.418914539467891"
"exdqlm_multivar_synth_keep","draw_023",347,"2022-05-29","forecast","0.424820384910001"
"exdqlm_multivar_synth_keep","draw_023",347,"2022-05-30","forecast","0.414155435284067"
"exdqlm_multivar_synth_keep","draw_023",347,"2022-05-31","forecast","0.423405270827925"
"exdqlm_multivar_synth_keep","draw_023",347,"2022-06-01","forecast","0.403925462775728"
"exdqlm_multivar_synth_keep","draw_023",347,"2022-06-02","forecast","0.433860851095364"
"exdqlm_multivar_synth_keep","draw_023",347,"2022-06-03","forecast","0.396390687997995"
"exdqlm_multivar_synth_keep","draw_023",347,"2022-06-04","forecast","0.417549600363331"
"exdqlm_multivar_synth_keep","draw_023",347,"2022-06-05","forecast","0.406400709484506"
"exdqlm_multivar_synth_keep","draw_023",347,"2022-06-06","forecast","0.404075911929416"
"exdqlm_multivar_synth_keep","draw_023",347,"2022-06-07","forecast","0.388903942076420"
"exdqlm_multivar_synth_keep","draw_023",347,"2022-06-08","forecast","0.389192363270905"
"exdqlm_multivar_synth_keep","draw_024",363,"2022-05-12","forecast","0.460321563774244"
"exdqlm_multivar_synth_keep","draw_024",363,"2022-05-13","forecast","0.450333194158345"
"exdqlm_multivar_synth_keep","draw_024",363,"2022-05-14","forecast","0.438967058125539"
"exdqlm_multivar_synth_keep","draw_024",363,"2022-05-15","forecast","0.457398829722528"
"exdqlm_multivar_synth_keep","draw_024",363,"2022-05-16","forecast","0.447185403079413"
"exdqlm_multivar_synth_keep","draw_024",363,"2022-05-17","forecast","0.436557763057575"
"exdqlm_multivar_synth_keep","draw_024",363,"2022-05-18","forecast","0.433645383548264"
"exdqlm_multivar_synth_keep","draw_024",363,"2022-05-19","forecast","0.479983258601373"
"exdqlm_multivar_synth_keep","draw_024",363,"2022-05-20","forecast","0.468067435778699"
"exdqlm_multivar_synth_keep","draw_024",363,"2022-05-21","forecast","0.473701836823840"
"exdqlm_multivar_synth_keep","draw_024",363,"2022-05-22","forecast","0.457051070319645"
"exdqlm_multivar_synth_keep","draw_024",363,"2022-05-23","forecast","0.468550305651977"
"exdqlm_multivar_synth_keep","draw_024",363,"2022-05-24","forecast","0.450516410193098"
"exdqlm_multivar_synth_keep","draw_024",363,"2022-05-25","forecast","0.447671268723306"
"exdqlm_multivar_synth_keep","draw_024",363,"2022-05-26","forecast","0.441136799249915"
"exdqlm_multivar_synth_keep","draw_024",363,"2022-05-27","forecast","0.416245490823425"
"exdqlm_multivar_synth_keep","draw_024",363,"2022-05-28","forecast","0.426772580961211"
"exdqlm_multivar_synth_keep","draw_024",363,"2022-05-29","forecast","0.428835431415252"
"exdqlm_multivar_synth_keep","draw_024",363,"2022-05-30","forecast","0.419968028251124"
"exdqlm_multivar_synth_keep","draw_024",363,"2022-05-31","forecast","0.429049980388448"
"exdqlm_multivar_synth_keep","draw_024",363,"2022-06-01","forecast","0.410697821777972"
"exdqlm_multivar_synth_keep","draw_024",363,"2022-06-02","forecast","0.434205303078761"
"exdqlm_multivar_synth_keep","draw_024",363,"2022-06-03","forecast","0.404701552022020"
"exdqlm_multivar_synth_keep","draw_024",363,"2022-06-04","forecast","0.422469266083939"
"exdqlm_multivar_synth_keep","draw_024",363,"2022-06-05","forecast","0.410152446172530"
"exdqlm_multivar_synth_keep","draw_024",363,"2022-06-06","forecast","0.413745029047964"
"exdqlm_multivar_synth_keep","draw_024",363,"2022-06-07","forecast","0.393958476425751"
"exdqlm_multivar_synth_keep","draw_024",363,"2022-06-08","forecast","0.394947547484035"
"exdqlm_multivar_synth_keep","draw_025",379,"2022-05-12","forecast","0.461361152443128"
"exdqlm_multivar_synth_keep","draw_025",379,"2022-05-13","forecast","0.455040470723827"
"exdqlm_multivar_synth_keep","draw_025",379,"2022-05-14","forecast","0.442606971071692"
"exdqlm_multivar_synth_keep","draw_025",379,"2022-05-15","forecast","0.458730800576008"
"exdqlm_multivar_synth_keep","draw_025",379,"2022-05-16","forecast","0.450813951415321"
"exdqlm_multivar_synth_keep","draw_025",379,"2022-05-17","forecast","0.440874128371923"
"exdqlm_multivar_synth_keep","draw_025",379,"2022-05-18","forecast","0.436238320988947"
"exdqlm_multivar_synth_keep","draw_025",379,"2022-05-19","forecast","0.486656821595092"
"exdqlm_multivar_synth_keep","draw_025",379,"2022-05-20","forecast","0.475695922772790"
"exdqlm_multivar_synth_keep","draw_025",379,"2022-05-21","forecast","0.480245954927648"
"exdqlm_multivar_synth_keep","draw_025",379,"2022-05-22","forecast","0.461610702956658"
"exdqlm_multivar_synth_keep","draw_025",379,"2022-05-23","forecast","0.470678816700519"
"exdqlm_multivar_synth_keep","draw_025",379,"2022-05-24","forecast","0.457393813402718"
"exdqlm_multivar_synth_keep","draw_025",379,"2022-05-25","forecast","0.454374006337573"
"exdqlm_multivar_synth_keep","draw_025",379,"2022-05-26","forecast","0.449439695985857"
"exdqlm_multivar_synth_keep","draw_025",379,"2022-05-27","forecast","0.422799366265200"
"exdqlm_multivar_synth_keep","draw_025",379,"2022-05-28","forecast","0.433464519348068"
"exdqlm_multivar_synth_keep","draw_025",379,"2022-05-29","forecast","0.434537930079104"
"exdqlm_multivar_synth_keep","draw_025",379,"2022-05-30","forecast","0.428231869768010"
"exdqlm_multivar_synth_keep","draw_025",379,"2022-05-31","forecast","0.433540603187541"
"exdqlm_multivar_synth_keep","draw_025",379,"2022-06-01","forecast","0.415320247238999"
"exdqlm_multivar_synth_keep","draw_025",379,"2022-06-02","forecast","0.434551835486513"
"exdqlm_multivar_synth_keep","draw_025",379,"2022-06-03","forecast","0.413224279500500"
"exdqlm_multivar_synth_keep","draw_025",379,"2022-06-04","forecast","0.424936830931110"
"exdqlm_multivar_synth_keep","draw_025",379,"2022-06-05","forecast","0.418664949065710"
"exdqlm_multivar_synth_keep","draw_025",379,"2022-06-06","forecast","0.417206926505535"
"exdqlm_multivar_synth_keep","draw_025",379,"2022-06-07","forecast","0.396311379517322"
"exdqlm_multivar_synth_keep","draw_025",379,"2022-06-08","forecast","0.399854012929054"
"exdqlm_multivar_synth_keep","draw_026",395,"2022-05-12","forecast","0.465519126204922"
"exdqlm_multivar_synth_keep","draw_026",395,"2022-05-13","forecast","0.459367043405239"
"exdqlm_multivar_synth_keep","draw_026",395,"2022-05-14","forecast","0.446223979438863"
"exdqlm_multivar_synth_keep","draw_026",395,"2022-05-15","forecast","0.460021473380203"
"exdqlm_multivar_synth_keep","draw_026",395,"2022-05-16","forecast","0.455022485160938"
"exdqlm_multivar_synth_keep","draw_026",395,"2022-05-17","forecast","0.445697516967640"
"exdqlm_multivar_synth_keep","draw_026",395,"2022-05-18","forecast","0.440160744202066"
"exdqlm_multivar_synth_keep","draw_026",395,"2022-05-19","forecast","0.491974644278073"
"exdqlm_multivar_synth_keep","draw_026",395,"2022-05-20","forecast","0.481042005739003"
"exdqlm_multivar_synth_keep","draw_026",395,"2022-05-21","forecast","0.485312162144883"
"exdqlm_multivar_synth_keep","draw_026",395,"2022-05-22","forecast","0.468394039044770"
"exdqlm_multivar_synth_keep","draw_026",395,"2022-05-23","forecast","0.473040525009400"
"exdqlm_multivar_synth_keep","draw_026",395,"2022-05-24","forecast","0.457586982890524"
"exdqlm_multivar_synth_keep","draw_026",395,"2022-05-25","forecast","0.455117647290978"
"exdqlm_multivar_synth_keep","draw_026",395,"2022-05-26","forecast","0.452061363070634"
"exdqlm_multivar_synth_keep","draw_026",395,"2022-05-27","forecast","0.429176055376871"
"exdqlm_multivar_synth_keep","draw_026",395,"2022-05-28","forecast","0.438489141493087"
"exdqlm_multivar_synth_keep","draw_026",395,"2022-05-29","forecast","0.440825180732603"
"exdqlm_multivar_synth_keep","draw_026",395,"2022-05-30","forecast","0.437564513806316"
"exdqlm_multivar_synth_keep","draw_026",395,"2022-05-31","forecast","0.437590755531563"
"exdqlm_multivar_synth_keep","draw_026",395,"2022-06-01","forecast","0.420128852329814"
"exdqlm_multivar_synth_keep","draw_026",395,"2022-06-02","forecast","0.434898898255355"
"exdqlm_multivar_synth_keep","draw_026",395,"2022-06-03","forecast","0.419598168010924"
"exdqlm_multivar_synth_keep","draw_026",395,"2022-06-04","forecast","0.425195665103530"
"exdqlm_multivar_synth_keep","draw_026",395,"2022-06-05","forecast","0.423359866909701"
"exdqlm_multivar_synth_keep","draw_026",395,"2022-06-06","forecast","0.421428996696990"
"exdqlm_multivar_synth_keep","draw_026",395,"2022-06-07","forecast","0.402083605760452"
"exdqlm_multivar_synth_keep","draw_026",395,"2022-06-08","forecast","0.403497359621899"
"exdqlm_multivar_synth_keep","draw_027",410,"2022-05-12","forecast","0.467606484572234"
"exdqlm_multivar_synth_keep","draw_027",410,"2022-05-13","forecast","0.463075174095376"
"exdqlm_multivar_synth_keep","draw_027",410,"2022-05-14","forecast","0.450810611423368"
"exdqlm_multivar_synth_keep","draw_027",410,"2022-05-15","forecast","0.461873140322598"
"exdqlm_multivar_synth_keep","draw_027",410,"2022-05-16","forecast","0.458527973248524"
"exdqlm_multivar_synth_keep","draw_027",410,"2022-05-17","forecast","0.448570356160724"
"exdqlm_multivar_synth_keep","draw_027",410,"2022-05-18","forecast","0.443438198794764"
"exdqlm_multivar_synth_keep","draw_027",410,"2022-05-19","forecast","0.493190428633673"
"exdqlm_multivar_synth_keep","draw_027",410,"2022-05-20","forecast","0.481990204437937"
"exdqlm_multivar_synth_keep","draw_027",410,"2022-05-21","forecast","0.486778155806779"
"exdqlm_multivar_synth_keep","draw_027",410,"2022-05-22","forecast","0.473940219350166"
"exdqlm_multivar_synth_keep","draw_027",410,"2022-05-23","forecast","0.474008640193527"
"exdqlm_multivar_synth_keep","draw_027",410,"2022-05-24","forecast","0.457612477711594"
"exdqlm_multivar_synth_keep","draw_027",410,"2022-05-25","forecast","0.455712820432110"
"exdqlm_multivar_synth_keep","draw_027",410,"2022-05-26","forecast","0.452492768893280"
"exdqlm_multivar_synth_keep","draw_027",410,"2022-05-27","forecast","0.438777761308725"
"exdqlm_multivar_synth_keep","draw_027",410,"2022-05-28","forecast","0.439773503215568"
"exdqlm_multivar_synth_keep","draw_027",410,"2022-05-29","forecast","0.444775098120229"
"exdqlm_multivar_synth_keep","draw_027",410,"2022-05-30","forecast","0.441047524143263"
"exdqlm_multivar_synth_keep","draw_027",410,"2022-05-31","forecast","0.437698726395966"
"exdqlm_multivar_synth_keep","draw_027",410,"2022-06-01","forecast","0.424194004454595"
"exdqlm_multivar_synth_keep","draw_027",410,"2022-06-02","forecast","0.435130814008939"
"exdqlm_multivar_synth_keep","draw_027",410,"2022-06-03","forecast","0.424081512301510"
"exdqlm_multivar_synth_keep","draw_027",410,"2022-06-04","forecast","0.425349107713577"
"exdqlm_multivar_synth_keep","draw_027",410,"2022-06-05","forecast","0.423975345499289"
"exdqlm_multivar_synth_keep","draw_027",410,"2022-06-06","forecast","0.423743596863718"
"exdqlm_multivar_synth_keep","draw_027",410,"2022-06-07","forecast","0.407808607892748"
"exdqlm_multivar_synth_keep","draw_027",410,"2022-06-08","forecast","0.404141901361908"
"exdqlm_multivar_synth_keep","draw_028",426,"2022-05-12","forecast","0.469493493845185"
"exdqlm_multivar_synth_keep","draw_028",426,"2022-05-13","forecast","0.464923430873466"
"exdqlm_multivar_synth_keep","draw_028",426,"2022-05-14","forecast","0.455845777652258"
"exdqlm_multivar_synth_keep","draw_028",426,"2022-05-15","forecast","0.463258335387549"
"exdqlm_multivar_synth_keep","draw_028",426,"2022-05-16","forecast","0.459653643348768"
"exdqlm_multivar_synth_keep","draw_028",426,"2022-05-17","forecast","0.452541857883251"
"exdqlm_multivar_synth_keep","draw_028",426,"2022-05-18","forecast","0.444642903777816"
"exdqlm_multivar_synth_keep","draw_028",426,"2022-05-19","forecast","0.494207989018239"
"exdqlm_multivar_synth_keep","draw_028",426,"2022-05-20","forecast","0.484542632751255"
"exdqlm_multivar_synth_keep","draw_028",426,"2022-05-21","forecast","0.486910023063326"
"exdqlm_multivar_synth_keep","draw_028",426,"2022-05-22","forecast","0.479622753540508"
"exdqlm_multivar_synth_keep","draw_028",426,"2022-05-23","forecast","0.474845544905372"
"exdqlm_multivar_synth_keep","draw_028",426,"2022-05-24","forecast","0.458437274124385"
"exdqlm_multivar_synth_keep","draw_028",426,"2022-05-25","forecast","0.456161658294380"
"exdqlm_multivar_synth_keep","draw_028",426,"2022-05-26","forecast","0.452628150642916"
"exdqlm_multivar_synth_keep","draw_028",426,"2022-05-27","forecast","0.444350111544092"
"exdqlm_multivar_synth_keep","draw_028",426,"2022-05-28","forecast","0.439990679845468"
"exdqlm_multivar_synth_keep","draw_028",426,"2022-05-29","forecast","0.444840612069398"
"exdqlm_multivar_synth_keep","draw_028",426,"2022-05-30","forecast","0.441378881395203"
"exdqlm_multivar_synth_keep","draw_028",426,"2022-05-31","forecast","0.438192360127520"
"exdqlm_multivar_synth_keep","draw_028",426,"2022-06-01","forecast","0.426810734090698"
"exdqlm_multivar_synth_keep","draw_028",426,"2022-06-02","forecast","0.435386628960648"
"exdqlm_multivar_synth_keep","draw_028",426,"2022-06-03","forecast","0.429096465748265"
"exdqlm_multivar_synth_keep","draw_028",426,"2022-06-04","forecast","0.425471177092044"
"exdqlm_multivar_synth_keep","draw_028",426,"2022-06-05","forecast","0.424142783010454"
"exdqlm_multivar_synth_keep","draw_028",426,"2022-06-06","forecast","0.423918775842779"
"exdqlm_multivar_synth_keep","draw_028",426,"2022-06-07","forecast","0.414117895147359"
"exdqlm_multivar_synth_keep","draw_028",426,"2022-06-08","forecast","0.404438754234309"
"exdqlm_multivar_synth_keep","draw_029",442,"2022-05-12","forecast","0.472308100104338"
"exdqlm_multivar_synth_keep","draw_029",442,"2022-05-13","forecast","0.466198118083419"
"exdqlm_multivar_synth_keep","draw_029",442,"2022-05-14","forecast","0.456548524371217"
"exdqlm_multivar_synth_keep","draw_029",442,"2022-05-15","forecast","0.464282708827117"
"exdqlm_multivar_synth_keep","draw_029",442,"2022-05-16","forecast","0.461125198617098"
"exdqlm_multivar_synth_keep","draw_029",442,"2022-05-17","forecast","0.453322499522423"
"exdqlm_multivar_synth_keep","draw_029",442,"2022-05-18","forecast","0.446203063295908"
"exdqlm_multivar_synth_keep","draw_029",442,"2022-05-19","forecast","0.495783771355958"
"exdqlm_multivar_synth_keep","draw_029",442,"2022-05-20","forecast","0.485747636420652"
"exdqlm_multivar_synth_keep","draw_029",442,"2022-05-21","forecast","0.487197507013997"
"exdqlm_multivar_synth_keep","draw_029",442,"2022-05-22","forecast","0.482002135600409"
"exdqlm_multivar_synth_keep","draw_029",442,"2022-05-23","forecast","0.476428624971160"
"exdqlm_multivar_synth_keep","draw_029",442,"2022-05-24","forecast","0.459674921800363"
"exdqlm_multivar_synth_keep","draw_029",442,"2022-05-25","forecast","0.456405276539292"
"exdqlm_multivar_synth_keep","draw_029",442,"2022-05-26","forecast","0.452779466402278"
"exdqlm_multivar_synth_keep","draw_029",442,"2022-05-27","forecast","0.444692746569908"
"exdqlm_multivar_synth_keep","draw_029",442,"2022-05-28","forecast","0.440100568219063"
"exdqlm_multivar_synth_keep","draw_029",442,"2022-05-29","forecast","0.444923554306217"
"exdqlm_multivar_synth_keep","draw_029",442,"2022-05-30","forecast","0.442232479214444"
"exdqlm_multivar_synth_keep","draw_029",442,"2022-05-31","forecast","0.438693339833380"
"exdqlm_multivar_synth_keep","draw_029",442,"2022-06-01","forecast","0.428168262195113"
"exdqlm_multivar_synth_keep","draw_029",442,"2022-06-02","forecast","0.435947706844779"
"exdqlm_multivar_synth_keep","draw_029",442,"2022-06-03","forecast","0.429422286490270"
"exdqlm_multivar_synth_keep","draw_029",442,"2022-06-04","forecast","0.425711907452439"
"exdqlm_multivar_synth_keep","draw_029",442,"2022-06-05","forecast","0.424228389615399"
"exdqlm_multivar_synth_keep","draw_029",442,"2022-06-06","forecast","0.424420132816644"
"exdqlm_multivar_synth_keep","draw_029",442,"2022-06-07","forecast","0.414919054909227"
"exdqlm_multivar_synth_keep","draw_029",442,"2022-06-08","forecast","0.405145304496457"
"exdqlm_multivar_synth_keep","draw_030",457,"2022-05-12","forecast","0.473080838151543"
"exdqlm_multivar_synth_keep","draw_030",457,"2022-05-13","forecast","0.468896601843020"
"exdqlm_multivar_synth_keep","draw_030",457,"2022-05-14","forecast","0.458478818813472"
"exdqlm_multivar_synth_keep","draw_030",457,"2022-05-15","forecast","0.467688459728527"
"exdqlm_multivar_synth_keep","draw_030",457,"2022-05-16","forecast","0.461710741418436"
"exdqlm_multivar_synth_keep","draw_030",457,"2022-05-17","forecast","0.455321525209936"
"exdqlm_multivar_synth_keep","draw_030",457,"2022-05-18","forecast","0.447876260726635"
"exdqlm_multivar_synth_keep","draw_030",457,"2022-05-19","forecast","0.496599635868599"
"exdqlm_multivar_synth_keep","draw_030",457,"2022-05-20","forecast","0.488192707549879"
"exdqlm_multivar_synth_keep","draw_030",457,"2022-05-21","forecast","0.488433263017668"
"exdqlm_multivar_synth_keep","draw_030",457,"2022-05-22","forecast","0.482428207919313"
"exdqlm_multivar_synth_keep","draw_030",457,"2022-05-23","forecast","0.477702726169445"
"exdqlm_multivar_synth_keep","draw_030",457,"2022-05-24","forecast","0.461081941684264"
"exdqlm_multivar_synth_keep","draw_030",457,"2022-05-25","forecast","0.456593501969516"
"exdqlm_multivar_synth_keep","draw_030",457,"2022-05-26","forecast","0.453114353131021"
"exdqlm_multivar_synth_keep","draw_030",457,"2022-05-27","forecast","0.446587575403748"
"exdqlm_multivar_synth_keep","draw_030",457,"2022-05-28","forecast","0.440526798089489"
"exdqlm_multivar_synth_keep","draw_030",457,"2022-05-29","forecast","0.444957719539108"
"exdqlm_multivar_synth_keep","draw_030",457,"2022-05-30","forecast","0.443090812320808"
"exdqlm_multivar_synth_keep","draw_030",457,"2022-05-31","forecast","0.438805407923772"
"exdqlm_multivar_synth_keep","draw_030",457,"2022-06-01","forecast","0.429244760992271"
"exdqlm_multivar_synth_keep","draw_030",457,"2022-06-02","forecast","0.437673713022861"
"exdqlm_multivar_synth_keep","draw_030",457,"2022-06-03","forecast","0.429825293618387"
"exdqlm_multivar_synth_keep","draw_030",457,"2022-06-04","forecast","0.426574371874000"
"exdqlm_multivar_synth_keep","draw_030",457,"2022-06-05","forecast","0.424685323984781"
"exdqlm_multivar_synth_keep","draw_030",457,"2022-06-06","forecast","0.425007680471291"
"exdqlm_multivar_synth_keep","draw_030",457,"2022-06-07","forecast","0.415448062861792"
"exdqlm_multivar_synth_keep","draw_030",457,"2022-06-08","forecast","0.405706859547390"
"exdqlm_multivar_synth_keep","draw_031",473,"2022-05-12","forecast","0.473793411759200"
"exdqlm_multivar_synth_keep","draw_031",473,"2022-05-13","forecast","0.471349146394607"
"exdqlm_multivar_synth_keep","draw_031",473,"2022-05-14","forecast","0.459658363256001"
"exdqlm_multivar_synth_keep","draw_031",473,"2022-05-15","forecast","0.469308171380655"
"exdqlm_multivar_synth_keep","draw_031",473,"2022-05-16","forecast","0.464697408059684"
"exdqlm_multivar_synth_keep","draw_031",473,"2022-05-17","forecast","0.456098322940763"
"exdqlm_multivar_synth_keep","draw_031",473,"2022-05-18","forecast","0.449515642315284"
"exdqlm_multivar_synth_keep","draw_031",473,"2022-05-19","forecast","0.497950747914240"
"exdqlm_multivar_synth_keep","draw_031",473,"2022-05-20","forecast","0.489640128853587"
"exdqlm_multivar_synth_keep","draw_031",473,"2022-05-21","forecast","0.489212200808045"
"exdqlm_multivar_synth_keep","draw_031",473,"2022-05-22","forecast","0.482713327108732"
"exdqlm_multivar_synth_keep","draw_031",473,"2022-05-23","forecast","0.478266658488153"
"exdqlm_multivar_synth_keep","draw_031",473,"2022-05-24","forecast","0.463394698477557"
"exdqlm_multivar_synth_keep","draw_031",473,"2022-05-25","forecast","0.456719289503060"
"exdqlm_multivar_synth_keep","draw_031",473,"2022-05-26","forecast","0.453537134220144"
"exdqlm_multivar_synth_keep","draw_031",473,"2022-05-27","forecast","0.446796964739495"
"exdqlm_multivar_synth_keep","draw_031",473,"2022-05-28","forecast","0.441245990010266"
"exdqlm_multivar_synth_keep","draw_031",473,"2022-05-29","forecast","0.445112304068696"
"exdqlm_multivar_synth_keep","draw_031",473,"2022-05-30","forecast","0.443860180109227"
"exdqlm_multivar_synth_keep","draw_031",473,"2022-05-31","forecast","0.438938285366763"
"exdqlm_multivar_synth_keep","draw_031",473,"2022-06-01","forecast","0.429324297842305"
"exdqlm_multivar_synth_keep","draw_031",473,"2022-06-02","forecast","0.439869937646990"
"exdqlm_multivar_synth_keep","draw_031",473,"2022-06-03","forecast","0.430112723646838"
"exdqlm_multivar_synth_keep","draw_031",473,"2022-06-04","forecast","0.426790257432404"
"exdqlm_multivar_synth_keep","draw_031",473,"2022-06-05","forecast","0.426179508708994"
"exdqlm_multivar_synth_keep","draw_031",473,"2022-06-06","forecast","0.425430654826854"
"exdqlm_multivar_synth_keep","draw_031",473,"2022-06-07","forecast","0.415953609899901"
"exdqlm_multivar_synth_keep","draw_031",473,"2022-06-08","forecast","0.406950359618441"
"exdqlm_multivar_synth_keep","draw_032",489,"2022-05-12","forecast","0.475552725413271"
"exdqlm_multivar_synth_keep","draw_032",489,"2022-05-13","forecast","0.472518116213465"
"exdqlm_multivar_synth_keep","draw_032",489,"2022-05-14","forecast","0.461946284565202"
"exdqlm_multivar_synth_keep","draw_032",489,"2022-05-15","forecast","0.471414031344609"
"exdqlm_multivar_synth_keep","draw_032",489,"2022-05-16","forecast","0.466112415441017"
"exdqlm_multivar_synth_keep","draw_032",489,"2022-05-17","forecast","0.456571563377318"
"exdqlm_multivar_synth_keep","draw_032",489,"2022-05-18","forecast","0.452307972656724"
"exdqlm_multivar_synth_keep","draw_032",489,"2022-05-19","forecast","0.499346426049385"
"exdqlm_multivar_synth_keep","draw_032",489,"2022-05-20","forecast","0.491001113269617"
"exdqlm_multivar_synth_keep","draw_032",489,"2022-05-21","forecast","0.489494976925420"
"exdqlm_multivar_synth_keep","draw_032",489,"2022-05-22","forecast","0.483112060731170"
"exdqlm_multivar_synth_keep","draw_032",489,"2022-05-23","forecast","0.480137500035218"
"exdqlm_multivar_synth_keep","draw_032",489,"2022-05-24","forecast","0.464972360377895"
"exdqlm_multivar_synth_keep","draw_032",489,"2022-05-25","forecast","0.456870563117279"
"exdqlm_multivar_synth_keep","draw_032",489,"2022-05-26","forecast","0.454529018631803"
"exdqlm_multivar_synth_keep","draw_032",489,"2022-05-27","forecast","0.446871948980060"
"exdqlm_multivar_synth_keep","draw_032",489,"2022-05-28","forecast","0.441629830407870"
"exdqlm_multivar_synth_keep","draw_032",489,"2022-05-29","forecast","0.445516889935840"
"exdqlm_multivar_synth_keep","draw_032",489,"2022-05-30","forecast","0.444218624125692"
"exdqlm_multivar_synth_keep","draw_032",489,"2022-05-31","forecast","0.440185671179833"
"exdqlm_multivar_synth_keep","draw_032",489,"2022-06-01","forecast","0.429698900466757"
"exdqlm_multivar_synth_keep","draw_032",489,"2022-06-02","forecast","0.440253482918766"
"exdqlm_multivar_synth_keep","draw_032",489,"2022-06-03","forecast","0.430298655834938"
"exdqlm_multivar_synth_keep","draw_032",489,"2022-06-04","forecast","0.426940958524070"
"exdqlm_multivar_synth_keep","draw_032",489,"2022-06-05","forecast","0.426916103206925"
"exdqlm_multivar_synth_keep","draw_032",489,"2022-06-06","forecast","0.425670142844676"
"exdqlm_multivar_synth_keep","draw_032",489,"2022-06-07","forecast","0.416547744095320"
"exdqlm_multivar_synth_keep","draw_032",489,"2022-06-08","forecast","0.408203556614099"
"exdqlm_multivar_synth_keep","draw_033",505,"2022-05-12","forecast","0.478163889705729"
"exdqlm_multivar_synth_keep","draw_033",505,"2022-05-13","forecast","0.475335105354730"
"exdqlm_multivar_synth_keep","draw_033",505,"2022-05-14","forecast","0.463879102582250"
"exdqlm_multivar_synth_keep","draw_033",505,"2022-05-15","forecast","0.474467697399555"
"exdqlm_multivar_synth_keep","draw_033",505,"2022-05-16","forecast","0.468581826623524"
"exdqlm_multivar_synth_keep","draw_033",505,"2022-05-17","forecast","0.458822243109040"
"exdqlm_multivar_synth_keep","draw_033",505,"2022-05-18","forecast","0.454483291938967"
"exdqlm_multivar_synth_keep","draw_033",505,"2022-05-19","forecast","0.499653730651760"
"exdqlm_multivar_synth_keep","draw_033",505,"2022-05-20","forecast","0.493534474932527"
"exdqlm_multivar_synth_keep","draw_033",505,"2022-05-21","forecast","0.491507025204460"
"exdqlm_multivar_synth_keep","draw_033",505,"2022-05-22","forecast","0.483874867918923"
"exdqlm_multivar_synth_keep","draw_033",505,"2022-05-23","forecast","0.482483992878074"
"exdqlm_multivar_synth_keep","draw_033",505,"2022-05-24","forecast","0.465567669849260"
"exdqlm_multivar_synth_keep","draw_033",505,"2022-05-25","forecast","0.457225028311602"
"exdqlm_multivar_synth_keep","draw_033",505,"2022-05-26","forecast","0.455264667080710"
"exdqlm_multivar_synth_keep","draw_033",505,"2022-05-27","forecast","0.448639721562565"
"exdqlm_multivar_synth_keep","draw_033",505,"2022-05-28","forecast","0.441974061327717"
"exdqlm_multivar_synth_keep","draw_033",505,"2022-05-29","forecast","0.445926581306624"
"exdqlm_multivar_synth_keep","draw_033",505,"2022-05-30","forecast","0.444501001340749"
"exdqlm_multivar_synth_keep","draw_033",505,"2022-05-31","forecast","0.441561015975091"
"exdqlm_multivar_synth_keep","draw_033",505,"2022-06-01","forecast","0.430275982868415"
"exdqlm_multivar_synth_keep","draw_033",505,"2022-06-02","forecast","0.440384260936905"
"exdqlm_multivar_synth_keep","draw_033",505,"2022-06-03","forecast","0.430391726950079"
"exdqlm_multivar_synth_keep","draw_033",505,"2022-06-04","forecast","0.427112502781653"
"exdqlm_multivar_synth_keep","draw_033",505,"2022-06-05","forecast","0.427119614241999"
"exdqlm_multivar_synth_keep","draw_033",505,"2022-06-06","forecast","0.426256374774361"
"exdqlm_multivar_synth_keep","draw_033",505,"2022-06-07","forecast","0.417274587970768"
"exdqlm_multivar_synth_keep","draw_033",505,"2022-06-08","forecast","0.410247978649637"
"exdqlm_multivar_synth_keep","draw_034",520,"2022-05-12","forecast","0.479571045359385"
"exdqlm_multivar_synth_keep","draw_034",520,"2022-05-13","forecast","0.477464560596112"
"exdqlm_multivar_synth_keep","draw_034",520,"2022-05-14","forecast","0.466149994936811"
"exdqlm_multivar_synth_keep","draw_034",520,"2022-05-15","forecast","0.476027268514517"
"exdqlm_multivar_synth_keep","draw_034",520,"2022-05-16","forecast","0.469731314056940"
"exdqlm_multivar_synth_keep","draw_034",520,"2022-05-17","forecast","0.460726619173988"
"exdqlm_multivar_synth_keep","draw_034",520,"2022-05-18","forecast","0.455899000606297"
"exdqlm_multivar_synth_keep","draw_034",520,"2022-05-19","forecast","0.500493487763800"
"exdqlm_multivar_synth_keep","draw_034",520,"2022-05-20","forecast","0.494481896659047"
"exdqlm_multivar_synth_keep","draw_034",520,"2022-05-21","forecast","0.492599906843108"
"exdqlm_multivar_synth_keep","draw_034",520,"2022-05-22","forecast","0.484200470369350"
"exdqlm_multivar_synth_keep","draw_034",520,"2022-05-23","forecast","0.485462825485462"
"exdqlm_multivar_synth_keep","draw_034",520,"2022-05-24","forecast","0.466936999717713"
"exdqlm_multivar_synth_keep","draw_034",520,"2022-05-25","forecast","0.458509779167621"
"exdqlm_multivar_synth_keep","draw_034",520,"2022-05-26","forecast","0.455872730326580"
"exdqlm_multivar_synth_keep","draw_034",520,"2022-05-27","forecast","0.450125245320321"
"exdqlm_multivar_synth_keep","draw_034",520,"2022-05-28","forecast","0.443099608910504"
"exdqlm_multivar_synth_keep","draw_034",520,"2022-05-29","forecast","0.446427187903415"
"exdqlm_multivar_synth_keep","draw_034",520,"2022-05-30","forecast","0.445453667881036"
"exdqlm_multivar_synth_keep","draw_034",520,"2022-05-31","forecast","0.442252157260457"
"exdqlm_multivar_synth_keep","draw_034",520,"2022-06-01","forecast","0.430912693962254"
"exdqlm_multivar_synth_keep","draw_034",520,"2022-06-02","forecast","0.440580691395459"
"exdqlm_multivar_synth_keep","draw_034",520,"2022-06-03","forecast","0.430448089977323"
"exdqlm_multivar_synth_keep","draw_034",520,"2022-06-04","forecast","0.427915982904417"
"exdqlm_multivar_synth_keep","draw_034",520,"2022-06-05","forecast","0.428009470027415"
"exdqlm_multivar_synth_keep","draw_034",520,"2022-06-06","forecast","0.426679303159371"
"exdqlm_multivar_synth_keep","draw_034",520,"2022-06-07","forecast","0.418654339928524"
"exdqlm_multivar_synth_keep","draw_034",520,"2022-06-08","forecast","0.411569093354843"
"exdqlm_multivar_synth_keep","draw_035",536,"2022-05-12","forecast","0.482174528869618"
"exdqlm_multivar_synth_keep","draw_035",536,"2022-05-13","forecast","0.479900915313426"
"exdqlm_multivar_synth_keep","draw_035",536,"2022-05-14","forecast","0.468399939725261"
"exdqlm_multivar_synth_keep","draw_035",536,"2022-05-15","forecast","0.478748550117624"
"exdqlm_multivar_synth_keep","draw_035",536,"2022-05-16","forecast","0.471405694750507"
"exdqlm_multivar_synth_keep","draw_035",536,"2022-05-17","forecast","0.463386477864425"
"exdqlm_multivar_synth_keep","draw_035",536,"2022-05-18","forecast","0.459562538701110"
"exdqlm_multivar_synth_keep","draw_035",536,"2022-05-19","forecast","0.501508204338534"
"exdqlm_multivar_synth_keep","draw_035",536,"2022-05-20","forecast","0.496062882942137"
"exdqlm_multivar_synth_keep","draw_035",536,"2022-05-21","forecast","0.493269095738343"
"exdqlm_multivar_synth_keep","draw_035",536,"2022-05-22","forecast","0.484429646627550"
"exdqlm_multivar_synth_keep","draw_035",536,"2022-05-23","forecast","0.486742301605376"
"exdqlm_multivar_synth_keep","draw_035",536,"2022-05-24","forecast","0.468298147103445"
"exdqlm_multivar_synth_keep","draw_035",536,"2022-05-25","forecast","0.458979075730613"
"exdqlm_multivar_synth_keep","draw_035",536,"2022-05-26","forecast","0.456831373074895"
"exdqlm_multivar_synth_keep","draw_035",536,"2022-05-27","forecast","0.452396755517394"
"exdqlm_multivar_synth_keep","draw_035",536,"2022-05-28","forecast","0.444347729260133"
"exdqlm_multivar_synth_keep","draw_035",536,"2022-05-29","forecast","0.446520626978448"
"exdqlm_multivar_synth_keep","draw_035",536,"2022-05-30","forecast","0.446747966545386"
"exdqlm_multivar_synth_keep","draw_035",536,"2022-05-31","forecast","0.442434227744480"
"exdqlm_multivar_synth_keep","draw_035",536,"2022-06-01","forecast","0.431593882586039"
"exdqlm_multivar_synth_keep","draw_035",536,"2022-06-02","forecast","0.440750049461202"
"exdqlm_multivar_synth_keep","draw_035",536,"2022-06-03","forecast","0.430521669979212"
"exdqlm_multivar_synth_keep","draw_035",536,"2022-06-04","forecast","0.428671491388936"
"exdqlm_multivar_synth_keep","draw_035",536,"2022-06-05","forecast","0.428198403476752"
"exdqlm_multivar_synth_keep","draw_035",536,"2022-06-06","forecast","0.427069016883091"
"exdqlm_multivar_synth_keep","draw_035",536,"2022-06-07","forecast","0.420703831958499"
"exdqlm_multivar_synth_keep","draw_035",536,"2022-06-08","forecast","0.413094274170451"
"exdqlm_multivar_synth_keep","draw_036",552,"2022-05-12","forecast","0.483742505335146"
"exdqlm_multivar_synth_keep","draw_036",552,"2022-05-13","forecast","0.482932651242999"
"exdqlm_multivar_synth_keep","draw_036",552,"2022-05-14","forecast","0.469894496858621"
"exdqlm_multivar_synth_keep","draw_036",552,"2022-05-15","forecast","0.482357321573048"
"exdqlm_multivar_synth_keep","draw_036",552,"2022-05-16","forecast","0.474705131886743"
"exdqlm_multivar_synth_keep","draw_036",552,"2022-05-17","forecast","0.465194687326081"
"exdqlm_multivar_synth_keep","draw_036",552,"2022-05-18","forecast","0.462976898370540"
"exdqlm_multivar_synth_keep","draw_036",552,"2022-05-19","forecast","0.502817595015682"
"exdqlm_multivar_synth_keep","draw_036",552,"2022-05-20","forecast","0.497082332767706"
"exdqlm_multivar_synth_keep","draw_036",552,"2022-05-21","forecast","0.494321938572340"
"exdqlm_multivar_synth_keep","draw_036",552,"2022-05-22","forecast","0.484623232238566"
"exdqlm_multivar_synth_keep","draw_036",552,"2022-05-23","forecast","0.487283557799006"
"exdqlm_multivar_synth_keep","draw_036",552,"2022-05-24","forecast","0.469921350543398"
"exdqlm_multivar_synth_keep","draw_036",552,"2022-05-25","forecast","0.459193559438362"
"exdqlm_multivar_synth_keep","draw_036",552,"2022-05-26","forecast","0.457851223074325"
"exdqlm_multivar_synth_keep","draw_036",552,"2022-05-27","forecast","0.453010515488308"
"exdqlm_multivar_synth_keep","draw_036",552,"2022-05-28","forecast","0.444782154192669"
"exdqlm_multivar_synth_keep","draw_036",552,"2022-05-29","forecast","0.447111487682638"
"exdqlm_multivar_synth_keep","draw_036",552,"2022-05-30","forecast","0.447084840240320"
"exdqlm_multivar_synth_keep","draw_036",552,"2022-05-31","forecast","0.442648997330649"
"exdqlm_multivar_synth_keep","draw_036",552,"2022-06-01","forecast","0.432771036781340"
"exdqlm_multivar_synth_keep","draw_036",552,"2022-06-02","forecast","0.441031855938464"
"exdqlm_multivar_synth_keep","draw_036",552,"2022-06-03","forecast","0.430822285751617"
"exdqlm_multivar_synth_keep","draw_036",552,"2022-06-04","forecast","0.430198609194696"
"exdqlm_multivar_synth_keep","draw_036",552,"2022-06-05","forecast","0.429022619804381"
"exdqlm_multivar_synth_keep","draw_036",552,"2022-06-06","forecast","0.427868836607300"
"exdqlm_multivar_synth_keep","draw_036",552,"2022-06-07","forecast","0.422655029620393"
"exdqlm_multivar_synth_keep","draw_036",552,"2022-06-08","forecast","0.414037001730359"
"exdqlm_multivar_synth_keep","draw_037",568,"2022-05-12","forecast","0.487026576127101"
"exdqlm_multivar_synth_keep","draw_037",568,"2022-05-13","forecast","0.484824374302924"
"exdqlm_multivar_synth_keep","draw_037",568,"2022-05-14","forecast","0.472146075408800"
"exdqlm_multivar_synth_keep","draw_037",568,"2022-05-15","forecast","0.483085219553973"
"exdqlm_multivar_synth_keep","draw_037",568,"2022-05-16","forecast","0.475975425180508"
"exdqlm_multivar_synth_keep","draw_037",568,"2022-05-17","forecast","0.466087604662474"
"exdqlm_multivar_synth_keep","draw_037",568,"2022-05-18","forecast","0.465756271123177"
"exdqlm_multivar_synth_keep","draw_037",568,"2022-05-19","forecast","0.505131213392312"
"exdqlm_multivar_synth_keep","draw_037",568,"2022-05-20","forecast","0.498826242074219"
"exdqlm_multivar_synth_keep","draw_037",568,"2022-05-21","forecast","0.495793747063913"
"exdqlm_multivar_synth_keep","draw_037",568,"2022-05-22","forecast","0.485702863421701"
"exdqlm_multivar_synth_keep","draw_037",568,"2022-05-23","forecast","0.489488921009783"
"exdqlm_multivar_synth_keep","draw_037",568,"2022-05-24","forecast","0.471037694571580"
"exdqlm_multivar_synth_keep","draw_037",568,"2022-05-25","forecast","0.459522947675512"
"exdqlm_multivar_synth_keep","draw_037",568,"2022-05-26","forecast","0.459384308879030"
"exdqlm_multivar_synth_keep","draw_037",568,"2022-05-27","forecast","0.453898673432896"
"exdqlm_multivar_synth_keep","draw_037",568,"2022-05-28","forecast","0.445135674777076"
"exdqlm_multivar_synth_keep","draw_037",568,"2022-05-29","forecast","0.448206914843625"
"exdqlm_multivar_synth_keep","draw_037",568,"2022-05-30","forecast","0.447418505468215"
"exdqlm_multivar_synth_keep","draw_037",568,"2022-05-31","forecast","0.443848235254818"
"exdqlm_multivar_synth_keep","draw_037",568,"2022-06-01","forecast","0.433607435721931"
"exdqlm_multivar_synth_keep","draw_037",568,"2022-06-02","forecast","0.441986632292272"
"exdqlm_multivar_synth_keep","draw_037",568,"2022-06-03","forecast","0.430982075440023"
"exdqlm_multivar_synth_keep","draw_037",568,"2022-06-04","forecast","0.431764382363469"
"exdqlm_multivar_synth_keep","draw_037",568,"2022-06-05","forecast","0.429558348698293"
"exdqlm_multivar_synth_keep","draw_037",568,"2022-06-06","forecast","0.428843662350220"
"exdqlm_multivar_synth_keep","draw_037",568,"2022-06-07","forecast","0.423649759208302"
"exdqlm_multivar_synth_keep","draw_037",568,"2022-06-08","forecast","0.415107417686105"
"exdqlm_multivar_synth_keep","draw_038",583,"2022-05-12","forecast","0.488751943694378"
"exdqlm_multivar_synth_keep","draw_038",583,"2022-05-13","forecast","0.486723709462771"
"exdqlm_multivar_synth_keep","draw_038",583,"2022-05-14","forecast","0.474813826070055"
"exdqlm_multivar_synth_keep","draw_038",583,"2022-05-15","forecast","0.484628420168871"
"exdqlm_multivar_synth_keep","draw_038",583,"2022-05-16","forecast","0.478253153872128"
"exdqlm_multivar_synth_keep","draw_038",583,"2022-05-17","forecast","0.467770850049845"
"exdqlm_multivar_synth_keep","draw_038",583,"2022-05-18","forecast","0.468224442145821"
"exdqlm_multivar_synth_keep","draw_038",583,"2022-05-19","forecast","0.506747670542684"
"exdqlm_multivar_synth_keep","draw_038",583,"2022-05-20","forecast","0.499368161229881"
"exdqlm_multivar_synth_keep","draw_038",583,"2022-05-21","forecast","0.496655038458837"
"exdqlm_multivar_synth_keep","draw_038",583,"2022-05-22","forecast","0.485913878875690"
"exdqlm_multivar_synth_keep","draw_038",583,"2022-05-23","forecast","0.491546871762322"
"exdqlm_multivar_synth_keep","draw_038",583,"2022-05-24","forecast","0.473048206215583"
"exdqlm_multivar_synth_keep","draw_038",583,"2022-05-25","forecast","0.460414196014581"
"exdqlm_multivar_synth_keep","draw_038",583,"2022-05-26","forecast","0.459622811528996"
"exdqlm_multivar_synth_keep","draw_038",583,"2022-05-27","forecast","0.454703868726734"
"exdqlm_multivar_synth_keep","draw_038",583,"2022-05-28","forecast","0.447800438083021"
"exdqlm_multivar_synth_keep","draw_038",583,"2022-05-29","forecast","0.448701877213568"
"exdqlm_multivar_synth_keep","draw_038",583,"2022-05-30","forecast","0.448098380141786"
"exdqlm_multivar_synth_keep","draw_038",583,"2022-05-31","forecast","0.443996252751534"
"exdqlm_multivar_synth_keep","draw_038",583,"2022-06-01","forecast","0.435365489835542"
"exdqlm_multivar_synth_keep","draw_038",583,"2022-06-02","forecast","0.442172219336540"
"exdqlm_multivar_synth_keep","draw_038",583,"2022-06-03","forecast","0.431502797914467"
"exdqlm_multivar_synth_keep","draw_038",583,"2022-06-04","forecast","0.432738349879233"
"exdqlm_multivar_synth_keep","draw_038",583,"2022-06-05","forecast","0.431016643717594"
"exdqlm_multivar_synth_keep","draw_038",583,"2022-06-06","forecast","0.429294255551976"
"exdqlm_multivar_synth_keep","draw_038",583,"2022-06-07","forecast","0.424378363224130"
"exdqlm_multivar_synth_keep","draw_038",583,"2022-06-08","forecast","0.416535897045355"
"exdqlm_multivar_synth_keep","draw_039",599,"2022-05-12","forecast","0.491802671769113"
"exdqlm_multivar_synth_keep","draw_039",599,"2022-05-13","forecast","0.488503203729896"
"exdqlm_multivar_synth_keep","draw_039",599,"2022-05-14","forecast","0.477272471262343"
"exdqlm_multivar_synth_keep","draw_039",599,"2022-05-15","forecast","0.485753537914957"
"exdqlm_multivar_synth_keep","draw_039",599,"2022-05-16","forecast","0.479628982938920"
"exdqlm_multivar_synth_keep","draw_039",599,"2022-05-17","forecast","0.469277737467094"
"exdqlm_multivar_synth_keep","draw_039",599,"2022-05-18","forecast","0.471405109682401"
"exdqlm_multivar_synth_keep","draw_039",599,"2022-05-19","forecast","0.509280194527712"
"exdqlm_multivar_synth_keep","draw_039",599,"2022-05-20","forecast","0.500904701342175"
"exdqlm_multivar_synth_keep","draw_039",599,"2022-05-21","forecast","0.497604006911902"
"exdqlm_multivar_synth_keep","draw_039",599,"2022-05-22","forecast","0.486569079070509"
"exdqlm_multivar_synth_keep","draw_039",599,"2022-05-23","forecast","0.494286258906156"
"exdqlm_multivar_synth_keep","draw_039",599,"2022-05-24","forecast","0.475212222846087"
"exdqlm_multivar_synth_keep","draw_039",599,"2022-05-25","forecast","0.461407474065612"
"exdqlm_multivar_synth_keep","draw_039",599,"2022-05-26","forecast","0.461285376527169"
"exdqlm_multivar_synth_keep","draw_039",599,"2022-05-27","forecast","0.455617077484761"
"exdqlm_multivar_synth_keep","draw_039",599,"2022-05-28","forecast","0.448352115634399"
"exdqlm_multivar_synth_keep","draw_039",599,"2022-05-29","forecast","0.449666760016692"
"exdqlm_multivar_synth_keep","draw_039",599,"2022-05-30","forecast","0.448293498915880"
"exdqlm_multivar_synth_keep","draw_039",599,"2022-05-31","forecast","0.444203790093519"
"exdqlm_multivar_synth_keep","draw_039",599,"2022-06-01","forecast","0.437773847638717"
"exdqlm_multivar_synth_keep","draw_039",599,"2022-06-02","forecast","0.442422162606429"
"exdqlm_multivar_synth_keep","draw_039",599,"2022-06-03","forecast","0.432422998045784"
"exdqlm_multivar_synth_keep","draw_039",599,"2022-06-04","forecast","0.433586103318236"
"exdqlm_multivar_synth_keep","draw_039",599,"2022-06-05","forecast","0.432909835807480"
"exdqlm_multivar_synth_keep","draw_039",599,"2022-06-06","forecast","0.429562153058322"
"exdqlm_multivar_synth_keep","draw_039",599,"2022-06-07","forecast","0.425550491346679"
"exdqlm_multivar_synth_keep","draw_039",599,"2022-06-08","forecast","0.416801219197850"
"exdqlm_multivar_synth_keep","draw_040",615,"2022-05-12","forecast","0.494921428279799"
"exdqlm_multivar_synth_keep","draw_040",615,"2022-05-13","forecast","0.491548286256701"
"exdqlm_multivar_synth_keep","draw_040",615,"2022-05-14","forecast","0.479529144023263"
"exdqlm_multivar_synth_keep","draw_040",615,"2022-05-15","forecast","0.487523007766416"
"exdqlm_multivar_synth_keep","draw_040",615,"2022-05-16","forecast","0.481130087198828"
"exdqlm_multivar_synth_keep","draw_040",615,"2022-05-17","forecast","0.470811284229055"
"exdqlm_multivar_synth_keep","draw_040",615,"2022-05-18","forecast","0.473111573808391"
"exdqlm_multivar_synth_keep","draw_040",615,"2022-05-19","forecast","0.510407396171145"
"exdqlm_multivar_synth_keep","draw_040",615,"2022-05-20","forecast","0.502405091012830"
"exdqlm_multivar_synth_keep","draw_040",615,"2022-05-21","forecast","0.498667010732342"
"exdqlm_multivar_synth_keep","draw_040",615,"2022-05-22","forecast","0.486991381825578"
"exdqlm_multivar_synth_keep","draw_040",615,"2022-05-23","forecast","0.494793322799684"
"exdqlm_multivar_synth_keep","draw_040",615,"2022-05-24","forecast","0.476665951449305"
"exdqlm_multivar_synth_keep","draw_040",615,"2022-05-25","forecast","0.462008618161673"
"exdqlm_multivar_synth_keep","draw_040",615,"2022-05-26","forecast","0.461937586888057"
"exdqlm_multivar_synth_keep","draw_040",615,"2022-05-27","forecast","0.456970750381641"
"exdqlm_multivar_synth_keep","draw_040",615,"2022-05-28","forecast","0.450039551253071"
"exdqlm_multivar_synth_keep","draw_040",615,"2022-05-29","forecast","0.450213776193737"
"exdqlm_multivar_synth_keep","draw_040",615,"2022-05-30","forecast","0.449069423935253"
"exdqlm_multivar_synth_keep","draw_040",615,"2022-05-31","forecast","0.445672060346460"
"exdqlm_multivar_synth_keep","draw_040",615,"2022-06-01","forecast","0.439580211376223"
"exdqlm_multivar_synth_keep","draw_040",615,"2022-06-02","forecast","0.442626854600393"
"exdqlm_multivar_synth_keep","draw_040",615,"2022-06-03","forecast","0.434255129134354"
"exdqlm_multivar_synth_keep","draw_040",615,"2022-06-04","forecast","0.434288084844453"
"exdqlm_multivar_synth_keep","draw_040",615,"2022-06-05","forecast","0.433132230236963"
"exdqlm_multivar_synth_keep","draw_040",615,"2022-06-06","forecast","0.429671862878986"
"exdqlm_multivar_synth_keep","draw_040",615,"2022-06-07","forecast","0.426184780361514"
"exdqlm_multivar_synth_keep","draw_040",615,"2022-06-08","forecast","0.417128814556175"
"exdqlm_multivar_synth_keep","draw_041",631,"2022-05-12","forecast","0.497361558917428"
"exdqlm_multivar_synth_keep","draw_041",631,"2022-05-13","forecast","0.492611964762391"
"exdqlm_multivar_synth_keep","draw_041",631,"2022-05-14","forecast","0.480498010553265"
"exdqlm_multivar_synth_keep","draw_041",631,"2022-05-15","forecast","0.488283581945812"
"exdqlm_multivar_synth_keep","draw_041",631,"2022-05-16","forecast","0.483744907407009"
"exdqlm_multivar_synth_keep","draw_041",631,"2022-05-17","forecast","0.471981429922384"
"exdqlm_multivar_synth_keep","draw_041",631,"2022-05-18","forecast","0.474822081572672"
"exdqlm_multivar_synth_keep","draw_041",631,"2022-05-19","forecast","0.511502986259733"
"exdqlm_multivar_synth_keep","draw_041",631,"2022-05-20","forecast","0.504834530086502"
"exdqlm_multivar_synth_keep","draw_041",631,"2022-05-21","forecast","0.499587983756259"
"exdqlm_multivar_synth_keep","draw_041",631,"2022-05-22","forecast","0.487768514081897"
"exdqlm_multivar_synth_keep","draw_041",631,"2022-05-23","forecast","0.495547239503555"
"exdqlm_multivar_synth_keep","draw_041",631,"2022-05-24","forecast","0.477730252230906"
"exdqlm_multivar_synth_keep","draw_041",631,"2022-05-25","forecast","0.464404858206833"
"exdqlm_multivar_synth_keep","draw_041",631,"2022-05-26","forecast","0.462346199008442"
"exdqlm_multivar_synth_keep","draw_041",631,"2022-05-27","forecast","0.457840150017642"
"exdqlm_multivar_synth_keep","draw_041",631,"2022-05-28","forecast","0.450260272658459"
"exdqlm_multivar_synth_keep","draw_041",631,"2022-05-29","forecast","0.451122476901804"
"exdqlm_multivar_synth_keep","draw_041",631,"2022-05-30","forecast","0.449921412208126"
"exdqlm_multivar_synth_keep","draw_041",631,"2022-05-31","forecast","0.446820549286694"
"exdqlm_multivar_synth_keep","draw_041",631,"2022-06-01","forecast","0.440647733330810"
"exdqlm_multivar_synth_keep","draw_041",631,"2022-06-02","forecast","0.442922023554094"
"exdqlm_multivar_synth_keep","draw_041",631,"2022-06-03","forecast","0.435446378258957"
"exdqlm_multivar_synth_keep","draw_041",631,"2022-06-04","forecast","0.435055777438310"
"exdqlm_multivar_synth_keep","draw_041",631,"2022-06-05","forecast","0.434752001833637"
"exdqlm_multivar_synth_keep","draw_041",631,"2022-06-06","forecast","0.429742167102465"
"exdqlm_multivar_synth_keep","draw_041",631,"2022-06-07","forecast","0.426846522405313"
"exdqlm_multivar_synth_keep","draw_041",631,"2022-06-08","forecast","0.417768561796035"
"exdqlm_multivar_synth_keep","draw_042",646,"2022-05-12","forecast","0.499624882212462"
"exdqlm_multivar_synth_keep","draw_042",646,"2022-05-13","forecast","0.494739720007759"
"exdqlm_multivar_synth_keep","draw_042",646,"2022-05-14","forecast","0.481579758996683"
"exdqlm_multivar_synth_keep","draw_042",646,"2022-05-15","forecast","0.489253511994495"
"exdqlm_multivar_synth_keep","draw_042",646,"2022-05-16","forecast","0.484477289807487"
"exdqlm_multivar_synth_keep","draw_042",646,"2022-05-17","forecast","0.472975996719526"
"exdqlm_multivar_synth_keep","draw_042",646,"2022-05-18","forecast","0.476085868493492"
"exdqlm_multivar_synth_keep","draw_042",646,"2022-05-19","forecast","0.513163884313467"
"exdqlm_multivar_synth_keep","draw_042",646,"2022-05-20","forecast","0.505962643721572"
"exdqlm_multivar_synth_keep","draw_042",646,"2022-05-21","forecast","0.500970479864865"
"exdqlm_multivar_synth_keep","draw_042",646,"2022-05-22","forecast","0.488141362302642"
"exdqlm_multivar_synth_keep","draw_042",646,"2022-05-23","forecast","0.496484741270133"
"exdqlm_multivar_synth_keep","draw_042",646,"2022-05-24","forecast","0.479704572986488"
"exdqlm_multivar_synth_keep","draw_042",646,"2022-05-25","forecast","0.465075517374239"
"exdqlm_multivar_synth_keep","draw_042",646,"2022-05-26","forecast","0.462606853111077"
"exdqlm_multivar_synth_keep","draw_042",646,"2022-05-27","forecast","0.458045528715041"
"exdqlm_multivar_synth_keep","draw_042",646,"2022-05-28","forecast","0.450505742223281"
"exdqlm_multivar_synth_keep","draw_042",646,"2022-05-29","forecast","0.451709259242160"
"exdqlm_multivar_synth_keep","draw_042",646,"2022-05-30","forecast","0.451125788662840"
"exdqlm_multivar_synth_keep","draw_042",646,"2022-05-31","forecast","0.447171357380940"
"exdqlm_multivar_synth_keep","draw_042",646,"2022-06-01","forecast","0.442147788294082"
"exdqlm_multivar_synth_keep","draw_042",646,"2022-06-02","forecast","0.445228332057169"
"exdqlm_multivar_synth_keep","draw_042",646,"2022-06-03","forecast","0.435889387277893"
"exdqlm_multivar_synth_keep","draw_042",646,"2022-06-04","forecast","0.435947900345344"
"exdqlm_multivar_synth_keep","draw_042",646,"2022-06-05","forecast","0.435460245687645"
"exdqlm_multivar_synth_keep","draw_042",646,"2022-06-06","forecast","0.429893311878857"
"exdqlm_multivar_synth_keep","draw_042",646,"2022-06-07","forecast","0.428092550610361"
"exdqlm_multivar_synth_keep","draw_042",646,"2022-06-08","forecast","0.418373452630102"
"exdqlm_multivar_synth_keep","draw_043",662,"2022-05-12","forecast","0.501215128940951"
"exdqlm_multivar_synth_keep","draw_043",662,"2022-05-13","forecast","0.497348990508015"
"exdqlm_multivar_synth_keep","draw_043",662,"2022-05-14","forecast","0.483180399025312"
"exdqlm_multivar_synth_keep","draw_043",662,"2022-05-15","forecast","0.490809452999312"
"exdqlm_multivar_synth_keep","draw_043",662,"2022-05-16","forecast","0.486078969302921"
"exdqlm_multivar_synth_keep","draw_043",662,"2022-05-17","forecast","0.475002500245643"
"exdqlm_multivar_synth_keep","draw_043",662,"2022-05-18","forecast","0.477673626663112"
"exdqlm_multivar_synth_keep","draw_043",662,"2022-05-19","forecast","0.515775265198571"
"exdqlm_multivar_synth_keep","draw_043",662,"2022-05-20","forecast","0.508122225652546"
"exdqlm_multivar_synth_keep","draw_043",662,"2022-05-21","forecast","0.501096286621130"
"exdqlm_multivar_synth_keep","draw_043",662,"2022-05-22","forecast","0.490902239142089"
"exdqlm_multivar_synth_keep","draw_043",662,"2022-05-23","forecast","0.498753849482724"
"exdqlm_multivar_synth_keep","draw_043",662,"2022-05-24","forecast","0.480248011940416"
"exdqlm_multivar_synth_keep","draw_043",662,"2022-05-25","forecast","0.466992398737790"
"exdqlm_multivar_synth_keep","draw_043",662,"2022-05-26","forecast","0.462703828261484"
"exdqlm_multivar_synth_keep","draw_043",662,"2022-05-27","forecast","0.459919798586247"
"exdqlm_multivar_synth_keep","draw_043",662,"2022-05-28","forecast","0.450717912024440"
"exdqlm_multivar_synth_keep","draw_043",662,"2022-05-29","forecast","0.453128286519360"
"exdqlm_multivar_synth_keep","draw_043",662,"2022-05-30","forecast","0.452511296131406"
"exdqlm_multivar_synth_keep","draw_043",662,"2022-05-31","forecast","0.448130747753804"
"exdqlm_multivar_synth_keep","draw_043",662,"2022-06-01","forecast","0.443751731474898"
"exdqlm_multivar_synth_keep","draw_043",662,"2022-06-02","forecast","0.446434840279599"
"exdqlm_multivar_synth_keep","draw_043",662,"2022-06-03","forecast","0.436934583940011"
"exdqlm_multivar_synth_keep","draw_043",662,"2022-06-04","forecast","0.437130754063265"
"exdqlm_multivar_synth_keep","draw_043",662,"2022-06-05","forecast","0.435840152385130"
"exdqlm_multivar_synth_keep","draw_043",662,"2022-06-06","forecast","0.430012683085756"
"exdqlm_multivar_synth_keep","draw_043",662,"2022-06-07","forecast","0.428282360654665"
"exdqlm_multivar_synth_keep","draw_043",662,"2022-06-08","forecast","0.419522955706210"
"exdqlm_multivar_synth_keep","draw_044",678,"2022-05-12","forecast","0.501775553490733"
"exdqlm_multivar_synth_keep","draw_044",678,"2022-05-13","forecast","0.499534473572114"
"exdqlm_multivar_synth_keep","draw_044",678,"2022-05-14","forecast","0.485363598903824"
"exdqlm_multivar_synth_keep","draw_044",678,"2022-05-15","forecast","0.492933021837776"
"exdqlm_multivar_synth_keep","draw_044",678,"2022-05-16","forecast","0.488692810758255"
"exdqlm_multivar_synth_keep","draw_044",678,"2022-05-17","forecast","0.476874919422191"
"exdqlm_multivar_synth_keep","draw_044",678,"2022-05-18","forecast","0.479507521843299"
"exdqlm_multivar_synth_keep","draw_044",678,"2022-05-19","forecast","0.516121102398572"
"exdqlm_multivar_synth_keep","draw_044",678,"2022-05-20","forecast","0.509014452710157"
"exdqlm_multivar_synth_keep","draw_044",678,"2022-05-21","forecast","0.501602027030634"
"exdqlm_multivar_synth_keep","draw_044",678,"2022-05-22","forecast","0.492216109964604"
"exdqlm_multivar_synth_keep","draw_044",678,"2022-05-23","forecast","0.501182778944529"
"exdqlm_multivar_synth_keep","draw_044",678,"2022-05-24","forecast","0.482372043321886"
"exdqlm_multivar_synth_keep","draw_044",678,"2022-05-25","forecast","0.469753919476859"
"exdqlm_multivar_synth_keep","draw_044",678,"2022-05-26","forecast","0.462833366488793"
"exdqlm_multivar_synth_keep","draw_044",678,"2022-05-27","forecast","0.461360139138852"
"exdqlm_multivar_synth_keep","draw_044",678,"2022-05-28","forecast","0.451421787781883"
"exdqlm_multivar_synth_keep","draw_044",678,"2022-05-29","forecast","0.454443739723426"
"exdqlm_multivar_synth_keep","draw_044",678,"2022-05-30","forecast","0.454218111289442"
"exdqlm_multivar_synth_keep","draw_044",678,"2022-05-31","forecast","0.449947575555708"
"exdqlm_multivar_synth_keep","draw_044",678,"2022-06-01","forecast","0.445294922556735"
"exdqlm_multivar_synth_keep","draw_044",678,"2022-06-02","forecast","0.449216115602792"
"exdqlm_multivar_synth_keep","draw_044",678,"2022-06-03","forecast","0.438119038751142"
"exdqlm_multivar_synth_keep","draw_044",678,"2022-06-04","forecast","0.437704916764180"
"exdqlm_multivar_synth_keep","draw_044",678,"2022-06-05","forecast","0.436247571817598"
"exdqlm_multivar_synth_keep","draw_044",678,"2022-06-06","forecast","0.430835103933331"
"exdqlm_multivar_synth_keep","draw_044",678,"2022-06-07","forecast","0.428732951507011"
"exdqlm_multivar_synth_keep","draw_044",678,"2022-06-08","forecast","0.420386761175541"
"exdqlm_multivar_synth_keep","draw_045",694,"2022-05-12","forecast","0.502679035382313"
"exdqlm_multivar_synth_keep","draw_045",694,"2022-05-13","forecast","0.502078647960859"
"exdqlm_multivar_synth_keep","draw_045",694,"2022-05-14","forecast","0.488475383393445"
"exdqlm_multivar_synth_keep","draw_045",694,"2022-05-15","forecast","0.495485909944837"
"exdqlm_multivar_synth_keep","draw_045",694,"2022-05-16","forecast","0.491081244357839"
"exdqlm_multivar_synth_keep","draw_045",694,"2022-05-17","forecast","0.478416643803044"
"exdqlm_multivar_synth_keep","draw_045",694,"2022-05-18","forecast","0.481850298418028"
"exdqlm_multivar_synth_keep","draw_045",694,"2022-05-19","forecast","0.516991939967973"
"exdqlm_multivar_synth_keep","draw_045",694,"2022-05-20","forecast","0.509163716088234"
"exdqlm_multivar_synth_keep","draw_045",694,"2022-05-21","forecast","0.501725050790368"
"exdqlm_multivar_synth_keep","draw_045",694,"2022-05-22","forecast","0.493483953770278"
"exdqlm_multivar_synth_keep","draw_045",694,"2022-05-23","forecast","0.502673782059898"
"exdqlm_multivar_synth_keep","draw_045",694,"2022-05-24","forecast","0.483337120404552"
"exdqlm_multivar_synth_keep","draw_045",694,"2022-05-25","forecast","0.471519382456069"
"exdqlm_multivar_synth_keep","draw_045",694,"2022-05-26","forecast","0.462987057364765"
"exdqlm_multivar_synth_keep","draw_045",694,"2022-05-27","forecast","0.462212791544030"
"exdqlm_multivar_synth_keep","draw_045",694,"2022-05-28","forecast","0.452435102883781"
"exdqlm_multivar_synth_keep","draw_045",694,"2022-05-29","forecast","0.455709758856529"
"exdqlm_multivar_synth_keep","draw_045",694,"2022-05-30","forecast","0.455624172724237"
"exdqlm_multivar_synth_keep","draw_045",694,"2022-05-31","forecast","0.453441377413944"
"exdqlm_multivar_synth_keep","draw_045",694,"2022-06-01","forecast","0.445868216774559"
"exdqlm_multivar_synth_keep","draw_045",694,"2022-06-02","forecast","0.451762005849462"
"exdqlm_multivar_synth_keep","draw_045",694,"2022-06-03","forecast","0.438728237872454"
"exdqlm_multivar_synth_keep","draw_045",694,"2022-06-04","forecast","0.439165574775720"
"exdqlm_multivar_synth_keep","draw_045",694,"2022-06-05","forecast","0.436310549034740"
"exdqlm_multivar_synth_keep","draw_045",694,"2022-06-06","forecast","0.431129931283112"
"exdqlm_multivar_synth_keep","draw_045",694,"2022-06-07","forecast","0.430553350728491"
"exdqlm_multivar_synth_keep","draw_045",694,"2022-06-08","forecast","0.421113247425640"
"exdqlm_multivar_synth_keep","draw_046",709,"2022-05-12","forecast","0.506227577899571"
"exdqlm_multivar_synth_keep","draw_046",709,"2022-05-13","forecast","0.504332816308939"
"exdqlm_multivar_synth_keep","draw_046",709,"2022-05-14","forecast","0.489612694246069"
"exdqlm_multivar_synth_keep","draw_046",709,"2022-05-15","forecast","0.496599403884842"
"exdqlm_multivar_synth_keep","draw_046",709,"2022-05-16","forecast","0.491917630625327"
"exdqlm_multivar_synth_keep","draw_046",709,"2022-05-17","forecast","0.478700626770544"
"exdqlm_multivar_synth_keep","draw_046",709,"2022-05-18","forecast","0.482913070910651"
"exdqlm_multivar_synth_keep","draw_046",709,"2022-05-19","forecast","0.517238612463419"
"exdqlm_multivar_synth_keep","draw_046",709,"2022-05-20","forecast","0.509474931591127"
"exdqlm_multivar_synth_keep","draw_046",709,"2022-05-21","forecast","0.502027867702767"
"exdqlm_multivar_synth_keep","draw_046",709,"2022-05-22","forecast","0.494367130323846"
"exdqlm_multivar_synth_keep","draw_046",709,"2022-05-23","forecast","0.504131771655374"
"exdqlm_multivar_synth_keep","draw_046",709,"2022-05-24","forecast","0.483854820897585"
"exdqlm_multivar_synth_keep","draw_046",709,"2022-05-25","forecast","0.472774010797900"
"exdqlm_multivar_synth_keep","draw_046",709,"2022-05-26","forecast","0.465966517538550"
"exdqlm_multivar_synth_keep","draw_046",709,"2022-05-27","forecast","0.463728375826122"
"exdqlm_multivar_synth_keep","draw_046",709,"2022-05-28","forecast","0.454830470475876"
"exdqlm_multivar_synth_keep","draw_046",709,"2022-05-29","forecast","0.457693340771571"
"exdqlm_multivar_synth_keep","draw_046",709,"2022-05-30","forecast","0.458000000033620"
"exdqlm_multivar_synth_keep","draw_046",709,"2022-05-31","forecast","0.455646608698255"
"exdqlm_multivar_synth_keep","draw_046",709,"2022-06-01","forecast","0.446264461274659"
"exdqlm_multivar_synth_keep","draw_046",709,"2022-06-02","forecast","0.453052772604931"
"exdqlm_multivar_synth_keep","draw_046",709,"2022-06-03","forecast","0.440260131374466"
"exdqlm_multivar_synth_keep","draw_046",709,"2022-06-04","forecast","0.440711509747806"
"exdqlm_multivar_synth_keep","draw_046",709,"2022-06-05","forecast","0.436585354729173"
"exdqlm_multivar_synth_keep","draw_046",709,"2022-06-06","forecast","0.431628245905687"
"exdqlm_multivar_synth_keep","draw_046",709,"2022-06-07","forecast","0.431193854661713"
"exdqlm_multivar_synth_keep","draw_046",709,"2022-06-08","forecast","0.422898165803008"
"exdqlm_multivar_synth_keep","draw_047",725,"2022-05-12","forecast","0.507425325781691"
"exdqlm_multivar_synth_keep","draw_047",725,"2022-05-13","forecast","0.505381644399671"
"exdqlm_multivar_synth_keep","draw_047",725,"2022-05-14","forecast","0.490401724574625"
"exdqlm_multivar_synth_keep","draw_047",725,"2022-05-15","forecast","0.498516150536379"
"exdqlm_multivar_synth_keep","draw_047",725,"2022-05-16","forecast","0.492165610308904"
"exdqlm_multivar_synth_keep","draw_047",725,"2022-05-17","forecast","0.479512923577077"
"exdqlm_multivar_synth_keep","draw_047",725,"2022-05-18","forecast","0.484058837647596"
"exdqlm_multivar_synth_keep","draw_047",725,"2022-05-19","forecast","0.518476246263580"
"exdqlm_multivar_synth_keep","draw_047",725,"2022-05-20","forecast","0.511236652545310"
"exdqlm_multivar_synth_keep","draw_047",725,"2022-05-21","forecast","0.503267788014688"
"exdqlm_multivar_synth_keep","draw_047",725,"2022-05-22","forecast","0.495097879606500"
"exdqlm_multivar_synth_keep","draw_047",725,"2022-05-23","forecast","0.504631502075673"
"exdqlm_multivar_synth_keep","draw_047",725,"2022-05-24","forecast","0.485863220562150"
"exdqlm_multivar_synth_keep","draw_047",725,"2022-05-25","forecast","0.474738934362039"
"exdqlm_multivar_synth_keep","draw_047",725,"2022-05-26","forecast","0.467648599346733"
"exdqlm_multivar_synth_keep","draw_047",725,"2022-05-27","forecast","0.466096453144150"
"exdqlm_multivar_synth_keep","draw_047",725,"2022-05-28","forecast","0.457789416319823"
"exdqlm_multivar_synth_keep","draw_047",725,"2022-05-29","forecast","0.460314214590841"
"exdqlm_multivar_synth_keep","draw_047",725,"2022-05-30","forecast","0.460497387116251"
"exdqlm_multivar_synth_keep","draw_047",725,"2022-05-31","forecast","0.457655736030936"
"exdqlm_multivar_synth_keep","draw_047",725,"2022-06-01","forecast","0.447085509121455"
"exdqlm_multivar_synth_keep","draw_047",725,"2022-06-02","forecast","0.454672316481831"
"exdqlm_multivar_synth_keep","draw_047",725,"2022-06-03","forecast","0.440629316749900"
"exdqlm_multivar_synth_keep","draw_047",725,"2022-06-04","forecast","0.441554006514658"
"exdqlm_multivar_synth_keep","draw_047",725,"2022-06-05","forecast","0.438282148387070"
"exdqlm_multivar_synth_keep","draw_047",725,"2022-06-06","forecast","0.432513108783760"
"exdqlm_multivar_synth_keep","draw_047",725,"2022-06-07","forecast","0.432192382191298"
"exdqlm_multivar_synth_keep","draw_047",725,"2022-06-08","forecast","0.424444541656222"
"exdqlm_multivar_synth_keep","draw_048",741,"2022-05-12","forecast","0.508735917585458"
"exdqlm_multivar_synth_keep","draw_048",741,"2022-05-13","forecast","0.507619565713890"
"exdqlm_multivar_synth_keep","draw_048",741,"2022-05-14","forecast","0.491695433356670"
"exdqlm_multivar_synth_keep","draw_048",741,"2022-05-15","forecast","0.500010992064398"
"exdqlm_multivar_synth_keep","draw_048",741,"2022-05-16","forecast","0.492580473883945"
"exdqlm_multivar_synth_keep","draw_048",741,"2022-05-17","forecast","0.480726249557762"
"exdqlm_multivar_synth_keep","draw_048",741,"2022-05-18","forecast","0.487224919741616"
"exdqlm_multivar_synth_keep","draw_048",741,"2022-05-19","forecast","0.520156113422370"
"exdqlm_multivar_synth_keep","draw_048",741,"2022-05-20","forecast","0.512321968611755"
"exdqlm_multivar_synth_keep","draw_048",741,"2022-05-21","forecast","0.504564123239535"
"exdqlm_multivar_synth_keep","draw_048",741,"2022-05-22","forecast","0.496215314353710"
"exdqlm_multivar_synth_keep","draw_048",741,"2022-05-23","forecast","0.505534020730635"
"exdqlm_multivar_synth_keep","draw_048",741,"2022-05-24","forecast","0.488262806198441"
"exdqlm_multivar_synth_keep","draw_048",741,"2022-05-25","forecast","0.476611420790748"
"exdqlm_multivar_synth_keep","draw_048",741,"2022-05-26","forecast","0.471045453251705"
"exdqlm_multivar_synth_keep","draw_048",741,"2022-05-27","forecast","0.467105869944103"
"exdqlm_multivar_synth_keep","draw_048",741,"2022-05-28","forecast","0.460951832401190"
"exdqlm_multivar_synth_keep","draw_048",741,"2022-05-29","forecast","0.464219720269000"
"exdqlm_multivar_synth_keep","draw_048",741,"2022-05-30","forecast","0.461958009447344"
"exdqlm_multivar_synth_keep","draw_048",741,"2022-05-31","forecast","0.460799296054163"
"exdqlm_multivar_synth_keep","draw_048",741,"2022-06-01","forecast","0.448211015314990"
"exdqlm_multivar_synth_keep","draw_048",741,"2022-06-02","forecast","0.458266135428573"
"exdqlm_multivar_synth_keep","draw_048",741,"2022-06-03","forecast","0.442889507047688"
"exdqlm_multivar_synth_keep","draw_048",741,"2022-06-04","forecast","0.442084073305409"
"exdqlm_multivar_synth_keep","draw_048",741,"2022-06-05","forecast","0.439900485518533"
"exdqlm_multivar_synth_keep","draw_048",741,"2022-06-06","forecast","0.433853584231993"
"exdqlm_multivar_synth_keep","draw_048",741,"2022-06-07","forecast","0.433172209610145"
"exdqlm_multivar_synth_keep","draw_048",741,"2022-06-08","forecast","0.426403165764032"
"exdqlm_multivar_synth_keep","draw_049",757,"2022-05-12","forecast","0.509447582370972"
"exdqlm_multivar_synth_keep","draw_049",757,"2022-05-13","forecast","0.509492957031840"
"exdqlm_multivar_synth_keep","draw_049",757,"2022-05-14","forecast","0.492377148759612"
"exdqlm_multivar_synth_keep","draw_049",757,"2022-05-15","forecast","0.502323199444992"
"exdqlm_multivar_synth_keep","draw_049",757,"2022-05-16","forecast","0.494115102050973"
"exdqlm_multivar_synth_keep","draw_049",757,"2022-05-17","forecast","0.481420803643845"
"exdqlm_multivar_synth_keep","draw_049",757,"2022-05-18","forecast","0.489763355921949"
"exdqlm_multivar_synth_keep","draw_049",757,"2022-05-19","forecast","0.520846315623247"
"exdqlm_multivar_synth_keep","draw_049",757,"2022-05-20","forecast","0.513503628505622"
"exdqlm_multivar_synth_keep","draw_049",757,"2022-05-21","forecast","0.505653617295669"
"exdqlm_multivar_synth_keep","draw_049",757,"2022-05-22","forecast","0.498384779532891"
"exdqlm_multivar_synth_keep","draw_049",757,"2022-05-23","forecast","0.507201076004987"
"exdqlm_multivar_synth_keep","draw_049",757,"2022-05-24","forecast","0.490292590112634"
"exdqlm_multivar_synth_keep","draw_049",757,"2022-05-25","forecast","0.479931418195268"
"exdqlm_multivar_synth_keep","draw_049",757,"2022-05-26","forecast","0.472939473077030"
"exdqlm_multivar_synth_keep","draw_049",757,"2022-05-27","forecast","0.469679296364031"
"exdqlm_multivar_synth_keep","draw_049",757,"2022-05-28","forecast","0.464296451071158"
"exdqlm_multivar_synth_keep","draw_049",757,"2022-05-29","forecast","0.465358733326323"
"exdqlm_multivar_synth_keep","draw_049",757,"2022-05-30","forecast","0.464464121876574"
"exdqlm_multivar_synth_keep","draw_049",757,"2022-05-31","forecast","0.462562523996034"
"exdqlm_multivar_synth_keep","draw_049",757,"2022-06-01","forecast","0.449944186167942"
"exdqlm_multivar_synth_keep","draw_049",757,"2022-06-02","forecast","0.462449800613204"
"exdqlm_multivar_synth_keep","draw_049",757,"2022-06-03","forecast","0.444677811012250"
"exdqlm_multivar_synth_keep","draw_049",757,"2022-06-04","forecast","0.445217471832900"
"exdqlm_multivar_synth_keep","draw_049",757,"2022-06-05","forecast","0.442248541747239"
"exdqlm_multivar_synth_keep","draw_049",757,"2022-06-06","forecast","0.434549725395345"
"exdqlm_multivar_synth_keep","draw_049",757,"2022-06-07","forecast","0.434671901777529"
"exdqlm_multivar_synth_keep","draw_049",757,"2022-06-08","forecast","0.428662170281890"
"exdqlm_multivar_synth_keep","draw_050",772,"2022-05-12","forecast","0.511749464484455"
"exdqlm_multivar_synth_keep","draw_050",772,"2022-05-13","forecast","0.511281684936392"
"exdqlm_multivar_synth_keep","draw_050",772,"2022-05-14","forecast","0.492911764421071"
"exdqlm_multivar_synth_keep","draw_050",772,"2022-05-15","forecast","0.503976476554623"
"exdqlm_multivar_synth_keep","draw_050",772,"2022-05-16","forecast","0.494552775563667"
"exdqlm_multivar_synth_keep","draw_050",772,"2022-05-17","forecast","0.482843386238851"
"exdqlm_multivar_synth_keep","draw_050",772,"2022-05-18","forecast","0.490923823782751"
"exdqlm_multivar_synth_keep","draw_050",772,"2022-05-19","forecast","0.521897790788553"
"exdqlm_multivar_synth_keep","draw_050",772,"2022-05-20","forecast","0.514151956667110"
"exdqlm_multivar_synth_keep","draw_050",772,"2022-05-21","forecast","0.507386048609554"
"exdqlm_multivar_synth_keep","draw_050",772,"2022-05-22","forecast","0.500180379973138"
"exdqlm_multivar_synth_keep","draw_050",772,"2022-05-23","forecast","0.509361743875203"
"exdqlm_multivar_synth_keep","draw_050",772,"2022-05-24","forecast","0.491581552948475"
"exdqlm_multivar_synth_keep","draw_050",772,"2022-05-25","forecast","0.481934427514458"
"exdqlm_multivar_synth_keep","draw_050",772,"2022-05-26","forecast","0.475357886982051"
"exdqlm_multivar_synth_keep","draw_050",772,"2022-05-27","forecast","0.471811671674906"
"exdqlm_multivar_synth_keep","draw_050",772,"2022-05-28","forecast","0.467893110016323"
"exdqlm_multivar_synth_keep","draw_050",772,"2022-05-29","forecast","0.467397868833841"
"exdqlm_multivar_synth_keep","draw_050",772,"2022-05-30","forecast","0.466167641406347"
"exdqlm_multivar_synth_keep","draw_050",772,"2022-05-31","forecast","0.465778631262132"
"exdqlm_multivar_synth_keep","draw_050",772,"2022-06-01","forecast","0.451840673141361"
"exdqlm_multivar_synth_keep","draw_050",772,"2022-06-02","forecast","0.463903470119159"
"exdqlm_multivar_synth_keep","draw_050",772,"2022-06-03","forecast","0.445405600498159"
"exdqlm_multivar_synth_keep","draw_050",772,"2022-06-04","forecast","0.448265295770758"
"exdqlm_multivar_synth_keep","draw_050",772,"2022-06-05","forecast","0.443404263842592"
"exdqlm_multivar_synth_keep","draw_050",772,"2022-06-06","forecast","0.435603253626173"
"exdqlm_multivar_synth_keep","draw_050",772,"2022-06-07","forecast","0.435589417058787"
"exdqlm_multivar_synth_keep","draw_050",772,"2022-06-08","forecast","0.430733806125212"
"exdqlm_multivar_synth_keep","draw_051",788,"2022-05-12","forecast","0.514035567450823"
"exdqlm_multivar_synth_keep","draw_051",788,"2022-05-13","forecast","0.512418608467163"
"exdqlm_multivar_synth_keep","draw_051",788,"2022-05-14","forecast","0.493693549601109"
"exdqlm_multivar_synth_keep","draw_051",788,"2022-05-15","forecast","0.504897910944932"
"exdqlm_multivar_synth_keep","draw_051",788,"2022-05-16","forecast","0.495600467950422"
"exdqlm_multivar_synth_keep","draw_051",788,"2022-05-17","forecast","0.483107984807041"
"exdqlm_multivar_synth_keep","draw_051",788,"2022-05-18","forecast","0.492863322817891"
"exdqlm_multivar_synth_keep","draw_051",788,"2022-05-19","forecast","0.522542850385502"
"exdqlm_multivar_synth_keep","draw_051",788,"2022-05-20","forecast","0.514656827024311"
"exdqlm_multivar_synth_keep","draw_051",788,"2022-05-21","forecast","0.508485082915148"
"exdqlm_multivar_synth_keep","draw_051",788,"2022-05-22","forecast","0.502994164070570"
"exdqlm_multivar_synth_keep","draw_051",788,"2022-05-23","forecast","0.510715343687782"
"exdqlm_multivar_synth_keep","draw_051",788,"2022-05-24","forecast","0.493285380676134"
"exdqlm_multivar_synth_keep","draw_051",788,"2022-05-25","forecast","0.483572800951421"
"exdqlm_multivar_synth_keep","draw_051",788,"2022-05-26","forecast","0.476475575810956"
"exdqlm_multivar_synth_keep","draw_051",788,"2022-05-27","forecast","0.473740080932286"
"exdqlm_multivar_synth_keep","draw_051",788,"2022-05-28","forecast","0.471079095354138"
"exdqlm_multivar_synth_keep","draw_051",788,"2022-05-29","forecast","0.470150951687517"
"exdqlm_multivar_synth_keep","draw_051",788,"2022-05-30","forecast","0.468418745667492"
"exdqlm_multivar_synth_keep","draw_051",788,"2022-05-31","forecast","0.467862653641682"
"exdqlm_multivar_synth_keep","draw_051",788,"2022-06-01","forecast","0.452579012415838"
"exdqlm_multivar_synth_keep","draw_051",788,"2022-06-02","forecast","0.465907515326037"
"exdqlm_multivar_synth_keep","draw_051",788,"2022-06-03","forecast","0.446521475778693"
"exdqlm_multivar_synth_keep","draw_051",788,"2022-06-04","forecast","0.450860974897508"
"exdqlm_multivar_synth_keep","draw_051",788,"2022-06-05","forecast","0.445244035666508"
"exdqlm_multivar_synth_keep","draw_051",788,"2022-06-06","forecast","0.436337671751698"
"exdqlm_multivar_synth_keep","draw_051",788,"2022-06-07","forecast","0.437200431381123"
"exdqlm_multivar_synth_keep","draw_051",788,"2022-06-08","forecast","0.430934518073926"
"exdqlm_multivar_synth_keep","draw_052",804,"2022-05-12","forecast","0.515105364152850"
"exdqlm_multivar_synth_keep","draw_052",804,"2022-05-13","forecast","0.514702294577810"
"exdqlm_multivar_synth_keep","draw_052",804,"2022-05-14","forecast","0.495384582468275"
"exdqlm_multivar_synth_keep","draw_052",804,"2022-05-15","forecast","0.507321629633549"
"exdqlm_multivar_synth_keep","draw_052",804,"2022-05-16","forecast","0.496888451927781"
"exdqlm_multivar_synth_keep","draw_052",804,"2022-05-17","forecast","0.483360805965533"
"exdqlm_multivar_synth_keep","draw_052",804,"2022-05-18","forecast","0.493442352630298"
"exdqlm_multivar_synth_keep","draw_052",804,"2022-05-19","forecast","0.523534577940961"
"exdqlm_multivar_synth_keep","draw_052",804,"2022-05-20","forecast","0.515322991777708"
"exdqlm_multivar_synth_keep","draw_052",804,"2022-05-21","forecast","0.509701056009312"
"exdqlm_multivar_synth_keep","draw_052",804,"2022-05-22","forecast","0.504921634951676"
"exdqlm_multivar_synth_keep","draw_052",804,"2022-05-23","forecast","0.511871778858907"
"exdqlm_multivar_synth_keep","draw_052",804,"2022-05-24","forecast","0.494783536684808"
"exdqlm_multivar_synth_keep","draw_052",804,"2022-05-25","forecast","0.485913052664249"
"exdqlm_multivar_synth_keep","draw_052",804,"2022-05-26","forecast","0.479466485323370"
"exdqlm_multivar_synth_keep","draw_052",804,"2022-05-27","forecast","0.475459178181785"
"exdqlm_multivar_synth_keep","draw_052",804,"2022-05-28","forecast","0.473039229023431"
"exdqlm_multivar_synth_keep","draw_052",804,"2022-05-29","forecast","0.472659865183554"
"exdqlm_multivar_synth_keep","draw_052",804,"2022-05-30","forecast","0.471094738804319"
"exdqlm_multivar_synth_keep","draw_052",804,"2022-05-31","forecast","0.469909096500014"
"exdqlm_multivar_synth_keep","draw_052",804,"2022-06-01","forecast","0.454592884363371"
"exdqlm_multivar_synth_keep","draw_052",804,"2022-06-02","forecast","0.467636440879177"
"exdqlm_multivar_synth_keep","draw_052",804,"2022-06-03","forecast","0.448806413363220"
"exdqlm_multivar_synth_keep","draw_052",804,"2022-06-04","forecast","0.452135181876063"
"exdqlm_multivar_synth_keep","draw_052",804,"2022-06-05","forecast","0.448312665183343"
"exdqlm_multivar_synth_keep","draw_052",804,"2022-06-06","forecast","0.437233968729661"
"exdqlm_multivar_synth_keep","draw_052",804,"2022-06-07","forecast","0.438709042451038"
"exdqlm_multivar_synth_keep","draw_052",804,"2022-06-08","forecast","0.432141899200921"
"exdqlm_multivar_synth_keep","draw_053",819,"2022-05-12","forecast","0.516663347405983"
"exdqlm_multivar_synth_keep","draw_053",819,"2022-05-13","forecast","0.515962309669708"
"exdqlm_multivar_synth_keep","draw_053",819,"2022-05-14","forecast","0.496395648579493"
"exdqlm_multivar_synth_keep","draw_053",819,"2022-05-15","forecast","0.508121121683889"
"exdqlm_multivar_synth_keep","draw_053",819,"2022-05-16","forecast","0.497298803364996"
"exdqlm_multivar_synth_keep","draw_053",819,"2022-05-17","forecast","0.484759316479994"
"exdqlm_multivar_synth_keep","draw_053",819,"2022-05-18","forecast","0.493843503397621"
"exdqlm_multivar_synth_keep","draw_053",819,"2022-05-19","forecast","0.525348859669427"
"exdqlm_multivar_synth_keep","draw_053",819,"2022-05-20","forecast","0.515873453549022"
"exdqlm_multivar_synth_keep","draw_053",819,"2022-05-21","forecast","0.510358443549140"
"exdqlm_multivar_synth_keep","draw_053",819,"2022-05-22","forecast","0.505980612638428"
"exdqlm_multivar_synth_keep","draw_053",819,"2022-05-23","forecast","0.512715022125802"
"exdqlm_multivar_synth_keep","draw_053",819,"2022-05-24","forecast","0.496805297499581"
"exdqlm_multivar_synth_keep","draw_053",819,"2022-05-25","forecast","0.487843006067456"
"exdqlm_multivar_synth_keep","draw_053",819,"2022-05-26","forecast","0.482595039225216"
"exdqlm_multivar_synth_keep","draw_053",819,"2022-05-27","forecast","0.478724854003741"
"exdqlm_multivar_synth_keep","draw_053",819,"2022-05-28","forecast","0.474675613027336"
"exdqlm_multivar_synth_keep","draw_053",819,"2022-05-29","forecast","0.475585764758425"
"exdqlm_multivar_synth_keep","draw_053",819,"2022-05-30","forecast","0.473458254223749"
"exdqlm_multivar_synth_keep","draw_053",819,"2022-05-31","forecast","0.471668454636413"
"exdqlm_multivar_synth_keep","draw_053",819,"2022-06-01","forecast","0.456670246314176"
"exdqlm_multivar_synth_keep","draw_053",819,"2022-06-02","forecast","0.469590436897853"
"exdqlm_multivar_synth_keep","draw_053",819,"2022-06-03","forecast","0.450618667276011"
"exdqlm_multivar_synth_keep","draw_053",819,"2022-06-04","forecast","0.452888262743382"
"exdqlm_multivar_synth_keep","draw_053",819,"2022-06-05","forecast","0.450197559794421"
"exdqlm_multivar_synth_keep","draw_053",819,"2022-06-06","forecast","0.437973379497282"
"exdqlm_multivar_synth_keep","draw_053",819,"2022-06-07","forecast","0.441454665325648"
"exdqlm_multivar_synth_keep","draw_053",819,"2022-06-08","forecast","0.432743701535133"
"exdqlm_multivar_synth_keep","draw_054",835,"2022-05-12","forecast","0.517707972462088"
"exdqlm_multivar_synth_keep","draw_054",835,"2022-05-13","forecast","0.517119352128076"
"exdqlm_multivar_synth_keep","draw_054",835,"2022-05-14","forecast","0.496943479050482"
"exdqlm_multivar_synth_keep","draw_054",835,"2022-05-15","forecast","0.510256465810105"
"exdqlm_multivar_synth_keep","draw_054",835,"2022-05-16","forecast","0.498519719042475"
"exdqlm_multivar_synth_keep","draw_054",835,"2022-05-17","forecast","0.486672070812367"
"exdqlm_multivar_synth_keep","draw_054",835,"2022-05-18","forecast","0.494628162971149"
"exdqlm_multivar_synth_keep","draw_054",835,"2022-05-19","forecast","0.526551298500991"
"exdqlm_multivar_synth_keep","draw_054",835,"2022-05-20","forecast","0.516365220086857"
"exdqlm_multivar_synth_keep","draw_054",835,"2022-05-21","forecast","0.512747725001264"
"exdqlm_multivar_synth_keep","draw_054",835,"2022-05-22","forecast","0.508148954014898"
"exdqlm_multivar_synth_keep","draw_054",835,"2022-05-23","forecast","0.514513449089206"
"exdqlm_multivar_synth_keep","draw_054",835,"2022-05-24","forecast","0.499716057786949"
"exdqlm_multivar_synth_keep","draw_054",835,"2022-05-25","forecast","0.490085676998522"
"exdqlm_multivar_synth_keep","draw_054",835,"2022-05-26","forecast","0.484342003771045"
"exdqlm_multivar_synth_keep","draw_054",835,"2022-05-27","forecast","0.481583273253865"
"exdqlm_multivar_synth_keep","draw_054",835,"2022-05-28","forecast","0.477492805177262"
"exdqlm_multivar_synth_keep","draw_054",835,"2022-05-29","forecast","0.477106039701227"
"exdqlm_multivar_synth_keep","draw_054",835,"2022-05-30","forecast","0.477262462496783"
"exdqlm_multivar_synth_keep","draw_054",835,"2022-05-31","forecast","0.474010523574661"
"exdqlm_multivar_synth_keep","draw_054",835,"2022-06-01","forecast","0.457988800143558"
"exdqlm_multivar_synth_keep","draw_054",835,"2022-06-02","forecast","0.470526933737102"
"exdqlm_multivar_synth_keep","draw_054",835,"2022-06-03","forecast","0.452877400435060"
"exdqlm_multivar_synth_keep","draw_054",835,"2022-06-04","forecast","0.454972580813173"
"exdqlm_multivar_synth_keep","draw_054",835,"2022-06-05","forecast","0.451642928970341"
"exdqlm_multivar_synth_keep","draw_054",835,"2022-06-06","forecast","0.439784425131946"
"exdqlm_multivar_synth_keep","draw_054",835,"2022-06-07","forecast","0.442634803873484"
"exdqlm_multivar_synth_keep","draw_054",835,"2022-06-08","forecast","0.434023092712723"
"exdqlm_multivar_synth_keep","draw_055",851,"2022-05-12","forecast","0.518425684107509"
"exdqlm_multivar_synth_keep","draw_055",851,"2022-05-13","forecast","0.520454920603171"
"exdqlm_multivar_synth_keep","draw_055",851,"2022-05-14","forecast","0.497554036310819"
"exdqlm_multivar_synth_keep","draw_055",851,"2022-05-15","forecast","0.513639673512908"
"exdqlm_multivar_synth_keep","draw_055",851,"2022-05-16","forecast","0.500426694561150"
"exdqlm_multivar_synth_keep","draw_055",851,"2022-05-17","forecast","0.487376825019494"
"exdqlm_multivar_synth_keep","draw_055",851,"2022-05-18","forecast","0.495461719302482"
"exdqlm_multivar_synth_keep","draw_055",851,"2022-05-19","forecast","0.527039727949852"
"exdqlm_multivar_synth_keep","draw_055",851,"2022-05-20","forecast","0.516579516371282"
"exdqlm_multivar_synth_keep","draw_055",851,"2022-05-21","forecast","0.514341646141702"
"exdqlm_multivar_synth_keep","draw_055",851,"2022-05-22","forecast","0.509701586930832"
"exdqlm_multivar_synth_keep","draw_055",851,"2022-05-23","forecast","0.515950212408596"
"exdqlm_multivar_synth_keep","draw_055",851,"2022-05-24","forecast","0.503321223628142"
"exdqlm_multivar_synth_keep","draw_055",851,"2022-05-25","forecast","0.492474853382803"
"exdqlm_multivar_synth_keep","draw_055",851,"2022-05-26","forecast","0.485880582248126"
"exdqlm_multivar_synth_keep","draw_055",851,"2022-05-27","forecast","0.483863569084872"
"exdqlm_multivar_synth_keep","draw_055",851,"2022-05-28","forecast","0.480376057516422"
"exdqlm_multivar_synth_keep","draw_055",851,"2022-05-29","forecast","0.479052453752493"
"exdqlm_multivar_synth_keep","draw_055",851,"2022-05-30","forecast","0.480431750298321"
"exdqlm_multivar_synth_keep","draw_055",851,"2022-05-31","forecast","0.476165762827189"
"exdqlm_multivar_synth_keep","draw_055",851,"2022-06-01","forecast","0.459766100341853"
"exdqlm_multivar_synth_keep","draw_055",851,"2022-06-02","forecast","0.472264060072302"
"exdqlm_multivar_synth_keep","draw_055",851,"2022-06-03","forecast","0.455350956467103"
"exdqlm_multivar_synth_keep","draw_055",851,"2022-06-04","forecast","0.455802040180083"
"exdqlm_multivar_synth_keep","draw_055",851,"2022-06-05","forecast","0.453823318904106"
"exdqlm_multivar_synth_keep","draw_055",851,"2022-06-06","forecast","0.442956580793309"
"exdqlm_multivar_synth_keep","draw_055",851,"2022-06-07","forecast","0.444559628554207"
"exdqlm_multivar_synth_keep","draw_055",851,"2022-06-08","forecast","0.435927986772720"
"exdqlm_multivar_synth_keep","draw_056",867,"2022-05-12","forecast","0.519827882325287"
"exdqlm_multivar_synth_keep","draw_056",867,"2022-05-13","forecast","0.522799389366879"
"exdqlm_multivar_synth_keep","draw_056",867,"2022-05-14","forecast","0.498107040701207"
"exdqlm_multivar_synth_keep","draw_056",867,"2022-05-15","forecast","0.514666942388992"
"exdqlm_multivar_synth_keep","draw_056",867,"2022-05-16","forecast","0.502689194736506"
"exdqlm_multivar_synth_keep","draw_056",867,"2022-05-17","forecast","0.488389131228192"
"exdqlm_multivar_synth_keep","draw_056",867,"2022-05-18","forecast","0.496073702590713"
"exdqlm_multivar_synth_keep","draw_056",867,"2022-05-19","forecast","0.527929867767504"
"exdqlm_multivar_synth_keep","draw_056",867,"2022-05-20","forecast","0.516844330075699"
"exdqlm_multivar_synth_keep","draw_056",867,"2022-05-21","forecast","0.516360571059161"
"exdqlm_multivar_synth_keep","draw_056",867,"2022-05-22","forecast","0.510949582906374"
"exdqlm_multivar_synth_keep","draw_056",867,"2022-05-23","forecast","0.516462818282547"
"exdqlm_multivar_synth_keep","draw_056",867,"2022-05-24","forecast","0.505148384005156"
"exdqlm_multivar_synth_keep","draw_056",867,"2022-05-25","forecast","0.495076932958784"
"exdqlm_multivar_synth_keep","draw_056",867,"2022-05-26","forecast","0.489223315182637"
"exdqlm_multivar_synth_keep","draw_056",867,"2022-05-27","forecast","0.485635612026271"
"exdqlm_multivar_synth_keep","draw_056",867,"2022-05-28","forecast","0.483773949748977"
"exdqlm_multivar_synth_keep","draw_056",867,"2022-05-29","forecast","0.480762345946015"
"exdqlm_multivar_synth_keep","draw_056",867,"2022-05-30","forecast","0.482437958594752"
"exdqlm_multivar_synth_keep","draw_056",867,"2022-05-31","forecast","0.477948536367708"
"exdqlm_multivar_synth_keep","draw_056",867,"2022-06-01","forecast","0.461316814769045"
"exdqlm_multivar_synth_keep","draw_056",867,"2022-06-02","forecast","0.473963974842793"
"exdqlm_multivar_synth_keep","draw_056",867,"2022-06-03","forecast","0.457575100076929"
"exdqlm_multivar_synth_keep","draw_056",867,"2022-06-04","forecast","0.457063579835586"
"exdqlm_multivar_synth_keep","draw_056",867,"2022-06-05","forecast","0.455581079314380"
"exdqlm_multivar_synth_keep","draw_056",867,"2022-06-06","forecast","0.444672197978804"
"exdqlm_multivar_synth_keep","draw_056",867,"2022-06-07","forecast","0.445879793635210"
"exdqlm_multivar_synth_keep","draw_056",867,"2022-06-08","forecast","0.436453949256317"
"exdqlm_multivar_synth_keep","draw_057",882,"2022-05-12","forecast","0.520161912265176"
"exdqlm_multivar_synth_keep","draw_057",882,"2022-05-13","forecast","0.523856014062723"
"exdqlm_multivar_synth_keep","draw_057",882,"2022-05-14","forecast","0.499216813050689"
"exdqlm_multivar_synth_keep","draw_057",882,"2022-05-15","forecast","0.516860089739364"
"exdqlm_multivar_synth_keep","draw_057",882,"2022-05-16","forecast","0.503832598876030"
"exdqlm_multivar_synth_keep","draw_057",882,"2022-05-17","forecast","0.490116573164107"
"exdqlm_multivar_synth_keep","draw_057",882,"2022-05-18","forecast","0.497070562473180"
"exdqlm_multivar_synth_keep","draw_057",882,"2022-05-19","forecast","0.528754440434746"
"exdqlm_multivar_synth_keep","draw_057",882,"2022-05-20","forecast","0.519148342496517"
"exdqlm_multivar_synth_keep","draw_057",882,"2022-05-21","forecast","0.517789635517156"
"exdqlm_multivar_synth_keep","draw_057",882,"2022-05-22","forecast","0.513280476941057"
"exdqlm_multivar_synth_keep","draw_057",882,"2022-05-23","forecast","0.518381192540471"
"exdqlm_multivar_synth_keep","draw_057",882,"2022-05-24","forecast","0.507945018489972"
"exdqlm_multivar_synth_keep","draw_057",882,"2022-05-25","forecast","0.496603861207409"
"exdqlm_multivar_synth_keep","draw_057",882,"2022-05-26","forecast","0.491820286666854"
"exdqlm_multivar_synth_keep","draw_057",882,"2022-05-27","forecast","0.486879579544865"
"exdqlm_multivar_synth_keep","draw_057",882,"2022-05-28","forecast","0.486260568757111"
"exdqlm_multivar_synth_keep","draw_057",882,"2022-05-29","forecast","0.482871012111924"
"exdqlm_multivar_synth_keep","draw_057",882,"2022-05-30","forecast","0.484938540337708"
"exdqlm_multivar_synth_keep","draw_057",882,"2022-05-31","forecast","0.479685818813405"
"exdqlm_multivar_synth_keep","draw_057",882,"2022-06-01","forecast","0.464554595859444"
"exdqlm_multivar_synth_keep","draw_057",882,"2022-06-02","forecast","0.476613652380377"
"exdqlm_multivar_synth_keep","draw_057",882,"2022-06-03","forecast","0.459623513408634"
"exdqlm_multivar_synth_keep","draw_057",882,"2022-06-04","forecast","0.458923390203399"
"exdqlm_multivar_synth_keep","draw_057",882,"2022-06-05","forecast","0.458237635497734"
"exdqlm_multivar_synth_keep","draw_057",882,"2022-06-06","forecast","0.445936117499921"
"exdqlm_multivar_synth_keep","draw_057",882,"2022-06-07","forecast","0.446648599645604"
"exdqlm_multivar_synth_keep","draw_057",882,"2022-06-08","forecast","0.437605637456806"
"exdqlm_multivar_synth_keep","draw_058",898,"2022-05-12","forecast","0.522056047861227"
"exdqlm_multivar_synth_keep","draw_058",898,"2022-05-13","forecast","0.525986765742203"
"exdqlm_multivar_synth_keep","draw_058",898,"2022-05-14","forecast","0.500808993482777"
"exdqlm_multivar_synth_keep","draw_058",898,"2022-05-15","forecast","0.518849567363880"
"exdqlm_multivar_synth_keep","draw_058",898,"2022-05-16","forecast","0.504811937131489"
"exdqlm_multivar_synth_keep","draw_058",898,"2022-05-17","forecast","0.491388643954880"
"exdqlm_multivar_synth_keep","draw_058",898,"2022-05-18","forecast","0.500774219471777"
"exdqlm_multivar_synth_keep","draw_058",898,"2022-05-19","forecast","0.531840481197015"
"exdqlm_multivar_synth_keep","draw_058",898,"2022-05-20","forecast","0.520188675020044"
"exdqlm_multivar_synth_keep","draw_058",898,"2022-05-21","forecast","0.518263440766929"
"exdqlm_multivar_synth_keep","draw_058",898,"2022-05-22","forecast","0.514399969127244"
"exdqlm_multivar_synth_keep","draw_058",898,"2022-05-23","forecast","0.518712172199663"
"exdqlm_multivar_synth_keep","draw_058",898,"2022-05-24","forecast","0.509168664505318"
"exdqlm_multivar_synth_keep","draw_058",898,"2022-05-25","forecast","0.498712378767681"
"exdqlm_multivar_synth_keep","draw_058",898,"2022-05-26","forecast","0.494175200002810"
"exdqlm_multivar_synth_keep","draw_058",898,"2022-05-27","forecast","0.489454898105412"
"exdqlm_multivar_synth_keep","draw_058",898,"2022-05-28","forecast","0.488838641027215"
"exdqlm_multivar_synth_keep","draw_058",898,"2022-05-29","forecast","0.484274930981525"
"exdqlm_multivar_synth_keep","draw_058",898,"2022-05-30","forecast","0.486656587031536"
"exdqlm_multivar_synth_keep","draw_058",898,"2022-05-31","forecast","0.482119656692298"
"exdqlm_multivar_synth_keep","draw_058",898,"2022-06-01","forecast","0.468169719099616"
"exdqlm_multivar_synth_keep","draw_058",898,"2022-06-02","forecast","0.478056296083997"
"exdqlm_multivar_synth_keep","draw_058",898,"2022-06-03","forecast","0.461333668012499"
"exdqlm_multivar_synth_keep","draw_058",898,"2022-06-04","forecast","0.459654241575550"
"exdqlm_multivar_synth_keep","draw_058",898,"2022-06-05","forecast","0.459701891585858"
"exdqlm_multivar_synth_keep","draw_058",898,"2022-06-06","forecast","0.448178772717472"
"exdqlm_multivar_synth_keep","draw_058",898,"2022-06-07","forecast","0.447727739239573"
"exdqlm_multivar_synth_keep","draw_058",898,"2022-06-08","forecast","0.438235174489877"
"exdqlm_multivar_synth_keep","draw_059",914,"2022-05-12","forecast","0.523299609271905"
"exdqlm_multivar_synth_keep","draw_059",914,"2022-05-13","forecast","0.527042566966621"
"exdqlm_multivar_synth_keep","draw_059",914,"2022-05-14","forecast","0.501926669797842"
"exdqlm_multivar_synth_keep","draw_059",914,"2022-05-15","forecast","0.520895550604105"
"exdqlm_multivar_synth_keep","draw_059",914,"2022-05-16","forecast","0.505715868639508"
"exdqlm_multivar_synth_keep","draw_059",914,"2022-05-17","forecast","0.492937716579445"
"exdqlm_multivar_synth_keep","draw_059",914,"2022-05-18","forecast","0.501867199625780"
"exdqlm_multivar_synth_keep","draw_059",914,"2022-05-19","forecast","0.532800823111098"
"exdqlm_multivar_synth_keep","draw_059",914,"2022-05-20","forecast","0.520751628891281"
"exdqlm_multivar_synth_keep","draw_059",914,"2022-05-21","forecast","0.519176660645142"
"exdqlm_multivar_synth_keep","draw_059",914,"2022-05-22","forecast","0.516632190757294"
"exdqlm_multivar_synth_keep","draw_059",914,"2022-05-23","forecast","0.519913167908660"
"exdqlm_multivar_synth_keep","draw_059",914,"2022-05-24","forecast","0.510850904925870"
"exdqlm_multivar_synth_keep","draw_059",914,"2022-05-25","forecast","0.500713023675297"
"exdqlm_multivar_synth_keep","draw_059",914,"2022-05-26","forecast","0.497093539335881"
"exdqlm_multivar_synth_keep","draw_059",914,"2022-05-27","forecast","0.491756768642322"
"exdqlm_multivar_synth_keep","draw_059",914,"2022-05-28","forecast","0.491770833472721"
"exdqlm_multivar_synth_keep","draw_059",914,"2022-05-29","forecast","0.487458060588545"
"exdqlm_multivar_synth_keep","draw_059",914,"2022-05-30","forecast","0.488088678631140"
"exdqlm_multivar_synth_keep","draw_059",914,"2022-05-31","forecast","0.483748905738826"
"exdqlm_multivar_synth_keep","draw_059",914,"2022-06-01","forecast","0.470284185312118"
"exdqlm_multivar_synth_keep","draw_059",914,"2022-06-02","forecast","0.479918339707602"
"exdqlm_multivar_synth_keep","draw_059",914,"2022-06-03","forecast","0.462572090340261"
"exdqlm_multivar_synth_keep","draw_059",914,"2022-06-04","forecast","0.460828403780171"
"exdqlm_multivar_synth_keep","draw_059",914,"2022-06-05","forecast","0.461252773920591"
"exdqlm_multivar_synth_keep","draw_059",914,"2022-06-06","forecast","0.449188529262284"
"exdqlm_multivar_synth_keep","draw_059",914,"2022-06-07","forecast","0.449330143429381"
"exdqlm_multivar_synth_keep","draw_059",914,"2022-06-08","forecast","0.439793144331840"
"exdqlm_multivar_synth_keep","draw_060",930,"2022-05-12","forecast","0.523774820538228"
"exdqlm_multivar_synth_keep","draw_060",930,"2022-05-13","forecast","0.528567447347538"
"exdqlm_multivar_synth_keep","draw_060",930,"2022-05-14","forecast","0.503178382728374"
"exdqlm_multivar_synth_keep","draw_060",930,"2022-05-15","forecast","0.522478314316425"
"exdqlm_multivar_synth_keep","draw_060",930,"2022-05-16","forecast","0.507842047073083"
"exdqlm_multivar_synth_keep","draw_060",930,"2022-05-17","forecast","0.494186398426408"
"exdqlm_multivar_synth_keep","draw_060",930,"2022-05-18","forecast","0.502490659511600"
"exdqlm_multivar_synth_keep","draw_060",930,"2022-05-19","forecast","0.532969435050565"
"exdqlm_multivar_synth_keep","draw_060",930,"2022-05-20","forecast","0.522153036937903"
"exdqlm_multivar_synth_keep","draw_060",930,"2022-05-21","forecast","0.520715714900417"
"exdqlm_multivar_synth_keep","draw_060",930,"2022-05-22","forecast","0.518306269615352"
"exdqlm_multivar_synth_keep","draw_060",930,"2022-05-23","forecast","0.520694068929000"
"exdqlm_multivar_synth_keep","draw_060",930,"2022-05-24","forecast","0.512289809800346"
"exdqlm_multivar_synth_keep","draw_060",930,"2022-05-25","forecast","0.501938743961476"
"exdqlm_multivar_synth_keep","draw_060",930,"2022-05-26","forecast","0.498917476866933"
"exdqlm_multivar_synth_keep","draw_060",930,"2022-05-27","forecast","0.494628135604100"
"exdqlm_multivar_synth_keep","draw_060",930,"2022-05-28","forecast","0.494618508481020"
"exdqlm_multivar_synth_keep","draw_060",930,"2022-05-29","forecast","0.489381610725359"
"exdqlm_multivar_synth_keep","draw_060",930,"2022-05-30","forecast","0.489794320514199"
"exdqlm_multivar_synth_keep","draw_060",930,"2022-05-31","forecast","0.484718809847448"
"exdqlm_multivar_synth_keep","draw_060",930,"2022-06-01","forecast","0.471889060727784"
"exdqlm_multivar_synth_keep","draw_060",930,"2022-06-02","forecast","0.481521815629922"
"exdqlm_multivar_synth_keep","draw_060",930,"2022-06-03","forecast","0.465209910060318"
"exdqlm_multivar_synth_keep","draw_060",930,"2022-06-04","forecast","0.462691133044156"
"exdqlm_multivar_synth_keep","draw_060",930,"2022-06-05","forecast","0.462726518110507"
"exdqlm_multivar_synth_keep","draw_060",930,"2022-06-06","forecast","0.450312195111344"
"exdqlm_multivar_synth_keep","draw_060",930,"2022-06-07","forecast","0.450550060729394"
"exdqlm_multivar_synth_keep","draw_060",930,"2022-06-08","forecast","0.440536714896970"
"exdqlm_multivar_synth_keep","draw_061",945,"2022-05-12","forecast","0.525718309578481"
"exdqlm_multivar_synth_keep","draw_061",945,"2022-05-13","forecast","0.530135690701779"
"exdqlm_multivar_synth_keep","draw_061",945,"2022-05-14","forecast","0.504639781786832"
"exdqlm_multivar_synth_keep","draw_061",945,"2022-05-15","forecast","0.523331305890865"
"exdqlm_multivar_synth_keep","draw_061",945,"2022-05-16","forecast","0.509211197942373"
"exdqlm_multivar_synth_keep","draw_061",945,"2022-05-17","forecast","0.494569270701709"
"exdqlm_multivar_synth_keep","draw_061",945,"2022-05-18","forecast","0.502630918982105"
"exdqlm_multivar_synth_keep","draw_061",945,"2022-05-19","forecast","0.533581240350396"
"exdqlm_multivar_synth_keep","draw_061",945,"2022-05-20","forecast","0.524206871009786"
"exdqlm_multivar_synth_keep","draw_061",945,"2022-05-21","forecast","0.523486470875929"
"exdqlm_multivar_synth_keep","draw_061",945,"2022-05-22","forecast","0.518895861387730"
"exdqlm_multivar_synth_keep","draw_061",945,"2022-05-23","forecast","0.522111508660026"
"exdqlm_multivar_synth_keep","draw_061",945,"2022-05-24","forecast","0.514583226886793"
"exdqlm_multivar_synth_keep","draw_061",945,"2022-05-25","forecast","0.504642046623945"
"exdqlm_multivar_synth_keep","draw_061",945,"2022-05-26","forecast","0.500592158153111"
"exdqlm_multivar_synth_keep","draw_061",945,"2022-05-27","forecast","0.496347495630729"
"exdqlm_multivar_synth_keep","draw_061",945,"2022-05-28","forecast","0.496353420701421"
"exdqlm_multivar_synth_keep","draw_061",945,"2022-05-29","forecast","0.491021839007906"
"exdqlm_multivar_synth_keep","draw_061",945,"2022-05-30","forecast","0.491087561382121"
"exdqlm_multivar_synth_keep","draw_061",945,"2022-05-31","forecast","0.486402974046930"
"exdqlm_multivar_synth_keep","draw_061",945,"2022-06-01","forecast","0.475546497689004"
"exdqlm_multivar_synth_keep","draw_061",945,"2022-06-02","forecast","0.482455856135071"
"exdqlm_multivar_synth_keep","draw_061",945,"2022-06-03","forecast","0.467233259155522"
"exdqlm_multivar_synth_keep","draw_061",945,"2022-06-04","forecast","0.463341733552987"
"exdqlm_multivar_synth_keep","draw_061",945,"2022-06-05","forecast","0.463266076449858"
"exdqlm_multivar_synth_keep","draw_061",945,"2022-06-06","forecast","0.452076668724536"
"exdqlm_multivar_synth_keep","draw_061",945,"2022-06-07","forecast","0.451244797758283"
"exdqlm_multivar_synth_keep","draw_061",945,"2022-06-08","forecast","0.441655238301246"
"exdqlm_multivar_synth_keep","draw_062",961,"2022-05-12","forecast","0.526569379078876"
"exdqlm_multivar_synth_keep","draw_062",961,"2022-05-13","forecast","0.531881143843021"
"exdqlm_multivar_synth_keep","draw_062",961,"2022-05-14","forecast","0.505726559242969"
"exdqlm_multivar_synth_keep","draw_062",961,"2022-05-15","forecast","0.525488799521291"
"exdqlm_multivar_synth_keep","draw_062",961,"2022-05-16","forecast","0.511222997869993"
"exdqlm_multivar_synth_keep","draw_062",961,"2022-05-17","forecast","0.495533982093766"
"exdqlm_multivar_synth_keep","draw_062",961,"2022-05-18","forecast","0.503633094116826"
"exdqlm_multivar_synth_keep","draw_062",961,"2022-05-19","forecast","0.536373712644557"
"exdqlm_multivar_synth_keep","draw_062",961,"2022-05-20","forecast","0.524617370732632"
"exdqlm_multivar_synth_keep","draw_062",961,"2022-05-21","forecast","0.525149535701612"
"exdqlm_multivar_synth_keep","draw_062",961,"2022-05-22","forecast","0.520788349899972"
"exdqlm_multivar_synth_keep","draw_062",961,"2022-05-23","forecast","0.523097545982011"
"exdqlm_multivar_synth_keep","draw_062",961,"2022-05-24","forecast","0.515336124200687"
"exdqlm_multivar_synth_keep","draw_062",961,"2022-05-25","forecast","0.507225740138976"
"exdqlm_multivar_synth_keep","draw_062",961,"2022-05-26","forecast","0.502084980242066"
"exdqlm_multivar_synth_keep","draw_062",961,"2022-05-27","forecast","0.498101792694241"
"exdqlm_multivar_synth_keep","draw_062",961,"2022-05-28","forecast","0.501161768759117"
"exdqlm_multivar_synth_keep","draw_062",961,"2022-05-29","forecast","0.493012673276868"
"exdqlm_multivar_synth_keep","draw_062",961,"2022-05-30","forecast","0.493819010190285"
"exdqlm_multivar_synth_keep","draw_062",961,"2022-05-31","forecast","0.488238751829862"
"exdqlm_multivar_synth_keep","draw_062",961,"2022-06-01","forecast","0.477902603998278"
"exdqlm_multivar_synth_keep","draw_062",961,"2022-06-02","forecast","0.486048915362259"
"exdqlm_multivar_synth_keep","draw_062",961,"2022-06-03","forecast","0.470699961503491"
"exdqlm_multivar_synth_keep","draw_062",961,"2022-06-04","forecast","0.464336251300786"
"exdqlm_multivar_synth_keep","draw_062",961,"2022-06-05","forecast","0.464039048698924"
"exdqlm_multivar_synth_keep","draw_062",961,"2022-06-06","forecast","0.454101667107719"
"exdqlm_multivar_synth_keep","draw_062",961,"2022-06-07","forecast","0.451988608882808"
"exdqlm_multivar_synth_keep","draw_062",961,"2022-06-08","forecast","0.442309354736734"
"exdqlm_multivar_synth_keep","draw_063",977,"2022-05-12","forecast","0.530613630271737"
"exdqlm_multivar_synth_keep","draw_063",977,"2022-05-13","forecast","0.532692190629310"
"exdqlm_multivar_synth_keep","draw_063",977,"2022-05-14","forecast","0.506752840130973"
"exdqlm_multivar_synth_keep","draw_063",977,"2022-05-15","forecast","0.527250956884896"
"exdqlm_multivar_synth_keep","draw_063",977,"2022-05-16","forecast","0.511808395392004"
"exdqlm_multivar_synth_keep","draw_063",977,"2022-05-17","forecast","0.496328663484527"
"exdqlm_multivar_synth_keep","draw_063",977,"2022-05-18","forecast","0.505749178919453"
"exdqlm_multivar_synth_keep","draw_063",977,"2022-05-19","forecast","0.539206641973251"
"exdqlm_multivar_synth_keep","draw_063",977,"2022-05-20","forecast","0.525025183446595"
"exdqlm_multivar_synth_keep","draw_063",977,"2022-05-21","forecast","0.526114197973279"
"exdqlm_multivar_synth_keep","draw_063",977,"2022-05-22","forecast","0.521457314622737"
"exdqlm_multivar_synth_keep","draw_063",977,"2022-05-23","forecast","0.524504578208462"
"exdqlm_multivar_synth_keep","draw_063",977,"2022-05-24","forecast","0.518116353988521"
"exdqlm_multivar_synth_keep","draw_063",977,"2022-05-25","forecast","0.508513934420365"
"exdqlm_multivar_synth_keep","draw_063",977,"2022-05-26","forecast","0.505766292896135"
"exdqlm_multivar_synth_keep","draw_063",977,"2022-05-27","forecast","0.499628686407880"
"exdqlm_multivar_synth_keep","draw_063",977,"2022-05-28","forecast","0.504389007556997"
"exdqlm_multivar_synth_keep","draw_063",977,"2022-05-29","forecast","0.495439579173166"
"exdqlm_multivar_synth_keep","draw_063",977,"2022-05-30","forecast","0.494739339247871"
"exdqlm_multivar_synth_keep","draw_063",977,"2022-05-31","forecast","0.489185922287272"
"exdqlm_multivar_synth_keep","draw_063",977,"2022-06-01","forecast","0.479443909216339"
"exdqlm_multivar_synth_keep","draw_063",977,"2022-06-02","forecast","0.486600262936520"
"exdqlm_multivar_synth_keep","draw_063",977,"2022-06-03","forecast","0.472316159030897"
"exdqlm_multivar_synth_keep","draw_063",977,"2022-06-04","forecast","0.465650118101238"
"exdqlm_multivar_synth_keep","draw_063",977,"2022-06-05","forecast","0.465526727220222"
"exdqlm_multivar_synth_keep","draw_063",977,"2022-06-06","forecast","0.458027416260208"
"exdqlm_multivar_synth_keep","draw_063",977,"2022-06-07","forecast","0.453249635839368"
"exdqlm_multivar_synth_keep","draw_063",977,"2022-06-08","forecast","0.442420912000215"
"exdqlm_multivar_synth_keep","draw_064",993,"2022-05-12","forecast","0.532594063638111"
"exdqlm_multivar_synth_keep","draw_064",993,"2022-05-13","forecast","0.535375864291662"
"exdqlm_multivar_synth_keep","draw_064",993,"2022-05-14","forecast","0.508537763958022"
"exdqlm_multivar_synth_keep","draw_064",993,"2022-05-15","forecast","0.528869614646711"
"exdqlm_multivar_synth_keep","draw_064",993,"2022-05-16","forecast","0.512960893341289"
"exdqlm_multivar_synth_keep","draw_064",993,"2022-05-17","forecast","0.498159829150779"
"exdqlm_multivar_synth_keep","draw_064",993,"2022-05-18","forecast","0.507027711860456"
"exdqlm_multivar_synth_keep","draw_064",993,"2022-05-19","forecast","0.541799751054091"
"exdqlm_multivar_synth_keep","draw_064",993,"2022-05-20","forecast","0.526298702622250"
"exdqlm_multivar_synth_keep","draw_064",993,"2022-05-21","forecast","0.528017635455917"
"exdqlm_multivar_synth_keep","draw_064",993,"2022-05-22","forecast","0.522546530308172"
"exdqlm_multivar_synth_keep","draw_064",993,"2022-05-23","forecast","0.526065788439059"
"exdqlm_multivar_synth_keep","draw_064",993,"2022-05-24","forecast","0.521092466207747"
"exdqlm_multivar_synth_keep","draw_064",993,"2022-05-25","forecast","0.508729619011910"
"exdqlm_multivar_synth_keep","draw_064",993,"2022-05-26","forecast","0.506767854194379"
"exdqlm_multivar_synth_keep","draw_064",993,"2022-05-27","forecast","0.502078571211680"
"exdqlm_multivar_synth_keep","draw_064",993,"2022-05-28","forecast","0.504565400110520"
"exdqlm_multivar_synth_keep","draw_064",993,"2022-05-29","forecast","0.496637410104476"
"exdqlm_multivar_synth_keep","draw_064",993,"2022-05-30","forecast","0.496249134247017"
"exdqlm_multivar_synth_keep","draw_064",993,"2022-05-31","forecast","0.490631024356502"
"exdqlm_multivar_synth_keep","draw_064",993,"2022-06-01","forecast","0.481752682541046"
"exdqlm_multivar_synth_keep","draw_064",993,"2022-06-02","forecast","0.486903028710243"
"exdqlm_multivar_synth_keep","draw_064",993,"2022-06-03","forecast","0.474265105671253"
"exdqlm_multivar_synth_keep","draw_064",993,"2022-06-04","forecast","0.468996787361233"
"exdqlm_multivar_synth_keep","draw_064",993,"2022-06-05","forecast","0.467903249450617"
"exdqlm_multivar_synth_keep","draw_064",993,"2022-06-06","forecast","0.459913885802259"
"exdqlm_multivar_synth_keep","draw_064",993,"2022-06-07","forecast","0.455618135368707"
"exdqlm_multivar_synth_keep","draw_064",993,"2022-06-08","forecast","0.442644498461837"
"exdqlm_multivar_synth_keep","draw_065",1008,"2022-05-12","forecast","0.533851846991328"
"exdqlm_multivar_synth_keep","draw_065",1008,"2022-05-13","forecast","0.539156870646982"
"exdqlm_multivar_synth_keep","draw_065",1008,"2022-05-14","forecast","0.509601542236750"
"exdqlm_multivar_synth_keep","draw_065",1008,"2022-05-15","forecast","0.530733545003926"
"exdqlm_multivar_synth_keep","draw_065",1008,"2022-05-16","forecast","0.515627196405185"
"exdqlm_multivar_synth_keep","draw_065",1008,"2022-05-17","forecast","0.499879750765212"
"exdqlm_multivar_synth_keep","draw_065",1008,"2022-05-18","forecast","0.508208424687296"
"exdqlm_multivar_synth_keep","draw_065",1008,"2022-05-19","forecast","0.542329764356094"
"exdqlm_multivar_synth_keep","draw_065",1008,"2022-05-20","forecast","0.527524455354146"
"exdqlm_multivar_synth_keep","draw_065",1008,"2022-05-21","forecast","0.530007263601856"
"exdqlm_multivar_synth_keep","draw_065",1008,"2022-05-22","forecast","0.523700908478203"
"exdqlm_multivar_synth_keep","draw_065",1008,"2022-05-23","forecast","0.526774675962127"
"exdqlm_multivar_synth_keep","draw_065",1008,"2022-05-24","forecast","0.521822757573630"
"exdqlm_multivar_synth_keep","draw_065",1008,"2022-05-25","forecast","0.508970732792135"
"exdqlm_multivar_synth_keep","draw_065",1008,"2022-05-26","forecast","0.508403331757676"
"exdqlm_multivar_synth_keep","draw_065",1008,"2022-05-27","forecast","0.503503349412558"
"exdqlm_multivar_synth_keep","draw_065",1008,"2022-05-28","forecast","0.504883447275968"
"exdqlm_multivar_synth_keep","draw_065",1008,"2022-05-29","forecast","0.498077013129735"
"exdqlm_multivar_synth_keep","draw_065",1008,"2022-05-30","forecast","0.497040646579589"
"exdqlm_multivar_synth_keep","draw_065",1008,"2022-05-31","forecast","0.492146547057421"
"exdqlm_multivar_synth_keep","draw_065",1008,"2022-06-01","forecast","0.483856625201670"
"exdqlm_multivar_synth_keep","draw_065",1008,"2022-06-02","forecast","0.487031769632940"
"exdqlm_multivar_synth_keep","draw_065",1008,"2022-06-03","forecast","0.475669512536227"
"exdqlm_multivar_synth_keep","draw_065",1008,"2022-06-04","forecast","0.469644980657441"
"exdqlm_multivar_synth_keep","draw_065",1008,"2022-06-05","forecast","0.469218952316792"
"exdqlm_multivar_synth_keep","draw_065",1008,"2022-06-06","forecast","0.461399382681860"
"exdqlm_multivar_synth_keep","draw_065",1008,"2022-06-07","forecast","0.456950680141810"
"exdqlm_multivar_synth_keep","draw_065",1008,"2022-06-08","forecast","0.445083894181345"
"exdqlm_multivar_synth_keep","draw_066",1024,"2022-05-12","forecast","0.535106555637233"
"exdqlm_multivar_synth_keep","draw_066",1024,"2022-05-13","forecast","0.539401922773469"
"exdqlm_multivar_synth_keep","draw_066",1024,"2022-05-14","forecast","0.510062727832412"
"exdqlm_multivar_synth_keep","draw_066",1024,"2022-05-15","forecast","0.531890313854349"
"exdqlm_multivar_synth_keep","draw_066",1024,"2022-05-16","forecast","0.517315068068996"
"exdqlm_multivar_synth_keep","draw_066",1024,"2022-05-17","forecast","0.501663667800750"
"exdqlm_multivar_synth_keep","draw_066",1024,"2022-05-18","forecast","0.510453394405916"
"exdqlm_multivar_synth_keep","draw_066",1024,"2022-05-19","forecast","0.544583509915940"
"exdqlm_multivar_synth_keep","draw_066",1024,"2022-05-20","forecast","0.527839039122604"
"exdqlm_multivar_synth_keep","draw_066",1024,"2022-05-21","forecast","0.530163444291805"
"exdqlm_multivar_synth_keep","draw_066",1024,"2022-05-22","forecast","0.525645590130550"
"exdqlm_multivar_synth_keep","draw_066",1024,"2022-05-23","forecast","0.527014587104161"
"exdqlm_multivar_synth_keep","draw_066",1024,"2022-05-24","forecast","0.522702257623811"
"exdqlm_multivar_synth_keep","draw_066",1024,"2022-05-25","forecast","0.509871610599740"
"exdqlm_multivar_synth_keep","draw_066",1024,"2022-05-26","forecast","0.508737054254872"
"exdqlm_multivar_synth_keep","draw_066",1024,"2022-05-27","forecast","0.503754944345755"
"exdqlm_multivar_synth_keep","draw_066",1024,"2022-05-28","forecast","0.505086661826432"
"exdqlm_multivar_synth_keep","draw_066",1024,"2022-05-29","forecast","0.498758079588304"
"exdqlm_multivar_synth_keep","draw_066",1024,"2022-05-30","forecast","0.497891609151714"
"exdqlm_multivar_synth_keep","draw_066",1024,"2022-05-31","forecast","0.494133787593618"
"exdqlm_multivar_synth_keep","draw_066",1024,"2022-06-01","forecast","0.486941702566495"
"exdqlm_multivar_synth_keep","draw_066",1024,"2022-06-02","forecast","0.487167270719305"
"exdqlm_multivar_synth_keep","draw_066",1024,"2022-06-03","forecast","0.478055396951262"
"exdqlm_multivar_synth_keep","draw_066",1024,"2022-06-04","forecast","0.470850711484652"
"exdqlm_multivar_synth_keep","draw_066",1024,"2022-06-05","forecast","0.469552519012080"
"exdqlm_multivar_synth_keep","draw_066",1024,"2022-06-06","forecast","0.462334232275077"
"exdqlm_multivar_synth_keep","draw_066",1024,"2022-06-07","forecast","0.457788203709838"
"exdqlm_multivar_synth_keep","draw_066",1024,"2022-06-08","forecast","0.445351265121512"
"exdqlm_multivar_synth_keep","draw_067",1040,"2022-05-12","forecast","0.538697057534514"
"exdqlm_multivar_synth_keep","draw_067",1040,"2022-05-13","forecast","0.542271571809823"
"exdqlm_multivar_synth_keep","draw_067",1040,"2022-05-14","forecast","0.512204634568836"
"exdqlm_multivar_synth_keep","draw_067",1040,"2022-05-15","forecast","0.533135038929668"
"exdqlm_multivar_synth_keep","draw_067",1040,"2022-05-16","forecast","0.519046614122690"
"exdqlm_multivar_synth_keep","draw_067",1040,"2022-05-17","forecast","0.503475378094033"
"exdqlm_multivar_synth_keep","draw_067",1040,"2022-05-18","forecast","0.513159425103596"
"exdqlm_multivar_synth_keep","draw_067",1040,"2022-05-19","forecast","0.545964587951919"
"exdqlm_multivar_synth_keep","draw_067",1040,"2022-05-20","forecast","0.529301389418892"
"exdqlm_multivar_synth_keep","draw_067",1040,"2022-05-21","forecast","0.530329836553749"
"exdqlm_multivar_synth_keep","draw_067",1040,"2022-05-22","forecast","0.526873125516699"
"exdqlm_multivar_synth_keep","draw_067",1040,"2022-05-23","forecast","0.527319038576457"
"exdqlm_multivar_synth_keep","draw_067",1040,"2022-05-24","forecast","0.523051913220348"
"exdqlm_multivar_synth_keep","draw_067",1040,"2022-05-25","forecast","0.510767878564966"
"exdqlm_multivar_synth_keep","draw_067",1040,"2022-05-26","forecast","0.509342915473602"
"exdqlm_multivar_synth_keep","draw_067",1040,"2022-05-27","forecast","0.504037326263401"
"exdqlm_multivar_synth_keep","draw_067",1040,"2022-05-28","forecast","0.505340249710418"
"exdqlm_multivar_synth_keep","draw_067",1040,"2022-05-29","forecast","0.500477925668288"
"exdqlm_multivar_synth_keep","draw_067",1040,"2022-05-30","forecast","0.500204171699636"
"exdqlm_multivar_synth_keep","draw_067",1040,"2022-05-31","forecast","0.496316143675903"
"exdqlm_multivar_synth_keep","draw_067",1040,"2022-06-01","forecast","0.487447793149199"
"exdqlm_multivar_synth_keep","draw_067",1040,"2022-06-02","forecast","0.487285835376052"
"exdqlm_multivar_synth_keep","draw_067",1040,"2022-06-03","forecast","0.482053533389142"
"exdqlm_multivar_synth_keep","draw_067",1040,"2022-06-04","forecast","0.472702263981457"
"exdqlm_multivar_synth_keep","draw_067",1040,"2022-06-05","forecast","0.470919174187020"
"exdqlm_multivar_synth_keep","draw_067",1040,"2022-06-06","forecast","0.463535645168285"
"exdqlm_multivar_synth_keep","draw_067",1040,"2022-06-07","forecast","0.458382591871204"
"exdqlm_multivar_synth_keep","draw_067",1040,"2022-06-08","forecast","0.446945959634187"
"exdqlm_multivar_synth_keep","draw_068",1056,"2022-05-12","forecast","0.542217827617639"
"exdqlm_multivar_synth_keep","draw_068",1056,"2022-05-13","forecast","0.543210862620092"
"exdqlm_multivar_synth_keep","draw_068",1056,"2022-05-14","forecast","0.514056437241636"
"exdqlm_multivar_synth_keep","draw_068",1056,"2022-05-15","forecast","0.534333301461242"
"exdqlm_multivar_synth_keep","draw_068",1056,"2022-05-16","forecast","0.520199229489019"
"exdqlm_multivar_synth_keep","draw_068",1056,"2022-05-17","forecast","0.505314134380568"
"exdqlm_multivar_synth_keep","draw_068",1056,"2022-05-18","forecast","0.515589513042292"
"exdqlm_multivar_synth_keep","draw_068",1056,"2022-05-19","forecast","0.546799711998202"
"exdqlm_multivar_synth_keep","draw_068",1056,"2022-05-20","forecast","0.531019836448731"
"exdqlm_multivar_synth_keep","draw_068",1056,"2022-05-21","forecast","0.530681140727335"
"exdqlm_multivar_synth_keep","draw_068",1056,"2022-05-22","forecast","0.528175142845784"
"exdqlm_multivar_synth_keep","draw_068",1056,"2022-05-23","forecast","0.527649684024486"
"exdqlm_multivar_synth_keep","draw_068",1056,"2022-05-24","forecast","0.523222926635770"
"exdqlm_multivar_synth_keep","draw_068",1056,"2022-05-25","forecast","0.511309438843043"
"exdqlm_multivar_synth_keep","draw_068",1056,"2022-05-26","forecast","0.510217273356263"
"exdqlm_multivar_synth_keep","draw_068",1056,"2022-05-27","forecast","0.504229434491763"
"exdqlm_multivar_synth_keep","draw_068",1056,"2022-05-28","forecast","0.506577077053299"
"exdqlm_multivar_synth_keep","draw_068",1056,"2022-05-29","forecast","0.501459965336131"
"exdqlm_multivar_synth_keep","draw_068",1056,"2022-05-30","forecast","0.501213877322964"
"exdqlm_multivar_synth_keep","draw_068",1056,"2022-05-31","forecast","0.496826392314530"
"exdqlm_multivar_synth_keep","draw_068",1056,"2022-06-01","forecast","0.487617174610596"
"exdqlm_multivar_synth_keep","draw_068",1056,"2022-06-02","forecast","0.487508674236570"
"exdqlm_multivar_synth_keep","draw_068",1056,"2022-06-03","forecast","0.482440870523347"
"exdqlm_multivar_synth_keep","draw_068",1056,"2022-06-04","forecast","0.473941797416567"
"exdqlm_multivar_synth_keep","draw_068",1056,"2022-06-05","forecast","0.473040715830752"
"exdqlm_multivar_synth_keep","draw_068",1056,"2022-06-06","forecast","0.464436890828800"
"exdqlm_multivar_synth_keep","draw_068",1056,"2022-06-07","forecast","0.460262739039492"
"exdqlm_multivar_synth_keep","draw_068",1056,"2022-06-08","forecast","0.448681818771472"
"exdqlm_multivar_synth_keep","draw_069",1071,"2022-05-12","forecast","0.544451656991163"
"exdqlm_multivar_synth_keep","draw_069",1071,"2022-05-13","forecast","0.543577387545453"
"exdqlm_multivar_synth_keep","draw_069",1071,"2022-05-14","forecast","0.515306371403840"
"exdqlm_multivar_synth_keep","draw_069",1071,"2022-05-15","forecast","0.536350124492229"
"exdqlm_multivar_synth_keep","draw_069",1071,"2022-05-16","forecast","0.521159933940005"
"exdqlm_multivar_synth_keep","draw_069",1071,"2022-05-17","forecast","0.506596861112104"
"exdqlm_multivar_synth_keep","draw_069",1071,"2022-05-18","forecast","0.517373822532617"
"exdqlm_multivar_synth_keep","draw_069",1071,"2022-05-19","forecast","0.547791793129710"
"exdqlm_multivar_synth_keep","draw_069",1071,"2022-05-20","forecast","0.531416083908316"
"exdqlm_multivar_synth_keep","draw_069",1071,"2022-05-21","forecast","0.530965293666995"
"exdqlm_multivar_synth_keep","draw_069",1071,"2022-05-22","forecast","0.529602066408118"
"exdqlm_multivar_synth_keep","draw_069",1071,"2022-05-23","forecast","0.527729864328032"
"exdqlm_multivar_synth_keep","draw_069",1071,"2022-05-24","forecast","0.523429303848541"
"exdqlm_multivar_synth_keep","draw_069",1071,"2022-05-25","forecast","0.511655265564829"
"exdqlm_multivar_synth_keep","draw_069",1071,"2022-05-26","forecast","0.511030047616287"
"exdqlm_multivar_synth_keep","draw_069",1071,"2022-05-27","forecast","0.504312700614667"
"exdqlm_multivar_synth_keep","draw_069",1071,"2022-05-28","forecast","0.506840846994456"
"exdqlm_multivar_synth_keep","draw_069",1071,"2022-05-29","forecast","0.501977058895458"
"exdqlm_multivar_synth_keep","draw_069",1071,"2022-05-30","forecast","0.502267262265618"
"exdqlm_multivar_synth_keep","draw_069",1071,"2022-05-31","forecast","0.497135817140239"
"exdqlm_multivar_synth_keep","draw_069",1071,"2022-06-01","forecast","0.488174596484444"
"exdqlm_multivar_synth_keep","draw_069",1071,"2022-06-02","forecast","0.488446659982512"
"exdqlm_multivar_synth_keep","draw_069",1071,"2022-06-03","forecast","0.482970308167075"
"exdqlm_multivar_synth_keep","draw_069",1071,"2022-06-04","forecast","0.474946931643943"
"exdqlm_multivar_synth_keep","draw_069",1071,"2022-06-05","forecast","0.473927797655833"
"exdqlm_multivar_synth_keep","draw_069",1071,"2022-06-06","forecast","0.464851394055382"
"exdqlm_multivar_synth_keep","draw_069",1071,"2022-06-07","forecast","0.460517822187308"
"exdqlm_multivar_synth_keep","draw_069",1071,"2022-06-08","forecast","0.449442831225641"
"exdqlm_multivar_synth_keep","draw_070",1087,"2022-05-12","forecast","0.545741467552504"
"exdqlm_multivar_synth_keep","draw_070",1087,"2022-05-13","forecast","0.544751173597724"
"exdqlm_multivar_synth_keep","draw_070",1087,"2022-05-14","forecast","0.516498810438680"
"exdqlm_multivar_synth_keep","draw_070",1087,"2022-05-15","forecast","0.538210947796509"
"exdqlm_multivar_synth_keep","draw_070",1087,"2022-05-16","forecast","0.523145585868959"
"exdqlm_multivar_synth_keep","draw_070",1087,"2022-05-17","forecast","0.509045203310346"
"exdqlm_multivar_synth_keep","draw_070",1087,"2022-05-18","forecast","0.519561522734907"
"exdqlm_multivar_synth_keep","draw_070",1087,"2022-05-19","forecast","0.548765130979735"
"exdqlm_multivar_synth_keep","draw_070",1087,"2022-05-20","forecast","0.531511677221020"
"exdqlm_multivar_synth_keep","draw_070",1087,"2022-05-21","forecast","0.532779011971135"
"exdqlm_multivar_synth_keep","draw_070",1087,"2022-05-22","forecast","0.530129449576304"
"exdqlm_multivar_synth_keep","draw_070",1087,"2022-05-23","forecast","0.527754399818506"
"exdqlm_multivar_synth_keep","draw_070",1087,"2022-05-24","forecast","0.524976298780363"
"exdqlm_multivar_synth_keep","draw_070",1087,"2022-05-25","forecast","0.512708642101152"
"exdqlm_multivar_synth_keep","draw_070",1087,"2022-05-26","forecast","0.511735946026671"
"exdqlm_multivar_synth_keep","draw_070",1087,"2022-05-27","forecast","0.504436623651402"
"exdqlm_multivar_synth_keep","draw_070",1087,"2022-05-28","forecast","0.506976047398362"
"exdqlm_multivar_synth_keep","draw_070",1087,"2022-05-29","forecast","0.502288809664053"
"exdqlm_multivar_synth_keep","draw_070",1087,"2022-05-30","forecast","0.503063380728458"
"exdqlm_multivar_synth_keep","draw_070",1087,"2022-05-31","forecast","0.497511555210616"
"exdqlm_multivar_synth_keep","draw_070",1087,"2022-06-01","forecast","0.488718701635283"
"exdqlm_multivar_synth_keep","draw_070",1087,"2022-06-02","forecast","0.489335735618490"
"exdqlm_multivar_synth_keep","draw_070",1087,"2022-06-03","forecast","0.483076009072909"
"exdqlm_multivar_synth_keep","draw_070",1087,"2022-06-04","forecast","0.475955049580371"
"exdqlm_multivar_synth_keep","draw_070",1087,"2022-06-05","forecast","0.475604602561597"
"exdqlm_multivar_synth_keep","draw_070",1087,"2022-06-06","forecast","0.465209477508972"
"exdqlm_multivar_synth_keep","draw_070",1087,"2022-06-07","forecast","0.461369101483144"
"exdqlm_multivar_synth_keep","draw_070",1087,"2022-06-08","forecast","0.450336193055706"
"exdqlm_multivar_synth_keep","draw_071",1103,"2022-05-12","forecast","0.548859690743896"
"exdqlm_multivar_synth_keep","draw_071",1103,"2022-05-13","forecast","0.546354864362745"
"exdqlm_multivar_synth_keep","draw_071",1103,"2022-05-14","forecast","0.518587976933210"
"exdqlm_multivar_synth_keep","draw_071",1103,"2022-05-15","forecast","0.541035662546238"
"exdqlm_multivar_synth_keep","draw_071",1103,"2022-05-16","forecast","0.525235584828504"
"exdqlm_multivar_synth_keep","draw_071",1103,"2022-05-17","forecast","0.510577503691839"
"exdqlm_multivar_synth_keep","draw_071",1103,"2022-05-18","forecast","0.520570729003036"
"exdqlm_multivar_synth_keep","draw_071",1103,"2022-05-19","forecast","0.550078355130813"
"exdqlm_multivar_synth_keep","draw_071",1103,"2022-05-20","forecast","0.531626610092178"
"exdqlm_multivar_synth_keep","draw_071",1103,"2022-05-21","forecast","0.533804997514556"
"exdqlm_multivar_synth_keep","draw_071",1103,"2022-05-22","forecast","0.530608790986917"
"exdqlm_multivar_synth_keep","draw_071",1103,"2022-05-23","forecast","0.527848852830732"
"exdqlm_multivar_synth_keep","draw_071",1103,"2022-05-24","forecast","0.525152022051263"
"exdqlm_multivar_synth_keep","draw_071",1103,"2022-05-25","forecast","0.514441240917717"
"exdqlm_multivar_synth_keep","draw_071",1103,"2022-05-26","forecast","0.513191013055268"
"exdqlm_multivar_synth_keep","draw_071",1103,"2022-05-27","forecast","0.505186603424361"
"exdqlm_multivar_synth_keep","draw_071",1103,"2022-05-28","forecast","0.509671774993651"
"exdqlm_multivar_synth_keep","draw_071",1103,"2022-05-29","forecast","0.503580054272914"
"exdqlm_multivar_synth_keep","draw_071",1103,"2022-05-30","forecast","0.503861793641198"
"exdqlm_multivar_synth_keep","draw_071",1103,"2022-05-31","forecast","0.498970773165290"
"exdqlm_multivar_synth_keep","draw_071",1103,"2022-06-01","forecast","0.489111154287775"
"exdqlm_multivar_synth_keep","draw_071",1103,"2022-06-02","forecast","0.489770720117822"
"exdqlm_multivar_synth_keep","draw_071",1103,"2022-06-03","forecast","0.483278482515116"
"exdqlm_multivar_synth_keep","draw_071",1103,"2022-06-04","forecast","0.476062965427554"
"exdqlm_multivar_synth_keep","draw_071",1103,"2022-06-05","forecast","0.476008343767758"
"exdqlm_multivar_synth_keep","draw_071",1103,"2022-06-06","forecast","0.466384550678039"
"exdqlm_multivar_synth_keep","draw_071",1103,"2022-06-07","forecast","0.462009030575984"
"exdqlm_multivar_synth_keep","draw_071",1103,"2022-06-08","forecast","0.453211053777034"
"exdqlm_multivar_synth_keep","draw_072",1119,"2022-05-12","forecast","0.549478002799691"
"exdqlm_multivar_synth_keep","draw_072",1119,"2022-05-13","forecast","0.547477836818360"
"exdqlm_multivar_synth_keep","draw_072",1119,"2022-05-14","forecast","0.519390872942671"
"exdqlm_multivar_synth_keep","draw_072",1119,"2022-05-15","forecast","0.542636123421408"
"exdqlm_multivar_synth_keep","draw_072",1119,"2022-05-16","forecast","0.527847559001223"
"exdqlm_multivar_synth_keep","draw_072",1119,"2022-05-17","forecast","0.512350552690113"
"exdqlm_multivar_synth_keep","draw_072",1119,"2022-05-18","forecast","0.522053244019696"
"exdqlm_multivar_synth_keep","draw_072",1119,"2022-05-19","forecast","0.550857000891454"
"exdqlm_multivar_synth_keep","draw_072",1119,"2022-05-20","forecast","0.533818176860724"
"exdqlm_multivar_synth_keep","draw_072",1119,"2022-05-21","forecast","0.534546847091529"
"exdqlm_multivar_synth_keep","draw_072",1119,"2022-05-22","forecast","0.530820831191245"
"exdqlm_multivar_synth_keep","draw_072",1119,"2022-05-23","forecast","0.527982258260406"
"exdqlm_multivar_synth_keep","draw_072",1119,"2022-05-24","forecast","0.527028188285591"
"exdqlm_multivar_synth_keep","draw_072",1119,"2022-05-25","forecast","0.514826099219681"
"exdqlm_multivar_synth_keep","draw_072",1119,"2022-05-26","forecast","0.514350665929619"
"exdqlm_multivar_synth_keep","draw_072",1119,"2022-05-27","forecast","0.505303883155500"
"exdqlm_multivar_synth_keep","draw_072",1119,"2022-05-28","forecast","0.510584047542698"
"exdqlm_multivar_synth_keep","draw_072",1119,"2022-05-29","forecast","0.504823559084000"
"exdqlm_multivar_synth_keep","draw_072",1119,"2022-05-30","forecast","0.504967652394160"
"exdqlm_multivar_synth_keep","draw_072",1119,"2022-05-31","forecast","0.500207120490147"
"exdqlm_multivar_synth_keep","draw_072",1119,"2022-06-01","forecast","0.490513035245201"
"exdqlm_multivar_synth_keep","draw_072",1119,"2022-06-02","forecast","0.490507891613791"
"exdqlm_multivar_synth_keep","draw_072",1119,"2022-06-03","forecast","0.483532029021823"
"exdqlm_multivar_synth_keep","draw_072",1119,"2022-06-04","forecast","0.477196063752826"
"exdqlm_multivar_synth_keep","draw_072",1119,"2022-06-05","forecast","0.477801323199810"
"exdqlm_multivar_synth_keep","draw_072",1119,"2022-06-06","forecast","0.467955620186134"
"exdqlm_multivar_synth_keep","draw_072",1119,"2022-06-07","forecast","0.464593594533142"
"exdqlm_multivar_synth_keep","draw_072",1119,"2022-06-08","forecast","0.455375017063397"
"exdqlm_multivar_synth_keep","draw_073",1134,"2022-05-12","forecast","0.550425253233041"
"exdqlm_multivar_synth_keep","draw_073",1134,"2022-05-13","forecast","0.548978500963685"
"exdqlm_multivar_synth_keep","draw_073",1134,"2022-05-14","forecast","0.521684102408287"
"exdqlm_multivar_synth_keep","draw_073",1134,"2022-05-15","forecast","0.544103387625166"
"exdqlm_multivar_synth_keep","draw_073",1134,"2022-05-16","forecast","0.531425864298929"
"exdqlm_multivar_synth_keep","draw_073",1134,"2022-05-17","forecast","0.514368961964198"
"exdqlm_multivar_synth_keep","draw_073",1134,"2022-05-18","forecast","0.524535070545073"
"exdqlm_multivar_synth_keep","draw_073",1134,"2022-05-19","forecast","0.550957904155045"
"exdqlm_multivar_synth_keep","draw_073",1134,"2022-05-20","forecast","0.534302538183653"
"exdqlm_multivar_synth_keep","draw_073",1134,"2022-05-21","forecast","0.535407621881847"
"exdqlm_multivar_synth_keep","draw_073",1134,"2022-05-22","forecast","0.531324363847379"
"exdqlm_multivar_synth_keep","draw_073",1134,"2022-05-23","forecast","0.528939597246395"
"exdqlm_multivar_synth_keep","draw_073",1134,"2022-05-24","forecast","0.528241562061020"
"exdqlm_multivar_synth_keep","draw_073",1134,"2022-05-25","forecast","0.515913347254948"
"exdqlm_multivar_synth_keep","draw_073",1134,"2022-05-26","forecast","0.515412376221711"
"exdqlm_multivar_synth_keep","draw_073",1134,"2022-05-27","forecast","0.505939349333222"
"exdqlm_multivar_synth_keep","draw_073",1134,"2022-05-28","forecast","0.511557095181699"
"exdqlm_multivar_synth_keep","draw_073",1134,"2022-05-29","forecast","0.505657395554883"
"exdqlm_multivar_synth_keep","draw_073",1134,"2022-05-30","forecast","0.506174185694914"
"exdqlm_multivar_synth_keep","draw_073",1134,"2022-05-31","forecast","0.501541558366960"
"exdqlm_multivar_synth_keep","draw_073",1134,"2022-06-01","forecast","0.490663106403726"
"exdqlm_multivar_synth_keep","draw_073",1134,"2022-06-02","forecast","0.490886754687911"
"exdqlm_multivar_synth_keep","draw_073",1134,"2022-06-03","forecast","0.484939797142346"
"exdqlm_multivar_synth_keep","draw_073",1134,"2022-06-04","forecast","0.477730036691408"
"exdqlm_multivar_synth_keep","draw_073",1134,"2022-06-05","forecast","0.478908308076627"
"exdqlm_multivar_synth_keep","draw_073",1134,"2022-06-06","forecast","0.469916875509974"
"exdqlm_multivar_synth_keep","draw_073",1134,"2022-06-07","forecast","0.466481872040204"
"exdqlm_multivar_synth_keep","draw_073",1134,"2022-06-08","forecast","0.457170362460746"
"exdqlm_multivar_synth_keep","draw_074",1150,"2022-05-12","forecast","0.552888295211860"
"exdqlm_multivar_synth_keep","draw_074",1150,"2022-05-13","forecast","0.551072745321210"
"exdqlm_multivar_synth_keep","draw_074",1150,"2022-05-14","forecast","0.524737433946080"
"exdqlm_multivar_synth_keep","draw_074",1150,"2022-05-15","forecast","0.545258972639293"
"exdqlm_multivar_synth_keep","draw_074",1150,"2022-05-16","forecast","0.532809322750597"
"exdqlm_multivar_synth_keep","draw_074",1150,"2022-05-17","forecast","0.515519286166679"
"exdqlm_multivar_synth_keep","draw_074",1150,"2022-05-18","forecast","0.526674800909121"
"exdqlm_multivar_synth_keep","draw_074",1150,"2022-05-19","forecast","0.552227616270058"
"exdqlm_multivar_synth_keep","draw_074",1150,"2022-05-20","forecast","0.535027643110443"
"exdqlm_multivar_synth_keep","draw_074",1150,"2022-05-21","forecast","0.538837337342133"
"exdqlm_multivar_synth_keep","draw_074",1150,"2022-05-22","forecast","0.531706248042415"
"exdqlm_multivar_synth_keep","draw_074",1150,"2022-05-23","forecast","0.529706279434503"
"exdqlm_multivar_synth_keep","draw_074",1150,"2022-05-24","forecast","0.529688247193450"
"exdqlm_multivar_synth_keep","draw_074",1150,"2022-05-25","forecast","0.516930773597099"
"exdqlm_multivar_synth_keep","draw_074",1150,"2022-05-26","forecast","0.515548181339432"
"exdqlm_multivar_synth_keep","draw_074",1150,"2022-05-27","forecast","0.507423228833961"
"exdqlm_multivar_synth_keep","draw_074",1150,"2022-05-28","forecast","0.512013703014760"
"exdqlm_multivar_synth_keep","draw_074",1150,"2022-05-29","forecast","0.506742677135893"
"exdqlm_multivar_synth_keep","draw_074",1150,"2022-05-30","forecast","0.506752265926633"
"exdqlm_multivar_synth_keep","draw_074",1150,"2022-05-31","forecast","0.502807339036786"
"exdqlm_multivar_synth_keep","draw_074",1150,"2022-06-01","forecast","0.491315623532966"
"exdqlm_multivar_synth_keep","draw_074",1150,"2022-06-02","forecast","0.492140342861252"
"exdqlm_multivar_synth_keep","draw_074",1150,"2022-06-03","forecast","0.485111268725147"
"exdqlm_multivar_synth_keep","draw_074",1150,"2022-06-04","forecast","0.478683293058597"
"exdqlm_multivar_synth_keep","draw_074",1150,"2022-06-05","forecast","0.479548776487166"
"exdqlm_multivar_synth_keep","draw_074",1150,"2022-06-06","forecast","0.471369600088110"
"exdqlm_multivar_synth_keep","draw_074",1150,"2022-06-07","forecast","0.468248802882410"
"exdqlm_multivar_synth_keep","draw_074",1150,"2022-06-08","forecast","0.458109694428231"
"exdqlm_multivar_synth_keep","draw_075",1166,"2022-05-12","forecast","0.555103561144405"
"exdqlm_multivar_synth_keep","draw_075",1166,"2022-05-13","forecast","0.552366946140135"
"exdqlm_multivar_synth_keep","draw_075",1166,"2022-05-14","forecast","0.527753227280779"
"exdqlm_multivar_synth_keep","draw_075",1166,"2022-05-15","forecast","0.547956868546155"
"exdqlm_multivar_synth_keep","draw_075",1166,"2022-05-16","forecast","0.536424647772541"
"exdqlm_multivar_synth_keep","draw_075",1166,"2022-05-17","forecast","0.517673134318369"
"exdqlm_multivar_synth_keep","draw_075",1166,"2022-05-18","forecast","0.528038261661404"
"exdqlm_multivar_synth_keep","draw_075",1166,"2022-05-19","forecast","0.553148667029119"
"exdqlm_multivar_synth_keep","draw_075",1166,"2022-05-20","forecast","0.535979949844524"
"exdqlm_multivar_synth_keep","draw_075",1166,"2022-05-21","forecast","0.541285961620874"
"exdqlm_multivar_synth_keep","draw_075",1166,"2022-05-22","forecast","0.531866058799932"
"exdqlm_multivar_synth_keep","draw_075",1166,"2022-05-23","forecast","0.530427179587647"
"exdqlm_multivar_synth_keep","draw_075",1166,"2022-05-24","forecast","0.530353053298922"
"exdqlm_multivar_synth_keep","draw_075",1166,"2022-05-25","forecast","0.517779022539784"
"exdqlm_multivar_synth_keep","draw_075",1166,"2022-05-26","forecast","0.515781800922390"
"exdqlm_multivar_synth_keep","draw_075",1166,"2022-05-27","forecast","0.508381500211223"
"exdqlm_multivar_synth_keep","draw_075",1166,"2022-05-28","forecast","0.512195925109102"
"exdqlm_multivar_synth_keep","draw_075",1166,"2022-05-29","forecast","0.506816043012051"
"exdqlm_multivar_synth_keep","draw_075",1166,"2022-05-30","forecast","0.508446532168905"
"exdqlm_multivar_synth_keep","draw_075",1166,"2022-05-31","forecast","0.503672497927805"
"exdqlm_multivar_synth_keep","draw_075",1166,"2022-06-01","forecast","0.492415141677908"
"exdqlm_multivar_synth_keep","draw_075",1166,"2022-06-02","forecast","0.493017602843119"
"exdqlm_multivar_synth_keep","draw_075",1166,"2022-06-03","forecast","0.485544762387992"
"exdqlm_multivar_synth_keep","draw_075",1166,"2022-06-04","forecast","0.480142183634263"
"exdqlm_multivar_synth_keep","draw_075",1166,"2022-06-05","forecast","0.480580580894490"
"exdqlm_multivar_synth_keep","draw_075",1166,"2022-06-06","forecast","0.472136651382011"
"exdqlm_multivar_synth_keep","draw_075",1166,"2022-06-07","forecast","0.471892183940633"
"exdqlm_multivar_synth_keep","draw_075",1166,"2022-06-08","forecast","0.459269759619441"
"exdqlm_multivar_synth_keep","draw_076",1182,"2022-05-12","forecast","0.556085292513372"
"exdqlm_multivar_synth_keep","draw_076",1182,"2022-05-13","forecast","0.554374028613337"
"exdqlm_multivar_synth_keep","draw_076",1182,"2022-05-14","forecast","0.531976733391355"
"exdqlm_multivar_synth_keep","draw_076",1182,"2022-05-15","forecast","0.550184928053879"
"exdqlm_multivar_synth_keep","draw_076",1182,"2022-05-16","forecast","0.538227516093511"
"exdqlm_multivar_synth_keep","draw_076",1182,"2022-05-17","forecast","0.518768210169863"
"exdqlm_multivar_synth_keep","draw_076",1182,"2022-05-18","forecast","0.529696792431482"
"exdqlm_multivar_synth_keep","draw_076",1182,"2022-05-19","forecast","0.554237243265387"
"exdqlm_multivar_synth_keep","draw_076",1182,"2022-05-20","forecast","0.539158879529244"
"exdqlm_multivar_synth_keep","draw_076",1182,"2022-05-21","forecast","0.542152904137140"
"exdqlm_multivar_synth_keep","draw_076",1182,"2022-05-22","forecast","0.532026984623220"
"exdqlm_multivar_synth_keep","draw_076",1182,"2022-05-23","forecast","0.531246214376047"
"exdqlm_multivar_synth_keep","draw_076",1182,"2022-05-24","forecast","0.531142004393159"
"exdqlm_multivar_synth_keep","draw_076",1182,"2022-05-25","forecast","0.518274725010773"
"exdqlm_multivar_synth_keep","draw_076",1182,"2022-05-26","forecast","0.516272400746359"
"exdqlm_multivar_synth_keep","draw_076",1182,"2022-05-27","forecast","0.509438082510055"
"exdqlm_multivar_synth_keep","draw_076",1182,"2022-05-28","forecast","0.512460748393657"
"exdqlm_multivar_synth_keep","draw_076",1182,"2022-05-29","forecast","0.506979457087864"
"exdqlm_multivar_synth_keep","draw_076",1182,"2022-05-30","forecast","0.509255370991087"
"exdqlm_multivar_synth_keep","draw_076",1182,"2022-05-31","forecast","0.505531314311007"
"exdqlm_multivar_synth_keep","draw_076",1182,"2022-06-01","forecast","0.493005345824428"
"exdqlm_multivar_synth_keep","draw_076",1182,"2022-06-02","forecast","0.493460059128808"
"exdqlm_multivar_synth_keep","draw_076",1182,"2022-06-03","forecast","0.486015522047570"
"exdqlm_multivar_synth_keep","draw_076",1182,"2022-06-04","forecast","0.482085719461994"
"exdqlm_multivar_synth_keep","draw_076",1182,"2022-06-05","forecast","0.481922611666872"
"exdqlm_multivar_synth_keep","draw_076",1182,"2022-06-06","forecast","0.472304801090253"
"exdqlm_multivar_synth_keep","draw_076",1182,"2022-06-07","forecast","0.472132106716039"
"exdqlm_multivar_synth_keep","draw_076",1182,"2022-06-08","forecast","0.460749861725060"
"exdqlm_multivar_synth_keep","draw_077",1197,"2022-05-12","forecast","0.558420408143955"
"exdqlm_multivar_synth_keep","draw_077",1197,"2022-05-13","forecast","0.556091239464223"
"exdqlm_multivar_synth_keep","draw_077",1197,"2022-05-14","forecast","0.532817524716689"
"exdqlm_multivar_synth_keep","draw_077",1197,"2022-05-15","forecast","0.552030662477256"
"exdqlm_multivar_synth_keep","draw_077",1197,"2022-05-16","forecast","0.540042819986765"
"exdqlm_multivar_synth_keep","draw_077",1197,"2022-05-17","forecast","0.520273731831469"
"exdqlm_multivar_synth_keep","draw_077",1197,"2022-05-18","forecast","0.532321606301720"
"exdqlm_multivar_synth_keep","draw_077",1197,"2022-05-19","forecast","0.555205948540511"
"exdqlm_multivar_synth_keep","draw_077",1197,"2022-05-20","forecast","0.539481534348693"
"exdqlm_multivar_synth_keep","draw_077",1197,"2022-05-21","forecast","0.543936359555305"
"exdqlm_multivar_synth_keep","draw_077",1197,"2022-05-22","forecast","0.532713991376070"
"exdqlm_multivar_synth_keep","draw_077",1197,"2022-05-23","forecast","0.531665133721715"
"exdqlm_multivar_synth_keep","draw_077",1197,"2022-05-24","forecast","0.531204583943244"
"exdqlm_multivar_synth_keep","draw_077",1197,"2022-05-25","forecast","0.518780427133133"
"exdqlm_multivar_synth_keep","draw_077",1197,"2022-05-26","forecast","0.517073423942331"
"exdqlm_multivar_synth_keep","draw_077",1197,"2022-05-27","forecast","0.509762517275943"
"exdqlm_multivar_synth_keep","draw_077",1197,"2022-05-28","forecast","0.513099586479961"
"exdqlm_multivar_synth_keep","draw_077",1197,"2022-05-29","forecast","0.507486225698987"
"exdqlm_multivar_synth_keep","draw_077",1197,"2022-05-30","forecast","0.510002456468086"
"exdqlm_multivar_synth_keep","draw_077",1197,"2022-05-31","forecast","0.505640583316490"
"exdqlm_multivar_synth_keep","draw_077",1197,"2022-06-01","forecast","0.494675432746453"
"exdqlm_multivar_synth_keep","draw_077",1197,"2022-06-02","forecast","0.494172334702153"
"exdqlm_multivar_synth_keep","draw_077",1197,"2022-06-03","forecast","0.486376154726680"
"exdqlm_multivar_synth_keep","draw_077",1197,"2022-06-04","forecast","0.483723869071505"
"exdqlm_multivar_synth_keep","draw_077",1197,"2022-06-05","forecast","0.482771553015512"
"exdqlm_multivar_synth_keep","draw_077",1197,"2022-06-06","forecast","0.474058916624668"
"exdqlm_multivar_synth_keep","draw_077",1197,"2022-06-07","forecast","0.473434085642933"
"exdqlm_multivar_synth_keep","draw_077",1197,"2022-06-08","forecast","0.461301926497077"
"exdqlm_multivar_synth_keep","draw_078",1213,"2022-05-12","forecast","0.560895591952742"
"exdqlm_multivar_synth_keep","draw_078",1213,"2022-05-13","forecast","0.557051710881877"
"exdqlm_multivar_synth_keep","draw_078",1213,"2022-05-14","forecast","0.534830613647862"
"exdqlm_multivar_synth_keep","draw_078",1213,"2022-05-15","forecast","0.555329204594517"
"exdqlm_multivar_synth_keep","draw_078",1213,"2022-05-16","forecast","0.542917286505089"
"exdqlm_multivar_synth_keep","draw_078",1213,"2022-05-17","forecast","0.524156300532731"
"exdqlm_multivar_synth_keep","draw_078",1213,"2022-05-18","forecast","0.533809335391110"
"exdqlm_multivar_synth_keep","draw_078",1213,"2022-05-19","forecast","0.556339317860148"
"exdqlm_multivar_synth_keep","draw_078",1213,"2022-05-20","forecast","0.540037029801249"
"exdqlm_multivar_synth_keep","draw_078",1213,"2022-05-21","forecast","0.545244615331811"
"exdqlm_multivar_synth_keep","draw_078",1213,"2022-05-22","forecast","0.533962877722565"
"exdqlm_multivar_synth_keep","draw_078",1213,"2022-05-23","forecast","0.532077346686357"
"exdqlm_multivar_synth_keep","draw_078",1213,"2022-05-24","forecast","0.531360974736679"
"exdqlm_multivar_synth_keep","draw_078",1213,"2022-05-25","forecast","0.519343033880537"
"exdqlm_multivar_synth_keep","draw_078",1213,"2022-05-26","forecast","0.518451975270232"
"exdqlm_multivar_synth_keep","draw_078",1213,"2022-05-27","forecast","0.510432575991096"
"exdqlm_multivar_synth_keep","draw_078",1213,"2022-05-28","forecast","0.513349416989577"
"exdqlm_multivar_synth_keep","draw_078",1213,"2022-05-29","forecast","0.507998570904358"
"exdqlm_multivar_synth_keep","draw_078",1213,"2022-05-30","forecast","0.510595913161306"
"exdqlm_multivar_synth_keep","draw_078",1213,"2022-05-31","forecast","0.505984947991368"
"exdqlm_multivar_synth_keep","draw_078",1213,"2022-06-01","forecast","0.495764122706977"
"exdqlm_multivar_synth_keep","draw_078",1213,"2022-06-02","forecast","0.494361417154924"
"exdqlm_multivar_synth_keep","draw_078",1213,"2022-06-03","forecast","0.486664479808372"
"exdqlm_multivar_synth_keep","draw_078",1213,"2022-06-04","forecast","0.486742981572838"
"exdqlm_multivar_synth_keep","draw_078",1213,"2022-06-05","forecast","0.483365640415509"
"exdqlm_multivar_synth_keep","draw_078",1213,"2022-06-06","forecast","0.475299379915818"
"exdqlm_multivar_synth_keep","draw_078",1213,"2022-06-07","forecast","0.476085202405309"
"exdqlm_multivar_synth_keep","draw_078",1213,"2022-06-08","forecast","0.462579667260663"
"exdqlm_multivar_synth_keep","draw_079",1229,"2022-05-12","forecast","0.563151922961044"
"exdqlm_multivar_synth_keep","draw_079",1229,"2022-05-13","forecast","0.559305245931501"
"exdqlm_multivar_synth_keep","draw_079",1229,"2022-05-14","forecast","0.536988218025768"
"exdqlm_multivar_synth_keep","draw_079",1229,"2022-05-15","forecast","0.558178972471379"
"exdqlm_multivar_synth_keep","draw_079",1229,"2022-05-16","forecast","0.543958469819088"
"exdqlm_multivar_synth_keep","draw_079",1229,"2022-05-17","forecast","0.527009802447135"
"exdqlm_multivar_synth_keep","draw_079",1229,"2022-05-18","forecast","0.535649988946103"
"exdqlm_multivar_synth_keep","draw_079",1229,"2022-05-19","forecast","0.557642075467574"
"exdqlm_multivar_synth_keep","draw_079",1229,"2022-05-20","forecast","0.541865806543581"
"exdqlm_multivar_synth_keep","draw_079",1229,"2022-05-21","forecast","0.548708764293426"
"exdqlm_multivar_synth_keep","draw_079",1229,"2022-05-22","forecast","0.535673251028444"
"exdqlm_multivar_synth_keep","draw_079",1229,"2022-05-23","forecast","0.532205316401244"
"exdqlm_multivar_synth_keep","draw_079",1229,"2022-05-24","forecast","0.531457059298877"
"exdqlm_multivar_synth_keep","draw_079",1229,"2022-05-25","forecast","0.520567651102507"
"exdqlm_multivar_synth_keep","draw_079",1229,"2022-05-26","forecast","0.519687338824287"
"exdqlm_multivar_synth_keep","draw_079",1229,"2022-05-27","forecast","0.511186220772945"
"exdqlm_multivar_synth_keep","draw_079",1229,"2022-05-28","forecast","0.513449242611537"
"exdqlm_multivar_synth_keep","draw_079",1229,"2022-05-29","forecast","0.508910931715158"
"exdqlm_multivar_synth_keep","draw_079",1229,"2022-05-30","forecast","0.511033829345031"
"exdqlm_multivar_synth_keep","draw_079",1229,"2022-05-31","forecast","0.506234737199582"
"exdqlm_multivar_synth_keep","draw_079",1229,"2022-06-01","forecast","0.496914491092280"
"exdqlm_multivar_synth_keep","draw_079",1229,"2022-06-02","forecast","0.495351291079084"
"exdqlm_multivar_synth_keep","draw_079",1229,"2022-06-03","forecast","0.487447443905783"
"exdqlm_multivar_synth_keep","draw_079",1229,"2022-06-04","forecast","0.488131656083272"
"exdqlm_multivar_synth_keep","draw_079",1229,"2022-06-05","forecast","0.485273408421657"
"exdqlm_multivar_synth_keep","draw_079",1229,"2022-06-06","forecast","0.476302582230268"
"exdqlm_multivar_synth_keep","draw_079",1229,"2022-06-07","forecast","0.477189130567298"
"exdqlm_multivar_synth_keep","draw_079",1229,"2022-06-08","forecast","0.463882855730303"
"exdqlm_multivar_synth_keep","draw_080",1244,"2022-05-12","forecast","0.565917320186211"
"exdqlm_multivar_synth_keep","draw_080",1244,"2022-05-13","forecast","0.562427624844421"
"exdqlm_multivar_synth_keep","draw_080",1244,"2022-05-14","forecast","0.537946608193863"
"exdqlm_multivar_synth_keep","draw_080",1244,"2022-05-15","forecast","0.560242345056388"
"exdqlm_multivar_synth_keep","draw_080",1244,"2022-05-16","forecast","0.544877287562636"
"exdqlm_multivar_synth_keep","draw_080",1244,"2022-05-17","forecast","0.529051482604475"
"exdqlm_multivar_synth_keep","draw_080",1244,"2022-05-18","forecast","0.537779225722267"
"exdqlm_multivar_synth_keep","draw_080",1244,"2022-05-19","forecast","0.558811895481253"
"exdqlm_multivar_synth_keep","draw_080",1244,"2022-05-20","forecast","0.542128164075541"
"exdqlm_multivar_synth_keep","draw_080",1244,"2022-05-21","forecast","0.549601454095606"
"exdqlm_multivar_synth_keep","draw_080",1244,"2022-05-22","forecast","0.537258564728826"
"exdqlm_multivar_synth_keep","draw_080",1244,"2022-05-23","forecast","0.532864103682306"
"exdqlm_multivar_synth_keep","draw_080",1244,"2022-05-24","forecast","0.531505933666662"
"exdqlm_multivar_synth_keep","draw_080",1244,"2022-05-25","forecast","0.520830896055753"
"exdqlm_multivar_synth_keep","draw_080",1244,"2022-05-26","forecast","0.520186130090504"
"exdqlm_multivar_synth_keep","draw_080",1244,"2022-05-27","forecast","0.512144199725959"
"exdqlm_multivar_synth_keep","draw_080",1244,"2022-05-28","forecast","0.513536387804735"
"exdqlm_multivar_synth_keep","draw_080",1244,"2022-05-29","forecast","0.509594988593478"
"exdqlm_multivar_synth_keep","draw_080",1244,"2022-05-30","forecast","0.511808795947132"
"exdqlm_multivar_synth_keep","draw_080",1244,"2022-05-31","forecast","0.506334598672391"
"exdqlm_multivar_synth_keep","draw_080",1244,"2022-06-01","forecast","0.498038109390715"
"exdqlm_multivar_synth_keep","draw_080",1244,"2022-06-02","forecast","0.495570001375720"
"exdqlm_multivar_synth_keep","draw_080",1244,"2022-06-03","forecast","0.488113563668256"
"exdqlm_multivar_synth_keep","draw_080",1244,"2022-06-04","forecast","0.489124438603993"
"exdqlm_multivar_synth_keep","draw_080",1244,"2022-06-05","forecast","0.485874787450861"
"exdqlm_multivar_synth_keep","draw_080",1244,"2022-06-06","forecast","0.477877849601857"
"exdqlm_multivar_synth_keep","draw_080",1244,"2022-06-07","forecast","0.478716451972919"
"exdqlm_multivar_synth_keep","draw_080",1244,"2022-06-08","forecast","0.464458815803840"
"exdqlm_multivar_synth_keep","draw_081",1260,"2022-05-12","forecast","0.567762226371340"
"exdqlm_multivar_synth_keep","draw_081",1260,"2022-05-13","forecast","0.563719452644720"
"exdqlm_multivar_synth_keep","draw_081",1260,"2022-05-14","forecast","0.541058083150461"
"exdqlm_multivar_synth_keep","draw_081",1260,"2022-05-15","forecast","0.561707779359920"
"exdqlm_multivar_synth_keep","draw_081",1260,"2022-05-16","forecast","0.546449956366004"
"exdqlm_multivar_synth_keep","draw_081",1260,"2022-05-17","forecast","0.530681881112086"
"exdqlm_multivar_synth_keep","draw_081",1260,"2022-05-18","forecast","0.541352964370146"
"exdqlm_multivar_synth_keep","draw_081",1260,"2022-05-19","forecast","0.559394602522118"
"exdqlm_multivar_synth_keep","draw_081",1260,"2022-05-20","forecast","0.543225767578997"
"exdqlm_multivar_synth_keep","draw_081",1260,"2022-05-21","forecast","0.550615869453701"
"exdqlm_multivar_synth_keep","draw_081",1260,"2022-05-22","forecast","0.537640081667714"
"exdqlm_multivar_synth_keep","draw_081",1260,"2022-05-23","forecast","0.533312709774528"
"exdqlm_multivar_synth_keep","draw_081",1260,"2022-05-24","forecast","0.531642550711725"
"exdqlm_multivar_synth_keep","draw_081",1260,"2022-05-25","forecast","0.522038474967091"
"exdqlm_multivar_synth_keep","draw_081",1260,"2022-05-26","forecast","0.521532896078158"
"exdqlm_multivar_synth_keep","draw_081",1260,"2022-05-27","forecast","0.513366542462619"
"exdqlm_multivar_synth_keep","draw_081",1260,"2022-05-28","forecast","0.513587666563338"
"exdqlm_multivar_synth_keep","draw_081",1260,"2022-05-29","forecast","0.510968708999308"
"exdqlm_multivar_synth_keep","draw_081",1260,"2022-05-30","forecast","0.514163374988593"
"exdqlm_multivar_synth_keep","draw_081",1260,"2022-05-31","forecast","0.507495723860530"
"exdqlm_multivar_synth_keep","draw_081",1260,"2022-06-01","forecast","0.498775888666659"
"exdqlm_multivar_synth_keep","draw_081",1260,"2022-06-02","forecast","0.497067595878602"
"exdqlm_multivar_synth_keep","draw_081",1260,"2022-06-03","forecast","0.489530250407500"
"exdqlm_multivar_synth_keep","draw_081",1260,"2022-06-04","forecast","0.490929482685820"
"exdqlm_multivar_synth_keep","draw_081",1260,"2022-06-05","forecast","0.486367445710552"
"exdqlm_multivar_synth_keep","draw_081",1260,"2022-06-06","forecast","0.477936625078447"
"exdqlm_multivar_synth_keep","draw_081",1260,"2022-06-07","forecast","0.480515180023192"
"exdqlm_multivar_synth_keep","draw_081",1260,"2022-06-08","forecast","0.465545873131501"
"exdqlm_multivar_synth_keep","draw_082",1276,"2022-05-12","forecast","0.569175932553318"
"exdqlm_multivar_synth_keep","draw_082",1276,"2022-05-13","forecast","0.565893304467247"
"exdqlm_multivar_synth_keep","draw_082",1276,"2022-05-14","forecast","0.542909565986023"
"exdqlm_multivar_synth_keep","draw_082",1276,"2022-05-15","forecast","0.563969654920345"
"exdqlm_multivar_synth_keep","draw_082",1276,"2022-05-16","forecast","0.549263212565361"
"exdqlm_multivar_synth_keep","draw_082",1276,"2022-05-17","forecast","0.533035491087913"
"exdqlm_multivar_synth_keep","draw_082",1276,"2022-05-18","forecast","0.542262259346666"
"exdqlm_multivar_synth_keep","draw_082",1276,"2022-05-19","forecast","0.559918901361211"
"exdqlm_multivar_synth_keep","draw_082",1276,"2022-05-20","forecast","0.543979163451427"
"exdqlm_multivar_synth_keep","draw_082",1276,"2022-05-21","forecast","0.551349948817055"
"exdqlm_multivar_synth_keep","draw_082",1276,"2022-05-22","forecast","0.538850139554199"
"exdqlm_multivar_synth_keep","draw_082",1276,"2022-05-23","forecast","0.533621382180364"
"exdqlm_multivar_synth_keep","draw_082",1276,"2022-05-24","forecast","0.532382773582156"
"exdqlm_multivar_synth_keep","draw_082",1276,"2022-05-25","forecast","0.522465082826398"
"exdqlm_multivar_synth_keep","draw_082",1276,"2022-05-26","forecast","0.524079986613803"
"exdqlm_multivar_synth_keep","draw_082",1276,"2022-05-27","forecast","0.513677598511671"
"exdqlm_multivar_synth_keep","draw_082",1276,"2022-05-28","forecast","0.513649897988692"
"exdqlm_multivar_synth_keep","draw_082",1276,"2022-05-29","forecast","0.511435918091940"
"exdqlm_multivar_synth_keep","draw_082",1276,"2022-05-30","forecast","0.517023462425673"
"exdqlm_multivar_synth_keep","draw_082",1276,"2022-05-31","forecast","0.508700316559493"
"exdqlm_multivar_synth_keep","draw_082",1276,"2022-06-01","forecast","0.499251344481538"
"exdqlm_multivar_synth_keep","draw_082",1276,"2022-06-02","forecast","0.497478659111922"
"exdqlm_multivar_synth_keep","draw_082",1276,"2022-06-03","forecast","0.492093546484425"
"exdqlm_multivar_synth_keep","draw_082",1276,"2022-06-04","forecast","0.493130803014010"
"exdqlm_multivar_synth_keep","draw_082",1276,"2022-06-05","forecast","0.487862165283454"
"exdqlm_multivar_synth_keep","draw_082",1276,"2022-06-06","forecast","0.479233540126859"
"exdqlm_multivar_synth_keep","draw_082",1276,"2022-06-07","forecast","0.482542217373607"
"exdqlm_multivar_synth_keep","draw_082",1276,"2022-06-08","forecast","0.467789258450558"
"exdqlm_multivar_synth_keep","draw_083",1292,"2022-05-12","forecast","0.572199595363451"
"exdqlm_multivar_synth_keep","draw_083",1292,"2022-05-13","forecast","0.569059881974035"
"exdqlm_multivar_synth_keep","draw_083",1292,"2022-05-14","forecast","0.544192923353154"
"exdqlm_multivar_synth_keep","draw_083",1292,"2022-05-15","forecast","0.565495010116627"
"exdqlm_multivar_synth_keep","draw_083",1292,"2022-05-16","forecast","0.552108222142966"
"exdqlm_multivar_synth_keep","draw_083",1292,"2022-05-17","forecast","0.534420059941631"
"exdqlm_multivar_synth_keep","draw_083",1292,"2022-05-18","forecast","0.546120998834017"
"exdqlm_multivar_synth_keep","draw_083",1292,"2022-05-19","forecast","0.560718223607137"
"exdqlm_multivar_synth_keep","draw_083",1292,"2022-05-20","forecast","0.544640535339837"
"exdqlm_multivar_synth_keep","draw_083",1292,"2022-05-21","forecast","0.552543618784914"
"exdqlm_multivar_synth_keep","draw_083",1292,"2022-05-22","forecast","0.542068733704918"
"exdqlm_multivar_synth_keep","draw_083",1292,"2022-05-23","forecast","0.534253446844279"
"exdqlm_multivar_synth_keep","draw_083",1292,"2022-05-24","forecast","0.533839245214196"
"exdqlm_multivar_synth_keep","draw_083",1292,"2022-05-25","forecast","0.523724722878379"
"exdqlm_multivar_synth_keep","draw_083",1292,"2022-05-26","forecast","0.524378562412391"
"exdqlm_multivar_synth_keep","draw_083",1292,"2022-05-27","forecast","0.514564218777697"
"exdqlm_multivar_synth_keep","draw_083",1292,"2022-05-28","forecast","0.513756825437722"
"exdqlm_multivar_synth_keep","draw_083",1292,"2022-05-29","forecast","0.514368092863565"
"exdqlm_multivar_synth_keep","draw_083",1292,"2022-05-30","forecast","0.519172688788817"
"exdqlm_multivar_synth_keep","draw_083",1292,"2022-05-31","forecast","0.509072113525841"
"exdqlm_multivar_synth_keep","draw_083",1292,"2022-06-01","forecast","0.499710580332993"
"exdqlm_multivar_synth_keep","draw_083",1292,"2022-06-02","forecast","0.497705101389596"
"exdqlm_multivar_synth_keep","draw_083",1292,"2022-06-03","forecast","0.494607723187868"
"exdqlm_multivar_synth_keep","draw_083",1292,"2022-06-04","forecast","0.494216587384816"
"exdqlm_multivar_synth_keep","draw_083",1292,"2022-06-05","forecast","0.488957827578290"
"exdqlm_multivar_synth_keep","draw_083",1292,"2022-06-06","forecast","0.480438556743473"
"exdqlm_multivar_synth_keep","draw_083",1292,"2022-06-07","forecast","0.483884175123475"
"exdqlm_multivar_synth_keep","draw_083",1292,"2022-06-08","forecast","0.470871353980744"
"exdqlm_multivar_synth_keep","draw_084",1307,"2022-05-12","forecast","0.574705937441109"
"exdqlm_multivar_synth_keep","draw_084",1307,"2022-05-13","forecast","0.570113524846388"
"exdqlm_multivar_synth_keep","draw_084",1307,"2022-05-14","forecast","0.548278742585720"
"exdqlm_multivar_synth_keep","draw_084",1307,"2022-05-15","forecast","0.567070470543447"
"exdqlm_multivar_synth_keep","draw_084",1307,"2022-05-16","forecast","0.553544591454584"
"exdqlm_multivar_synth_keep","draw_084",1307,"2022-05-17","forecast","0.537909189694718"
"exdqlm_multivar_synth_keep","draw_084",1307,"2022-05-18","forecast","0.548524919207440"
"exdqlm_multivar_synth_keep","draw_084",1307,"2022-05-19","forecast","0.562095400046462"
"exdqlm_multivar_synth_keep","draw_084",1307,"2022-05-20","forecast","0.544902926549004"
"exdqlm_multivar_synth_keep","draw_084",1307,"2022-05-21","forecast","0.554625118283518"
"exdqlm_multivar_synth_keep","draw_084",1307,"2022-05-22","forecast","0.543053759683057"
"exdqlm_multivar_synth_keep","draw_084",1307,"2022-05-23","forecast","0.534727862504868"
"exdqlm_multivar_synth_keep","draw_084",1307,"2022-05-24","forecast","0.534634352353446"
"exdqlm_multivar_synth_keep","draw_084",1307,"2022-05-25","forecast","0.524823344796485"
"exdqlm_multivar_synth_keep","draw_084",1307,"2022-05-26","forecast","0.527127746611501"
"exdqlm_multivar_synth_keep","draw_084",1307,"2022-05-27","forecast","0.515221591857457"
"exdqlm_multivar_synth_keep","draw_084",1307,"2022-05-28","forecast","0.513880795578944"
"exdqlm_multivar_synth_keep","draw_084",1307,"2022-05-29","forecast","0.516822573186441"
"exdqlm_multivar_synth_keep","draw_084",1307,"2022-05-30","forecast","0.519380630775413"
"exdqlm_multivar_synth_keep","draw_084",1307,"2022-05-31","forecast","0.510934218514188"
"exdqlm_multivar_synth_keep","draw_084",1307,"2022-06-01","forecast","0.500864611160207"
"exdqlm_multivar_synth_keep","draw_084",1307,"2022-06-02","forecast","0.498590263325096"
"exdqlm_multivar_synth_keep","draw_084",1307,"2022-06-03","forecast","0.497011619601894"
"exdqlm_multivar_synth_keep","draw_084",1307,"2022-06-04","forecast","0.494332337640220"
"exdqlm_multivar_synth_keep","draw_084",1307,"2022-06-05","forecast","0.490428967429301"
"exdqlm_multivar_synth_keep","draw_084",1307,"2022-06-06","forecast","0.481101195655357"
"exdqlm_multivar_synth_keep","draw_084",1307,"2022-06-07","forecast","0.484174311722764"
"exdqlm_multivar_synth_keep","draw_084",1307,"2022-06-08","forecast","0.471394904803785"
"exdqlm_multivar_synth_keep","draw_085",1323,"2022-05-12","forecast","0.576265579822289"
"exdqlm_multivar_synth_keep","draw_085",1323,"2022-05-13","forecast","0.572094142378946"
"exdqlm_multivar_synth_keep","draw_085",1323,"2022-05-14","forecast","0.554153609585956"
"exdqlm_multivar_synth_keep","draw_085",1323,"2022-05-15","forecast","0.568648532323928"
"exdqlm_multivar_synth_keep","draw_085",1323,"2022-05-16","forecast","0.556259520764625"
"exdqlm_multivar_synth_keep","draw_085",1323,"2022-05-17","forecast","0.542193839618169"
"exdqlm_multivar_synth_keep","draw_085",1323,"2022-05-18","forecast","0.550512963442940"
"exdqlm_multivar_synth_keep","draw_085",1323,"2022-05-19","forecast","0.562873477637319"
"exdqlm_multivar_synth_keep","draw_085",1323,"2022-05-20","forecast","0.545878181379668"
"exdqlm_multivar_synth_keep","draw_085",1323,"2022-05-21","forecast","0.556351258064834"
"exdqlm_multivar_synth_keep","draw_085",1323,"2022-05-22","forecast","0.544492561984269"
"exdqlm_multivar_synth_keep","draw_085",1323,"2022-05-23","forecast","0.535310324513626"
"exdqlm_multivar_synth_keep","draw_085",1323,"2022-05-24","forecast","0.535203834066978"
"exdqlm_multivar_synth_keep","draw_085",1323,"2022-05-25","forecast","0.525517352322885"
"exdqlm_multivar_synth_keep","draw_085",1323,"2022-05-26","forecast","0.530498778366401"
"exdqlm_multivar_synth_keep","draw_085",1323,"2022-05-27","forecast","0.516651492776510"
"exdqlm_multivar_synth_keep","draw_085",1323,"2022-05-28","forecast","0.514676308821234"
"exdqlm_multivar_synth_keep","draw_085",1323,"2022-05-29","forecast","0.518030167402416"
"exdqlm_multivar_synth_keep","draw_085",1323,"2022-05-30","forecast","0.521307610463385"
"exdqlm_multivar_synth_keep","draw_085",1323,"2022-05-31","forecast","0.512322358253151"
"exdqlm_multivar_synth_keep","draw_085",1323,"2022-06-01","forecast","0.502877599720392"
"exdqlm_multivar_synth_keep","draw_085",1323,"2022-06-02","forecast","0.499544417305049"
"exdqlm_multivar_synth_keep","draw_085",1323,"2022-06-03","forecast","0.499363961424539"
"exdqlm_multivar_synth_keep","draw_085",1323,"2022-06-04","forecast","0.494756092407527"
"exdqlm_multivar_synth_keep","draw_085",1323,"2022-06-05","forecast","0.491214925718569"
"exdqlm_multivar_synth_keep","draw_085",1323,"2022-06-06","forecast","0.482549344102223"
"exdqlm_multivar_synth_keep","draw_085",1323,"2022-06-07","forecast","0.484693850908893"
"exdqlm_multivar_synth_keep","draw_085",1323,"2022-06-08","forecast","0.472078732764716"
"exdqlm_multivar_synth_keep","draw_086",1339,"2022-05-12","forecast","0.577345932196412"
"exdqlm_multivar_synth_keep","draw_086",1339,"2022-05-13","forecast","0.573817046448496"
"exdqlm_multivar_synth_keep","draw_086",1339,"2022-05-14","forecast","0.561577718417524"
"exdqlm_multivar_synth_keep","draw_086",1339,"2022-05-15","forecast","0.572016906683662"
"exdqlm_multivar_synth_keep","draw_086",1339,"2022-05-16","forecast","0.557831816707233"
"exdqlm_multivar_synth_keep","draw_086",1339,"2022-05-17","forecast","0.547916428433469"
"exdqlm_multivar_synth_keep","draw_086",1339,"2022-05-18","forecast","0.551645105733701"
"exdqlm_multivar_synth_keep","draw_086",1339,"2022-05-19","forecast","0.564607203039330"
"exdqlm_multivar_synth_keep","draw_086",1339,"2022-05-20","forecast","0.548895100575018"
"exdqlm_multivar_synth_keep","draw_086",1339,"2022-05-21","forecast","0.558791165352344"
"exdqlm_multivar_synth_keep","draw_086",1339,"2022-05-22","forecast","0.545936319845675"
"exdqlm_multivar_synth_keep","draw_086",1339,"2022-05-23","forecast","0.537942189192645"
"exdqlm_multivar_synth_keep","draw_086",1339,"2022-05-24","forecast","0.538126372377325"
"exdqlm_multivar_synth_keep","draw_086",1339,"2022-05-25","forecast","0.527221224508868"
"exdqlm_multivar_synth_keep","draw_086",1339,"2022-05-26","forecast","0.531551119905657"
"exdqlm_multivar_synth_keep","draw_086",1339,"2022-05-27","forecast","0.517673079759899"
"exdqlm_multivar_synth_keep","draw_086",1339,"2022-05-28","forecast","0.515491816513164"
"exdqlm_multivar_synth_keep","draw_086",1339,"2022-05-29","forecast","0.518197510275953"
"exdqlm_multivar_synth_keep","draw_086",1339,"2022-05-30","forecast","0.522261772522222"
"exdqlm_multivar_synth_keep","draw_086",1339,"2022-05-31","forecast","0.512677481565418"
"exdqlm_multivar_synth_keep","draw_086",1339,"2022-06-01","forecast","0.506060438077245"
"exdqlm_multivar_synth_keep","draw_086",1339,"2022-06-02","forecast","0.501775107218583"
"exdqlm_multivar_synth_keep","draw_086",1339,"2022-06-03","forecast","0.500634477224460"
"exdqlm_multivar_synth_keep","draw_086",1339,"2022-06-04","forecast","0.495260607373586"
"exdqlm_multivar_synth_keep","draw_086",1339,"2022-06-05","forecast","0.492397446874966"
"exdqlm_multivar_synth_keep","draw_086",1339,"2022-06-06","forecast","0.484361736565777"
"exdqlm_multivar_synth_keep","draw_086",1339,"2022-06-07","forecast","0.485862520300939"
"exdqlm_multivar_synth_keep","draw_086",1339,"2022-06-08","forecast","0.473101955602191"
"exdqlm_multivar_synth_keep","draw_087",1355,"2022-05-12","forecast","0.578842095853625"
"exdqlm_multivar_synth_keep","draw_087",1355,"2022-05-13","forecast","0.575202584791444"
"exdqlm_multivar_synth_keep","draw_087",1355,"2022-05-14","forecast","0.565503385041141"
"exdqlm_multivar_synth_keep","draw_087",1355,"2022-05-15","forecast","0.574390688034653"
"exdqlm_multivar_synth_keep","draw_087",1355,"2022-05-16","forecast","0.559437654384889"
"exdqlm_multivar_synth_keep","draw_087",1355,"2022-05-17","forecast","0.549977370635758"
"exdqlm_multivar_synth_keep","draw_087",1355,"2022-05-18","forecast","0.554211137124874"
"exdqlm_multivar_synth_keep","draw_087",1355,"2022-05-19","forecast","0.566752567387659"
"exdqlm_multivar_synth_keep","draw_087",1355,"2022-05-20","forecast","0.552219162809301"
"exdqlm_multivar_synth_keep","draw_087",1355,"2022-05-21","forecast","0.559021032166451"
"exdqlm_multivar_synth_keep","draw_087",1355,"2022-05-22","forecast","0.547567929281489"
"exdqlm_multivar_synth_keep","draw_087",1355,"2022-05-23","forecast","0.540863753319484"
"exdqlm_multivar_synth_keep","draw_087",1355,"2022-05-24","forecast","0.540048072777037"
"exdqlm_multivar_synth_keep","draw_087",1355,"2022-05-25","forecast","0.529461315091396"
"exdqlm_multivar_synth_keep","draw_087",1355,"2022-05-26","forecast","0.534578042381745"
"exdqlm_multivar_synth_keep","draw_087",1355,"2022-05-27","forecast","0.518100720518820"
"exdqlm_multivar_synth_keep","draw_087",1355,"2022-05-28","forecast","0.517753256593884"
"exdqlm_multivar_synth_keep","draw_087",1355,"2022-05-29","forecast","0.518417252300396"
"exdqlm_multivar_synth_keep","draw_087",1355,"2022-05-30","forecast","0.522497326776743"
"exdqlm_multivar_synth_keep","draw_087",1355,"2022-05-31","forecast","0.512928366732932"
"exdqlm_multivar_synth_keep","draw_087",1355,"2022-06-01","forecast","0.506806600643372"
"exdqlm_multivar_synth_keep","draw_087",1355,"2022-06-02","forecast","0.503368484020377"
"exdqlm_multivar_synth_keep","draw_087",1355,"2022-06-03","forecast","0.502546714934648"
"exdqlm_multivar_synth_keep","draw_087",1355,"2022-06-04","forecast","0.495928974780132"
"exdqlm_multivar_synth_keep","draw_087",1355,"2022-06-05","forecast","0.493935559973785"
"exdqlm_multivar_synth_keep","draw_087",1355,"2022-06-06","forecast","0.485183922395869"
"exdqlm_multivar_synth_keep","draw_087",1355,"2022-06-07","forecast","0.486110025521889"
"exdqlm_multivar_synth_keep","draw_087",1355,"2022-06-08","forecast","0.474054349785630"
"exdqlm_multivar_synth_keep","draw_088",1370,"2022-05-12","forecast","0.580877899399548"
"exdqlm_multivar_synth_keep","draw_088",1370,"2022-05-13","forecast","0.578939920594107"
"exdqlm_multivar_synth_keep","draw_088",1370,"2022-05-14","forecast","0.570437911033801"
"exdqlm_multivar_synth_keep","draw_088",1370,"2022-05-15","forecast","0.575700260976766"
"exdqlm_multivar_synth_keep","draw_088",1370,"2022-05-16","forecast","0.560799212750024"
"exdqlm_multivar_synth_keep","draw_088",1370,"2022-05-17","forecast","0.553069939138378"
"exdqlm_multivar_synth_keep","draw_088",1370,"2022-05-18","forecast","0.556744893929504"
"exdqlm_multivar_synth_keep","draw_088",1370,"2022-05-19","forecast","0.568152199397346"
"exdqlm_multivar_synth_keep","draw_088",1370,"2022-05-20","forecast","0.555945901828947"
"exdqlm_multivar_synth_keep","draw_088",1370,"2022-05-21","forecast","0.559378612865890"
"exdqlm_multivar_synth_keep","draw_088",1370,"2022-05-22","forecast","0.551508131483859"
"exdqlm_multivar_synth_keep","draw_088",1370,"2022-05-23","forecast","0.541722601679487"
"exdqlm_multivar_synth_keep","draw_088",1370,"2022-05-24","forecast","0.542227036342409"
"exdqlm_multivar_synth_keep","draw_088",1370,"2022-05-25","forecast","0.530698109278755"
"exdqlm_multivar_synth_keep","draw_088",1370,"2022-05-26","forecast","0.535916787191091"
"exdqlm_multivar_synth_keep","draw_088",1370,"2022-05-27","forecast","0.521807982694632"
"exdqlm_multivar_synth_keep","draw_088",1370,"2022-05-28","forecast","0.519411858250470"
"exdqlm_multivar_synth_keep","draw_088",1370,"2022-05-29","forecast","0.518919115957182"
"exdqlm_multivar_synth_keep","draw_088",1370,"2022-05-30","forecast","0.523792272775339"
"exdqlm_multivar_synth_keep","draw_088",1370,"2022-05-31","forecast","0.513684011847161"
"exdqlm_multivar_synth_keep","draw_088",1370,"2022-06-01","forecast","0.508758383447383"
"exdqlm_multivar_synth_keep","draw_088",1370,"2022-06-02","forecast","0.503993844702262"
"exdqlm_multivar_synth_keep","draw_088",1370,"2022-06-03","forecast","0.502757084044016"
"exdqlm_multivar_synth_keep","draw_088",1370,"2022-06-04","forecast","0.496057954836276"
"exdqlm_multivar_synth_keep","draw_088",1370,"2022-06-05","forecast","0.496299208750722"
"exdqlm_multivar_synth_keep","draw_088",1370,"2022-06-06","forecast","0.485351844734950"
"exdqlm_multivar_synth_keep","draw_088",1370,"2022-06-07","forecast","0.487890044419768"
"exdqlm_multivar_synth_keep","draw_088",1370,"2022-06-08","forecast","0.474840666488866"
"exdqlm_multivar_synth_keep","draw_089",1386,"2022-05-12","forecast","0.584016018527368"
"exdqlm_multivar_synth_keep","draw_089",1386,"2022-05-13","forecast","0.580677566536496"
"exdqlm_multivar_synth_keep","draw_089",1386,"2022-05-14","forecast","0.577255371548812"
"exdqlm_multivar_synth_keep","draw_089",1386,"2022-05-15","forecast","0.577532296263342"
"exdqlm_multivar_synth_keep","draw_089",1386,"2022-05-16","forecast","0.562439324510716"
"exdqlm_multivar_synth_keep","draw_089",1386,"2022-05-17","forecast","0.556902559712930"
"exdqlm_multivar_synth_keep","draw_089",1386,"2022-05-18","forecast","0.558808974912579"
"exdqlm_multivar_synth_keep","draw_089",1386,"2022-05-19","forecast","0.568868517838531"
"exdqlm_multivar_synth_keep","draw_089",1386,"2022-05-20","forecast","0.557717334438771"
"exdqlm_multivar_synth_keep","draw_089",1386,"2022-05-21","forecast","0.561238614370554"
"exdqlm_multivar_synth_keep","draw_089",1386,"2022-05-22","forecast","0.552215494963713"
"exdqlm_multivar_synth_keep","draw_089",1386,"2022-05-23","forecast","0.544704275767790"
"exdqlm_multivar_synth_keep","draw_089",1386,"2022-05-24","forecast","0.543568295755760"
"exdqlm_multivar_synth_keep","draw_089",1386,"2022-05-25","forecast","0.532301372485679"
"exdqlm_multivar_synth_keep","draw_089",1386,"2022-05-26","forecast","0.536778050602813"
"exdqlm_multivar_synth_keep","draw_089",1386,"2022-05-27","forecast","0.523259141198783"
"exdqlm_multivar_synth_keep","draw_089",1386,"2022-05-28","forecast","0.520788479397456"
"exdqlm_multivar_synth_keep","draw_089",1386,"2022-05-29","forecast","0.519509373483717"
"exdqlm_multivar_synth_keep","draw_089",1386,"2022-05-30","forecast","0.525020200821194"
"exdqlm_multivar_synth_keep","draw_089",1386,"2022-05-31","forecast","0.515923949959830"
"exdqlm_multivar_synth_keep","draw_089",1386,"2022-06-01","forecast","0.510859557293344"
"exdqlm_multivar_synth_keep","draw_089",1386,"2022-06-02","forecast","0.504691786289117"
"exdqlm_multivar_synth_keep","draw_089",1386,"2022-06-03","forecast","0.503245365552239"
"exdqlm_multivar_synth_keep","draw_089",1386,"2022-06-04","forecast","0.496735171571358"
"exdqlm_multivar_synth_keep","draw_089",1386,"2022-06-05","forecast","0.497142934354354"
"exdqlm_multivar_synth_keep","draw_089",1386,"2022-06-06","forecast","0.487038165060667"
"exdqlm_multivar_synth_keep","draw_089",1386,"2022-06-07","forecast","0.488500694651513"
"exdqlm_multivar_synth_keep","draw_089",1386,"2022-06-08","forecast","0.476135339061715"
"exdqlm_multivar_synth_keep","draw_090",1402,"2022-05-12","forecast","0.586042713886043"
"exdqlm_multivar_synth_keep","draw_090",1402,"2022-05-13","forecast","0.583583175575135"
"exdqlm_multivar_synth_keep","draw_090",1402,"2022-05-14","forecast","0.584735096813568"
"exdqlm_multivar_synth_keep","draw_090",1402,"2022-05-15","forecast","0.579582716616141"
"exdqlm_multivar_synth_keep","draw_090",1402,"2022-05-16","forecast","0.565695047338580"
"exdqlm_multivar_synth_keep","draw_090",1402,"2022-05-17","forecast","0.559660090536324"
"exdqlm_multivar_synth_keep","draw_090",1402,"2022-05-18","forecast","0.560394022860192"
"exdqlm_multivar_synth_keep","draw_090",1402,"2022-05-19","forecast","0.569843970158948"
"exdqlm_multivar_synth_keep","draw_090",1402,"2022-05-20","forecast","0.560232147241946"
"exdqlm_multivar_synth_keep","draw_090",1402,"2022-05-21","forecast","0.562643625147042"
"exdqlm_multivar_synth_keep","draw_090",1402,"2022-05-22","forecast","0.553304765830863"
"exdqlm_multivar_synth_keep","draw_090",1402,"2022-05-23","forecast","0.547197142994608"
"exdqlm_multivar_synth_keep","draw_090",1402,"2022-05-24","forecast","0.544740693850096"
"exdqlm_multivar_synth_keep","draw_090",1402,"2022-05-25","forecast","0.533942289494689"
"exdqlm_multivar_synth_keep","draw_090",1402,"2022-05-26","forecast","0.539075508958581"
"exdqlm_multivar_synth_keep","draw_090",1402,"2022-05-27","forecast","0.524460161992709"
"exdqlm_multivar_synth_keep","draw_090",1402,"2022-05-28","forecast","0.521397002354430"
"exdqlm_multivar_synth_keep","draw_090",1402,"2022-05-29","forecast","0.521790256916676"
"exdqlm_multivar_synth_keep","draw_090",1402,"2022-05-30","forecast","0.525389991638298"
"exdqlm_multivar_synth_keep","draw_090",1402,"2022-05-31","forecast","0.517016194417001"
"exdqlm_multivar_synth_keep","draw_090",1402,"2022-06-01","forecast","0.512165311080180"
"exdqlm_multivar_synth_keep","draw_090",1402,"2022-06-02","forecast","0.505737736178452"
"exdqlm_multivar_synth_keep","draw_090",1402,"2022-06-03","forecast","0.504588245952494"
"exdqlm_multivar_synth_keep","draw_090",1402,"2022-06-04","forecast","0.497205922815811"
"exdqlm_multivar_synth_keep","draw_090",1402,"2022-06-05","forecast","0.498969306005802"
"exdqlm_multivar_synth_keep","draw_090",1402,"2022-06-06","forecast","0.487868349248646"
"exdqlm_multivar_synth_keep","draw_090",1402,"2022-06-07","forecast","0.488970148083664"
"exdqlm_multivar_synth_keep","draw_090",1402,"2022-06-08","forecast","0.476283391206540"
"exdqlm_multivar_synth_keep","draw_091",1418,"2022-05-12","forecast","0.588071805484431"
"exdqlm_multivar_synth_keep","draw_091",1418,"2022-05-13","forecast","0.585562508450793"
"exdqlm_multivar_synth_keep","draw_091",1418,"2022-05-14","forecast","0.587732621774930"
"exdqlm_multivar_synth_keep","draw_091",1418,"2022-05-15","forecast","0.581792668631805"
"exdqlm_multivar_synth_keep","draw_091",1418,"2022-05-16","forecast","0.567628692900641"
"exdqlm_multivar_synth_keep","draw_091",1418,"2022-05-17","forecast","0.564164882619023"
"exdqlm_multivar_synth_keep","draw_091",1418,"2022-05-18","forecast","0.563175992651932"
"exdqlm_multivar_synth_keep","draw_091",1418,"2022-05-19","forecast","0.570382684219542"
"exdqlm_multivar_synth_keep","draw_091",1418,"2022-05-20","forecast","0.562588500543532"
"exdqlm_multivar_synth_keep","draw_091",1418,"2022-05-21","forecast","0.562964551370226"
"exdqlm_multivar_synth_keep","draw_091",1418,"2022-05-22","forecast","0.554202998059040"
"exdqlm_multivar_synth_keep","draw_091",1418,"2022-05-23","forecast","0.548877560701730"
"exdqlm_multivar_synth_keep","draw_091",1418,"2022-05-24","forecast","0.546277558487109"
"exdqlm_multivar_synth_keep","draw_091",1418,"2022-05-25","forecast","0.535582138327578"
"exdqlm_multivar_synth_keep","draw_091",1418,"2022-05-26","forecast","0.540437569311288"
"exdqlm_multivar_synth_keep","draw_091",1418,"2022-05-27","forecast","0.527269058265054"
"exdqlm_multivar_synth_keep","draw_091",1418,"2022-05-28","forecast","0.522806586629831"
"exdqlm_multivar_synth_keep","draw_091",1418,"2022-05-29","forecast","0.523662876246501"
"exdqlm_multivar_synth_keep","draw_091",1418,"2022-05-30","forecast","0.525825760221109"
"exdqlm_multivar_synth_keep","draw_091",1418,"2022-05-31","forecast","0.518538579120578"
"exdqlm_multivar_synth_keep","draw_091",1418,"2022-06-01","forecast","0.513593358749533"
"exdqlm_multivar_synth_keep","draw_091",1418,"2022-06-02","forecast","0.507798152708043"
"exdqlm_multivar_synth_keep","draw_091",1418,"2022-06-03","forecast","0.505408449567245"
"exdqlm_multivar_synth_keep","draw_091",1418,"2022-06-04","forecast","0.500263095794286"
"exdqlm_multivar_synth_keep","draw_091",1418,"2022-06-05","forecast","0.499460614595023"
"exdqlm_multivar_synth_keep","draw_091",1418,"2022-06-06","forecast","0.490298768475740"
"exdqlm_multivar_synth_keep","draw_091",1418,"2022-06-07","forecast","0.489349730347900"
"exdqlm_multivar_synth_keep","draw_091",1418,"2022-06-08","forecast","0.476986253100553"
"exdqlm_multivar_synth_keep","draw_092",1433,"2022-05-12","forecast","0.589766188399901"
"exdqlm_multivar_synth_keep","draw_092",1433,"2022-05-13","forecast","0.587977531347080"
"exdqlm_multivar_synth_keep","draw_092",1433,"2022-05-14","forecast","0.594357177953947"
"exdqlm_multivar_synth_keep","draw_092",1433,"2022-05-15","forecast","0.583503070666071"
"exdqlm_multivar_synth_keep","draw_092",1433,"2022-05-16","forecast","0.568358538134401"
"exdqlm_multivar_synth_keep","draw_092",1433,"2022-05-17","forecast","0.565602414770704"
"exdqlm_multivar_synth_keep","draw_092",1433,"2022-05-18","forecast","0.568279649566739"
"exdqlm_multivar_synth_keep","draw_092",1433,"2022-05-19","forecast","0.572440122286453"
"exdqlm_multivar_synth_keep","draw_092",1433,"2022-05-20","forecast","0.564242037248763"
"exdqlm_multivar_synth_keep","draw_092",1433,"2022-05-21","forecast","0.563723702913251"
"exdqlm_multivar_synth_keep","draw_092",1433,"2022-05-22","forecast","0.555616294869578"
"exdqlm_multivar_synth_keep","draw_092",1433,"2022-05-23","forecast","0.551577816380420"
"exdqlm_multivar_synth_keep","draw_092",1433,"2022-05-24","forecast","0.547782723085753"
"exdqlm_multivar_synth_keep","draw_092",1433,"2022-05-25","forecast","0.535807600249432"
"exdqlm_multivar_synth_keep","draw_092",1433,"2022-05-26","forecast","0.541911676913742"
"exdqlm_multivar_synth_keep","draw_092",1433,"2022-05-27","forecast","0.529401202018933"
"exdqlm_multivar_synth_keep","draw_092",1433,"2022-05-28","forecast","0.523155102436509"
"exdqlm_multivar_synth_keep","draw_092",1433,"2022-05-29","forecast","0.524281490870230"
"exdqlm_multivar_synth_keep","draw_092",1433,"2022-05-30","forecast","0.526503985956113"
"exdqlm_multivar_synth_keep","draw_092",1433,"2022-05-31","forecast","0.518917102822013"
"exdqlm_multivar_synth_keep","draw_092",1433,"2022-06-01","forecast","0.514403435283498"
"exdqlm_multivar_synth_keep","draw_092",1433,"2022-06-02","forecast","0.508806977104383"
"exdqlm_multivar_synth_keep","draw_092",1433,"2022-06-03","forecast","0.506889121886443"
"exdqlm_multivar_synth_keep","draw_092",1433,"2022-06-04","forecast","0.501583195949123"
"exdqlm_multivar_synth_keep","draw_092",1433,"2022-06-05","forecast","0.501712640707611"
"exdqlm_multivar_synth_keep","draw_092",1433,"2022-06-06","forecast","0.491474926607059"
"exdqlm_multivar_synth_keep","draw_092",1433,"2022-06-07","forecast","0.489673521072908"
"exdqlm_multivar_synth_keep","draw_092",1433,"2022-06-08","forecast","0.478602863694753"
"exdqlm_multivar_synth_keep","draw_093",1449,"2022-05-12","forecast","0.591428298999316"
"exdqlm_multivar_synth_keep","draw_093",1449,"2022-05-13","forecast","0.589923961331583"
"exdqlm_multivar_synth_keep","draw_093",1449,"2022-05-14","forecast","0.597030741269020"
"exdqlm_multivar_synth_keep","draw_093",1449,"2022-05-15","forecast","0.585215796408704"
"exdqlm_multivar_synth_keep","draw_093",1449,"2022-05-16","forecast","0.570718619435878"
"exdqlm_multivar_synth_keep","draw_093",1449,"2022-05-17","forecast","0.570058202992020"
"exdqlm_multivar_synth_keep","draw_093",1449,"2022-05-18","forecast","0.570401293058225"
"exdqlm_multivar_synth_keep","draw_093",1449,"2022-05-19","forecast","0.573646427802589"
"exdqlm_multivar_synth_keep","draw_093",1449,"2022-05-20","forecast","0.566636828839135"
"exdqlm_multivar_synth_keep","draw_093",1449,"2022-05-21","forecast","0.563901618242913"
"exdqlm_multivar_synth_keep","draw_093",1449,"2022-05-22","forecast","0.557459669709365"
"exdqlm_multivar_synth_keep","draw_093",1449,"2022-05-23","forecast","0.556743721181387"
"exdqlm_multivar_synth_keep","draw_093",1449,"2022-05-24","forecast","0.549998925076817"
"exdqlm_multivar_synth_keep","draw_093",1449,"2022-05-25","forecast","0.538359806395716"
"exdqlm_multivar_synth_keep","draw_093",1449,"2022-05-26","forecast","0.544442805420786"
"exdqlm_multivar_synth_keep","draw_093",1449,"2022-05-27","forecast","0.531347400486453"
"exdqlm_multivar_synth_keep","draw_093",1449,"2022-05-28","forecast","0.524328216432435"
"exdqlm_multivar_synth_keep","draw_093",1449,"2022-05-29","forecast","0.524841152677737"
"exdqlm_multivar_synth_keep","draw_093",1449,"2022-05-30","forecast","0.528379612369463"
"exdqlm_multivar_synth_keep","draw_093",1449,"2022-05-31","forecast","0.519616206996897"
"exdqlm_multivar_synth_keep","draw_093",1449,"2022-06-01","forecast","0.514952167334083"
"exdqlm_multivar_synth_keep","draw_093",1449,"2022-06-02","forecast","0.510592684851308"
"exdqlm_multivar_synth_keep","draw_093",1449,"2022-06-03","forecast","0.507845529928688"
"exdqlm_multivar_synth_keep","draw_093",1449,"2022-06-04","forecast","0.502903431485659"
"exdqlm_multivar_synth_keep","draw_093",1449,"2022-06-05","forecast","0.503783261962648"
"exdqlm_multivar_synth_keep","draw_093",1449,"2022-06-06","forecast","0.492650615665513"
"exdqlm_multivar_synth_keep","draw_093",1449,"2022-06-07","forecast","0.490327930335373"
"exdqlm_multivar_synth_keep","draw_093",1449,"2022-06-08","forecast","0.479010456269017"
"exdqlm_multivar_synth_keep","draw_094",1465,"2022-05-12","forecast","0.594208275434983"
"exdqlm_multivar_synth_keep","draw_094",1465,"2022-05-13","forecast","0.592461196472098"
"exdqlm_multivar_synth_keep","draw_094",1465,"2022-05-14","forecast","0.600333338479616"
"exdqlm_multivar_synth_keep","draw_094",1465,"2022-05-15","forecast","0.588297269681381"
"exdqlm_multivar_synth_keep","draw_094",1465,"2022-05-16","forecast","0.572099926841695"
"exdqlm_multivar_synth_keep","draw_094",1465,"2022-05-17","forecast","0.572271917953801"
"exdqlm_multivar_synth_keep","draw_094",1465,"2022-05-18","forecast","0.573393563760393"
"exdqlm_multivar_synth_keep","draw_094",1465,"2022-05-19","forecast","0.574593806906612"
"exdqlm_multivar_synth_keep","draw_094",1465,"2022-05-20","forecast","0.567548060155766"
"exdqlm_multivar_synth_keep","draw_094",1465,"2022-05-21","forecast","0.565443410396201"
"exdqlm_multivar_synth_keep","draw_094",1465,"2022-05-22","forecast","0.558039710608704"
"exdqlm_multivar_synth_keep","draw_094",1465,"2022-05-23","forecast","0.558206805858856"
"exdqlm_multivar_synth_keep","draw_094",1465,"2022-05-24","forecast","0.551560186350068"
"exdqlm_multivar_synth_keep","draw_094",1465,"2022-05-25","forecast","0.539930890758147"
"exdqlm_multivar_synth_keep","draw_094",1465,"2022-05-26","forecast","0.546427505110078"
"exdqlm_multivar_synth_keep","draw_094",1465,"2022-05-27","forecast","0.532555892438371"
"exdqlm_multivar_synth_keep","draw_094",1465,"2022-05-28","forecast","0.525870447062794"
"exdqlm_multivar_synth_keep","draw_094",1465,"2022-05-29","forecast","0.525601057452856"
"exdqlm_multivar_synth_keep","draw_094",1465,"2022-05-30","forecast","0.529883863161455"
"exdqlm_multivar_synth_keep","draw_094",1465,"2022-05-31","forecast","0.520187275530518"
"exdqlm_multivar_synth_keep","draw_094",1465,"2022-06-01","forecast","0.516592994218232"
"exdqlm_multivar_synth_keep","draw_094",1465,"2022-06-02","forecast","0.512184731699844"
"exdqlm_multivar_synth_keep","draw_094",1465,"2022-06-03","forecast","0.508350157273917"
"exdqlm_multivar_synth_keep","draw_094",1465,"2022-06-04","forecast","0.504474465861700"
"exdqlm_multivar_synth_keep","draw_094",1465,"2022-06-05","forecast","0.504472292002931"
"exdqlm_multivar_synth_keep","draw_094",1465,"2022-06-06","forecast","0.494676874460849"
"exdqlm_multivar_synth_keep","draw_094",1465,"2022-06-07","forecast","0.490804568308612"
"exdqlm_multivar_synth_keep","draw_094",1465,"2022-06-08","forecast","0.479222232155797"
"exdqlm_multivar_synth_keep","draw_095",1481,"2022-05-12","forecast","0.595921827795113"
"exdqlm_multivar_synth_keep","draw_095",1481,"2022-05-13","forecast","0.595082519401778"
"exdqlm_multivar_synth_keep","draw_095",1481,"2022-05-14","forecast","0.606577079306751"
"exdqlm_multivar_synth_keep","draw_095",1481,"2022-05-15","forecast","0.589584990380595"
"exdqlm_multivar_synth_keep","draw_095",1481,"2022-05-16","forecast","0.574807625453781"
"exdqlm_multivar_synth_keep","draw_095",1481,"2022-05-17","forecast","0.576675627059964"
"exdqlm_multivar_synth_keep","draw_095",1481,"2022-05-18","forecast","0.576534291208128"
"exdqlm_multivar_synth_keep","draw_095",1481,"2022-05-19","forecast","0.575567773155529"
"exdqlm_multivar_synth_keep","draw_095",1481,"2022-05-20","forecast","0.568528162694613"
"exdqlm_multivar_synth_keep","draw_095",1481,"2022-05-21","forecast","0.566162655958399"
"exdqlm_multivar_synth_keep","draw_095",1481,"2022-05-22","forecast","0.560033707455635"
"exdqlm_multivar_synth_keep","draw_095",1481,"2022-05-23","forecast","0.559862849607303"
"exdqlm_multivar_synth_keep","draw_095",1481,"2022-05-24","forecast","0.552742543013982"
"exdqlm_multivar_synth_keep","draw_095",1481,"2022-05-25","forecast","0.541451274575323"
"exdqlm_multivar_synth_keep","draw_095",1481,"2022-05-26","forecast","0.547054487282761"
"exdqlm_multivar_synth_keep","draw_095",1481,"2022-05-27","forecast","0.534614077840492"
"exdqlm_multivar_synth_keep","draw_095",1481,"2022-05-28","forecast","0.527949744236619"
"exdqlm_multivar_synth_keep","draw_095",1481,"2022-05-29","forecast","0.527637765093008"
"exdqlm_multivar_synth_keep","draw_095",1481,"2022-05-30","forecast","0.530082603610980"
"exdqlm_multivar_synth_keep","draw_095",1481,"2022-05-31","forecast","0.520301815930184"
"exdqlm_multivar_synth_keep","draw_095",1481,"2022-06-01","forecast","0.518410460900462"
"exdqlm_multivar_synth_keep","draw_095",1481,"2022-06-02","forecast","0.514318292173767"
"exdqlm_multivar_synth_keep","draw_095",1481,"2022-06-03","forecast","0.509039089865582"
"exdqlm_multivar_synth_keep","draw_095",1481,"2022-06-04","forecast","0.505107121774519"
"exdqlm_multivar_synth_keep","draw_095",1481,"2022-06-05","forecast","0.506141448879441"
"exdqlm_multivar_synth_keep","draw_095",1481,"2022-06-06","forecast","0.496219200451159"
"exdqlm_multivar_synth_keep","draw_095",1481,"2022-06-07","forecast","0.491047301731931"
"exdqlm_multivar_synth_keep","draw_095",1481,"2022-06-08","forecast","0.481086029571570"
"exdqlm_multivar_synth_keep","draw_096",1496,"2022-05-12","forecast","0.598370362751203"
"exdqlm_multivar_synth_keep","draw_096",1496,"2022-05-13","forecast","0.597632196269304"
"exdqlm_multivar_synth_keep","draw_096",1496,"2022-05-14","forecast","0.610971750420362"
"exdqlm_multivar_synth_keep","draw_096",1496,"2022-05-15","forecast","0.591843746837145"
"exdqlm_multivar_synth_keep","draw_096",1496,"2022-05-16","forecast","0.576130796110881"
"exdqlm_multivar_synth_keep","draw_096",1496,"2022-05-17","forecast","0.579512367108428"
"exdqlm_multivar_synth_keep","draw_096",1496,"2022-05-18","forecast","0.577903960287152"
"exdqlm_multivar_synth_keep","draw_096",1496,"2022-05-19","forecast","0.576870182615133"
"exdqlm_multivar_synth_keep","draw_096",1496,"2022-05-20","forecast","0.569761678446365"
"exdqlm_multivar_synth_keep","draw_096",1496,"2022-05-21","forecast","0.568189591104193"
"exdqlm_multivar_synth_keep","draw_096",1496,"2022-05-22","forecast","0.560997902896785"
"exdqlm_multivar_synth_keep","draw_096",1496,"2022-05-23","forecast","0.561236327594384"
"exdqlm_multivar_synth_keep","draw_096",1496,"2022-05-24","forecast","0.555169273293207"
"exdqlm_multivar_synth_keep","draw_096",1496,"2022-05-25","forecast","0.544538194854982"
"exdqlm_multivar_synth_keep","draw_096",1496,"2022-05-26","forecast","0.548812842056552"
"exdqlm_multivar_synth_keep","draw_096",1496,"2022-05-27","forecast","0.537340098042460"
"exdqlm_multivar_synth_keep","draw_096",1496,"2022-05-28","forecast","0.529379853479204"
"exdqlm_multivar_synth_keep","draw_096",1496,"2022-05-29","forecast","0.528729193936938"
"exdqlm_multivar_synth_keep","draw_096",1496,"2022-05-30","forecast","0.530735540979218"
"exdqlm_multivar_synth_keep","draw_096",1496,"2022-05-31","forecast","0.520439851826983"
"exdqlm_multivar_synth_keep","draw_096",1496,"2022-06-01","forecast","0.519776802783329"
"exdqlm_multivar_synth_keep","draw_096",1496,"2022-06-02","forecast","0.514939025398246"
"exdqlm_multivar_synth_keep","draw_096",1496,"2022-06-03","forecast","0.510366074605811"
"exdqlm_multivar_synth_keep","draw_096",1496,"2022-06-04","forecast","0.505875471977391"
"exdqlm_multivar_synth_keep","draw_096",1496,"2022-06-05","forecast","0.507477289890578"
"exdqlm_multivar_synth_keep","draw_096",1496,"2022-06-06","forecast","0.498006479106274"
"exdqlm_multivar_synth_keep","draw_096",1496,"2022-06-07","forecast","0.491153034188386"
"exdqlm_multivar_synth_keep","draw_096",1496,"2022-06-08","forecast","0.481716129507460"
"exdqlm_multivar_synth_keep","draw_097",1512,"2022-05-12","forecast","0.600741352797157"
"exdqlm_multivar_synth_keep","draw_097",1512,"2022-05-13","forecast","0.600541284830506"
"exdqlm_multivar_synth_keep","draw_097",1512,"2022-05-14","forecast","0.616289191620958"
"exdqlm_multivar_synth_keep","draw_097",1512,"2022-05-15","forecast","0.593701745176180"
"exdqlm_multivar_synth_keep","draw_097",1512,"2022-05-16","forecast","0.579443882372516"
"exdqlm_multivar_synth_keep","draw_097",1512,"2022-05-17","forecast","0.580736552090589"
"exdqlm_multivar_synth_keep","draw_097",1512,"2022-05-18","forecast","0.580295454111433"
"exdqlm_multivar_synth_keep","draw_097",1512,"2022-05-19","forecast","0.577044339267548"
"exdqlm_multivar_synth_keep","draw_097",1512,"2022-05-20","forecast","0.571476697355412"
"exdqlm_multivar_synth_keep","draw_097",1512,"2022-05-21","forecast","0.569590936674649"
"exdqlm_multivar_synth_keep","draw_097",1512,"2022-05-22","forecast","0.563349787300063"
"exdqlm_multivar_synth_keep","draw_097",1512,"2022-05-23","forecast","0.561932847926023"
"exdqlm_multivar_synth_keep","draw_097",1512,"2022-05-24","forecast","0.557533830621246"
"exdqlm_multivar_synth_keep","draw_097",1512,"2022-05-25","forecast","0.545523719202421"
"exdqlm_multivar_synth_keep","draw_097",1512,"2022-05-26","forecast","0.549767074049266"
"exdqlm_multivar_synth_keep","draw_097",1512,"2022-05-27","forecast","0.539163111574645"
"exdqlm_multivar_synth_keep","draw_097",1512,"2022-05-28","forecast","0.530977916250938"
"exdqlm_multivar_synth_keep","draw_097",1512,"2022-05-29","forecast","0.529217098285433"
"exdqlm_multivar_synth_keep","draw_097",1512,"2022-05-30","forecast","0.531379647662182"
"exdqlm_multivar_synth_keep","draw_097",1512,"2022-05-31","forecast","0.520617488282178"
"exdqlm_multivar_synth_keep","draw_097",1512,"2022-06-01","forecast","0.520822649116775"
"exdqlm_multivar_synth_keep","draw_097",1512,"2022-06-02","forecast","0.515233716518758"
"exdqlm_multivar_synth_keep","draw_097",1512,"2022-06-03","forecast","0.510559235675434"
"exdqlm_multivar_synth_keep","draw_097",1512,"2022-06-04","forecast","0.506654575057465"
"exdqlm_multivar_synth_keep","draw_097",1512,"2022-06-05","forecast","0.508497778011102"
"exdqlm_multivar_synth_keep","draw_097",1512,"2022-06-06","forecast","0.500115398651384"
"exdqlm_multivar_synth_keep","draw_097",1512,"2022-06-07","forecast","0.491174362850884"
"exdqlm_multivar_synth_keep","draw_097",1512,"2022-06-08","forecast","0.481773994333676"
"exdqlm_multivar_synth_keep","draw_098",1528,"2022-05-12","forecast","0.604526540765542"
"exdqlm_multivar_synth_keep","draw_098",1528,"2022-05-13","forecast","0.601612552028497"
"exdqlm_multivar_synth_keep","draw_098",1528,"2022-05-14","forecast","0.618946690501033"
"exdqlm_multivar_synth_keep","draw_098",1528,"2022-05-15","forecast","0.596231659570170"
"exdqlm_multivar_synth_keep","draw_098",1528,"2022-05-16","forecast","0.579686122001059"
"exdqlm_multivar_synth_keep","draw_098",1528,"2022-05-17","forecast","0.582780610693786"
"exdqlm_multivar_synth_keep","draw_098",1528,"2022-05-18","forecast","0.581899041048428"
"exdqlm_multivar_synth_keep","draw_098",1528,"2022-05-19","forecast","0.577917934978968"
"exdqlm_multivar_synth_keep","draw_098",1528,"2022-05-20","forecast","0.576246067279432"
"exdqlm_multivar_synth_keep","draw_098",1528,"2022-05-21","forecast","0.570654820133541"
"exdqlm_multivar_synth_keep","draw_098",1528,"2022-05-22","forecast","0.564235990833395"
"exdqlm_multivar_synth_keep","draw_098",1528,"2022-05-23","forecast","0.563741233058562"
"exdqlm_multivar_synth_keep","draw_098",1528,"2022-05-24","forecast","0.559789133904780"
"exdqlm_multivar_synth_keep","draw_098",1528,"2022-05-25","forecast","0.546938117348199"
"exdqlm_multivar_synth_keep","draw_098",1528,"2022-05-26","forecast","0.551109842541293"
"exdqlm_multivar_synth_keep","draw_098",1528,"2022-05-27","forecast","0.541587864861429"
"exdqlm_multivar_synth_keep","draw_098",1528,"2022-05-28","forecast","0.531935218050580"
"exdqlm_multivar_synth_keep","draw_098",1528,"2022-05-29","forecast","0.529400150558551"
"exdqlm_multivar_synth_keep","draw_098",1528,"2022-05-30","forecast","0.531740721133747"
"exdqlm_multivar_synth_keep","draw_098",1528,"2022-05-31","forecast","0.521438104047362"
"exdqlm_multivar_synth_keep","draw_098",1528,"2022-06-01","forecast","0.521398601988732"
"exdqlm_multivar_synth_keep","draw_098",1528,"2022-06-02","forecast","0.516224887583224"
"exdqlm_multivar_synth_keep","draw_098",1528,"2022-06-03","forecast","0.512057794103813"
"exdqlm_multivar_synth_keep","draw_098",1528,"2022-06-04","forecast","0.506981367825463"
"exdqlm_multivar_synth_keep","draw_098",1528,"2022-06-05","forecast","0.509140579521541"
"exdqlm_multivar_synth_keep","draw_098",1528,"2022-06-06","forecast","0.501585066258506"
"exdqlm_multivar_synth_keep","draw_098",1528,"2022-06-07","forecast","0.491548764366300"
"exdqlm_multivar_synth_keep","draw_098",1528,"2022-06-08","forecast","0.481906920764401"
"exdqlm_multivar_synth_keep","draw_099",1544,"2022-05-12","forecast","0.608422736014460"
"exdqlm_multivar_synth_keep","draw_099",1544,"2022-05-13","forecast","0.603044476596818"
"exdqlm_multivar_synth_keep","draw_099",1544,"2022-05-14","forecast","0.622351267110968"
"exdqlm_multivar_synth_keep","draw_099",1544,"2022-05-15","forecast","0.598182390164700"
"exdqlm_multivar_synth_keep","draw_099",1544,"2022-05-16","forecast","0.580925486051533"
"exdqlm_multivar_synth_keep","draw_099",1544,"2022-05-17","forecast","0.587366781069354"
"exdqlm_multivar_synth_keep","draw_099",1544,"2022-05-18","forecast","0.582399620023400"
"exdqlm_multivar_synth_keep","draw_099",1544,"2022-05-19","forecast","0.579312320106636"
"exdqlm_multivar_synth_keep","draw_099",1544,"2022-05-20","forecast","0.577344411200894"
"exdqlm_multivar_synth_keep","draw_099",1544,"2022-05-21","forecast","0.571431263795012"
"exdqlm_multivar_synth_keep","draw_099",1544,"2022-05-22","forecast","0.565372388954202"
"exdqlm_multivar_synth_keep","draw_099",1544,"2022-05-23","forecast","0.565692691459635"
"exdqlm_multivar_synth_keep","draw_099",1544,"2022-05-24","forecast","0.560174102027108"
"exdqlm_multivar_synth_keep","draw_099",1544,"2022-05-25","forecast","0.547889084686210"
"exdqlm_multivar_synth_keep","draw_099",1544,"2022-05-26","forecast","0.553456956756870"
"exdqlm_multivar_synth_keep","draw_099",1544,"2022-05-27","forecast","0.542576287700423"
"exdqlm_multivar_synth_keep","draw_099",1544,"2022-05-28","forecast","0.533419511424781"
"exdqlm_multivar_synth_keep","draw_099",1544,"2022-05-29","forecast","0.529631350440913"
"exdqlm_multivar_synth_keep","draw_099",1544,"2022-05-30","forecast","0.533371425498171"
"exdqlm_multivar_synth_keep","draw_099",1544,"2022-05-31","forecast","0.521911961521935"
"exdqlm_multivar_synth_keep","draw_099",1544,"2022-06-01","forecast","0.522648418830924"
"exdqlm_multivar_synth_keep","draw_099",1544,"2022-06-02","forecast","0.517045818699923"
"exdqlm_multivar_synth_keep","draw_099",1544,"2022-06-03","forecast","0.513168267590808"
"exdqlm_multivar_synth_keep","draw_099",1544,"2022-06-04","forecast","0.507568866759804"
"exdqlm_multivar_synth_keep","draw_099",1544,"2022-06-05","forecast","0.511058752993844"
"exdqlm_multivar_synth_keep","draw_099",1544,"2022-06-06","forecast","0.502944070279514"
"exdqlm_multivar_synth_keep","draw_099",1544,"2022-06-07","forecast","0.492060858380508"
"exdqlm_multivar_synth_keep","draw_099",1544,"2022-06-08","forecast","0.482186609319822"
"exdqlm_multivar_synth_keep","draw_100",1559,"2022-05-12","forecast","0.612813808961384"
"exdqlm_multivar_synth_keep","draw_100",1559,"2022-05-13","forecast","0.605566284156775"
"exdqlm_multivar_synth_keep","draw_100",1559,"2022-05-14","forecast","0.624767619380610"
"exdqlm_multivar_synth_keep","draw_100",1559,"2022-05-15","forecast","0.598981885335223"
"exdqlm_multivar_synth_keep","draw_100",1559,"2022-05-16","forecast","0.582102576017396"
"exdqlm_multivar_synth_keep","draw_100",1559,"2022-05-17","forecast","0.589487901373741"
"exdqlm_multivar_synth_keep","draw_100",1559,"2022-05-18","forecast","0.583701404303876"
"exdqlm_multivar_synth_keep","draw_100",1559,"2022-05-19","forecast","0.580110342651407"
"exdqlm_multivar_synth_keep","draw_100",1559,"2022-05-20","forecast","0.578602051470888"
"exdqlm_multivar_synth_keep","draw_100",1559,"2022-05-21","forecast","0.572837735321259"
"exdqlm_multivar_synth_keep","draw_100",1559,"2022-05-22","forecast","0.566193042781430"
"exdqlm_multivar_synth_keep","draw_100",1559,"2022-05-23","forecast","0.566766272160725"
"exdqlm_multivar_synth_keep","draw_100",1559,"2022-05-24","forecast","0.560489486490997"
"exdqlm_multivar_synth_keep","draw_100",1559,"2022-05-25","forecast","0.548714802859605"
"exdqlm_multivar_synth_keep","draw_100",1559,"2022-05-26","forecast","0.556343658441787"
"exdqlm_multivar_synth_keep","draw_100",1559,"2022-05-27","forecast","0.543639030278289"
"exdqlm_multivar_synth_keep","draw_100",1559,"2022-05-28","forecast","0.535415055082050"
"exdqlm_multivar_synth_keep","draw_100",1559,"2022-05-29","forecast","0.530971327831707"
"exdqlm_multivar_synth_keep","draw_100",1559,"2022-05-30","forecast","0.534597291064099"
"exdqlm_multivar_synth_keep","draw_100",1559,"2022-05-31","forecast","0.522453888941628"
"exdqlm_multivar_synth_keep","draw_100",1559,"2022-06-01","forecast","0.523317572146963"
"exdqlm_multivar_synth_keep","draw_100",1559,"2022-06-02","forecast","0.517370945798258"
"exdqlm_multivar_synth_keep","draw_100",1559,"2022-06-03","forecast","0.513415901455588"
"exdqlm_multivar_synth_keep","draw_100",1559,"2022-06-04","forecast","0.507871201760088"
"exdqlm_multivar_synth_keep","draw_100",1559,"2022-06-05","forecast","0.511326699119657"
"exdqlm_multivar_synth_keep","draw_100",1559,"2022-06-06","forecast","0.505010113666835"
"exdqlm_multivar_synth_keep","draw_100",1559,"2022-06-07","forecast","0.492209636009635"
"exdqlm_multivar_synth_keep","draw_100",1559,"2022-06-08","forecast","0.482491131337741"
"exdqlm_multivar_synth_keep","draw_101",1575,"2022-05-12","forecast","0.615467518947882"
"exdqlm_multivar_synth_keep","draw_101",1575,"2022-05-13","forecast","0.605993733172952"
"exdqlm_multivar_synth_keep","draw_101",1575,"2022-05-14","forecast","0.628597172656459"
"exdqlm_multivar_synth_keep","draw_101",1575,"2022-05-15","forecast","0.599352816974106"
"exdqlm_multivar_synth_keep","draw_101",1575,"2022-05-16","forecast","0.583131665891608"
"exdqlm_multivar_synth_keep","draw_101",1575,"2022-05-17","forecast","0.592770926533763"
"exdqlm_multivar_synth_keep","draw_101",1575,"2022-05-18","forecast","0.588164715470274"
"exdqlm_multivar_synth_keep","draw_101",1575,"2022-05-19","forecast","0.581869489349121"
"exdqlm_multivar_synth_keep","draw_101",1575,"2022-05-20","forecast","0.580176807229125"
"exdqlm_multivar_synth_keep","draw_101",1575,"2022-05-21","forecast","0.574274838919758"
"exdqlm_multivar_synth_keep","draw_101",1575,"2022-05-22","forecast","0.566373252874547"
"exdqlm_multivar_synth_keep","draw_101",1575,"2022-05-23","forecast","0.567701921001473"
"exdqlm_multivar_synth_keep","draw_101",1575,"2022-05-24","forecast","0.560814762370173"
"exdqlm_multivar_synth_keep","draw_101",1575,"2022-05-25","forecast","0.549264047609306"
"exdqlm_multivar_synth_keep","draw_101",1575,"2022-05-26","forecast","0.556898467874869"
"exdqlm_multivar_synth_keep","draw_101",1575,"2022-05-27","forecast","0.545119443676548"
"exdqlm_multivar_synth_keep","draw_101",1575,"2022-05-28","forecast","0.537837500862733"
"exdqlm_multivar_synth_keep","draw_101",1575,"2022-05-29","forecast","0.532530239667712"
"exdqlm_multivar_synth_keep","draw_101",1575,"2022-05-30","forecast","0.534995454910038"
"exdqlm_multivar_synth_keep","draw_101",1575,"2022-05-31","forecast","0.523209744900162"
"exdqlm_multivar_synth_keep","draw_101",1575,"2022-06-01","forecast","0.523709135720002"
"exdqlm_multivar_synth_keep","draw_101",1575,"2022-06-02","forecast","0.517666203019248"
"exdqlm_multivar_synth_keep","draw_101",1575,"2022-06-03","forecast","0.513955743060581"
"exdqlm_multivar_synth_keep","draw_101",1575,"2022-06-04","forecast","0.508860117530620"
"exdqlm_multivar_synth_keep","draw_101",1575,"2022-06-05","forecast","0.513589297166491"
"exdqlm_multivar_synth_keep","draw_101",1575,"2022-06-06","forecast","0.505814095958482"
"exdqlm_multivar_synth_keep","draw_101",1575,"2022-06-07","forecast","0.492422733646600"
"exdqlm_multivar_synth_keep","draw_101",1575,"2022-06-08","forecast","0.482892046556718"
"exdqlm_multivar_synth_keep","draw_102",1591,"2022-05-12","forecast","0.618302580517599"
"exdqlm_multivar_synth_keep","draw_102",1591,"2022-05-13","forecast","0.610365764198345"
"exdqlm_multivar_synth_keep","draw_102",1591,"2022-05-14","forecast","0.631163938042161"
"exdqlm_multivar_synth_keep","draw_102",1591,"2022-05-15","forecast","0.601818305830249"
"exdqlm_multivar_synth_keep","draw_102",1591,"2022-05-16","forecast","0.588057345288844"
"exdqlm_multivar_synth_keep","draw_102",1591,"2022-05-17","forecast","0.595277225503118"
"exdqlm_multivar_synth_keep","draw_102",1591,"2022-05-18","forecast","0.594409129212814"
"exdqlm_multivar_synth_keep","draw_102",1591,"2022-05-19","forecast","0.582848596715705"
"exdqlm_multivar_synth_keep","draw_102",1591,"2022-05-20","forecast","0.582431603425677"
"exdqlm_multivar_synth_keep","draw_102",1591,"2022-05-21","forecast","0.575160412360474"
"exdqlm_multivar_synth_keep","draw_102",1591,"2022-05-22","forecast","0.567300580772680"
"exdqlm_multivar_synth_keep","draw_102",1591,"2022-05-23","forecast","0.568052490725274"
"exdqlm_multivar_synth_keep","draw_102",1591,"2022-05-24","forecast","0.562087096285710"
"exdqlm_multivar_synth_keep","draw_102",1591,"2022-05-25","forecast","0.550568430509109"
"exdqlm_multivar_synth_keep","draw_102",1591,"2022-05-26","forecast","0.560589613688683"
"exdqlm_multivar_synth_keep","draw_102",1591,"2022-05-27","forecast","0.545549917549333"
"exdqlm_multivar_synth_keep","draw_102",1591,"2022-05-28","forecast","0.538896634233271"
"exdqlm_multivar_synth_keep","draw_102",1591,"2022-05-29","forecast","0.534072430040021"
"exdqlm_multivar_synth_keep","draw_102",1591,"2022-05-30","forecast","0.535899408261475"
"exdqlm_multivar_synth_keep","draw_102",1591,"2022-05-31","forecast","0.531935839768635"
"exdqlm_multivar_synth_keep","draw_102",1591,"2022-06-01","forecast","0.524140015435067"
"exdqlm_multivar_synth_keep","draw_102",1591,"2022-06-02","forecast","0.518024619297610"
"exdqlm_multivar_synth_keep","draw_102",1591,"2022-06-03","forecast","0.514505186699246"
"exdqlm_multivar_synth_keep","draw_102",1591,"2022-06-04","forecast","0.509889528851064"
"exdqlm_multivar_synth_keep","draw_102",1591,"2022-06-05","forecast","0.513764863416833"
"exdqlm_multivar_synth_keep","draw_102",1591,"2022-06-06","forecast","0.507014841109303"
"exdqlm_multivar_synth_keep","draw_102",1591,"2022-06-07","forecast","0.492736334101354"
"exdqlm_multivar_synth_keep","draw_102",1591,"2022-06-08","forecast","0.484203293587169"
"exdqlm_multivar_synth_keep","draw_103",1606,"2022-05-12","forecast","0.623601260116322"
"exdqlm_multivar_synth_keep","draw_103",1606,"2022-05-13","forecast","0.614302111050985"
"exdqlm_multivar_synth_keep","draw_103",1606,"2022-05-14","forecast","0.634810472990318"
"exdqlm_multivar_synth_keep","draw_103",1606,"2022-05-15","forecast","0.606647466605873"
"exdqlm_multivar_synth_keep","draw_103",1606,"2022-05-16","forecast","0.593061081241177"
"exdqlm_multivar_synth_keep","draw_103",1606,"2022-05-17","forecast","0.598487924321236"
"exdqlm_multivar_synth_keep","draw_103",1606,"2022-05-18","forecast","0.597456799607513"
"exdqlm_multivar_synth_keep","draw_103",1606,"2022-05-19","forecast","0.583896650584587"
"exdqlm_multivar_synth_keep","draw_103",1606,"2022-05-20","forecast","0.582685907176801"
"exdqlm_multivar_synth_keep","draw_103",1606,"2022-05-21","forecast","0.576020692434218"
"exdqlm_multivar_synth_keep","draw_103",1606,"2022-05-22","forecast","0.568047850361371"
"exdqlm_multivar_synth_keep","draw_103",1606,"2022-05-23","forecast","0.569195235216761"
"exdqlm_multivar_synth_keep","draw_103",1606,"2022-05-24","forecast","0.566092732114203"
"exdqlm_multivar_synth_keep","draw_103",1606,"2022-05-25","forecast","0.553045242911263"
"exdqlm_multivar_synth_keep","draw_103",1606,"2022-05-26","forecast","0.565822116536338"
"exdqlm_multivar_synth_keep","draw_103",1606,"2022-05-27","forecast","0.547598871865165"
"exdqlm_multivar_synth_keep","draw_103",1606,"2022-05-28","forecast","0.544187941911379"
"exdqlm_multivar_synth_keep","draw_103",1606,"2022-05-29","forecast","0.538110830739732"
"exdqlm_multivar_synth_keep","draw_103",1606,"2022-05-30","forecast","0.541342177740266"
"exdqlm_multivar_synth_keep","draw_103",1606,"2022-05-31","forecast","0.538442415608604"
"exdqlm_multivar_synth_keep","draw_103",1606,"2022-06-01","forecast","0.526881512297114"
"exdqlm_multivar_synth_keep","draw_103",1606,"2022-06-02","forecast","0.522486029641701"
"exdqlm_multivar_synth_keep","draw_103",1606,"2022-06-03","forecast","0.514808103110921"
"exdqlm_multivar_synth_keep","draw_103",1606,"2022-06-04","forecast","0.512243536144696"
"exdqlm_multivar_synth_keep","draw_103",1606,"2022-06-05","forecast","0.515453942265247"
"exdqlm_multivar_synth_keep","draw_103",1606,"2022-06-06","forecast","0.509825110124268"
"exdqlm_multivar_synth_keep","draw_103",1606,"2022-06-07","forecast","0.493462090260672"
"exdqlm_multivar_synth_keep","draw_103",1606,"2022-06-08","forecast","0.492847013384900"
"exdqlm_multivar_synth_keep","draw_104",1622,"2022-05-12","forecast","0.629895097018617"
"exdqlm_multivar_synth_keep","draw_104",1622,"2022-05-13","forecast","0.620108436822762"
"exdqlm_multivar_synth_keep","draw_104",1622,"2022-05-14","forecast","0.640227157220813"
"exdqlm_multivar_synth_keep","draw_104",1622,"2022-05-15","forecast","0.616894542239839"
"exdqlm_multivar_synth_keep","draw_104",1622,"2022-05-16","forecast","0.598355944220626"
"exdqlm_multivar_synth_keep","draw_104",1622,"2022-05-17","forecast","0.601999684839834"
"exdqlm_multivar_synth_keep","draw_104",1622,"2022-05-18","forecast","0.605089998564266"
"exdqlm_multivar_synth_keep","draw_104",1622,"2022-05-19","forecast","0.585704662414267"
"exdqlm_multivar_synth_keep","draw_104",1622,"2022-05-20","forecast","0.584484738654832"
"exdqlm_multivar_synth_keep","draw_104",1622,"2022-05-21","forecast","0.579681599101655"
"exdqlm_multivar_synth_keep","draw_104",1622,"2022-05-22","forecast","0.572714671550608"
"exdqlm_multivar_synth_keep","draw_104",1622,"2022-05-23","forecast","0.573894606547240"
"exdqlm_multivar_synth_keep","draw_104",1622,"2022-05-24","forecast","0.571479158618603"
"exdqlm_multivar_synth_keep","draw_104",1622,"2022-05-25","forecast","0.556889049508927"
"exdqlm_multivar_synth_keep","draw_104",1622,"2022-05-26","forecast","0.568429886390536"
"exdqlm_multivar_synth_keep","draw_104",1622,"2022-05-27","forecast","0.553490091482637"
"exdqlm_multivar_synth_keep","draw_104",1622,"2022-05-28","forecast","0.549495426446690"
"exdqlm_multivar_synth_keep","draw_104",1622,"2022-05-29","forecast","0.542475745734869"
"exdqlm_multivar_synth_keep","draw_104",1622,"2022-05-30","forecast","0.547205683693864"
"exdqlm_multivar_synth_keep","draw_104",1622,"2022-05-31","forecast","0.543002518012816"
"exdqlm_multivar_synth_keep","draw_104",1622,"2022-06-01","forecast","0.530634807657856"
"exdqlm_multivar_synth_keep","draw_104",1622,"2022-06-02","forecast","0.526476316972321"
"exdqlm_multivar_synth_keep","draw_104",1622,"2022-06-03","forecast","0.515045394003542"
"exdqlm_multivar_synth_keep","draw_104",1622,"2022-06-04","forecast","0.516636673430637"
"exdqlm_multivar_synth_keep","draw_104",1622,"2022-06-05","forecast","0.519718897060619"
"exdqlm_multivar_synth_keep","draw_104",1622,"2022-06-06","forecast","0.513930691439202"
"exdqlm_multivar_synth_keep","draw_104",1622,"2022-06-07","forecast","0.498197753239016"
"exdqlm_multivar_synth_keep","draw_104",1622,"2022-06-08","forecast","0.497967940593813"
"exdqlm_multivar_synth_keep","draw_105",1638,"2022-05-12","forecast","0.633502917776244"
"exdqlm_multivar_synth_keep","draw_105",1638,"2022-05-13","forecast","0.625181976602768"
"exdqlm_multivar_synth_keep","draw_105",1638,"2022-05-14","forecast","0.645403982974118"
"exdqlm_multivar_synth_keep","draw_105",1638,"2022-05-15","forecast","0.622399754593896"
"exdqlm_multivar_synth_keep","draw_105",1638,"2022-05-16","forecast","0.607504794555291"
"exdqlm_multivar_synth_keep","draw_105",1638,"2022-05-17","forecast","0.605568992098664"
"exdqlm_multivar_synth_keep","draw_105",1638,"2022-05-18","forecast","0.608527049511374"
"exdqlm_multivar_synth_keep","draw_105",1638,"2022-05-19","forecast","0.590633454776552"
"exdqlm_multivar_synth_keep","draw_105",1638,"2022-05-20","forecast","0.587943005336217"
"exdqlm_multivar_synth_keep","draw_105",1638,"2022-05-21","forecast","0.583671881907782"
"exdqlm_multivar_synth_keep","draw_105",1638,"2022-05-22","forecast","0.577584759691657"
"exdqlm_multivar_synth_keep","draw_105",1638,"2022-05-23","forecast","0.579033584384252"
"exdqlm_multivar_synth_keep","draw_105",1638,"2022-05-24","forecast","0.577724363239613"
"exdqlm_multivar_synth_keep","draw_105",1638,"2022-05-25","forecast","0.563867101628422"
"exdqlm_multivar_synth_keep","draw_105",1638,"2022-05-26","forecast","0.571569770810360"
"exdqlm_multivar_synth_keep","draw_105",1638,"2022-05-27","forecast","0.557408212116745"
"exdqlm_multivar_synth_keep","draw_105",1638,"2022-05-28","forecast","0.555993297692945"
"exdqlm_multivar_synth_keep","draw_105",1638,"2022-05-29","forecast","0.545996502142332"
"exdqlm_multivar_synth_keep","draw_105",1638,"2022-05-30","forecast","0.550172951140424"
"exdqlm_multivar_synth_keep","draw_105",1638,"2022-05-31","forecast","0.545101044028555"
"exdqlm_multivar_synth_keep","draw_105",1638,"2022-06-01","forecast","0.535918773480770"
"exdqlm_multivar_synth_keep","draw_105",1638,"2022-06-02","forecast","0.530449645658076"
"exdqlm_multivar_synth_keep","draw_105",1638,"2022-06-03","forecast","0.520322288226380"
"exdqlm_multivar_synth_keep","draw_105",1638,"2022-06-04","forecast","0.523765869083975"
"exdqlm_multivar_synth_keep","draw_105",1638,"2022-06-05","forecast","0.522398533925194"
"exdqlm_multivar_synth_keep","draw_105",1638,"2022-06-06","forecast","0.517088951051197"
"exdqlm_multivar_synth_keep","draw_105",1638,"2022-06-07","forecast","0.505883497945256"
"exdqlm_multivar_synth_keep","draw_105",1638,"2022-06-08","forecast","0.503753975427439"
"exdqlm_multivar_synth_keep","draw_106",1654,"2022-05-12","forecast","0.638224688818483"
"exdqlm_multivar_synth_keep","draw_106",1654,"2022-05-13","forecast","0.629905985584531"
"exdqlm_multivar_synth_keep","draw_106",1654,"2022-05-14","forecast","0.652219253300270"
"exdqlm_multivar_synth_keep","draw_106",1654,"2022-05-15","forecast","0.628752369351764"
"exdqlm_multivar_synth_keep","draw_106",1654,"2022-05-16","forecast","0.611681260881394"
"exdqlm_multivar_synth_keep","draw_106",1654,"2022-05-17","forecast","0.613393049836846"
"exdqlm_multivar_synth_keep","draw_106",1654,"2022-05-18","forecast","0.616022413632907"
"exdqlm_multivar_synth_keep","draw_106",1654,"2022-05-19","forecast","0.593404968497541"
"exdqlm_multivar_synth_keep","draw_106",1654,"2022-05-20","forecast","0.590037419663546"
"exdqlm_multivar_synth_keep","draw_106",1654,"2022-05-21","forecast","0.591032011600735"
"exdqlm_multivar_synth_keep","draw_106",1654,"2022-05-22","forecast","0.580852587038291"
"exdqlm_multivar_synth_keep","draw_106",1654,"2022-05-23","forecast","0.582814779791452"
"exdqlm_multivar_synth_keep","draw_106",1654,"2022-05-24","forecast","0.582382887719786"
"exdqlm_multivar_synth_keep","draw_106",1654,"2022-05-25","forecast","0.570988960155181"
"exdqlm_multivar_synth_keep","draw_106",1654,"2022-05-26","forecast","0.576661891267033"
"exdqlm_multivar_synth_keep","draw_106",1654,"2022-05-27","forecast","0.559842984308972"
"exdqlm_multivar_synth_keep","draw_106",1654,"2022-05-28","forecast","0.560508463377271"
"exdqlm_multivar_synth_keep","draw_106",1654,"2022-05-29","forecast","0.550773067554053"
"exdqlm_multivar_synth_keep","draw_106",1654,"2022-05-30","forecast","0.555448280792287"
"exdqlm_multivar_synth_keep","draw_106",1654,"2022-05-31","forecast","0.550150775904320"
"exdqlm_multivar_synth_keep","draw_106",1654,"2022-06-01","forecast","0.541993998226735"
"exdqlm_multivar_synth_keep","draw_106",1654,"2022-06-02","forecast","0.534098532231076"
"exdqlm_multivar_synth_keep","draw_106",1654,"2022-06-03","forecast","0.525699841783163"
"exdqlm_multivar_synth_keep","draw_106",1654,"2022-06-04","forecast","0.527203717274773"
"exdqlm_multivar_synth_keep","draw_106",1654,"2022-06-05","forecast","0.526717929808965"
"exdqlm_multivar_synth_keep","draw_106",1654,"2022-06-06","forecast","0.521726009650499"
"exdqlm_multivar_synth_keep","draw_106",1654,"2022-06-07","forecast","0.510411418127643"
"exdqlm_multivar_synth_keep","draw_106",1654,"2022-06-08","forecast","0.508686727838841"
"exdqlm_multivar_synth_keep","draw_107",1669,"2022-05-12","forecast","0.643748393322648"
"exdqlm_multivar_synth_keep","draw_107",1669,"2022-05-13","forecast","0.636046926480236"
"exdqlm_multivar_synth_keep","draw_107",1669,"2022-05-14","forecast","0.657474408570041"
"exdqlm_multivar_synth_keep","draw_107",1669,"2022-05-15","forecast","0.635892242196955"
"exdqlm_multivar_synth_keep","draw_107",1669,"2022-05-16","forecast","0.618081247595539"
"exdqlm_multivar_synth_keep","draw_107",1669,"2022-05-17","forecast","0.619324502998396"
"exdqlm_multivar_synth_keep","draw_107",1669,"2022-05-18","forecast","0.621781903886419"
"exdqlm_multivar_synth_keep","draw_107",1669,"2022-05-19","forecast","0.595997632573265"
"exdqlm_multivar_synth_keep","draw_107",1669,"2022-05-20","forecast","0.592960419821494"
"exdqlm_multivar_synth_keep","draw_107",1669,"2022-05-21","forecast","0.594749106636478"
"exdqlm_multivar_synth_keep","draw_107",1669,"2022-05-22","forecast","0.585263201723632"
"exdqlm_multivar_synth_keep","draw_107",1669,"2022-05-23","forecast","0.586898110891237"
"exdqlm_multivar_synth_keep","draw_107",1669,"2022-05-24","forecast","0.585620382946364"
"exdqlm_multivar_synth_keep","draw_107",1669,"2022-05-25","forecast","0.575112199090950"
"exdqlm_multivar_synth_keep","draw_107",1669,"2022-05-26","forecast","0.578789598051420"
"exdqlm_multivar_synth_keep","draw_107",1669,"2022-05-27","forecast","0.564924542215057"
"exdqlm_multivar_synth_keep","draw_107",1669,"2022-05-28","forecast","0.565647332311862"
"exdqlm_multivar_synth_keep","draw_107",1669,"2022-05-29","forecast","0.554668976597182"
"exdqlm_multivar_synth_keep","draw_107",1669,"2022-05-30","forecast","0.558761399758154"
"exdqlm_multivar_synth_keep","draw_107",1669,"2022-05-31","forecast","0.557531326313659"
"exdqlm_multivar_synth_keep","draw_107",1669,"2022-06-01","forecast","0.547136751258291"
"exdqlm_multivar_synth_keep","draw_107",1669,"2022-06-02","forecast","0.539060865037315"
"exdqlm_multivar_synth_keep","draw_107",1669,"2022-06-03","forecast","0.528548572889223"
"exdqlm_multivar_synth_keep","draw_107",1669,"2022-06-04","forecast","0.531904708307290"
"exdqlm_multivar_synth_keep","draw_107",1669,"2022-06-05","forecast","0.532296880265791"
"exdqlm_multivar_synth_keep","draw_107",1669,"2022-06-06","forecast","0.524938376499301"
"exdqlm_multivar_synth_keep","draw_107",1669,"2022-06-07","forecast","0.514573393339331"
"exdqlm_multivar_synth_keep","draw_107",1669,"2022-06-08","forecast","0.515017301427499"
"exdqlm_multivar_synth_keep","draw_108",1685,"2022-05-12","forecast","0.649880714357951"
"exdqlm_multivar_synth_keep","draw_108",1685,"2022-05-13","forecast","0.641524547305203"
"exdqlm_multivar_synth_keep","draw_108",1685,"2022-05-14","forecast","0.662136498440024"
"exdqlm_multivar_synth_keep","draw_108",1685,"2022-05-15","forecast","0.640825950161016"
"exdqlm_multivar_synth_keep","draw_108",1685,"2022-05-16","forecast","0.623086317034346"
"exdqlm_multivar_synth_keep","draw_108",1685,"2022-05-17","forecast","0.624038780589569"
"exdqlm_multivar_synth_keep","draw_108",1685,"2022-05-18","forecast","0.628273290529426"
"exdqlm_multivar_synth_keep","draw_108",1685,"2022-05-19","forecast","0.602075883541694"
"exdqlm_multivar_synth_keep","draw_108",1685,"2022-05-20","forecast","0.598779947053307"
"exdqlm_multivar_synth_keep","draw_108",1685,"2022-05-21","forecast","0.598498299330429"
"exdqlm_multivar_synth_keep","draw_108",1685,"2022-05-22","forecast","0.589719266532090"
"exdqlm_multivar_synth_keep","draw_108",1685,"2022-05-23","forecast","0.592229333739262"
"exdqlm_multivar_synth_keep","draw_108",1685,"2022-05-24","forecast","0.589991870111359"
"exdqlm_multivar_synth_keep","draw_108",1685,"2022-05-25","forecast","0.577338047988843"
"exdqlm_multivar_synth_keep","draw_108",1685,"2022-05-26","forecast","0.583601668139348"
"exdqlm_multivar_synth_keep","draw_108",1685,"2022-05-27","forecast","0.569579620682814"
"exdqlm_multivar_synth_keep","draw_108",1685,"2022-05-28","forecast","0.571547695592016"
"exdqlm_multivar_synth_keep","draw_108",1685,"2022-05-29","forecast","0.559031700409755"
"exdqlm_multivar_synth_keep","draw_108",1685,"2022-05-30","forecast","0.567178490277144"
"exdqlm_multivar_synth_keep","draw_108",1685,"2022-05-31","forecast","0.561056061495324"
"exdqlm_multivar_synth_keep","draw_108",1685,"2022-06-01","forecast","0.554599524387064"
"exdqlm_multivar_synth_keep","draw_108",1685,"2022-06-02","forecast","0.548744297809006"
"exdqlm_multivar_synth_keep","draw_108",1685,"2022-06-03","forecast","0.533626879044115"
"exdqlm_multivar_synth_keep","draw_108",1685,"2022-06-04","forecast","0.538173199107176"
"exdqlm_multivar_synth_keep","draw_108",1685,"2022-06-05","forecast","0.541150766269451"
"exdqlm_multivar_synth_keep","draw_108",1685,"2022-06-06","forecast","0.529073842565415"
"exdqlm_multivar_synth_keep","draw_108",1685,"2022-06-07","forecast","0.519270874590840"
"exdqlm_multivar_synth_keep","draw_108",1685,"2022-06-08","forecast","0.520506888789400"
"exdqlm_multivar_synth_keep","draw_109",1701,"2022-05-12","forecast","0.656003016687177"
"exdqlm_multivar_synth_keep","draw_109",1701,"2022-05-13","forecast","0.648977132447398"
"exdqlm_multivar_synth_keep","draw_109",1701,"2022-05-14","forecast","0.669948561391752"
"exdqlm_multivar_synth_keep","draw_109",1701,"2022-05-15","forecast","0.649173587361276"
"exdqlm_multivar_synth_keep","draw_109",1701,"2022-05-16","forecast","0.626432076987266"
"exdqlm_multivar_synth_keep","draw_109",1701,"2022-05-17","forecast","0.629133714560847"
"exdqlm_multivar_synth_keep","draw_109",1701,"2022-05-18","forecast","0.634043372183949"
"exdqlm_multivar_synth_keep","draw_109",1701,"2022-05-19","forecast","0.608286118326875"
"exdqlm_multivar_synth_keep","draw_109",1701,"2022-05-20","forecast","0.602802906119333"
"exdqlm_multivar_synth_keep","draw_109",1701,"2022-05-21","forecast","0.603526249994347"
"exdqlm_multivar_synth_keep","draw_109",1701,"2022-05-22","forecast","0.595029415648182"
"exdqlm_multivar_synth_keep","draw_109",1701,"2022-05-23","forecast","0.600438965998957"
"exdqlm_multivar_synth_keep","draw_109",1701,"2022-05-24","forecast","0.595172282016560"
"exdqlm_multivar_synth_keep","draw_109",1701,"2022-05-25","forecast","0.582189033504453"
"exdqlm_multivar_synth_keep","draw_109",1701,"2022-05-26","forecast","0.590223907466102"
"exdqlm_multivar_synth_keep","draw_109",1701,"2022-05-27","forecast","0.575544503886565"
"exdqlm_multivar_synth_keep","draw_109",1701,"2022-05-28","forecast","0.575844275580916"
"exdqlm_multivar_synth_keep","draw_109",1701,"2022-05-29","forecast","0.569993293052273"
"exdqlm_multivar_synth_keep","draw_109",1701,"2022-05-30","forecast","0.571235792205292"
"exdqlm_multivar_synth_keep","draw_109",1701,"2022-05-31","forecast","0.568322739782681"
"exdqlm_multivar_synth_keep","draw_109",1701,"2022-06-01","forecast","0.563072873610760"
"exdqlm_multivar_synth_keep","draw_109",1701,"2022-06-02","forecast","0.553128742449702"
"exdqlm_multivar_synth_keep","draw_109",1701,"2022-06-03","forecast","0.540491330591432"
"exdqlm_multivar_synth_keep","draw_109",1701,"2022-06-04","forecast","0.544811698709545"
"exdqlm_multivar_synth_keep","draw_109",1701,"2022-06-05","forecast","0.548799519404153"
"exdqlm_multivar_synth_keep","draw_109",1701,"2022-06-06","forecast","0.533081404918417"
"exdqlm_multivar_synth_keep","draw_109",1701,"2022-06-07","forecast","0.528248238461738"
"exdqlm_multivar_synth_keep","draw_109",1701,"2022-06-08","forecast","0.527846671647038"
"exdqlm_multivar_synth_keep","draw_110",1717,"2022-05-12","forecast","0.662190284166476"
"exdqlm_multivar_synth_keep","draw_110",1717,"2022-05-13","forecast","0.653922090157371"
"exdqlm_multivar_synth_keep","draw_110",1717,"2022-05-14","forecast","0.674730986033609"
"exdqlm_multivar_synth_keep","draw_110",1717,"2022-05-15","forecast","0.655732394707878"
"exdqlm_multivar_synth_keep","draw_110",1717,"2022-05-16","forecast","0.633313648286505"
"exdqlm_multivar_synth_keep","draw_110",1717,"2022-05-17","forecast","0.637574809802870"
"exdqlm_multivar_synth_keep","draw_110",1717,"2022-05-18","forecast","0.638928000963809"
"exdqlm_multivar_synth_keep","draw_110",1717,"2022-05-19","forecast","0.618548051011666"
"exdqlm_multivar_synth_keep","draw_110",1717,"2022-05-20","forecast","0.606445106457697"
"exdqlm_multivar_synth_keep","draw_110",1717,"2022-05-21","forecast","0.611555044761360"
"exdqlm_multivar_synth_keep","draw_110",1717,"2022-05-22","forecast","0.601193525893765"
"exdqlm_multivar_synth_keep","draw_110",1717,"2022-05-23","forecast","0.606684454102031"
"exdqlm_multivar_synth_keep","draw_110",1717,"2022-05-24","forecast","0.601568124641840"
"exdqlm_multivar_synth_keep","draw_110",1717,"2022-05-25","forecast","0.587474545311714"
"exdqlm_multivar_synth_keep","draw_110",1717,"2022-05-26","forecast","0.595498789380060"
"exdqlm_multivar_synth_keep","draw_110",1717,"2022-05-27","forecast","0.582224275765021"
"exdqlm_multivar_synth_keep","draw_110",1717,"2022-05-28","forecast","0.581158558415342"
"exdqlm_multivar_synth_keep","draw_110",1717,"2022-05-29","forecast","0.577439153704649"
"exdqlm_multivar_synth_keep","draw_110",1717,"2022-05-30","forecast","0.576767319772733"
"exdqlm_multivar_synth_keep","draw_110",1717,"2022-05-31","forecast","0.574471203166102"
"exdqlm_multivar_synth_keep","draw_110",1717,"2022-06-01","forecast","0.567137354264739"
"exdqlm_multivar_synth_keep","draw_110",1717,"2022-06-02","forecast","0.558543173889683"
"exdqlm_multivar_synth_keep","draw_110",1717,"2022-06-03","forecast","0.544562003466041"
"exdqlm_multivar_synth_keep","draw_110",1717,"2022-06-04","forecast","0.552478956600946"
"exdqlm_multivar_synth_keep","draw_110",1717,"2022-06-05","forecast","0.553704636816640"
"exdqlm_multivar_synth_keep","draw_110",1717,"2022-06-06","forecast","0.537786244007430"
"exdqlm_multivar_synth_keep","draw_110",1717,"2022-06-07","forecast","0.535547510433749"
"exdqlm_multivar_synth_keep","draw_110",1717,"2022-06-08","forecast","0.531838325533989"
"exdqlm_multivar_synth_keep","draw_111",1732,"2022-05-12","forecast","0.669472375579819"
"exdqlm_multivar_synth_keep","draw_111",1732,"2022-05-13","forecast","0.657935617566909"
"exdqlm_multivar_synth_keep","draw_111",1732,"2022-05-14","forecast","0.680376303188307"
"exdqlm_multivar_synth_keep","draw_111",1732,"2022-05-15","forecast","0.665634820219719"
"exdqlm_multivar_synth_keep","draw_111",1732,"2022-05-16","forecast","0.639634851536072"
"exdqlm_multivar_synth_keep","draw_111",1732,"2022-05-17","forecast","0.641909189770859"
"exdqlm_multivar_synth_keep","draw_111",1732,"2022-05-18","forecast","0.647620577592045"
"exdqlm_multivar_synth_keep","draw_111",1732,"2022-05-19","forecast","0.621798840938181"
"exdqlm_multivar_synth_keep","draw_111",1732,"2022-05-20","forecast","0.611048585837437"
"exdqlm_multivar_synth_keep","draw_111",1732,"2022-05-21","forecast","0.617685699042365"
"exdqlm_multivar_synth_keep","draw_111",1732,"2022-05-22","forecast","0.606935257690735"
"exdqlm_multivar_synth_keep","draw_111",1732,"2022-05-23","forecast","0.612488834619457"
"exdqlm_multivar_synth_keep","draw_111",1732,"2022-05-24","forecast","0.610937058485291"
"exdqlm_multivar_synth_keep","draw_111",1732,"2022-05-25","forecast","0.592495410416994"
"exdqlm_multivar_synth_keep","draw_111",1732,"2022-05-26","forecast","0.599031215814870"
"exdqlm_multivar_synth_keep","draw_111",1732,"2022-05-27","forecast","0.584871741901441"
"exdqlm_multivar_synth_keep","draw_111",1732,"2022-05-28","forecast","0.585875760299551"
"exdqlm_multivar_synth_keep","draw_111",1732,"2022-05-29","forecast","0.583084356914208"
"exdqlm_multivar_synth_keep","draw_111",1732,"2022-05-30","forecast","0.583741487099727"
"exdqlm_multivar_synth_keep","draw_111",1732,"2022-05-31","forecast","0.577429888691954"
"exdqlm_multivar_synth_keep","draw_111",1732,"2022-06-01","forecast","0.575566663681674"
"exdqlm_multivar_synth_keep","draw_111",1732,"2022-06-02","forecast","0.564916946680765"
"exdqlm_multivar_synth_keep","draw_111",1732,"2022-06-03","forecast","0.551408669584193"
"exdqlm_multivar_synth_keep","draw_111",1732,"2022-06-04","forecast","0.558835457642925"
"exdqlm_multivar_synth_keep","draw_111",1732,"2022-06-05","forecast","0.559605980335337"
"exdqlm_multivar_synth_keep","draw_111",1732,"2022-06-06","forecast","0.543949659717005"
"exdqlm_multivar_synth_keep","draw_111",1732,"2022-06-07","forecast","0.541604041525383"
"exdqlm_multivar_synth_keep","draw_111",1732,"2022-06-08","forecast","0.536999064098919"
"exdqlm_multivar_synth_keep","draw_112",1748,"2022-05-12","forecast","0.674500111747971"
"exdqlm_multivar_synth_keep","draw_112",1748,"2022-05-13","forecast","0.662401734302477"
"exdqlm_multivar_synth_keep","draw_112",1748,"2022-05-14","forecast","0.685739189944678"
"exdqlm_multivar_synth_keep","draw_112",1748,"2022-05-15","forecast","0.674024804584191"
"exdqlm_multivar_synth_keep","draw_112",1748,"2022-05-16","forecast","0.646505905411513"
"exdqlm_multivar_synth_keep","draw_112",1748,"2022-05-17","forecast","0.648744634219270"
"exdqlm_multivar_synth_keep","draw_112",1748,"2022-05-18","forecast","0.652079143074738"
"exdqlm_multivar_synth_keep","draw_112",1748,"2022-05-19","forecast","0.627551481266087"
"exdqlm_multivar_synth_keep","draw_112",1748,"2022-05-20","forecast","0.615805695933846"
"exdqlm_multivar_synth_keep","draw_112",1748,"2022-05-21","forecast","0.623338860825091"
"exdqlm_multivar_synth_keep","draw_112",1748,"2022-05-22","forecast","0.613009213178806"
"exdqlm_multivar_synth_keep","draw_112",1748,"2022-05-23","forecast","0.621066902726885"
"exdqlm_multivar_synth_keep","draw_112",1748,"2022-05-24","forecast","0.616307322752862"
"exdqlm_multivar_synth_keep","draw_112",1748,"2022-05-25","forecast","0.599001632637459"
"exdqlm_multivar_synth_keep","draw_112",1748,"2022-05-26","forecast","0.603965875650734"
"exdqlm_multivar_synth_keep","draw_112",1748,"2022-05-27","forecast","0.588602014373893"
"exdqlm_multivar_synth_keep","draw_112",1748,"2022-05-28","forecast","0.592304188998932"
"exdqlm_multivar_synth_keep","draw_112",1748,"2022-05-29","forecast","0.588360688683844"
"exdqlm_multivar_synth_keep","draw_112",1748,"2022-05-30","forecast","0.591013446470946"
"exdqlm_multivar_synth_keep","draw_112",1748,"2022-05-31","forecast","0.583092693818583"
"exdqlm_multivar_synth_keep","draw_112",1748,"2022-06-01","forecast","0.581561705928128"
"exdqlm_multivar_synth_keep","draw_112",1748,"2022-06-02","forecast","0.568390761475536"
"exdqlm_multivar_synth_keep","draw_112",1748,"2022-06-03","forecast","0.556804967964970"
"exdqlm_multivar_synth_keep","draw_112",1748,"2022-06-04","forecast","0.562947569068062"
"exdqlm_multivar_synth_keep","draw_112",1748,"2022-06-05","forecast","0.563489290422179"
"exdqlm_multivar_synth_keep","draw_112",1748,"2022-06-06","forecast","0.547570810350788"
"exdqlm_multivar_synth_keep","draw_112",1748,"2022-06-07","forecast","0.550099306064740"
"exdqlm_multivar_synth_keep","draw_112",1748,"2022-06-08","forecast","0.541707396980138"
"exdqlm_multivar_synth_keep","draw_113",1764,"2022-05-12","forecast","0.679985235251343"
"exdqlm_multivar_synth_keep","draw_113",1764,"2022-05-13","forecast","0.665726758322871"
"exdqlm_multivar_synth_keep","draw_113",1764,"2022-05-14","forecast","0.690963845970797"
"exdqlm_multivar_synth_keep","draw_113",1764,"2022-05-15","forecast","0.680151321386641"
"exdqlm_multivar_synth_keep","draw_113",1764,"2022-05-16","forecast","0.651478065157612"
"exdqlm_multivar_synth_keep","draw_113",1764,"2022-05-17","forecast","0.658940880839037"
"exdqlm_multivar_synth_keep","draw_113",1764,"2022-05-18","forecast","0.655521916822345"
"exdqlm_multivar_synth_keep","draw_113",1764,"2022-05-19","forecast","0.637556695379210"
"exdqlm_multivar_synth_keep","draw_113",1764,"2022-05-20","forecast","0.623161830489031"
"exdqlm_multivar_synth_keep","draw_113",1764,"2022-05-21","forecast","0.628121941237077"
"exdqlm_multivar_synth_keep","draw_113",1764,"2022-05-22","forecast","0.616510375450516"
"exdqlm_multivar_synth_keep","draw_113",1764,"2022-05-23","forecast","0.625978212673198"
"exdqlm_multivar_synth_keep","draw_113",1764,"2022-05-24","forecast","0.625438594928899"
"exdqlm_multivar_synth_keep","draw_113",1764,"2022-05-25","forecast","0.605060320508460"
"exdqlm_multivar_synth_keep","draw_113",1764,"2022-05-26","forecast","0.608757649321277"
"exdqlm_multivar_synth_keep","draw_113",1764,"2022-05-27","forecast","0.594722365931774"
"exdqlm_multivar_synth_keep","draw_113",1764,"2022-05-28","forecast","0.598881410695072"
"exdqlm_multivar_synth_keep","draw_113",1764,"2022-05-29","forecast","0.594975755967795"
"exdqlm_multivar_synth_keep","draw_113",1764,"2022-05-30","forecast","0.594314452703037"
"exdqlm_multivar_synth_keep","draw_113",1764,"2022-05-31","forecast","0.588519662886849"
"exdqlm_multivar_synth_keep","draw_113",1764,"2022-06-01","forecast","0.586673583743956"
"exdqlm_multivar_synth_keep","draw_113",1764,"2022-06-02","forecast","0.576721266607210"
"exdqlm_multivar_synth_keep","draw_113",1764,"2022-06-03","forecast","0.561758655964457"
"exdqlm_multivar_synth_keep","draw_113",1764,"2022-06-04","forecast","0.568651763199248"
"exdqlm_multivar_synth_keep","draw_113",1764,"2022-06-05","forecast","0.567703714441791"
"exdqlm_multivar_synth_keep","draw_113",1764,"2022-06-06","forecast","0.551925900033862"
"exdqlm_multivar_synth_keep","draw_113",1764,"2022-06-07","forecast","0.556420872236632"
"exdqlm_multivar_synth_keep","draw_113",1764,"2022-06-08","forecast","0.545367782722686"
"exdqlm_multivar_synth_keep","draw_114",1780,"2022-05-12","forecast","0.684499668081438"
"exdqlm_multivar_synth_keep","draw_114",1780,"2022-05-13","forecast","0.673010901564641"
"exdqlm_multivar_synth_keep","draw_114",1780,"2022-05-14","forecast","0.697345247419299"
"exdqlm_multivar_synth_keep","draw_114",1780,"2022-05-15","forecast","0.691497091227916"
"exdqlm_multivar_synth_keep","draw_114",1780,"2022-05-16","forecast","0.656495986356856"
"exdqlm_multivar_synth_keep","draw_114",1780,"2022-05-17","forecast","0.663556336103622"
"exdqlm_multivar_synth_keep","draw_114",1780,"2022-05-18","forecast","0.659585546853310"
"exdqlm_multivar_synth_keep","draw_114",1780,"2022-05-19","forecast","0.644280795262963"
"exdqlm_multivar_synth_keep","draw_114",1780,"2022-05-20","forecast","0.631452319946476"
"exdqlm_multivar_synth_keep","draw_114",1780,"2022-05-21","forecast","0.630010508823778"
"exdqlm_multivar_synth_keep","draw_114",1780,"2022-05-22","forecast","0.620038694403966"
"exdqlm_multivar_synth_keep","draw_114",1780,"2022-05-23","forecast","0.631704808958577"
"exdqlm_multivar_synth_keep","draw_114",1780,"2022-05-24","forecast","0.630673435756104"
"exdqlm_multivar_synth_keep","draw_114",1780,"2022-05-25","forecast","0.610654056162771"
"exdqlm_multivar_synth_keep","draw_114",1780,"2022-05-26","forecast","0.614714152108120"
"exdqlm_multivar_synth_keep","draw_114",1780,"2022-05-27","forecast","0.603734769861684"
"exdqlm_multivar_synth_keep","draw_114",1780,"2022-05-28","forecast","0.604866409548078"
"exdqlm_multivar_synth_keep","draw_114",1780,"2022-05-29","forecast","0.600310940716430"
"exdqlm_multivar_synth_keep","draw_114",1780,"2022-05-30","forecast","0.599658822262527"
"exdqlm_multivar_synth_keep","draw_114",1780,"2022-05-31","forecast","0.595048960238046"
"exdqlm_multivar_synth_keep","draw_114",1780,"2022-06-01","forecast","0.590256363985896"
"exdqlm_multivar_synth_keep","draw_114",1780,"2022-06-02","forecast","0.581046983456784"
"exdqlm_multivar_synth_keep","draw_114",1780,"2022-06-03","forecast","0.568481091653126"
"exdqlm_multivar_synth_keep","draw_114",1780,"2022-06-04","forecast","0.574817544296678"
"exdqlm_multivar_synth_keep","draw_114",1780,"2022-06-05","forecast","0.574540427504288"
"exdqlm_multivar_synth_keep","draw_114",1780,"2022-06-06","forecast","0.558367373779564"
"exdqlm_multivar_synth_keep","draw_114",1780,"2022-06-07","forecast","0.565631907184968"
"exdqlm_multivar_synth_keep","draw_114",1780,"2022-06-08","forecast","0.549715390394202"
"exdqlm_multivar_synth_keep","draw_115",1795,"2022-05-12","forecast","0.689925482462076"
"exdqlm_multivar_synth_keep","draw_115",1795,"2022-05-13","forecast","0.680440379045127"
"exdqlm_multivar_synth_keep","draw_115",1795,"2022-05-14","forecast","0.703965279040141"
"exdqlm_multivar_synth_keep","draw_115",1795,"2022-05-15","forecast","0.697612759655003"
"exdqlm_multivar_synth_keep","draw_115",1795,"2022-05-16","forecast","0.667431269851557"
"exdqlm_multivar_synth_keep","draw_115",1795,"2022-05-17","forecast","0.669089814437448"
"exdqlm_multivar_synth_keep","draw_115",1795,"2022-05-18","forecast","0.663478359429734"
"exdqlm_multivar_synth_keep","draw_115",1795,"2022-05-19","forecast","0.650893965005825"
"exdqlm_multivar_synth_keep","draw_115",1795,"2022-05-20","forecast","0.636008139493463"
"exdqlm_multivar_synth_keep","draw_115",1795,"2022-05-21","forecast","0.635203015346788"
"exdqlm_multivar_synth_keep","draw_115",1795,"2022-05-22","forecast","0.627943313531038"
"exdqlm_multivar_synth_keep","draw_115",1795,"2022-05-23","forecast","0.636414233705701"
"exdqlm_multivar_synth_keep","draw_115",1795,"2022-05-24","forecast","0.635291414962103"
"exdqlm_multivar_synth_keep","draw_115",1795,"2022-05-25","forecast","0.616290974028843"
"exdqlm_multivar_synth_keep","draw_115",1795,"2022-05-26","forecast","0.619567861585870"
"exdqlm_multivar_synth_keep","draw_115",1795,"2022-05-27","forecast","0.612524691761553"
"exdqlm_multivar_synth_keep","draw_115",1795,"2022-05-28","forecast","0.610286901556622"
"exdqlm_multivar_synth_keep","draw_115",1795,"2022-05-29","forecast","0.606116972024805"
"exdqlm_multivar_synth_keep","draw_115",1795,"2022-05-30","forecast","0.607130612730182"
"exdqlm_multivar_synth_keep","draw_115",1795,"2022-05-31","forecast","0.597818262291178"
"exdqlm_multivar_synth_keep","draw_115",1795,"2022-06-01","forecast","0.597241976162196"
"exdqlm_multivar_synth_keep","draw_115",1795,"2022-06-02","forecast","0.586431935684713"
"exdqlm_multivar_synth_keep","draw_115",1795,"2022-06-03","forecast","0.575092182340166"
"exdqlm_multivar_synth_keep","draw_115",1795,"2022-06-04","forecast","0.579780542535465"
"exdqlm_multivar_synth_keep","draw_115",1795,"2022-06-05","forecast","0.577629569972852"
"exdqlm_multivar_synth_keep","draw_115",1795,"2022-06-06","forecast","0.563733460673058"
"exdqlm_multivar_synth_keep","draw_115",1795,"2022-06-07","forecast","0.572519673616591"
"exdqlm_multivar_synth_keep","draw_115",1795,"2022-06-08","forecast","0.556539406950836"
"exdqlm_multivar_synth_keep","draw_116",1811,"2022-05-12","forecast","0.696382145453080"
"exdqlm_multivar_synth_keep","draw_116",1811,"2022-05-13","forecast","0.686163309226483"
"exdqlm_multivar_synth_keep","draw_116",1811,"2022-05-14","forecast","0.709819063514519"
"exdqlm_multivar_synth_keep","draw_116",1811,"2022-05-15","forecast","0.703991930468341"
"exdqlm_multivar_synth_keep","draw_116",1811,"2022-05-16","forecast","0.674897217279662"
"exdqlm_multivar_synth_keep","draw_116",1811,"2022-05-17","forecast","0.678052698358680"
"exdqlm_multivar_synth_keep","draw_116",1811,"2022-05-18","forecast","0.669814607982834"
"exdqlm_multivar_synth_keep","draw_116",1811,"2022-05-19","forecast","0.657131965896201"
"exdqlm_multivar_synth_keep","draw_116",1811,"2022-05-20","forecast","0.642443171153413"
"exdqlm_multivar_synth_keep","draw_116",1811,"2022-05-21","forecast","0.644038310311723"
"exdqlm_multivar_synth_keep","draw_116",1811,"2022-05-22","forecast","0.632842281896103"
"exdqlm_multivar_synth_keep","draw_116",1811,"2022-05-23","forecast","0.642520815278474"
"exdqlm_multivar_synth_keep","draw_116",1811,"2022-05-24","forecast","0.639766735269525"
"exdqlm_multivar_synth_keep","draw_116",1811,"2022-05-25","forecast","0.621635684274957"
"exdqlm_multivar_synth_keep","draw_116",1811,"2022-05-26","forecast","0.626481203343384"
"exdqlm_multivar_synth_keep","draw_116",1811,"2022-05-27","forecast","0.620552154477248"
"exdqlm_multivar_synth_keep","draw_116",1811,"2022-05-28","forecast","0.614854962694620"
"exdqlm_multivar_synth_keep","draw_116",1811,"2022-05-29","forecast","0.614058183856021"
"exdqlm_multivar_synth_keep","draw_116",1811,"2022-05-30","forecast","0.611474246447757"
"exdqlm_multivar_synth_keep","draw_116",1811,"2022-05-31","forecast","0.604054467432385"
"exdqlm_multivar_synth_keep","draw_116",1811,"2022-06-01","forecast","0.602900927356259"
"exdqlm_multivar_synth_keep","draw_116",1811,"2022-06-02","forecast","0.590403737400074"
"exdqlm_multivar_synth_keep","draw_116",1811,"2022-06-03","forecast","0.582153890726759"
"exdqlm_multivar_synth_keep","draw_116",1811,"2022-06-04","forecast","0.583704818710037"
"exdqlm_multivar_synth_keep","draw_116",1811,"2022-06-05","forecast","0.584317899120958"
"exdqlm_multivar_synth_keep","draw_116",1811,"2022-06-06","forecast","0.569265003629898"
"exdqlm_multivar_synth_keep","draw_116",1811,"2022-06-07","forecast","0.577914387711875"
"exdqlm_multivar_synth_keep","draw_116",1811,"2022-06-08","forecast","0.563401003194659"
"exdqlm_multivar_synth_keep","draw_117",1827,"2022-05-12","forecast","0.703867592905887"
"exdqlm_multivar_synth_keep","draw_117",1827,"2022-05-13","forecast","0.694017213169688"
"exdqlm_multivar_synth_keep","draw_117",1827,"2022-05-14","forecast","0.717723108267721"
"exdqlm_multivar_synth_keep","draw_117",1827,"2022-05-15","forecast","0.709098917996302"
"exdqlm_multivar_synth_keep","draw_117",1827,"2022-05-16","forecast","0.684375962880212"
"exdqlm_multivar_synth_keep","draw_117",1827,"2022-05-17","forecast","0.684465407249037"
"exdqlm_multivar_synth_keep","draw_117",1827,"2022-05-18","forecast","0.675102741420859"
"exdqlm_multivar_synth_keep","draw_117",1827,"2022-05-19","forecast","0.663221767714346"
"exdqlm_multivar_synth_keep","draw_117",1827,"2022-05-20","forecast","0.647816120864317"
"exdqlm_multivar_synth_keep","draw_117",1827,"2022-05-21","forecast","0.652210979264203"
"exdqlm_multivar_synth_keep","draw_117",1827,"2022-05-22","forecast","0.642565055692581"
"exdqlm_multivar_synth_keep","draw_117",1827,"2022-05-23","forecast","0.646560043451960"
"exdqlm_multivar_synth_keep","draw_117",1827,"2022-05-24","forecast","0.644965851458399"
"exdqlm_multivar_synth_keep","draw_117",1827,"2022-05-25","forecast","0.628639101591537"
"exdqlm_multivar_synth_keep","draw_117",1827,"2022-05-26","forecast","0.636108696848031"
"exdqlm_multivar_synth_keep","draw_117",1827,"2022-05-27","forecast","0.625470574414261"
"exdqlm_multivar_synth_keep","draw_117",1827,"2022-05-28","forecast","0.621343720220900"
"exdqlm_multivar_synth_keep","draw_117",1827,"2022-05-29","forecast","0.619297099181755"
"exdqlm_multivar_synth_keep","draw_117",1827,"2022-05-30","forecast","0.624286420496897"
"exdqlm_multivar_synth_keep","draw_117",1827,"2022-05-31","forecast","0.607055235770354"
"exdqlm_multivar_synth_keep","draw_117",1827,"2022-06-01","forecast","0.610222706028707"
"exdqlm_multivar_synth_keep","draw_117",1827,"2022-06-02","forecast","0.599197633381041"
"exdqlm_multivar_synth_keep","draw_117",1827,"2022-06-03","forecast","0.587744654331260"
"exdqlm_multivar_synth_keep","draw_117",1827,"2022-06-04","forecast","0.589866290546628"
"exdqlm_multivar_synth_keep","draw_117",1827,"2022-06-05","forecast","0.588603253163066"
"exdqlm_multivar_synth_keep","draw_117",1827,"2022-06-06","forecast","0.579298255426217"
"exdqlm_multivar_synth_keep","draw_117",1827,"2022-06-07","forecast","0.583569708852963"
"exdqlm_multivar_synth_keep","draw_117",1827,"2022-06-08","forecast","0.565625098691936"
"exdqlm_multivar_synth_keep","draw_118",1843,"2022-05-12","forecast","0.709630057953594"
"exdqlm_multivar_synth_keep","draw_118",1843,"2022-05-13","forecast","0.706149067102789"
"exdqlm_multivar_synth_keep","draw_118",1843,"2022-05-14","forecast","0.722641322212359"
"exdqlm_multivar_synth_keep","draw_118",1843,"2022-05-15","forecast","0.713518975348967"
"exdqlm_multivar_synth_keep","draw_118",1843,"2022-05-16","forecast","0.692542059740669"
"exdqlm_multivar_synth_keep","draw_118",1843,"2022-05-17","forecast","0.691975397850565"
"exdqlm_multivar_synth_keep","draw_118",1843,"2022-05-18","forecast","0.680458937152561"
"exdqlm_multivar_synth_keep","draw_118",1843,"2022-05-19","forecast","0.673444777290086"
"exdqlm_multivar_synth_keep","draw_118",1843,"2022-05-20","forecast","0.656557623955615"
"exdqlm_multivar_synth_keep","draw_118",1843,"2022-05-21","forecast","0.657940815561709"
"exdqlm_multivar_synth_keep","draw_118",1843,"2022-05-22","forecast","0.653707632019863"
"exdqlm_multivar_synth_keep","draw_118",1843,"2022-05-23","forecast","0.654177429572914"
"exdqlm_multivar_synth_keep","draw_118",1843,"2022-05-24","forecast","0.650460431001932"
"exdqlm_multivar_synth_keep","draw_118",1843,"2022-05-25","forecast","0.634153751341849"
"exdqlm_multivar_synth_keep","draw_118",1843,"2022-05-26","forecast","0.643957390258979"
"exdqlm_multivar_synth_keep","draw_118",1843,"2022-05-27","forecast","0.631727432162917"
"exdqlm_multivar_synth_keep","draw_118",1843,"2022-05-28","forecast","0.625576743269882"
"exdqlm_multivar_synth_keep","draw_118",1843,"2022-05-29","forecast","0.624151380462466"
"exdqlm_multivar_synth_keep","draw_118",1843,"2022-05-30","forecast","0.629558385474236"
"exdqlm_multivar_synth_keep","draw_118",1843,"2022-05-31","forecast","0.612245434852178"
"exdqlm_multivar_synth_keep","draw_118",1843,"2022-06-01","forecast","0.616830959449113"
"exdqlm_multivar_synth_keep","draw_118",1843,"2022-06-02","forecast","0.602043148940609"
"exdqlm_multivar_synth_keep","draw_118",1843,"2022-06-03","forecast","0.595024697617392"
"exdqlm_multivar_synth_keep","draw_118",1843,"2022-06-04","forecast","0.599148684540924"
"exdqlm_multivar_synth_keep","draw_118",1843,"2022-06-05","forecast","0.592219264908077"
"exdqlm_multivar_synth_keep","draw_118",1843,"2022-06-06","forecast","0.584814126507142"
"exdqlm_multivar_synth_keep","draw_118",1843,"2022-06-07","forecast","0.589817393246495"
"exdqlm_multivar_synth_keep","draw_118",1843,"2022-06-08","forecast","0.568439110965200"
"exdqlm_multivar_synth_keep","draw_119",1858,"2022-05-12","forecast","0.716508513785261"
"exdqlm_multivar_synth_keep","draw_119",1858,"2022-05-13","forecast","0.714362947696267"
"exdqlm_multivar_synth_keep","draw_119",1858,"2022-05-14","forecast","0.732277443466418"
"exdqlm_multivar_synth_keep","draw_119",1858,"2022-05-15","forecast","0.722713511549203"
"exdqlm_multivar_synth_keep","draw_119",1858,"2022-05-16","forecast","0.699717544545823"
"exdqlm_multivar_synth_keep","draw_119",1858,"2022-05-17","forecast","0.696387043899043"
"exdqlm_multivar_synth_keep","draw_119",1858,"2022-05-18","forecast","0.684427167477556"
"exdqlm_multivar_synth_keep","draw_119",1858,"2022-05-19","forecast","0.678858401541597"
"exdqlm_multivar_synth_keep","draw_119",1858,"2022-05-20","forecast","0.661475806414230"
"exdqlm_multivar_synth_keep","draw_119",1858,"2022-05-21","forecast","0.663983181056509"
"exdqlm_multivar_synth_keep","draw_119",1858,"2022-05-22","forecast","0.658261109950859"
"exdqlm_multivar_synth_keep","draw_119",1858,"2022-05-23","forecast","0.659848122118367"
"exdqlm_multivar_synth_keep","draw_119",1858,"2022-05-24","forecast","0.653240658318222"
"exdqlm_multivar_synth_keep","draw_119",1858,"2022-05-25","forecast","0.641121206960150"
"exdqlm_multivar_synth_keep","draw_119",1858,"2022-05-26","forecast","0.649919242637524"
"exdqlm_multivar_synth_keep","draw_119",1858,"2022-05-27","forecast","0.637124120813543"
"exdqlm_multivar_synth_keep","draw_119",1858,"2022-05-28","forecast","0.630591253181995"
"exdqlm_multivar_synth_keep","draw_119",1858,"2022-05-29","forecast","0.628668493938899"
"exdqlm_multivar_synth_keep","draw_119",1858,"2022-05-30","forecast","0.635738391330325"
"exdqlm_multivar_synth_keep","draw_119",1858,"2022-05-31","forecast","0.618207087415890"
"exdqlm_multivar_synth_keep","draw_119",1858,"2022-06-01","forecast","0.624481544822547"
"exdqlm_multivar_synth_keep","draw_119",1858,"2022-06-02","forecast","0.606805144101840"
"exdqlm_multivar_synth_keep","draw_119",1858,"2022-06-03","forecast","0.601979199821017"
"exdqlm_multivar_synth_keep","draw_119",1858,"2022-06-04","forecast","0.604060161596792"
"exdqlm_multivar_synth_keep","draw_119",1858,"2022-06-05","forecast","0.598124846861762"
"exdqlm_multivar_synth_keep","draw_119",1858,"2022-06-06","forecast","0.587931180872487"
"exdqlm_multivar_synth_keep","draw_119",1858,"2022-06-07","forecast","0.595677113351942"
"exdqlm_multivar_synth_keep","draw_119",1858,"2022-06-08","forecast","0.576308414357010"
"exdqlm_multivar_synth_keep","draw_120",1874,"2022-05-12","forecast","0.721941618283001"
"exdqlm_multivar_synth_keep","draw_120",1874,"2022-05-13","forecast","0.717776673996040"
"exdqlm_multivar_synth_keep","draw_120",1874,"2022-05-14","forecast","0.740947774720898"
"exdqlm_multivar_synth_keep","draw_120",1874,"2022-05-15","forecast","0.728275965154444"
"exdqlm_multivar_synth_keep","draw_120",1874,"2022-05-16","forecast","0.703249886113047"
"exdqlm_multivar_synth_keep","draw_120",1874,"2022-05-17","forecast","0.701757967273650"
"exdqlm_multivar_synth_keep","draw_120",1874,"2022-05-18","forecast","0.686970296887052"
"exdqlm_multivar_synth_keep","draw_120",1874,"2022-05-19","forecast","0.681999005339096"
"exdqlm_multivar_synth_keep","draw_120",1874,"2022-05-20","forecast","0.667272611854595"
"exdqlm_multivar_synth_keep","draw_120",1874,"2022-05-21","forecast","0.670037674332779"
"exdqlm_multivar_synth_keep","draw_120",1874,"2022-05-22","forecast","0.668472793803312"
"exdqlm_multivar_synth_keep","draw_120",1874,"2022-05-23","forecast","0.668770397041057"
"exdqlm_multivar_synth_keep","draw_120",1874,"2022-05-24","forecast","0.658333292654488"
"exdqlm_multivar_synth_keep","draw_120",1874,"2022-05-25","forecast","0.649742836735106"
"exdqlm_multivar_synth_keep","draw_120",1874,"2022-05-26","forecast","0.654105294669605"
"exdqlm_multivar_synth_keep","draw_120",1874,"2022-05-27","forecast","0.646960031957821"
"exdqlm_multivar_synth_keep","draw_120",1874,"2022-05-28","forecast","0.633806934192315"
"exdqlm_multivar_synth_keep","draw_120",1874,"2022-05-29","forecast","0.632062691323532"
"exdqlm_multivar_synth_keep","draw_120",1874,"2022-05-30","forecast","0.644497578554884"
"exdqlm_multivar_synth_keep","draw_120",1874,"2022-05-31","forecast","0.628926697847217"
"exdqlm_multivar_synth_keep","draw_120",1874,"2022-06-01","forecast","0.632737574936928"
"exdqlm_multivar_synth_keep","draw_120",1874,"2022-06-02","forecast","0.614838945244193"
"exdqlm_multivar_synth_keep","draw_120",1874,"2022-06-03","forecast","0.609501115870896"
"exdqlm_multivar_synth_keep","draw_120",1874,"2022-06-04","forecast","0.612082042052638"
"exdqlm_multivar_synth_keep","draw_120",1874,"2022-06-05","forecast","0.603130921529885"
"exdqlm_multivar_synth_keep","draw_120",1874,"2022-06-06","forecast","0.591702324882803"
"exdqlm_multivar_synth_keep","draw_120",1874,"2022-06-07","forecast","0.604049238722700"
"exdqlm_multivar_synth_keep","draw_120",1874,"2022-06-08","forecast","0.581544736680669"
"exdqlm_multivar_synth_keep","draw_121",1890,"2022-05-12","forecast","0.731934662204194"
"exdqlm_multivar_synth_keep","draw_121",1890,"2022-05-13","forecast","0.724025237087750"
"exdqlm_multivar_synth_keep","draw_121",1890,"2022-05-14","forecast","0.745562728373336"
"exdqlm_multivar_synth_keep","draw_121",1890,"2022-05-15","forecast","0.735876052149080"
"exdqlm_multivar_synth_keep","draw_121",1890,"2022-05-16","forecast","0.707533365563616"
"exdqlm_multivar_synth_keep","draw_121",1890,"2022-05-17","forecast","0.710641193436596"
"exdqlm_multivar_synth_keep","draw_121",1890,"2022-05-18","forecast","0.692584110149616"
"exdqlm_multivar_synth_keep","draw_121",1890,"2022-05-19","forecast","0.687626562769165"
"exdqlm_multivar_synth_keep","draw_121",1890,"2022-05-20","forecast","0.675814482634355"
"exdqlm_multivar_synth_keep","draw_121",1890,"2022-05-21","forecast","0.677665968036410"
"exdqlm_multivar_synth_keep","draw_121",1890,"2022-05-22","forecast","0.673792996524990"
"exdqlm_multivar_synth_keep","draw_121",1890,"2022-05-23","forecast","0.682485622189390"
"exdqlm_multivar_synth_keep","draw_121",1890,"2022-05-24","forecast","0.662925818292163"
"exdqlm_multivar_synth_keep","draw_121",1890,"2022-05-25","forecast","0.655626951629725"
"exdqlm_multivar_synth_keep","draw_121",1890,"2022-05-26","forecast","0.658365846835729"
"exdqlm_multivar_synth_keep","draw_121",1890,"2022-05-27","forecast","0.653167388735944"
"exdqlm_multivar_synth_keep","draw_121",1890,"2022-05-28","forecast","0.647072503725399"
"exdqlm_multivar_synth_keep","draw_121",1890,"2022-05-29","forecast","0.636718819567661"
"exdqlm_multivar_synth_keep","draw_121",1890,"2022-05-30","forecast","0.653152697338803"
"exdqlm_multivar_synth_keep","draw_121",1890,"2022-05-31","forecast","0.635547677859084"
"exdqlm_multivar_synth_keep","draw_121",1890,"2022-06-01","forecast","0.644238387007133"
"exdqlm_multivar_synth_keep","draw_121",1890,"2022-06-02","forecast","0.620411195600014"
"exdqlm_multivar_synth_keep","draw_121",1890,"2022-06-03","forecast","0.615779836131896"
"exdqlm_multivar_synth_keep","draw_121",1890,"2022-06-04","forecast","0.620358302774539"
"exdqlm_multivar_synth_keep","draw_121",1890,"2022-06-05","forecast","0.605506477874052"
"exdqlm_multivar_synth_keep","draw_121",1890,"2022-06-06","forecast","0.598381276629890"
"exdqlm_multivar_synth_keep","draw_121",1890,"2022-06-07","forecast","0.609173976736314"
"exdqlm_multivar_synth_keep","draw_121",1890,"2022-06-08","forecast","0.588169834104158"
"exdqlm_multivar_synth_keep","draw_122",1906,"2022-05-12","forecast","0.738312862064845"
"exdqlm_multivar_synth_keep","draw_122",1906,"2022-05-13","forecast","0.733180175550408"
"exdqlm_multivar_synth_keep","draw_122",1906,"2022-05-14","forecast","0.757430078965031"
"exdqlm_multivar_synth_keep","draw_122",1906,"2022-05-15","forecast","0.750094564145314"
"exdqlm_multivar_synth_keep","draw_122",1906,"2022-05-16","forecast","0.718331601048296"
"exdqlm_multivar_synth_keep","draw_122",1906,"2022-05-17","forecast","0.718241519946956"
"exdqlm_multivar_synth_keep","draw_122",1906,"2022-05-18","forecast","0.703313791650452"
"exdqlm_multivar_synth_keep","draw_122",1906,"2022-05-19","forecast","0.696379431134943"
"exdqlm_multivar_synth_keep","draw_122",1906,"2022-05-20","forecast","0.678794792331725"
"exdqlm_multivar_synth_keep","draw_122",1906,"2022-05-21","forecast","0.686741559424530"
"exdqlm_multivar_synth_keep","draw_122",1906,"2022-05-22","forecast","0.678027234141878"
"exdqlm_multivar_synth_keep","draw_122",1906,"2022-05-23","forecast","0.688775209489525"
"exdqlm_multivar_synth_keep","draw_122",1906,"2022-05-24","forecast","0.666058225056386"
"exdqlm_multivar_synth_keep","draw_122",1906,"2022-05-25","forecast","0.668888055663674"
"exdqlm_multivar_synth_keep","draw_122",1906,"2022-05-26","forecast","0.666192511413738"
"exdqlm_multivar_synth_keep","draw_122",1906,"2022-05-27","forecast","0.661056188503262"
"exdqlm_multivar_synth_keep","draw_122",1906,"2022-05-28","forecast","0.656773692317881"
"exdqlm_multivar_synth_keep","draw_122",1906,"2022-05-29","forecast","0.640873086781620"
"exdqlm_multivar_synth_keep","draw_122",1906,"2022-05-30","forecast","0.657901145419455"
"exdqlm_multivar_synth_keep","draw_122",1906,"2022-05-31","forecast","0.646257267774945"
"exdqlm_multivar_synth_keep","draw_122",1906,"2022-06-01","forecast","0.652233017758023"
"exdqlm_multivar_synth_keep","draw_122",1906,"2022-06-02","forecast","0.630349298473940"
"exdqlm_multivar_synth_keep","draw_122",1906,"2022-06-03","forecast","0.621726633716860"
"exdqlm_multivar_synth_keep","draw_122",1906,"2022-06-04","forecast","0.629118367922328"
"exdqlm_multivar_synth_keep","draw_122",1906,"2022-06-05","forecast","0.607511730625682"
"exdqlm_multivar_synth_keep","draw_122",1906,"2022-06-06","forecast","0.600937518926594"
"exdqlm_multivar_synth_keep","draw_122",1906,"2022-06-07","forecast","0.614084097667385"
"exdqlm_multivar_synth_keep","draw_122",1906,"2022-06-08","forecast","0.595730440805962"
"exdqlm_multivar_synth_keep","draw_123",1921,"2022-05-12","forecast","0.749015312648442"
"exdqlm_multivar_synth_keep","draw_123",1921,"2022-05-13","forecast","0.739513434328104"
"exdqlm_multivar_synth_keep","draw_123",1921,"2022-05-14","forecast","0.770127552992763"
"exdqlm_multivar_synth_keep","draw_123",1921,"2022-05-15","forecast","0.764848972531533"
"exdqlm_multivar_synth_keep","draw_123",1921,"2022-05-16","forecast","0.736189358991657"
"exdqlm_multivar_synth_keep","draw_123",1921,"2022-05-17","forecast","0.727677624995374"
"exdqlm_multivar_synth_keep","draw_123",1921,"2022-05-18","forecast","0.713410994554028"
"exdqlm_multivar_synth_keep","draw_123",1921,"2022-05-19","forecast","0.704941347223205"
"exdqlm_multivar_synth_keep","draw_123",1921,"2022-05-20","forecast","0.689342603603652"
"exdqlm_multivar_synth_keep","draw_123",1921,"2022-05-21","forecast","0.696478548000719"
"exdqlm_multivar_synth_keep","draw_123",1921,"2022-05-22","forecast","0.686636331218512"
"exdqlm_multivar_synth_keep","draw_123",1921,"2022-05-23","forecast","0.697368450665453"
"exdqlm_multivar_synth_keep","draw_123",1921,"2022-05-24","forecast","0.670326349604795"
"exdqlm_multivar_synth_keep","draw_123",1921,"2022-05-25","forecast","0.679590910415394"
"exdqlm_multivar_synth_keep","draw_123",1921,"2022-05-26","forecast","0.685537519329461"
"exdqlm_multivar_synth_keep","draw_123",1921,"2022-05-27","forecast","0.667285184373394"
"exdqlm_multivar_synth_keep","draw_123",1921,"2022-05-28","forecast","0.663124465725950"
"exdqlm_multivar_synth_keep","draw_123",1921,"2022-05-29","forecast","0.650442158721024"
"exdqlm_multivar_synth_keep","draw_123",1921,"2022-05-30","forecast","0.662636489428275"
"exdqlm_multivar_synth_keep","draw_123",1921,"2022-05-31","forecast","0.657576943077037"
"exdqlm_multivar_synth_keep","draw_123",1921,"2022-06-01","forecast","0.660723359097451"
"exdqlm_multivar_synth_keep","draw_123",1921,"2022-06-02","forecast","0.641022540903698"
"exdqlm_multivar_synth_keep","draw_123",1921,"2022-06-03","forecast","0.632352129604781"
"exdqlm_multivar_synth_keep","draw_123",1921,"2022-06-04","forecast","0.639953477783408"
"exdqlm_multivar_synth_keep","draw_123",1921,"2022-06-05","forecast","0.616279852506614"
"exdqlm_multivar_synth_keep","draw_123",1921,"2022-06-06","forecast","0.610338910489525"
"exdqlm_multivar_synth_keep","draw_123",1921,"2022-06-07","forecast","0.622108763321026"
"exdqlm_multivar_synth_keep","draw_123",1921,"2022-06-08","forecast","0.607039405023390"
"exdqlm_multivar_synth_keep","draw_124",1937,"2022-05-12","forecast","0.758159626906970"
"exdqlm_multivar_synth_keep","draw_124",1937,"2022-05-13","forecast","0.749201352012527"
"exdqlm_multivar_synth_keep","draw_124",1937,"2022-05-14","forecast","0.784918503127876"
"exdqlm_multivar_synth_keep","draw_124",1937,"2022-05-15","forecast","0.773005376357838"
"exdqlm_multivar_synth_keep","draw_124",1937,"2022-05-16","forecast","0.746313314603204"
"exdqlm_multivar_synth_keep","draw_124",1937,"2022-05-17","forecast","0.742000821239688"
"exdqlm_multivar_synth_keep","draw_124",1937,"2022-05-18","forecast","0.724785628085935"
"exdqlm_multivar_synth_keep","draw_124",1937,"2022-05-19","forecast","0.720160487647694"
"exdqlm_multivar_synth_keep","draw_124",1937,"2022-05-20","forecast","0.711485443693608"
"exdqlm_multivar_synth_keep","draw_124",1937,"2022-05-21","forecast","0.711614846838771"
"exdqlm_multivar_synth_keep","draw_124",1937,"2022-05-22","forecast","0.702810377289046"
"exdqlm_multivar_synth_keep","draw_124",1937,"2022-05-23","forecast","0.704987861572197"
"exdqlm_multivar_synth_keep","draw_124",1937,"2022-05-24","forecast","0.677407108264283"
"exdqlm_multivar_synth_keep","draw_124",1937,"2022-05-25","forecast","0.694169634554535"
"exdqlm_multivar_synth_keep","draw_124",1937,"2022-05-26","forecast","0.703225195043743"
"exdqlm_multivar_synth_keep","draw_124",1937,"2022-05-27","forecast","0.676222592049234"
"exdqlm_multivar_synth_keep","draw_124",1937,"2022-05-28","forecast","0.671239563718365"
"exdqlm_multivar_synth_keep","draw_124",1937,"2022-05-29","forecast","0.658019071242545"
"exdqlm_multivar_synth_keep","draw_124",1937,"2022-05-30","forecast","0.667339705559258"
"exdqlm_multivar_synth_keep","draw_124",1937,"2022-05-31","forecast","0.671244669561161"
"exdqlm_multivar_synth_keep","draw_124",1937,"2022-06-01","forecast","0.675362692746935"
"exdqlm_multivar_synth_keep","draw_124",1937,"2022-06-02","forecast","0.650865640877847"
"exdqlm_multivar_synth_keep","draw_124",1937,"2022-06-03","forecast","0.646547129569254"
"exdqlm_multivar_synth_keep","draw_124",1937,"2022-06-04","forecast","0.653445750099928"
"exdqlm_multivar_synth_keep","draw_124",1937,"2022-06-05","forecast","0.625324306889113"
"exdqlm_multivar_synth_keep","draw_124",1937,"2022-06-06","forecast","0.614502824072238"
"exdqlm_multivar_synth_keep","draw_124",1937,"2022-06-07","forecast","0.634072169213331"
"exdqlm_multivar_synth_keep","draw_124",1937,"2022-06-08","forecast","0.620621094110072"
"exdqlm_multivar_synth_keep","draw_125",1953,"2022-05-12","forecast","0.770840665254361"
"exdqlm_multivar_synth_keep","draw_125",1953,"2022-05-13","forecast","0.764325961240860"
"exdqlm_multivar_synth_keep","draw_125",1953,"2022-05-14","forecast","0.798639705794243"
"exdqlm_multivar_synth_keep","draw_125",1953,"2022-05-15","forecast","0.787026761666875"
"exdqlm_multivar_synth_keep","draw_125",1953,"2022-05-16","forecast","0.766993523720800"
"exdqlm_multivar_synth_keep","draw_125",1953,"2022-05-17","forecast","0.768005032655993"
"exdqlm_multivar_synth_keep","draw_125",1953,"2022-05-18","forecast","0.731812915367904"
"exdqlm_multivar_synth_keep","draw_125",1953,"2022-05-19","forecast","0.741134926809716"
"exdqlm_multivar_synth_keep","draw_125",1953,"2022-05-20","forecast","0.731514174430600"
"exdqlm_multivar_synth_keep","draw_125",1953,"2022-05-21","forecast","0.730232674882813"
"exdqlm_multivar_synth_keep","draw_125",1953,"2022-05-22","forecast","0.718529106136803"
"exdqlm_multivar_synth_keep","draw_125",1953,"2022-05-23","forecast","0.718495473695254"
"exdqlm_multivar_synth_keep","draw_125",1953,"2022-05-24","forecast","0.685574041702654"
"exdqlm_multivar_synth_keep","draw_125",1953,"2022-05-25","forecast","0.710531671106558"
"exdqlm_multivar_synth_keep","draw_125",1953,"2022-05-26","forecast","0.717575824631861"
"exdqlm_multivar_synth_keep","draw_125",1953,"2022-05-27","forecast","0.687373512573749"
"exdqlm_multivar_synth_keep","draw_125",1953,"2022-05-28","forecast","0.682932553293732"
"exdqlm_multivar_synth_keep","draw_125",1953,"2022-05-29","forecast","0.673345206269390"
"exdqlm_multivar_synth_keep","draw_125",1953,"2022-05-30","forecast","0.673376640722588"
"exdqlm_multivar_synth_keep","draw_125",1953,"2022-05-31","forecast","0.686376769356435"
"exdqlm_multivar_synth_keep","draw_125",1953,"2022-06-01","forecast","0.700910930211547"
"exdqlm_multivar_synth_keep","draw_125",1953,"2022-06-02","forecast","0.662084697295914"
"exdqlm_multivar_synth_keep","draw_125",1953,"2022-06-03","forecast","0.664693675022992"
"exdqlm_multivar_synth_keep","draw_125",1953,"2022-06-04","forecast","0.668082514350610"
"exdqlm_multivar_synth_keep","draw_125",1953,"2022-06-05","forecast","0.651180236120334"
"exdqlm_multivar_synth_keep","draw_125",1953,"2022-06-06","forecast","0.630114087725804"
"exdqlm_multivar_synth_keep","draw_125",1953,"2022-06-07","forecast","0.654750445728732"
"exdqlm_multivar_synth_keep","draw_125",1953,"2022-06-08","forecast","0.630231510757133"
"exdqlm_multivar_synth_keep","draw_126",1969,"2022-05-12","forecast","0.789413066571892"
"exdqlm_multivar_synth_keep","draw_126",1969,"2022-05-13","forecast","0.785827884436210"
"exdqlm_multivar_synth_keep","draw_126",1969,"2022-05-14","forecast","0.816188866811210"
"exdqlm_multivar_synth_keep","draw_126",1969,"2022-05-15","forecast","0.806023927604415"
"exdqlm_multivar_synth_keep","draw_126",1969,"2022-05-16","forecast","0.780667283772145"
"exdqlm_multivar_synth_keep","draw_126",1969,"2022-05-17","forecast","0.784101172918602"
"exdqlm_multivar_synth_keep","draw_126",1969,"2022-05-18","forecast","0.739372178775066"
"exdqlm_multivar_synth_keep","draw_126",1969,"2022-05-19","forecast","0.764441160025580"
"exdqlm_multivar_synth_keep","draw_126",1969,"2022-05-20","forecast","0.770105015545603"
"exdqlm_multivar_synth_keep","draw_126",1969,"2022-05-21","forecast","0.743792352455558"
"exdqlm_multivar_synth_keep","draw_126",1969,"2022-05-22","forecast","0.734130509196626"
"exdqlm_multivar_synth_keep","draw_126",1969,"2022-05-23","forecast","0.741561981874212"
"exdqlm_multivar_synth_keep","draw_126",1969,"2022-05-24","forecast","0.712364950137164"
"exdqlm_multivar_synth_keep","draw_126",1969,"2022-05-25","forecast","0.734209694648385"
"exdqlm_multivar_synth_keep","draw_126",1969,"2022-05-26","forecast","0.743898868787460"
"exdqlm_multivar_synth_keep","draw_126",1969,"2022-05-27","forecast","0.711976388496157"
"exdqlm_multivar_synth_keep","draw_126",1969,"2022-05-28","forecast","0.706406466627850"
"exdqlm_multivar_synth_keep","draw_126",1969,"2022-05-29","forecast","0.707709425929960"
"exdqlm_multivar_synth_keep","draw_126",1969,"2022-05-30","forecast","0.685209032975847"
"exdqlm_multivar_synth_keep","draw_126",1969,"2022-05-31","forecast","0.705404462048304"
"exdqlm_multivar_synth_keep","draw_126",1969,"2022-06-01","forecast","0.735786982546288"
"exdqlm_multivar_synth_keep","draw_126",1969,"2022-06-02","forecast","0.686844424035427"
"exdqlm_multivar_synth_keep","draw_126",1969,"2022-06-03","forecast","0.694436408730863"
"exdqlm_multivar_synth_keep","draw_126",1969,"2022-06-04","forecast","0.682691065975954"
"exdqlm_multivar_synth_keep","draw_126",1969,"2022-06-05","forecast","0.676261076077761"
"exdqlm_multivar_synth_keep","draw_126",1969,"2022-06-06","forecast","0.654153389970213"
"exdqlm_multivar_synth_keep","draw_126",1969,"2022-06-07","forecast","0.674434456259747"
"exdqlm_multivar_synth_keep","draw_126",1969,"2022-06-08","forecast","0.644242874582727"
"exdqlm_multivar_synth_keep","draw_127",1984,"2022-05-12","forecast","0.812727517294860"
"exdqlm_multivar_synth_keep","draw_127",1984,"2022-05-13","forecast","0.815951951371321"
"exdqlm_multivar_synth_keep","draw_127",1984,"2022-05-14","forecast","0.871234362162444"
"exdqlm_multivar_synth_keep","draw_127",1984,"2022-05-15","forecast","0.855290224722071"
"exdqlm_multivar_synth_keep","draw_127",1984,"2022-05-16","forecast","0.816303392167430"
"exdqlm_multivar_synth_keep","draw_127",1984,"2022-05-17","forecast","0.852820617914389"
"exdqlm_multivar_synth_keep","draw_127",1984,"2022-05-18","forecast","0.778187806430595"
"exdqlm_multivar_synth_keep","draw_127",1984,"2022-05-19","forecast","0.800707777501834"
"exdqlm_multivar_synth_keep","draw_127",1984,"2022-05-20","forecast","0.805720884980659"
"exdqlm_multivar_synth_keep","draw_127",1984,"2022-05-21","forecast","0.775092174976871"
"exdqlm_multivar_synth_keep","draw_127",1984,"2022-05-22","forecast","0.773475474963001"
"exdqlm_multivar_synth_keep","draw_127",1984,"2022-05-23","forecast","0.777466792271363"
"exdqlm_multivar_synth_keep","draw_127",1984,"2022-05-24","forecast","0.758275498783316"
"exdqlm_multivar_synth_keep","draw_127",1984,"2022-05-25","forecast","0.777757170111131"
"exdqlm_multivar_synth_keep","draw_127",1984,"2022-05-26","forecast","0.781440989250457"
"exdqlm_multivar_synth_keep","draw_127",1984,"2022-05-27","forecast","0.731748366621943"
"exdqlm_multivar_synth_keep","draw_127",1984,"2022-05-28","forecast","0.758821025997682"
"exdqlm_multivar_synth_keep","draw_127",1984,"2022-05-29","forecast","0.732370766942768"
"exdqlm_multivar_synth_keep","draw_127",1984,"2022-05-30","forecast","0.714629731152134"
"exdqlm_multivar_synth_keep","draw_127",1984,"2022-05-31","forecast","0.742623664318205"
"exdqlm_multivar_synth_keep","draw_127",1984,"2022-06-01","forecast","0.762263041546272"
"exdqlm_multivar_synth_keep","draw_127",1984,"2022-06-02","forecast","0.732566924109388"
"exdqlm_multivar_synth_keep","draw_127",1984,"2022-06-03","forecast","0.737535707251310"
"exdqlm_multivar_synth_keep","draw_127",1984,"2022-06-04","forecast","0.701011182824793"
"exdqlm_multivar_synth_keep","draw_127",1984,"2022-06-05","forecast","0.709414868503314"
"exdqlm_multivar_synth_keep","draw_127",1984,"2022-06-06","forecast","0.696073159228076"
"exdqlm_multivar_synth_keep","draw_127",1984,"2022-06-07","forecast","0.696791514545586"
"exdqlm_multivar_synth_keep","draw_127",1984,"2022-06-08","forecast","0.687705600205241"
"exdqlm_multivar_synth_keep","draw_128",2000,"2022-05-12","forecast","0.936278344869105"
"exdqlm_multivar_synth_keep","draw_128",2000,"2022-05-13","forecast","0.930211856374603"
"exdqlm_multivar_synth_keep","draw_128",2000,"2022-05-14","forecast","0.997490977453742"
"exdqlm_multivar_synth_keep","draw_128",2000,"2022-05-15","forecast","0.946679319372190"
"exdqlm_multivar_synth_keep","draw_128",2000,"2022-05-16","forecast","0.894589180987420"
"exdqlm_multivar_synth_keep","draw_128",2000,"2022-05-17","forecast","0.964004576776401"
"exdqlm_multivar_synth_keep","draw_128",2000,"2022-05-18","forecast","0.862175633266291"
"exdqlm_multivar_synth_keep","draw_128",2000,"2022-05-19","forecast","0.922531135422473"
"exdqlm_multivar_synth_keep","draw_128",2000,"2022-05-20","forecast","0.902888859792264"
"exdqlm_multivar_synth_keep","draw_128",2000,"2022-05-21","forecast","0.934476260919271"
"exdqlm_multivar_synth_keep","draw_128",2000,"2022-05-22","forecast","0.907999846572062"
"exdqlm_multivar_synth_keep","draw_128",2000,"2022-05-23","forecast","0.953831201503088"
"exdqlm_multivar_synth_keep","draw_128",2000,"2022-05-24","forecast","0.856452277434628"
"exdqlm_multivar_synth_keep","draw_128",2000,"2022-05-25","forecast","0.881948481601045"
"exdqlm_multivar_synth_keep","draw_128",2000,"2022-05-26","forecast","0.887912826907040"
"exdqlm_multivar_synth_keep","draw_128",2000,"2022-05-27","forecast","0.920240396347953"
"exdqlm_multivar_synth_keep","draw_128",2000,"2022-05-28","forecast","0.894666131045019"
"exdqlm_multivar_synth_keep","draw_128",2000,"2022-05-29","forecast","0.875762677591519"
"exdqlm_multivar_synth_keep","draw_128",2000,"2022-05-30","forecast","0.819587055893625"
"exdqlm_multivar_synth_keep","draw_128",2000,"2022-05-31","forecast","0.872151711470030"
"exdqlm_multivar_synth_keep","draw_128",2000,"2022-06-01","forecast","0.853859006944638"
"exdqlm_multivar_synth_keep","draw_128",2000,"2022-06-02","forecast","0.893719259728713"
"exdqlm_multivar_synth_keep","draw_128",2000,"2022-06-03","forecast","0.858332901764089"
"exdqlm_multivar_synth_keep","draw_128",2000,"2022-06-04","forecast","0.856564892425912"
"exdqlm_multivar_synth_keep","draw_128",2000,"2022-06-05","forecast","0.795829013678812"
"exdqlm_multivar_synth_keep","draw_128",2000,"2022-06-06","forecast","0.775934230087366"
"exdqlm_multivar_synth_keep","draw_128",2000,"2022-06-07","forecast","0.848342335052243"
"exdqlm_multivar_synth_keep","draw_128",2000,"2022-06-08","forecast","0.777918100902255"
