"model_id","draw_id","sample_index","date","segment","value"
"exdqlm_multivar_synth_keep","draw_001",1,"2022-12-07","history","0"
"exdqlm_multivar_synth_keep","draw_001",1,"2022-12-08","history","0"
"exdqlm_multivar_synth_keep","draw_001",1,"2022-12-09","history","0"
"exdqlm_multivar_synth_keep","draw_001",1,"2022-12-10","history","0"
"exdqlm_multivar_synth_keep","draw_001",1,"2022-12-11","history","0"
"exdqlm_multivar_synth_keep","draw_001",1,"2022-12-12","history","0"
"exdqlm_multivar_synth_keep","draw_001",1,"2022-12-13","history","0"
"exdqlm_multivar_synth_keep","draw_001",1,"2022-12-14","history","0"
"exdqlm_multivar_synth_keep","draw_001",1,"2022-12-15","history","0"
"exdqlm_multivar_synth_keep","draw_001",1,"2022-12-16","history","0"
"exdqlm_multivar_synth_keep","draw_001",1,"2022-12-17","history","0"
"exdqlm_multivar_synth_keep","draw_001",1,"2022-12-18","history","0"
"exdqlm_multivar_synth_keep","draw_001",1,"2022-12-19","history","0"
"exdqlm_multivar_synth_keep","draw_001",1,"2022-12-20","history","0.855991472894355"
"exdqlm_multivar_synth_keep","draw_001",1,"2022-12-21","history","0"
"exdqlm_multivar_synth_keep","draw_001",1,"2022-12-22","history","0"
"exdqlm_multivar_synth_keep","draw_001",1,"2022-12-23","history","0"
"exdqlm_multivar_synth_keep","draw_001",1,"2022-12-24","history","0"
"exdqlm_multivar_synth_keep","draw_001",1,"2022-12-25","history","0"
"exdqlm_multivar_synth_keep","draw_002",17,"2022-12-07","history","0.661472917595639"
"exdqlm_multivar_synth_keep","draw_002",17,"2022-12-08","history","0.628447974768248"
"exdqlm_multivar_synth_keep","draw_002",17,"2022-12-09","history","0.624740342190231"
"exdqlm_multivar_synth_keep","draw_002",17,"2022-12-10","history","0.695548668377718"
"exdqlm_multivar_synth_keep","draw_002",17,"2022-12-11","history","1.17647041389159"
"exdqlm_multivar_synth_keep","draw_002",17,"2022-12-12","history","1.53887736757868"
"exdqlm_multivar_synth_keep","draw_002",17,"2022-12-13","history","1.45327099901229"
"exdqlm_multivar_synth_keep","draw_002",17,"2022-12-14","history","1.14529702183024"
"exdqlm_multivar_synth_keep","draw_002",17,"2022-12-15","history","1.00036227223452"
"exdqlm_multivar_synth_keep","draw_002",17,"2022-12-16","history","0.995579628452291"
"exdqlm_multivar_synth_keep","draw_002",17,"2022-12-17","history","0.970843203593538"
"exdqlm_multivar_synth_keep","draw_002",17,"2022-12-18","history","0.968586226554597"
"exdqlm_multivar_synth_keep","draw_002",17,"2022-12-19","history","0.941194238619490"
"exdqlm_multivar_synth_keep","draw_002",17,"2022-12-20","history","0.911581871147677"
"exdqlm_multivar_synth_keep","draw_002",17,"2022-12-21","history","0.909123046143888"
"exdqlm_multivar_synth_keep","draw_002",17,"2022-12-22","history","0.880460773205112"
"exdqlm_multivar_synth_keep","draw_002",17,"2022-12-23","history","0.872409794609901"
"exdqlm_multivar_synth_keep","draw_002",17,"2022-12-24","history","0.857083448707337"
"exdqlm_multivar_synth_keep","draw_002",17,"2022-12-25","history","0.825870470913813"
"exdqlm_multivar_synth_keep","draw_003",32,"2022-12-07","history","0.686055167267905"
"exdqlm_multivar_synth_keep","draw_003",32,"2022-12-08","history","0.656575848760841"
"exdqlm_multivar_synth_keep","draw_003",32,"2022-12-09","history","0.645426717670210"
"exdqlm_multivar_synth_keep","draw_003",32,"2022-12-10","history","0.708589348344959"
"exdqlm_multivar_synth_keep","draw_003",32,"2022-12-11","history","1.21630443219335"
"exdqlm_multivar_synth_keep","draw_003",32,"2022-12-12","history","1.56631918308911"
"exdqlm_multivar_synth_keep","draw_003",32,"2022-12-13","history","1.48241528998863"
"exdqlm_multivar_synth_keep","draw_003",32,"2022-12-14","history","1.15946717285591"
"exdqlm_multivar_synth_keep","draw_003",32,"2022-12-15","history","1.03144275897198"
"exdqlm_multivar_synth_keep","draw_003",32,"2022-12-16","history","1.02314122607449"
"exdqlm_multivar_synth_keep","draw_003",32,"2022-12-17","history","0.994553670844099"
"exdqlm_multivar_synth_keep","draw_003",32,"2022-12-18","history","0.978299552752610"
"exdqlm_multivar_synth_keep","draw_003",32,"2022-12-19","history","0.974124068036443"
"exdqlm_multivar_synth_keep","draw_003",32,"2022-12-20","history","0.932734449533419"
"exdqlm_multivar_synth_keep","draw_003",32,"2022-12-21","history","0.930271451129715"
"exdqlm_multivar_synth_keep","draw_003",32,"2022-12-22","history","0.900148013358401"
"exdqlm_multivar_synth_keep","draw_003",32,"2022-12-23","history","0.893559803818278"
"exdqlm_multivar_synth_keep","draw_003",32,"2022-12-24","history","0.868961614515124"
"exdqlm_multivar_synth_keep","draw_003",32,"2022-12-25","history","0.836283339142767"
"exdqlm_multivar_synth_keep","draw_004",48,"2022-12-07","history","0.711349256545593"
"exdqlm_multivar_synth_keep","draw_004",48,"2022-12-08","history","0.675412855053640"
"exdqlm_multivar_synth_keep","draw_004",48,"2022-12-09","history","0.662993573523988"
"exdqlm_multivar_synth_keep","draw_004",48,"2022-12-10","history","0.722560039191731"
"exdqlm_multivar_synth_keep","draw_004",48,"2022-12-11","history","1.22332506712377"
"exdqlm_multivar_synth_keep","draw_004",48,"2022-12-12","history","1.57560526825415"
"exdqlm_multivar_synth_keep","draw_004",48,"2022-12-13","history","1.49177672005848"
"exdqlm_multivar_synth_keep","draw_004",48,"2022-12-14","history","1.17744262210752"
"exdqlm_multivar_synth_keep","draw_004",48,"2022-12-15","history","1.04425057136430"
"exdqlm_multivar_synth_keep","draw_004",48,"2022-12-16","history","1.03158774446224"
"exdqlm_multivar_synth_keep","draw_004",48,"2022-12-17","history","1.01656878607693"
"exdqlm_multivar_synth_keep","draw_004",48,"2022-12-18","history","0.993863569704230"
"exdqlm_multivar_synth_keep","draw_004",48,"2022-12-19","history","0.980996897941741"
"exdqlm_multivar_synth_keep","draw_004",48,"2022-12-20","history","0.949743358753158"
"exdqlm_multivar_synth_keep","draw_004",48,"2022-12-21","history","0.940298096595736"
"exdqlm_multivar_synth_keep","draw_004",48,"2022-12-22","history","0.915258849738201"
"exdqlm_multivar_synth_keep","draw_004",48,"2022-12-23","history","0.901416812016515"
"exdqlm_multivar_synth_keep","draw_004",48,"2022-12-24","history","0.885088708573980"
"exdqlm_multivar_synth_keep","draw_004",48,"2022-12-25","history","0.848432969504603"
"exdqlm_multivar_synth_keep","draw_005",64,"2022-12-07","history","0.718173281604878"
"exdqlm_multivar_synth_keep","draw_005",64,"2022-12-08","history","0.682950148788658"
"exdqlm_multivar_synth_keep","draw_005",64,"2022-12-09","history","0.668664964559869"
"exdqlm_multivar_synth_keep","draw_005",64,"2022-12-10","history","0.737817789431216"
"exdqlm_multivar_synth_keep","draw_005",64,"2022-12-11","history","1.23264887572201"
"exdqlm_multivar_synth_keep","draw_005",64,"2022-12-12","history","1.58439518013621"
"exdqlm_multivar_synth_keep","draw_005",64,"2022-12-13","history","1.49978333201341"
"exdqlm_multivar_synth_keep","draw_005",64,"2022-12-14","history","1.18249973027278"
"exdqlm_multivar_synth_keep","draw_005",64,"2022-12-15","history","1.05873309039052"
"exdqlm_multivar_synth_keep","draw_005",64,"2022-12-16","history","1.04274536387754"
"exdqlm_multivar_synth_keep","draw_005",64,"2022-12-17","history","1.02673367593644"
"exdqlm_multivar_synth_keep","draw_005",64,"2022-12-18","history","1.00050267147941"
"exdqlm_multivar_synth_keep","draw_005",64,"2022-12-19","history","0.987307194245831"
"exdqlm_multivar_synth_keep","draw_005",64,"2022-12-20","history","0.961114838209837"
"exdqlm_multivar_synth_keep","draw_005",64,"2022-12-21","history","0.951411069798544"
"exdqlm_multivar_synth_keep","draw_005",64,"2022-12-22","history","0.926046415606702"
"exdqlm_multivar_synth_keep","draw_005",64,"2022-12-23","history","0.910335297373641"
"exdqlm_multivar_synth_keep","draw_005",64,"2022-12-24","history","0.892941974115370"
"exdqlm_multivar_synth_keep","draw_005",64,"2022-12-25","history","0.858797318858088"
"exdqlm_multivar_synth_keep","draw_006",80,"2022-12-07","history","0.726721991064158"
"exdqlm_multivar_synth_keep","draw_006",80,"2022-12-08","history","0.688198018000813"
"exdqlm_multivar_synth_keep","draw_006",80,"2022-12-09","history","0.676211865559071"
"exdqlm_multivar_synth_keep","draw_006",80,"2022-12-10","history","0.744773411586490"
"exdqlm_multivar_synth_keep","draw_006",80,"2022-12-11","history","1.24134773378337"
"exdqlm_multivar_synth_keep","draw_006",80,"2022-12-12","history","1.59164152552632"
"exdqlm_multivar_synth_keep","draw_006",80,"2022-12-13","history","1.50712835990593"
"exdqlm_multivar_synth_keep","draw_006",80,"2022-12-14","history","1.18834686871749"
"exdqlm_multivar_synth_keep","draw_006",80,"2022-12-15","history","1.06500221167512"
"exdqlm_multivar_synth_keep","draw_006",80,"2022-12-16","history","1.04695300060510"
"exdqlm_multivar_synth_keep","draw_006",80,"2022-12-17","history","1.03503857444053"
"exdqlm_multivar_synth_keep","draw_006",80,"2022-12-18","history","1.00899877867510"
"exdqlm_multivar_synth_keep","draw_006",80,"2022-12-19","history","0.994085973249210"
"exdqlm_multivar_synth_keep","draw_006",80,"2022-12-20","history","0.969041943545749"
"exdqlm_multivar_synth_keep","draw_006",80,"2022-12-21","history","0.952839971263991"
"exdqlm_multivar_synth_keep","draw_006",80,"2022-12-22","history","0.935215011994423"
"exdqlm_multivar_synth_keep","draw_006",80,"2022-12-23","history","0.917371566624158"
"exdqlm_multivar_synth_keep","draw_006",80,"2022-12-24","history","0.896962394307089"
"exdqlm_multivar_synth_keep","draw_006",80,"2022-12-25","history","0.866818673284171"
"exdqlm_multivar_synth_keep","draw_007",95,"2022-12-07","history","0.731836502925473"
"exdqlm_multivar_synth_keep","draw_007",95,"2022-12-08","history","0.691857703317280"
"exdqlm_multivar_synth_keep","draw_007",95,"2022-12-09","history","0.679812265444116"
"exdqlm_multivar_synth_keep","draw_007",95,"2022-12-10","history","0.752167185416020"
"exdqlm_multivar_synth_keep","draw_007",95,"2022-12-11","history","1.24710101720033"
"exdqlm_multivar_synth_keep","draw_007",95,"2022-12-12","history","1.59835095990456"
"exdqlm_multivar_synth_keep","draw_007",95,"2022-12-13","history","1.51713258853915"
"exdqlm_multivar_synth_keep","draw_007",95,"2022-12-14","history","1.19470556678309"
"exdqlm_multivar_synth_keep","draw_007",95,"2022-12-15","history","1.07017766127992"
"exdqlm_multivar_synth_keep","draw_007",95,"2022-12-16","history","1.05002374465320"
"exdqlm_multivar_synth_keep","draw_007",95,"2022-12-17","history","1.03938479260001"
"exdqlm_multivar_synth_keep","draw_007",95,"2022-12-18","history","1.01444528751252"
"exdqlm_multivar_synth_keep","draw_007",95,"2022-12-19","history","0.999164344725356"
"exdqlm_multivar_synth_keep","draw_007",95,"2022-12-20","history","0.974495975011921"
"exdqlm_multivar_synth_keep","draw_007",95,"2022-12-21","history","0.956276457940009"
"exdqlm_multivar_synth_keep","draw_007",95,"2022-12-22","history","0.939386372918702"
"exdqlm_multivar_synth_keep","draw_007",95,"2022-12-23","history","0.920043040308716"
"exdqlm_multivar_synth_keep","draw_007",95,"2022-12-24","history","0.900156848602329"
"exdqlm_multivar_synth_keep","draw_007",95,"2022-12-25","history","0.870404215846669"
"exdqlm_multivar_synth_keep","draw_008",111,"2022-12-07","history","0.735572828503336"
"exdqlm_multivar_synth_keep","draw_008",111,"2022-12-08","history","0.698452802932733"
"exdqlm_multivar_synth_keep","draw_008",111,"2022-12-09","history","0.684336205761907"
"exdqlm_multivar_synth_keep","draw_008",111,"2022-12-10","history","0.755960143509463"
"exdqlm_multivar_synth_keep","draw_008",111,"2022-12-11","history","1.25171166274451"
"exdqlm_multivar_synth_keep","draw_008",111,"2022-12-12","history","1.60647375865549"
"exdqlm_multivar_synth_keep","draw_008",111,"2022-12-13","history","1.52041069007845"
"exdqlm_multivar_synth_keep","draw_008",111,"2022-12-14","history","1.20663624179882"
"exdqlm_multivar_synth_keep","draw_008",111,"2022-12-15","history","1.07610006887989"
"exdqlm_multivar_synth_keep","draw_008",111,"2022-12-16","history","1.05964419294595"
"exdqlm_multivar_synth_keep","draw_008",111,"2022-12-17","history","1.05472429263597"
"exdqlm_multivar_synth_keep","draw_008",111,"2022-12-18","history","1.02144588413282"
"exdqlm_multivar_synth_keep","draw_008",111,"2022-12-19","history","1.01037469067724"
"exdqlm_multivar_synth_keep","draw_008",111,"2022-12-20","history","0.980445113732080"
"exdqlm_multivar_synth_keep","draw_008",111,"2022-12-21","history","0.960314361474690"
"exdqlm_multivar_synth_keep","draw_008",111,"2022-12-22","history","0.942289622139514"
"exdqlm_multivar_synth_keep","draw_008",111,"2022-12-23","history","0.925407136905011"
"exdqlm_multivar_synth_keep","draw_008",111,"2022-12-24","history","0.907974725792218"
"exdqlm_multivar_synth_keep","draw_008",111,"2022-12-25","history","0.876580216972545"
"exdqlm_multivar_synth_keep","draw_009",127,"2022-12-07","history","0.745327043985850"
"exdqlm_multivar_synth_keep","draw_009",127,"2022-12-08","history","0.704947101311357"
"exdqlm_multivar_synth_keep","draw_009",127,"2022-12-09","history","0.689006839604299"
"exdqlm_multivar_synth_keep","draw_009",127,"2022-12-10","history","0.762901364205915"
"exdqlm_multivar_synth_keep","draw_009",127,"2022-12-11","history","1.26017782445352"
"exdqlm_multivar_synth_keep","draw_009",127,"2022-12-12","history","1.61442292726610"
"exdqlm_multivar_synth_keep","draw_009",127,"2022-12-13","history","1.52707044768509"
"exdqlm_multivar_synth_keep","draw_009",127,"2022-12-14","history","1.21562373961237"
"exdqlm_multivar_synth_keep","draw_009",127,"2022-12-15","history","1.08234922475808"
"exdqlm_multivar_synth_keep","draw_009",127,"2022-12-16","history","1.07380077903039"
"exdqlm_multivar_synth_keep","draw_009",127,"2022-12-17","history","1.06157368677315"
"exdqlm_multivar_synth_keep","draw_009",127,"2022-12-18","history","1.02802976160165"
"exdqlm_multivar_synth_keep","draw_009",127,"2022-12-19","history","1.01675616673280"
"exdqlm_multivar_synth_keep","draw_009",127,"2022-12-20","history","0.985036145951212"
"exdqlm_multivar_synth_keep","draw_009",127,"2022-12-21","history","0.966254182813326"
"exdqlm_multivar_synth_keep","draw_009",127,"2022-12-22","history","0.953105661830959"
"exdqlm_multivar_synth_keep","draw_009",127,"2022-12-23","history","0.930707415494906"
"exdqlm_multivar_synth_keep","draw_009",127,"2022-12-24","history","0.916298262388712"
"exdqlm_multivar_synth_keep","draw_009",127,"2022-12-25","history","0.886545546547925"
"exdqlm_multivar_synth_keep","draw_010",143,"2022-12-07","history","0.751263622572671"
"exdqlm_multivar_synth_keep","draw_010",143,"2022-12-08","history","0.716158007295183"
"exdqlm_multivar_synth_keep","draw_010",143,"2022-12-09","history","0.697181738854457"
"exdqlm_multivar_synth_keep","draw_010",143,"2022-12-10","history","0.774315632378897"
"exdqlm_multivar_synth_keep","draw_010",143,"2022-12-11","history","1.28411656233661"
"exdqlm_multivar_synth_keep","draw_010",143,"2022-12-12","history","1.63637873628169"
"exdqlm_multivar_synth_keep","draw_010",143,"2022-12-13","history","1.53672133905007"
"exdqlm_multivar_synth_keep","draw_010",143,"2022-12-14","history","1.22830007993494"
"exdqlm_multivar_synth_keep","draw_010",143,"2022-12-15","history","1.09171956528834"
"exdqlm_multivar_synth_keep","draw_010",143,"2022-12-16","history","1.07883195632844"
"exdqlm_multivar_synth_keep","draw_010",143,"2022-12-17","history","1.07064501104600"
"exdqlm_multivar_synth_keep","draw_010",143,"2022-12-18","history","1.03524835323265"
"exdqlm_multivar_synth_keep","draw_010",143,"2022-12-19","history","1.02374873439409"
"exdqlm_multivar_synth_keep","draw_010",143,"2022-12-20","history","0.990972470231083"
"exdqlm_multivar_synth_keep","draw_010",143,"2022-12-21","history","0.975627112430181"
"exdqlm_multivar_synth_keep","draw_010",143,"2022-12-22","history","0.959936137105315"
"exdqlm_multivar_synth_keep","draw_010",143,"2022-12-23","history","0.936183639710443"
"exdqlm_multivar_synth_keep","draw_010",143,"2022-12-24","history","0.920137563899609"
"exdqlm_multivar_synth_keep","draw_010",143,"2022-12-25","history","0.897371956400403"
"exdqlm_multivar_synth_keep","draw_011",158,"2022-12-07","history","0.758160774994465"
"exdqlm_multivar_synth_keep","draw_011",158,"2022-12-08","history","0.720902888484940"
"exdqlm_multivar_synth_keep","draw_011",158,"2022-12-09","history","0.703547191934786"
"exdqlm_multivar_synth_keep","draw_011",158,"2022-12-10","history","0.782704908994090"
"exdqlm_multivar_synth_keep","draw_011",158,"2022-12-11","history","1.29424922427958"
"exdqlm_multivar_synth_keep","draw_011",158,"2022-12-12","history","1.64405960330368"
"exdqlm_multivar_synth_keep","draw_011",158,"2022-12-13","history","1.55450063205281"
"exdqlm_multivar_synth_keep","draw_011",158,"2022-12-14","history","1.23295779518412"
"exdqlm_multivar_synth_keep","draw_011",158,"2022-12-15","history","1.09879478426893"
"exdqlm_multivar_synth_keep","draw_011",158,"2022-12-16","history","1.08964000433957"
"exdqlm_multivar_synth_keep","draw_011",158,"2022-12-17","history","1.08407474713801"
"exdqlm_multivar_synth_keep","draw_011",158,"2022-12-18","history","1.04283760233393"
"exdqlm_multivar_synth_keep","draw_011",158,"2022-12-19","history","1.03323628750267"
"exdqlm_multivar_synth_keep","draw_011",158,"2022-12-20","history","0.996846938889612"
"exdqlm_multivar_synth_keep","draw_011",158,"2022-12-21","history","0.981018818171489"
"exdqlm_multivar_synth_keep","draw_011",158,"2022-12-22","history","0.968378062984828"
"exdqlm_multivar_synth_keep","draw_011",158,"2022-12-23","history","0.939314317969046"
"exdqlm_multivar_synth_keep","draw_011",158,"2022-12-24","history","0.925422779899653"
"exdqlm_multivar_synth_keep","draw_011",158,"2022-12-25","history","0.903301016582133"
"exdqlm_multivar_synth_keep","draw_012",174,"2022-12-07","history","0.765049293535470"
"exdqlm_multivar_synth_keep","draw_012",174,"2022-12-08","history","0.729963882351753"
"exdqlm_multivar_synth_keep","draw_012",174,"2022-12-09","history","0.709451964420046"
"exdqlm_multivar_synth_keep","draw_012",174,"2022-12-10","history","0.793425992644324"
"exdqlm_multivar_synth_keep","draw_012",174,"2022-12-11","history","1.30999186335892"
"exdqlm_multivar_synth_keep","draw_012",174,"2022-12-12","history","1.65740991905950"
"exdqlm_multivar_synth_keep","draw_012",174,"2022-12-13","history","1.56898260591302"
"exdqlm_multivar_synth_keep","draw_012",174,"2022-12-14","history","1.24307852401141"
"exdqlm_multivar_synth_keep","draw_012",174,"2022-12-15","history","1.11048601902383"
"exdqlm_multivar_synth_keep","draw_012",174,"2022-12-16","history","1.09760315380268"
"exdqlm_multivar_synth_keep","draw_012",174,"2022-12-17","history","1.09477405318291"
"exdqlm_multivar_synth_keep","draw_012",174,"2022-12-18","history","1.04923678387296"
"exdqlm_multivar_synth_keep","draw_012",174,"2022-12-19","history","1.04534830152167"
"exdqlm_multivar_synth_keep","draw_012",174,"2022-12-20","history","1.00576998635707"
"exdqlm_multivar_synth_keep","draw_012",174,"2022-12-21","history","0.993286605728563"
"exdqlm_multivar_synth_keep","draw_012",174,"2022-12-22","history","0.977357168515952"
"exdqlm_multivar_synth_keep","draw_012",174,"2022-12-23","history","0.950347500172386"
"exdqlm_multivar_synth_keep","draw_012",174,"2022-12-24","history","0.934139230678130"
"exdqlm_multivar_synth_keep","draw_012",174,"2022-12-25","history","0.913360862922441"
"exdqlm_multivar_synth_keep","draw_013",190,"2022-12-07","history","0.776936454671776"
"exdqlm_multivar_synth_keep","draw_013",190,"2022-12-08","history","0.737924769404979"
"exdqlm_multivar_synth_keep","draw_013",190,"2022-12-09","history","0.714887048426762"
"exdqlm_multivar_synth_keep","draw_013",190,"2022-12-10","history","0.806727078309058"
"exdqlm_multivar_synth_keep","draw_013",190,"2022-12-11","history","1.32837746165725"
"exdqlm_multivar_synth_keep","draw_013",190,"2022-12-12","history","1.68008527912520"
"exdqlm_multivar_synth_keep","draw_013",190,"2022-12-13","history","1.58807039011160"
"exdqlm_multivar_synth_keep","draw_013",190,"2022-12-14","history","1.25383491365262"
"exdqlm_multivar_synth_keep","draw_013",190,"2022-12-15","history","1.12392960870754"
"exdqlm_multivar_synth_keep","draw_013",190,"2022-12-16","history","1.10473450828379"
"exdqlm_multivar_synth_keep","draw_013",190,"2022-12-17","history","1.09938215046148"
"exdqlm_multivar_synth_keep","draw_013",190,"2022-12-18","history","1.05764201641882"
"exdqlm_multivar_synth_keep","draw_013",190,"2022-12-19","history","1.05424972583684"
"exdqlm_multivar_synth_keep","draw_013",190,"2022-12-20","history","1.01598597341806"
"exdqlm_multivar_synth_keep","draw_013",190,"2022-12-21","history","0.999363578070271"
"exdqlm_multivar_synth_keep","draw_013",190,"2022-12-22","history","0.984101204954685"
"exdqlm_multivar_synth_keep","draw_013",190,"2022-12-23","history","0.954908372166008"
"exdqlm_multivar_synth_keep","draw_013",190,"2022-12-24","history","0.942553254674099"
"exdqlm_multivar_synth_keep","draw_013",190,"2022-12-25","history","0.921168059653813"
"exdqlm_multivar_synth_keep","draw_014",206,"2022-12-07","history","0.784063057753556"
"exdqlm_multivar_synth_keep","draw_014",206,"2022-12-08","history","0.744507636774876"
"exdqlm_multivar_synth_keep","draw_014",206,"2022-12-09","history","0.727307774621949"
"exdqlm_multivar_synth_keep","draw_014",206,"2022-12-10","history","0.813036714800331"
"exdqlm_multivar_synth_keep","draw_014",206,"2022-12-11","history","1.33860173042876"
"exdqlm_multivar_synth_keep","draw_014",206,"2022-12-12","history","1.70720431268367"
"exdqlm_multivar_synth_keep","draw_014",206,"2022-12-13","history","1.59857593364009"
"exdqlm_multivar_synth_keep","draw_014",206,"2022-12-14","history","1.26506368224347"
"exdqlm_multivar_synth_keep","draw_014",206,"2022-12-15","history","1.13183018166380"
"exdqlm_multivar_synth_keep","draw_014",206,"2022-12-16","history","1.11645283882277"
"exdqlm_multivar_synth_keep","draw_014",206,"2022-12-17","history","1.10588375237020"
"exdqlm_multivar_synth_keep","draw_014",206,"2022-12-18","history","1.06428687668471"
"exdqlm_multivar_synth_keep","draw_014",206,"2022-12-19","history","1.06490261864438"
"exdqlm_multivar_synth_keep","draw_014",206,"2022-12-20","history","1.02326178711068"
"exdqlm_multivar_synth_keep","draw_014",206,"2022-12-21","history","1.00847989310605"
"exdqlm_multivar_synth_keep","draw_014",206,"2022-12-22","history","0.992368087464203"
"exdqlm_multivar_synth_keep","draw_014",206,"2022-12-23","history","0.963890982971952"
"exdqlm_multivar_synth_keep","draw_014",206,"2022-12-24","history","0.947269596852547"
"exdqlm_multivar_synth_keep","draw_014",206,"2022-12-25","history","0.931295666318423"
"exdqlm_multivar_synth_keep","draw_015",221,"2022-12-07","history","0.797077743109704"
"exdqlm_multivar_synth_keep","draw_015",221,"2022-12-08","history","0.752317508309758"
"exdqlm_multivar_synth_keep","draw_015",221,"2022-12-09","history","0.740543662613101"
"exdqlm_multivar_synth_keep","draw_015",221,"2022-12-10","history","0.823452089561672"
"exdqlm_multivar_synth_keep","draw_015",221,"2022-12-11","history","1.35205300778593"
"exdqlm_multivar_synth_keep","draw_015",221,"2022-12-12","history","1.71671088056831"
"exdqlm_multivar_synth_keep","draw_015",221,"2022-12-13","history","1.60850923081636"
"exdqlm_multivar_synth_keep","draw_015",221,"2022-12-14","history","1.27842337029866"
"exdqlm_multivar_synth_keep","draw_015",221,"2022-12-15","history","1.14359073694752"
"exdqlm_multivar_synth_keep","draw_015",221,"2022-12-16","history","1.12605896808617"
"exdqlm_multivar_synth_keep","draw_015",221,"2022-12-17","history","1.11835390957008"
"exdqlm_multivar_synth_keep","draw_015",221,"2022-12-18","history","1.07454113444265"
"exdqlm_multivar_synth_keep","draw_015",221,"2022-12-19","history","1.07456121082171"
"exdqlm_multivar_synth_keep","draw_015",221,"2022-12-20","history","1.02920995380063"
"exdqlm_multivar_synth_keep","draw_015",221,"2022-12-21","history","1.01766762540128"
"exdqlm_multivar_synth_keep","draw_015",221,"2022-12-22","history","0.998618525393742"
"exdqlm_multivar_synth_keep","draw_015",221,"2022-12-23","history","0.970941913467245"
"exdqlm_multivar_synth_keep","draw_015",221,"2022-12-24","history","0.952869515298379"
"exdqlm_multivar_synth_keep","draw_015",221,"2022-12-25","history","0.937491986431189"
"exdqlm_multivar_synth_keep","draw_016",237,"2022-12-07","history","0.809388365286553"
"exdqlm_multivar_synth_keep","draw_016",237,"2022-12-08","history","0.760618999865173"
"exdqlm_multivar_synth_keep","draw_016",237,"2022-12-09","history","0.749751683440591"
"exdqlm_multivar_synth_keep","draw_016",237,"2022-12-10","history","0.833369795017087"
"exdqlm_multivar_synth_keep","draw_016",237,"2022-12-11","history","1.37003220959071"
"exdqlm_multivar_synth_keep","draw_016",237,"2022-12-12","history","1.73706223702223"
"exdqlm_multivar_synth_keep","draw_016",237,"2022-12-13","history","1.62500345989718"
"exdqlm_multivar_synth_keep","draw_016",237,"2022-12-14","history","1.29068402067462"
"exdqlm_multivar_synth_keep","draw_016",237,"2022-12-15","history","1.15159344013925"
"exdqlm_multivar_synth_keep","draw_016",237,"2022-12-16","history","1.13682755801745"
"exdqlm_multivar_synth_keep","draw_016",237,"2022-12-17","history","1.12840583481095"
"exdqlm_multivar_synth_keep","draw_016",237,"2022-12-18","history","1.08359293092041"
"exdqlm_multivar_synth_keep","draw_016",237,"2022-12-19","history","1.08395744354052"
"exdqlm_multivar_synth_keep","draw_016",237,"2022-12-20","history","1.03816899125092"
"exdqlm_multivar_synth_keep","draw_016",237,"2022-12-21","history","1.02627914879824"
"exdqlm_multivar_synth_keep","draw_016",237,"2022-12-22","history","1.00764195980102"
"exdqlm_multivar_synth_keep","draw_016",237,"2022-12-23","history","0.976298848637458"
"exdqlm_multivar_synth_keep","draw_016",237,"2022-12-24","history","0.960565305223510"
"exdqlm_multivar_synth_keep","draw_016",237,"2022-12-25","history","0.943843956113285"
"exdqlm_multivar_synth_keep","draw_017",253,"2022-12-07","history","0.822621504404195"
"exdqlm_multivar_synth_keep","draw_017",253,"2022-12-08","history","0.770830803254824"
"exdqlm_multivar_synth_keep","draw_017",253,"2022-12-09","history","0.759162358966177"
"exdqlm_multivar_synth_keep","draw_017",253,"2022-12-10","history","0.847768627672808"
"exdqlm_multivar_synth_keep","draw_017",253,"2022-12-11","history","1.39316738703714"
"exdqlm_multivar_synth_keep","draw_017",253,"2022-12-12","history","1.75596962546438"
"exdqlm_multivar_synth_keep","draw_017",253,"2022-12-13","history","1.63693653002113"
"exdqlm_multivar_synth_keep","draw_017",253,"2022-12-14","history","1.30673909524352"
"exdqlm_multivar_synth_keep","draw_017",253,"2022-12-15","history","1.16242275280842"
"exdqlm_multivar_synth_keep","draw_017",253,"2022-12-16","history","1.14535056964403"
"exdqlm_multivar_synth_keep","draw_017",253,"2022-12-17","history","1.13942248293505"
"exdqlm_multivar_synth_keep","draw_017",253,"2022-12-18","history","1.09344700693437"
"exdqlm_multivar_synth_keep","draw_017",253,"2022-12-19","history","1.09067433898349"
"exdqlm_multivar_synth_keep","draw_017",253,"2022-12-20","history","1.05080433653839"
"exdqlm_multivar_synth_keep","draw_017",253,"2022-12-21","history","1.03216795856479"
"exdqlm_multivar_synth_keep","draw_017",253,"2022-12-22","history","1.01606740915267"
"exdqlm_multivar_synth_keep","draw_017",253,"2022-12-23","history","0.984622618138707"
"exdqlm_multivar_synth_keep","draw_017",253,"2022-12-24","history","0.969036590568234"
"exdqlm_multivar_synth_keep","draw_017",253,"2022-12-25","history","0.950635410750352"
"exdqlm_multivar_synth_keep","draw_018",269,"2022-12-07","history","0.827206192699217"
"exdqlm_multivar_synth_keep","draw_018",269,"2022-12-08","history","0.777832319060454"
"exdqlm_multivar_synth_keep","draw_018",269,"2022-12-09","history","0.770187171574710"
"exdqlm_multivar_synth_keep","draw_018",269,"2022-12-10","history","0.856803645174182"
"exdqlm_multivar_synth_keep","draw_018",269,"2022-12-11","history","1.40780577173478"
"exdqlm_multivar_synth_keep","draw_018",269,"2022-12-12","history","1.77049987777479"
"exdqlm_multivar_synth_keep","draw_018",269,"2022-12-13","history","1.64703424629510"
"exdqlm_multivar_synth_keep","draw_018",269,"2022-12-14","history","1.32129929834114"
"exdqlm_multivar_synth_keep","draw_018",269,"2022-12-15","history","1.17008162970050"
"exdqlm_multivar_synth_keep","draw_018",269,"2022-12-16","history","1.15653471749073"
"exdqlm_multivar_synth_keep","draw_018",269,"2022-12-17","history","1.14827955478358"
"exdqlm_multivar_synth_keep","draw_018",269,"2022-12-18","history","1.10294841385887"
"exdqlm_multivar_synth_keep","draw_018",269,"2022-12-19","history","1.10038092207369"
"exdqlm_multivar_synth_keep","draw_018",269,"2022-12-20","history","1.05899065719175"
"exdqlm_multivar_synth_keep","draw_018",269,"2022-12-21","history","1.03985487043575"
"exdqlm_multivar_synth_keep","draw_018",269,"2022-12-22","history","1.02424538679505"
"exdqlm_multivar_synth_keep","draw_018",269,"2022-12-23","history","0.993588656148122"
"exdqlm_multivar_synth_keep","draw_018",269,"2022-12-24","history","0.975450648539391"
"exdqlm_multivar_synth_keep","draw_018",269,"2022-12-25","history","0.960033100011413"
"exdqlm_multivar_synth_keep","draw_019",284,"2022-12-07","history","0.839680316429428"
"exdqlm_multivar_synth_keep","draw_019",284,"2022-12-08","history","0.787690557001455"
"exdqlm_multivar_synth_keep","draw_019",284,"2022-12-09","history","0.775525008673337"
"exdqlm_multivar_synth_keep","draw_019",284,"2022-12-10","history","0.864621035947859"
"exdqlm_multivar_synth_keep","draw_019",284,"2022-12-11","history","1.42460400768779"
"exdqlm_multivar_synth_keep","draw_019",284,"2022-12-12","history","1.78698754068521"
"exdqlm_multivar_synth_keep","draw_019",284,"2022-12-13","history","1.66178167596456"
"exdqlm_multivar_synth_keep","draw_019",284,"2022-12-14","history","1.32676196178255"
"exdqlm_multivar_synth_keep","draw_019",284,"2022-12-15","history","1.17969100125886"
"exdqlm_multivar_synth_keep","draw_019",284,"2022-12-16","history","1.16810352071094"
"exdqlm_multivar_synth_keep","draw_019",284,"2022-12-17","history","1.15725433576771"
"exdqlm_multivar_synth_keep","draw_019",284,"2022-12-18","history","1.11240511833718"
"exdqlm_multivar_synth_keep","draw_019",284,"2022-12-19","history","1.10946029477121"
"exdqlm_multivar_synth_keep","draw_019",284,"2022-12-20","history","1.06837490157873"
"exdqlm_multivar_synth_keep","draw_019",284,"2022-12-21","history","1.04656055677232"
"exdqlm_multivar_synth_keep","draw_019",284,"2022-12-22","history","1.03323151720431"
"exdqlm_multivar_synth_keep","draw_019",284,"2022-12-23","history","1.00519074146396"
"exdqlm_multivar_synth_keep","draw_019",284,"2022-12-24","history","0.986560502754423"
"exdqlm_multivar_synth_keep","draw_019",284,"2022-12-25","history","0.968516617828729"
"exdqlm_multivar_synth_keep","draw_020",300,"2022-12-07","history","0.846526371946048"
"exdqlm_multivar_synth_keep","draw_020",300,"2022-12-08","history","0.795846180633009"
"exdqlm_multivar_synth_keep","draw_020",300,"2022-12-09","history","0.787018898288438"
"exdqlm_multivar_synth_keep","draw_020",300,"2022-12-10","history","0.876772096958932"
"exdqlm_multivar_synth_keep","draw_020",300,"2022-12-11","history","1.43542280589804"
"exdqlm_multivar_synth_keep","draw_020",300,"2022-12-12","history","1.80303967271093"
"exdqlm_multivar_synth_keep","draw_020",300,"2022-12-13","history","1.67531777669670"
"exdqlm_multivar_synth_keep","draw_020",300,"2022-12-14","history","1.33378462685140"
"exdqlm_multivar_synth_keep","draw_020",300,"2022-12-15","history","1.18894928226559"
"exdqlm_multivar_synth_keep","draw_020",300,"2022-12-16","history","1.17708158022580"
"exdqlm_multivar_synth_keep","draw_020",300,"2022-12-17","history","1.16545587650654"
"exdqlm_multivar_synth_keep","draw_020",300,"2022-12-18","history","1.12448539096157"
"exdqlm_multivar_synth_keep","draw_020",300,"2022-12-19","history","1.11556760358538"
"exdqlm_multivar_synth_keep","draw_020",300,"2022-12-20","history","1.07407212296327"
"exdqlm_multivar_synth_keep","draw_020",300,"2022-12-21","history","1.05665339309514"
"exdqlm_multivar_synth_keep","draw_020",300,"2022-12-22","history","1.03910779626211"
"exdqlm_multivar_synth_keep","draw_020",300,"2022-12-23","history","1.01836471020833"
"exdqlm_multivar_synth_keep","draw_020",300,"2022-12-24","history","0.991631633060496"
"exdqlm_multivar_synth_keep","draw_020",300,"2022-12-25","history","0.975803354497200"
"exdqlm_multivar_synth_keep","draw_021",316,"2022-12-07","history","0.860185231378741"
"exdqlm_multivar_synth_keep","draw_021",316,"2022-12-08","history","0.805733653030201"
"exdqlm_multivar_synth_keep","draw_021",316,"2022-12-09","history","0.798847386941233"
"exdqlm_multivar_synth_keep","draw_021",316,"2022-12-10","history","0.886206287881262"
"exdqlm_multivar_synth_keep","draw_021",316,"2022-12-11","history","1.45940838023827"
"exdqlm_multivar_synth_keep","draw_021",316,"2022-12-12","history","1.81712546434024"
"exdqlm_multivar_synth_keep","draw_021",316,"2022-12-13","history","1.68548736119780"
"exdqlm_multivar_synth_keep","draw_021",316,"2022-12-14","history","1.34450865945935"
"exdqlm_multivar_synth_keep","draw_021",316,"2022-12-15","history","1.19936274637972"
"exdqlm_multivar_synth_keep","draw_021",316,"2022-12-16","history","1.18447679661695"
"exdqlm_multivar_synth_keep","draw_021",316,"2022-12-17","history","1.17571035059346"
"exdqlm_multivar_synth_keep","draw_021",316,"2022-12-18","history","1.13681322878580"
"exdqlm_multivar_synth_keep","draw_021",316,"2022-12-19","history","1.12513373787987"
"exdqlm_multivar_synth_keep","draw_021",316,"2022-12-20","history","1.08356371323385"
"exdqlm_multivar_synth_keep","draw_021",316,"2022-12-21","history","1.06317044242156"
"exdqlm_multivar_synth_keep","draw_021",316,"2022-12-22","history","1.04717472638808"
"exdqlm_multivar_synth_keep","draw_021",316,"2022-12-23","history","1.02901607038960"
"exdqlm_multivar_synth_keep","draw_021",316,"2022-12-24","history","1.00111327304286"
"exdqlm_multivar_synth_keep","draw_021",316,"2022-12-25","history","0.983622507846685"
"exdqlm_multivar_synth_keep","draw_022",332,"2022-12-07","history","0.869463780907849"
"exdqlm_multivar_synth_keep","draw_022",332,"2022-12-08","history","0.814859583826295"
"exdqlm_multivar_synth_keep","draw_022",332,"2022-12-09","history","0.805063466848006"
"exdqlm_multivar_synth_keep","draw_022",332,"2022-12-10","history","0.899427071073949"
"exdqlm_multivar_synth_keep","draw_022",332,"2022-12-11","history","1.47274503619954"
"exdqlm_multivar_synth_keep","draw_022",332,"2022-12-12","history","1.83631964948058"
"exdqlm_multivar_synth_keep","draw_022",332,"2022-12-13","history","1.69921096808227"
"exdqlm_multivar_synth_keep","draw_022",332,"2022-12-14","history","1.35986327608924"
"exdqlm_multivar_synth_keep","draw_022",332,"2022-12-15","history","1.21593108857970"
"exdqlm_multivar_synth_keep","draw_022",332,"2022-12-16","history","1.19590597797972"
"exdqlm_multivar_synth_keep","draw_022",332,"2022-12-17","history","1.18653025797344"
"exdqlm_multivar_synth_keep","draw_022",332,"2022-12-18","history","1.14621665519477"
"exdqlm_multivar_synth_keep","draw_022",332,"2022-12-19","history","1.13590758467460"
"exdqlm_multivar_synth_keep","draw_022",332,"2022-12-20","history","1.09394880653521"
"exdqlm_multivar_synth_keep","draw_022",332,"2022-12-21","history","1.06959619798153"
"exdqlm_multivar_synth_keep","draw_022",332,"2022-12-22","history","1.05362304365770"
"exdqlm_multivar_synth_keep","draw_022",332,"2022-12-23","history","1.03880808367678"
"exdqlm_multivar_synth_keep","draw_022",332,"2022-12-24","history","1.00956521579142"
"exdqlm_multivar_synth_keep","draw_022",332,"2022-12-25","history","0.989439222880385"
"exdqlm_multivar_synth_keep","draw_023",347,"2022-12-07","history","0.879305196096445"
"exdqlm_multivar_synth_keep","draw_023",347,"2022-12-08","history","0.822103103467859"
"exdqlm_multivar_synth_keep","draw_023",347,"2022-12-09","history","0.815551663521645"
"exdqlm_multivar_synth_keep","draw_023",347,"2022-12-10","history","0.906772492833880"
"exdqlm_multivar_synth_keep","draw_023",347,"2022-12-11","history","1.48835434210742"
"exdqlm_multivar_synth_keep","draw_023",347,"2022-12-12","history","1.84584318870385"
"exdqlm_multivar_synth_keep","draw_023",347,"2022-12-13","history","1.71169067397962"
"exdqlm_multivar_synth_keep","draw_023",347,"2022-12-14","history","1.37064814444428"
"exdqlm_multivar_synth_keep","draw_023",347,"2022-12-15","history","1.22280124791427"
"exdqlm_multivar_synth_keep","draw_023",347,"2022-12-16","history","1.20539705394514"
"exdqlm_multivar_synth_keep","draw_023",347,"2022-12-17","history","1.19305702322904"
"exdqlm_multivar_synth_keep","draw_023",347,"2022-12-18","history","1.15535153863200"
"exdqlm_multivar_synth_keep","draw_023",347,"2022-12-19","history","1.14297372292546"
"exdqlm_multivar_synth_keep","draw_023",347,"2022-12-20","history","1.10331310436817"
"exdqlm_multivar_synth_keep","draw_023",347,"2022-12-21","history","1.07518658098648"
"exdqlm_multivar_synth_keep","draw_023",347,"2022-12-22","history","1.06603352205701"
"exdqlm_multivar_synth_keep","draw_023",347,"2022-12-23","history","1.04717696903169"
"exdqlm_multivar_synth_keep","draw_023",347,"2022-12-24","history","1.01721242823482"
"exdqlm_multivar_synth_keep","draw_023",347,"2022-12-25","history","1.00307218106143"
"exdqlm_multivar_synth_keep","draw_024",363,"2022-12-07","history","0.886679135801045"
"exdqlm_multivar_synth_keep","draw_024",363,"2022-12-08","history","0.830226961954070"
"exdqlm_multivar_synth_keep","draw_024",363,"2022-12-09","history","0.821319173620670"
"exdqlm_multivar_synth_keep","draw_024",363,"2022-12-10","history","0.917209134571436"
"exdqlm_multivar_synth_keep","draw_024",363,"2022-12-11","history","1.50488434863799"
"exdqlm_multivar_synth_keep","draw_024",363,"2022-12-12","history","1.85933280014949"
"exdqlm_multivar_synth_keep","draw_024",363,"2022-12-13","history","1.72149371700499"
"exdqlm_multivar_synth_keep","draw_024",363,"2022-12-14","history","1.38337296376130"
"exdqlm_multivar_synth_keep","draw_024",363,"2022-12-15","history","1.23303970827851"
"exdqlm_multivar_synth_keep","draw_024",363,"2022-12-16","history","1.21057573104968"
"exdqlm_multivar_synth_keep","draw_024",363,"2022-12-17","history","1.20235302542640"
"exdqlm_multivar_synth_keep","draw_024",363,"2022-12-18","history","1.16437105425812"
"exdqlm_multivar_synth_keep","draw_024",363,"2022-12-19","history","1.14949780909343"
"exdqlm_multivar_synth_keep","draw_024",363,"2022-12-20","history","1.10806919048285"
"exdqlm_multivar_synth_keep","draw_024",363,"2022-12-21","history","1.08375610898821"
"exdqlm_multivar_synth_keep","draw_024",363,"2022-12-22","history","1.07305552300344"
"exdqlm_multivar_synth_keep","draw_024",363,"2022-12-23","history","1.05598017957217"
"exdqlm_multivar_synth_keep","draw_024",363,"2022-12-24","history","1.02516272198604"
"exdqlm_multivar_synth_keep","draw_024",363,"2022-12-25","history","1.01171097749232"
"exdqlm_multivar_synth_keep","draw_025",379,"2022-12-07","history","0.894450537001889"
"exdqlm_multivar_synth_keep","draw_025",379,"2022-12-08","history","0.838883149167879"
"exdqlm_multivar_synth_keep","draw_025",379,"2022-12-09","history","0.830963715332454"
"exdqlm_multivar_synth_keep","draw_025",379,"2022-12-10","history","0.931456372552183"
"exdqlm_multivar_synth_keep","draw_025",379,"2022-12-11","history","1.52358928799919"
"exdqlm_multivar_synth_keep","draw_025",379,"2022-12-12","history","1.87125943089808"
"exdqlm_multivar_synth_keep","draw_025",379,"2022-12-13","history","1.73418778729899"
"exdqlm_multivar_synth_keep","draw_025",379,"2022-12-14","history","1.39597855131903"
"exdqlm_multivar_synth_keep","draw_025",379,"2022-12-15","history","1.25035790732871"
"exdqlm_multivar_synth_keep","draw_025",379,"2022-12-16","history","1.22111554519848"
"exdqlm_multivar_synth_keep","draw_025",379,"2022-12-17","history","1.21142367788912"
"exdqlm_multivar_synth_keep","draw_025",379,"2022-12-18","history","1.17574302092816"
"exdqlm_multivar_synth_keep","draw_025",379,"2022-12-19","history","1.15752673953926"
"exdqlm_multivar_synth_keep","draw_025",379,"2022-12-20","history","1.11546742965809"
"exdqlm_multivar_synth_keep","draw_025",379,"2022-12-21","history","1.09206769965085"
"exdqlm_multivar_synth_keep","draw_025",379,"2022-12-22","history","1.08334305435797"
"exdqlm_multivar_synth_keep","draw_025",379,"2022-12-23","history","1.06541272441664"
"exdqlm_multivar_synth_keep","draw_025",379,"2022-12-24","history","1.03384641580081"
"exdqlm_multivar_synth_keep","draw_025",379,"2022-12-25","history","1.02182366392063"
"exdqlm_multivar_synth_keep","draw_026",395,"2022-12-07","history","0.911099660495735"
"exdqlm_multivar_synth_keep","draw_026",395,"2022-12-08","history","0.846697174790521"
"exdqlm_multivar_synth_keep","draw_026",395,"2022-12-09","history","0.839777327407483"
"exdqlm_multivar_synth_keep","draw_026",395,"2022-12-10","history","0.939871045319210"
"exdqlm_multivar_synth_keep","draw_026",395,"2022-12-11","history","1.53842104028974"
"exdqlm_multivar_synth_keep","draw_026",395,"2022-12-12","history","1.89281698403901"
"exdqlm_multivar_synth_keep","draw_026",395,"2022-12-13","history","1.74834984845247"
"exdqlm_multivar_synth_keep","draw_026",395,"2022-12-14","history","1.40705631430230"
"exdqlm_multivar_synth_keep","draw_026",395,"2022-12-15","history","1.25845422733466"
"exdqlm_multivar_synth_keep","draw_026",395,"2022-12-16","history","1.22977701005333"
"exdqlm_multivar_synth_keep","draw_026",395,"2022-12-17","history","1.22169382345125"
"exdqlm_multivar_synth_keep","draw_026",395,"2022-12-18","history","1.18674461518438"
"exdqlm_multivar_synth_keep","draw_026",395,"2022-12-19","history","1.16111955596755"
"exdqlm_multivar_synth_keep","draw_026",395,"2022-12-20","history","1.12696328760809"
"exdqlm_multivar_synth_keep","draw_026",395,"2022-12-21","history","1.10398543875989"
"exdqlm_multivar_synth_keep","draw_026",395,"2022-12-22","history","1.09080606969073"
"exdqlm_multivar_synth_keep","draw_026",395,"2022-12-23","history","1.07349368528097"
"exdqlm_multivar_synth_keep","draw_026",395,"2022-12-24","history","1.03805492109919"
"exdqlm_multivar_synth_keep","draw_026",395,"2022-12-25","history","1.02993381812614"
"exdqlm_multivar_synth_keep","draw_027",410,"2022-12-07","history","0.916117257760384"
"exdqlm_multivar_synth_keep","draw_027",410,"2022-12-08","history","0.851728182699536"
"exdqlm_multivar_synth_keep","draw_027",410,"2022-12-09","history","0.847434445945352"
"exdqlm_multivar_synth_keep","draw_027",410,"2022-12-10","history","0.945179646153580"
"exdqlm_multivar_synth_keep","draw_027",410,"2022-12-11","history","1.55097634782578"
"exdqlm_multivar_synth_keep","draw_027",410,"2022-12-12","history","1.90375149578215"
"exdqlm_multivar_synth_keep","draw_027",410,"2022-12-13","history","1.75718208794703"
"exdqlm_multivar_synth_keep","draw_027",410,"2022-12-14","history","1.41148757257458"
"exdqlm_multivar_synth_keep","draw_027",410,"2022-12-15","history","1.27063028746836"
"exdqlm_multivar_synth_keep","draw_027",410,"2022-12-16","history","1.24074163632682"
"exdqlm_multivar_synth_keep","draw_027",410,"2022-12-17","history","1.22780632155453"
"exdqlm_multivar_synth_keep","draw_027",410,"2022-12-18","history","1.19335697284525"
"exdqlm_multivar_synth_keep","draw_027",410,"2022-12-19","history","1.16854408569512"
"exdqlm_multivar_synth_keep","draw_027",410,"2022-12-20","history","1.13607133024929"
"exdqlm_multivar_synth_keep","draw_027",410,"2022-12-21","history","1.11040505881608"
"exdqlm_multivar_synth_keep","draw_027",410,"2022-12-22","history","1.09688119313803"
"exdqlm_multivar_synth_keep","draw_027",410,"2022-12-23","history","1.07836806477768"
"exdqlm_multivar_synth_keep","draw_027",410,"2022-12-24","history","1.04532562504004"
"exdqlm_multivar_synth_keep","draw_027",410,"2022-12-25","history","1.03285220572584"
"exdqlm_multivar_synth_keep","draw_028",426,"2022-12-07","history","0.919467711442455"
"exdqlm_multivar_synth_keep","draw_028",426,"2022-12-08","history","0.858150153086487"
"exdqlm_multivar_synth_keep","draw_028",426,"2022-12-09","history","0.853263441967974"
"exdqlm_multivar_synth_keep","draw_028",426,"2022-12-10","history","0.952972634407490"
"exdqlm_multivar_synth_keep","draw_028",426,"2022-12-11","history","1.57117336179651"
"exdqlm_multivar_synth_keep","draw_028",426,"2022-12-12","history","1.91190519546869"
"exdqlm_multivar_synth_keep","draw_028",426,"2022-12-13","history","1.76856840752810"
"exdqlm_multivar_synth_keep","draw_028",426,"2022-12-14","history","1.41759933953627"
"exdqlm_multivar_synth_keep","draw_028",426,"2022-12-15","history","1.28263425196656"
"exdqlm_multivar_synth_keep","draw_028",426,"2022-12-16","history","1.24562229486387"
"exdqlm_multivar_synth_keep","draw_028",426,"2022-12-17","history","1.23286990158233"
"exdqlm_multivar_synth_keep","draw_028",426,"2022-12-18","history","1.19877968233408"
"exdqlm_multivar_synth_keep","draw_028",426,"2022-12-19","history","1.17291883238759"
"exdqlm_multivar_synth_keep","draw_028",426,"2022-12-20","history","1.14362886204756"
"exdqlm_multivar_synth_keep","draw_028",426,"2022-12-21","history","1.11734840643804"
"exdqlm_multivar_synth_keep","draw_028",426,"2022-12-22","history","1.10165934547173"
"exdqlm_multivar_synth_keep","draw_028",426,"2022-12-23","history","1.08132808757183"
"exdqlm_multivar_synth_keep","draw_028",426,"2022-12-24","history","1.05170377690740"
"exdqlm_multivar_synth_keep","draw_028",426,"2022-12-25","history","1.03548187818205"
"exdqlm_multivar_synth_keep","draw_029",442,"2022-12-07","history","0.924359861281277"
"exdqlm_multivar_synth_keep","draw_029",442,"2022-12-08","history","0.864453451720731"
"exdqlm_multivar_synth_keep","draw_029",442,"2022-12-09","history","0.856878574936235"
"exdqlm_multivar_synth_keep","draw_029",442,"2022-12-10","history","0.957048473995228"
"exdqlm_multivar_synth_keep","draw_029",442,"2022-12-11","history","1.58385867979985"
"exdqlm_multivar_synth_keep","draw_029",442,"2022-12-12","history","1.91721509267654"
"exdqlm_multivar_synth_keep","draw_029",442,"2022-12-13","history","1.77636085840347"
"exdqlm_multivar_synth_keep","draw_029",442,"2022-12-14","history","1.42068945907060"
"exdqlm_multivar_synth_keep","draw_029",442,"2022-12-15","history","1.28635792155079"
"exdqlm_multivar_synth_keep","draw_029",442,"2022-12-16","history","1.25358396191426"
"exdqlm_multivar_synth_keep","draw_029",442,"2022-12-17","history","1.23875307327255"
"exdqlm_multivar_synth_keep","draw_029",442,"2022-12-18","history","1.20426394521771"
"exdqlm_multivar_synth_keep","draw_029",442,"2022-12-19","history","1.17828364998980"
"exdqlm_multivar_synth_keep","draw_029",442,"2022-12-20","history","1.14766090012806"
"exdqlm_multivar_synth_keep","draw_029",442,"2022-12-21","history","1.12047179368632"
"exdqlm_multivar_synth_keep","draw_029",442,"2022-12-22","history","1.10763807511624"
"exdqlm_multivar_synth_keep","draw_029",442,"2022-12-23","history","1.08517964589164"
"exdqlm_multivar_synth_keep","draw_029",442,"2022-12-24","history","1.05526957734559"
"exdqlm_multivar_synth_keep","draw_029",442,"2022-12-25","history","1.03974375724939"
"exdqlm_multivar_synth_keep","draw_030",457,"2022-12-07","history","0.931282032400022"
"exdqlm_multivar_synth_keep","draw_030",457,"2022-12-08","history","0.868800660459375"
"exdqlm_multivar_synth_keep","draw_030",457,"2022-12-09","history","0.864452186359604"
"exdqlm_multivar_synth_keep","draw_030",457,"2022-12-10","history","0.964463467782922"
"exdqlm_multivar_synth_keep","draw_030",457,"2022-12-11","history","1.59428882797631"
"exdqlm_multivar_synth_keep","draw_030",457,"2022-12-12","history","1.92382163028213"
"exdqlm_multivar_synth_keep","draw_030",457,"2022-12-13","history","1.78858157366138"
"exdqlm_multivar_synth_keep","draw_030",457,"2022-12-14","history","1.42817606323267"
"exdqlm_multivar_synth_keep","draw_030",457,"2022-12-15","history","1.29221531033371"
"exdqlm_multivar_synth_keep","draw_030",457,"2022-12-16","history","1.25746521018366"
"exdqlm_multivar_synth_keep","draw_030",457,"2022-12-17","history","1.24445414508671"
"exdqlm_multivar_synth_keep","draw_030",457,"2022-12-18","history","1.21038356691748"
"exdqlm_multivar_synth_keep","draw_030",457,"2022-12-19","history","1.18104425302621"
"exdqlm_multivar_synth_keep","draw_030",457,"2022-12-20","history","1.15059850122792"
"exdqlm_multivar_synth_keep","draw_030",457,"2022-12-21","history","1.12426912937116"
"exdqlm_multivar_synth_keep","draw_030",457,"2022-12-22","history","1.11196373592169"
"exdqlm_multivar_synth_keep","draw_030",457,"2022-12-23","history","1.09128254193127"
"exdqlm_multivar_synth_keep","draw_030",457,"2022-12-24","history","1.06076580698267"
"exdqlm_multivar_synth_keep","draw_030",457,"2022-12-25","history","1.04424197210309"
"exdqlm_multivar_synth_keep","draw_031",473,"2022-12-07","history","0.934905094628176"
"exdqlm_multivar_synth_keep","draw_031",473,"2022-12-08","history","0.878909937083527"
"exdqlm_multivar_synth_keep","draw_031",473,"2022-12-09","history","0.869848612098309"
"exdqlm_multivar_synth_keep","draw_031",473,"2022-12-10","history","0.968185351231340"
"exdqlm_multivar_synth_keep","draw_031",473,"2022-12-11","history","1.60877502326385"
"exdqlm_multivar_synth_keep","draw_031",473,"2022-12-12","history","1.93476030652811"
"exdqlm_multivar_synth_keep","draw_031",473,"2022-12-13","history","1.80181884690511"
"exdqlm_multivar_synth_keep","draw_031",473,"2022-12-14","history","1.43377541225238"
"exdqlm_multivar_synth_keep","draw_031",473,"2022-12-15","history","1.29722161868255"
"exdqlm_multivar_synth_keep","draw_031",473,"2022-12-16","history","1.26255126625631"
"exdqlm_multivar_synth_keep","draw_031",473,"2022-12-17","history","1.24966027286888"
"exdqlm_multivar_synth_keep","draw_031",473,"2022-12-18","history","1.21693733700283"
"exdqlm_multivar_synth_keep","draw_031",473,"2022-12-19","history","1.18459415522025"
"exdqlm_multivar_synth_keep","draw_031",473,"2022-12-20","history","1.15616735033218"
"exdqlm_multivar_synth_keep","draw_031",473,"2022-12-21","history","1.12944768588282"
"exdqlm_multivar_synth_keep","draw_031",473,"2022-12-22","history","1.11391411603004"
"exdqlm_multivar_synth_keep","draw_031",473,"2022-12-23","history","1.09459209878804"
"exdqlm_multivar_synth_keep","draw_031",473,"2022-12-24","history","1.06375043923509"
"exdqlm_multivar_synth_keep","draw_031",473,"2022-12-25","history","1.04880142146214"
"exdqlm_multivar_synth_keep","draw_032",489,"2022-12-07","history","0.939647681379481"
"exdqlm_multivar_synth_keep","draw_032",489,"2022-12-08","history","0.883100957397192"
"exdqlm_multivar_synth_keep","draw_032",489,"2022-12-09","history","0.875981745999701"
"exdqlm_multivar_synth_keep","draw_032",489,"2022-12-10","history","0.974653623635581"
"exdqlm_multivar_synth_keep","draw_032",489,"2022-12-11","history","1.62126873820602"
"exdqlm_multivar_synth_keep","draw_032",489,"2022-12-12","history","1.95153531254265"
"exdqlm_multivar_synth_keep","draw_032",489,"2022-12-13","history","1.81344059583250"
"exdqlm_multivar_synth_keep","draw_032",489,"2022-12-14","history","1.43918241319142"
"exdqlm_multivar_synth_keep","draw_032",489,"2022-12-15","history","1.30307153077009"
"exdqlm_multivar_synth_keep","draw_032",489,"2022-12-16","history","1.26955846618306"
"exdqlm_multivar_synth_keep","draw_032",489,"2022-12-17","history","1.25456032549650"
"exdqlm_multivar_synth_keep","draw_032",489,"2022-12-18","history","1.22237200893464"
"exdqlm_multivar_synth_keep","draw_032",489,"2022-12-19","history","1.19024300064960"
"exdqlm_multivar_synth_keep","draw_032",489,"2022-12-20","history","1.16051365049856"
"exdqlm_multivar_synth_keep","draw_032",489,"2022-12-21","history","1.13371306785535"
"exdqlm_multivar_synth_keep","draw_032",489,"2022-12-22","history","1.12028815660241"
"exdqlm_multivar_synth_keep","draw_032",489,"2022-12-23","history","1.09687331870852"
"exdqlm_multivar_synth_keep","draw_032",489,"2022-12-24","history","1.06956906701797"
"exdqlm_multivar_synth_keep","draw_032",489,"2022-12-25","history","1.05207635108505"
"exdqlm_multivar_synth_keep","draw_033",505,"2022-12-07","history","0.946628807389349"
"exdqlm_multivar_synth_keep","draw_033",505,"2022-12-08","history","0.886345052269311"
"exdqlm_multivar_synth_keep","draw_033",505,"2022-12-09","history","0.883657151094507"
"exdqlm_multivar_synth_keep","draw_033",505,"2022-12-10","history","0.979103011924210"
"exdqlm_multivar_synth_keep","draw_033",505,"2022-12-11","history","1.63582116344194"
"exdqlm_multivar_synth_keep","draw_033",505,"2022-12-12","history","1.96975620511653"
"exdqlm_multivar_synth_keep","draw_033",505,"2022-12-13","history","1.82129758430019"
"exdqlm_multivar_synth_keep","draw_033",505,"2022-12-14","history","1.44711852935979"
"exdqlm_multivar_synth_keep","draw_033",505,"2022-12-15","history","1.30725225794235"
"exdqlm_multivar_synth_keep","draw_033",505,"2022-12-16","history","1.27719365236264"
"exdqlm_multivar_synth_keep","draw_033",505,"2022-12-17","history","1.26080093005364"
"exdqlm_multivar_synth_keep","draw_033",505,"2022-12-18","history","1.22668828844531"
"exdqlm_multivar_synth_keep","draw_033",505,"2022-12-19","history","1.19683012861326"
"exdqlm_multivar_synth_keep","draw_033",505,"2022-12-20","history","1.16643954762267"
"exdqlm_multivar_synth_keep","draw_033",505,"2022-12-21","history","1.13635832160949"
"exdqlm_multivar_synth_keep","draw_033",505,"2022-12-22","history","1.12679271776084"
"exdqlm_multivar_synth_keep","draw_033",505,"2022-12-23","history","1.10076794232078"
"exdqlm_multivar_synth_keep","draw_033",505,"2022-12-24","history","1.07271778719856"
"exdqlm_multivar_synth_keep","draw_033",505,"2022-12-25","history","1.05564337194639"
"exdqlm_multivar_synth_keep","draw_034",520,"2022-12-07","history","0.950106965688193"
"exdqlm_multivar_synth_keep","draw_034",520,"2022-12-08","history","0.891044095988125"
"exdqlm_multivar_synth_keep","draw_034",520,"2022-12-09","history","0.891341997608458"
"exdqlm_multivar_synth_keep","draw_034",520,"2022-12-10","history","0.987950043250601"
"exdqlm_multivar_synth_keep","draw_034",520,"2022-12-11","history","1.65286962769678"
"exdqlm_multivar_synth_keep","draw_034",520,"2022-12-12","history","1.98233185219480"
"exdqlm_multivar_synth_keep","draw_034",520,"2022-12-13","history","1.83591918117645"
"exdqlm_multivar_synth_keep","draw_034",520,"2022-12-14","history","1.45145100534933"
"exdqlm_multivar_synth_keep","draw_034",520,"2022-12-15","history","1.31519974652553"
"exdqlm_multivar_synth_keep","draw_034",520,"2022-12-16","history","1.28073749019203"
"exdqlm_multivar_synth_keep","draw_034",520,"2022-12-17","history","1.26841534434393"
"exdqlm_multivar_synth_keep","draw_034",520,"2022-12-18","history","1.23057917195442"
"exdqlm_multivar_synth_keep","draw_034",520,"2022-12-19","history","1.20085313454649"
"exdqlm_multivar_synth_keep","draw_034",520,"2022-12-20","history","1.17238000109384"
"exdqlm_multivar_synth_keep","draw_034",520,"2022-12-21","history","1.14054578816241"
"exdqlm_multivar_synth_keep","draw_034",520,"2022-12-22","history","1.13101171641373"
"exdqlm_multivar_synth_keep","draw_034",520,"2022-12-23","history","1.10475244734452"
"exdqlm_multivar_synth_keep","draw_034",520,"2022-12-24","history","1.07675732419759"
"exdqlm_multivar_synth_keep","draw_034",520,"2022-12-25","history","1.06170152142263"
"exdqlm_multivar_synth_keep","draw_035",536,"2022-12-07","history","0.953977715283962"
"exdqlm_multivar_synth_keep","draw_035",536,"2022-12-08","history","0.897583720845036"
"exdqlm_multivar_synth_keep","draw_035",536,"2022-12-09","history","0.898938291867533"
"exdqlm_multivar_synth_keep","draw_035",536,"2022-12-10","history","0.993286302864698"
"exdqlm_multivar_synth_keep","draw_035",536,"2022-12-11","history","1.67509989061390"
"exdqlm_multivar_synth_keep","draw_035",536,"2022-12-12","history","1.99072299662839"
"exdqlm_multivar_synth_keep","draw_035",536,"2022-12-13","history","1.84520491366143"
"exdqlm_multivar_synth_keep","draw_035",536,"2022-12-14","history","1.45908161031228"
"exdqlm_multivar_synth_keep","draw_035",536,"2022-12-15","history","1.31998832891271"
"exdqlm_multivar_synth_keep","draw_035",536,"2022-12-16","history","1.28380450858111"
"exdqlm_multivar_synth_keep","draw_035",536,"2022-12-17","history","1.27364313065087"
"exdqlm_multivar_synth_keep","draw_035",536,"2022-12-18","history","1.23640149962710"
"exdqlm_multivar_synth_keep","draw_035",536,"2022-12-19","history","1.20683991724537"
"exdqlm_multivar_synth_keep","draw_035",536,"2022-12-20","history","1.17985558350050"
"exdqlm_multivar_synth_keep","draw_035",536,"2022-12-21","history","1.14783613374901"
"exdqlm_multivar_synth_keep","draw_035",536,"2022-12-22","history","1.13672467142800"
"exdqlm_multivar_synth_keep","draw_035",536,"2022-12-23","history","1.10796062123920"
"exdqlm_multivar_synth_keep","draw_035",536,"2022-12-24","history","1.08099739711292"
"exdqlm_multivar_synth_keep","draw_035",536,"2022-12-25","history","1.06704196266209"
"exdqlm_multivar_synth_keep","draw_036",552,"2022-12-07","history","0.958624911206181"
"exdqlm_multivar_synth_keep","draw_036",552,"2022-12-08","history","0.903920824528041"
"exdqlm_multivar_synth_keep","draw_036",552,"2022-12-09","history","0.905124280080857"
"exdqlm_multivar_synth_keep","draw_036",552,"2022-12-10","history","1.00546865363613"
"exdqlm_multivar_synth_keep","draw_036",552,"2022-12-11","history","1.68574973362518"
"exdqlm_multivar_synth_keep","draw_036",552,"2022-12-12","history","2.00744807275607"
"exdqlm_multivar_synth_keep","draw_036",552,"2022-12-13","history","1.85584743928702"
"exdqlm_multivar_synth_keep","draw_036",552,"2022-12-14","history","1.46645614979459"
"exdqlm_multivar_synth_keep","draw_036",552,"2022-12-15","history","1.32556403779784"
"exdqlm_multivar_synth_keep","draw_036",552,"2022-12-16","history","1.28889280811635"
"exdqlm_multivar_synth_keep","draw_036",552,"2022-12-17","history","1.27807862737552"
"exdqlm_multivar_synth_keep","draw_036",552,"2022-12-18","history","1.24393773730378"
"exdqlm_multivar_synth_keep","draw_036",552,"2022-12-19","history","1.21355973846249"
"exdqlm_multivar_synth_keep","draw_036",552,"2022-12-20","history","1.18554079618236"
"exdqlm_multivar_synth_keep","draw_036",552,"2022-12-21","history","1.15227678502928"
"exdqlm_multivar_synth_keep","draw_036",552,"2022-12-22","history","1.14163947603271"
"exdqlm_multivar_synth_keep","draw_036",552,"2022-12-23","history","1.11144534867546"
"exdqlm_multivar_synth_keep","draw_036",552,"2022-12-24","history","1.08516784175292"
"exdqlm_multivar_synth_keep","draw_036",552,"2022-12-25","history","1.07117368561708"
"exdqlm_multivar_synth_keep","draw_037",568,"2022-12-07","history","0.962952142094047"
"exdqlm_multivar_synth_keep","draw_037",568,"2022-12-08","history","0.909500342203867"
"exdqlm_multivar_synth_keep","draw_037",568,"2022-12-09","history","0.915002993778024"
"exdqlm_multivar_synth_keep","draw_037",568,"2022-12-10","history","1.01148190744399"
"exdqlm_multivar_synth_keep","draw_037",568,"2022-12-11","history","1.70732796808811"
"exdqlm_multivar_synth_keep","draw_037",568,"2022-12-12","history","2.01949702385930"
"exdqlm_multivar_synth_keep","draw_037",568,"2022-12-13","history","1.86790069232816"
"exdqlm_multivar_synth_keep","draw_037",568,"2022-12-14","history","1.47580421008406"
"exdqlm_multivar_synth_keep","draw_037",568,"2022-12-15","history","1.32907652737262"
"exdqlm_multivar_synth_keep","draw_037",568,"2022-12-16","history","1.29433438627710"
"exdqlm_multivar_synth_keep","draw_037",568,"2022-12-17","history","1.28579374852495"
"exdqlm_multivar_synth_keep","draw_037",568,"2022-12-18","history","1.25003543353502"
"exdqlm_multivar_synth_keep","draw_037",568,"2022-12-19","history","1.21985265388537"
"exdqlm_multivar_synth_keep","draw_037",568,"2022-12-20","history","1.19114049673710"
"exdqlm_multivar_synth_keep","draw_037",568,"2022-12-21","history","1.15754406524373"
"exdqlm_multivar_synth_keep","draw_037",568,"2022-12-22","history","1.14630817054400"
"exdqlm_multivar_synth_keep","draw_037",568,"2022-12-23","history","1.11413928622309"
"exdqlm_multivar_synth_keep","draw_037",568,"2022-12-24","history","1.08980472598574"
"exdqlm_multivar_synth_keep","draw_037",568,"2022-12-25","history","1.07491623003541"
"exdqlm_multivar_synth_keep","draw_038",583,"2022-12-07","history","0.970447182844055"
"exdqlm_multivar_synth_keep","draw_038",583,"2022-12-08","history","0.914684027018933"
"exdqlm_multivar_synth_keep","draw_038",583,"2022-12-09","history","0.921457645813345"
"exdqlm_multivar_synth_keep","draw_038",583,"2022-12-10","history","1.01824206852043"
"exdqlm_multivar_synth_keep","draw_038",583,"2022-12-11","history","1.71580780390843"
"exdqlm_multivar_synth_keep","draw_038",583,"2022-12-12","history","2.03426221595662"
"exdqlm_multivar_synth_keep","draw_038",583,"2022-12-13","history","1.87783171927594"
"exdqlm_multivar_synth_keep","draw_038",583,"2022-12-14","history","1.48181703358332"
"exdqlm_multivar_synth_keep","draw_038",583,"2022-12-15","history","1.33810335960681"
"exdqlm_multivar_synth_keep","draw_038",583,"2022-12-16","history","1.29709562845226"
"exdqlm_multivar_synth_keep","draw_038",583,"2022-12-17","history","1.29090011619278"
"exdqlm_multivar_synth_keep","draw_038",583,"2022-12-18","history","1.25367963342380"
"exdqlm_multivar_synth_keep","draw_038",583,"2022-12-19","history","1.22418704498067"
"exdqlm_multivar_synth_keep","draw_038",583,"2022-12-20","history","1.19707740041540"
"exdqlm_multivar_synth_keep","draw_038",583,"2022-12-21","history","1.16293710987847"
"exdqlm_multivar_synth_keep","draw_038",583,"2022-12-22","history","1.14873499215670"
"exdqlm_multivar_synth_keep","draw_038",583,"2022-12-23","history","1.11905818448188"
"exdqlm_multivar_synth_keep","draw_038",583,"2022-12-24","history","1.09477972252600"
"exdqlm_multivar_synth_keep","draw_038",583,"2022-12-25","history","1.07940643430745"
"exdqlm_multivar_synth_keep","draw_039",599,"2022-12-07","history","0.974855721250919"
"exdqlm_multivar_synth_keep","draw_039",599,"2022-12-08","history","0.919042432385195"
"exdqlm_multivar_synth_keep","draw_039",599,"2022-12-09","history","0.930730840968397"
"exdqlm_multivar_synth_keep","draw_039",599,"2022-12-10","history","1.02372007618315"
"exdqlm_multivar_synth_keep","draw_039",599,"2022-12-11","history","1.73391633921901"
"exdqlm_multivar_synth_keep","draw_039",599,"2022-12-12","history","2.04782326397028"
"exdqlm_multivar_synth_keep","draw_039",599,"2022-12-13","history","1.88855353441504"
"exdqlm_multivar_synth_keep","draw_039",599,"2022-12-14","history","1.48635903061100"
"exdqlm_multivar_synth_keep","draw_039",599,"2022-12-15","history","1.34356259848456"
"exdqlm_multivar_synth_keep","draw_039",599,"2022-12-16","history","1.30575060875831"
"exdqlm_multivar_synth_keep","draw_039",599,"2022-12-17","history","1.29483112329576"
"exdqlm_multivar_synth_keep","draw_039",599,"2022-12-18","history","1.25888914061568"
"exdqlm_multivar_synth_keep","draw_039",599,"2022-12-19","history","1.22934499006188"
"exdqlm_multivar_synth_keep","draw_039",599,"2022-12-20","history","1.20289217154938"
"exdqlm_multivar_synth_keep","draw_039",599,"2022-12-21","history","1.16792817604744"
"exdqlm_multivar_synth_keep","draw_039",599,"2022-12-22","history","1.15359841106666"
"exdqlm_multivar_synth_keep","draw_039",599,"2022-12-23","history","1.12442730503590"
"exdqlm_multivar_synth_keep","draw_039",599,"2022-12-24","history","1.10017303293684"
"exdqlm_multivar_synth_keep","draw_039",599,"2022-12-25","history","1.08431588821401"
"exdqlm_multivar_synth_keep","draw_040",615,"2022-12-07","history","0.979424726364136"
"exdqlm_multivar_synth_keep","draw_040",615,"2022-12-08","history","0.925749632838423"
"exdqlm_multivar_synth_keep","draw_040",615,"2022-12-09","history","0.936204107224874"
"exdqlm_multivar_synth_keep","draw_040",615,"2022-12-10","history","1.02988269175020"
"exdqlm_multivar_synth_keep","draw_040",615,"2022-12-11","history","1.75165838027313"
"exdqlm_multivar_synth_keep","draw_040",615,"2022-12-12","history","2.06343891957918"
"exdqlm_multivar_synth_keep","draw_040",615,"2022-12-13","history","1.90089663400932"
"exdqlm_multivar_synth_keep","draw_040",615,"2022-12-14","history","1.49436464185395"
"exdqlm_multivar_synth_keep","draw_040",615,"2022-12-15","history","1.34774849696705"
"exdqlm_multivar_synth_keep","draw_040",615,"2022-12-16","history","1.31048582300347"
"exdqlm_multivar_synth_keep","draw_040",615,"2022-12-17","history","1.30060352844139"
"exdqlm_multivar_synth_keep","draw_040",615,"2022-12-18","history","1.26463813095638"
"exdqlm_multivar_synth_keep","draw_040",615,"2022-12-19","history","1.23510793908351"
"exdqlm_multivar_synth_keep","draw_040",615,"2022-12-20","history","1.20893877333495"
"exdqlm_multivar_synth_keep","draw_040",615,"2022-12-21","history","1.17285294462635"
"exdqlm_multivar_synth_keep","draw_040",615,"2022-12-22","history","1.15752277036576"
"exdqlm_multivar_synth_keep","draw_040",615,"2022-12-23","history","1.13015100940697"
"exdqlm_multivar_synth_keep","draw_040",615,"2022-12-24","history","1.10549223122675"
"exdqlm_multivar_synth_keep","draw_040",615,"2022-12-25","history","1.08872612338616"
"exdqlm_multivar_synth_keep","draw_041",631,"2022-12-07","history","0.985700128495936"
"exdqlm_multivar_synth_keep","draw_041",631,"2022-12-08","history","0.928799709323689"
"exdqlm_multivar_synth_keep","draw_041",631,"2022-12-09","history","0.941004177165936"
"exdqlm_multivar_synth_keep","draw_041",631,"2022-12-10","history","1.03533302449358"
"exdqlm_multivar_synth_keep","draw_041",631,"2022-12-11","history","1.76988098740424"
"exdqlm_multivar_synth_keep","draw_041",631,"2022-12-12","history","2.07226935618949"
"exdqlm_multivar_synth_keep","draw_041",631,"2022-12-13","history","1.90820366450103"
"exdqlm_multivar_synth_keep","draw_041",631,"2022-12-14","history","1.50212020673805"
"exdqlm_multivar_synth_keep","draw_041",631,"2022-12-15","history","1.35652334049215"
"exdqlm_multivar_synth_keep","draw_041",631,"2022-12-16","history","1.31853316374804"
"exdqlm_multivar_synth_keep","draw_041",631,"2022-12-17","history","1.30854024910509"
"exdqlm_multivar_synth_keep","draw_041",631,"2022-12-18","history","1.27027608787330"
"exdqlm_multivar_synth_keep","draw_041",631,"2022-12-19","history","1.24123732785063"
"exdqlm_multivar_synth_keep","draw_041",631,"2022-12-20","history","1.21539674325323"
"exdqlm_multivar_synth_keep","draw_041",631,"2022-12-21","history","1.17682932470654"
"exdqlm_multivar_synth_keep","draw_041",631,"2022-12-22","history","1.16241560815765"
"exdqlm_multivar_synth_keep","draw_041",631,"2022-12-23","history","1.13350843972948"
"exdqlm_multivar_synth_keep","draw_041",631,"2022-12-24","history","1.11154519905643"
"exdqlm_multivar_synth_keep","draw_041",631,"2022-12-25","history","1.09192790154091"
"exdqlm_multivar_synth_keep","draw_042",646,"2022-12-07","history","0.990527050622879"
"exdqlm_multivar_synth_keep","draw_042",646,"2022-12-08","history","0.934038240256197"
"exdqlm_multivar_synth_keep","draw_042",646,"2022-12-09","history","0.944405746147060"
"exdqlm_multivar_synth_keep","draw_042",646,"2022-12-10","history","1.03958060333136"
"exdqlm_multivar_synth_keep","draw_042",646,"2022-12-11","history","1.78748885572578"
"exdqlm_multivar_synth_keep","draw_042",646,"2022-12-12","history","2.08571944333829"
"exdqlm_multivar_synth_keep","draw_042",646,"2022-12-13","history","1.91895793974597"
"exdqlm_multivar_synth_keep","draw_042",646,"2022-12-14","history","1.50736136860521"
"exdqlm_multivar_synth_keep","draw_042",646,"2022-12-15","history","1.36397962386279"
"exdqlm_multivar_synth_keep","draw_042",646,"2022-12-16","history","1.32395757662347"
"exdqlm_multivar_synth_keep","draw_042",646,"2022-12-17","history","1.31409775298378"
"exdqlm_multivar_synth_keep","draw_042",646,"2022-12-18","history","1.27398498237051"
"exdqlm_multivar_synth_keep","draw_042",646,"2022-12-19","history","1.24441604162105"
"exdqlm_multivar_synth_keep","draw_042",646,"2022-12-20","history","1.22066701232840"
"exdqlm_multivar_synth_keep","draw_042",646,"2022-12-21","history","1.18218912204111"
"exdqlm_multivar_synth_keep","draw_042",646,"2022-12-22","history","1.16788211253904"
"exdqlm_multivar_synth_keep","draw_042",646,"2022-12-23","history","1.13709686071442"
"exdqlm_multivar_synth_keep","draw_042",646,"2022-12-24","history","1.11622969979723"
"exdqlm_multivar_synth_keep","draw_042",646,"2022-12-25","history","1.09797521800393"
"exdqlm_multivar_synth_keep","draw_043",662,"2022-12-07","history","0.999250406947779"
"exdqlm_multivar_synth_keep","draw_043",662,"2022-12-08","history","0.938434871467536"
"exdqlm_multivar_synth_keep","draw_043",662,"2022-12-09","history","0.949749446709676"
"exdqlm_multivar_synth_keep","draw_043",662,"2022-12-10","history","1.04477594199481"
"exdqlm_multivar_synth_keep","draw_043",662,"2022-12-11","history","1.80232898561904"
"exdqlm_multivar_synth_keep","draw_043",662,"2022-12-12","history","2.09788107120600"
"exdqlm_multivar_synth_keep","draw_043",662,"2022-12-13","history","1.93161627079367"
"exdqlm_multivar_synth_keep","draw_043",662,"2022-12-14","history","1.51538935364055"
"exdqlm_multivar_synth_keep","draw_043",662,"2022-12-15","history","1.37434202527195"
"exdqlm_multivar_synth_keep","draw_043",662,"2022-12-16","history","1.33372537120890"
"exdqlm_multivar_synth_keep","draw_043",662,"2022-12-17","history","1.31738343618539"
"exdqlm_multivar_synth_keep","draw_043",662,"2022-12-18","history","1.27824419729617"
"exdqlm_multivar_synth_keep","draw_043",662,"2022-12-19","history","1.25060961303985"
"exdqlm_multivar_synth_keep","draw_043",662,"2022-12-20","history","1.22496613776585"
"exdqlm_multivar_synth_keep","draw_043",662,"2022-12-21","history","1.18659014965740"
"exdqlm_multivar_synth_keep","draw_043",662,"2022-12-22","history","1.17117190760975"
"exdqlm_multivar_synth_keep","draw_043",662,"2022-12-23","history","1.14488648066260"
"exdqlm_multivar_synth_keep","draw_043",662,"2022-12-24","history","1.11947024227666"
"exdqlm_multivar_synth_keep","draw_043",662,"2022-12-25","history","1.10059937463048"
"exdqlm_multivar_synth_keep","draw_044",678,"2022-12-07","history","1.00514782433924"
"exdqlm_multivar_synth_keep","draw_044",678,"2022-12-08","history","0.946410731948733"
"exdqlm_multivar_synth_keep","draw_044",678,"2022-12-09","history","0.958234323303385"
"exdqlm_multivar_synth_keep","draw_044",678,"2022-12-10","history","1.05060629429874"
"exdqlm_multivar_synth_keep","draw_044",678,"2022-12-11","history","1.82113253232567"
"exdqlm_multivar_synth_keep","draw_044",678,"2022-12-12","history","2.10902113533405"
"exdqlm_multivar_synth_keep","draw_044",678,"2022-12-13","history","1.93882241765877"
"exdqlm_multivar_synth_keep","draw_044",678,"2022-12-14","history","1.52313814538418"
"exdqlm_multivar_synth_keep","draw_044",678,"2022-12-15","history","1.37792633543255"
"exdqlm_multivar_synth_keep","draw_044",678,"2022-12-16","history","1.33957492353575"
"exdqlm_multivar_synth_keep","draw_044",678,"2022-12-17","history","1.32101058989068"
"exdqlm_multivar_synth_keep","draw_044",678,"2022-12-18","history","1.28198282355961"
"exdqlm_multivar_synth_keep","draw_044",678,"2022-12-19","history","1.25696394851249"
"exdqlm_multivar_synth_keep","draw_044",678,"2022-12-20","history","1.23038590997213"
"exdqlm_multivar_synth_keep","draw_044",678,"2022-12-21","history","1.18885656556565"
"exdqlm_multivar_synth_keep","draw_044",678,"2022-12-22","history","1.17521608076681"
"exdqlm_multivar_synth_keep","draw_044",678,"2022-12-23","history","1.14840973548078"
"exdqlm_multivar_synth_keep","draw_044",678,"2022-12-24","history","1.12318673417141"
"exdqlm_multivar_synth_keep","draw_044",678,"2022-12-25","history","1.10492671844737"
"exdqlm_multivar_synth_keep","draw_045",694,"2022-12-07","history","1.00852293142412"
"exdqlm_multivar_synth_keep","draw_045",694,"2022-12-08","history","0.953140661421058"
"exdqlm_multivar_synth_keep","draw_045",694,"2022-12-09","history","0.962373977439171"
"exdqlm_multivar_synth_keep","draw_045",694,"2022-12-10","history","1.05750670658518"
"exdqlm_multivar_synth_keep","draw_045",694,"2022-12-11","history","1.83482057479840"
"exdqlm_multivar_synth_keep","draw_045",694,"2022-12-12","history","2.11870734603789"
"exdqlm_multivar_synth_keep","draw_045",694,"2022-12-13","history","1.95150849682978"
"exdqlm_multivar_synth_keep","draw_045",694,"2022-12-14","history","1.52663541783897"
"exdqlm_multivar_synth_keep","draw_045",694,"2022-12-15","history","1.38557748472900"
"exdqlm_multivar_synth_keep","draw_045",694,"2022-12-16","history","1.34833520675718"
"exdqlm_multivar_synth_keep","draw_045",694,"2022-12-17","history","1.32489902661637"
"exdqlm_multivar_synth_keep","draw_045",694,"2022-12-18","history","1.28642447285012"
"exdqlm_multivar_synth_keep","draw_045",694,"2022-12-19","history","1.26567591351089"
"exdqlm_multivar_synth_keep","draw_045",694,"2022-12-20","history","1.23301773368528"
"exdqlm_multivar_synth_keep","draw_045",694,"2022-12-21","history","1.19205563528862"
"exdqlm_multivar_synth_keep","draw_045",694,"2022-12-22","history","1.17857314679134"
"exdqlm_multivar_synth_keep","draw_045",694,"2022-12-23","history","1.15200086126209"
"exdqlm_multivar_synth_keep","draw_045",694,"2022-12-24","history","1.12694208910365"
"exdqlm_multivar_synth_keep","draw_045",694,"2022-12-25","history","1.10885445463828"
"exdqlm_multivar_synth_keep","draw_046",709,"2022-12-07","history","1.01644162389326"
"exdqlm_multivar_synth_keep","draw_046",709,"2022-12-08","history","0.956308022292083"
"exdqlm_multivar_synth_keep","draw_046",709,"2022-12-09","history","0.965529954224145"
"exdqlm_multivar_synth_keep","draw_046",709,"2022-12-10","history","1.06277656223946"
"exdqlm_multivar_synth_keep","draw_046",709,"2022-12-11","history","1.85039864760932"
"exdqlm_multivar_synth_keep","draw_046",709,"2022-12-12","history","2.12589292908804"
"exdqlm_multivar_synth_keep","draw_046",709,"2022-12-13","history","1.95649791446821"
"exdqlm_multivar_synth_keep","draw_046",709,"2022-12-14","history","1.53215636013386"
"exdqlm_multivar_synth_keep","draw_046",709,"2022-12-15","history","1.39178608415062"
"exdqlm_multivar_synth_keep","draw_046",709,"2022-12-16","history","1.35235581876455"
"exdqlm_multivar_synth_keep","draw_046",709,"2022-12-17","history","1.32993251942006"
"exdqlm_multivar_synth_keep","draw_046",709,"2022-12-18","history","1.28939941277796"
"exdqlm_multivar_synth_keep","draw_046",709,"2022-12-19","history","1.26960757734129"
"exdqlm_multivar_synth_keep","draw_046",709,"2022-12-20","history","1.23425811187107"
"exdqlm_multivar_synth_keep","draw_046",709,"2022-12-21","history","1.19744568628631"
"exdqlm_multivar_synth_keep","draw_046",709,"2022-12-22","history","1.18400379824095"
"exdqlm_multivar_synth_keep","draw_046",709,"2022-12-23","history","1.15441620714684"
"exdqlm_multivar_synth_keep","draw_046",709,"2022-12-24","history","1.13048937464578"
"exdqlm_multivar_synth_keep","draw_046",709,"2022-12-25","history","1.11156018270427"
"exdqlm_multivar_synth_keep","draw_047",725,"2022-12-07","history","1.02265334119780"
"exdqlm_multivar_synth_keep","draw_047",725,"2022-12-08","history","0.959063856317458"
"exdqlm_multivar_synth_keep","draw_047",725,"2022-12-09","history","0.968856448729373"
"exdqlm_multivar_synth_keep","draw_047",725,"2022-12-10","history","1.07011759873757"
"exdqlm_multivar_synth_keep","draw_047",725,"2022-12-11","history","1.86710964141627"
"exdqlm_multivar_synth_keep","draw_047",725,"2022-12-12","history","2.13368533128296"
"exdqlm_multivar_synth_keep","draw_047",725,"2022-12-13","history","1.96293311422110"
"exdqlm_multivar_synth_keep","draw_047",725,"2022-12-14","history","1.53785392154009"
"exdqlm_multivar_synth_keep","draw_047",725,"2022-12-15","history","1.39423405980168"
"exdqlm_multivar_synth_keep","draw_047",725,"2022-12-16","history","1.35655174582135"
"exdqlm_multivar_synth_keep","draw_047",725,"2022-12-17","history","1.33308183074028"
"exdqlm_multivar_synth_keep","draw_047",725,"2022-12-18","history","1.29399038711523"
"exdqlm_multivar_synth_keep","draw_047",725,"2022-12-19","history","1.27428972824955"
"exdqlm_multivar_synth_keep","draw_047",725,"2022-12-20","history","1.23816259039993"
"exdqlm_multivar_synth_keep","draw_047",725,"2022-12-21","history","1.20237288125154"
"exdqlm_multivar_synth_keep","draw_047",725,"2022-12-22","history","1.18852132731078"
"exdqlm_multivar_synth_keep","draw_047",725,"2022-12-23","history","1.15712493876349"
"exdqlm_multivar_synth_keep","draw_047",725,"2022-12-24","history","1.13253282958903"
"exdqlm_multivar_synth_keep","draw_047",725,"2022-12-25","history","1.11449038948233"
"exdqlm_multivar_synth_keep","draw_048",741,"2022-12-07","history","1.02939802196144"
"exdqlm_multivar_synth_keep","draw_048",741,"2022-12-08","history","0.960993678811647"
"exdqlm_multivar_synth_keep","draw_048",741,"2022-12-09","history","0.974049334141984"
"exdqlm_multivar_synth_keep","draw_048",741,"2022-12-10","history","1.07459882387955"
"exdqlm_multivar_synth_keep","draw_048",741,"2022-12-11","history","1.88333655847698"
"exdqlm_multivar_synth_keep","draw_048",741,"2022-12-12","history","2.14541148870603"
"exdqlm_multivar_synth_keep","draw_048",741,"2022-12-13","history","1.96787869873462"
"exdqlm_multivar_synth_keep","draw_048",741,"2022-12-14","history","1.54047401341836"
"exdqlm_multivar_synth_keep","draw_048",741,"2022-12-15","history","1.39808866845546"
"exdqlm_multivar_synth_keep","draw_048",741,"2022-12-16","history","1.36047685569503"
"exdqlm_multivar_synth_keep","draw_048",741,"2022-12-17","history","1.33387695392854"
"exdqlm_multivar_synth_keep","draw_048",741,"2022-12-18","history","1.29775315419539"
"exdqlm_multivar_synth_keep","draw_048",741,"2022-12-19","history","1.27555863246469"
"exdqlm_multivar_synth_keep","draw_048",741,"2022-12-20","history","1.24167246955997"
"exdqlm_multivar_synth_keep","draw_048",741,"2022-12-21","history","1.20696020762353"
"exdqlm_multivar_synth_keep","draw_048",741,"2022-12-22","history","1.18980827124653"
"exdqlm_multivar_synth_keep","draw_048",741,"2022-12-23","history","1.15963884607040"
"exdqlm_multivar_synth_keep","draw_048",741,"2022-12-24","history","1.13559700088858"
"exdqlm_multivar_synth_keep","draw_048",741,"2022-12-25","history","1.11823452910728"
"exdqlm_multivar_synth_keep","draw_049",757,"2022-12-07","history","1.03585661033297"
"exdqlm_multivar_synth_keep","draw_049",757,"2022-12-08","history","0.964373428069977"
"exdqlm_multivar_synth_keep","draw_049",757,"2022-12-09","history","0.979451974016726"
"exdqlm_multivar_synth_keep","draw_049",757,"2022-12-10","history","1.07900152523234"
"exdqlm_multivar_synth_keep","draw_049",757,"2022-12-11","history","1.90121178597338"
"exdqlm_multivar_synth_keep","draw_049",757,"2022-12-12","history","2.16055386973342"
"exdqlm_multivar_synth_keep","draw_049",757,"2022-12-13","history","1.97077556855194"
"exdqlm_multivar_synth_keep","draw_049",757,"2022-12-14","history","1.54430370679205"
"exdqlm_multivar_synth_keep","draw_049",757,"2022-12-15","history","1.40432852279364"
"exdqlm_multivar_synth_keep","draw_049",757,"2022-12-16","history","1.36321357711896"
"exdqlm_multivar_synth_keep","draw_049",757,"2022-12-17","history","1.33892496547474"
"exdqlm_multivar_synth_keep","draw_049",757,"2022-12-18","history","1.29996051582230"
"exdqlm_multivar_synth_keep","draw_049",757,"2022-12-19","history","1.27772337896006"
"exdqlm_multivar_synth_keep","draw_049",757,"2022-12-20","history","1.24391747676222"
"exdqlm_multivar_synth_keep","draw_049",757,"2022-12-21","history","1.21196167466119"
"exdqlm_multivar_synth_keep","draw_049",757,"2022-12-22","history","1.19246857501267"
"exdqlm_multivar_synth_keep","draw_049",757,"2022-12-23","history","1.16168515667325"
"exdqlm_multivar_synth_keep","draw_049",757,"2022-12-24","history","1.13775447344207"
"exdqlm_multivar_synth_keep","draw_049",757,"2022-12-25","history","1.11980568095955"
"exdqlm_multivar_synth_keep","draw_050",772,"2022-12-07","history","1.03948832818739"
"exdqlm_multivar_synth_keep","draw_050",772,"2022-12-08","history","0.966514480823044"
"exdqlm_multivar_synth_keep","draw_050",772,"2022-12-09","history","0.983563763554056"
"exdqlm_multivar_synth_keep","draw_050",772,"2022-12-10","history","1.08305164039288"
"exdqlm_multivar_synth_keep","draw_050",772,"2022-12-11","history","1.91896827384174"
"exdqlm_multivar_synth_keep","draw_050",772,"2022-12-12","history","2.17381549924126"
"exdqlm_multivar_synth_keep","draw_050",772,"2022-12-13","history","1.97911477853839"
"exdqlm_multivar_synth_keep","draw_050",772,"2022-12-14","history","1.54851336077874"
"exdqlm_multivar_synth_keep","draw_050",772,"2022-12-15","history","1.40674039224873"
"exdqlm_multivar_synth_keep","draw_050",772,"2022-12-16","history","1.36737592290947"
"exdqlm_multivar_synth_keep","draw_050",772,"2022-12-17","history","1.34025063842669"
"exdqlm_multivar_synth_keep","draw_050",772,"2022-12-18","history","1.30304300804438"
"exdqlm_multivar_synth_keep","draw_050",772,"2022-12-19","history","1.28043467485509"
"exdqlm_multivar_synth_keep","draw_050",772,"2022-12-20","history","1.24592302048979"
"exdqlm_multivar_synth_keep","draw_050",772,"2022-12-21","history","1.21475783919857"
"exdqlm_multivar_synth_keep","draw_050",772,"2022-12-22","history","1.19435780626031"
"exdqlm_multivar_synth_keep","draw_050",772,"2022-12-23","history","1.16298843207456"
"exdqlm_multivar_synth_keep","draw_050",772,"2022-12-24","history","1.13897425010444"
"exdqlm_multivar_synth_keep","draw_050",772,"2022-12-25","history","1.12227439668626"
"exdqlm_multivar_synth_keep","draw_051",788,"2022-12-07","history","1.04377517933791"
"exdqlm_multivar_synth_keep","draw_051",788,"2022-12-08","history","0.970977399392929"
"exdqlm_multivar_synth_keep","draw_051",788,"2022-12-09","history","0.989765195253711"
"exdqlm_multivar_synth_keep","draw_051",788,"2022-12-10","history","1.08933664468425"
"exdqlm_multivar_synth_keep","draw_051",788,"2022-12-11","history","1.94305176898270"
"exdqlm_multivar_synth_keep","draw_051",788,"2022-12-12","history","2.19322637741393"
"exdqlm_multivar_synth_keep","draw_051",788,"2022-12-13","history","1.98711360617009"
"exdqlm_multivar_synth_keep","draw_051",788,"2022-12-14","history","1.55255499103240"
"exdqlm_multivar_synth_keep","draw_051",788,"2022-12-15","history","1.40961403528748"
"exdqlm_multivar_synth_keep","draw_051",788,"2022-12-16","history","1.37154718689523"
"exdqlm_multivar_synth_keep","draw_051",788,"2022-12-17","history","1.34441323104134"
"exdqlm_multivar_synth_keep","draw_051",788,"2022-12-18","history","1.30710639647473"
"exdqlm_multivar_synth_keep","draw_051",788,"2022-12-19","history","1.28292624823291"
"exdqlm_multivar_synth_keep","draw_051",788,"2022-12-20","history","1.24812437743587"
"exdqlm_multivar_synth_keep","draw_051",788,"2022-12-21","history","1.21894399351430"
"exdqlm_multivar_synth_keep","draw_051",788,"2022-12-22","history","1.19687691403640"
"exdqlm_multivar_synth_keep","draw_051",788,"2022-12-23","history","1.16687902096552"
"exdqlm_multivar_synth_keep","draw_051",788,"2022-12-24","history","1.14227622288920"
"exdqlm_multivar_synth_keep","draw_051",788,"2022-12-25","history","1.12564339880890"
"exdqlm_multivar_synth_keep","draw_052",804,"2022-12-07","history","1.05001119873503"
"exdqlm_multivar_synth_keep","draw_052",804,"2022-12-08","history","0.975869152720217"
"exdqlm_multivar_synth_keep","draw_052",804,"2022-12-09","history","0.996503222238084"
"exdqlm_multivar_synth_keep","draw_052",804,"2022-12-10","history","1.09668148151055"
"exdqlm_multivar_synth_keep","draw_052",804,"2022-12-11","history","1.96798099258718"
"exdqlm_multivar_synth_keep","draw_052",804,"2022-12-12","history","2.20412198766733"
"exdqlm_multivar_synth_keep","draw_052",804,"2022-12-13","history","1.99309896649569"
"exdqlm_multivar_synth_keep","draw_052",804,"2022-12-14","history","1.55731439511557"
"exdqlm_multivar_synth_keep","draw_052",804,"2022-12-15","history","1.41372647363912"
"exdqlm_multivar_synth_keep","draw_052",804,"2022-12-16","history","1.37365978057035"
"exdqlm_multivar_synth_keep","draw_052",804,"2022-12-17","history","1.34749549849041"
"exdqlm_multivar_synth_keep","draw_052",804,"2022-12-18","history","1.31122786803007"
"exdqlm_multivar_synth_keep","draw_052",804,"2022-12-19","history","1.28521841968497"
"exdqlm_multivar_synth_keep","draw_052",804,"2022-12-20","history","1.25125985443169"
"exdqlm_multivar_synth_keep","draw_052",804,"2022-12-21","history","1.22234490118390"
"exdqlm_multivar_synth_keep","draw_052",804,"2022-12-22","history","1.20002535609280"
"exdqlm_multivar_synth_keep","draw_052",804,"2022-12-23","history","1.17064304725765"
"exdqlm_multivar_synth_keep","draw_052",804,"2022-12-24","history","1.14381094550708"
"exdqlm_multivar_synth_keep","draw_052",804,"2022-12-25","history","1.12816140876636"
"exdqlm_multivar_synth_keep","draw_053",819,"2022-12-07","history","1.05390235764064"
"exdqlm_multivar_synth_keep","draw_053",819,"2022-12-08","history","0.978533597895060"
"exdqlm_multivar_synth_keep","draw_053",819,"2022-12-09","history","1.00008718848183"
"exdqlm_multivar_synth_keep","draw_053",819,"2022-12-10","history","1.10440544368844"
"exdqlm_multivar_synth_keep","draw_053",819,"2022-12-11","history","1.98320715289358"
"exdqlm_multivar_synth_keep","draw_053",819,"2022-12-12","history","2.21234368613131"
"exdqlm_multivar_synth_keep","draw_053",819,"2022-12-13","history","1.99836832968855"
"exdqlm_multivar_synth_keep","draw_053",819,"2022-12-14","history","1.56084124488220"
"exdqlm_multivar_synth_keep","draw_053",819,"2022-12-15","history","1.41804906423893"
"exdqlm_multivar_synth_keep","draw_053",819,"2022-12-16","history","1.37648394993181"
"exdqlm_multivar_synth_keep","draw_053",819,"2022-12-17","history","1.35048389012593"
"exdqlm_multivar_synth_keep","draw_053",819,"2022-12-18","history","1.31450288603145"
"exdqlm_multivar_synth_keep","draw_053",819,"2022-12-19","history","1.28774907809207"
"exdqlm_multivar_synth_keep","draw_053",819,"2022-12-20","history","1.25448451630699"
"exdqlm_multivar_synth_keep","draw_053",819,"2022-12-21","history","1.22536082837104"
"exdqlm_multivar_synth_keep","draw_053",819,"2022-12-22","history","1.20343008213213"
"exdqlm_multivar_synth_keep","draw_053",819,"2022-12-23","history","1.17301681252368"
"exdqlm_multivar_synth_keep","draw_053",819,"2022-12-24","history","1.14672531790387"
"exdqlm_multivar_synth_keep","draw_053",819,"2022-12-25","history","1.12975521040706"
"exdqlm_multivar_synth_keep","draw_054",835,"2022-12-07","history","1.05831247030695"
"exdqlm_multivar_synth_keep","draw_054",835,"2022-12-08","history","0.981155563536350"
"exdqlm_multivar_synth_keep","draw_054",835,"2022-12-09","history","1.00434569370459"
"exdqlm_multivar_synth_keep","draw_054",835,"2022-12-10","history","1.10877148684977"
"exdqlm_multivar_synth_keep","draw_054",835,"2022-12-11","history","2.00022118068718"
"exdqlm_multivar_synth_keep","draw_054",835,"2022-12-12","history","2.22507843953792"
"exdqlm_multivar_synth_keep","draw_054",835,"2022-12-13","history","2.00390048642591"
"exdqlm_multivar_synth_keep","draw_054",835,"2022-12-14","history","1.56446826627375"
"exdqlm_multivar_synth_keep","draw_054",835,"2022-12-15","history","1.42162660331370"
"exdqlm_multivar_synth_keep","draw_054",835,"2022-12-16","history","1.38082719249637"
"exdqlm_multivar_synth_keep","draw_054",835,"2022-12-17","history","1.35446787543325"
"exdqlm_multivar_synth_keep","draw_054",835,"2022-12-18","history","1.31624272240500"
"exdqlm_multivar_synth_keep","draw_054",835,"2022-12-19","history","1.28916907917257"
"exdqlm_multivar_synth_keep","draw_054",835,"2022-12-20","history","1.25824983713813"
"exdqlm_multivar_synth_keep","draw_054",835,"2022-12-21","history","1.22729010106684"
"exdqlm_multivar_synth_keep","draw_054",835,"2022-12-22","history","1.20619026320875"
"exdqlm_multivar_synth_keep","draw_054",835,"2022-12-23","history","1.17612782706095"
"exdqlm_multivar_synth_keep","draw_054",835,"2022-12-24","history","1.14846292928800"
"exdqlm_multivar_synth_keep","draw_054",835,"2022-12-25","history","1.13302764001247"
"exdqlm_multivar_synth_keep","draw_055",851,"2022-12-07","history","1.06324621066426"
"exdqlm_multivar_synth_keep","draw_055",851,"2022-12-08","history","0.984062127467245"
"exdqlm_multivar_synth_keep","draw_055",851,"2022-12-09","history","1.00892624524341"
"exdqlm_multivar_synth_keep","draw_055",851,"2022-12-10","history","1.11396263694272"
"exdqlm_multivar_synth_keep","draw_055",851,"2022-12-11","history","2.01265831558858"
"exdqlm_multivar_synth_keep","draw_055",851,"2022-12-12","history","2.23600507845302"
"exdqlm_multivar_synth_keep","draw_055",851,"2022-12-13","history","2.01070124575179"
"exdqlm_multivar_synth_keep","draw_055",851,"2022-12-14","history","1.57018357467701"
"exdqlm_multivar_synth_keep","draw_055",851,"2022-12-15","history","1.42605030732582"
"exdqlm_multivar_synth_keep","draw_055",851,"2022-12-16","history","1.38518156071261"
"exdqlm_multivar_synth_keep","draw_055",851,"2022-12-17","history","1.35684584234788"
"exdqlm_multivar_synth_keep","draw_055",851,"2022-12-18","history","1.32016634763727"
"exdqlm_multivar_synth_keep","draw_055",851,"2022-12-19","history","1.29273510342836"
"exdqlm_multivar_synth_keep","draw_055",851,"2022-12-20","history","1.26088059292407"
"exdqlm_multivar_synth_keep","draw_055",851,"2022-12-21","history","1.22922622974684"
"exdqlm_multivar_synth_keep","draw_055",851,"2022-12-22","history","1.20965050522919"
"exdqlm_multivar_synth_keep","draw_055",851,"2022-12-23","history","1.17829454956097"
"exdqlm_multivar_synth_keep","draw_055",851,"2022-12-24","history","1.15048885580184"
"exdqlm_multivar_synth_keep","draw_055",851,"2022-12-25","history","1.13530724736038"
"exdqlm_multivar_synth_keep","draw_056",867,"2022-12-07","history","1.06881172294712"
"exdqlm_multivar_synth_keep","draw_056",867,"2022-12-08","history","0.987155198044060"
"exdqlm_multivar_synth_keep","draw_056",867,"2022-12-09","history","1.01331490626577"
"exdqlm_multivar_synth_keep","draw_056",867,"2022-12-10","history","1.11957827404780"
"exdqlm_multivar_synth_keep","draw_056",867,"2022-12-11","history","2.02780096491774"
"exdqlm_multivar_synth_keep","draw_056",867,"2022-12-12","history","2.25172109562911"
"exdqlm_multivar_synth_keep","draw_056",867,"2022-12-13","history","2.01621444326056"
"exdqlm_multivar_synth_keep","draw_056",867,"2022-12-14","history","1.57496157818876"
"exdqlm_multivar_synth_keep","draw_056",867,"2022-12-15","history","1.42827648524319"
"exdqlm_multivar_synth_keep","draw_056",867,"2022-12-16","history","1.38860208604105"
"exdqlm_multivar_synth_keep","draw_056",867,"2022-12-17","history","1.35914494795506"
"exdqlm_multivar_synth_keep","draw_056",867,"2022-12-18","history","1.32281519868341"
"exdqlm_multivar_synth_keep","draw_056",867,"2022-12-19","history","1.29646251788338"
"exdqlm_multivar_synth_keep","draw_056",867,"2022-12-20","history","1.26495001590840"
"exdqlm_multivar_synth_keep","draw_056",867,"2022-12-21","history","1.23207800179217"
"exdqlm_multivar_synth_keep","draw_056",867,"2022-12-22","history","1.21140078727471"
"exdqlm_multivar_synth_keep","draw_056",867,"2022-12-23","history","1.18052425463671"
"exdqlm_multivar_synth_keep","draw_056",867,"2022-12-24","history","1.15299450280955"
"exdqlm_multivar_synth_keep","draw_056",867,"2022-12-25","history","1.13815528827064"
"exdqlm_multivar_synth_keep","draw_057",882,"2022-12-07","history","1.07391744574768"
"exdqlm_multivar_synth_keep","draw_057",882,"2022-12-08","history","0.990404689774694"
"exdqlm_multivar_synth_keep","draw_057",882,"2022-12-09","history","1.01665374947536"
"exdqlm_multivar_synth_keep","draw_057",882,"2022-12-10","history","1.12590179417048"
"exdqlm_multivar_synth_keep","draw_057",882,"2022-12-11","history","2.04578161538611"
"exdqlm_multivar_synth_keep","draw_057",882,"2022-12-12","history","2.26364157191036"
"exdqlm_multivar_synth_keep","draw_057",882,"2022-12-13","history","2.02010871602322"
"exdqlm_multivar_synth_keep","draw_057",882,"2022-12-14","history","1.57750461790993"
"exdqlm_multivar_synth_keep","draw_057",882,"2022-12-15","history","1.43147800255663"
"exdqlm_multivar_synth_keep","draw_057",882,"2022-12-16","history","1.39333372305615"
"exdqlm_multivar_synth_keep","draw_057",882,"2022-12-17","history","1.36115089704602"
"exdqlm_multivar_synth_keep","draw_057",882,"2022-12-18","history","1.32510318781454"
"exdqlm_multivar_synth_keep","draw_057",882,"2022-12-19","history","1.30019058829845"
"exdqlm_multivar_synth_keep","draw_057",882,"2022-12-20","history","1.26698776655766"
"exdqlm_multivar_synth_keep","draw_057",882,"2022-12-21","history","1.23394834266579"
"exdqlm_multivar_synth_keep","draw_057",882,"2022-12-22","history","1.21391061608981"
"exdqlm_multivar_synth_keep","draw_057",882,"2022-12-23","history","1.18318420217213"
"exdqlm_multivar_synth_keep","draw_057",882,"2022-12-24","history","1.15560673829969"
"exdqlm_multivar_synth_keep","draw_057",882,"2022-12-25","history","1.14105534860457"
"exdqlm_multivar_synth_keep","draw_058",898,"2022-12-07","history","1.07764680944759"
"exdqlm_multivar_synth_keep","draw_058",898,"2022-12-08","history","0.994519240025156"
"exdqlm_multivar_synth_keep","draw_058",898,"2022-12-09","history","1.02054951745711"
"exdqlm_multivar_synth_keep","draw_058",898,"2022-12-10","history","1.13431722921023"
"exdqlm_multivar_synth_keep","draw_058",898,"2022-12-11","history","2.06313785588366"
"exdqlm_multivar_synth_keep","draw_058",898,"2022-12-12","history","2.27205734440144"
"exdqlm_multivar_synth_keep","draw_058",898,"2022-12-13","history","2.02403605548932"
"exdqlm_multivar_synth_keep","draw_058",898,"2022-12-14","history","1.58291875504680"
"exdqlm_multivar_synth_keep","draw_058",898,"2022-12-15","history","1.43498032011241"
"exdqlm_multivar_synth_keep","draw_058",898,"2022-12-16","history","1.39569803469501"
"exdqlm_multivar_synth_keep","draw_058",898,"2022-12-17","history","1.36338317604855"
"exdqlm_multivar_synth_keep","draw_058",898,"2022-12-18","history","1.32973982731908"
"exdqlm_multivar_synth_keep","draw_058",898,"2022-12-19","history","1.30316533501912"
"exdqlm_multivar_synth_keep","draw_058",898,"2022-12-20","history","1.26935055279192"
"exdqlm_multivar_synth_keep","draw_058",898,"2022-12-21","history","1.23742420889340"
"exdqlm_multivar_synth_keep","draw_058",898,"2022-12-22","history","1.21630292776255"
"exdqlm_multivar_synth_keep","draw_058",898,"2022-12-23","history","1.18559809087675"
"exdqlm_multivar_synth_keep","draw_058",898,"2022-12-24","history","1.15712655252561"
"exdqlm_multivar_synth_keep","draw_058",898,"2022-12-25","history","1.14327982453650"
"exdqlm_multivar_synth_keep","draw_059",914,"2022-12-07","history","1.08087501969607"
"exdqlm_multivar_synth_keep","draw_059",914,"2022-12-08","history","0.996539990725819"
"exdqlm_multivar_synth_keep","draw_059",914,"2022-12-09","history","1.02393718295295"
"exdqlm_multivar_synth_keep","draw_059",914,"2022-12-10","history","1.13784624256199"
"exdqlm_multivar_synth_keep","draw_059",914,"2022-12-11","history","2.08294210934854"
"exdqlm_multivar_synth_keep","draw_059",914,"2022-12-12","history","2.27979912137038"
"exdqlm_multivar_synth_keep","draw_059",914,"2022-12-13","history","2.03145675167510"
"exdqlm_multivar_synth_keep","draw_059",914,"2022-12-14","history","1.58759356379132"
"exdqlm_multivar_synth_keep","draw_059",914,"2022-12-15","history","1.43759766954568"
"exdqlm_multivar_synth_keep","draw_059",914,"2022-12-16","history","1.39686314374516"
"exdqlm_multivar_synth_keep","draw_059",914,"2022-12-17","history","1.36510245112304"
"exdqlm_multivar_synth_keep","draw_059",914,"2022-12-18","history","1.33186696903923"
"exdqlm_multivar_synth_keep","draw_059",914,"2022-12-19","history","1.30428243102999"
"exdqlm_multivar_synth_keep","draw_059",914,"2022-12-20","history","1.27278572133082"
"exdqlm_multivar_synth_keep","draw_059",914,"2022-12-21","history","1.24175295185099"
"exdqlm_multivar_synth_keep","draw_059",914,"2022-12-22","history","1.21940104760997"
"exdqlm_multivar_synth_keep","draw_059",914,"2022-12-23","history","1.18961510368651"
"exdqlm_multivar_synth_keep","draw_059",914,"2022-12-24","history","1.16170883973424"
"exdqlm_multivar_synth_keep","draw_059",914,"2022-12-25","history","1.14592820390099"
"exdqlm_multivar_synth_keep","draw_060",930,"2022-12-07","history","1.08356130850542"
"exdqlm_multivar_synth_keep","draw_060",930,"2022-12-08","history","0.999347206044119"
"exdqlm_multivar_synth_keep","draw_060",930,"2022-12-09","history","1.02866290715795"
"exdqlm_multivar_synth_keep","draw_060",930,"2022-12-10","history","1.14362577796369"
"exdqlm_multivar_synth_keep","draw_060",930,"2022-12-11","history","2.09955177965274"
"exdqlm_multivar_synth_keep","draw_060",930,"2022-12-12","history","2.29200516072952"
"exdqlm_multivar_synth_keep","draw_060",930,"2022-12-13","history","2.04031080751670"
"exdqlm_multivar_synth_keep","draw_060",930,"2022-12-14","history","1.59138270873880"
"exdqlm_multivar_synth_keep","draw_060",930,"2022-12-15","history","1.44132509288135"
"exdqlm_multivar_synth_keep","draw_060",930,"2022-12-16","history","1.39931943205422"
"exdqlm_multivar_synth_keep","draw_060",930,"2022-12-17","history","1.36934449752655"
"exdqlm_multivar_synth_keep","draw_060",930,"2022-12-18","history","1.33448532026895"
"exdqlm_multivar_synth_keep","draw_060",930,"2022-12-19","history","1.30829106011715"
"exdqlm_multivar_synth_keep","draw_060",930,"2022-12-20","history","1.27582594031745"
"exdqlm_multivar_synth_keep","draw_060",930,"2022-12-21","history","1.24364967994928"
"exdqlm_multivar_synth_keep","draw_060",930,"2022-12-22","history","1.22044043476576"
"exdqlm_multivar_synth_keep","draw_060",930,"2022-12-23","history","1.19465030374916"
"exdqlm_multivar_synth_keep","draw_060",930,"2022-12-24","history","1.16415908938456"
"exdqlm_multivar_synth_keep","draw_060",930,"2022-12-25","history","1.14794224608182"
"exdqlm_multivar_synth_keep","draw_061",945,"2022-12-07","history","1.08814768964312"
"exdqlm_multivar_synth_keep","draw_061",945,"2022-12-08","history","1.00255447629494"
"exdqlm_multivar_synth_keep","draw_061",945,"2022-12-09","history","1.03171133191902"
"exdqlm_multivar_synth_keep","draw_061",945,"2022-12-10","history","1.14731743916847"
"exdqlm_multivar_synth_keep","draw_061",945,"2022-12-11","history","2.12468867424214"
"exdqlm_multivar_synth_keep","draw_061",945,"2022-12-12","history","2.29976821872744"
"exdqlm_multivar_synth_keep","draw_061",945,"2022-12-13","history","2.04596540914163"
"exdqlm_multivar_synth_keep","draw_061",945,"2022-12-14","history","1.59585198328736"
"exdqlm_multivar_synth_keep","draw_061",945,"2022-12-15","history","1.44383739919240"
"exdqlm_multivar_synth_keep","draw_061",945,"2022-12-16","history","1.40255317972830"
"exdqlm_multivar_synth_keep","draw_061",945,"2022-12-17","history","1.37122166716920"
"exdqlm_multivar_synth_keep","draw_061",945,"2022-12-18","history","1.33697027366366"
"exdqlm_multivar_synth_keep","draw_061",945,"2022-12-19","history","1.31058424906747"
"exdqlm_multivar_synth_keep","draw_061",945,"2022-12-20","history","1.27804410193370"
"exdqlm_multivar_synth_keep","draw_061",945,"2022-12-21","history","1.24636009492653"
"exdqlm_multivar_synth_keep","draw_061",945,"2022-12-22","history","1.22403394554834"
"exdqlm_multivar_synth_keep","draw_061",945,"2022-12-23","history","1.19758588033419"
"exdqlm_multivar_synth_keep","draw_061",945,"2022-12-24","history","1.16666977390573"
"exdqlm_multivar_synth_keep","draw_061",945,"2022-12-25","history","1.14931412408055"
"exdqlm_multivar_synth_keep","draw_062",961,"2022-12-07","history","1.09313135639073"
"exdqlm_multivar_synth_keep","draw_062",961,"2022-12-08","history","1.00610964372969"
"exdqlm_multivar_synth_keep","draw_062",961,"2022-12-09","history","1.03771747947894"
"exdqlm_multivar_synth_keep","draw_062",961,"2022-12-10","history","1.15643604612999"
"exdqlm_multivar_synth_keep","draw_062",961,"2022-12-11","history","2.15888410636511"
"exdqlm_multivar_synth_keep","draw_062",961,"2022-12-12","history","2.31120006218289"
"exdqlm_multivar_synth_keep","draw_062",961,"2022-12-13","history","2.05192381683384"
"exdqlm_multivar_synth_keep","draw_062",961,"2022-12-14","history","1.60288559639811"
"exdqlm_multivar_synth_keep","draw_062",961,"2022-12-15","history","1.44738674602216"
"exdqlm_multivar_synth_keep","draw_062",961,"2022-12-16","history","1.40577132344371"
"exdqlm_multivar_synth_keep","draw_062",961,"2022-12-17","history","1.37389431862496"
"exdqlm_multivar_synth_keep","draw_062",961,"2022-12-18","history","1.33876581225399"
"exdqlm_multivar_synth_keep","draw_062",961,"2022-12-19","history","1.31329611086900"
"exdqlm_multivar_synth_keep","draw_062",961,"2022-12-20","history","1.28052419032980"
"exdqlm_multivar_synth_keep","draw_062",961,"2022-12-21","history","1.24992051212765"
"exdqlm_multivar_synth_keep","draw_062",961,"2022-12-22","history","1.22717060750095"
"exdqlm_multivar_synth_keep","draw_062",961,"2022-12-23","history","1.19998125082308"
"exdqlm_multivar_synth_keep","draw_062",961,"2022-12-24","history","1.16869919093111"
"exdqlm_multivar_synth_keep","draw_062",961,"2022-12-25","history","1.15220347800998"
"exdqlm_multivar_synth_keep","draw_063",977,"2022-12-07","history","1.09853855330079"
"exdqlm_multivar_synth_keep","draw_063",977,"2022-12-08","history","1.01047473628678"
"exdqlm_multivar_synth_keep","draw_063",977,"2022-12-09","history","1.04228331832729"
"exdqlm_multivar_synth_keep","draw_063",977,"2022-12-10","history","1.16136037970632"
"exdqlm_multivar_synth_keep","draw_063",977,"2022-12-11","history","2.17862539527244"
"exdqlm_multivar_synth_keep","draw_063",977,"2022-12-12","history","2.31962441977295"
"exdqlm_multivar_synth_keep","draw_063",977,"2022-12-13","history","2.05828509872523"
"exdqlm_multivar_synth_keep","draw_063",977,"2022-12-14","history","1.60834036194313"
"exdqlm_multivar_synth_keep","draw_063",977,"2022-12-15","history","1.45080378796383"
"exdqlm_multivar_synth_keep","draw_063",977,"2022-12-16","history","1.40886293182952"
"exdqlm_multivar_synth_keep","draw_063",977,"2022-12-17","history","1.37683331093361"
"exdqlm_multivar_synth_keep","draw_063",977,"2022-12-18","history","1.34223043595401"
"exdqlm_multivar_synth_keep","draw_063",977,"2022-12-19","history","1.31689910923260"
"exdqlm_multivar_synth_keep","draw_063",977,"2022-12-20","history","1.28307037735591"
"exdqlm_multivar_synth_keep","draw_063",977,"2022-12-21","history","1.25257410554578"
"exdqlm_multivar_synth_keep","draw_063",977,"2022-12-22","history","1.22931581861200"
"exdqlm_multivar_synth_keep","draw_063",977,"2022-12-23","history","1.20159094637347"
"exdqlm_multivar_synth_keep","draw_063",977,"2022-12-24","history","1.17230145971643"
"exdqlm_multivar_synth_keep","draw_063",977,"2022-12-25","history","1.15419459551211"
"exdqlm_multivar_synth_keep","draw_064",993,"2022-12-07","history","1.10208809087060"
"exdqlm_multivar_synth_keep","draw_064",993,"2022-12-08","history","1.01336037267165"
"exdqlm_multivar_synth_keep","draw_064",993,"2022-12-09","history","1.04835760747745"
"exdqlm_multivar_synth_keep","draw_064",993,"2022-12-10","history","1.16702337629306"
"exdqlm_multivar_synth_keep","draw_064",993,"2022-12-11","history","2.20929795399348"
"exdqlm_multivar_synth_keep","draw_064",993,"2022-12-12","history","2.34338399995679"
"exdqlm_multivar_synth_keep","draw_064",993,"2022-12-13","history","2.06195038845628"
"exdqlm_multivar_synth_keep","draw_064",993,"2022-12-14","history","1.61096210717932"
"exdqlm_multivar_synth_keep","draw_064",993,"2022-12-15","history","1.45465074551725"
"exdqlm_multivar_synth_keep","draw_064",993,"2022-12-16","history","1.41165741266486"
"exdqlm_multivar_synth_keep","draw_064",993,"2022-12-17","history","1.38034274787144"
"exdqlm_multivar_synth_keep","draw_064",993,"2022-12-18","history","1.34586901416859"
"exdqlm_multivar_synth_keep","draw_064",993,"2022-12-19","history","1.31888004298409"
"exdqlm_multivar_synth_keep","draw_064",993,"2022-12-20","history","1.28659904440420"
"exdqlm_multivar_synth_keep","draw_064",993,"2022-12-21","history","1.25379911459170"
"exdqlm_multivar_synth_keep","draw_064",993,"2022-12-22","history","1.23139349981456"
"exdqlm_multivar_synth_keep","draw_064",993,"2022-12-23","history","1.20369295850159"
"exdqlm_multivar_synth_keep","draw_064",993,"2022-12-24","history","1.17623107653706"
"exdqlm_multivar_synth_keep","draw_064",993,"2022-12-25","history","1.15678492481279"
"exdqlm_multivar_synth_keep","draw_065",1008,"2022-12-07","history","1.10613023016263"
"exdqlm_multivar_synth_keep","draw_065",1008,"2022-12-08","history","1.01544564139809"
"exdqlm_multivar_synth_keep","draw_065",1008,"2022-12-09","history","1.05315888124537"
"exdqlm_multivar_synth_keep","draw_065",1008,"2022-12-10","history","1.17491440277545"
"exdqlm_multivar_synth_keep","draw_065",1008,"2022-12-11","history","2.23932751527673"
"exdqlm_multivar_synth_keep","draw_065",1008,"2022-12-12","history","2.36346144100402"
"exdqlm_multivar_synth_keep","draw_065",1008,"2022-12-13","history","2.06632771558818"
"exdqlm_multivar_synth_keep","draw_065",1008,"2022-12-14","history","1.61730402761047"
"exdqlm_multivar_synth_keep","draw_065",1008,"2022-12-15","history","1.45744257919960"
"exdqlm_multivar_synth_keep","draw_065",1008,"2022-12-16","history","1.41562176833641"
"exdqlm_multivar_synth_keep","draw_065",1008,"2022-12-17","history","1.38208100804425"
"exdqlm_multivar_synth_keep","draw_065",1008,"2022-12-18","history","1.34830692289564"
"exdqlm_multivar_synth_keep","draw_065",1008,"2022-12-19","history","1.32060993891043"
"exdqlm_multivar_synth_keep","draw_065",1008,"2022-12-20","history","1.28973879966382"
"exdqlm_multivar_synth_keep","draw_065",1008,"2022-12-21","history","1.25512413229100"
"exdqlm_multivar_synth_keep","draw_065",1008,"2022-12-22","history","1.23346775600930"
"exdqlm_multivar_synth_keep","draw_065",1008,"2022-12-23","history","1.20654941208910"
"exdqlm_multivar_synth_keep","draw_065",1008,"2022-12-24","history","1.17790465677425"
"exdqlm_multivar_synth_keep","draw_065",1008,"2022-12-25","history","1.15771278729411"
"exdqlm_multivar_synth_keep","draw_066",1024,"2022-12-07","history","1.11112077401555"
"exdqlm_multivar_synth_keep","draw_066",1024,"2022-12-08","history","1.01797628086446"
"exdqlm_multivar_synth_keep","draw_066",1024,"2022-12-09","history","1.05936920998371"
"exdqlm_multivar_synth_keep","draw_066",1024,"2022-12-10","history","1.18292116019470"
"exdqlm_multivar_synth_keep","draw_066",1024,"2022-12-11","history","2.26458486145890"
"exdqlm_multivar_synth_keep","draw_066",1024,"2022-12-12","history","2.38319414613156"
"exdqlm_multivar_synth_keep","draw_066",1024,"2022-12-13","history","2.07199521516929"
"exdqlm_multivar_synth_keep","draw_066",1024,"2022-12-14","history","1.62158278827725"
"exdqlm_multivar_synth_keep","draw_066",1024,"2022-12-15","history","1.45852386600265"
"exdqlm_multivar_synth_keep","draw_066",1024,"2022-12-16","history","1.41761525649257"
"exdqlm_multivar_synth_keep","draw_066",1024,"2022-12-17","history","1.38409027840104"
"exdqlm_multivar_synth_keep","draw_066",1024,"2022-12-18","history","1.35207581758082"
"exdqlm_multivar_synth_keep","draw_066",1024,"2022-12-19","history","1.32304436807884"
"exdqlm_multivar_synth_keep","draw_066",1024,"2022-12-20","history","1.29306948134735"
"exdqlm_multivar_synth_keep","draw_066",1024,"2022-12-21","history","1.25618767761187"
"exdqlm_multivar_synth_keep","draw_066",1024,"2022-12-22","history","1.23491794514740"
"exdqlm_multivar_synth_keep","draw_066",1024,"2022-12-23","history","1.20962468605864"
"exdqlm_multivar_synth_keep","draw_066",1024,"2022-12-24","history","1.18020863974554"
"exdqlm_multivar_synth_keep","draw_066",1024,"2022-12-25","history","1.15999039097383"
"exdqlm_multivar_synth_keep","draw_067",1040,"2022-12-07","history","1.11492937198272"
"exdqlm_multivar_synth_keep","draw_067",1040,"2022-12-08","history","1.02092853800528"
"exdqlm_multivar_synth_keep","draw_067",1040,"2022-12-09","history","1.06461287522913"
"exdqlm_multivar_synth_keep","draw_067",1040,"2022-12-10","history","1.19082702732260"
"exdqlm_multivar_synth_keep","draw_067",1040,"2022-12-11","history","2.29261866615556"
"exdqlm_multivar_synth_keep","draw_067",1040,"2022-12-12","history","2.40109850664118"
"exdqlm_multivar_synth_keep","draw_067",1040,"2022-12-13","history","2.07925908777382"
"exdqlm_multivar_synth_keep","draw_067",1040,"2022-12-14","history","1.62877216049639"
"exdqlm_multivar_synth_keep","draw_067",1040,"2022-12-15","history","1.46001203896970"
"exdqlm_multivar_synth_keep","draw_067",1040,"2022-12-16","history","1.41955298502364"
"exdqlm_multivar_synth_keep","draw_067",1040,"2022-12-17","history","1.38555682392240"
"exdqlm_multivar_synth_keep","draw_067",1040,"2022-12-18","history","1.35454297663761"
"exdqlm_multivar_synth_keep","draw_067",1040,"2022-12-19","history","1.32514828618986"
"exdqlm_multivar_synth_keep","draw_067",1040,"2022-12-20","history","1.29462221016784"
"exdqlm_multivar_synth_keep","draw_067",1040,"2022-12-21","history","1.25913887004840"
"exdqlm_multivar_synth_keep","draw_067",1040,"2022-12-22","history","1.23743423230770"
"exdqlm_multivar_synth_keep","draw_067",1040,"2022-12-23","history","1.21140850097347"
"exdqlm_multivar_synth_keep","draw_067",1040,"2022-12-24","history","1.18368335139017"
"exdqlm_multivar_synth_keep","draw_067",1040,"2022-12-25","history","1.16066816089506"
"exdqlm_multivar_synth_keep","draw_068",1056,"2022-12-07","history","1.11661213156289"
"exdqlm_multivar_synth_keep","draw_068",1056,"2022-12-08","history","1.02406698358905"
"exdqlm_multivar_synth_keep","draw_068",1056,"2022-12-09","history","1.06896940895158"
"exdqlm_multivar_synth_keep","draw_068",1056,"2022-12-10","history","1.19563512528894"
"exdqlm_multivar_synth_keep","draw_068",1056,"2022-12-11","history","2.33428546871980"
"exdqlm_multivar_synth_keep","draw_068",1056,"2022-12-12","history","2.41661212744274"
"exdqlm_multivar_synth_keep","draw_068",1056,"2022-12-13","history","2.08315811337855"
"exdqlm_multivar_synth_keep","draw_068",1056,"2022-12-14","history","1.63182923568198"
"exdqlm_multivar_synth_keep","draw_068",1056,"2022-12-15","history","1.46224819325406"
"exdqlm_multivar_synth_keep","draw_068",1056,"2022-12-16","history","1.42192751114137"
"exdqlm_multivar_synth_keep","draw_068",1056,"2022-12-17","history","1.38732475976636"
"exdqlm_multivar_synth_keep","draw_068",1056,"2022-12-18","history","1.35680039538039"
"exdqlm_multivar_synth_keep","draw_068",1056,"2022-12-19","history","1.32654304680288"
"exdqlm_multivar_synth_keep","draw_068",1056,"2022-12-20","history","1.29511848652144"
"exdqlm_multivar_synth_keep","draw_068",1056,"2022-12-21","history","1.26293464470992"
"exdqlm_multivar_synth_keep","draw_068",1056,"2022-12-22","history","1.23896354216678"
"exdqlm_multivar_synth_keep","draw_068",1056,"2022-12-23","history","1.21357319056333"
"exdqlm_multivar_synth_keep","draw_068",1056,"2022-12-24","history","1.18458399980693"
"exdqlm_multivar_synth_keep","draw_068",1056,"2022-12-25","history","1.16306419293030"
"exdqlm_multivar_synth_keep","draw_069",1071,"2022-12-07","history","1.11971170317186"
"exdqlm_multivar_synth_keep","draw_069",1071,"2022-12-08","history","1.02796328149509"
"exdqlm_multivar_synth_keep","draw_069",1071,"2022-12-09","history","1.07435971390111"
"exdqlm_multivar_synth_keep","draw_069",1071,"2022-12-10","history","1.20511064273320"
"exdqlm_multivar_synth_keep","draw_069",1071,"2022-12-11","history","2.38107904750722"
"exdqlm_multivar_synth_keep","draw_069",1071,"2022-12-12","history","2.43113315921286"
"exdqlm_multivar_synth_keep","draw_069",1071,"2022-12-13","history","2.09254370638028"
"exdqlm_multivar_synth_keep","draw_069",1071,"2022-12-14","history","1.63678376267309"
"exdqlm_multivar_synth_keep","draw_069",1071,"2022-12-15","history","1.46440462967236"
"exdqlm_multivar_synth_keep","draw_069",1071,"2022-12-16","history","1.42415513623263"
"exdqlm_multivar_synth_keep","draw_069",1071,"2022-12-17","history","1.38894186294405"
"exdqlm_multivar_synth_keep","draw_069",1071,"2022-12-18","history","1.35915119763907"
"exdqlm_multivar_synth_keep","draw_069",1071,"2022-12-19","history","1.32684242303182"
"exdqlm_multivar_synth_keep","draw_069",1071,"2022-12-20","history","1.29628149237410"
"exdqlm_multivar_synth_keep","draw_069",1071,"2022-12-21","history","1.26459946530717"
"exdqlm_multivar_synth_keep","draw_069",1071,"2022-12-22","history","1.24157019075636"
"exdqlm_multivar_synth_keep","draw_069",1071,"2022-12-23","history","1.21504109084650"
"exdqlm_multivar_synth_keep","draw_069",1071,"2022-12-24","history","1.18648808979026"
"exdqlm_multivar_synth_keep","draw_069",1071,"2022-12-25","history","1.16489109386693"
"exdqlm_multivar_synth_keep","draw_070",1087,"2022-12-07","history","1.12522245596190"
"exdqlm_multivar_synth_keep","draw_070",1087,"2022-12-08","history","1.03166799167217"
"exdqlm_multivar_synth_keep","draw_070",1087,"2022-12-09","history","1.07866190880820"
"exdqlm_multivar_synth_keep","draw_070",1087,"2022-12-10","history","1.21107362803165"
"exdqlm_multivar_synth_keep","draw_070",1087,"2022-12-11","history","2.43767131811774"
"exdqlm_multivar_synth_keep","draw_070",1087,"2022-12-12","history","2.44644758461044"
"exdqlm_multivar_synth_keep","draw_070",1087,"2022-12-13","history","2.10059025266679"
"exdqlm_multivar_synth_keep","draw_070",1087,"2022-12-14","history","1.64098239933461"
"exdqlm_multivar_synth_keep","draw_070",1087,"2022-12-15","history","1.46670562103844"
"exdqlm_multivar_synth_keep","draw_070",1087,"2022-12-16","history","1.42661944954365"
"exdqlm_multivar_synth_keep","draw_070",1087,"2022-12-17","history","1.39123713711266"
"exdqlm_multivar_synth_keep","draw_070",1087,"2022-12-18","history","1.36123344278813"
"exdqlm_multivar_synth_keep","draw_070",1087,"2022-12-19","history","1.32943332549673"
"exdqlm_multivar_synth_keep","draw_070",1087,"2022-12-20","history","1.29699805231013"
"exdqlm_multivar_synth_keep","draw_070",1087,"2022-12-21","history","1.26575745058718"
"exdqlm_multivar_synth_keep","draw_070",1087,"2022-12-22","history","1.24331269895662"
"exdqlm_multivar_synth_keep","draw_070",1087,"2022-12-23","history","1.21583116703317"
"exdqlm_multivar_synth_keep","draw_070",1087,"2022-12-24","history","1.18887102732237"
"exdqlm_multivar_synth_keep","draw_070",1087,"2022-12-25","history","1.16737538497079"
"exdqlm_multivar_synth_keep","draw_071",1103,"2022-12-07","history","1.12887535454010"
"exdqlm_multivar_synth_keep","draw_071",1103,"2022-12-08","history","1.03459264668776"
"exdqlm_multivar_synth_keep","draw_071",1103,"2022-12-09","history","1.08360230788096"
"exdqlm_multivar_synth_keep","draw_071",1103,"2022-12-10","history","1.21826739685645"
"exdqlm_multivar_synth_keep","draw_071",1103,"2022-12-11","history","2.49131213990644"
"exdqlm_multivar_synth_keep","draw_071",1103,"2022-12-12","history","2.46310042778091"
"exdqlm_multivar_synth_keep","draw_071",1103,"2022-12-13","history","2.10611160007407"
"exdqlm_multivar_synth_keep","draw_071",1103,"2022-12-14","history","1.64580489352101"
"exdqlm_multivar_synth_keep","draw_071",1103,"2022-12-15","history","1.46814992290788"
"exdqlm_multivar_synth_keep","draw_071",1103,"2022-12-16","history","1.42865193565562"
"exdqlm_multivar_synth_keep","draw_071",1103,"2022-12-17","history","1.39385144904718"
"exdqlm_multivar_synth_keep","draw_071",1103,"2022-12-18","history","1.36356724906812"
"exdqlm_multivar_synth_keep","draw_071",1103,"2022-12-19","history","1.33093053393292"
"exdqlm_multivar_synth_keep","draw_071",1103,"2022-12-20","history","1.29872605453500"
"exdqlm_multivar_synth_keep","draw_071",1103,"2022-12-21","history","1.26889502086913"
"exdqlm_multivar_synth_keep","draw_071",1103,"2022-12-22","history","1.24520281089695"
"exdqlm_multivar_synth_keep","draw_071",1103,"2022-12-23","history","1.21657818933730"
"exdqlm_multivar_synth_keep","draw_071",1103,"2022-12-24","history","1.19077773974945"
"exdqlm_multivar_synth_keep","draw_071",1103,"2022-12-25","history","1.16988423454918"
"exdqlm_multivar_synth_keep","draw_072",1119,"2022-12-07","history","1.13117848379394"
"exdqlm_multivar_synth_keep","draw_072",1119,"2022-12-08","history","1.03678014864254"
"exdqlm_multivar_synth_keep","draw_072",1119,"2022-12-09","history","1.08820273494358"
"exdqlm_multivar_synth_keep","draw_072",1119,"2022-12-10","history","1.22401094049156"
"exdqlm_multivar_synth_keep","draw_072",1119,"2022-12-11","history","2.52061856906158"
"exdqlm_multivar_synth_keep","draw_072",1119,"2022-12-12","history","2.48190485224263"
"exdqlm_multivar_synth_keep","draw_072",1119,"2022-12-13","history","2.11216721745184"
"exdqlm_multivar_synth_keep","draw_072",1119,"2022-12-14","history","1.64965346389277"
"exdqlm_multivar_synth_keep","draw_072",1119,"2022-12-15","history","1.46957162297859"
"exdqlm_multivar_synth_keep","draw_072",1119,"2022-12-16","history","1.43078526902020"
"exdqlm_multivar_synth_keep","draw_072",1119,"2022-12-17","history","1.39558432402037"
"exdqlm_multivar_synth_keep","draw_072",1119,"2022-12-18","history","1.36576162471373"
"exdqlm_multivar_synth_keep","draw_072",1119,"2022-12-19","history","1.33370974085950"
"exdqlm_multivar_synth_keep","draw_072",1119,"2022-12-20","history","1.30010079265185"
"exdqlm_multivar_synth_keep","draw_072",1119,"2022-12-21","history","1.27064424900232"
"exdqlm_multivar_synth_keep","draw_072",1119,"2022-12-22","history","1.24866069787444"
"exdqlm_multivar_synth_keep","draw_072",1119,"2022-12-23","history","1.21808679382496"
"exdqlm_multivar_synth_keep","draw_072",1119,"2022-12-24","history","1.19265176966333"
"exdqlm_multivar_synth_keep","draw_072",1119,"2022-12-25","history","1.17179936055832"
"exdqlm_multivar_synth_keep","draw_073",1134,"2022-12-07","history","1.13479633371878"
"exdqlm_multivar_synth_keep","draw_073",1134,"2022-12-08","history","1.03931800108135"
"exdqlm_multivar_synth_keep","draw_073",1134,"2022-12-09","history","1.09210304155210"
"exdqlm_multivar_synth_keep","draw_073",1134,"2022-12-10","history","1.23027874510212"
"exdqlm_multivar_synth_keep","draw_073",1134,"2022-12-11","history","2.56767229127347"
"exdqlm_multivar_synth_keep","draw_073",1134,"2022-12-12","history","2.49565146622599"
"exdqlm_multivar_synth_keep","draw_073",1134,"2022-12-13","history","2.11692514916145"
"exdqlm_multivar_synth_keep","draw_073",1134,"2022-12-14","history","1.65301663008408"
"exdqlm_multivar_synth_keep","draw_073",1134,"2022-12-15","history","1.47022701974181"
"exdqlm_multivar_synth_keep","draw_073",1134,"2022-12-16","history","1.43330209971903"
"exdqlm_multivar_synth_keep","draw_073",1134,"2022-12-17","history","1.39802949813246"
"exdqlm_multivar_synth_keep","draw_073",1134,"2022-12-18","history","1.36843933181043"
"exdqlm_multivar_synth_keep","draw_073",1134,"2022-12-19","history","1.33577027591517"
"exdqlm_multivar_synth_keep","draw_073",1134,"2022-12-20","history","1.30139516237047"
"exdqlm_multivar_synth_keep","draw_073",1134,"2022-12-21","history","1.27216782914029"
"exdqlm_multivar_synth_keep","draw_073",1134,"2022-12-22","history","1.25208899929849"
"exdqlm_multivar_synth_keep","draw_073",1134,"2022-12-23","history","1.22118083578560"
"exdqlm_multivar_synth_keep","draw_073",1134,"2022-12-24","history","1.19377301274005"
"exdqlm_multivar_synth_keep","draw_073",1134,"2022-12-25","history","1.17363793757330"
"exdqlm_multivar_synth_keep","draw_074",1150,"2022-12-07","history","1.13894647005012"
"exdqlm_multivar_synth_keep","draw_074",1150,"2022-12-08","history","1.04209762745410"
"exdqlm_multivar_synth_keep","draw_074",1150,"2022-12-09","history","1.09692324957189"
"exdqlm_multivar_synth_keep","draw_074",1150,"2022-12-10","history","1.23971060950676"
"exdqlm_multivar_synth_keep","draw_074",1150,"2022-12-11","history","2.62068873114054"
"exdqlm_multivar_synth_keep","draw_074",1150,"2022-12-12","history","2.51644128802573"
"exdqlm_multivar_synth_keep","draw_074",1150,"2022-12-13","history","2.12312993728118"
"exdqlm_multivar_synth_keep","draw_074",1150,"2022-12-14","history","1.65653805484866"
"exdqlm_multivar_synth_keep","draw_074",1150,"2022-12-15","history","1.47256870898645"
"exdqlm_multivar_synth_keep","draw_074",1150,"2022-12-16","history","1.43507197954992"
"exdqlm_multivar_synth_keep","draw_074",1150,"2022-12-17","history","1.39901474847701"
"exdqlm_multivar_synth_keep","draw_074",1150,"2022-12-18","history","1.36978643247903"
"exdqlm_multivar_synth_keep","draw_074",1150,"2022-12-19","history","1.33729463719159"
"exdqlm_multivar_synth_keep","draw_074",1150,"2022-12-20","history","1.30417327366755"
"exdqlm_multivar_synth_keep","draw_074",1150,"2022-12-21","history","1.27493603482533"
"exdqlm_multivar_synth_keep","draw_074",1150,"2022-12-22","history","1.25363889406065"
"exdqlm_multivar_synth_keep","draw_074",1150,"2022-12-23","history","1.22188252415289"
"exdqlm_multivar_synth_keep","draw_074",1150,"2022-12-24","history","1.19571499047326"
"exdqlm_multivar_synth_keep","draw_074",1150,"2022-12-25","history","1.17502766358980"
"exdqlm_multivar_synth_keep","draw_075",1166,"2022-12-07","history","1.14114601254977"
"exdqlm_multivar_synth_keep","draw_075",1166,"2022-12-08","history","1.04592037183944"
"exdqlm_multivar_synth_keep","draw_075",1166,"2022-12-09","history","1.10152016062916"
"exdqlm_multivar_synth_keep","draw_075",1166,"2022-12-10","history","1.24678583411635"
"exdqlm_multivar_synth_keep","draw_075",1166,"2022-12-11","history","2.65798715118029"
"exdqlm_multivar_synth_keep","draw_075",1166,"2022-12-12","history","2.53642470966997"
"exdqlm_multivar_synth_keep","draw_075",1166,"2022-12-13","history","2.13048885310510"
"exdqlm_multivar_synth_keep","draw_075",1166,"2022-12-14","history","1.65918023880528"
"exdqlm_multivar_synth_keep","draw_075",1166,"2022-12-15","history","1.47523991602303"
"exdqlm_multivar_synth_keep","draw_075",1166,"2022-12-16","history","1.43768161809137"
"exdqlm_multivar_synth_keep","draw_075",1166,"2022-12-17","history","1.40140059693525"
"exdqlm_multivar_synth_keep","draw_075",1166,"2022-12-18","history","1.37391176468475"
"exdqlm_multivar_synth_keep","draw_075",1166,"2022-12-19","history","1.33975288427326"
"exdqlm_multivar_synth_keep","draw_075",1166,"2022-12-20","history","1.30728640805278"
"exdqlm_multivar_synth_keep","draw_075",1166,"2022-12-21","history","1.27753830139261"
"exdqlm_multivar_synth_keep","draw_075",1166,"2022-12-22","history","1.25537823735964"
"exdqlm_multivar_synth_keep","draw_075",1166,"2022-12-23","history","1.22340466521746"
"exdqlm_multivar_synth_keep","draw_075",1166,"2022-12-24","history","1.19756629753228"
"exdqlm_multivar_synth_keep","draw_075",1166,"2022-12-25","history","1.17566753353668"
"exdqlm_multivar_synth_keep","draw_076",1182,"2022-12-07","history","1.14528727628528"
"exdqlm_multivar_synth_keep","draw_076",1182,"2022-12-08","history","1.04994736937542"
"exdqlm_multivar_synth_keep","draw_076",1182,"2022-12-09","history","1.10817372596817"
"exdqlm_multivar_synth_keep","draw_076",1182,"2022-12-10","history","1.25258016855444"
"exdqlm_multivar_synth_keep","draw_076",1182,"2022-12-11","history","2.70909721219213"
"exdqlm_multivar_synth_keep","draw_076",1182,"2022-12-12","history","2.55263265970230"
"exdqlm_multivar_synth_keep","draw_076",1182,"2022-12-13","history","2.13697877778477"
"exdqlm_multivar_synth_keep","draw_076",1182,"2022-12-14","history","1.66235111852587"
"exdqlm_multivar_synth_keep","draw_076",1182,"2022-12-15","history","1.47745944397488"
"exdqlm_multivar_synth_keep","draw_076",1182,"2022-12-16","history","1.43985264699084"
"exdqlm_multivar_synth_keep","draw_076",1182,"2022-12-17","history","1.40199854526085"
"exdqlm_multivar_synth_keep","draw_076",1182,"2022-12-18","history","1.37481692867580"
"exdqlm_multivar_synth_keep","draw_076",1182,"2022-12-19","history","1.34170198755024"
"exdqlm_multivar_synth_keep","draw_076",1182,"2022-12-20","history","1.30818517604262"
"exdqlm_multivar_synth_keep","draw_076",1182,"2022-12-21","history","1.27987738068068"
"exdqlm_multivar_synth_keep","draw_076",1182,"2022-12-22","history","1.25737869747939"
"exdqlm_multivar_synth_keep","draw_076",1182,"2022-12-23","history","1.22479487666239"
"exdqlm_multivar_synth_keep","draw_076",1182,"2022-12-24","history","1.19890425568169"
"exdqlm_multivar_synth_keep","draw_076",1182,"2022-12-25","history","1.17726290271593"
"exdqlm_multivar_synth_keep","draw_077",1197,"2022-12-07","history","1.14813691248217"
"exdqlm_multivar_synth_keep","draw_077",1197,"2022-12-08","history","1.05222936524235"
"exdqlm_multivar_synth_keep","draw_077",1197,"2022-12-09","history","1.11665560224781"
"exdqlm_multivar_synth_keep","draw_077",1197,"2022-12-10","history","1.25697758646278"
"exdqlm_multivar_synth_keep","draw_077",1197,"2022-12-11","history","2.75032322267669"
"exdqlm_multivar_synth_keep","draw_077",1197,"2022-12-12","history","2.57514320369203"
"exdqlm_multivar_synth_keep","draw_077",1197,"2022-12-13","history","2.14224524725405"
"exdqlm_multivar_synth_keep","draw_077",1197,"2022-12-14","history","1.66543841323987"
"exdqlm_multivar_synth_keep","draw_077",1197,"2022-12-15","history","1.47888758431427"
"exdqlm_multivar_synth_keep","draw_077",1197,"2022-12-16","history","1.44068050457369"
"exdqlm_multivar_synth_keep","draw_077",1197,"2022-12-17","history","1.40317912407092"
"exdqlm_multivar_synth_keep","draw_077",1197,"2022-12-18","history","1.37565854247536"
"exdqlm_multivar_synth_keep","draw_077",1197,"2022-12-19","history","1.34324123172874"
"exdqlm_multivar_synth_keep","draw_077",1197,"2022-12-20","history","1.30942441727390"
"exdqlm_multivar_synth_keep","draw_077",1197,"2022-12-21","history","1.28215778999634"
"exdqlm_multivar_synth_keep","draw_077",1197,"2022-12-22","history","1.25806996027290"
"exdqlm_multivar_synth_keep","draw_077",1197,"2022-12-23","history","1.22725638753150"
"exdqlm_multivar_synth_keep","draw_077",1197,"2022-12-24","history","1.19967961039276"
"exdqlm_multivar_synth_keep","draw_077",1197,"2022-12-25","history","1.17888914817093"
"exdqlm_multivar_synth_keep","draw_078",1213,"2022-12-07","history","1.15132983874252"
"exdqlm_multivar_synth_keep","draw_078",1213,"2022-12-08","history","1.05520774555969"
"exdqlm_multivar_synth_keep","draw_078",1213,"2022-12-09","history","1.12082650894503"
"exdqlm_multivar_synth_keep","draw_078",1213,"2022-12-10","history","1.26506937083880"
"exdqlm_multivar_synth_keep","draw_078",1213,"2022-12-11","history","2.77900539791426"
"exdqlm_multivar_synth_keep","draw_078",1213,"2022-12-12","history","2.59831127581210"
"exdqlm_multivar_synth_keep","draw_078",1213,"2022-12-13","history","2.14801183115048"
"exdqlm_multivar_synth_keep","draw_078",1213,"2022-12-14","history","1.66872505129509"
"exdqlm_multivar_synth_keep","draw_078",1213,"2022-12-15","history","1.48121257774073"
"exdqlm_multivar_synth_keep","draw_078",1213,"2022-12-16","history","1.44365591155062"
"exdqlm_multivar_synth_keep","draw_078",1213,"2022-12-17","history","1.40504335540173"
"exdqlm_multivar_synth_keep","draw_078",1213,"2022-12-18","history","1.37687244626103"
"exdqlm_multivar_synth_keep","draw_078",1213,"2022-12-19","history","1.34409878140386"
"exdqlm_multivar_synth_keep","draw_078",1213,"2022-12-20","history","1.31131204626385"
"exdqlm_multivar_synth_keep","draw_078",1213,"2022-12-21","history","1.28483798030893"
"exdqlm_multivar_synth_keep","draw_078",1213,"2022-12-22","history","1.26043878656231"
"exdqlm_multivar_synth_keep","draw_078",1213,"2022-12-23","history","1.22792161787815"
"exdqlm_multivar_synth_keep","draw_078",1213,"2022-12-24","history","1.20212864770077"
"exdqlm_multivar_synth_keep","draw_078",1213,"2022-12-25","history","1.18105440187888"
"exdqlm_multivar_synth_keep","draw_079",1229,"2022-12-07","history","1.15624502003275"
"exdqlm_multivar_synth_keep","draw_079",1229,"2022-12-08","history","1.05902434739544"
"exdqlm_multivar_synth_keep","draw_079",1229,"2022-12-09","history","1.12527623679502"
"exdqlm_multivar_synth_keep","draw_079",1229,"2022-12-10","history","1.27052686427691"
"exdqlm_multivar_synth_keep","draw_079",1229,"2022-12-11","history","2.81910387099268"
"exdqlm_multivar_synth_keep","draw_079",1229,"2022-12-12","history","2.61619295347939"
"exdqlm_multivar_synth_keep","draw_079",1229,"2022-12-13","history","2.15630883793437"
"exdqlm_multivar_synth_keep","draw_079",1229,"2022-12-14","history","1.67269848838644"
"exdqlm_multivar_synth_keep","draw_079",1229,"2022-12-15","history","1.48306161792044"
"exdqlm_multivar_synth_keep","draw_079",1229,"2022-12-16","history","1.44514861894612"
"exdqlm_multivar_synth_keep","draw_079",1229,"2022-12-17","history","1.40693602412520"
"exdqlm_multivar_synth_keep","draw_079",1229,"2022-12-18","history","1.37976440195550"
"exdqlm_multivar_synth_keep","draw_079",1229,"2022-12-19","history","1.34434104153446"
"exdqlm_multivar_synth_keep","draw_079",1229,"2022-12-20","history","1.31260219095150"
"exdqlm_multivar_synth_keep","draw_079",1229,"2022-12-21","history","1.28600568394308"
"exdqlm_multivar_synth_keep","draw_079",1229,"2022-12-22","history","1.26201720735745"
"exdqlm_multivar_synth_keep","draw_079",1229,"2022-12-23","history","1.23025056459528"
"exdqlm_multivar_synth_keep","draw_079",1229,"2022-12-24","history","1.20357222787571"
"exdqlm_multivar_synth_keep","draw_079",1229,"2022-12-25","history","1.18261365851498"
"exdqlm_multivar_synth_keep","draw_080",1244,"2022-12-07","history","1.15912445796386"
"exdqlm_multivar_synth_keep","draw_080",1244,"2022-12-08","history","1.06245483992166"
"exdqlm_multivar_synth_keep","draw_080",1244,"2022-12-09","history","1.12991077113595"
"exdqlm_multivar_synth_keep","draw_080",1244,"2022-12-10","history","1.27476905395151"
"exdqlm_multivar_synth_keep","draw_080",1244,"2022-12-11","history","2.84618287730995"
"exdqlm_multivar_synth_keep","draw_080",1244,"2022-12-12","history","2.62892682942981"
"exdqlm_multivar_synth_keep","draw_080",1244,"2022-12-13","history","2.16327030164161"
"exdqlm_multivar_synth_keep","draw_080",1244,"2022-12-14","history","1.67612763753882"
"exdqlm_multivar_synth_keep","draw_080",1244,"2022-12-15","history","1.48645784861229"
"exdqlm_multivar_synth_keep","draw_080",1244,"2022-12-16","history","1.44724877233164"
"exdqlm_multivar_synth_keep","draw_080",1244,"2022-12-17","history","1.40786883432790"
"exdqlm_multivar_synth_keep","draw_080",1244,"2022-12-18","history","1.38361171072798"
"exdqlm_multivar_synth_keep","draw_080",1244,"2022-12-19","history","1.34474972102349"
"exdqlm_multivar_synth_keep","draw_080",1244,"2022-12-20","history","1.31543776469185"
"exdqlm_multivar_synth_keep","draw_080",1244,"2022-12-21","history","1.28791626655654"
"exdqlm_multivar_synth_keep","draw_080",1244,"2022-12-22","history","1.26401457528651"
"exdqlm_multivar_synth_keep","draw_080",1244,"2022-12-23","history","1.23227022260416"
"exdqlm_multivar_synth_keep","draw_080",1244,"2022-12-24","history","1.20512989262860"
"exdqlm_multivar_synth_keep","draw_080",1244,"2022-12-25","history","1.18323051021958"
"exdqlm_multivar_synth_keep","draw_081",1260,"2022-12-07","history","1.16191325964308"
"exdqlm_multivar_synth_keep","draw_081",1260,"2022-12-08","history","1.06629441390253"
"exdqlm_multivar_synth_keep","draw_081",1260,"2022-12-09","history","1.13398865926093"
"exdqlm_multivar_synth_keep","draw_081",1260,"2022-12-10","history","1.27949935189859"
"exdqlm_multivar_synth_keep","draw_081",1260,"2022-12-11","history","2.88685250067231"
"exdqlm_multivar_synth_keep","draw_081",1260,"2022-12-12","history","2.64615812482068"
"exdqlm_multivar_synth_keep","draw_081",1260,"2022-12-13","history","2.16764570569493"
"exdqlm_multivar_synth_keep","draw_081",1260,"2022-12-14","history","1.67790016272734"
"exdqlm_multivar_synth_keep","draw_081",1260,"2022-12-15","history","1.48793576719695"
"exdqlm_multivar_synth_keep","draw_081",1260,"2022-12-16","history","1.44917590425741"
"exdqlm_multivar_synth_keep","draw_081",1260,"2022-12-17","history","1.40877926374587"
"exdqlm_multivar_synth_keep","draw_081",1260,"2022-12-18","history","1.38557352671532"
"exdqlm_multivar_synth_keep","draw_081",1260,"2022-12-19","history","1.34514722922087"
"exdqlm_multivar_synth_keep","draw_081",1260,"2022-12-20","history","1.31841169340619"
"exdqlm_multivar_synth_keep","draw_081",1260,"2022-12-21","history","1.28984834145114"
"exdqlm_multivar_synth_keep","draw_081",1260,"2022-12-22","history","1.26575832314274"
"exdqlm_multivar_synth_keep","draw_081",1260,"2022-12-23","history","1.23470672307352"
"exdqlm_multivar_synth_keep","draw_081",1260,"2022-12-24","history","1.20730851336219"
"exdqlm_multivar_synth_keep","draw_081",1260,"2022-12-25","history","1.18418999899743"
"exdqlm_multivar_synth_keep","draw_082",1276,"2022-12-07","history","1.16283115469874"
"exdqlm_multivar_synth_keep","draw_082",1276,"2022-12-08","history","1.06997259356827"
"exdqlm_multivar_synth_keep","draw_082",1276,"2022-12-09","history","1.13934699567342"
"exdqlm_multivar_synth_keep","draw_082",1276,"2022-12-10","history","1.28784713867332"
"exdqlm_multivar_synth_keep","draw_082",1276,"2022-12-11","history","2.93239219163656"
"exdqlm_multivar_synth_keep","draw_082",1276,"2022-12-12","history","2.66326942327282"
"exdqlm_multivar_synth_keep","draw_082",1276,"2022-12-13","history","2.17340561586466"
"exdqlm_multivar_synth_keep","draw_082",1276,"2022-12-14","history","1.68140004212507"
"exdqlm_multivar_synth_keep","draw_082",1276,"2022-12-15","history","1.49079666253347"
"exdqlm_multivar_synth_keep","draw_082",1276,"2022-12-16","history","1.45227792713624"
"exdqlm_multivar_synth_keep","draw_082",1276,"2022-12-17","history","1.41048440667045"
"exdqlm_multivar_synth_keep","draw_082",1276,"2022-12-18","history","1.38657251956184"
"exdqlm_multivar_synth_keep","draw_082",1276,"2022-12-19","history","1.34740618027679"
"exdqlm_multivar_synth_keep","draw_082",1276,"2022-12-20","history","1.32013110591949"
"exdqlm_multivar_synth_keep","draw_082",1276,"2022-12-21","history","1.29134322188060"
"exdqlm_multivar_synth_keep","draw_082",1276,"2022-12-22","history","1.26627896222255"
"exdqlm_multivar_synth_keep","draw_082",1276,"2022-12-23","history","1.23527446432114"
"exdqlm_multivar_synth_keep","draw_082",1276,"2022-12-24","history","1.20995079512403"
"exdqlm_multivar_synth_keep","draw_082",1276,"2022-12-25","history","1.18621143609330"
"exdqlm_multivar_synth_keep","draw_083",1292,"2022-12-07","history","1.16844857423073"
"exdqlm_multivar_synth_keep","draw_083",1292,"2022-12-08","history","1.07402780307919"
"exdqlm_multivar_synth_keep","draw_083",1292,"2022-12-09","history","1.14404998305015"
"exdqlm_multivar_synth_keep","draw_083",1292,"2022-12-10","history","1.29569559374992"
"exdqlm_multivar_synth_keep","draw_083",1292,"2022-12-11","history","2.96952992867321"
"exdqlm_multivar_synth_keep","draw_083",1292,"2022-12-12","history","2.67451086480781"
"exdqlm_multivar_synth_keep","draw_083",1292,"2022-12-13","history","2.17869064579528"
"exdqlm_multivar_synth_keep","draw_083",1292,"2022-12-14","history","1.68510886364859"
"exdqlm_multivar_synth_keep","draw_083",1292,"2022-12-15","history","1.49321587564030"
"exdqlm_multivar_synth_keep","draw_083",1292,"2022-12-16","history","1.45343225689671"
"exdqlm_multivar_synth_keep","draw_083",1292,"2022-12-17","history","1.41339625314515"
"exdqlm_multivar_synth_keep","draw_083",1292,"2022-12-18","history","1.38873158269627"
"exdqlm_multivar_synth_keep","draw_083",1292,"2022-12-19","history","1.34815696513503"
"exdqlm_multivar_synth_keep","draw_083",1292,"2022-12-20","history","1.32164419270317"
"exdqlm_multivar_synth_keep","draw_083",1292,"2022-12-21","history","1.29369658202612"
"exdqlm_multivar_synth_keep","draw_083",1292,"2022-12-22","history","1.26668802030534"
"exdqlm_multivar_synth_keep","draw_083",1292,"2022-12-23","history","1.23769532962575"
"exdqlm_multivar_synth_keep","draw_083",1292,"2022-12-24","history","1.21189251901817"
"exdqlm_multivar_synth_keep","draw_083",1292,"2022-12-25","history","1.18931199320488"
"exdqlm_multivar_synth_keep","draw_084",1307,"2022-12-07","history","1.17357234337211"
"exdqlm_multivar_synth_keep","draw_084",1307,"2022-12-08","history","1.07879839974336"
"exdqlm_multivar_synth_keep","draw_084",1307,"2022-12-09","history","1.15538015533754"
"exdqlm_multivar_synth_keep","draw_084",1307,"2022-12-10","history","1.30570548396735"
"exdqlm_multivar_synth_keep","draw_084",1307,"2022-12-11","history","3.00275855873137"
"exdqlm_multivar_synth_keep","draw_084",1307,"2022-12-12","history","2.69422292930478"
"exdqlm_multivar_synth_keep","draw_084",1307,"2022-12-13","history","2.18357187194913"
"exdqlm_multivar_synth_keep","draw_084",1307,"2022-12-14","history","1.68699344491400"
"exdqlm_multivar_synth_keep","draw_084",1307,"2022-12-15","history","1.49411082751028"
"exdqlm_multivar_synth_keep","draw_084",1307,"2022-12-16","history","1.45465628228548"
"exdqlm_multivar_synth_keep","draw_084",1307,"2022-12-17","history","1.41727035432958"
"exdqlm_multivar_synth_keep","draw_084",1307,"2022-12-18","history","1.39091865367821"
"exdqlm_multivar_synth_keep","draw_084",1307,"2022-12-19","history","1.34950446429187"
"exdqlm_multivar_synth_keep","draw_084",1307,"2022-12-20","history","1.32640094456953"
"exdqlm_multivar_synth_keep","draw_084",1307,"2022-12-21","history","1.29542693937885"
"exdqlm_multivar_synth_keep","draw_084",1307,"2022-12-22","history","1.26997001324500"
"exdqlm_multivar_synth_keep","draw_084",1307,"2022-12-23","history","1.24073461994160"
"exdqlm_multivar_synth_keep","draw_084",1307,"2022-12-24","history","1.21288559503448"
"exdqlm_multivar_synth_keep","draw_084",1307,"2022-12-25","history","1.19250022317161"
"exdqlm_multivar_synth_keep","draw_085",1323,"2022-12-07","history","1.17930085420702"
"exdqlm_multivar_synth_keep","draw_085",1323,"2022-12-08","history","1.08252063300952"
"exdqlm_multivar_synth_keep","draw_085",1323,"2022-12-09","history","1.16606236925574"
"exdqlm_multivar_synth_keep","draw_085",1323,"2022-12-10","history","1.31990190944292"
"exdqlm_multivar_synth_keep","draw_085",1323,"2022-12-11","history","3.02712698835217"
"exdqlm_multivar_synth_keep","draw_085",1323,"2022-12-12","history","2.71157482895883"
"exdqlm_multivar_synth_keep","draw_085",1323,"2022-12-13","history","2.19025072723526"
"exdqlm_multivar_synth_keep","draw_085",1323,"2022-12-14","history","1.69582437135273"
"exdqlm_multivar_synth_keep","draw_085",1323,"2022-12-15","history","1.49844090967071"
"exdqlm_multivar_synth_keep","draw_085",1323,"2022-12-16","history","1.45628895838393"
"exdqlm_multivar_synth_keep","draw_085",1323,"2022-12-17","history","1.41987088540627"
"exdqlm_multivar_synth_keep","draw_085",1323,"2022-12-18","history","1.39469938813026"
"exdqlm_multivar_synth_keep","draw_085",1323,"2022-12-19","history","1.35376099833663"
"exdqlm_multivar_synth_keep","draw_085",1323,"2022-12-20","history","1.32930168045165"
"exdqlm_multivar_synth_keep","draw_085",1323,"2022-12-21","history","1.29699717246339"
"exdqlm_multivar_synth_keep","draw_085",1323,"2022-12-22","history","1.27241877173147"
"exdqlm_multivar_synth_keep","draw_085",1323,"2022-12-23","history","1.24234658478785"
"exdqlm_multivar_synth_keep","draw_085",1323,"2022-12-24","history","1.21777435910500"
"exdqlm_multivar_synth_keep","draw_085",1323,"2022-12-25","history","1.19674103984426"
"exdqlm_multivar_synth_keep","draw_086",1339,"2022-12-07","history","1.18572704076752"
"exdqlm_multivar_synth_keep","draw_086",1339,"2022-12-08","history","1.09386322834095"
"exdqlm_multivar_synth_keep","draw_086",1339,"2022-12-09","history","1.17654685692145"
"exdqlm_multivar_synth_keep","draw_086",1339,"2022-12-10","history","1.33230764047233"
"exdqlm_multivar_synth_keep","draw_086",1339,"2022-12-11","history","3.06675164096307"
"exdqlm_multivar_synth_keep","draw_086",1339,"2022-12-12","history","2.72289815564663"
"exdqlm_multivar_synth_keep","draw_086",1339,"2022-12-13","history","2.19701192336126"
"exdqlm_multivar_synth_keep","draw_086",1339,"2022-12-14","history","1.70072021633135"
"exdqlm_multivar_synth_keep","draw_086",1339,"2022-12-15","history","1.50150264683556"
"exdqlm_multivar_synth_keep","draw_086",1339,"2022-12-16","history","1.46131705336210"
"exdqlm_multivar_synth_keep","draw_086",1339,"2022-12-17","history","1.42473549851821"
"exdqlm_multivar_synth_keep","draw_086",1339,"2022-12-18","history","1.39970350337042"
"exdqlm_multivar_synth_keep","draw_086",1339,"2022-12-19","history","1.35766873617052"
"exdqlm_multivar_synth_keep","draw_086",1339,"2022-12-20","history","1.33448121646787"
"exdqlm_multivar_synth_keep","draw_086",1339,"2022-12-21","history","1.29959017914316"
"exdqlm_multivar_synth_keep","draw_086",1339,"2022-12-22","history","1.27669726787685"
"exdqlm_multivar_synth_keep","draw_086",1339,"2022-12-23","history","1.24733988081805"
"exdqlm_multivar_synth_keep","draw_086",1339,"2022-12-24","history","1.22152981076838"
"exdqlm_multivar_synth_keep","draw_086",1339,"2022-12-25","history","1.20046278213020"
"exdqlm_multivar_synth_keep","draw_087",1355,"2022-12-07","history","1.19306324277612"
"exdqlm_multivar_synth_keep","draw_087",1355,"2022-12-08","history","1.09698174767375"
"exdqlm_multivar_synth_keep","draw_087",1355,"2022-12-09","history","1.18306989820417"
"exdqlm_multivar_synth_keep","draw_087",1355,"2022-12-10","history","1.34257257073693"
"exdqlm_multivar_synth_keep","draw_087",1355,"2022-12-11","history","3.09753074321779"
"exdqlm_multivar_synth_keep","draw_087",1355,"2022-12-12","history","2.74599150374649"
"exdqlm_multivar_synth_keep","draw_087",1355,"2022-12-13","history","2.20346413699693"
"exdqlm_multivar_synth_keep","draw_087",1355,"2022-12-14","history","1.70553134654295"
"exdqlm_multivar_synth_keep","draw_087",1355,"2022-12-15","history","1.50949286408356"
"exdqlm_multivar_synth_keep","draw_087",1355,"2022-12-16","history","1.46537088487859"
"exdqlm_multivar_synth_keep","draw_087",1355,"2022-12-17","history","1.42853183662678"
"exdqlm_multivar_synth_keep","draw_087",1355,"2022-12-18","history","1.40263685518878"
"exdqlm_multivar_synth_keep","draw_087",1355,"2022-12-19","history","1.36138900141922"
"exdqlm_multivar_synth_keep","draw_087",1355,"2022-12-20","history","1.33729285460346"
"exdqlm_multivar_synth_keep","draw_087",1355,"2022-12-21","history","1.30177241315069"
"exdqlm_multivar_synth_keep","draw_087",1355,"2022-12-22","history","1.28168501110445"
"exdqlm_multivar_synth_keep","draw_087",1355,"2022-12-23","history","1.25078196459383"
"exdqlm_multivar_synth_keep","draw_087",1355,"2022-12-24","history","1.22621667100528"
"exdqlm_multivar_synth_keep","draw_087",1355,"2022-12-25","history","1.20354751521091"
"exdqlm_multivar_synth_keep","draw_088",1370,"2022-12-07","history","1.19878491583331"
"exdqlm_multivar_synth_keep","draw_088",1370,"2022-12-08","history","1.10211564979674"
"exdqlm_multivar_synth_keep","draw_088",1370,"2022-12-09","history","1.19039898478104"
"exdqlm_multivar_synth_keep","draw_088",1370,"2022-12-10","history","1.35493223754301"
"exdqlm_multivar_synth_keep","draw_088",1370,"2022-12-11","history","3.12604653509122"
"exdqlm_multivar_synth_keep","draw_088",1370,"2022-12-12","history","2.76881967580824"
"exdqlm_multivar_synth_keep","draw_088",1370,"2022-12-13","history","2.21273174852467"
"exdqlm_multivar_synth_keep","draw_088",1370,"2022-12-14","history","1.70982706791686"
"exdqlm_multivar_synth_keep","draw_088",1370,"2022-12-15","history","1.51299205154451"
"exdqlm_multivar_synth_keep","draw_088",1370,"2022-12-16","history","1.46917224544758"
"exdqlm_multivar_synth_keep","draw_088",1370,"2022-12-17","history","1.43191167288414"
"exdqlm_multivar_synth_keep","draw_088",1370,"2022-12-18","history","1.40975343026713"
"exdqlm_multivar_synth_keep","draw_088",1370,"2022-12-19","history","1.36560087518703"
"exdqlm_multivar_synth_keep","draw_088",1370,"2022-12-20","history","1.34258248743065"
"exdqlm_multivar_synth_keep","draw_088",1370,"2022-12-21","history","1.30511624411688"
"exdqlm_multivar_synth_keep","draw_088",1370,"2022-12-22","history","1.28705357069143"
"exdqlm_multivar_synth_keep","draw_088",1370,"2022-12-23","history","1.25311400024705"
"exdqlm_multivar_synth_keep","draw_088",1370,"2022-12-24","history","1.23189489980214"
"exdqlm_multivar_synth_keep","draw_088",1370,"2022-12-25","history","1.20716332902449"
"exdqlm_multivar_synth_keep","draw_089",1386,"2022-12-07","history","1.20784641043753"
"exdqlm_multivar_synth_keep","draw_089",1386,"2022-12-08","history","1.10576254492183"
"exdqlm_multivar_synth_keep","draw_089",1386,"2022-12-09","history","1.20151909375117"
"exdqlm_multivar_synth_keep","draw_089",1386,"2022-12-10","history","1.36307890272393"
"exdqlm_multivar_synth_keep","draw_089",1386,"2022-12-11","history","3.17139962852536"
"exdqlm_multivar_synth_keep","draw_089",1386,"2022-12-12","history","2.78997252487307"
"exdqlm_multivar_synth_keep","draw_089",1386,"2022-12-13","history","2.21933932487598"
"exdqlm_multivar_synth_keep","draw_089",1386,"2022-12-14","history","1.71659582917696"
"exdqlm_multivar_synth_keep","draw_089",1386,"2022-12-15","history","1.51604256909920"
"exdqlm_multivar_synth_keep","draw_089",1386,"2022-12-16","history","1.47460868849922"
"exdqlm_multivar_synth_keep","draw_089",1386,"2022-12-17","history","1.43717063004632"
"exdqlm_multivar_synth_keep","draw_089",1386,"2022-12-18","history","1.41431302902222"
"exdqlm_multivar_synth_keep","draw_089",1386,"2022-12-19","history","1.37118992941926"
"exdqlm_multivar_synth_keep","draw_089",1386,"2022-12-20","history","1.34657587146763"
"exdqlm_multivar_synth_keep","draw_089",1386,"2022-12-21","history","1.30984868153348"
"exdqlm_multivar_synth_keep","draw_089",1386,"2022-12-22","history","1.28941083950269"
"exdqlm_multivar_synth_keep","draw_089",1386,"2022-12-23","history","1.25737896659335"
"exdqlm_multivar_synth_keep","draw_089",1386,"2022-12-24","history","1.23586419773719"
"exdqlm_multivar_synth_keep","draw_089",1386,"2022-12-25","history","1.21138671675325"
"exdqlm_multivar_synth_keep","draw_090",1402,"2022-12-07","history","1.21468512529639"
"exdqlm_multivar_synth_keep","draw_090",1402,"2022-12-08","history","1.11008876867065"
"exdqlm_multivar_synth_keep","draw_090",1402,"2022-12-09","history","1.20788458323425"
"exdqlm_multivar_synth_keep","draw_090",1402,"2022-12-10","history","1.37033518161435"
"exdqlm_multivar_synth_keep","draw_090",1402,"2022-12-11","history","3.21604308579284"
"exdqlm_multivar_synth_keep","draw_090",1402,"2022-12-12","history","2.81165766507098"
"exdqlm_multivar_synth_keep","draw_090",1402,"2022-12-13","history","2.22734094383852"
"exdqlm_multivar_synth_keep","draw_090",1402,"2022-12-14","history","1.71998367955230"
"exdqlm_multivar_synth_keep","draw_090",1402,"2022-12-15","history","1.52204732679687"
"exdqlm_multivar_synth_keep","draw_090",1402,"2022-12-16","history","1.47804555649999"
"exdqlm_multivar_synth_keep","draw_090",1402,"2022-12-17","history","1.44099636591197"
"exdqlm_multivar_synth_keep","draw_090",1402,"2022-12-18","history","1.41802789946837"
"exdqlm_multivar_synth_keep","draw_090",1402,"2022-12-19","history","1.37682517829575"
"exdqlm_multivar_synth_keep","draw_090",1402,"2022-12-20","history","1.35011057885678"
"exdqlm_multivar_synth_keep","draw_090",1402,"2022-12-21","history","1.31364414148688"
"exdqlm_multivar_synth_keep","draw_090",1402,"2022-12-22","history","1.29330326479573"
"exdqlm_multivar_synth_keep","draw_090",1402,"2022-12-23","history","1.26102968988718"
"exdqlm_multivar_synth_keep","draw_090",1402,"2022-12-24","history","1.23846356270100"
"exdqlm_multivar_synth_keep","draw_090",1402,"2022-12-25","history","1.21268509241707"
"exdqlm_multivar_synth_keep","draw_091",1418,"2022-12-07","history","1.22350757989579"
"exdqlm_multivar_synth_keep","draw_091",1418,"2022-12-08","history","1.11597141845375"
"exdqlm_multivar_synth_keep","draw_091",1418,"2022-12-09","history","1.21464557926892"
"exdqlm_multivar_synth_keep","draw_091",1418,"2022-12-10","history","1.38550315825524"
"exdqlm_multivar_synth_keep","draw_091",1418,"2022-12-11","history","3.25129015047915"
"exdqlm_multivar_synth_keep","draw_091",1418,"2022-12-12","history","2.83353316477287"
"exdqlm_multivar_synth_keep","draw_091",1418,"2022-12-13","history","2.23675832745823"
"exdqlm_multivar_synth_keep","draw_091",1418,"2022-12-14","history","1.72618068176624"
"exdqlm_multivar_synth_keep","draw_091",1418,"2022-12-15","history","1.52739824696333"
"exdqlm_multivar_synth_keep","draw_091",1418,"2022-12-16","history","1.48464096861742"
"exdqlm_multivar_synth_keep","draw_091",1418,"2022-12-17","history","1.44663655570122"
"exdqlm_multivar_synth_keep","draw_091",1418,"2022-12-18","history","1.42261630478816"
"exdqlm_multivar_synth_keep","draw_091",1418,"2022-12-19","history","1.38028374864840"
"exdqlm_multivar_synth_keep","draw_091",1418,"2022-12-20","history","1.35606740720483"
"exdqlm_multivar_synth_keep","draw_091",1418,"2022-12-21","history","1.31830450981905"
"exdqlm_multivar_synth_keep","draw_091",1418,"2022-12-22","history","1.29607728906193"
"exdqlm_multivar_synth_keep","draw_091",1418,"2022-12-23","history","1.26595228350892"
"exdqlm_multivar_synth_keep","draw_091",1418,"2022-12-24","history","1.24263727012389"
"exdqlm_multivar_synth_keep","draw_091",1418,"2022-12-25","history","1.21604570398296"
"exdqlm_multivar_synth_keep","draw_092",1433,"2022-12-07","history","1.22999916873086"
"exdqlm_multivar_synth_keep","draw_092",1433,"2022-12-08","history","1.12240388963071"
"exdqlm_multivar_synth_keep","draw_092",1433,"2022-12-09","history","1.22175638401427"
"exdqlm_multivar_synth_keep","draw_092",1433,"2022-12-10","history","1.39078942559756"
"exdqlm_multivar_synth_keep","draw_092",1433,"2022-12-11","history","3.29138863368869"
"exdqlm_multivar_synth_keep","draw_092",1433,"2022-12-12","history","2.86562640294616"
"exdqlm_multivar_synth_keep","draw_092",1433,"2022-12-13","history","2.24624306137324"
"exdqlm_multivar_synth_keep","draw_092",1433,"2022-12-14","history","1.73517619487511"
"exdqlm_multivar_synth_keep","draw_092",1433,"2022-12-15","history","1.53320372096674"
"exdqlm_multivar_synth_keep","draw_092",1433,"2022-12-16","history","1.48813672989781"
"exdqlm_multivar_synth_keep","draw_092",1433,"2022-12-17","history","1.45202488899998"
"exdqlm_multivar_synth_keep","draw_092",1433,"2022-12-18","history","1.42827945796801"
"exdqlm_multivar_synth_keep","draw_092",1433,"2022-12-19","history","1.38376502281455"
"exdqlm_multivar_synth_keep","draw_092",1433,"2022-12-20","history","1.35995384144585"
"exdqlm_multivar_synth_keep","draw_092",1433,"2022-12-21","history","1.32236924038226"
"exdqlm_multivar_synth_keep","draw_092",1433,"2022-12-22","history","1.30214023546004"
"exdqlm_multivar_synth_keep","draw_092",1433,"2022-12-23","history","1.27031455864206"
"exdqlm_multivar_synth_keep","draw_092",1433,"2022-12-24","history","1.24462998643340"
"exdqlm_multivar_synth_keep","draw_092",1433,"2022-12-25","history","1.22030995771938"
"exdqlm_multivar_synth_keep","draw_093",1449,"2022-12-07","history","1.23442286041822"
"exdqlm_multivar_synth_keep","draw_093",1449,"2022-12-08","history","1.12730899549740"
"exdqlm_multivar_synth_keep","draw_093",1449,"2022-12-09","history","1.23472321571078"
"exdqlm_multivar_synth_keep","draw_093",1449,"2022-12-10","history","1.40382109536699"
"exdqlm_multivar_synth_keep","draw_093",1449,"2022-12-11","history","3.32081380409745"
"exdqlm_multivar_synth_keep","draw_093",1449,"2022-12-12","history","2.88884782096746"
"exdqlm_multivar_synth_keep","draw_093",1449,"2022-12-13","history","2.25714586765004"
"exdqlm_multivar_synth_keep","draw_093",1449,"2022-12-14","history","1.73973881183723"
"exdqlm_multivar_synth_keep","draw_093",1449,"2022-12-15","history","1.53738416159818"
"exdqlm_multivar_synth_keep","draw_093",1449,"2022-12-16","history","1.49258414696596"
"exdqlm_multivar_synth_keep","draw_093",1449,"2022-12-17","history","1.45549158801412"
"exdqlm_multivar_synth_keep","draw_093",1449,"2022-12-18","history","1.43426519592231"
"exdqlm_multivar_synth_keep","draw_093",1449,"2022-12-19","history","1.38675252876651"
"exdqlm_multivar_synth_keep","draw_093",1449,"2022-12-20","history","1.36467131263564"
"exdqlm_multivar_synth_keep","draw_093",1449,"2022-12-21","history","1.32657205353052"
"exdqlm_multivar_synth_keep","draw_093",1449,"2022-12-22","history","1.30509052599533"
"exdqlm_multivar_synth_keep","draw_093",1449,"2022-12-23","history","1.27276916980269"
"exdqlm_multivar_synth_keep","draw_093",1449,"2022-12-24","history","1.24728749282020"
"exdqlm_multivar_synth_keep","draw_093",1449,"2022-12-25","history","1.22388028440883"
"exdqlm_multivar_synth_keep","draw_094",1465,"2022-12-07","history","1.24224160721284"
"exdqlm_multivar_synth_keep","draw_094",1465,"2022-12-08","history","1.13229523878697"
"exdqlm_multivar_synth_keep","draw_094",1465,"2022-12-09","history","1.24173852964510"
"exdqlm_multivar_synth_keep","draw_094",1465,"2022-12-10","history","1.41070154022607"
"exdqlm_multivar_synth_keep","draw_094",1465,"2022-12-11","history","3.35813557534000"
"exdqlm_multivar_synth_keep","draw_094",1465,"2022-12-12","history","2.90614621692449"
"exdqlm_multivar_synth_keep","draw_094",1465,"2022-12-13","history","2.26594175630388"
"exdqlm_multivar_synth_keep","draw_094",1465,"2022-12-14","history","1.74464370541618"
"exdqlm_multivar_synth_keep","draw_094",1465,"2022-12-15","history","1.54236810643215"
"exdqlm_multivar_synth_keep","draw_094",1465,"2022-12-16","history","1.49821587207823"
"exdqlm_multivar_synth_keep","draw_094",1465,"2022-12-17","history","1.45936143668845"
"exdqlm_multivar_synth_keep","draw_094",1465,"2022-12-18","history","1.43684247542733"
"exdqlm_multivar_synth_keep","draw_094",1465,"2022-12-19","history","1.39046452080133"
"exdqlm_multivar_synth_keep","draw_094",1465,"2022-12-20","history","1.36830738602585"
"exdqlm_multivar_synth_keep","draw_094",1465,"2022-12-21","history","1.33052010543740"
"exdqlm_multivar_synth_keep","draw_094",1465,"2022-12-22","history","1.30956917110818"
"exdqlm_multivar_synth_keep","draw_094",1465,"2022-12-23","history","1.27498724146489"
"exdqlm_multivar_synth_keep","draw_094",1465,"2022-12-24","history","1.25301538110129"
"exdqlm_multivar_synth_keep","draw_094",1465,"2022-12-25","history","1.23108279119284"
"exdqlm_multivar_synth_keep","draw_095",1481,"2022-12-07","history","1.25083395769777"
"exdqlm_multivar_synth_keep","draw_095",1481,"2022-12-08","history","1.13889169549586"
"exdqlm_multivar_synth_keep","draw_095",1481,"2022-12-09","history","1.25293438169810"
"exdqlm_multivar_synth_keep","draw_095",1481,"2022-12-10","history","1.41985200497572"
"exdqlm_multivar_synth_keep","draw_095",1481,"2022-12-11","history","3.38579074371487"
"exdqlm_multivar_synth_keep","draw_095",1481,"2022-12-12","history","2.92738321204033"
"exdqlm_multivar_synth_keep","draw_095",1481,"2022-12-13","history","2.27312663998825"
"exdqlm_multivar_synth_keep","draw_095",1481,"2022-12-14","history","1.75224476681844"
"exdqlm_multivar_synth_keep","draw_095",1481,"2022-12-15","history","1.54659973593933"
"exdqlm_multivar_synth_keep","draw_095",1481,"2022-12-16","history","1.50483265582677"
"exdqlm_multivar_synth_keep","draw_095",1481,"2022-12-17","history","1.46214241976715"
"exdqlm_multivar_synth_keep","draw_095",1481,"2022-12-18","history","1.43942347507603"
"exdqlm_multivar_synth_keep","draw_095",1481,"2022-12-19","history","1.39581665803128"
"exdqlm_multivar_synth_keep","draw_095",1481,"2022-12-20","history","1.37199178742391"
"exdqlm_multivar_synth_keep","draw_095",1481,"2022-12-21","history","1.33308163981807"
"exdqlm_multivar_synth_keep","draw_095",1481,"2022-12-22","history","1.31453609564487"
"exdqlm_multivar_synth_keep","draw_095",1481,"2022-12-23","history","1.28076633169786"
"exdqlm_multivar_synth_keep","draw_095",1481,"2022-12-24","history","1.25653032537481"
"exdqlm_multivar_synth_keep","draw_095",1481,"2022-12-25","history","1.23501197900825"
"exdqlm_multivar_synth_keep","draw_096",1496,"2022-12-07","history","1.25603774868556"
"exdqlm_multivar_synth_keep","draw_096",1496,"2022-12-08","history","1.14367371593337"
"exdqlm_multivar_synth_keep","draw_096",1496,"2022-12-09","history","1.25759784792896"
"exdqlm_multivar_synth_keep","draw_096",1496,"2022-12-10","history","1.42960863644589"
"exdqlm_multivar_synth_keep","draw_096",1496,"2022-12-11","history","3.43262393808326"
"exdqlm_multivar_synth_keep","draw_096",1496,"2022-12-12","history","2.95078304170482"
"exdqlm_multivar_synth_keep","draw_096",1496,"2022-12-13","history","2.28467595045976"
"exdqlm_multivar_synth_keep","draw_096",1496,"2022-12-14","history","1.76026598841242"
"exdqlm_multivar_synth_keep","draw_096",1496,"2022-12-15","history","1.55274207699125"
"exdqlm_multivar_synth_keep","draw_096",1496,"2022-12-16","history","1.50737202772022"
"exdqlm_multivar_synth_keep","draw_096",1496,"2022-12-17","history","1.46522543385178"
"exdqlm_multivar_synth_keep","draw_096",1496,"2022-12-18","history","1.44255552019959"
"exdqlm_multivar_synth_keep","draw_096",1496,"2022-12-19","history","1.40077020325991"
"exdqlm_multivar_synth_keep","draw_096",1496,"2022-12-20","history","1.37440593571429"
"exdqlm_multivar_synth_keep","draw_096",1496,"2022-12-21","history","1.33742880299984"
"exdqlm_multivar_synth_keep","draw_096",1496,"2022-12-22","history","1.31806120312515"
"exdqlm_multivar_synth_keep","draw_096",1496,"2022-12-23","history","1.28377642515835"
"exdqlm_multivar_synth_keep","draw_096",1496,"2022-12-24","history","1.26036501436165"
"exdqlm_multivar_synth_keep","draw_096",1496,"2022-12-25","history","1.23767805972545"
"exdqlm_multivar_synth_keep","draw_097",1512,"2022-12-07","history","1.26150089522749"
"exdqlm_multivar_synth_keep","draw_097",1512,"2022-12-08","history","1.14805116035703"
"exdqlm_multivar_synth_keep","draw_097",1512,"2022-12-09","history","1.26547754878891"
"exdqlm_multivar_synth_keep","draw_097",1512,"2022-12-10","history","1.43639972732672"
"exdqlm_multivar_synth_keep","draw_097",1512,"2022-12-11","history","3.45534889064482"
"exdqlm_multivar_synth_keep","draw_097",1512,"2022-12-12","history","2.98106800228980"
"exdqlm_multivar_synth_keep","draw_097",1512,"2022-12-13","history","2.29981833953694"
"exdqlm_multivar_synth_keep","draw_097",1512,"2022-12-14","history","1.76606859307744"
"exdqlm_multivar_synth_keep","draw_097",1512,"2022-12-15","history","1.55791845188535"
"exdqlm_multivar_synth_keep","draw_097",1512,"2022-12-16","history","1.51152581816130"
"exdqlm_multivar_synth_keep","draw_097",1512,"2022-12-17","history","1.47074211054314"
"exdqlm_multivar_synth_keep","draw_097",1512,"2022-12-18","history","1.44622901834968"
"exdqlm_multivar_synth_keep","draw_097",1512,"2022-12-19","history","1.40658519413805"
"exdqlm_multivar_synth_keep","draw_097",1512,"2022-12-20","history","1.37786670223513"
"exdqlm_multivar_synth_keep","draw_097",1512,"2022-12-21","history","1.33976967829806"
"exdqlm_multivar_synth_keep","draw_097",1512,"2022-12-22","history","1.32217700808219"
"exdqlm_multivar_synth_keep","draw_097",1512,"2022-12-23","history","1.28831549424787"
"exdqlm_multivar_synth_keep","draw_097",1512,"2022-12-24","history","1.26343520201140"
"exdqlm_multivar_synth_keep","draw_097",1512,"2022-12-25","history","1.24325827305081"
"exdqlm_multivar_synth_keep","draw_098",1528,"2022-12-07","history","1.26843588467552"
"exdqlm_multivar_synth_keep","draw_098",1528,"2022-12-08","history","1.15248183495878"
"exdqlm_multivar_synth_keep","draw_098",1528,"2022-12-09","history","1.27247808124899"
"exdqlm_multivar_synth_keep","draw_098",1528,"2022-12-10","history","1.44247925957601"
"exdqlm_multivar_synth_keep","draw_098",1528,"2022-12-11","history","3.49108281255027"
"exdqlm_multivar_synth_keep","draw_098",1528,"2022-12-12","history","3.00352341378173"
"exdqlm_multivar_synth_keep","draw_098",1528,"2022-12-13","history","2.31294679487819"
"exdqlm_multivar_synth_keep","draw_098",1528,"2022-12-14","history","1.77046175018196"
"exdqlm_multivar_synth_keep","draw_098",1528,"2022-12-15","history","1.56580927372690"
"exdqlm_multivar_synth_keep","draw_098",1528,"2022-12-16","history","1.51656397806606"
"exdqlm_multivar_synth_keep","draw_098",1528,"2022-12-17","history","1.47498461693718"
"exdqlm_multivar_synth_keep","draw_098",1528,"2022-12-18","history","1.44969872582643"
"exdqlm_multivar_synth_keep","draw_098",1528,"2022-12-19","history","1.41175045671170"
"exdqlm_multivar_synth_keep","draw_098",1528,"2022-12-20","history","1.38135049340611"
"exdqlm_multivar_synth_keep","draw_098",1528,"2022-12-21","history","1.34241168252788"
"exdqlm_multivar_synth_keep","draw_098",1528,"2022-12-22","history","1.32736001416321"
"exdqlm_multivar_synth_keep","draw_098",1528,"2022-12-23","history","1.29408072613641"
"exdqlm_multivar_synth_keep","draw_098",1528,"2022-12-24","history","1.26502381582580"
"exdqlm_multivar_synth_keep","draw_098",1528,"2022-12-25","history","1.24898348291828"
"exdqlm_multivar_synth_keep","draw_099",1544,"2022-12-07","history","1.27322227765119"
"exdqlm_multivar_synth_keep","draw_099",1544,"2022-12-08","history","1.15782022264789"
"exdqlm_multivar_synth_keep","draw_099",1544,"2022-12-09","history","1.28258146418697"
"exdqlm_multivar_synth_keep","draw_099",1544,"2022-12-10","history","1.45366278442868"
"exdqlm_multivar_synth_keep","draw_099",1544,"2022-12-11","history","3.54777567690723"
"exdqlm_multivar_synth_keep","draw_099",1544,"2022-12-12","history","3.02266789500622"
"exdqlm_multivar_synth_keep","draw_099",1544,"2022-12-13","history","2.32555403540055"
"exdqlm_multivar_synth_keep","draw_099",1544,"2022-12-14","history","1.77759930924755"
"exdqlm_multivar_synth_keep","draw_099",1544,"2022-12-15","history","1.57024762761491"
"exdqlm_multivar_synth_keep","draw_099",1544,"2022-12-16","history","1.52039546222586"
"exdqlm_multivar_synth_keep","draw_099",1544,"2022-12-17","history","1.47851195347634"
"exdqlm_multivar_synth_keep","draw_099",1544,"2022-12-18","history","1.45408536259141"
"exdqlm_multivar_synth_keep","draw_099",1544,"2022-12-19","history","1.41737152792047"
"exdqlm_multivar_synth_keep","draw_099",1544,"2022-12-20","history","1.38493377601322"
"exdqlm_multivar_synth_keep","draw_099",1544,"2022-12-21","history","1.34525014756357"
"exdqlm_multivar_synth_keep","draw_099",1544,"2022-12-22","history","1.33184157173081"
"exdqlm_multivar_synth_keep","draw_099",1544,"2022-12-23","history","1.29633808031997"
"exdqlm_multivar_synth_keep","draw_099",1544,"2022-12-24","history","1.26936395841766"
"exdqlm_multivar_synth_keep","draw_099",1544,"2022-12-25","history","1.25343808869552"
"exdqlm_multivar_synth_keep","draw_100",1559,"2022-12-07","history","1.27944981360386"
"exdqlm_multivar_synth_keep","draw_100",1559,"2022-12-08","history","1.16215108523232"
"exdqlm_multivar_synth_keep","draw_100",1559,"2022-12-09","history","1.28784730086789"
"exdqlm_multivar_synth_keep","draw_100",1559,"2022-12-10","history","1.45890445598389"
"exdqlm_multivar_synth_keep","draw_100",1559,"2022-12-11","history","3.57958797204187"
"exdqlm_multivar_synth_keep","draw_100",1559,"2022-12-12","history","3.03997436180410"
"exdqlm_multivar_synth_keep","draw_100",1559,"2022-12-13","history","2.33648476214954"
"exdqlm_multivar_synth_keep","draw_100",1559,"2022-12-14","history","1.78070623153855"
"exdqlm_multivar_synth_keep","draw_100",1559,"2022-12-15","history","1.57586352559105"
"exdqlm_multivar_synth_keep","draw_100",1559,"2022-12-16","history","1.52466850094973"
"exdqlm_multivar_synth_keep","draw_100",1559,"2022-12-17","history","1.48147153817431"
"exdqlm_multivar_synth_keep","draw_100",1559,"2022-12-18","history","1.45981794847626"
"exdqlm_multivar_synth_keep","draw_100",1559,"2022-12-19","history","1.42042204217997"
"exdqlm_multivar_synth_keep","draw_100",1559,"2022-12-20","history","1.38732089824281"
"exdqlm_multivar_synth_keep","draw_100",1559,"2022-12-21","history","1.35087095369679"
"exdqlm_multivar_synth_keep","draw_100",1559,"2022-12-22","history","1.33505553168168"
"exdqlm_multivar_synth_keep","draw_100",1559,"2022-12-23","history","1.29862049976238"
"exdqlm_multivar_synth_keep","draw_100",1559,"2022-12-24","history","1.27274051444037"
"exdqlm_multivar_synth_keep","draw_100",1559,"2022-12-25","history","1.25657419061013"
"exdqlm_multivar_synth_keep","draw_101",1575,"2022-12-07","history","1.28355917610234"
"exdqlm_multivar_synth_keep","draw_101",1575,"2022-12-08","history","1.16854655802182"
"exdqlm_multivar_synth_keep","draw_101",1575,"2022-12-09","history","1.29497153470724"
"exdqlm_multivar_synth_keep","draw_101",1575,"2022-12-10","history","1.46853082814248"
"exdqlm_multivar_synth_keep","draw_101",1575,"2022-12-11","history","3.61405917261487"
"exdqlm_multivar_synth_keep","draw_101",1575,"2022-12-12","history","3.05996556750621"
"exdqlm_multivar_synth_keep","draw_101",1575,"2022-12-13","history","2.34301140165492"
"exdqlm_multivar_synth_keep","draw_101",1575,"2022-12-14","history","1.78691713048208"
"exdqlm_multivar_synth_keep","draw_101",1575,"2022-12-15","history","1.58098608319502"
"exdqlm_multivar_synth_keep","draw_101",1575,"2022-12-16","history","1.53019497728403"
"exdqlm_multivar_synth_keep","draw_101",1575,"2022-12-17","history","1.48485161140953"
"exdqlm_multivar_synth_keep","draw_101",1575,"2022-12-18","history","1.46223500207563"
"exdqlm_multivar_synth_keep","draw_101",1575,"2022-12-19","history","1.42365162519206"
"exdqlm_multivar_synth_keep","draw_101",1575,"2022-12-20","history","1.38931463012362"
"exdqlm_multivar_synth_keep","draw_101",1575,"2022-12-21","history","1.35508853342013"
"exdqlm_multivar_synth_keep","draw_101",1575,"2022-12-22","history","1.33693401844042"
"exdqlm_multivar_synth_keep","draw_101",1575,"2022-12-23","history","1.30221574779071"
"exdqlm_multivar_synth_keep","draw_101",1575,"2022-12-24","history","1.27414064357186"
"exdqlm_multivar_synth_keep","draw_101",1575,"2022-12-25","history","1.26381052853860"
"exdqlm_multivar_synth_keep","draw_102",1591,"2022-12-07","history","1.28867612789072"
"exdqlm_multivar_synth_keep","draw_102",1591,"2022-12-08","history","1.18027045377525"
"exdqlm_multivar_synth_keep","draw_102",1591,"2022-12-09","history","1.30605100143539"
"exdqlm_multivar_synth_keep","draw_102",1591,"2022-12-10","history","1.48702505876934"
"exdqlm_multivar_synth_keep","draw_102",1591,"2022-12-11","history","3.65210827863650"
"exdqlm_multivar_synth_keep","draw_102",1591,"2022-12-12","history","3.07200276922747"
"exdqlm_multivar_synth_keep","draw_102",1591,"2022-12-13","history","2.35520421325424"
"exdqlm_multivar_synth_keep","draw_102",1591,"2022-12-14","history","1.79297575922859"
"exdqlm_multivar_synth_keep","draw_102",1591,"2022-12-15","history","1.58604849341876"
"exdqlm_multivar_synth_keep","draw_102",1591,"2022-12-16","history","1.53581672482407"
"exdqlm_multivar_synth_keep","draw_102",1591,"2022-12-17","history","1.49051895453397"
"exdqlm_multivar_synth_keep","draw_102",1591,"2022-12-18","history","1.46557106351637"
"exdqlm_multivar_synth_keep","draw_102",1591,"2022-12-19","history","1.42992568061133"
"exdqlm_multivar_synth_keep","draw_102",1591,"2022-12-20","history","1.39165721591915"
"exdqlm_multivar_synth_keep","draw_102",1591,"2022-12-21","history","1.35764769048869"
"exdqlm_multivar_synth_keep","draw_102",1591,"2022-12-22","history","1.34100492051301"
"exdqlm_multivar_synth_keep","draw_102",1591,"2022-12-23","history","1.30625149845677"
"exdqlm_multivar_synth_keep","draw_102",1591,"2022-12-24","history","1.27708205180532"
"exdqlm_multivar_synth_keep","draw_102",1591,"2022-12-25","history","1.26757091137359"
"exdqlm_multivar_synth_keep","draw_103",1606,"2022-12-07","history","1.29323075044165"
"exdqlm_multivar_synth_keep","draw_103",1606,"2022-12-08","history","1.18744947164855"
"exdqlm_multivar_synth_keep","draw_103",1606,"2022-12-09","history","1.31639721100805"
"exdqlm_multivar_synth_keep","draw_103",1606,"2022-12-10","history","1.50089396821659"
"exdqlm_multivar_synth_keep","draw_103",1606,"2022-12-11","history","3.68375579621469"
"exdqlm_multivar_synth_keep","draw_103",1606,"2022-12-12","history","3.10080375041540"
"exdqlm_multivar_synth_keep","draw_103",1606,"2022-12-13","history","2.36770149547872"
"exdqlm_multivar_synth_keep","draw_103",1606,"2022-12-14","history","1.79937474261018"
"exdqlm_multivar_synth_keep","draw_103",1606,"2022-12-15","history","1.58916190831080"
"exdqlm_multivar_synth_keep","draw_103",1606,"2022-12-16","history","1.54119788479089"
"exdqlm_multivar_synth_keep","draw_103",1606,"2022-12-17","history","1.49329877369049"
"exdqlm_multivar_synth_keep","draw_103",1606,"2022-12-18","history","1.46982243001679"
"exdqlm_multivar_synth_keep","draw_103",1606,"2022-12-19","history","1.44024020102392"
"exdqlm_multivar_synth_keep","draw_103",1606,"2022-12-20","history","1.39953775830596"
"exdqlm_multivar_synth_keep","draw_103",1606,"2022-12-21","history","1.36122674575855"
"exdqlm_multivar_synth_keep","draw_103",1606,"2022-12-22","history","1.34849870610996"
"exdqlm_multivar_synth_keep","draw_103",1606,"2022-12-23","history","1.31488452574754"
"exdqlm_multivar_synth_keep","draw_103",1606,"2022-12-24","history","1.28175420166852"
"exdqlm_multivar_synth_keep","draw_103",1606,"2022-12-25","history","1.27599445003065"
"exdqlm_multivar_synth_keep","draw_104",1622,"2022-12-07","history","1.30405308414263"
"exdqlm_multivar_synth_keep","draw_104",1622,"2022-12-08","history","1.19531195665661"
"exdqlm_multivar_synth_keep","draw_104",1622,"2022-12-09","history","1.32758385813781"
"exdqlm_multivar_synth_keep","draw_104",1622,"2022-12-10","history","1.51765046237900"
"exdqlm_multivar_synth_keep","draw_104",1622,"2022-12-11","history","3.70591220415822"
"exdqlm_multivar_synth_keep","draw_104",1622,"2022-12-12","history","3.11850605394983"
"exdqlm_multivar_synth_keep","draw_104",1622,"2022-12-13","history","2.37674200182487"
"exdqlm_multivar_synth_keep","draw_104",1622,"2022-12-14","history","1.80680407145037"
"exdqlm_multivar_synth_keep","draw_104",1622,"2022-12-15","history","1.59435739186018"
"exdqlm_multivar_synth_keep","draw_104",1622,"2022-12-16","history","1.54467768204017"
"exdqlm_multivar_synth_keep","draw_104",1622,"2022-12-17","history","1.49864157190762"
"exdqlm_multivar_synth_keep","draw_104",1622,"2022-12-18","history","1.47836246664798"
"exdqlm_multivar_synth_keep","draw_104",1622,"2022-12-19","history","1.45014645878004"
"exdqlm_multivar_synth_keep","draw_104",1622,"2022-12-20","history","1.40673301717147"
"exdqlm_multivar_synth_keep","draw_104",1622,"2022-12-21","history","1.36597972069178"
"exdqlm_multivar_synth_keep","draw_104",1622,"2022-12-22","history","1.35328754783214"
"exdqlm_multivar_synth_keep","draw_104",1622,"2022-12-23","history","1.32485942043427"
"exdqlm_multivar_synth_keep","draw_104",1622,"2022-12-24","history","1.28440592901439"
"exdqlm_multivar_synth_keep","draw_104",1622,"2022-12-25","history","1.28207710835500"
"exdqlm_multivar_synth_keep","draw_105",1638,"2022-12-07","history","1.31108694962524"
"exdqlm_multivar_synth_keep","draw_105",1638,"2022-12-08","history","1.20389424431661"
"exdqlm_multivar_synth_keep","draw_105",1638,"2022-12-09","history","1.34578553642027"
"exdqlm_multivar_synth_keep","draw_105",1638,"2022-12-10","history","1.52954955443812"
"exdqlm_multivar_synth_keep","draw_105",1638,"2022-12-11","history","3.73614845353148"
"exdqlm_multivar_synth_keep","draw_105",1638,"2022-12-12","history","3.14162546720040"
"exdqlm_multivar_synth_keep","draw_105",1638,"2022-12-13","history","2.38683656226987"
"exdqlm_multivar_synth_keep","draw_105",1638,"2022-12-14","history","1.81573582959408"
"exdqlm_multivar_synth_keep","draw_105",1638,"2022-12-15","history","1.60281666343200"
"exdqlm_multivar_synth_keep","draw_105",1638,"2022-12-16","history","1.55168662976964"
"exdqlm_multivar_synth_keep","draw_105",1638,"2022-12-17","history","1.50655764219619"
"exdqlm_multivar_synth_keep","draw_105",1638,"2022-12-18","history","1.48608233483647"
"exdqlm_multivar_synth_keep","draw_105",1638,"2022-12-19","history","1.45773667283481"
"exdqlm_multivar_synth_keep","draw_105",1638,"2022-12-20","history","1.41618388198463"
"exdqlm_multivar_synth_keep","draw_105",1638,"2022-12-21","history","1.36988103067737"
"exdqlm_multivar_synth_keep","draw_105",1638,"2022-12-22","history","1.36329900869059"
"exdqlm_multivar_synth_keep","draw_105",1638,"2022-12-23","history","1.33235830479605"
"exdqlm_multivar_synth_keep","draw_105",1638,"2022-12-24","history","1.28904786071469"
"exdqlm_multivar_synth_keep","draw_105",1638,"2022-12-25","history","1.28837970460882"
"exdqlm_multivar_synth_keep","draw_106",1654,"2022-12-07","history","1.32477587409459"
"exdqlm_multivar_synth_keep","draw_106",1654,"2022-12-08","history","1.21319994028408"
"exdqlm_multivar_synth_keep","draw_106",1654,"2022-12-09","history","1.36349773118311"
"exdqlm_multivar_synth_keep","draw_106",1654,"2022-12-10","history","1.54500009752730"
"exdqlm_multivar_synth_keep","draw_106",1654,"2022-12-11","history","3.76024787717625"
"exdqlm_multivar_synth_keep","draw_106",1654,"2022-12-12","history","3.16210638466133"
"exdqlm_multivar_synth_keep","draw_106",1654,"2022-12-13","history","2.39582557037225"
"exdqlm_multivar_synth_keep","draw_106",1654,"2022-12-14","history","1.81993777714092"
"exdqlm_multivar_synth_keep","draw_106",1654,"2022-12-15","history","1.61467779485428"
"exdqlm_multivar_synth_keep","draw_106",1654,"2022-12-16","history","1.55912554422159"
"exdqlm_multivar_synth_keep","draw_106",1654,"2022-12-17","history","1.51786081535123"
"exdqlm_multivar_synth_keep","draw_106",1654,"2022-12-18","history","1.49145756550468"
"exdqlm_multivar_synth_keep","draw_106",1654,"2022-12-19","history","1.46566891762314"
"exdqlm_multivar_synth_keep","draw_106",1654,"2022-12-20","history","1.42448549506033"
"exdqlm_multivar_synth_keep","draw_106",1654,"2022-12-21","history","1.37467129311491"
"exdqlm_multivar_synth_keep","draw_106",1654,"2022-12-22","history","1.36713727519854"
"exdqlm_multivar_synth_keep","draw_106",1654,"2022-12-23","history","1.34019735226218"
"exdqlm_multivar_synth_keep","draw_106",1654,"2022-12-24","history","1.29370292110486"
"exdqlm_multivar_synth_keep","draw_106",1654,"2022-12-25","history","1.29429950939365"
"exdqlm_multivar_synth_keep","draw_107",1669,"2022-12-07","history","1.33593851532480"
"exdqlm_multivar_synth_keep","draw_107",1669,"2022-12-08","history","1.22112683025220"
"exdqlm_multivar_synth_keep","draw_107",1669,"2022-12-09","history","1.37661441835735"
"exdqlm_multivar_synth_keep","draw_107",1669,"2022-12-10","history","1.56252878377001"
"exdqlm_multivar_synth_keep","draw_107",1669,"2022-12-11","history","3.78283087022467"
"exdqlm_multivar_synth_keep","draw_107",1669,"2022-12-12","history","3.17965486906337"
"exdqlm_multivar_synth_keep","draw_107",1669,"2022-12-13","history","2.41255815620840"
"exdqlm_multivar_synth_keep","draw_107",1669,"2022-12-14","history","1.82875599402619"
"exdqlm_multivar_synth_keep","draw_107",1669,"2022-12-15","history","1.62381217999828"
"exdqlm_multivar_synth_keep","draw_107",1669,"2022-12-16","history","1.57157895157264"
"exdqlm_multivar_synth_keep","draw_107",1669,"2022-12-17","history","1.53054136868370"
"exdqlm_multivar_synth_keep","draw_107",1669,"2022-12-18","history","1.49971421858507"
"exdqlm_multivar_synth_keep","draw_107",1669,"2022-12-19","history","1.47419859810991"
"exdqlm_multivar_synth_keep","draw_107",1669,"2022-12-20","history","1.43216388347860"
"exdqlm_multivar_synth_keep","draw_107",1669,"2022-12-21","history","1.38322037992656"
"exdqlm_multivar_synth_keep","draw_107",1669,"2022-12-22","history","1.37638995495437"
"exdqlm_multivar_synth_keep","draw_107",1669,"2022-12-23","history","1.34686327857326"
"exdqlm_multivar_synth_keep","draw_107",1669,"2022-12-24","history","1.29969485184796"
"exdqlm_multivar_synth_keep","draw_107",1669,"2022-12-25","history","1.30402687018649"
"exdqlm_multivar_synth_keep","draw_108",1685,"2022-12-07","history","1.34786624197831"
"exdqlm_multivar_synth_keep","draw_108",1685,"2022-12-08","history","1.23138769459162"
"exdqlm_multivar_synth_keep","draw_108",1685,"2022-12-09","history","1.38741460092931"
"exdqlm_multivar_synth_keep","draw_108",1685,"2022-12-10","history","1.58129714507370"
"exdqlm_multivar_synth_keep","draw_108",1685,"2022-12-11","history","3.82808211789812"
"exdqlm_multivar_synth_keep","draw_108",1685,"2022-12-12","history","3.20463693346592"
"exdqlm_multivar_synth_keep","draw_108",1685,"2022-12-13","history","2.42964724507760"
"exdqlm_multivar_synth_keep","draw_108",1685,"2022-12-14","history","1.84068292514759"
"exdqlm_multivar_synth_keep","draw_108",1685,"2022-12-15","history","1.63517960412331"
"exdqlm_multivar_synth_keep","draw_108",1685,"2022-12-16","history","1.57464018256684"
"exdqlm_multivar_synth_keep","draw_108",1685,"2022-12-17","history","1.54008981422969"
"exdqlm_multivar_synth_keep","draw_108",1685,"2022-12-18","history","1.50893397133845"
"exdqlm_multivar_synth_keep","draw_108",1685,"2022-12-19","history","1.47961109260592"
"exdqlm_multivar_synth_keep","draw_108",1685,"2022-12-20","history","1.44182237134762"
"exdqlm_multivar_synth_keep","draw_108",1685,"2022-12-21","history","1.38955248031036"
"exdqlm_multivar_synth_keep","draw_108",1685,"2022-12-22","history","1.38325475387094"
"exdqlm_multivar_synth_keep","draw_108",1685,"2022-12-23","history","1.35476869834582"
"exdqlm_multivar_synth_keep","draw_108",1685,"2022-12-24","history","1.30292146774449"
"exdqlm_multivar_synth_keep","draw_108",1685,"2022-12-25","history","1.31070357912450"
"exdqlm_multivar_synth_keep","draw_109",1701,"2022-12-07","history","1.35615016064729"
"exdqlm_multivar_synth_keep","draw_109",1701,"2022-12-08","history","1.24227549751680"
"exdqlm_multivar_synth_keep","draw_109",1701,"2022-12-09","history","1.39767593777629"
"exdqlm_multivar_synth_keep","draw_109",1701,"2022-12-10","history","1.59786139243669"
"exdqlm_multivar_synth_keep","draw_109",1701,"2022-12-11","history","3.85295135723640"
"exdqlm_multivar_synth_keep","draw_109",1701,"2022-12-12","history","3.22804422268231"
"exdqlm_multivar_synth_keep","draw_109",1701,"2022-12-13","history","2.43398631498945"
"exdqlm_multivar_synth_keep","draw_109",1701,"2022-12-14","history","1.85510865108325"
"exdqlm_multivar_synth_keep","draw_109",1701,"2022-12-15","history","1.64556660777544"
"exdqlm_multivar_synth_keep","draw_109",1701,"2022-12-16","history","1.58455429545209"
"exdqlm_multivar_synth_keep","draw_109",1701,"2022-12-17","history","1.54527447803018"
"exdqlm_multivar_synth_keep","draw_109",1701,"2022-12-18","history","1.51645381396940"
"exdqlm_multivar_synth_keep","draw_109",1701,"2022-12-19","history","1.48631243311069"
"exdqlm_multivar_synth_keep","draw_109",1701,"2022-12-20","history","1.44927250654654"
"exdqlm_multivar_synth_keep","draw_109",1701,"2022-12-21","history","1.39763552911359"
"exdqlm_multivar_synth_keep","draw_109",1701,"2022-12-22","history","1.39552115270656"
"exdqlm_multivar_synth_keep","draw_109",1701,"2022-12-23","history","1.36523654182556"
"exdqlm_multivar_synth_keep","draw_109",1701,"2022-12-24","history","1.31335998798927"
"exdqlm_multivar_synth_keep","draw_109",1701,"2022-12-25","history","1.32442606459691"
"exdqlm_multivar_synth_keep","draw_110",1717,"2022-12-07","history","1.36408403412274"
"exdqlm_multivar_synth_keep","draw_110",1717,"2022-12-08","history","1.25346654027211"
"exdqlm_multivar_synth_keep","draw_110",1717,"2022-12-09","history","1.41023735425406"
"exdqlm_multivar_synth_keep","draw_110",1717,"2022-12-10","history","1.60896346478206"
"exdqlm_multivar_synth_keep","draw_110",1717,"2022-12-11","history","3.88523286329125"
"exdqlm_multivar_synth_keep","draw_110",1717,"2022-12-12","history","3.25183113438452"
"exdqlm_multivar_synth_keep","draw_110",1717,"2022-12-13","history","2.44131222270478"
"exdqlm_multivar_synth_keep","draw_110",1717,"2022-12-14","history","1.86268092695554"
"exdqlm_multivar_synth_keep","draw_110",1717,"2022-12-15","history","1.65189439874579"
"exdqlm_multivar_synth_keep","draw_110",1717,"2022-12-16","history","1.59438506126808"
"exdqlm_multivar_synth_keep","draw_110",1717,"2022-12-17","history","1.55568535125350"
"exdqlm_multivar_synth_keep","draw_110",1717,"2022-12-18","history","1.53007329978656"
"exdqlm_multivar_synth_keep","draw_110",1717,"2022-12-19","history","1.49864614383145"
"exdqlm_multivar_synth_keep","draw_110",1717,"2022-12-20","history","1.45628425242343"
"exdqlm_multivar_synth_keep","draw_110",1717,"2022-12-21","history","1.40991804580441"
"exdqlm_multivar_synth_keep","draw_110",1717,"2022-12-22","history","1.40012519935475"
"exdqlm_multivar_synth_keep","draw_110",1717,"2022-12-23","history","1.37839918640473"
"exdqlm_multivar_synth_keep","draw_110",1717,"2022-12-24","history","1.32466068292997"
"exdqlm_multivar_synth_keep","draw_110",1717,"2022-12-25","history","1.32968827159893"
"exdqlm_multivar_synth_keep","draw_111",1732,"2022-12-07","history","1.37022217156679"
"exdqlm_multivar_synth_keep","draw_111",1732,"2022-12-08","history","1.26376880135088"
"exdqlm_multivar_synth_keep","draw_111",1732,"2022-12-09","history","1.41943031353803"
"exdqlm_multivar_synth_keep","draw_111",1732,"2022-12-10","history","1.61807107034260"
"exdqlm_multivar_synth_keep","draw_111",1732,"2022-12-11","history","3.91607980598073"
"exdqlm_multivar_synth_keep","draw_111",1732,"2022-12-12","history","3.27500093605848"
"exdqlm_multivar_synth_keep","draw_111",1732,"2022-12-13","history","2.45471351314897"
"exdqlm_multivar_synth_keep","draw_111",1732,"2022-12-14","history","1.86718287828187"
"exdqlm_multivar_synth_keep","draw_111",1732,"2022-12-15","history","1.65799009229629"
"exdqlm_multivar_synth_keep","draw_111",1732,"2022-12-16","history","1.60073609401547"
"exdqlm_multivar_synth_keep","draw_111",1732,"2022-12-17","history","1.56538573443008"
"exdqlm_multivar_synth_keep","draw_111",1732,"2022-12-18","history","1.53502889172875"
"exdqlm_multivar_synth_keep","draw_111",1732,"2022-12-19","history","1.50689322019931"
"exdqlm_multivar_synth_keep","draw_111",1732,"2022-12-20","history","1.46652244099764"
"exdqlm_multivar_synth_keep","draw_111",1732,"2022-12-21","history","1.41643309452114"
"exdqlm_multivar_synth_keep","draw_111",1732,"2022-12-22","history","1.40580961056047"
"exdqlm_multivar_synth_keep","draw_111",1732,"2022-12-23","history","1.38419269161405"
"exdqlm_multivar_synth_keep","draw_111",1732,"2022-12-24","history","1.33431223601578"
"exdqlm_multivar_synth_keep","draw_111",1732,"2022-12-25","history","1.33847134281839"
"exdqlm_multivar_synth_keep","draw_112",1748,"2022-12-07","history","1.37958621616734"
"exdqlm_multivar_synth_keep","draw_112",1748,"2022-12-08","history","1.27622251931607"
"exdqlm_multivar_synth_keep","draw_112",1748,"2022-12-09","history","1.42858194210766"
"exdqlm_multivar_synth_keep","draw_112",1748,"2022-12-10","history","1.63501522225447"
"exdqlm_multivar_synth_keep","draw_112",1748,"2022-12-11","history","3.95247163960653"
"exdqlm_multivar_synth_keep","draw_112",1748,"2022-12-12","history","3.29885496518318"
"exdqlm_multivar_synth_keep","draw_112",1748,"2022-12-13","history","2.46943105643306"
"exdqlm_multivar_synth_keep","draw_112",1748,"2022-12-14","history","1.87320100274838"
"exdqlm_multivar_synth_keep","draw_112",1748,"2022-12-15","history","1.66657644224343"
"exdqlm_multivar_synth_keep","draw_112",1748,"2022-12-16","history","1.61018703753096"
"exdqlm_multivar_synth_keep","draw_112",1748,"2022-12-17","history","1.57412876533337"
"exdqlm_multivar_synth_keep","draw_112",1748,"2022-12-18","history","1.54367855273451"
"exdqlm_multivar_synth_keep","draw_112",1748,"2022-12-19","history","1.51677203312513"
"exdqlm_multivar_synth_keep","draw_112",1748,"2022-12-20","history","1.47848880065763"
"exdqlm_multivar_synth_keep","draw_112",1748,"2022-12-21","history","1.43000569461730"
"exdqlm_multivar_synth_keep","draw_112",1748,"2022-12-22","history","1.41654397031775"
"exdqlm_multivar_synth_keep","draw_112",1748,"2022-12-23","history","1.39281128720734"
"exdqlm_multivar_synth_keep","draw_112",1748,"2022-12-24","history","1.34551593311083"
"exdqlm_multivar_synth_keep","draw_112",1748,"2022-12-25","history","1.34762575911152"
"exdqlm_multivar_synth_keep","draw_113",1764,"2022-12-07","history","1.39215852280930"
"exdqlm_multivar_synth_keep","draw_113",1764,"2022-12-08","history","1.28300119445659"
"exdqlm_multivar_synth_keep","draw_113",1764,"2022-12-09","history","1.43888675266515"
"exdqlm_multivar_synth_keep","draw_113",1764,"2022-12-10","history","1.65493910254489"
"exdqlm_multivar_synth_keep","draw_113",1764,"2022-12-11","history","3.98477398241882"
"exdqlm_multivar_synth_keep","draw_113",1764,"2022-12-12","history","3.31937511790263"
"exdqlm_multivar_synth_keep","draw_113",1764,"2022-12-13","history","2.47887161304772"
"exdqlm_multivar_synth_keep","draw_113",1764,"2022-12-14","history","1.89490807597675"
"exdqlm_multivar_synth_keep","draw_113",1764,"2022-12-15","history","1.67980826626061"
"exdqlm_multivar_synth_keep","draw_113",1764,"2022-12-16","history","1.61921595140102"
"exdqlm_multivar_synth_keep","draw_113",1764,"2022-12-17","history","1.58158694819361"
"exdqlm_multivar_synth_keep","draw_113",1764,"2022-12-18","history","1.55305086675045"
"exdqlm_multivar_synth_keep","draw_113",1764,"2022-12-19","history","1.52230874915690"
"exdqlm_multivar_synth_keep","draw_113",1764,"2022-12-20","history","1.48488877320637"
"exdqlm_multivar_synth_keep","draw_113",1764,"2022-12-21","history","1.43939915857920"
"exdqlm_multivar_synth_keep","draw_113",1764,"2022-12-22","history","1.42674019889222"
"exdqlm_multivar_synth_keep","draw_113",1764,"2022-12-23","history","1.39919628356983"
"exdqlm_multivar_synth_keep","draw_113",1764,"2022-12-24","history","1.35313633400051"
"exdqlm_multivar_synth_keep","draw_113",1764,"2022-12-25","history","1.35213529412829"
"exdqlm_multivar_synth_keep","draw_114",1780,"2022-12-07","history","1.40193027619700"
"exdqlm_multivar_synth_keep","draw_114",1780,"2022-12-08","history","1.29022262481039"
"exdqlm_multivar_synth_keep","draw_114",1780,"2022-12-09","history","1.44994770341138"
"exdqlm_multivar_synth_keep","draw_114",1780,"2022-12-10","history","1.67464743896031"
"exdqlm_multivar_synth_keep","draw_114",1780,"2022-12-11","history","4.01375141619402"
"exdqlm_multivar_synth_keep","draw_114",1780,"2022-12-12","history","3.34973881244838"
"exdqlm_multivar_synth_keep","draw_114",1780,"2022-12-13","history","2.48927806099271"
"exdqlm_multivar_synth_keep","draw_114",1780,"2022-12-14","history","1.90485398266440"
"exdqlm_multivar_synth_keep","draw_114",1780,"2022-12-15","history","1.69243416713290"
"exdqlm_multivar_synth_keep","draw_114",1780,"2022-12-16","history","1.63007995969715"
"exdqlm_multivar_synth_keep","draw_114",1780,"2022-12-17","history","1.58960417870517"
"exdqlm_multivar_synth_keep","draw_114",1780,"2022-12-18","history","1.56531126731640"
"exdqlm_multivar_synth_keep","draw_114",1780,"2022-12-19","history","1.53034821592670"
"exdqlm_multivar_synth_keep","draw_114",1780,"2022-12-20","history","1.49260421681517"
"exdqlm_multivar_synth_keep","draw_114",1780,"2022-12-21","history","1.45545519732337"
"exdqlm_multivar_synth_keep","draw_114",1780,"2022-12-22","history","1.43700417079073"
"exdqlm_multivar_synth_keep","draw_114",1780,"2022-12-23","history","1.41064022018907"
"exdqlm_multivar_synth_keep","draw_114",1780,"2022-12-24","history","1.36337770508901"
"exdqlm_multivar_synth_keep","draw_114",1780,"2022-12-25","history","1.36195633851563"
"exdqlm_multivar_synth_keep","draw_115",1795,"2022-12-07","history","1.40931211530505"
"exdqlm_multivar_synth_keep","draw_115",1795,"2022-12-08","history","1.29700638312183"
"exdqlm_multivar_synth_keep","draw_115",1795,"2022-12-09","history","1.46253168186469"
"exdqlm_multivar_synth_keep","draw_115",1795,"2022-12-10","history","1.69026633354126"
"exdqlm_multivar_synth_keep","draw_115",1795,"2022-12-11","history","4.05705785565628"
"exdqlm_multivar_synth_keep","draw_115",1795,"2022-12-12","history","3.37739377193906"
"exdqlm_multivar_synth_keep","draw_115",1795,"2022-12-13","history","2.50428838744662"
"exdqlm_multivar_synth_keep","draw_115",1795,"2022-12-14","history","1.91870884464436"
"exdqlm_multivar_synth_keep","draw_115",1795,"2022-12-15","history","1.70071297146812"
"exdqlm_multivar_synth_keep","draw_115",1795,"2022-12-16","history","1.64292446478462"
"exdqlm_multivar_synth_keep","draw_115",1795,"2022-12-17","history","1.59774636000087"
"exdqlm_multivar_synth_keep","draw_115",1795,"2022-12-18","history","1.57303002122752"
"exdqlm_multivar_synth_keep","draw_115",1795,"2022-12-19","history","1.53777488703187"
"exdqlm_multivar_synth_keep","draw_115",1795,"2022-12-20","history","1.50168921454473"
"exdqlm_multivar_synth_keep","draw_115",1795,"2022-12-21","history","1.46456042634193"
"exdqlm_multivar_synth_keep","draw_115",1795,"2022-12-22","history","1.44665478724374"
"exdqlm_multivar_synth_keep","draw_115",1795,"2022-12-23","history","1.42121331949783"
"exdqlm_multivar_synth_keep","draw_115",1795,"2022-12-24","history","1.37365730961095"
"exdqlm_multivar_synth_keep","draw_115",1795,"2022-12-25","history","1.37345570678003"
"exdqlm_multivar_synth_keep","draw_116",1811,"2022-12-07","history","1.42220294416330"
"exdqlm_multivar_synth_keep","draw_116",1811,"2022-12-08","history","1.30542160425011"
"exdqlm_multivar_synth_keep","draw_116",1811,"2022-12-09","history","1.47578525350322"
"exdqlm_multivar_synth_keep","draw_116",1811,"2022-12-10","history","1.71105768991611"
"exdqlm_multivar_synth_keep","draw_116",1811,"2022-12-11","history","4.07660251046704"
"exdqlm_multivar_synth_keep","draw_116",1811,"2022-12-12","history","3.40754258560841"
"exdqlm_multivar_synth_keep","draw_116",1811,"2022-12-13","history","2.51905293547729"
"exdqlm_multivar_synth_keep","draw_116",1811,"2022-12-14","history","1.93252768270022"
"exdqlm_multivar_synth_keep","draw_116",1811,"2022-12-15","history","1.70801543876033"
"exdqlm_multivar_synth_keep","draw_116",1811,"2022-12-16","history","1.65520564997908"
"exdqlm_multivar_synth_keep","draw_116",1811,"2022-12-17","history","1.61074164848908"
"exdqlm_multivar_synth_keep","draw_116",1811,"2022-12-18","history","1.58084171426712"
"exdqlm_multivar_synth_keep","draw_116",1811,"2022-12-19","history","1.54689245852012"
"exdqlm_multivar_synth_keep","draw_116",1811,"2022-12-20","history","1.51568321921349"
"exdqlm_multivar_synth_keep","draw_116",1811,"2022-12-21","history","1.47873649912827"
"exdqlm_multivar_synth_keep","draw_116",1811,"2022-12-22","history","1.45611699229301"
"exdqlm_multivar_synth_keep","draw_116",1811,"2022-12-23","history","1.43446669631750"
"exdqlm_multivar_synth_keep","draw_116",1811,"2022-12-24","history","1.38595460181118"
"exdqlm_multivar_synth_keep","draw_116",1811,"2022-12-25","history","1.38097855592892"
"exdqlm_multivar_synth_keep","draw_117",1827,"2022-12-07","history","1.44055666623914"
"exdqlm_multivar_synth_keep","draw_117",1827,"2022-12-08","history","1.31380513006583"
"exdqlm_multivar_synth_keep","draw_117",1827,"2022-12-09","history","1.48965715314249"
"exdqlm_multivar_synth_keep","draw_117",1827,"2022-12-10","history","1.72489556828726"
"exdqlm_multivar_synth_keep","draw_117",1827,"2022-12-11","history","4.12569728807502"
"exdqlm_multivar_synth_keep","draw_117",1827,"2022-12-12","history","3.43817546157043"
"exdqlm_multivar_synth_keep","draw_117",1827,"2022-12-13","history","2.52923267117940"
"exdqlm_multivar_synth_keep","draw_117",1827,"2022-12-14","history","1.94190122275716"
"exdqlm_multivar_synth_keep","draw_117",1827,"2022-12-15","history","1.71980768506100"
"exdqlm_multivar_synth_keep","draw_117",1827,"2022-12-16","history","1.66941282109649"
"exdqlm_multivar_synth_keep","draw_117",1827,"2022-12-17","history","1.62364901258265"
"exdqlm_multivar_synth_keep","draw_117",1827,"2022-12-18","history","1.59135260027582"
"exdqlm_multivar_synth_keep","draw_117",1827,"2022-12-19","history","1.55382152864800"
"exdqlm_multivar_synth_keep","draw_117",1827,"2022-12-20","history","1.52187655549131"
"exdqlm_multivar_synth_keep","draw_117",1827,"2022-12-21","history","1.48455754948053"
"exdqlm_multivar_synth_keep","draw_117",1827,"2022-12-22","history","1.46232372810563"
"exdqlm_multivar_synth_keep","draw_117",1827,"2022-12-23","history","1.44261666172527"
"exdqlm_multivar_synth_keep","draw_117",1827,"2022-12-24","history","1.39678651384189"
"exdqlm_multivar_synth_keep","draw_117",1827,"2022-12-25","history","1.38979229206839"
"exdqlm_multivar_synth_keep","draw_118",1843,"2022-12-07","history","1.45577941936005"
"exdqlm_multivar_synth_keep","draw_118",1843,"2022-12-08","history","1.32208331434959"
"exdqlm_multivar_synth_keep","draw_118",1843,"2022-12-09","history","1.50014613840664"
"exdqlm_multivar_synth_keep","draw_118",1843,"2022-12-10","history","1.73805808950064"
"exdqlm_multivar_synth_keep","draw_118",1843,"2022-12-11","history","4.14488875509808"
"exdqlm_multivar_synth_keep","draw_118",1843,"2022-12-12","history","3.47197068998927"
"exdqlm_multivar_synth_keep","draw_118",1843,"2022-12-13","history","2.54057380541169"
"exdqlm_multivar_synth_keep","draw_118",1843,"2022-12-14","history","1.95809488969813"
"exdqlm_multivar_synth_keep","draw_118",1843,"2022-12-15","history","1.73136909272543"
"exdqlm_multivar_synth_keep","draw_118",1843,"2022-12-16","history","1.68145159876694"
"exdqlm_multivar_synth_keep","draw_118",1843,"2022-12-17","history","1.63418075795322"
"exdqlm_multivar_synth_keep","draw_118",1843,"2022-12-18","history","1.60074367806416"
"exdqlm_multivar_synth_keep","draw_118",1843,"2022-12-19","history","1.56341262410350"
"exdqlm_multivar_synth_keep","draw_118",1843,"2022-12-20","history","1.53154143038778"
"exdqlm_multivar_synth_keep","draw_118",1843,"2022-12-21","history","1.49775341313742"
"exdqlm_multivar_synth_keep","draw_118",1843,"2022-12-22","history","1.46963069209332"
"exdqlm_multivar_synth_keep","draw_118",1843,"2022-12-23","history","1.45684404236312"
"exdqlm_multivar_synth_keep","draw_118",1843,"2022-12-24","history","1.41614233000457"
"exdqlm_multivar_synth_keep","draw_118",1843,"2022-12-25","history","1.39596052761113"
"exdqlm_multivar_synth_keep","draw_119",1858,"2022-12-07","history","1.46895134269458"
"exdqlm_multivar_synth_keep","draw_119",1858,"2022-12-08","history","1.33411316397413"
"exdqlm_multivar_synth_keep","draw_119",1858,"2022-12-09","history","1.51333821560137"
"exdqlm_multivar_synth_keep","draw_119",1858,"2022-12-10","history","1.75165809115990"
"exdqlm_multivar_synth_keep","draw_119",1858,"2022-12-11","history","4.17987312550558"
"exdqlm_multivar_synth_keep","draw_119",1858,"2022-12-12","history","3.48960097078098"
"exdqlm_multivar_synth_keep","draw_119",1858,"2022-12-13","history","2.55629521274467"
"exdqlm_multivar_synth_keep","draw_119",1858,"2022-12-14","history","1.97537193041903"
"exdqlm_multivar_synth_keep","draw_119",1858,"2022-12-15","history","1.74077220478486"
"exdqlm_multivar_synth_keep","draw_119",1858,"2022-12-16","history","1.68937609546419"
"exdqlm_multivar_synth_keep","draw_119",1858,"2022-12-17","history","1.64419709756038"
"exdqlm_multivar_synth_keep","draw_119",1858,"2022-12-18","history","1.61075310865311"
"exdqlm_multivar_synth_keep","draw_119",1858,"2022-12-19","history","1.56694285663954"
"exdqlm_multivar_synth_keep","draw_119",1858,"2022-12-20","history","1.53951265903520"
"exdqlm_multivar_synth_keep","draw_119",1858,"2022-12-21","history","1.50755983551505"
"exdqlm_multivar_synth_keep","draw_119",1858,"2022-12-22","history","1.48064688661122"
"exdqlm_multivar_synth_keep","draw_119",1858,"2022-12-23","history","1.46330797784484"
"exdqlm_multivar_synth_keep","draw_119",1858,"2022-12-24","history","1.42720168398755"
"exdqlm_multivar_synth_keep","draw_119",1858,"2022-12-25","history","1.40259612950425"
"exdqlm_multivar_synth_keep","draw_120",1874,"2022-12-07","history","1.47811746596922"
"exdqlm_multivar_synth_keep","draw_120",1874,"2022-12-08","history","1.34247778383743"
"exdqlm_multivar_synth_keep","draw_120",1874,"2022-12-09","history","1.52918996231095"
"exdqlm_multivar_synth_keep","draw_120",1874,"2022-12-10","history","1.77315262068417"
"exdqlm_multivar_synth_keep","draw_120",1874,"2022-12-11","history","4.21482828144097"
"exdqlm_multivar_synth_keep","draw_120",1874,"2022-12-12","history","3.51136468904485"
"exdqlm_multivar_synth_keep","draw_120",1874,"2022-12-13","history","2.57571852707437"
"exdqlm_multivar_synth_keep","draw_120",1874,"2022-12-14","history","1.99080593568847"
"exdqlm_multivar_synth_keep","draw_120",1874,"2022-12-15","history","1.75563067421662"
"exdqlm_multivar_synth_keep","draw_120",1874,"2022-12-16","history","1.69807649373373"
"exdqlm_multivar_synth_keep","draw_120",1874,"2022-12-17","history","1.65818111916938"
"exdqlm_multivar_synth_keep","draw_120",1874,"2022-12-18","history","1.62375804817336"
"exdqlm_multivar_synth_keep","draw_120",1874,"2022-12-19","history","1.57573129775932"
"exdqlm_multivar_synth_keep","draw_120",1874,"2022-12-20","history","1.55089561933022"
"exdqlm_multivar_synth_keep","draw_120",1874,"2022-12-21","history","1.52203595543484"
"exdqlm_multivar_synth_keep","draw_120",1874,"2022-12-22","history","1.49086839091162"
"exdqlm_multivar_synth_keep","draw_120",1874,"2022-12-23","history","1.47540334653154"
"exdqlm_multivar_synth_keep","draw_120",1874,"2022-12-24","history","1.43556394664847"
"exdqlm_multivar_synth_keep","draw_120",1874,"2022-12-25","history","1.41719132393479"
"exdqlm_multivar_synth_keep","draw_121",1890,"2022-12-07","history","1.49727873302551"
"exdqlm_multivar_synth_keep","draw_121",1890,"2022-12-08","history","1.35096419814739"
"exdqlm_multivar_synth_keep","draw_121",1890,"2022-12-09","history","1.54061391699141"
"exdqlm_multivar_synth_keep","draw_121",1890,"2022-12-10","history","1.78674469908161"
"exdqlm_multivar_synth_keep","draw_121",1890,"2022-12-11","history","4.26803328504594"
"exdqlm_multivar_synth_keep","draw_121",1890,"2022-12-12","history","3.52957282524324"
"exdqlm_multivar_synth_keep","draw_121",1890,"2022-12-13","history","2.59372148029240"
"exdqlm_multivar_synth_keep","draw_121",1890,"2022-12-14","history","2.01031386440846"
"exdqlm_multivar_synth_keep","draw_121",1890,"2022-12-15","history","1.75987917522636"
"exdqlm_multivar_synth_keep","draw_121",1890,"2022-12-16","history","1.71285176768552"
"exdqlm_multivar_synth_keep","draw_121",1890,"2022-12-17","history","1.67190460513487"
"exdqlm_multivar_synth_keep","draw_121",1890,"2022-12-18","history","1.63572955226429"
"exdqlm_multivar_synth_keep","draw_121",1890,"2022-12-19","history","1.58407944839552"
"exdqlm_multivar_synth_keep","draw_121",1890,"2022-12-20","history","1.56011283447667"
"exdqlm_multivar_synth_keep","draw_121",1890,"2022-12-21","history","1.53956077003385"
"exdqlm_multivar_synth_keep","draw_121",1890,"2022-12-22","history","1.50545740398748"
"exdqlm_multivar_synth_keep","draw_121",1890,"2022-12-23","history","1.48432546591934"
"exdqlm_multivar_synth_keep","draw_121",1890,"2022-12-24","history","1.45013278723894"
"exdqlm_multivar_synth_keep","draw_121",1890,"2022-12-25","history","1.42324370140094"
"exdqlm_multivar_synth_keep","draw_122",1906,"2022-12-07","history","1.51036502052998"
"exdqlm_multivar_synth_keep","draw_122",1906,"2022-12-08","history","1.35929612125703"
"exdqlm_multivar_synth_keep","draw_122",1906,"2022-12-09","history","1.54716957202413"
"exdqlm_multivar_synth_keep","draw_122",1906,"2022-12-10","history","1.79547951209171"
"exdqlm_multivar_synth_keep","draw_122",1906,"2022-12-11","history","4.29786669553333"
"exdqlm_multivar_synth_keep","draw_122",1906,"2022-12-12","history","3.54013341006029"
"exdqlm_multivar_synth_keep","draw_122",1906,"2022-12-13","history","2.60464116944024"
"exdqlm_multivar_synth_keep","draw_122",1906,"2022-12-14","history","2.02274860687002"
"exdqlm_multivar_synth_keep","draw_122",1906,"2022-12-15","history","1.77207307108449"
"exdqlm_multivar_synth_keep","draw_122",1906,"2022-12-16","history","1.73165552707908"
"exdqlm_multivar_synth_keep","draw_122",1906,"2022-12-17","history","1.68762757512826"
"exdqlm_multivar_synth_keep","draw_122",1906,"2022-12-18","history","1.65220768296929"
"exdqlm_multivar_synth_keep","draw_122",1906,"2022-12-19","history","1.59485935217013"
"exdqlm_multivar_synth_keep","draw_122",1906,"2022-12-20","history","1.57365097678668"
"exdqlm_multivar_synth_keep","draw_122",1906,"2022-12-21","history","1.55156004516426"
"exdqlm_multivar_synth_keep","draw_122",1906,"2022-12-22","history","1.51372816162254"
"exdqlm_multivar_synth_keep","draw_122",1906,"2022-12-23","history","1.49095555126277"
"exdqlm_multivar_synth_keep","draw_122",1906,"2022-12-24","history","1.46385885700222"
"exdqlm_multivar_synth_keep","draw_122",1906,"2022-12-25","history","1.42828708285987"
"exdqlm_multivar_synth_keep","draw_123",1921,"2022-12-07","history","1.52095351822817"
"exdqlm_multivar_synth_keep","draw_123",1921,"2022-12-08","history","1.36891866545109"
"exdqlm_multivar_synth_keep","draw_123",1921,"2022-12-09","history","1.55861775982744"
"exdqlm_multivar_synth_keep","draw_123",1921,"2022-12-10","history","1.80431699955549"
"exdqlm_multivar_synth_keep","draw_123",1921,"2022-12-11","history","4.31267318796895"
"exdqlm_multivar_synth_keep","draw_123",1921,"2022-12-12","history","3.54645554070639"
"exdqlm_multivar_synth_keep","draw_123",1921,"2022-12-13","history","2.62207102089804"
"exdqlm_multivar_synth_keep","draw_123",1921,"2022-12-14","history","2.04619199377269"
"exdqlm_multivar_synth_keep","draw_123",1921,"2022-12-15","history","1.78344391521574"
"exdqlm_multivar_synth_keep","draw_123",1921,"2022-12-16","history","1.74148219345653"
"exdqlm_multivar_synth_keep","draw_123",1921,"2022-12-17","history","1.69032901069357"
"exdqlm_multivar_synth_keep","draw_123",1921,"2022-12-18","history","1.66096362261099"
"exdqlm_multivar_synth_keep","draw_123",1921,"2022-12-19","history","1.59943188381611"
"exdqlm_multivar_synth_keep","draw_123",1921,"2022-12-20","history","1.57937321716662"
"exdqlm_multivar_synth_keep","draw_123",1921,"2022-12-21","history","1.55831930360719"
"exdqlm_multivar_synth_keep","draw_123",1921,"2022-12-22","history","1.52191316452300"
"exdqlm_multivar_synth_keep","draw_123",1921,"2022-12-23","history","1.49848299738076"
"exdqlm_multivar_synth_keep","draw_123",1921,"2022-12-24","history","1.47584494906093"
"exdqlm_multivar_synth_keep","draw_123",1921,"2022-12-25","history","1.43700843808181"
"exdqlm_multivar_synth_keep","draw_124",1937,"2022-12-07","history","1.52865479521217"
"exdqlm_multivar_synth_keep","draw_124",1937,"2022-12-08","history","1.37780775203039"
"exdqlm_multivar_synth_keep","draw_124",1937,"2022-12-09","history","1.57826910639859"
"exdqlm_multivar_synth_keep","draw_124",1937,"2022-12-10","history","1.82269868736599"
"exdqlm_multivar_synth_keep","draw_124",1937,"2022-12-11","history","4.32699743946895"
"exdqlm_multivar_synth_keep","draw_124",1937,"2022-12-12","history","3.55053332815187"
"exdqlm_multivar_synth_keep","draw_124",1937,"2022-12-13","history","2.64693779825850"
"exdqlm_multivar_synth_keep","draw_124",1937,"2022-12-14","history","2.05748988640272"
"exdqlm_multivar_synth_keep","draw_124",1937,"2022-12-15","history","1.79930552559483"
"exdqlm_multivar_synth_keep","draw_124",1937,"2022-12-16","history","1.75264790260221"
"exdqlm_multivar_synth_keep","draw_124",1937,"2022-12-17","history","1.70465294909365"
"exdqlm_multivar_synth_keep","draw_124",1937,"2022-12-18","history","1.67208508546983"
"exdqlm_multivar_synth_keep","draw_124",1937,"2022-12-19","history","1.62022989810074"
"exdqlm_multivar_synth_keep","draw_124",1937,"2022-12-20","history","1.59301646055721"
"exdqlm_multivar_synth_keep","draw_124",1937,"2022-12-21","history","1.57509273653599"
"exdqlm_multivar_synth_keep","draw_124",1937,"2022-12-22","history","1.53750080694544"
"exdqlm_multivar_synth_keep","draw_124",1937,"2022-12-23","history","1.51554438808428"
"exdqlm_multivar_synth_keep","draw_124",1937,"2022-12-24","history","1.48380949714470"
"exdqlm_multivar_synth_keep","draw_124",1937,"2022-12-25","history","1.45295678649553"
"exdqlm_multivar_synth_keep","draw_125",1953,"2022-12-07","history","1.54185250703115"
"exdqlm_multivar_synth_keep","draw_125",1953,"2022-12-08","history","1.39281498611708"
"exdqlm_multivar_synth_keep","draw_125",1953,"2022-12-09","history","1.59026798293604"
"exdqlm_multivar_synth_keep","draw_125",1953,"2022-12-10","history","1.84708204009921"
"exdqlm_multivar_synth_keep","draw_125",1953,"2022-12-11","history","4.34520513462122"
"exdqlm_multivar_synth_keep","draw_125",1953,"2022-12-12","history","3.57688183591100"
"exdqlm_multivar_synth_keep","draw_125",1953,"2022-12-13","history","2.66796720287029"
"exdqlm_multivar_synth_keep","draw_125",1953,"2022-12-14","history","2.08481829039955"
"exdqlm_multivar_synth_keep","draw_125",1953,"2022-12-15","history","1.82024776956721"
"exdqlm_multivar_synth_keep","draw_125",1953,"2022-12-16","history","1.76003229673237"
"exdqlm_multivar_synth_keep","draw_125",1953,"2022-12-17","history","1.71863540199404"
"exdqlm_multivar_synth_keep","draw_125",1953,"2022-12-18","history","1.68341078302108"
"exdqlm_multivar_synth_keep","draw_125",1953,"2022-12-19","history","1.64367619908820"
"exdqlm_multivar_synth_keep","draw_125",1953,"2022-12-20","history","1.60690044614687"
"exdqlm_multivar_synth_keep","draw_125",1953,"2022-12-21","history","1.59259573010465"
"exdqlm_multivar_synth_keep","draw_125",1953,"2022-12-22","history","1.55498189486515"
"exdqlm_multivar_synth_keep","draw_125",1953,"2022-12-23","history","1.53270061079628"
"exdqlm_multivar_synth_keep","draw_125",1953,"2022-12-24","history","1.49788830048616"
"exdqlm_multivar_synth_keep","draw_125",1953,"2022-12-25","history","1.46166076640003"
"exdqlm_multivar_synth_keep","draw_126",1969,"2022-12-07","history","1.56226993640549"
"exdqlm_multivar_synth_keep","draw_126",1969,"2022-12-08","history","1.40445657827482"
"exdqlm_multivar_synth_keep","draw_126",1969,"2022-12-09","history","1.61709753860085"
"exdqlm_multivar_synth_keep","draw_126",1969,"2022-12-10","history","1.86878086629054"
"exdqlm_multivar_synth_keep","draw_126",1969,"2022-12-11","history","4.37166180737836"
"exdqlm_multivar_synth_keep","draw_126",1969,"2022-12-12","history","3.60901428212580"
"exdqlm_multivar_synth_keep","draw_126",1969,"2022-12-13","history","2.69107874547153"
"exdqlm_multivar_synth_keep","draw_126",1969,"2022-12-14","history","2.10119785271471"
"exdqlm_multivar_synth_keep","draw_126",1969,"2022-12-15","history","1.83481622786848"
"exdqlm_multivar_synth_keep","draw_126",1969,"2022-12-16","history","1.78142528625455"
"exdqlm_multivar_synth_keep","draw_126",1969,"2022-12-17","history","1.73592077698944"
"exdqlm_multivar_synth_keep","draw_126",1969,"2022-12-18","history","1.70432209360296"
"exdqlm_multivar_synth_keep","draw_126",1969,"2022-12-19","history","1.66148048373906"
"exdqlm_multivar_synth_keep","draw_126",1969,"2022-12-20","history","1.62019820514542"
"exdqlm_multivar_synth_keep","draw_126",1969,"2022-12-21","history","1.63194557248368"
"exdqlm_multivar_synth_keep","draw_126",1969,"2022-12-22","history","1.58873002868966"
"exdqlm_multivar_synth_keep","draw_126",1969,"2022-12-23","history","1.55699192581645"
"exdqlm_multivar_synth_keep","draw_126",1969,"2022-12-24","history","1.51665946120734"
"exdqlm_multivar_synth_keep","draw_126",1969,"2022-12-25","history","1.49283695172003"
"exdqlm_multivar_synth_keep","draw_127",1984,"2022-12-07","history","1.61597927368097"
"exdqlm_multivar_synth_keep","draw_127",1984,"2022-12-08","history","1.46787870702902"
"exdqlm_multivar_synth_keep","draw_127",1984,"2022-12-09","history","1.68271381869531"
"exdqlm_multivar_synth_keep","draw_127",1984,"2022-12-10","history","1.89759609795821"
"exdqlm_multivar_synth_keep","draw_127",1984,"2022-12-11","history","4.42001101294916"
"exdqlm_multivar_synth_keep","draw_127",1984,"2022-12-12","history","3.63914486756455"
"exdqlm_multivar_synth_keep","draw_127",1984,"2022-12-13","history","2.70765211633668"
"exdqlm_multivar_synth_keep","draw_127",1984,"2022-12-14","history","2.12219906647489"
"exdqlm_multivar_synth_keep","draw_127",1984,"2022-12-15","history","1.89220073190697"
"exdqlm_multivar_synth_keep","draw_127",1984,"2022-12-16","history","1.82041128350094"
"exdqlm_multivar_synth_keep","draw_127",1984,"2022-12-17","history","1.77161145065981"
"exdqlm_multivar_synth_keep","draw_127",1984,"2022-12-18","history","1.73505843170549"
"exdqlm_multivar_synth_keep","draw_127",1984,"2022-12-19","history","1.67899189613483"
"exdqlm_multivar_synth_keep","draw_127",1984,"2022-12-20","history","1.66986678613994"
"exdqlm_multivar_synth_keep","draw_127",1984,"2022-12-21","history","1.66707142042812"
"exdqlm_multivar_synth_keep","draw_127",1984,"2022-12-22","history","1.61719621883117"
"exdqlm_multivar_synth_keep","draw_127",1984,"2022-12-23","history","1.57726251505900"
"exdqlm_multivar_synth_keep","draw_127",1984,"2022-12-24","history","1.54411938817120"
"exdqlm_multivar_synth_keep","draw_127",1984,"2022-12-25","history","1.52515126896547"
"exdqlm_multivar_synth_keep","draw_128",2000,"2022-12-07","history","1.70574056786787"
"exdqlm_multivar_synth_keep","draw_128",2000,"2022-12-08","history","1.63674564665197"
"exdqlm_multivar_synth_keep","draw_128",2000,"2022-12-09","history","1.78403388457674"
"exdqlm_multivar_synth_keep","draw_128",2000,"2022-12-10","history","2.02108562485085"
"exdqlm_multivar_synth_keep","draw_128",2000,"2022-12-11","history","4.57195460455776"
"exdqlm_multivar_synth_keep","draw_128",2000,"2022-12-12","history","3.74147232609946"
"exdqlm_multivar_synth_keep","draw_128",2000,"2022-12-13","history","2.82970468696785"
"exdqlm_multivar_synth_keep","draw_128",2000,"2022-12-14","history","2.24936407835382"
"exdqlm_multivar_synth_keep","draw_128",2000,"2022-12-15","history","2.13407131770046"
"exdqlm_multivar_synth_keep","draw_128",2000,"2022-12-16","history","1.95205927106190"
"exdqlm_multivar_synth_keep","draw_128",2000,"2022-12-17","history","1.89530715673691"
"exdqlm_multivar_synth_keep","draw_128",2000,"2022-12-18","history","1.85967058540516"
"exdqlm_multivar_synth_keep","draw_128",2000,"2022-12-19","history","1.81573999928959"
"exdqlm_multivar_synth_keep","draw_128",2000,"2022-12-20","history","1.75718351779792"
"exdqlm_multivar_synth_keep","draw_128",2000,"2022-12-21","history","1.76955748736750"
"exdqlm_multivar_synth_keep","draw_128",2000,"2022-12-22","history","1.69916110465200"
"exdqlm_multivar_synth_keep","draw_128",2000,"2022-12-23","history","1.71163119004866"
"exdqlm_multivar_synth_keep","draw_128",2000,"2022-12-24","history","1.62371691697469"
"exdqlm_multivar_synth_keep","draw_128",2000,"2022-12-25","history","1.65876114862938"
"exdqlm_multivar_synth_keep","draw_001",1,"2022-12-26","forecast","0"
"exdqlm_multivar_synth_keep","draw_001",1,"2022-12-27","forecast","0"
"exdqlm_multivar_synth_keep","draw_001",1,"2022-12-28","forecast","0"
"exdqlm_multivar_synth_keep","draw_001",1,"2022-12-29","forecast","0"
"exdqlm_multivar_synth_keep","draw_001",1,"2022-12-30","forecast","0"
"exdqlm_multivar_synth_keep","draw_001",1,"2022-12-31","forecast","0"
"exdqlm_multivar_synth_keep","draw_001",1,"2023-01-01","forecast","0"
"exdqlm_multivar_synth_keep","draw_001",1,"2023-01-02","forecast","0"
"exdqlm_multivar_synth_keep","draw_001",1,"2023-01-03","forecast","0"
"exdqlm_multivar_synth_keep","draw_001",1,"2023-01-04","forecast","0"
"exdqlm_multivar_synth_keep","draw_001",1,"2023-01-05","forecast","0"
"exdqlm_multivar_synth_keep","draw_001",1,"2023-01-06","forecast","0"
"exdqlm_multivar_synth_keep","draw_001",1,"2023-01-07","forecast","0"
"exdqlm_multivar_synth_keep","draw_001",1,"2023-01-08","forecast","1.18949500542455"
"exdqlm_multivar_synth_keep","draw_001",1,"2023-01-09","forecast","0"
"exdqlm_multivar_synth_keep","draw_001",1,"2023-01-10","forecast","0"
"exdqlm_multivar_synth_keep","draw_001",1,"2023-01-11","forecast","0"
"exdqlm_multivar_synth_keep","draw_001",1,"2023-01-12","forecast","0"
"exdqlm_multivar_synth_keep","draw_001",1,"2023-01-13","forecast","0"
"exdqlm_multivar_synth_keep","draw_001",1,"2023-01-14","forecast","0"
"exdqlm_multivar_synth_keep","draw_001",1,"2023-01-15","forecast","0"
"exdqlm_multivar_synth_keep","draw_001",1,"2023-01-16","forecast","0.154564178166149"
"exdqlm_multivar_synth_keep","draw_001",1,"2023-01-17","forecast","0"
"exdqlm_multivar_synth_keep","draw_001",1,"2023-01-18","forecast","0"
"exdqlm_multivar_synth_keep","draw_001",1,"2023-01-19","forecast","0"
"exdqlm_multivar_synth_keep","draw_001",1,"2023-01-20","forecast","0"
"exdqlm_multivar_synth_keep","draw_001",1,"2023-01-21","forecast","0"
"exdqlm_multivar_synth_keep","draw_001",1,"2023-01-22","forecast","0"
"exdqlm_multivar_synth_keep","draw_002",17,"2022-12-26","forecast","0.824468402032601"
"exdqlm_multivar_synth_keep","draw_002",17,"2022-12-27","forecast","1.51752809823380"
"exdqlm_multivar_synth_keep","draw_002",17,"2022-12-28","forecast","2.22556602508042"
"exdqlm_multivar_synth_keep","draw_002",17,"2022-12-29","forecast","2.32745023794275"
"exdqlm_multivar_synth_keep","draw_002",17,"2022-12-30","forecast","2.45481979925905"
"exdqlm_multivar_synth_keep","draw_002",17,"2022-12-31","forecast","2.81909284208612"
"exdqlm_multivar_synth_keep","draw_002",17,"2023-01-01","forecast","3.01650140077383"
"exdqlm_multivar_synth_keep","draw_002",17,"2023-01-02","forecast","2.92501801579446"
"exdqlm_multivar_synth_keep","draw_002",17,"2023-01-03","forecast","2.94348042554871"
"exdqlm_multivar_synth_keep","draw_002",17,"2023-01-04","forecast","2.96208163482330"
"exdqlm_multivar_synth_keep","draw_002",17,"2023-01-05","forecast","3.06913845951075"
"exdqlm_multivar_synth_keep","draw_002",17,"2023-01-06","forecast","3.12830959609108"
"exdqlm_multivar_synth_keep","draw_002",17,"2023-01-07","forecast","3.10183443281573"
"exdqlm_multivar_synth_keep","draw_002",17,"2023-01-08","forecast","3.02824265890756"
"exdqlm_multivar_synth_keep","draw_002",17,"2023-01-09","forecast","3.03287944662077"
"exdqlm_multivar_synth_keep","draw_002",17,"2023-01-10","forecast","2.94230048251571"
"exdqlm_multivar_synth_keep","draw_002",17,"2023-01-11","forecast","2.88011373020055"
"exdqlm_multivar_synth_keep","draw_002",17,"2023-01-12","forecast","2.86035140915724"
"exdqlm_multivar_synth_keep","draw_002",17,"2023-01-13","forecast","2.76567893310683"
"exdqlm_multivar_synth_keep","draw_002",17,"2023-01-14","forecast","2.73313612932925"
"exdqlm_multivar_synth_keep","draw_002",17,"2023-01-15","forecast","2.70570386458861"
"exdqlm_multivar_synth_keep","draw_002",17,"2023-01-16","forecast","2.65523767453174"
"exdqlm_multivar_synth_keep","draw_002",17,"2023-01-17","forecast","2.52047552455570"
"exdqlm_multivar_synth_keep","draw_002",17,"2023-01-18","forecast","2.43764864274898"
"exdqlm_multivar_synth_keep","draw_002",17,"2023-01-19","forecast","2.36173553736002"
"exdqlm_multivar_synth_keep","draw_002",17,"2023-01-20","forecast","2.39424771028358"
"exdqlm_multivar_synth_keep","draw_002",17,"2023-01-21","forecast","2.34385398392751"
"exdqlm_multivar_synth_keep","draw_002",17,"2023-01-22","forecast","2.30025711852561"
"exdqlm_multivar_synth_keep","draw_003",32,"2022-12-26","forecast","0.843886502297056"
"exdqlm_multivar_synth_keep","draw_003",32,"2022-12-27","forecast","1.55624547454246"
"exdqlm_multivar_synth_keep","draw_003",32,"2022-12-28","forecast","2.24972419872653"
"exdqlm_multivar_synth_keep","draw_003",32,"2022-12-29","forecast","2.34701318124806"
"exdqlm_multivar_synth_keep","draw_003",32,"2022-12-30","forecast","2.47139504262316"
"exdqlm_multivar_synth_keep","draw_003",32,"2022-12-31","forecast","2.85696859654326"
"exdqlm_multivar_synth_keep","draw_003",32,"2023-01-01","forecast","3.03851933122338"
"exdqlm_multivar_synth_keep","draw_003",32,"2023-01-02","forecast","2.93510120405239"
"exdqlm_multivar_synth_keep","draw_003",32,"2023-01-03","forecast","2.95698421146146"
"exdqlm_multivar_synth_keep","draw_003",32,"2023-01-04","forecast","3.00353281613165"
"exdqlm_multivar_synth_keep","draw_003",32,"2023-01-05","forecast","3.10775035353181"
"exdqlm_multivar_synth_keep","draw_003",32,"2023-01-06","forecast","3.14216627698054"
"exdqlm_multivar_synth_keep","draw_003",32,"2023-01-07","forecast","3.12786526026809"
"exdqlm_multivar_synth_keep","draw_003",32,"2023-01-08","forecast","3.04784399976515"
"exdqlm_multivar_synth_keep","draw_003",32,"2023-01-09","forecast","3.05996726324762"
"exdqlm_multivar_synth_keep","draw_003",32,"2023-01-10","forecast","2.96613287725690"
"exdqlm_multivar_synth_keep","draw_003",32,"2023-01-11","forecast","2.89765793989526"
"exdqlm_multivar_synth_keep","draw_003",32,"2023-01-12","forecast","2.87731272663855"
"exdqlm_multivar_synth_keep","draw_003",32,"2023-01-13","forecast","2.79861063418250"
"exdqlm_multivar_synth_keep","draw_003",32,"2023-01-14","forecast","2.75919843861610"
"exdqlm_multivar_synth_keep","draw_003",32,"2023-01-15","forecast","2.72407988147350"
"exdqlm_multivar_synth_keep","draw_003",32,"2023-01-16","forecast","2.67094847396880"
"exdqlm_multivar_synth_keep","draw_003",32,"2023-01-17","forecast","2.53968020996927"
"exdqlm_multivar_synth_keep","draw_003",32,"2023-01-18","forecast","2.45109468835659"
"exdqlm_multivar_synth_keep","draw_003",32,"2023-01-19","forecast","2.40300636844222"
"exdqlm_multivar_synth_keep","draw_003",32,"2023-01-20","forecast","2.41093093469935"
"exdqlm_multivar_synth_keep","draw_003",32,"2023-01-21","forecast","2.36947875706024"
"exdqlm_multivar_synth_keep","draw_003",32,"2023-01-22","forecast","2.31739179551236"
"exdqlm_multivar_synth_keep","draw_004",48,"2022-12-26","forecast","0.853644661087727"
"exdqlm_multivar_synth_keep","draw_004",48,"2022-12-27","forecast","1.57317132760849"
"exdqlm_multivar_synth_keep","draw_004",48,"2022-12-28","forecast","2.26714530748966"
"exdqlm_multivar_synth_keep","draw_004",48,"2022-12-29","forecast","2.36345532449072"
"exdqlm_multivar_synth_keep","draw_004",48,"2022-12-30","forecast","2.48205122825587"
"exdqlm_multivar_synth_keep","draw_004",48,"2022-12-31","forecast","2.86524152953821"
"exdqlm_multivar_synth_keep","draw_004",48,"2023-01-01","forecast","3.04475529486492"
"exdqlm_multivar_synth_keep","draw_004",48,"2023-01-02","forecast","2.95047370380826"
"exdqlm_multivar_synth_keep","draw_004",48,"2023-01-03","forecast","2.97679458116072"
"exdqlm_multivar_synth_keep","draw_004",48,"2023-01-04","forecast","3.02518448489482"
"exdqlm_multivar_synth_keep","draw_004",48,"2023-01-05","forecast","3.12032766328495"
"exdqlm_multivar_synth_keep","draw_004",48,"2023-01-06","forecast","3.16059774342870"
"exdqlm_multivar_synth_keep","draw_004",48,"2023-01-07","forecast","3.13615028557486"
"exdqlm_multivar_synth_keep","draw_004",48,"2023-01-08","forecast","3.06109049672331"
"exdqlm_multivar_synth_keep","draw_004",48,"2023-01-09","forecast","3.07876666668832"
"exdqlm_multivar_synth_keep","draw_004",48,"2023-01-10","forecast","2.97695821928623"
"exdqlm_multivar_synth_keep","draw_004",48,"2023-01-11","forecast","2.90944949485427"
"exdqlm_multivar_synth_keep","draw_004",48,"2023-01-12","forecast","2.89061940651811"
"exdqlm_multivar_synth_keep","draw_004",48,"2023-01-13","forecast","2.80736106560458"
"exdqlm_multivar_synth_keep","draw_004",48,"2023-01-14","forecast","2.77158848243843"
"exdqlm_multivar_synth_keep","draw_004",48,"2023-01-15","forecast","2.73388460698829"
"exdqlm_multivar_synth_keep","draw_004",48,"2023-01-16","forecast","2.68418360812556"
"exdqlm_multivar_synth_keep","draw_004",48,"2023-01-17","forecast","2.55632664389888"
"exdqlm_multivar_synth_keep","draw_004",48,"2023-01-18","forecast","2.47133251184520"
"exdqlm_multivar_synth_keep","draw_004",48,"2023-01-19","forecast","2.41687169441308"
"exdqlm_multivar_synth_keep","draw_004",48,"2023-01-20","forecast","2.41717126375841"
"exdqlm_multivar_synth_keep","draw_004",48,"2023-01-21","forecast","2.37882499459263"
"exdqlm_multivar_synth_keep","draw_004",48,"2023-01-22","forecast","2.33045819931514"
"exdqlm_multivar_synth_keep","draw_005",64,"2022-12-26","forecast","0.867001927991617"
"exdqlm_multivar_synth_keep","draw_005",64,"2022-12-27","forecast","1.58239264200006"
"exdqlm_multivar_synth_keep","draw_005",64,"2022-12-28","forecast","2.27687167344152"
"exdqlm_multivar_synth_keep","draw_005",64,"2022-12-29","forecast","2.38337278977642"
"exdqlm_multivar_synth_keep","draw_005",64,"2022-12-30","forecast","2.49190949630346"
"exdqlm_multivar_synth_keep","draw_005",64,"2022-12-31","forecast","2.88023885292240"
"exdqlm_multivar_synth_keep","draw_005",64,"2023-01-01","forecast","3.05681246062908"
"exdqlm_multivar_synth_keep","draw_005",64,"2023-01-02","forecast","2.96113451743303"
"exdqlm_multivar_synth_keep","draw_005",64,"2023-01-03","forecast","2.98215489489179"
"exdqlm_multivar_synth_keep","draw_005",64,"2023-01-04","forecast","3.03664329540512"
"exdqlm_multivar_synth_keep","draw_005",64,"2023-01-05","forecast","3.13069232476753"
"exdqlm_multivar_synth_keep","draw_005",64,"2023-01-06","forecast","3.17639583946446"
"exdqlm_multivar_synth_keep","draw_005",64,"2023-01-07","forecast","3.14296551588147"
"exdqlm_multivar_synth_keep","draw_005",64,"2023-01-08","forecast","3.06485593456974"
"exdqlm_multivar_synth_keep","draw_005",64,"2023-01-09","forecast","3.08831581743870"
"exdqlm_multivar_synth_keep","draw_005",64,"2023-01-10","forecast","2.98877411648273"
"exdqlm_multivar_synth_keep","draw_005",64,"2023-01-11","forecast","2.91922090839076"
"exdqlm_multivar_synth_keep","draw_005",64,"2023-01-12","forecast","2.89698045444908"
"exdqlm_multivar_synth_keep","draw_005",64,"2023-01-13","forecast","2.81369956269695"
"exdqlm_multivar_synth_keep","draw_005",64,"2023-01-14","forecast","2.78256303392079"
"exdqlm_multivar_synth_keep","draw_005",64,"2023-01-15","forecast","2.74090437658570"
"exdqlm_multivar_synth_keep","draw_005",64,"2023-01-16","forecast","2.69344165454641"
"exdqlm_multivar_synth_keep","draw_005",64,"2023-01-17","forecast","2.56614446336869"
"exdqlm_multivar_synth_keep","draw_005",64,"2023-01-18","forecast","2.48142108358916"
"exdqlm_multivar_synth_keep","draw_005",64,"2023-01-19","forecast","2.42991052419520"
"exdqlm_multivar_synth_keep","draw_005",64,"2023-01-20","forecast","2.42501507157066"
"exdqlm_multivar_synth_keep","draw_005",64,"2023-01-21","forecast","2.38758501071814"
"exdqlm_multivar_synth_keep","draw_005",64,"2023-01-22","forecast","2.34643278779293"
"exdqlm_multivar_synth_keep","draw_006",80,"2022-12-26","forecast","0.873280100860758"
"exdqlm_multivar_synth_keep","draw_006",80,"2022-12-27","forecast","1.58838587587964"
"exdqlm_multivar_synth_keep","draw_006",80,"2022-12-28","forecast","2.28411733579113"
"exdqlm_multivar_synth_keep","draw_006",80,"2022-12-29","forecast","2.39426871188976"
"exdqlm_multivar_synth_keep","draw_006",80,"2022-12-30","forecast","2.50063990302266"
"exdqlm_multivar_synth_keep","draw_006",80,"2022-12-31","forecast","2.88739121591413"
"exdqlm_multivar_synth_keep","draw_006",80,"2023-01-01","forecast","3.06426299100764"
"exdqlm_multivar_synth_keep","draw_006",80,"2023-01-02","forecast","2.96991557292672"
"exdqlm_multivar_synth_keep","draw_006",80,"2023-01-03","forecast","2.99982501240000"
"exdqlm_multivar_synth_keep","draw_006",80,"2023-01-04","forecast","3.04523227949766"
"exdqlm_multivar_synth_keep","draw_006",80,"2023-01-05","forecast","3.13680745599062"
"exdqlm_multivar_synth_keep","draw_006",80,"2023-01-06","forecast","3.18163735513598"
"exdqlm_multivar_synth_keep","draw_006",80,"2023-01-07","forecast","3.14987585903689"
"exdqlm_multivar_synth_keep","draw_006",80,"2023-01-08","forecast","3.07902585305067"
"exdqlm_multivar_synth_keep","draw_006",80,"2023-01-09","forecast","3.09736621923508"
"exdqlm_multivar_synth_keep","draw_006",80,"2023-01-10","forecast","2.99713333941723"
"exdqlm_multivar_synth_keep","draw_006",80,"2023-01-11","forecast","2.92382440182520"
"exdqlm_multivar_synth_keep","draw_006",80,"2023-01-12","forecast","2.90510224867612"
"exdqlm_multivar_synth_keep","draw_006",80,"2023-01-13","forecast","2.82095828554472"
"exdqlm_multivar_synth_keep","draw_006",80,"2023-01-14","forecast","2.78767898243025"
"exdqlm_multivar_synth_keep","draw_006",80,"2023-01-15","forecast","2.74826811200754"
"exdqlm_multivar_synth_keep","draw_006",80,"2023-01-16","forecast","2.69924851825303"
"exdqlm_multivar_synth_keep","draw_006",80,"2023-01-17","forecast","2.57694429559714"
"exdqlm_multivar_synth_keep","draw_006",80,"2023-01-18","forecast","2.48942381242384"
"exdqlm_multivar_synth_keep","draw_006",80,"2023-01-19","forecast","2.43924550719847"
"exdqlm_multivar_synth_keep","draw_006",80,"2023-01-20","forecast","2.43724589842391"
"exdqlm_multivar_synth_keep","draw_006",80,"2023-01-21","forecast","2.39549343119371"
"exdqlm_multivar_synth_keep","draw_006",80,"2023-01-22","forecast","2.35854674305870"
"exdqlm_multivar_synth_keep","draw_007",95,"2022-12-26","forecast","0.878619566391718"
"exdqlm_multivar_synth_keep","draw_007",95,"2022-12-27","forecast","1.59609390540623"
"exdqlm_multivar_synth_keep","draw_007",95,"2022-12-28","forecast","2.29086036130096"
"exdqlm_multivar_synth_keep","draw_007",95,"2022-12-29","forecast","2.39610711688037"
"exdqlm_multivar_synth_keep","draw_007",95,"2022-12-30","forecast","2.50881618952507"
"exdqlm_multivar_synth_keep","draw_007",95,"2022-12-31","forecast","2.89086570864827"
"exdqlm_multivar_synth_keep","draw_007",95,"2023-01-01","forecast","3.07162559427704"
"exdqlm_multivar_synth_keep","draw_007",95,"2023-01-02","forecast","2.97379160456511"
"exdqlm_multivar_synth_keep","draw_007",95,"2023-01-03","forecast","3.00090042839776"
"exdqlm_multivar_synth_keep","draw_007",95,"2023-01-04","forecast","3.05035856479958"
"exdqlm_multivar_synth_keep","draw_007",95,"2023-01-05","forecast","3.14214420741811"
"exdqlm_multivar_synth_keep","draw_007",95,"2023-01-06","forecast","3.18603357069002"
"exdqlm_multivar_synth_keep","draw_007",95,"2023-01-07","forecast","3.15686739750608"
"exdqlm_multivar_synth_keep","draw_007",95,"2023-01-08","forecast","3.08785008627066"
"exdqlm_multivar_synth_keep","draw_007",95,"2023-01-09","forecast","3.09955344823121"
"exdqlm_multivar_synth_keep","draw_007",95,"2023-01-10","forecast","3.00645285562270"
"exdqlm_multivar_synth_keep","draw_007",95,"2023-01-11","forecast","2.92864950092633"
"exdqlm_multivar_synth_keep","draw_007",95,"2023-01-12","forecast","2.91005926042692"
"exdqlm_multivar_synth_keep","draw_007",95,"2023-01-13","forecast","2.82353266322656"
"exdqlm_multivar_synth_keep","draw_007",95,"2023-01-14","forecast","2.79271824020340"
"exdqlm_multivar_synth_keep","draw_007",95,"2023-01-15","forecast","2.75159708908156"
"exdqlm_multivar_synth_keep","draw_007",95,"2023-01-16","forecast","2.70850083924628"
"exdqlm_multivar_synth_keep","draw_007",95,"2023-01-17","forecast","2.58330920537665"
"exdqlm_multivar_synth_keep","draw_007",95,"2023-01-18","forecast","2.49415905545962"
"exdqlm_multivar_synth_keep","draw_007",95,"2023-01-19","forecast","2.44671434134917"
"exdqlm_multivar_synth_keep","draw_007",95,"2023-01-20","forecast","2.43790295845632"
"exdqlm_multivar_synth_keep","draw_007",95,"2023-01-21","forecast","2.39938710507283"
"exdqlm_multivar_synth_keep","draw_007",95,"2023-01-22","forecast","2.36181776944442"
"exdqlm_multivar_synth_keep","draw_008",111,"2022-12-26","forecast","0.887038021211506"
"exdqlm_multivar_synth_keep","draw_008",111,"2022-12-27","forecast","1.59705130866375"
"exdqlm_multivar_synth_keep","draw_008",111,"2022-12-28","forecast","2.29112903988165"
"exdqlm_multivar_synth_keep","draw_008",111,"2022-12-29","forecast","2.39646740236423"
"exdqlm_multivar_synth_keep","draw_008",111,"2022-12-30","forecast","2.51612230932146"
"exdqlm_multivar_synth_keep","draw_008",111,"2022-12-31","forecast","2.89100806549124"
"exdqlm_multivar_synth_keep","draw_008",111,"2023-01-01","forecast","3.07494198641297"
"exdqlm_multivar_synth_keep","draw_008",111,"2023-01-02","forecast","2.97771087036269"
"exdqlm_multivar_synth_keep","draw_008",111,"2023-01-03","forecast","3.00123098250613"
"exdqlm_multivar_synth_keep","draw_008",111,"2023-01-04","forecast","3.05075387220929"
"exdqlm_multivar_synth_keep","draw_008",111,"2023-01-05","forecast","3.14624914714205"
"exdqlm_multivar_synth_keep","draw_008",111,"2023-01-06","forecast","3.19488584660995"
"exdqlm_multivar_synth_keep","draw_008",111,"2023-01-07","forecast","3.15904092123050"
"exdqlm_multivar_synth_keep","draw_008",111,"2023-01-08","forecast","3.08866273622640"
"exdqlm_multivar_synth_keep","draw_008",111,"2023-01-09","forecast","3.09997847575429"
"exdqlm_multivar_synth_keep","draw_008",111,"2023-01-10","forecast","3.00716983206008"
"exdqlm_multivar_synth_keep","draw_008",111,"2023-01-11","forecast","2.93057357890104"
"exdqlm_multivar_synth_keep","draw_008",111,"2023-01-12","forecast","2.91033170888293"
"exdqlm_multivar_synth_keep","draw_008",111,"2023-01-13","forecast","2.82483880074237"
"exdqlm_multivar_synth_keep","draw_008",111,"2023-01-14","forecast","2.79672783691106"
"exdqlm_multivar_synth_keep","draw_008",111,"2023-01-15","forecast","2.75410910196314"
"exdqlm_multivar_synth_keep","draw_008",111,"2023-01-16","forecast","2.71101853214904"
"exdqlm_multivar_synth_keep","draw_008",111,"2023-01-17","forecast","2.58722543593447"
"exdqlm_multivar_synth_keep","draw_008",111,"2023-01-18","forecast","2.49480897171629"
"exdqlm_multivar_synth_keep","draw_008",111,"2023-01-19","forecast","2.44806763685228"
"exdqlm_multivar_synth_keep","draw_008",111,"2023-01-20","forecast","2.43843285851275"
"exdqlm_multivar_synth_keep","draw_008",111,"2023-01-21","forecast","2.39977394830073"
"exdqlm_multivar_synth_keep","draw_008",111,"2023-01-22","forecast","2.36451863408856"
"exdqlm_multivar_synth_keep","draw_009",127,"2022-12-26","forecast","0.894123267155840"
"exdqlm_multivar_synth_keep","draw_009",127,"2022-12-27","forecast","1.59721221948524"
"exdqlm_multivar_synth_keep","draw_009",127,"2022-12-28","forecast","2.29144727605792"
"exdqlm_multivar_synth_keep","draw_009",127,"2022-12-29","forecast","2.39656620064213"
"exdqlm_multivar_synth_keep","draw_009",127,"2022-12-30","forecast","2.51634102610366"
"exdqlm_multivar_synth_keep","draw_009",127,"2022-12-31","forecast","2.89114349586175"
"exdqlm_multivar_synth_keep","draw_009",127,"2023-01-01","forecast","3.07503948147979"
"exdqlm_multivar_synth_keep","draw_009",127,"2023-01-02","forecast","2.98092160119933"
"exdqlm_multivar_synth_keep","draw_009",127,"2023-01-03","forecast","3.00155953338125"
"exdqlm_multivar_synth_keep","draw_009",127,"2023-01-04","forecast","3.05084675407257"
"exdqlm_multivar_synth_keep","draw_009",127,"2023-01-05","forecast","3.14655102828366"
"exdqlm_multivar_synth_keep","draw_009",127,"2023-01-06","forecast","3.19565730175126"
"exdqlm_multivar_synth_keep","draw_009",127,"2023-01-07","forecast","3.15939027470155"
"exdqlm_multivar_synth_keep","draw_009",127,"2023-01-08","forecast","3.08931956198970"
"exdqlm_multivar_synth_keep","draw_009",127,"2023-01-09","forecast","3.10019842930562"
"exdqlm_multivar_synth_keep","draw_009",127,"2023-01-10","forecast","3.00748064786871"
"exdqlm_multivar_synth_keep","draw_009",127,"2023-01-11","forecast","2.93129908098323"
"exdqlm_multivar_synth_keep","draw_009",127,"2023-01-12","forecast","2.91056144623919"
"exdqlm_multivar_synth_keep","draw_009",127,"2023-01-13","forecast","2.82520794914261"
"exdqlm_multivar_synth_keep","draw_009",127,"2023-01-14","forecast","2.79697692888734"
"exdqlm_multivar_synth_keep","draw_009",127,"2023-01-15","forecast","2.75506307422713"
"exdqlm_multivar_synth_keep","draw_009",127,"2023-01-16","forecast","2.71159063946028"
"exdqlm_multivar_synth_keep","draw_009",127,"2023-01-17","forecast","2.58782317993805"
"exdqlm_multivar_synth_keep","draw_009",127,"2023-01-18","forecast","2.49524347825673"
"exdqlm_multivar_synth_keep","draw_009",127,"2023-01-19","forecast","2.44845220190814"
"exdqlm_multivar_synth_keep","draw_009",127,"2023-01-20","forecast","2.43876845133803"
"exdqlm_multivar_synth_keep","draw_009",127,"2023-01-21","forecast","2.40028979042803"
"exdqlm_multivar_synth_keep","draw_009",127,"2023-01-22","forecast","2.36490908645942"
"exdqlm_multivar_synth_keep","draw_010",143,"2022-12-26","forecast","0.898808583575387"
"exdqlm_multivar_synth_keep","draw_010",143,"2022-12-27","forecast","1.59730661149248"
"exdqlm_multivar_synth_keep","draw_010",143,"2022-12-28","forecast","2.29157703167753"
"exdqlm_multivar_synth_keep","draw_010",143,"2022-12-29","forecast","2.39672124702709"
"exdqlm_multivar_synth_keep","draw_010",143,"2022-12-30","forecast","2.51647479237634"
"exdqlm_multivar_synth_keep","draw_010",143,"2022-12-31","forecast","2.89173459966036"
"exdqlm_multivar_synth_keep","draw_010",143,"2023-01-01","forecast","3.07515882969560"
"exdqlm_multivar_synth_keep","draw_010",143,"2023-01-02","forecast","2.98101941255137"
"exdqlm_multivar_synth_keep","draw_010",143,"2023-01-03","forecast","3.00167577722268"
"exdqlm_multivar_synth_keep","draw_010",143,"2023-01-04","forecast","3.05101140168385"
"exdqlm_multivar_synth_keep","draw_010",143,"2023-01-05","forecast","3.14684078333445"
"exdqlm_multivar_synth_keep","draw_010",143,"2023-01-06","forecast","3.19591697421653"
"exdqlm_multivar_synth_keep","draw_010",143,"2023-01-07","forecast","3.15987633291735"
"exdqlm_multivar_synth_keep","draw_010",143,"2023-01-08","forecast","3.08994470515838"
"exdqlm_multivar_synth_keep","draw_010",143,"2023-01-09","forecast","3.10035793036381"
"exdqlm_multivar_synth_keep","draw_010",143,"2023-01-10","forecast","3.00799931618492"
"exdqlm_multivar_synth_keep","draw_010",143,"2023-01-11","forecast","2.93164129583122"
"exdqlm_multivar_synth_keep","draw_010",143,"2023-01-12","forecast","2.91061660960494"
"exdqlm_multivar_synth_keep","draw_010",143,"2023-01-13","forecast","2.82539385044615"
"exdqlm_multivar_synth_keep","draw_010",143,"2023-01-14","forecast","2.79719202603456"
"exdqlm_multivar_synth_keep","draw_010",143,"2023-01-15","forecast","2.75557210735083"
"exdqlm_multivar_synth_keep","draw_010",143,"2023-01-16","forecast","2.71168909967210"
"exdqlm_multivar_synth_keep","draw_010",143,"2023-01-17","forecast","2.58791109062872"
"exdqlm_multivar_synth_keep","draw_010",143,"2023-01-18","forecast","2.49557581402630"
"exdqlm_multivar_synth_keep","draw_010",143,"2023-01-19","forecast","2.44873645270972"
"exdqlm_multivar_synth_keep","draw_010",143,"2023-01-20","forecast","2.43891586215572"
"exdqlm_multivar_synth_keep","draw_010",143,"2023-01-21","forecast","2.40047915561039"
"exdqlm_multivar_synth_keep","draw_010",143,"2023-01-22","forecast","2.36507319559560"
"exdqlm_multivar_synth_keep","draw_011",158,"2022-12-26","forecast","0.904899079395315"
"exdqlm_multivar_synth_keep","draw_011",158,"2022-12-27","forecast","1.59739162136413"
"exdqlm_multivar_synth_keep","draw_011",158,"2022-12-28","forecast","2.29179558383837"
"exdqlm_multivar_synth_keep","draw_011",158,"2022-12-29","forecast","2.39680435265244"
"exdqlm_multivar_synth_keep","draw_011",158,"2022-12-30","forecast","2.51659129703772"
"exdqlm_multivar_synth_keep","draw_011",158,"2022-12-31","forecast","2.89191870526105"
"exdqlm_multivar_synth_keep","draw_011",158,"2023-01-01","forecast","3.07531142813332"
"exdqlm_multivar_synth_keep","draw_011",158,"2023-01-02","forecast","2.98118219017158"
"exdqlm_multivar_synth_keep","draw_011",158,"2023-01-03","forecast","3.00180939768713"
"exdqlm_multivar_synth_keep","draw_011",158,"2023-01-04","forecast","3.05132187746210"
"exdqlm_multivar_synth_keep","draw_011",158,"2023-01-05","forecast","3.14691719425766"
"exdqlm_multivar_synth_keep","draw_011",158,"2023-01-06","forecast","3.19601278098568"
"exdqlm_multivar_synth_keep","draw_011",158,"2023-01-07","forecast","3.16042751262825"
"exdqlm_multivar_synth_keep","draw_011",158,"2023-01-08","forecast","3.09020440813643"
"exdqlm_multivar_synth_keep","draw_011",158,"2023-01-09","forecast","3.10063185243869"
"exdqlm_multivar_synth_keep","draw_011",158,"2023-01-10","forecast","3.00821272334316"
"exdqlm_multivar_synth_keep","draw_011",158,"2023-01-11","forecast","2.93170676067484"
"exdqlm_multivar_synth_keep","draw_011",158,"2023-01-12","forecast","2.91083057126322"
"exdqlm_multivar_synth_keep","draw_011",158,"2023-01-13","forecast","2.82547058277664"
"exdqlm_multivar_synth_keep","draw_011",158,"2023-01-14","forecast","2.79727848581516"
"exdqlm_multivar_synth_keep","draw_011",158,"2023-01-15","forecast","2.75588729726825"
"exdqlm_multivar_synth_keep","draw_011",158,"2023-01-16","forecast","2.71178342298330"
"exdqlm_multivar_synth_keep","draw_011",158,"2023-01-17","forecast","2.58808066779717"
"exdqlm_multivar_synth_keep","draw_011",158,"2023-01-18","forecast","2.49590139311547"
"exdqlm_multivar_synth_keep","draw_011",158,"2023-01-19","forecast","2.44888124166775"
"exdqlm_multivar_synth_keep","draw_011",158,"2023-01-20","forecast","2.43906914988832"
"exdqlm_multivar_synth_keep","draw_011",158,"2023-01-21","forecast","2.40088610947141"
"exdqlm_multivar_synth_keep","draw_011",158,"2023-01-22","forecast","2.36525639668369"
"exdqlm_multivar_synth_keep","draw_012",174,"2022-12-26","forecast","0.910541141207139"
"exdqlm_multivar_synth_keep","draw_012",174,"2022-12-27","forecast","1.59746102331865"
"exdqlm_multivar_synth_keep","draw_012",174,"2022-12-28","forecast","2.29196815452012"
"exdqlm_multivar_synth_keep","draw_012",174,"2022-12-29","forecast","2.39686800607860"
"exdqlm_multivar_synth_keep","draw_012",174,"2022-12-30","forecast","2.51672100293853"
"exdqlm_multivar_synth_keep","draw_012",174,"2022-12-31","forecast","2.89199215750217"
"exdqlm_multivar_synth_keep","draw_012",174,"2023-01-01","forecast","3.07543919093674"
"exdqlm_multivar_synth_keep","draw_012",174,"2023-01-02","forecast","2.98138531982537"
"exdqlm_multivar_synth_keep","draw_012",174,"2023-01-03","forecast","3.00186143619154"
"exdqlm_multivar_synth_keep","draw_012",174,"2023-01-04","forecast","3.05141917021354"
"exdqlm_multivar_synth_keep","draw_012",174,"2023-01-05","forecast","3.14700951708311"
"exdqlm_multivar_synth_keep","draw_012",174,"2023-01-06","forecast","3.19606759398328"
"exdqlm_multivar_synth_keep","draw_012",174,"2023-01-07","forecast","3.16090991214171"
"exdqlm_multivar_synth_keep","draw_012",174,"2023-01-08","forecast","3.09056501282410"
"exdqlm_multivar_synth_keep","draw_012",174,"2023-01-09","forecast","3.10118206046156"
"exdqlm_multivar_synth_keep","draw_012",174,"2023-01-10","forecast","3.00848679716071"
"exdqlm_multivar_synth_keep","draw_012",174,"2023-01-11","forecast","2.93182912048459"
"exdqlm_multivar_synth_keep","draw_012",174,"2023-01-12","forecast","2.91095956032992"
"exdqlm_multivar_synth_keep","draw_012",174,"2023-01-13","forecast","2.82560180255854"
"exdqlm_multivar_synth_keep","draw_012",174,"2023-01-14","forecast","2.79739461295485"
"exdqlm_multivar_synth_keep","draw_012",174,"2023-01-15","forecast","2.75644877739808"
"exdqlm_multivar_synth_keep","draw_012",174,"2023-01-16","forecast","2.71192266651684"
"exdqlm_multivar_synth_keep","draw_012",174,"2023-01-17","forecast","2.58819702203015"
"exdqlm_multivar_synth_keep","draw_012",174,"2023-01-18","forecast","2.49629407197819"
"exdqlm_multivar_synth_keep","draw_012",174,"2023-01-19","forecast","2.44899963736952"
"exdqlm_multivar_synth_keep","draw_012",174,"2023-01-20","forecast","2.43930185147973"
"exdqlm_multivar_synth_keep","draw_012",174,"2023-01-21","forecast","2.40108038964378"
"exdqlm_multivar_synth_keep","draw_012",174,"2023-01-22","forecast","2.36549251825961"
"exdqlm_multivar_synth_keep","draw_013",190,"2022-12-26","forecast","0.917773585410926"
"exdqlm_multivar_synth_keep","draw_013",190,"2022-12-27","forecast","1.59750326621452"
"exdqlm_multivar_synth_keep","draw_013",190,"2022-12-28","forecast","2.29204763601299"
"exdqlm_multivar_synth_keep","draw_013",190,"2022-12-29","forecast","2.39697546673511"
"exdqlm_multivar_synth_keep","draw_013",190,"2022-12-30","forecast","2.51675951415962"
"exdqlm_multivar_synth_keep","draw_013",190,"2022-12-31","forecast","2.89206411204042"
"exdqlm_multivar_synth_keep","draw_013",190,"2023-01-01","forecast","3.07556757689539"
"exdqlm_multivar_synth_keep","draw_013",190,"2023-01-02","forecast","2.98145886322332"
"exdqlm_multivar_synth_keep","draw_013",190,"2023-01-03","forecast","3.00196275212941"
"exdqlm_multivar_synth_keep","draw_013",190,"2023-01-04","forecast","3.05158806285200"
"exdqlm_multivar_synth_keep","draw_013",190,"2023-01-05","forecast","3.14712641982878"
"exdqlm_multivar_synth_keep","draw_013",190,"2023-01-06","forecast","3.19616930366645"
"exdqlm_multivar_synth_keep","draw_013",190,"2023-01-07","forecast","3.16118087323485"
"exdqlm_multivar_synth_keep","draw_013",190,"2023-01-08","forecast","3.09075252210018"
"exdqlm_multivar_synth_keep","draw_013",190,"2023-01-09","forecast","3.10192110172783"
"exdqlm_multivar_synth_keep","draw_013",190,"2023-01-10","forecast","3.00883674516842"
"exdqlm_multivar_synth_keep","draw_013",190,"2023-01-11","forecast","2.93194307432690"
"exdqlm_multivar_synth_keep","draw_013",190,"2023-01-12","forecast","2.91113750998616"
"exdqlm_multivar_synth_keep","draw_013",190,"2023-01-13","forecast","2.82570769488894"
"exdqlm_multivar_synth_keep","draw_013",190,"2023-01-14","forecast","2.79759001558302"
"exdqlm_multivar_synth_keep","draw_013",190,"2023-01-15","forecast","2.75665318226588"
"exdqlm_multivar_synth_keep","draw_013",190,"2023-01-16","forecast","2.71203821155431"
"exdqlm_multivar_synth_keep","draw_013",190,"2023-01-17","forecast","2.58828364165801"
"exdqlm_multivar_synth_keep","draw_013",190,"2023-01-18","forecast","2.49678041823066"
"exdqlm_multivar_synth_keep","draw_013",190,"2023-01-19","forecast","2.44935701113922"
"exdqlm_multivar_synth_keep","draw_013",190,"2023-01-20","forecast","2.43943137831775"
"exdqlm_multivar_synth_keep","draw_013",190,"2023-01-21","forecast","2.40116295468356"
"exdqlm_multivar_synth_keep","draw_013",190,"2023-01-22","forecast","2.36601189965355"
"exdqlm_multivar_synth_keep","draw_014",206,"2022-12-26","forecast","0.925767857368554"
"exdqlm_multivar_synth_keep","draw_014",206,"2022-12-27","forecast","1.59757228430952"
"exdqlm_multivar_synth_keep","draw_014",206,"2022-12-28","forecast","2.29215997477850"
"exdqlm_multivar_synth_keep","draw_014",206,"2022-12-29","forecast","2.39708969621363"
"exdqlm_multivar_synth_keep","draw_014",206,"2022-12-30","forecast","2.51676901058970"
"exdqlm_multivar_synth_keep","draw_014",206,"2022-12-31","forecast","2.89207287308957"
"exdqlm_multivar_synth_keep","draw_014",206,"2023-01-01","forecast","3.07578847178772"
"exdqlm_multivar_synth_keep","draw_014",206,"2023-01-02","forecast","2.98155935488837"
"exdqlm_multivar_synth_keep","draw_014",206,"2023-01-03","forecast","3.00199943878702"
"exdqlm_multivar_synth_keep","draw_014",206,"2023-01-04","forecast","3.05174978824162"
"exdqlm_multivar_synth_keep","draw_014",206,"2023-01-05","forecast","3.14720498965439"
"exdqlm_multivar_synth_keep","draw_014",206,"2023-01-06","forecast","3.19628517229326"
"exdqlm_multivar_synth_keep","draw_014",206,"2023-01-07","forecast","3.16135354740031"
"exdqlm_multivar_synth_keep","draw_014",206,"2023-01-08","forecast","3.09101114180186"
"exdqlm_multivar_synth_keep","draw_014",206,"2023-01-09","forecast","3.10215836946853"
"exdqlm_multivar_synth_keep","draw_014",206,"2023-01-10","forecast","3.00893637346055"
"exdqlm_multivar_synth_keep","draw_014",206,"2023-01-11","forecast","2.93203856727892"
"exdqlm_multivar_synth_keep","draw_014",206,"2023-01-12","forecast","2.91120966740792"
"exdqlm_multivar_synth_keep","draw_014",206,"2023-01-13","forecast","2.82575412549657"
"exdqlm_multivar_synth_keep","draw_014",206,"2023-01-14","forecast","2.79775111272464"
"exdqlm_multivar_synth_keep","draw_014",206,"2023-01-15","forecast","2.75691259294206"
"exdqlm_multivar_synth_keep","draw_014",206,"2023-01-16","forecast","2.71220640465284"
"exdqlm_multivar_synth_keep","draw_014",206,"2023-01-17","forecast","2.58836399663982"
"exdqlm_multivar_synth_keep","draw_014",206,"2023-01-18","forecast","2.49710131569079"
"exdqlm_multivar_synth_keep","draw_014",206,"2023-01-19","forecast","2.44952650296885"
"exdqlm_multivar_synth_keep","draw_014",206,"2023-01-20","forecast","2.43971822729183"
"exdqlm_multivar_synth_keep","draw_014",206,"2023-01-21","forecast","2.40131838940750"
"exdqlm_multivar_synth_keep","draw_014",206,"2023-01-22","forecast","2.36620162539940"
"exdqlm_multivar_synth_keep","draw_015",221,"2022-12-26","forecast","0.931995650705791"
"exdqlm_multivar_synth_keep","draw_015",221,"2022-12-27","forecast","1.59764284533113"
"exdqlm_multivar_synth_keep","draw_015",221,"2022-12-28","forecast","2.29227037907740"
"exdqlm_multivar_synth_keep","draw_015",221,"2022-12-29","forecast","2.39714587413984"
"exdqlm_multivar_synth_keep","draw_015",221,"2022-12-30","forecast","2.51688669582479"
"exdqlm_multivar_synth_keep","draw_015",221,"2022-12-31","forecast","2.89209520816666"
"exdqlm_multivar_synth_keep","draw_015",221,"2023-01-01","forecast","3.07586402746442"
"exdqlm_multivar_synth_keep","draw_015",221,"2023-01-02","forecast","2.98164238583524"
"exdqlm_multivar_synth_keep","draw_015",221,"2023-01-03","forecast","3.00204590308195"
"exdqlm_multivar_synth_keep","draw_015",221,"2023-01-04","forecast","3.05197747466755"
"exdqlm_multivar_synth_keep","draw_015",221,"2023-01-05","forecast","3.14731176005421"
"exdqlm_multivar_synth_keep","draw_015",221,"2023-01-06","forecast","3.19642101073043"
"exdqlm_multivar_synth_keep","draw_015",221,"2023-01-07","forecast","3.16141608010098"
"exdqlm_multivar_synth_keep","draw_015",221,"2023-01-08","forecast","3.09163081271250"
"exdqlm_multivar_synth_keep","draw_015",221,"2023-01-09","forecast","3.10228295932981"
"exdqlm_multivar_synth_keep","draw_015",221,"2023-01-10","forecast","3.00940875863410"
"exdqlm_multivar_synth_keep","draw_015",221,"2023-01-11","forecast","2.93220582225876"
"exdqlm_multivar_synth_keep","draw_015",221,"2023-01-12","forecast","2.91129776801295"
"exdqlm_multivar_synth_keep","draw_015",221,"2023-01-13","forecast","2.82605454512697"
"exdqlm_multivar_synth_keep","draw_015",221,"2023-01-14","forecast","2.79795002081022"
"exdqlm_multivar_synth_keep","draw_015",221,"2023-01-15","forecast","2.75705392208354"
"exdqlm_multivar_synth_keep","draw_015",221,"2023-01-16","forecast","2.71235743924702"
"exdqlm_multivar_synth_keep","draw_015",221,"2023-01-17","forecast","2.58846678595058"
"exdqlm_multivar_synth_keep","draw_015",221,"2023-01-18","forecast","2.49731765374634"
"exdqlm_multivar_synth_keep","draw_015",221,"2023-01-19","forecast","2.44974940911642"
"exdqlm_multivar_synth_keep","draw_015",221,"2023-01-20","forecast","2.44025080923025"
"exdqlm_multivar_synth_keep","draw_015",221,"2023-01-21","forecast","2.40138196645885"
"exdqlm_multivar_synth_keep","draw_015",221,"2023-01-22","forecast","2.36626813478674"
"exdqlm_multivar_synth_keep","draw_016",237,"2022-12-26","forecast","0.938116952942342"
"exdqlm_multivar_synth_keep","draw_016",237,"2022-12-27","forecast","1.59771396447197"
"exdqlm_multivar_synth_keep","draw_016",237,"2022-12-28","forecast","2.29293552692628"
"exdqlm_multivar_synth_keep","draw_016",237,"2022-12-29","forecast","2.39717392087597"
"exdqlm_multivar_synth_keep","draw_016",237,"2022-12-30","forecast","2.51695849153769"
"exdqlm_multivar_synth_keep","draw_016",237,"2022-12-31","forecast","2.89215091303467"
"exdqlm_multivar_synth_keep","draw_016",237,"2023-01-01","forecast","3.07594321328480"
"exdqlm_multivar_synth_keep","draw_016",237,"2023-01-02","forecast","2.98184027252733"
"exdqlm_multivar_synth_keep","draw_016",237,"2023-01-03","forecast","3.00207906840983"
"exdqlm_multivar_synth_keep","draw_016",237,"2023-01-04","forecast","3.05211422159933"
"exdqlm_multivar_synth_keep","draw_016",237,"2023-01-05","forecast","3.14747731833837"
"exdqlm_multivar_synth_keep","draw_016",237,"2023-01-06","forecast","3.19656366684676"
"exdqlm_multivar_synth_keep","draw_016",237,"2023-01-07","forecast","3.16161191679261"
"exdqlm_multivar_synth_keep","draw_016",237,"2023-01-08","forecast","3.09188216665117"
"exdqlm_multivar_synth_keep","draw_016",237,"2023-01-09","forecast","3.10235126983431"
"exdqlm_multivar_synth_keep","draw_016",237,"2023-01-10","forecast","3.00960812524546"
"exdqlm_multivar_synth_keep","draw_016",237,"2023-01-11","forecast","2.93238398319341"
"exdqlm_multivar_synth_keep","draw_016",237,"2023-01-12","forecast","2.91144628833697"
"exdqlm_multivar_synth_keep","draw_016",237,"2023-01-13","forecast","2.82622057735935"
"exdqlm_multivar_synth_keep","draw_016",237,"2023-01-14","forecast","2.79816674834306"
"exdqlm_multivar_synth_keep","draw_016",237,"2023-01-15","forecast","2.75719207824161"
"exdqlm_multivar_synth_keep","draw_016",237,"2023-01-16","forecast","2.71252489445488"
"exdqlm_multivar_synth_keep","draw_016",237,"2023-01-17","forecast","2.58852907721151"
"exdqlm_multivar_synth_keep","draw_016",237,"2023-01-18","forecast","2.49742760047278"
"exdqlm_multivar_synth_keep","draw_016",237,"2023-01-19","forecast","2.45017505980614"
"exdqlm_multivar_synth_keep","draw_016",237,"2023-01-20","forecast","2.44047528502089"
"exdqlm_multivar_synth_keep","draw_016",237,"2023-01-21","forecast","2.40163502151690"
"exdqlm_multivar_synth_keep","draw_016",237,"2023-01-22","forecast","2.36644573689686"
"exdqlm_multivar_synth_keep","draw_017",253,"2022-12-26","forecast","0.947127288922581"
"exdqlm_multivar_synth_keep","draw_017",253,"2022-12-27","forecast","1.59777125113695"
"exdqlm_multivar_synth_keep","draw_017",253,"2022-12-28","forecast","2.29321258161461"
"exdqlm_multivar_synth_keep","draw_017",253,"2022-12-29","forecast","2.39727736616727"
"exdqlm_multivar_synth_keep","draw_017",253,"2022-12-30","forecast","2.51714362054942"
"exdqlm_multivar_synth_keep","draw_017",253,"2022-12-31","forecast","2.89224090894095"
"exdqlm_multivar_synth_keep","draw_017",253,"2023-01-01","forecast","3.07605784414409"
"exdqlm_multivar_synth_keep","draw_017",253,"2023-01-02","forecast","2.98193530724401"
"exdqlm_multivar_synth_keep","draw_017",253,"2023-01-03","forecast","3.00213385589007"
"exdqlm_multivar_synth_keep","draw_017",253,"2023-01-04","forecast","3.05241362009922"
"exdqlm_multivar_synth_keep","draw_017",253,"2023-01-05","forecast","3.14759132436559"
"exdqlm_multivar_synth_keep","draw_017",253,"2023-01-06","forecast","3.19660603307745"
"exdqlm_multivar_synth_keep","draw_017",253,"2023-01-07","forecast","3.16171245780120"
"exdqlm_multivar_synth_keep","draw_017",253,"2023-01-08","forecast","3.09226017741029"
"exdqlm_multivar_synth_keep","draw_017",253,"2023-01-09","forecast","3.10266847829693"
"exdqlm_multivar_synth_keep","draw_017",253,"2023-01-10","forecast","3.01011947471372"
"exdqlm_multivar_synth_keep","draw_017",253,"2023-01-11","forecast","2.93252665187999"
"exdqlm_multivar_synth_keep","draw_017",253,"2023-01-12","forecast","2.91156241581589"
"exdqlm_multivar_synth_keep","draw_017",253,"2023-01-13","forecast","2.82626392436895"
"exdqlm_multivar_synth_keep","draw_017",253,"2023-01-14","forecast","2.79835083487947"
"exdqlm_multivar_synth_keep","draw_017",253,"2023-01-15","forecast","2.75737449055355"
"exdqlm_multivar_synth_keep","draw_017",253,"2023-01-16","forecast","2.71264963529153"
"exdqlm_multivar_synth_keep","draw_017",253,"2023-01-17","forecast","2.58858761585105"
"exdqlm_multivar_synth_keep","draw_017",253,"2023-01-18","forecast","2.49748354879890"
"exdqlm_multivar_synth_keep","draw_017",253,"2023-01-19","forecast","2.45040434881935"
"exdqlm_multivar_synth_keep","draw_017",253,"2023-01-20","forecast","2.44063562555003"
"exdqlm_multivar_synth_keep","draw_017",253,"2023-01-21","forecast","2.40175446899122"
"exdqlm_multivar_synth_keep","draw_017",253,"2023-01-22","forecast","2.36654444535877"
"exdqlm_multivar_synth_keep","draw_018",269,"2022-12-26","forecast","0.956734272165509"
"exdqlm_multivar_synth_keep","draw_018",269,"2022-12-27","forecast","1.59781517491004"
"exdqlm_multivar_synth_keep","draw_018",269,"2022-12-28","forecast","2.29337881405367"
"exdqlm_multivar_synth_keep","draw_018",269,"2022-12-29","forecast","2.39741715219307"
"exdqlm_multivar_synth_keep","draw_018",269,"2022-12-30","forecast","2.51725260838597"
"exdqlm_multivar_synth_keep","draw_018",269,"2022-12-31","forecast","2.89231388434202"
"exdqlm_multivar_synth_keep","draw_018",269,"2023-01-01","forecast","3.07614016819795"
"exdqlm_multivar_synth_keep","draw_018",269,"2023-01-02","forecast","2.98200331275494"
"exdqlm_multivar_synth_keep","draw_018",269,"2023-01-03","forecast","3.00220691871320"
"exdqlm_multivar_synth_keep","draw_018",269,"2023-01-04","forecast","3.05262885820492"
"exdqlm_multivar_synth_keep","draw_018",269,"2023-01-05","forecast","3.14766386903205"
"exdqlm_multivar_synth_keep","draw_018",269,"2023-01-06","forecast","3.19664994221713"
"exdqlm_multivar_synth_keep","draw_018",269,"2023-01-07","forecast","3.16175887248617"
"exdqlm_multivar_synth_keep","draw_018",269,"2023-01-08","forecast","3.09243478178399"
"exdqlm_multivar_synth_keep","draw_018",269,"2023-01-09","forecast","3.10281696896757"
"exdqlm_multivar_synth_keep","draw_018",269,"2023-01-10","forecast","3.01050306857167"
"exdqlm_multivar_synth_keep","draw_018",269,"2023-01-11","forecast","2.93265396391215"
"exdqlm_multivar_synth_keep","draw_018",269,"2023-01-12","forecast","2.91163652964589"
"exdqlm_multivar_synth_keep","draw_018",269,"2023-01-13","forecast","2.82639538189705"
"exdqlm_multivar_synth_keep","draw_018",269,"2023-01-14","forecast","2.79866511716015"
"exdqlm_multivar_synth_keep","draw_018",269,"2023-01-15","forecast","2.75751844093427"
"exdqlm_multivar_synth_keep","draw_018",269,"2023-01-16","forecast","2.71286095552157"
"exdqlm_multivar_synth_keep","draw_018",269,"2023-01-17","forecast","2.58873418966257"
"exdqlm_multivar_synth_keep","draw_018",269,"2023-01-18","forecast","2.49809798215846"
"exdqlm_multivar_synth_keep","draw_018",269,"2023-01-19","forecast","2.45051278795020"
"exdqlm_multivar_synth_keep","draw_018",269,"2023-01-20","forecast","2.44075398119115"
"exdqlm_multivar_synth_keep","draw_018",269,"2023-01-21","forecast","2.40181664165660"
"exdqlm_multivar_synth_keep","draw_018",269,"2023-01-22","forecast","2.36671415443704"
"exdqlm_multivar_synth_keep","draw_019",284,"2022-12-26","forecast","0.962443241413394"
"exdqlm_multivar_synth_keep","draw_019",284,"2022-12-27","forecast","1.59787029301083"
"exdqlm_multivar_synth_keep","draw_019",284,"2022-12-28","forecast","2.29367340763034"
"exdqlm_multivar_synth_keep","draw_019",284,"2022-12-29","forecast","2.39748119942893"
"exdqlm_multivar_synth_keep","draw_019",284,"2022-12-30","forecast","2.51748231201111"
"exdqlm_multivar_synth_keep","draw_019",284,"2022-12-31","forecast","2.89236889831064"
"exdqlm_multivar_synth_keep","draw_019",284,"2023-01-01","forecast","3.07621794830793"
"exdqlm_multivar_synth_keep","draw_019",284,"2023-01-02","forecast","2.98206168291379"
"exdqlm_multivar_synth_keep","draw_019",284,"2023-01-03","forecast","3.00226949916826"
"exdqlm_multivar_synth_keep","draw_019",284,"2023-01-04","forecast","3.05282752610698"
"exdqlm_multivar_synth_keep","draw_019",284,"2023-01-05","forecast","3.14773084451937"
"exdqlm_multivar_synth_keep","draw_019",284,"2023-01-06","forecast","3.19674803153295"
"exdqlm_multivar_synth_keep","draw_019",284,"2023-01-07","forecast","3.16184676827877"
"exdqlm_multivar_synth_keep","draw_019",284,"2023-01-08","forecast","3.09261133196377"
"exdqlm_multivar_synth_keep","draw_019",284,"2023-01-09","forecast","3.10305190619273"
"exdqlm_multivar_synth_keep","draw_019",284,"2023-01-10","forecast","3.01077659364465"
"exdqlm_multivar_synth_keep","draw_019",284,"2023-01-11","forecast","2.93274481474685"
"exdqlm_multivar_synth_keep","draw_019",284,"2023-01-12","forecast","2.91170697550635"
"exdqlm_multivar_synth_keep","draw_019",284,"2023-01-13","forecast","2.82641756868445"
"exdqlm_multivar_synth_keep","draw_019",284,"2023-01-14","forecast","2.79952831585953"
"exdqlm_multivar_synth_keep","draw_019",284,"2023-01-15","forecast","2.75776534255267"
"exdqlm_multivar_synth_keep","draw_019",284,"2023-01-16","forecast","2.71291410885860"
"exdqlm_multivar_synth_keep","draw_019",284,"2023-01-17","forecast","2.58903974630511"
"exdqlm_multivar_synth_keep","draw_019",284,"2023-01-18","forecast","2.49831918496283"
"exdqlm_multivar_synth_keep","draw_019",284,"2023-01-19","forecast","2.45069886103350"
"exdqlm_multivar_synth_keep","draw_019",284,"2023-01-20","forecast","2.44084284286734"
"exdqlm_multivar_synth_keep","draw_019",284,"2023-01-21","forecast","2.40190731999933"
"exdqlm_multivar_synth_keep","draw_019",284,"2023-01-22","forecast","2.36692726522261"
"exdqlm_multivar_synth_keep","draw_020",300,"2022-12-26","forecast","0.971350843921993"
"exdqlm_multivar_synth_keep","draw_020",300,"2022-12-27","forecast","1.59800539649366"
"exdqlm_multivar_synth_keep","draw_020",300,"2022-12-28","forecast","2.29384873403244"
"exdqlm_multivar_synth_keep","draw_020",300,"2022-12-29","forecast","2.39757776284839"
"exdqlm_multivar_synth_keep","draw_020",300,"2022-12-30","forecast","2.51755948349116"
"exdqlm_multivar_synth_keep","draw_020",300,"2022-12-31","forecast","2.89248870760046"
"exdqlm_multivar_synth_keep","draw_020",300,"2023-01-01","forecast","3.07626040068007"
"exdqlm_multivar_synth_keep","draw_020",300,"2023-01-02","forecast","2.98213285553546"
"exdqlm_multivar_synth_keep","draw_020",300,"2023-01-03","forecast","3.00235648539690"
"exdqlm_multivar_synth_keep","draw_020",300,"2023-01-04","forecast","3.05312213046526"
"exdqlm_multivar_synth_keep","draw_020",300,"2023-01-05","forecast","3.14780915688431"
"exdqlm_multivar_synth_keep","draw_020",300,"2023-01-06","forecast","3.19679149129017"
"exdqlm_multivar_synth_keep","draw_020",300,"2023-01-07","forecast","3.16191716231642"
"exdqlm_multivar_synth_keep","draw_020",300,"2023-01-08","forecast","3.09280565944540"
"exdqlm_multivar_synth_keep","draw_020",300,"2023-01-09","forecast","3.10359210085132"
"exdqlm_multivar_synth_keep","draw_020",300,"2023-01-10","forecast","3.01097979008395"
"exdqlm_multivar_synth_keep","draw_020",300,"2023-01-11","forecast","2.93288498372542"
"exdqlm_multivar_synth_keep","draw_020",300,"2023-01-12","forecast","2.91195468986582"
"exdqlm_multivar_synth_keep","draw_020",300,"2023-01-13","forecast","2.82649752873398"
"exdqlm_multivar_synth_keep","draw_020",300,"2023-01-14","forecast","2.79983054911960"
"exdqlm_multivar_synth_keep","draw_020",300,"2023-01-15","forecast","2.75790228411491"
"exdqlm_multivar_synth_keep","draw_020",300,"2023-01-16","forecast","2.71304509717964"
"exdqlm_multivar_synth_keep","draw_020",300,"2023-01-17","forecast","2.58916343980563"
"exdqlm_multivar_synth_keep","draw_020",300,"2023-01-18","forecast","2.49886853925330"
"exdqlm_multivar_synth_keep","draw_020",300,"2023-01-19","forecast","2.45084466605148"
"exdqlm_multivar_synth_keep","draw_020",300,"2023-01-20","forecast","2.44102549313247"
"exdqlm_multivar_synth_keep","draw_020",300,"2023-01-21","forecast","2.40207444327670"
"exdqlm_multivar_synth_keep","draw_020",300,"2023-01-22","forecast","2.36734817312664"
"exdqlm_multivar_synth_keep","draw_021",316,"2022-12-26","forecast","0.975933863331617"
"exdqlm_multivar_synth_keep","draw_021",316,"2022-12-27","forecast","1.59810634484090"
"exdqlm_multivar_synth_keep","draw_021",316,"2022-12-28","forecast","2.29392506265782"
"exdqlm_multivar_synth_keep","draw_021",316,"2022-12-29","forecast","2.39767309858835"
"exdqlm_multivar_synth_keep","draw_021",316,"2022-12-30","forecast","2.51772512774901"
"exdqlm_multivar_synth_keep","draw_021",316,"2022-12-31","forecast","2.89253570202260"
"exdqlm_multivar_synth_keep","draw_021",316,"2023-01-01","forecast","3.07629053729923"
"exdqlm_multivar_synth_keep","draw_021",316,"2023-01-02","forecast","2.98217028852068"
"exdqlm_multivar_synth_keep","draw_021",316,"2023-01-03","forecast","3.00238993084117"
"exdqlm_multivar_synth_keep","draw_021",316,"2023-01-04","forecast","3.05347969496454"
"exdqlm_multivar_synth_keep","draw_021",316,"2023-01-05","forecast","3.14789244409309"
"exdqlm_multivar_synth_keep","draw_021",316,"2023-01-06","forecast","3.19687404216523"
"exdqlm_multivar_synth_keep","draw_021",316,"2023-01-07","forecast","3.16212363684992"
"exdqlm_multivar_synth_keep","draw_021",316,"2023-01-08","forecast","3.09297800223291"
"exdqlm_multivar_synth_keep","draw_021",316,"2023-01-09","forecast","3.10399862137302"
"exdqlm_multivar_synth_keep","draw_021",316,"2023-01-10","forecast","3.01103485059943"
"exdqlm_multivar_synth_keep","draw_021",316,"2023-01-11","forecast","2.93306753045972"
"exdqlm_multivar_synth_keep","draw_021",316,"2023-01-12","forecast","2.91202038867764"
"exdqlm_multivar_synth_keep","draw_021",316,"2023-01-13","forecast","2.82660536660389"
"exdqlm_multivar_synth_keep","draw_021",316,"2023-01-14","forecast","2.79995999338038"
"exdqlm_multivar_synth_keep","draw_021",316,"2023-01-15","forecast","2.75803769488553"
"exdqlm_multivar_synth_keep","draw_021",316,"2023-01-16","forecast","2.71312231391381"
"exdqlm_multivar_synth_keep","draw_021",316,"2023-01-17","forecast","2.58938235951446"
"exdqlm_multivar_synth_keep","draw_021",316,"2023-01-18","forecast","2.49907389640430"
"exdqlm_multivar_synth_keep","draw_021",316,"2023-01-19","forecast","2.45089713559714"
"exdqlm_multivar_synth_keep","draw_021",316,"2023-01-20","forecast","2.44112131774332"
"exdqlm_multivar_synth_keep","draw_021",316,"2023-01-21","forecast","2.40222508849948"
"exdqlm_multivar_synth_keep","draw_021",316,"2023-01-22","forecast","2.36764025383303"
"exdqlm_multivar_synth_keep","draw_022",332,"2022-12-26","forecast","0.983552510964331"
"exdqlm_multivar_synth_keep","draw_022",332,"2022-12-27","forecast","1.59812671718118"
"exdqlm_multivar_synth_keep","draw_022",332,"2022-12-28","forecast","2.29401959484596"
"exdqlm_multivar_synth_keep","draw_022",332,"2022-12-29","forecast","2.39777452457457"
"exdqlm_multivar_synth_keep","draw_022",332,"2022-12-30","forecast","2.51775502584033"
"exdqlm_multivar_synth_keep","draw_022",332,"2022-12-31","forecast","2.89257763631700"
"exdqlm_multivar_synth_keep","draw_022",332,"2023-01-01","forecast","3.07632153623888"
"exdqlm_multivar_synth_keep","draw_022",332,"2023-01-02","forecast","2.98222028548249"
"exdqlm_multivar_synth_keep","draw_022",332,"2023-01-03","forecast","3.00242663592545"
"exdqlm_multivar_synth_keep","draw_022",332,"2023-01-04","forecast","3.05370466112099"
"exdqlm_multivar_synth_keep","draw_022",332,"2023-01-05","forecast","3.14795675693097"
"exdqlm_multivar_synth_keep","draw_022",332,"2023-01-06","forecast","3.19691211037337"
"exdqlm_multivar_synth_keep","draw_022",332,"2023-01-07","forecast","3.16219308357026"
"exdqlm_multivar_synth_keep","draw_022",332,"2023-01-08","forecast","3.09311239995178"
"exdqlm_multivar_synth_keep","draw_022",332,"2023-01-09","forecast","3.10424614069014"
"exdqlm_multivar_synth_keep","draw_022",332,"2023-01-10","forecast","3.01109937803298"
"exdqlm_multivar_synth_keep","draw_022",332,"2023-01-11","forecast","2.93328818213054"
"exdqlm_multivar_synth_keep","draw_022",332,"2023-01-12","forecast","2.91213295680912"
"exdqlm_multivar_synth_keep","draw_022",332,"2023-01-13","forecast","2.82668049436462"
"exdqlm_multivar_synth_keep","draw_022",332,"2023-01-14","forecast","2.80024963097824"
"exdqlm_multivar_synth_keep","draw_022",332,"2023-01-15","forecast","2.75808967664215"
"exdqlm_multivar_synth_keep","draw_022",332,"2023-01-16","forecast","2.71327373178381"
"exdqlm_multivar_synth_keep","draw_022",332,"2023-01-17","forecast","2.58957053639089"
"exdqlm_multivar_synth_keep","draw_022",332,"2023-01-18","forecast","2.49938118823085"
"exdqlm_multivar_synth_keep","draw_022",332,"2023-01-19","forecast","2.45102383389950"
"exdqlm_multivar_synth_keep","draw_022",332,"2023-01-20","forecast","2.44125075804812"
"exdqlm_multivar_synth_keep","draw_022",332,"2023-01-21","forecast","2.40227412297485"
"exdqlm_multivar_synth_keep","draw_022",332,"2023-01-22","forecast","2.36775299314194"
"exdqlm_multivar_synth_keep","draw_023",347,"2022-12-26","forecast","0.989434870213816"
"exdqlm_multivar_synth_keep","draw_023",347,"2022-12-27","forecast","1.59814410671063"
"exdqlm_multivar_synth_keep","draw_023",347,"2022-12-28","forecast","2.29417480013644"
"exdqlm_multivar_synth_keep","draw_023",347,"2022-12-29","forecast","2.39787850371847"
"exdqlm_multivar_synth_keep","draw_023",347,"2022-12-30","forecast","2.51781056033885"
"exdqlm_multivar_synth_keep","draw_023",347,"2022-12-31","forecast","2.89265206615402"
"exdqlm_multivar_synth_keep","draw_023",347,"2023-01-01","forecast","3.07637107048598"
"exdqlm_multivar_synth_keep","draw_023",347,"2023-01-02","forecast","2.98227101865201"
"exdqlm_multivar_synth_keep","draw_023",347,"2023-01-03","forecast","3.00245319907527"
"exdqlm_multivar_synth_keep","draw_023",347,"2023-01-04","forecast","3.05409477471784"
"exdqlm_multivar_synth_keep","draw_023",347,"2023-01-05","forecast","3.14801011944873"
"exdqlm_multivar_synth_keep","draw_023",347,"2023-01-06","forecast","3.19698183221454"
"exdqlm_multivar_synth_keep","draw_023",347,"2023-01-07","forecast","3.16225721354900"
"exdqlm_multivar_synth_keep","draw_023",347,"2023-01-08","forecast","3.09331844620886"
"exdqlm_multivar_synth_keep","draw_023",347,"2023-01-09","forecast","3.10441922727110"
"exdqlm_multivar_synth_keep","draw_023",347,"2023-01-10","forecast","3.01118772685686"
"exdqlm_multivar_synth_keep","draw_023",347,"2023-01-11","forecast","2.93408720315879"
"exdqlm_multivar_synth_keep","draw_023",347,"2023-01-12","forecast","2.91232582869183"
"exdqlm_multivar_synth_keep","draw_023",347,"2023-01-13","forecast","2.82672243651639"
"exdqlm_multivar_synth_keep","draw_023",347,"2023-01-14","forecast","2.80044973649358"
"exdqlm_multivar_synth_keep","draw_023",347,"2023-01-15","forecast","2.75830620264152"
"exdqlm_multivar_synth_keep","draw_023",347,"2023-01-16","forecast","2.71334699361212"
"exdqlm_multivar_synth_keep","draw_023",347,"2023-01-17","forecast","2.58987478648082"
"exdqlm_multivar_synth_keep","draw_023",347,"2023-01-18","forecast","2.49969182421656"
"exdqlm_multivar_synth_keep","draw_023",347,"2023-01-19","forecast","2.45111560167903"
"exdqlm_multivar_synth_keep","draw_023",347,"2023-01-20","forecast","2.44130802129976"
"exdqlm_multivar_synth_keep","draw_023",347,"2023-01-21","forecast","2.40232670762461"
"exdqlm_multivar_synth_keep","draw_023",347,"2023-01-22","forecast","2.36782622445081"
"exdqlm_multivar_synth_keep","draw_024",363,"2022-12-26","forecast","0.995537483794906"
"exdqlm_multivar_synth_keep","draw_024",363,"2022-12-27","forecast","1.59821474979974"
"exdqlm_multivar_synth_keep","draw_024",363,"2022-12-28","forecast","2.29436868554770"
"exdqlm_multivar_synth_keep","draw_024",363,"2022-12-29","forecast","2.39797218867441"
"exdqlm_multivar_synth_keep","draw_024",363,"2022-12-30","forecast","2.51782820023326"
"exdqlm_multivar_synth_keep","draw_024",363,"2022-12-31","forecast","2.89267251250909"
"exdqlm_multivar_synth_keep","draw_024",363,"2023-01-01","forecast","3.07641490234843"
"exdqlm_multivar_synth_keep","draw_024",363,"2023-01-02","forecast","2.98232316381003"
"exdqlm_multivar_synth_keep","draw_024",363,"2023-01-03","forecast","3.00249973733649"
"exdqlm_multivar_synth_keep","draw_024",363,"2023-01-04","forecast","3.05435945782243"
"exdqlm_multivar_synth_keep","draw_024",363,"2023-01-05","forecast","3.14807751309949"
"exdqlm_multivar_synth_keep","draw_024",363,"2023-01-06","forecast","3.19709569235005"
"exdqlm_multivar_synth_keep","draw_024",363,"2023-01-07","forecast","3.16241611657330"
"exdqlm_multivar_synth_keep","draw_024",363,"2023-01-08","forecast","3.09344423963310"
"exdqlm_multivar_synth_keep","draw_024",363,"2023-01-09","forecast","3.10468933695255"
"exdqlm_multivar_synth_keep","draw_024",363,"2023-01-10","forecast","3.01128216585974"
"exdqlm_multivar_synth_keep","draw_024",363,"2023-01-11","forecast","2.94724339314719"
"exdqlm_multivar_synth_keep","draw_024",363,"2023-01-12","forecast","2.91250673911055"
"exdqlm_multivar_synth_keep","draw_024",363,"2023-01-13","forecast","2.82682004429754"
"exdqlm_multivar_synth_keep","draw_024",363,"2023-01-14","forecast","2.80078212249760"
"exdqlm_multivar_synth_keep","draw_024",363,"2023-01-15","forecast","2.75839718046230"
"exdqlm_multivar_synth_keep","draw_024",363,"2023-01-16","forecast","2.71351932270397"
"exdqlm_multivar_synth_keep","draw_024",363,"2023-01-17","forecast","2.59019135509975"
"exdqlm_multivar_synth_keep","draw_024",363,"2023-01-18","forecast","2.49983645897195"
"exdqlm_multivar_synth_keep","draw_024",363,"2023-01-19","forecast","2.45140625185781"
"exdqlm_multivar_synth_keep","draw_024",363,"2023-01-20","forecast","2.44150216263432"
"exdqlm_multivar_synth_keep","draw_024",363,"2023-01-21","forecast","2.40247283023797"
"exdqlm_multivar_synth_keep","draw_024",363,"2023-01-22","forecast","2.36801472806885"
"exdqlm_multivar_synth_keep","draw_025",379,"2022-12-26","forecast","1.00344156530273"
"exdqlm_multivar_synth_keep","draw_025",379,"2022-12-27","forecast","1.59824862940170"
"exdqlm_multivar_synth_keep","draw_025",379,"2022-12-28","forecast","2.29448075163081"
"exdqlm_multivar_synth_keep","draw_025",379,"2022-12-29","forecast","2.39808174395735"
"exdqlm_multivar_synth_keep","draw_025",379,"2022-12-30","forecast","2.51785239982325"
"exdqlm_multivar_synth_keep","draw_025",379,"2022-12-31","forecast","2.89276433577537"
"exdqlm_multivar_synth_keep","draw_025",379,"2023-01-01","forecast","3.07645681366072"
"exdqlm_multivar_synth_keep","draw_025",379,"2023-01-02","forecast","2.98242376634165"
"exdqlm_multivar_synth_keep","draw_025",379,"2023-01-03","forecast","3.00253978414004"
"exdqlm_multivar_synth_keep","draw_025",379,"2023-01-04","forecast","3.05452590781532"
"exdqlm_multivar_synth_keep","draw_025",379,"2023-01-05","forecast","3.14828181244937"
"exdqlm_multivar_synth_keep","draw_025",379,"2023-01-06","forecast","3.19712646688895"
"exdqlm_multivar_synth_keep","draw_025",379,"2023-01-07","forecast","3.16264899488189"
"exdqlm_multivar_synth_keep","draw_025",379,"2023-01-08","forecast","3.09364562158831"
"exdqlm_multivar_synth_keep","draw_025",379,"2023-01-09","forecast","3.10588316872117"
"exdqlm_multivar_synth_keep","draw_025",379,"2023-01-10","forecast","3.01135765769180"
"exdqlm_multivar_synth_keep","draw_025",379,"2023-01-11","forecast","2.95830983361058"
"exdqlm_multivar_synth_keep","draw_025",379,"2023-01-12","forecast","2.91280122495592"
"exdqlm_multivar_synth_keep","draw_025",379,"2023-01-13","forecast","2.82977231145341"
"exdqlm_multivar_synth_keep","draw_025",379,"2023-01-14","forecast","2.80101775812725"
"exdqlm_multivar_synth_keep","draw_025",379,"2023-01-15","forecast","2.75856939393097"
"exdqlm_multivar_synth_keep","draw_025",379,"2023-01-16","forecast","2.71379255312534"
"exdqlm_multivar_synth_keep","draw_025",379,"2023-01-17","forecast","2.59062560812231"
"exdqlm_multivar_synth_keep","draw_025",379,"2023-01-18","forecast","2.50002976519180"
"exdqlm_multivar_synth_keep","draw_025",379,"2023-01-19","forecast","2.45156466199733"
"exdqlm_multivar_synth_keep","draw_025",379,"2023-01-20","forecast","2.44164296904502"
"exdqlm_multivar_synth_keep","draw_025",379,"2023-01-21","forecast","2.40254146147757"
"exdqlm_multivar_synth_keep","draw_025",379,"2023-01-22","forecast","2.36827585609750"
"exdqlm_multivar_synth_keep","draw_026",395,"2022-12-26","forecast","1.00836568961339"
"exdqlm_multivar_synth_keep","draw_026",395,"2022-12-27","forecast","1.59826960106218"
"exdqlm_multivar_synth_keep","draw_026",395,"2022-12-28","forecast","2.29463881231007"
"exdqlm_multivar_synth_keep","draw_026",395,"2022-12-29","forecast","2.39816791165641"
"exdqlm_multivar_synth_keep","draw_026",395,"2022-12-30","forecast","2.51788658125494"
"exdqlm_multivar_synth_keep","draw_026",395,"2022-12-31","forecast","2.89282903081008"
"exdqlm_multivar_synth_keep","draw_026",395,"2023-01-01","forecast","3.07651713468226"
"exdqlm_multivar_synth_keep","draw_026",395,"2023-01-02","forecast","2.98249457356330"
"exdqlm_multivar_synth_keep","draw_026",395,"2023-01-03","forecast","3.00257028714832"
"exdqlm_multivar_synth_keep","draw_026",395,"2023-01-04","forecast","3.05462176867764"
"exdqlm_multivar_synth_keep","draw_026",395,"2023-01-05","forecast","3.14843773731473"
"exdqlm_multivar_synth_keep","draw_026",395,"2023-01-06","forecast","3.19718796941106"
"exdqlm_multivar_synth_keep","draw_026",395,"2023-01-07","forecast","3.16281071329903"
"exdqlm_multivar_synth_keep","draw_026",395,"2023-01-08","forecast","3.09380302333417"
"exdqlm_multivar_synth_keep","draw_026",395,"2023-01-09","forecast","3.11172773989339"
"exdqlm_multivar_synth_keep","draw_026",395,"2023-01-10","forecast","3.01147439122850"
"exdqlm_multivar_synth_keep","draw_026",395,"2023-01-11","forecast","2.97061312275109"
"exdqlm_multivar_synth_keep","draw_026",395,"2023-01-12","forecast","2.91296972899775"
"exdqlm_multivar_synth_keep","draw_026",395,"2023-01-13","forecast","2.83584091891568"
"exdqlm_multivar_synth_keep","draw_026",395,"2023-01-14","forecast","2.80118768009565"
"exdqlm_multivar_synth_keep","draw_026",395,"2023-01-15","forecast","2.75881308675952"
"exdqlm_multivar_synth_keep","draw_026",395,"2023-01-16","forecast","2.71416607961444"
"exdqlm_multivar_synth_keep","draw_026",395,"2023-01-17","forecast","2.59085947604417"
"exdqlm_multivar_synth_keep","draw_026",395,"2023-01-18","forecast","2.50012160311737"
"exdqlm_multivar_synth_keep","draw_026",395,"2023-01-19","forecast","2.45170505414337"
"exdqlm_multivar_synth_keep","draw_026",395,"2023-01-20","forecast","2.44191939751264"
"exdqlm_multivar_synth_keep","draw_026",395,"2023-01-21","forecast","2.40265282491146"
"exdqlm_multivar_synth_keep","draw_026",395,"2023-01-22","forecast","2.37063228020523"
"exdqlm_multivar_synth_keep","draw_027",410,"2022-12-26","forecast","1.01478314716209"
"exdqlm_multivar_synth_keep","draw_027",410,"2022-12-27","forecast","1.59828106269573"
"exdqlm_multivar_synth_keep","draw_027",410,"2022-12-28","forecast","2.29479809436548"
"exdqlm_multivar_synth_keep","draw_027",410,"2022-12-29","forecast","2.39830333255432"
"exdqlm_multivar_synth_keep","draw_027",410,"2022-12-30","forecast","2.51791299536669"
"exdqlm_multivar_synth_keep","draw_027",410,"2022-12-31","forecast","2.89291231222729"
"exdqlm_multivar_synth_keep","draw_027",410,"2023-01-01","forecast","3.07656864777485"
"exdqlm_multivar_synth_keep","draw_027",410,"2023-01-02","forecast","2.98252240411438"
"exdqlm_multivar_synth_keep","draw_027",410,"2023-01-03","forecast","3.00260438507587"
"exdqlm_multivar_synth_keep","draw_027",410,"2023-01-04","forecast","3.05487025651876"
"exdqlm_multivar_synth_keep","draw_027",410,"2023-01-05","forecast","3.14878446526798"
"exdqlm_multivar_synth_keep","draw_027",410,"2023-01-06","forecast","3.19725491945144"
"exdqlm_multivar_synth_keep","draw_027",410,"2023-01-07","forecast","3.16304373092761"
"exdqlm_multivar_synth_keep","draw_027",410,"2023-01-08","forecast","3.09448460413436"
"exdqlm_multivar_synth_keep","draw_027",410,"2023-01-09","forecast","3.11623589460845"
"exdqlm_multivar_synth_keep","draw_027",410,"2023-01-10","forecast","3.01158397627761"
"exdqlm_multivar_synth_keep","draw_027",410,"2023-01-11","forecast","2.98007367864811"
"exdqlm_multivar_synth_keep","draw_027",410,"2023-01-12","forecast","2.91307038688542"
"exdqlm_multivar_synth_keep","draw_027",410,"2023-01-13","forecast","2.84667599984937"
"exdqlm_multivar_synth_keep","draw_027",410,"2023-01-14","forecast","2.81135090269019"
"exdqlm_multivar_synth_keep","draw_027",410,"2023-01-15","forecast","2.75892835884945"
"exdqlm_multivar_synth_keep","draw_027",410,"2023-01-16","forecast","2.71466637760205"
"exdqlm_multivar_synth_keep","draw_027",410,"2023-01-17","forecast","2.59113972411697"
"exdqlm_multivar_synth_keep","draw_027",410,"2023-01-18","forecast","2.50033834243134"
"exdqlm_multivar_synth_keep","draw_027",410,"2023-01-19","forecast","2.45192926278595"
"exdqlm_multivar_synth_keep","draw_027",410,"2023-01-20","forecast","2.44729901194462"
"exdqlm_multivar_synth_keep","draw_027",410,"2023-01-21","forecast","2.40268295326758"
"exdqlm_multivar_synth_keep","draw_027",410,"2023-01-22","forecast","2.37407330448501"
"exdqlm_multivar_synth_keep","draw_028",426,"2022-12-26","forecast","1.01858075949026"
"exdqlm_multivar_synth_keep","draw_028",426,"2022-12-27","forecast","1.59830828096029"
"exdqlm_multivar_synth_keep","draw_028",426,"2022-12-28","forecast","2.29518420675785"
"exdqlm_multivar_synth_keep","draw_028",426,"2022-12-29","forecast","2.39848706756641"
"exdqlm_multivar_synth_keep","draw_028",426,"2022-12-30","forecast","2.51796886497270"
"exdqlm_multivar_synth_keep","draw_028",426,"2022-12-31","forecast","2.89301099226753"
"exdqlm_multivar_synth_keep","draw_028",426,"2023-01-01","forecast","3.07663271250951"
"exdqlm_multivar_synth_keep","draw_028",426,"2023-01-02","forecast","2.98258464876107"
"exdqlm_multivar_synth_keep","draw_028",426,"2023-01-03","forecast","3.00264931929321"
"exdqlm_multivar_synth_keep","draw_028",426,"2023-01-04","forecast","3.05524444377272"
"exdqlm_multivar_synth_keep","draw_028",426,"2023-01-05","forecast","3.14893031880729"
"exdqlm_multivar_synth_keep","draw_028",426,"2023-01-06","forecast","3.19740683268975"
"exdqlm_multivar_synth_keep","draw_028",426,"2023-01-07","forecast","3.16338847658074"
"exdqlm_multivar_synth_keep","draw_028",426,"2023-01-08","forecast","3.10000206905740"
"exdqlm_multivar_synth_keep","draw_028",426,"2023-01-09","forecast","3.12418416511754"
"exdqlm_multivar_synth_keep","draw_028",426,"2023-01-10","forecast","3.01251210367072"
"exdqlm_multivar_synth_keep","draw_028",426,"2023-01-11","forecast","2.99056434811334"
"exdqlm_multivar_synth_keep","draw_028",426,"2023-01-12","forecast","2.91359888626672"
"exdqlm_multivar_synth_keep","draw_028",426,"2023-01-13","forecast","2.85919909992713"
"exdqlm_multivar_synth_keep","draw_028",426,"2023-01-14","forecast","2.82321764720857"
"exdqlm_multivar_synth_keep","draw_028",426,"2023-01-15","forecast","2.76349563625830"
"exdqlm_multivar_synth_keep","draw_028",426,"2023-01-16","forecast","2.71568250739544"
"exdqlm_multivar_synth_keep","draw_028",426,"2023-01-17","forecast","2.59884646380080"
"exdqlm_multivar_synth_keep","draw_028",426,"2023-01-18","forecast","2.50053358577366"
"exdqlm_multivar_synth_keep","draw_028",426,"2023-01-19","forecast","2.45758505973585"
"exdqlm_multivar_synth_keep","draw_028",426,"2023-01-20","forecast","2.45321342346657"
"exdqlm_multivar_synth_keep","draw_028",426,"2023-01-21","forecast","2.40436483018706"
"exdqlm_multivar_synth_keep","draw_028",426,"2023-01-22","forecast","2.37663990422147"
"exdqlm_multivar_synth_keep","draw_029",442,"2022-12-26","forecast","1.02203105878721"
"exdqlm_multivar_synth_keep","draw_029",442,"2022-12-27","forecast","1.59832841049852"
"exdqlm_multivar_synth_keep","draw_029",442,"2022-12-28","forecast","2.29659446360939"
"exdqlm_multivar_synth_keep","draw_029",442,"2022-12-29","forecast","2.39853592121904"
"exdqlm_multivar_synth_keep","draw_029",442,"2022-12-30","forecast","2.51802309932371"
"exdqlm_multivar_synth_keep","draw_029",442,"2022-12-31","forecast","2.89310087438863"
"exdqlm_multivar_synth_keep","draw_029",442,"2023-01-01","forecast","3.07668368281465"
"exdqlm_multivar_synth_keep","draw_029",442,"2023-01-02","forecast","2.98261258382661"
"exdqlm_multivar_synth_keep","draw_029",442,"2023-01-03","forecast","3.00266547132448"
"exdqlm_multivar_synth_keep","draw_029",442,"2023-01-04","forecast","3.05625013591378"
"exdqlm_multivar_synth_keep","draw_029",442,"2023-01-05","forecast","3.14906386502533"
"exdqlm_multivar_synth_keep","draw_029",442,"2023-01-06","forecast","3.19756536091985"
"exdqlm_multivar_synth_keep","draw_029",442,"2023-01-07","forecast","3.16375758058959"
"exdqlm_multivar_synth_keep","draw_029",442,"2023-01-08","forecast","3.10514977215459"
"exdqlm_multivar_synth_keep","draw_029",442,"2023-01-09","forecast","3.13069441140327"
"exdqlm_multivar_synth_keep","draw_029",442,"2023-01-10","forecast","3.02038870649874"
"exdqlm_multivar_synth_keep","draw_029",442,"2023-01-11","forecast","3.00215999933450"
"exdqlm_multivar_synth_keep","draw_029",442,"2023-01-12","forecast","2.92054995816648"
"exdqlm_multivar_synth_keep","draw_029",442,"2023-01-13","forecast","2.87607586641322"
"exdqlm_multivar_synth_keep","draw_029",442,"2023-01-14","forecast","2.83300561110882"
"exdqlm_multivar_synth_keep","draw_029",442,"2023-01-15","forecast","2.77113020055870"
"exdqlm_multivar_synth_keep","draw_029",442,"2023-01-16","forecast","2.72319692016105"
"exdqlm_multivar_synth_keep","draw_029",442,"2023-01-17","forecast","2.60654809170183"
"exdqlm_multivar_synth_keep","draw_029",442,"2023-01-18","forecast","2.50839583608366"
"exdqlm_multivar_synth_keep","draw_029",442,"2023-01-19","forecast","2.46319399653419"
"exdqlm_multivar_synth_keep","draw_029",442,"2023-01-20","forecast","2.46135379041943"
"exdqlm_multivar_synth_keep","draw_029",442,"2023-01-21","forecast","2.41084262405303"
"exdqlm_multivar_synth_keep","draw_029",442,"2023-01-22","forecast","2.38110322535499"
"exdqlm_multivar_synth_keep","draw_030",457,"2022-12-26","forecast","1.02509979221950"
"exdqlm_multivar_synth_keep","draw_030",457,"2022-12-27","forecast","1.59835277898513"
"exdqlm_multivar_synth_keep","draw_030",457,"2022-12-28","forecast","2.29822565274369"
"exdqlm_multivar_synth_keep","draw_030",457,"2022-12-29","forecast","2.39863764529317"
"exdqlm_multivar_synth_keep","draw_030",457,"2022-12-30","forecast","2.51808597204599"
"exdqlm_multivar_synth_keep","draw_030",457,"2022-12-31","forecast","2.89316616462936"
"exdqlm_multivar_synth_keep","draw_030",457,"2023-01-01","forecast","3.07674633844762"
"exdqlm_multivar_synth_keep","draw_030",457,"2023-01-02","forecast","2.98267814483804"
"exdqlm_multivar_synth_keep","draw_030",457,"2023-01-03","forecast","3.00269823124616"
"exdqlm_multivar_synth_keep","draw_030",457,"2023-01-04","forecast","3.05882827252922"
"exdqlm_multivar_synth_keep","draw_030",457,"2023-01-05","forecast","3.14924461129913"
"exdqlm_multivar_synth_keep","draw_030",457,"2023-01-06","forecast","3.19769293443782"
"exdqlm_multivar_synth_keep","draw_030",457,"2023-01-07","forecast","3.16424902411413"
"exdqlm_multivar_synth_keep","draw_030",457,"2023-01-08","forecast","3.10984180337493"
"exdqlm_multivar_synth_keep","draw_030",457,"2023-01-09","forecast","3.13635731391972"
"exdqlm_multivar_synth_keep","draw_030",457,"2023-01-10","forecast","3.02599588048932"
"exdqlm_multivar_synth_keep","draw_030",457,"2023-01-11","forecast","3.01020375129397"
"exdqlm_multivar_synth_keep","draw_030",457,"2023-01-12","forecast","2.93331953022173"
"exdqlm_multivar_synth_keep","draw_030",457,"2023-01-13","forecast","2.88671285146898"
"exdqlm_multivar_synth_keep","draw_030",457,"2023-01-14","forecast","2.84340672049997"
"exdqlm_multivar_synth_keep","draw_030",457,"2023-01-15","forecast","2.77677702097550"
"exdqlm_multivar_synth_keep","draw_030",457,"2023-01-16","forecast","2.73410013781031"
"exdqlm_multivar_synth_keep","draw_030",457,"2023-01-17","forecast","2.61530579748158"
"exdqlm_multivar_synth_keep","draw_030",457,"2023-01-18","forecast","2.51987513476137"
"exdqlm_multivar_synth_keep","draw_030",457,"2023-01-19","forecast","2.46860616246357"
"exdqlm_multivar_synth_keep","draw_030",457,"2023-01-20","forecast","2.46766624392965"
"exdqlm_multivar_synth_keep","draw_030",457,"2023-01-21","forecast","2.41554596141777"
"exdqlm_multivar_synth_keep","draw_030",457,"2023-01-22","forecast","2.38595403662287"
"exdqlm_multivar_synth_keep","draw_031",473,"2022-12-26","forecast","1.02775681984815"
"exdqlm_multivar_synth_keep","draw_031",473,"2022-12-27","forecast","1.59838267567335"
"exdqlm_multivar_synth_keep","draw_031",473,"2022-12-28","forecast","2.29874840139975"
"exdqlm_multivar_synth_keep","draw_031",473,"2022-12-29","forecast","2.39868189583764"
"exdqlm_multivar_synth_keep","draw_031",473,"2022-12-30","forecast","2.51812205375051"
"exdqlm_multivar_synth_keep","draw_031",473,"2022-12-31","forecast","2.89319851649487"
"exdqlm_multivar_synth_keep","draw_031",473,"2023-01-01","forecast","3.07681797746127"
"exdqlm_multivar_synth_keep","draw_031",473,"2023-01-02","forecast","2.98272871654681"
"exdqlm_multivar_synth_keep","draw_031",473,"2023-01-03","forecast","3.00272693007649"
"exdqlm_multivar_synth_keep","draw_031",473,"2023-01-04","forecast","3.06039160129761"
"exdqlm_multivar_synth_keep","draw_031",473,"2023-01-05","forecast","3.14936518233163"
"exdqlm_multivar_synth_keep","draw_031",473,"2023-01-06","forecast","3.19873675207948"
"exdqlm_multivar_synth_keep","draw_031",473,"2023-01-07","forecast","3.17022065561843"
"exdqlm_multivar_synth_keep","draw_031",473,"2023-01-08","forecast","3.11808543611732"
"exdqlm_multivar_synth_keep","draw_031",473,"2023-01-09","forecast","3.14162361286274"
"exdqlm_multivar_synth_keep","draw_031",473,"2023-01-10","forecast","3.03476786362250"
"exdqlm_multivar_synth_keep","draw_031",473,"2023-01-11","forecast","3.02148971852798"
"exdqlm_multivar_synth_keep","draw_031",473,"2023-01-12","forecast","2.94172402161598"
"exdqlm_multivar_synth_keep","draw_031",473,"2023-01-13","forecast","2.89500044767450"
"exdqlm_multivar_synth_keep","draw_031",473,"2023-01-14","forecast","2.85335589323045"
"exdqlm_multivar_synth_keep","draw_031",473,"2023-01-15","forecast","2.78432921130955"
"exdqlm_multivar_synth_keep","draw_031",473,"2023-01-16","forecast","2.73808253619146"
"exdqlm_multivar_synth_keep","draw_031",473,"2023-01-17","forecast","2.62033921474983"
"exdqlm_multivar_synth_keep","draw_031",473,"2023-01-18","forecast","2.52822853459624"
"exdqlm_multivar_synth_keep","draw_031",473,"2023-01-19","forecast","2.47977034628794"
"exdqlm_multivar_synth_keep","draw_031",473,"2023-01-20","forecast","2.47609159921977"
"exdqlm_multivar_synth_keep","draw_031",473,"2023-01-21","forecast","2.42215841804958"
"exdqlm_multivar_synth_keep","draw_031",473,"2023-01-22","forecast","2.39054063421961"
"exdqlm_multivar_synth_keep","draw_032",489,"2022-12-26","forecast","1.03067675834202"
"exdqlm_multivar_synth_keep","draw_032",489,"2022-12-27","forecast","1.59843108040031"
"exdqlm_multivar_synth_keep","draw_032",489,"2022-12-28","forecast","2.30067045111330"
"exdqlm_multivar_synth_keep","draw_032",489,"2022-12-29","forecast","2.39875159309464"
"exdqlm_multivar_synth_keep","draw_032",489,"2022-12-30","forecast","2.51814724462774"
"exdqlm_multivar_synth_keep","draw_032",489,"2022-12-31","forecast","2.89325109985071"
"exdqlm_multivar_synth_keep","draw_032",489,"2023-01-01","forecast","3.07686249461856"
"exdqlm_multivar_synth_keep","draw_032",489,"2023-01-02","forecast","2.98281000360335"
"exdqlm_multivar_synth_keep","draw_032",489,"2023-01-03","forecast","3.00276055942922"
"exdqlm_multivar_synth_keep","draw_032",489,"2023-01-04","forecast","3.06226165018038"
"exdqlm_multivar_synth_keep","draw_032",489,"2023-01-05","forecast","3.14939446635782"
"exdqlm_multivar_synth_keep","draw_032",489,"2023-01-06","forecast","3.19905698228576"
"exdqlm_multivar_synth_keep","draw_032",489,"2023-01-07","forecast","3.17281497766733"
"exdqlm_multivar_synth_keep","draw_032",489,"2023-01-08","forecast","3.12381941447773"
"exdqlm_multivar_synth_keep","draw_032",489,"2023-01-09","forecast","3.14780634799674"
"exdqlm_multivar_synth_keep","draw_032",489,"2023-01-10","forecast","3.03961009487748"
"exdqlm_multivar_synth_keep","draw_032",489,"2023-01-11","forecast","3.03535169337549"
"exdqlm_multivar_synth_keep","draw_032",489,"2023-01-12","forecast","2.94966541602864"
"exdqlm_multivar_synth_keep","draw_032",489,"2023-01-13","forecast","2.90535196177811"
"exdqlm_multivar_synth_keep","draw_032",489,"2023-01-14","forecast","2.86023507075619"
"exdqlm_multivar_synth_keep","draw_032",489,"2023-01-15","forecast","2.78995926296864"
"exdqlm_multivar_synth_keep","draw_032",489,"2023-01-16","forecast","2.74421580968892"
"exdqlm_multivar_synth_keep","draw_032",489,"2023-01-17","forecast","2.62742059145295"
"exdqlm_multivar_synth_keep","draw_032",489,"2023-01-18","forecast","2.53886207124831"
"exdqlm_multivar_synth_keep","draw_032",489,"2023-01-19","forecast","2.48630867528710"
"exdqlm_multivar_synth_keep","draw_032",489,"2023-01-20","forecast","2.48368759614258"
"exdqlm_multivar_synth_keep","draw_032",489,"2023-01-21","forecast","2.42865783024609"
"exdqlm_multivar_synth_keep","draw_032",489,"2023-01-22","forecast","2.39555916795672"
"exdqlm_multivar_synth_keep","draw_033",505,"2022-12-26","forecast","1.03414361378322"
"exdqlm_multivar_synth_keep","draw_033",505,"2022-12-27","forecast","1.59845111050219"
"exdqlm_multivar_synth_keep","draw_033",505,"2022-12-28","forecast","2.30169699206062"
"exdqlm_multivar_synth_keep","draw_033",505,"2022-12-29","forecast","2.39883848650483"
"exdqlm_multivar_synth_keep","draw_033",505,"2022-12-30","forecast","2.51816076360356"
"exdqlm_multivar_synth_keep","draw_033",505,"2022-12-31","forecast","2.89328688520433"
"exdqlm_multivar_synth_keep","draw_033",505,"2023-01-01","forecast","3.07692550188179"
"exdqlm_multivar_synth_keep","draw_033",505,"2023-01-02","forecast","2.98289401834006"
"exdqlm_multivar_synth_keep","draw_033",505,"2023-01-03","forecast","3.00277230428812"
"exdqlm_multivar_synth_keep","draw_033",505,"2023-01-04","forecast","3.06418719345090"
"exdqlm_multivar_synth_keep","draw_033",505,"2023-01-05","forecast","3.14947239020843"
"exdqlm_multivar_synth_keep","draw_033",505,"2023-01-06","forecast","3.19951167983901"
"exdqlm_multivar_synth_keep","draw_033",505,"2023-01-07","forecast","3.17707960462654"
"exdqlm_multivar_synth_keep","draw_033",505,"2023-01-08","forecast","3.13007764701777"
"exdqlm_multivar_synth_keep","draw_033",505,"2023-01-09","forecast","3.15332795795277"
"exdqlm_multivar_synth_keep","draw_033",505,"2023-01-10","forecast","3.04875246284947"
"exdqlm_multivar_synth_keep","draw_033",505,"2023-01-11","forecast","3.04611134388287"
"exdqlm_multivar_synth_keep","draw_033",505,"2023-01-12","forecast","2.95817769634723"
"exdqlm_multivar_synth_keep","draw_033",505,"2023-01-13","forecast","2.92020591889809"
"exdqlm_multivar_synth_keep","draw_033",505,"2023-01-14","forecast","2.86985763758107"
"exdqlm_multivar_synth_keep","draw_033",505,"2023-01-15","forecast","2.80038042443976"
"exdqlm_multivar_synth_keep","draw_033",505,"2023-01-16","forecast","2.75380794472959"
"exdqlm_multivar_synth_keep","draw_033",505,"2023-01-17","forecast","2.63743155880227"
"exdqlm_multivar_synth_keep","draw_033",505,"2023-01-18","forecast","2.54791654384189"
"exdqlm_multivar_synth_keep","draw_033",505,"2023-01-19","forecast","2.49424665703404"
"exdqlm_multivar_synth_keep","draw_033",505,"2023-01-20","forecast","2.49060768815500"
"exdqlm_multivar_synth_keep","draw_033",505,"2023-01-21","forecast","2.43411506623788"
"exdqlm_multivar_synth_keep","draw_033",505,"2023-01-22","forecast","2.40037740889097"
"exdqlm_multivar_synth_keep","draw_034",520,"2022-12-26","forecast","1.03904549705862"
"exdqlm_multivar_synth_keep","draw_034",520,"2022-12-27","forecast","1.59847759550910"
"exdqlm_multivar_synth_keep","draw_034",520,"2022-12-28","forecast","2.30383908225682"
"exdqlm_multivar_synth_keep","draw_034",520,"2022-12-29","forecast","2.39889509276087"
"exdqlm_multivar_synth_keep","draw_034",520,"2022-12-30","forecast","2.51819334148049"
"exdqlm_multivar_synth_keep","draw_034",520,"2022-12-31","forecast","2.89330658225249"
"exdqlm_multivar_synth_keep","draw_034",520,"2023-01-01","forecast","3.07694883169436"
"exdqlm_multivar_synth_keep","draw_034",520,"2023-01-02","forecast","2.98292271514439"
"exdqlm_multivar_synth_keep","draw_034",520,"2023-01-03","forecast","3.00279674261681"
"exdqlm_multivar_synth_keep","draw_034",520,"2023-01-04","forecast","3.06563632462098"
"exdqlm_multivar_synth_keep","draw_034",520,"2023-01-05","forecast","3.15005340370539"
"exdqlm_multivar_synth_keep","draw_034",520,"2023-01-06","forecast","3.20083812146116"
"exdqlm_multivar_synth_keep","draw_034",520,"2023-01-07","forecast","3.18034236945544"
"exdqlm_multivar_synth_keep","draw_034",520,"2023-01-08","forecast","3.13657584959041"
"exdqlm_multivar_synth_keep","draw_034",520,"2023-01-09","forecast","3.16041447279961"
"exdqlm_multivar_synth_keep","draw_034",520,"2023-01-10","forecast","3.06143551421160"
"exdqlm_multivar_synth_keep","draw_034",520,"2023-01-11","forecast","3.05517286780293"
"exdqlm_multivar_synth_keep","draw_034",520,"2023-01-12","forecast","2.96524125513997"
"exdqlm_multivar_synth_keep","draw_034",520,"2023-01-13","forecast","2.93012000984232"
"exdqlm_multivar_synth_keep","draw_034",520,"2023-01-14","forecast","2.87736490321463"
"exdqlm_multivar_synth_keep","draw_034",520,"2023-01-15","forecast","2.80485312122296"
"exdqlm_multivar_synth_keep","draw_034",520,"2023-01-16","forecast","2.76145212413135"
"exdqlm_multivar_synth_keep","draw_034",520,"2023-01-17","forecast","2.64510029024538"
"exdqlm_multivar_synth_keep","draw_034",520,"2023-01-18","forecast","2.55411563622514"
"exdqlm_multivar_synth_keep","draw_034",520,"2023-01-19","forecast","2.50020258089743"
"exdqlm_multivar_synth_keep","draw_034",520,"2023-01-20","forecast","2.49940851170788"
"exdqlm_multivar_synth_keep","draw_034",520,"2023-01-21","forecast","2.43977731686169"
"exdqlm_multivar_synth_keep","draw_034",520,"2023-01-22","forecast","2.40810799006184"
"exdqlm_multivar_synth_keep","draw_035",536,"2022-12-26","forecast","1.04388873852887"
"exdqlm_multivar_synth_keep","draw_035",536,"2022-12-27","forecast","1.59849524621584"
"exdqlm_multivar_synth_keep","draw_035",536,"2022-12-28","forecast","2.30595085395597"
"exdqlm_multivar_synth_keep","draw_035",536,"2022-12-29","forecast","2.39894849783104"
"exdqlm_multivar_synth_keep","draw_035",536,"2022-12-30","forecast","2.51821084271853"
"exdqlm_multivar_synth_keep","draw_035",536,"2022-12-31","forecast","2.89333716132391"
"exdqlm_multivar_synth_keep","draw_035",536,"2023-01-01","forecast","3.07697872773580"
"exdqlm_multivar_synth_keep","draw_035",536,"2023-01-02","forecast","2.98295549871233"
"exdqlm_multivar_synth_keep","draw_035",536,"2023-01-03","forecast","3.00286504604487"
"exdqlm_multivar_synth_keep","draw_035",536,"2023-01-04","forecast","3.06746309997043"
"exdqlm_multivar_synth_keep","draw_035",536,"2023-01-05","forecast","3.15113323875255"
"exdqlm_multivar_synth_keep","draw_035",536,"2023-01-06","forecast","3.20217673791149"
"exdqlm_multivar_synth_keep","draw_035",536,"2023-01-07","forecast","3.18321303632827"
"exdqlm_multivar_synth_keep","draw_035",536,"2023-01-08","forecast","3.14424684216557"
"exdqlm_multivar_synth_keep","draw_035",536,"2023-01-09","forecast","3.16957521733667"
"exdqlm_multivar_synth_keep","draw_035",536,"2023-01-10","forecast","3.06943763889180"
"exdqlm_multivar_synth_keep","draw_035",536,"2023-01-11","forecast","3.06621653779926"
"exdqlm_multivar_synth_keep","draw_035",536,"2023-01-12","forecast","2.97546199535967"
"exdqlm_multivar_synth_keep","draw_035",536,"2023-01-13","forecast","2.93911806002635"
"exdqlm_multivar_synth_keep","draw_035",536,"2023-01-14","forecast","2.88620297851153"
"exdqlm_multivar_synth_keep","draw_035",536,"2023-01-15","forecast","2.81816902046049"
"exdqlm_multivar_synth_keep","draw_035",536,"2023-01-16","forecast","2.77189511931699"
"exdqlm_multivar_synth_keep","draw_035",536,"2023-01-17","forecast","2.65306376213358"
"exdqlm_multivar_synth_keep","draw_035",536,"2023-01-18","forecast","2.56075373411367"
"exdqlm_multivar_synth_keep","draw_035",536,"2023-01-19","forecast","2.50854916623259"
"exdqlm_multivar_synth_keep","draw_035",536,"2023-01-20","forecast","2.50787686310304"
"exdqlm_multivar_synth_keep","draw_035",536,"2023-01-21","forecast","2.44555461637545"
"exdqlm_multivar_synth_keep","draw_035",536,"2023-01-22","forecast","2.41557748885762"
"exdqlm_multivar_synth_keep","draw_036",552,"2022-12-26","forecast","1.04756589138872"
"exdqlm_multivar_synth_keep","draw_036",552,"2022-12-27","forecast","1.59853120348511"
"exdqlm_multivar_synth_keep","draw_036",552,"2022-12-28","forecast","2.30839879588765"
"exdqlm_multivar_synth_keep","draw_036",552,"2022-12-29","forecast","2.39906710254287"
"exdqlm_multivar_synth_keep","draw_036",552,"2022-12-30","forecast","2.51826636543242"
"exdqlm_multivar_synth_keep","draw_036",552,"2022-12-31","forecast","2.89339606109758"
"exdqlm_multivar_synth_keep","draw_036",552,"2023-01-01","forecast","3.07710645477148"
"exdqlm_multivar_synth_keep","draw_036",552,"2023-01-02","forecast","2.98298890249250"
"exdqlm_multivar_synth_keep","draw_036",552,"2023-01-03","forecast","3.00288693584690"
"exdqlm_multivar_synth_keep","draw_036",552,"2023-01-04","forecast","3.06984967316523"
"exdqlm_multivar_synth_keep","draw_036",552,"2023-01-05","forecast","3.15127133732151"
"exdqlm_multivar_synth_keep","draw_036",552,"2023-01-06","forecast","3.20284589044938"
"exdqlm_multivar_synth_keep","draw_036",552,"2023-01-07","forecast","3.18530318502718"
"exdqlm_multivar_synth_keep","draw_036",552,"2023-01-08","forecast","3.15101171689488"
"exdqlm_multivar_synth_keep","draw_036",552,"2023-01-09","forecast","3.17629722157338"
"exdqlm_multivar_synth_keep","draw_036",552,"2023-01-10","forecast","3.07802279934814"
"exdqlm_multivar_synth_keep","draw_036",552,"2023-01-11","forecast","3.07877781315380"
"exdqlm_multivar_synth_keep","draw_036",552,"2023-01-12","forecast","2.98449910655519"
"exdqlm_multivar_synth_keep","draw_036",552,"2023-01-13","forecast","2.95081716575348"
"exdqlm_multivar_synth_keep","draw_036",552,"2023-01-14","forecast","2.90042245225321"
"exdqlm_multivar_synth_keep","draw_036",552,"2023-01-15","forecast","2.82718462235877"
"exdqlm_multivar_synth_keep","draw_036",552,"2023-01-16","forecast","2.78123556608640"
"exdqlm_multivar_synth_keep","draw_036",552,"2023-01-17","forecast","2.65919334853329"
"exdqlm_multivar_synth_keep","draw_036",552,"2023-01-18","forecast","2.56993738128093"
"exdqlm_multivar_synth_keep","draw_036",552,"2023-01-19","forecast","2.51659033604923"
"exdqlm_multivar_synth_keep","draw_036",552,"2023-01-20","forecast","2.51594601966265"
"exdqlm_multivar_synth_keep","draw_036",552,"2023-01-21","forecast","2.45171137902955"
"exdqlm_multivar_synth_keep","draw_036",552,"2023-01-22","forecast","2.41982342850296"
"exdqlm_multivar_synth_keep","draw_037",568,"2022-12-26","forecast","1.05355268493063"
"exdqlm_multivar_synth_keep","draw_037",568,"2022-12-27","forecast","1.59855795050579"
"exdqlm_multivar_synth_keep","draw_037",568,"2022-12-28","forecast","2.31017527385014"
"exdqlm_multivar_synth_keep","draw_037",568,"2022-12-29","forecast","2.39911640498558"
"exdqlm_multivar_synth_keep","draw_037",568,"2022-12-30","forecast","2.51834018126411"
"exdqlm_multivar_synth_keep","draw_037",568,"2022-12-31","forecast","2.89344162658180"
"exdqlm_multivar_synth_keep","draw_037",568,"2023-01-01","forecast","3.07717674674492"
"exdqlm_multivar_synth_keep","draw_037",568,"2023-01-02","forecast","2.98305239036238"
"exdqlm_multivar_synth_keep","draw_037",568,"2023-01-03","forecast","3.00293070059587"
"exdqlm_multivar_synth_keep","draw_037",568,"2023-01-04","forecast","3.07219613494809"
"exdqlm_multivar_synth_keep","draw_037",568,"2023-01-05","forecast","3.15135337234606"
"exdqlm_multivar_synth_keep","draw_037",568,"2023-01-06","forecast","3.20390725512337"
"exdqlm_multivar_synth_keep","draw_037",568,"2023-01-07","forecast","3.18906765449020"
"exdqlm_multivar_synth_keep","draw_037",568,"2023-01-08","forecast","3.16156348767165"
"exdqlm_multivar_synth_keep","draw_037",568,"2023-01-09","forecast","3.18261594753084"
"exdqlm_multivar_synth_keep","draw_037",568,"2023-01-10","forecast","3.09168352881507"
"exdqlm_multivar_synth_keep","draw_037",568,"2023-01-11","forecast","3.09055745746815"
"exdqlm_multivar_synth_keep","draw_037",568,"2023-01-12","forecast","2.99758967826747"
"exdqlm_multivar_synth_keep","draw_037",568,"2023-01-13","forecast","2.96170199067130"
"exdqlm_multivar_synth_keep","draw_037",568,"2023-01-14","forecast","2.90734456703815"
"exdqlm_multivar_synth_keep","draw_037",568,"2023-01-15","forecast","2.83752559728401"
"exdqlm_multivar_synth_keep","draw_037",568,"2023-01-16","forecast","2.78883356450425"
"exdqlm_multivar_synth_keep","draw_037",568,"2023-01-17","forecast","2.66481261149372"
"exdqlm_multivar_synth_keep","draw_037",568,"2023-01-18","forecast","2.58161639332587"
"exdqlm_multivar_synth_keep","draw_037",568,"2023-01-19","forecast","2.52822988431141"
"exdqlm_multivar_synth_keep","draw_037",568,"2023-01-20","forecast","2.52392326296084"
"exdqlm_multivar_synth_keep","draw_037",568,"2023-01-21","forecast","2.45828925513179"
"exdqlm_multivar_synth_keep","draw_037",568,"2023-01-22","forecast","2.42268139620813"
"exdqlm_multivar_synth_keep","draw_038",583,"2022-12-26","forecast","1.05664707599257"
"exdqlm_multivar_synth_keep","draw_038",583,"2022-12-27","forecast","1.59858370876227"
"exdqlm_multivar_synth_keep","draw_038",583,"2022-12-28","forecast","2.31265955910712"
"exdqlm_multivar_synth_keep","draw_038",583,"2022-12-29","forecast","2.39914914904075"
"exdqlm_multivar_synth_keep","draw_038",583,"2022-12-30","forecast","2.51840749382071"
"exdqlm_multivar_synth_keep","draw_038",583,"2022-12-31","forecast","2.89346668664855"
"exdqlm_multivar_synth_keep","draw_038",583,"2023-01-01","forecast","3.07723770776575"
"exdqlm_multivar_synth_keep","draw_038",583,"2023-01-02","forecast","2.98311133114998"
"exdqlm_multivar_synth_keep","draw_038",583,"2023-01-03","forecast","3.00296359866144"
"exdqlm_multivar_synth_keep","draw_038",583,"2023-01-04","forecast","3.07567327658891"
"exdqlm_multivar_synth_keep","draw_038",583,"2023-01-05","forecast","3.15144902663072"
"exdqlm_multivar_synth_keep","draw_038",583,"2023-01-06","forecast","3.20612476090900"
"exdqlm_multivar_synth_keep","draw_038",583,"2023-01-07","forecast","3.19184349662060"
"exdqlm_multivar_synth_keep","draw_038",583,"2023-01-08","forecast","3.16746284518905"
"exdqlm_multivar_synth_keep","draw_038",583,"2023-01-09","forecast","3.18606631637149"
"exdqlm_multivar_synth_keep","draw_038",583,"2023-01-10","forecast","3.10029556997858"
"exdqlm_multivar_synth_keep","draw_038",583,"2023-01-11","forecast","3.09942097538300"
"exdqlm_multivar_synth_keep","draw_038",583,"2023-01-12","forecast","3.00942901053434"
"exdqlm_multivar_synth_keep","draw_038",583,"2023-01-13","forecast","2.97144065264415"
"exdqlm_multivar_synth_keep","draw_038",583,"2023-01-14","forecast","2.91772069046775"
"exdqlm_multivar_synth_keep","draw_038",583,"2023-01-15","forecast","2.84824168346432"
"exdqlm_multivar_synth_keep","draw_038",583,"2023-01-16","forecast","2.79562806572607"
"exdqlm_multivar_synth_keep","draw_038",583,"2023-01-17","forecast","2.67130244739648"
"exdqlm_multivar_synth_keep","draw_038",583,"2023-01-18","forecast","2.59064518937960"
"exdqlm_multivar_synth_keep","draw_038",583,"2023-01-19","forecast","2.53558301937719"
"exdqlm_multivar_synth_keep","draw_038",583,"2023-01-20","forecast","2.52876513756131"
"exdqlm_multivar_synth_keep","draw_038",583,"2023-01-21","forecast","2.46743551837045"
"exdqlm_multivar_synth_keep","draw_038",583,"2023-01-22","forecast","2.42640735880472"
"exdqlm_multivar_synth_keep","draw_039",599,"2022-12-26","forecast","1.06066215523743"
"exdqlm_multivar_synth_keep","draw_039",599,"2022-12-27","forecast","1.59861009763969"
"exdqlm_multivar_synth_keep","draw_039",599,"2022-12-28","forecast","2.31508211929442"
"exdqlm_multivar_synth_keep","draw_039",599,"2022-12-29","forecast","2.39918507571929"
"exdqlm_multivar_synth_keep","draw_039",599,"2022-12-30","forecast","2.51845584081410"
"exdqlm_multivar_synth_keep","draw_039",599,"2022-12-31","forecast","2.89349931127193"
"exdqlm_multivar_synth_keep","draw_039",599,"2023-01-01","forecast","3.07728373290917"
"exdqlm_multivar_synth_keep","draw_039",599,"2023-01-02","forecast","2.98319856055893"
"exdqlm_multivar_synth_keep","draw_039",599,"2023-01-03","forecast","3.00298030990991"
"exdqlm_multivar_synth_keep","draw_039",599,"2023-01-04","forecast","3.07694553342871"
"exdqlm_multivar_synth_keep","draw_039",599,"2023-01-05","forecast","3.15183160109715"
"exdqlm_multivar_synth_keep","draw_039",599,"2023-01-06","forecast","3.20789912394753"
"exdqlm_multivar_synth_keep","draw_039",599,"2023-01-07","forecast","3.19376502231625"
"exdqlm_multivar_synth_keep","draw_039",599,"2023-01-08","forecast","3.17231697228714"
"exdqlm_multivar_synth_keep","draw_039",599,"2023-01-09","forecast","3.19290741965514"
"exdqlm_multivar_synth_keep","draw_039",599,"2023-01-10","forecast","3.10671450846981"
"exdqlm_multivar_synth_keep","draw_039",599,"2023-01-11","forecast","3.11075593288539"
"exdqlm_multivar_synth_keep","draw_039",599,"2023-01-12","forecast","3.01936965892602"
"exdqlm_multivar_synth_keep","draw_039",599,"2023-01-13","forecast","2.98124953830873"
"exdqlm_multivar_synth_keep","draw_039",599,"2023-01-14","forecast","2.92659820789919"
"exdqlm_multivar_synth_keep","draw_039",599,"2023-01-15","forecast","2.86276778813208"
"exdqlm_multivar_synth_keep","draw_039",599,"2023-01-16","forecast","2.80409278030250"
"exdqlm_multivar_synth_keep","draw_039",599,"2023-01-17","forecast","2.68013949844523"
"exdqlm_multivar_synth_keep","draw_039",599,"2023-01-18","forecast","2.60172820300852"
"exdqlm_multivar_synth_keep","draw_039",599,"2023-01-19","forecast","2.54183456845273"
"exdqlm_multivar_synth_keep","draw_039",599,"2023-01-20","forecast","2.53410847706532"
"exdqlm_multivar_synth_keep","draw_039",599,"2023-01-21","forecast","2.47061920247569"
"exdqlm_multivar_synth_keep","draw_039",599,"2023-01-22","forecast","2.43148662891416"
"exdqlm_multivar_synth_keep","draw_040",615,"2022-12-26","forecast","1.06471289766680"
"exdqlm_multivar_synth_keep","draw_040",615,"2022-12-27","forecast","1.59864253144075"
"exdqlm_multivar_synth_keep","draw_040",615,"2022-12-28","forecast","2.31789190520839"
"exdqlm_multivar_synth_keep","draw_040",615,"2022-12-29","forecast","2.39922397525793"
"exdqlm_multivar_synth_keep","draw_040",615,"2022-12-30","forecast","2.51848919920387"
"exdqlm_multivar_synth_keep","draw_040",615,"2022-12-31","forecast","2.89352751206237"
"exdqlm_multivar_synth_keep","draw_040",615,"2023-01-01","forecast","3.07731895713570"
"exdqlm_multivar_synth_keep","draw_040",615,"2023-01-02","forecast","2.98328945680033"
"exdqlm_multivar_synth_keep","draw_040",615,"2023-01-03","forecast","3.00299604784535"
"exdqlm_multivar_synth_keep","draw_040",615,"2023-01-04","forecast","3.07826953417248"
"exdqlm_multivar_synth_keep","draw_040",615,"2023-01-05","forecast","3.15310322025612"
"exdqlm_multivar_synth_keep","draw_040",615,"2023-01-06","forecast","3.20842046751030"
"exdqlm_multivar_synth_keep","draw_040",615,"2023-01-07","forecast","3.19702281902717"
"exdqlm_multivar_synth_keep","draw_040",615,"2023-01-08","forecast","3.18028641466265"
"exdqlm_multivar_synth_keep","draw_040",615,"2023-01-09","forecast","3.19891262374247"
"exdqlm_multivar_synth_keep","draw_040",615,"2023-01-10","forecast","3.11192130699816"
"exdqlm_multivar_synth_keep","draw_040",615,"2023-01-11","forecast","3.12102137442054"
"exdqlm_multivar_synth_keep","draw_040",615,"2023-01-12","forecast","3.03086890830408"
"exdqlm_multivar_synth_keep","draw_040",615,"2023-01-13","forecast","2.98707463580241"
"exdqlm_multivar_synth_keep","draw_040",615,"2023-01-14","forecast","2.93464803669017"
"exdqlm_multivar_synth_keep","draw_040",615,"2023-01-15","forecast","2.87181058089689"
"exdqlm_multivar_synth_keep","draw_040",615,"2023-01-16","forecast","2.81146679953896"
"exdqlm_multivar_synth_keep","draw_040",615,"2023-01-17","forecast","2.68688711306213"
"exdqlm_multivar_synth_keep","draw_040",615,"2023-01-18","forecast","2.61219803542681"
"exdqlm_multivar_synth_keep","draw_040",615,"2023-01-19","forecast","2.55235838017325"
"exdqlm_multivar_synth_keep","draw_040",615,"2023-01-20","forecast","2.53992697415633"
"exdqlm_multivar_synth_keep","draw_040",615,"2023-01-21","forecast","2.47546805036848"
"exdqlm_multivar_synth_keep","draw_040",615,"2023-01-22","forecast","2.43595397894584"
"exdqlm_multivar_synth_keep","draw_041",631,"2022-12-26","forecast","1.06891415637854"
"exdqlm_multivar_synth_keep","draw_041",631,"2022-12-27","forecast","1.59867106532395"
"exdqlm_multivar_synth_keep","draw_041",631,"2022-12-28","forecast","2.32002022047435"
"exdqlm_multivar_synth_keep","draw_041",631,"2022-12-29","forecast","2.39926849795648"
"exdqlm_multivar_synth_keep","draw_041",631,"2022-12-30","forecast","2.51852313599993"
"exdqlm_multivar_synth_keep","draw_041",631,"2022-12-31","forecast","2.89355117266129"
"exdqlm_multivar_synth_keep","draw_041",631,"2023-01-01","forecast","3.07733731600639"
"exdqlm_multivar_synth_keep","draw_041",631,"2023-01-02","forecast","2.98342683049835"
"exdqlm_multivar_synth_keep","draw_041",631,"2023-01-03","forecast","3.00300824588873"
"exdqlm_multivar_synth_keep","draw_041",631,"2023-01-04","forecast","3.08030683373851"
"exdqlm_multivar_synth_keep","draw_041",631,"2023-01-05","forecast","3.15360921008036"
"exdqlm_multivar_synth_keep","draw_041",631,"2023-01-06","forecast","3.21002396060424"
"exdqlm_multivar_synth_keep","draw_041",631,"2023-01-07","forecast","3.20072986116409"
"exdqlm_multivar_synth_keep","draw_041",631,"2023-01-08","forecast","3.18814575558356"
"exdqlm_multivar_synth_keep","draw_041",631,"2023-01-09","forecast","3.20539548570240"
"exdqlm_multivar_synth_keep","draw_041",631,"2023-01-10","forecast","3.12036219016170"
"exdqlm_multivar_synth_keep","draw_041",631,"2023-01-11","forecast","3.12744366204796"
"exdqlm_multivar_synth_keep","draw_041",631,"2023-01-12","forecast","3.04321633636218"
"exdqlm_multivar_synth_keep","draw_041",631,"2023-01-13","forecast","2.99959460326781"
"exdqlm_multivar_synth_keep","draw_041",631,"2023-01-14","forecast","2.94452603046293"
"exdqlm_multivar_synth_keep","draw_041",631,"2023-01-15","forecast","2.88151393234307"
"exdqlm_multivar_synth_keep","draw_041",631,"2023-01-16","forecast","2.82026293268519"
"exdqlm_multivar_synth_keep","draw_041",631,"2023-01-17","forecast","2.69325816360058"
"exdqlm_multivar_synth_keep","draw_041",631,"2023-01-18","forecast","2.61794568618607"
"exdqlm_multivar_synth_keep","draw_041",631,"2023-01-19","forecast","2.56107892549806"
"exdqlm_multivar_synth_keep","draw_041",631,"2023-01-20","forecast","2.54489795031298"
"exdqlm_multivar_synth_keep","draw_041",631,"2023-01-21","forecast","2.48527295748346"
"exdqlm_multivar_synth_keep","draw_041",631,"2023-01-22","forecast","2.44009549182995"
"exdqlm_multivar_synth_keep","draw_042",646,"2022-12-26","forecast","1.07296889691514"
"exdqlm_multivar_synth_keep","draw_042",646,"2022-12-27","forecast","1.59869967004826"
"exdqlm_multivar_synth_keep","draw_042",646,"2022-12-28","forecast","2.32132878494168"
"exdqlm_multivar_synth_keep","draw_042",646,"2022-12-29","forecast","2.39929402044237"
"exdqlm_multivar_synth_keep","draw_042",646,"2022-12-30","forecast","2.51859923822670"
"exdqlm_multivar_synth_keep","draw_042",646,"2022-12-31","forecast","2.89359628856082"
"exdqlm_multivar_synth_keep","draw_042",646,"2023-01-01","forecast","3.07743226920800"
"exdqlm_multivar_synth_keep","draw_042",646,"2023-01-02","forecast","2.98354789462109"
"exdqlm_multivar_synth_keep","draw_042",646,"2023-01-03","forecast","3.00301576191061"
"exdqlm_multivar_synth_keep","draw_042",646,"2023-01-04","forecast","3.08200181601145"
"exdqlm_multivar_synth_keep","draw_042",646,"2023-01-05","forecast","3.15406505205148"
"exdqlm_multivar_synth_keep","draw_042",646,"2023-01-06","forecast","3.21066994484882"
"exdqlm_multivar_synth_keep","draw_042",646,"2023-01-07","forecast","3.20618424518335"
"exdqlm_multivar_synth_keep","draw_042",646,"2023-01-08","forecast","3.19655251491354"
"exdqlm_multivar_synth_keep","draw_042",646,"2023-01-09","forecast","3.21328410367934"
"exdqlm_multivar_synth_keep","draw_042",646,"2023-01-10","forecast","3.13038618105365"
"exdqlm_multivar_synth_keep","draw_042",646,"2023-01-11","forecast","3.13766135389495"
"exdqlm_multivar_synth_keep","draw_042",646,"2023-01-12","forecast","3.05546701457414"
"exdqlm_multivar_synth_keep","draw_042",646,"2023-01-13","forecast","3.01254337460256"
"exdqlm_multivar_synth_keep","draw_042",646,"2023-01-14","forecast","2.95356323360555"
"exdqlm_multivar_synth_keep","draw_042",646,"2023-01-15","forecast","2.89165021276574"
"exdqlm_multivar_synth_keep","draw_042",646,"2023-01-16","forecast","2.82944695605673"
"exdqlm_multivar_synth_keep","draw_042",646,"2023-01-17","forecast","2.69886586058844"
"exdqlm_multivar_synth_keep","draw_042",646,"2023-01-18","forecast","2.62880923515972"
"exdqlm_multivar_synth_keep","draw_042",646,"2023-01-19","forecast","2.56661652148368"
"exdqlm_multivar_synth_keep","draw_042",646,"2023-01-20","forecast","2.54961538198286"
"exdqlm_multivar_synth_keep","draw_042",646,"2023-01-21","forecast","2.49077063344967"
"exdqlm_multivar_synth_keep","draw_042",646,"2023-01-22","forecast","2.44284952080776"
"exdqlm_multivar_synth_keep","draw_043",662,"2022-12-26","forecast","1.07532377033115"
"exdqlm_multivar_synth_keep","draw_043",662,"2022-12-27","forecast","1.59871728392148"
"exdqlm_multivar_synth_keep","draw_043",662,"2022-12-28","forecast","2.32450654962410"
"exdqlm_multivar_synth_keep","draw_043",662,"2022-12-29","forecast","2.39932123555746"
"exdqlm_multivar_synth_keep","draw_043",662,"2022-12-30","forecast","2.51863015644758"
"exdqlm_multivar_synth_keep","draw_043",662,"2022-12-31","forecast","2.89362835080807"
"exdqlm_multivar_synth_keep","draw_043",662,"2023-01-01","forecast","3.07750105726595"
"exdqlm_multivar_synth_keep","draw_043",662,"2023-01-02","forecast","2.98362626725545"
"exdqlm_multivar_synth_keep","draw_043",662,"2023-01-03","forecast","3.00309217246186"
"exdqlm_multivar_synth_keep","draw_043",662,"2023-01-04","forecast","3.08229701704814"
"exdqlm_multivar_synth_keep","draw_043",662,"2023-01-05","forecast","3.15450104838647"
"exdqlm_multivar_synth_keep","draw_043",662,"2023-01-06","forecast","3.21108846108312"
"exdqlm_multivar_synth_keep","draw_043",662,"2023-01-07","forecast","3.20982617199882"
"exdqlm_multivar_synth_keep","draw_043",662,"2023-01-08","forecast","3.20730508672690"
"exdqlm_multivar_synth_keep","draw_043",662,"2023-01-09","forecast","3.21756611502142"
"exdqlm_multivar_synth_keep","draw_043",662,"2023-01-10","forecast","3.13883878816371"
"exdqlm_multivar_synth_keep","draw_043",662,"2023-01-11","forecast","3.14469223499921"
"exdqlm_multivar_synth_keep","draw_043",662,"2023-01-12","forecast","3.06163513440454"
"exdqlm_multivar_synth_keep","draw_043",662,"2023-01-13","forecast","3.02381900743077"
"exdqlm_multivar_synth_keep","draw_043",662,"2023-01-14","forecast","2.96448144158858"
"exdqlm_multivar_synth_keep","draw_043",662,"2023-01-15","forecast","2.90373208165453"
"exdqlm_multivar_synth_keep","draw_043",662,"2023-01-16","forecast","2.83830498709485"
"exdqlm_multivar_synth_keep","draw_043",662,"2023-01-17","forecast","2.71045285195687"
"exdqlm_multivar_synth_keep","draw_043",662,"2023-01-18","forecast","2.63847900843683"
"exdqlm_multivar_synth_keep","draw_043",662,"2023-01-19","forecast","2.57892005325851"
"exdqlm_multivar_synth_keep","draw_043",662,"2023-01-20","forecast","2.55668177726484"
"exdqlm_multivar_synth_keep","draw_043",662,"2023-01-21","forecast","2.49867236799044"
"exdqlm_multivar_synth_keep","draw_043",662,"2023-01-22","forecast","2.44597130151164"
"exdqlm_multivar_synth_keep","draw_044",678,"2022-12-26","forecast","1.08020206710996"
"exdqlm_multivar_synth_keep","draw_044",678,"2022-12-27","forecast","1.59873604105538"
"exdqlm_multivar_synth_keep","draw_044",678,"2022-12-28","forecast","2.32679519898623"
"exdqlm_multivar_synth_keep","draw_044",678,"2022-12-29","forecast","2.39934798705648"
"exdqlm_multivar_synth_keep","draw_044",678,"2022-12-30","forecast","2.51871856596554"
"exdqlm_multivar_synth_keep","draw_044",678,"2022-12-31","forecast","2.89367158659372"
"exdqlm_multivar_synth_keep","draw_044",678,"2023-01-01","forecast","3.07757494808757"
"exdqlm_multivar_synth_keep","draw_044",678,"2023-01-02","forecast","2.98376490397841"
"exdqlm_multivar_synth_keep","draw_044",678,"2023-01-03","forecast","3.00311576879375"
"exdqlm_multivar_synth_keep","draw_044",678,"2023-01-04","forecast","3.08251679832645"
"exdqlm_multivar_synth_keep","draw_044",678,"2023-01-05","forecast","3.15547907100244"
"exdqlm_multivar_synth_keep","draw_044",678,"2023-01-06","forecast","3.21169790916778"
"exdqlm_multivar_synth_keep","draw_044",678,"2023-01-07","forecast","3.21392630759716"
"exdqlm_multivar_synth_keep","draw_044",678,"2023-01-08","forecast","3.21210714445389"
"exdqlm_multivar_synth_keep","draw_044",678,"2023-01-09","forecast","3.21780375196229"
"exdqlm_multivar_synth_keep","draw_044",678,"2023-01-10","forecast","3.14955474725787"
"exdqlm_multivar_synth_keep","draw_044",678,"2023-01-11","forecast","3.14517310966086"
"exdqlm_multivar_synth_keep","draw_044",678,"2023-01-12","forecast","3.07025813026691"
"exdqlm_multivar_synth_keep","draw_044",678,"2023-01-13","forecast","3.02917063133489"
"exdqlm_multivar_synth_keep","draw_044",678,"2023-01-14","forecast","2.96816204054435"
"exdqlm_multivar_synth_keep","draw_044",678,"2023-01-15","forecast","2.91430425116350"
"exdqlm_multivar_synth_keep","draw_044",678,"2023-01-16","forecast","2.84349216903140"
"exdqlm_multivar_synth_keep","draw_044",678,"2023-01-17","forecast","2.72505801112735"
"exdqlm_multivar_synth_keep","draw_044",678,"2023-01-18","forecast","2.64822319661804"
"exdqlm_multivar_synth_keep","draw_044",678,"2023-01-19","forecast","2.58634599265381"
"exdqlm_multivar_synth_keep","draw_044",678,"2023-01-20","forecast","2.56207560219259"
"exdqlm_multivar_synth_keep","draw_044",678,"2023-01-21","forecast","2.50655403411776"
"exdqlm_multivar_synth_keep","draw_044",678,"2023-01-22","forecast","2.44946307276445"
"exdqlm_multivar_synth_keep","draw_045",694,"2022-12-26","forecast","1.08356451890499"
"exdqlm_multivar_synth_keep","draw_045",694,"2022-12-27","forecast","1.59875780047064"
"exdqlm_multivar_synth_keep","draw_045",694,"2022-12-28","forecast","2.32871401326851"
"exdqlm_multivar_synth_keep","draw_045",694,"2022-12-29","forecast","2.39938397850439"
"exdqlm_multivar_synth_keep","draw_045",694,"2022-12-30","forecast","2.51880171602968"
"exdqlm_multivar_synth_keep","draw_045",694,"2022-12-31","forecast","2.89370449639978"
"exdqlm_multivar_synth_keep","draw_045",694,"2023-01-01","forecast","3.07762769008778"
"exdqlm_multivar_synth_keep","draw_045",694,"2023-01-02","forecast","2.98390083292513"
"exdqlm_multivar_synth_keep","draw_045",694,"2023-01-03","forecast","3.00317862517034"
"exdqlm_multivar_synth_keep","draw_045",694,"2023-01-04","forecast","3.08268690792426"
"exdqlm_multivar_synth_keep","draw_045",694,"2023-01-05","forecast","3.15570415509705"
"exdqlm_multivar_synth_keep","draw_045",694,"2023-01-06","forecast","3.21217610189487"
"exdqlm_multivar_synth_keep","draw_045",694,"2023-01-07","forecast","3.21939651420687"
"exdqlm_multivar_synth_keep","draw_045",694,"2023-01-08","forecast","3.21911482031048"
"exdqlm_multivar_synth_keep","draw_045",694,"2023-01-09","forecast","3.21792315696289"
"exdqlm_multivar_synth_keep","draw_045",694,"2023-01-10","forecast","3.15548654509289"
"exdqlm_multivar_synth_keep","draw_045",694,"2023-01-11","forecast","3.14530657755316"
"exdqlm_multivar_synth_keep","draw_045",694,"2023-01-12","forecast","3.08393553902535"
"exdqlm_multivar_synth_keep","draw_045",694,"2023-01-13","forecast","3.02963033969866"
"exdqlm_multivar_synth_keep","draw_045",694,"2023-01-14","forecast","2.96858634430721"
"exdqlm_multivar_synth_keep","draw_045",694,"2023-01-15","forecast","2.91753833373261"
"exdqlm_multivar_synth_keep","draw_045",694,"2023-01-16","forecast","2.85151214170489"
"exdqlm_multivar_synth_keep","draw_045",694,"2023-01-17","forecast","2.73273131343534"
"exdqlm_multivar_synth_keep","draw_045",694,"2023-01-18","forecast","2.65565468761556"
"exdqlm_multivar_synth_keep","draw_045",694,"2023-01-19","forecast","2.58983091005355"
"exdqlm_multivar_synth_keep","draw_045",694,"2023-01-20","forecast","2.56225980949998"
"exdqlm_multivar_synth_keep","draw_045",694,"2023-01-21","forecast","2.51380690765962"
"exdqlm_multivar_synth_keep","draw_045",694,"2023-01-22","forecast","2.45359405883845"
"exdqlm_multivar_synth_keep","draw_046",709,"2022-12-26","forecast","1.08439978017223"
"exdqlm_multivar_synth_keep","draw_046",709,"2022-12-27","forecast","1.59876060264431"
"exdqlm_multivar_synth_keep","draw_046",709,"2022-12-28","forecast","2.32926248533750"
"exdqlm_multivar_synth_keep","draw_046",709,"2022-12-29","forecast","2.39940367635449"
"exdqlm_multivar_synth_keep","draw_046",709,"2022-12-30","forecast","2.51884833126759"
"exdqlm_multivar_synth_keep","draw_046",709,"2022-12-31","forecast","2.89375839281172"
"exdqlm_multivar_synth_keep","draw_046",709,"2023-01-01","forecast","3.07765323326708"
"exdqlm_multivar_synth_keep","draw_046",709,"2023-01-02","forecast","2.98393473422194"
"exdqlm_multivar_synth_keep","draw_046",709,"2023-01-03","forecast","3.00319014911961"
"exdqlm_multivar_synth_keep","draw_046",709,"2023-01-04","forecast","3.08274914300379"
"exdqlm_multivar_synth_keep","draw_046",709,"2023-01-05","forecast","3.15587970221970"
"exdqlm_multivar_synth_keep","draw_046",709,"2023-01-06","forecast","3.21434349152061"
"exdqlm_multivar_synth_keep","draw_046",709,"2023-01-07","forecast","3.22165354274891"
"exdqlm_multivar_synth_keep","draw_046",709,"2023-01-08","forecast","3.22377140756627"
"exdqlm_multivar_synth_keep","draw_046",709,"2023-01-09","forecast","3.21805875021312"
"exdqlm_multivar_synth_keep","draw_046",709,"2023-01-10","forecast","3.16337715283591"
"exdqlm_multivar_synth_keep","draw_046",709,"2023-01-11","forecast","3.14536793550110"
"exdqlm_multivar_synth_keep","draw_046",709,"2023-01-12","forecast","3.09329869108523"
"exdqlm_multivar_synth_keep","draw_046",709,"2023-01-13","forecast","3.03015328312166"
"exdqlm_multivar_synth_keep","draw_046",709,"2023-01-14","forecast","2.96887609465854"
"exdqlm_multivar_synth_keep","draw_046",709,"2023-01-15","forecast","2.92242962778341"
"exdqlm_multivar_synth_keep","draw_046",709,"2023-01-16","forecast","2.85738669203540"
"exdqlm_multivar_synth_keep","draw_046",709,"2023-01-17","forecast","2.74149024381917"
"exdqlm_multivar_synth_keep","draw_046",709,"2023-01-18","forecast","2.66244715027766"
"exdqlm_multivar_synth_keep","draw_046",709,"2023-01-19","forecast","2.59282119139858"
"exdqlm_multivar_synth_keep","draw_046",709,"2023-01-20","forecast","2.56268041416591"
"exdqlm_multivar_synth_keep","draw_046",709,"2023-01-21","forecast","2.51793013593331"
"exdqlm_multivar_synth_keep","draw_046",709,"2023-01-22","forecast","2.45843646676660"
"exdqlm_multivar_synth_keep","draw_047",725,"2022-12-26","forecast","1.08475415247971"
"exdqlm_multivar_synth_keep","draw_047",725,"2022-12-27","forecast","1.59878482428237"
"exdqlm_multivar_synth_keep","draw_047",725,"2022-12-28","forecast","2.32960076319846"
"exdqlm_multivar_synth_keep","draw_047",725,"2022-12-29","forecast","2.39945495935328"
"exdqlm_multivar_synth_keep","draw_047",725,"2022-12-30","forecast","2.51892991295153"
"exdqlm_multivar_synth_keep","draw_047",725,"2022-12-31","forecast","2.89377234644245"
"exdqlm_multivar_synth_keep","draw_047",725,"2023-01-01","forecast","3.07772102004125"
"exdqlm_multivar_synth_keep","draw_047",725,"2023-01-02","forecast","2.98398942163391"
"exdqlm_multivar_synth_keep","draw_047",725,"2023-01-03","forecast","3.00321543742246"
"exdqlm_multivar_synth_keep","draw_047",725,"2023-01-04","forecast","3.08286892947915"
"exdqlm_multivar_synth_keep","draw_047",725,"2023-01-05","forecast","3.15598332076236"
"exdqlm_multivar_synth_keep","draw_047",725,"2023-01-06","forecast","3.21481224653402"
"exdqlm_multivar_synth_keep","draw_047",725,"2023-01-07","forecast","3.22539287917772"
"exdqlm_multivar_synth_keep","draw_047",725,"2023-01-08","forecast","3.22434814041748"
"exdqlm_multivar_synth_keep","draw_047",725,"2023-01-09","forecast","3.21813941685263"
"exdqlm_multivar_synth_keep","draw_047",725,"2023-01-10","forecast","3.16381912336823"
"exdqlm_multivar_synth_keep","draw_047",725,"2023-01-11","forecast","3.14542242899234"
"exdqlm_multivar_synth_keep","draw_047",725,"2023-01-12","forecast","3.10632262819974"
"exdqlm_multivar_synth_keep","draw_047",725,"2023-01-13","forecast","3.03035789549473"
"exdqlm_multivar_synth_keep","draw_047",725,"2023-01-14","forecast","2.96947039421079"
"exdqlm_multivar_synth_keep","draw_047",725,"2023-01-15","forecast","2.92282803351611"
"exdqlm_multivar_synth_keep","draw_047",725,"2023-01-16","forecast","2.86320208575130"
"exdqlm_multivar_synth_keep","draw_047",725,"2023-01-17","forecast","2.75251046465515"
"exdqlm_multivar_synth_keep","draw_047",725,"2023-01-18","forecast","2.66267885441114"
"exdqlm_multivar_synth_keep","draw_047",725,"2023-01-19","forecast","2.59306331752019"
"exdqlm_multivar_synth_keep","draw_047",725,"2023-01-20","forecast","2.56290133037235"
"exdqlm_multivar_synth_keep","draw_047",725,"2023-01-21","forecast","2.51837006768336"
"exdqlm_multivar_synth_keep","draw_047",725,"2023-01-22","forecast","2.45875728086525"
"exdqlm_multivar_synth_keep","draw_048",741,"2022-12-26","forecast","1.08489119983569"
"exdqlm_multivar_synth_keep","draw_048",741,"2022-12-27","forecast","1.59882032468516"
"exdqlm_multivar_synth_keep","draw_048",741,"2022-12-28","forecast","2.32975752546444"
"exdqlm_multivar_synth_keep","draw_048",741,"2022-12-29","forecast","2.39949998966374"
"exdqlm_multivar_synth_keep","draw_048",741,"2022-12-30","forecast","2.51899726096178"
"exdqlm_multivar_synth_keep","draw_048",741,"2022-12-31","forecast","2.89378355903062"
"exdqlm_multivar_synth_keep","draw_048",741,"2023-01-01","forecast","3.07779111504678"
"exdqlm_multivar_synth_keep","draw_048",741,"2023-01-02","forecast","2.98416160656040"
"exdqlm_multivar_synth_keep","draw_048",741,"2023-01-03","forecast","3.00325068400345"
"exdqlm_multivar_synth_keep","draw_048",741,"2023-01-04","forecast","3.08294748352503"
"exdqlm_multivar_synth_keep","draw_048",741,"2023-01-05","forecast","3.15617721205640"
"exdqlm_multivar_synth_keep","draw_048",741,"2023-01-06","forecast","3.21503272887601"
"exdqlm_multivar_synth_keep","draw_048",741,"2023-01-07","forecast","3.22632504657836"
"exdqlm_multivar_synth_keep","draw_048",741,"2023-01-08","forecast","3.22457625940931"
"exdqlm_multivar_synth_keep","draw_048",741,"2023-01-09","forecast","3.21835528373576"
"exdqlm_multivar_synth_keep","draw_048",741,"2023-01-10","forecast","3.16396209890651"
"exdqlm_multivar_synth_keep","draw_048",741,"2023-01-11","forecast","3.14551804260134"
"exdqlm_multivar_synth_keep","draw_048",741,"2023-01-12","forecast","3.10690422187694"
"exdqlm_multivar_synth_keep","draw_048",741,"2023-01-13","forecast","3.03063839320502"
"exdqlm_multivar_synth_keep","draw_048",741,"2023-01-14","forecast","2.96992768014586"
"exdqlm_multivar_synth_keep","draw_048",741,"2023-01-15","forecast","2.92303986690343"
"exdqlm_multivar_synth_keep","draw_048",741,"2023-01-16","forecast","2.86372626358993"
"exdqlm_multivar_synth_keep","draw_048",741,"2023-01-17","forecast","2.75282023903683"
"exdqlm_multivar_synth_keep","draw_048",741,"2023-01-18","forecast","2.66288368947103"
"exdqlm_multivar_synth_keep","draw_048",741,"2023-01-19","forecast","2.59312106840751"
"exdqlm_multivar_synth_keep","draw_048",741,"2023-01-20","forecast","2.56311067332625"
"exdqlm_multivar_synth_keep","draw_048",741,"2023-01-21","forecast","2.51851179288869"
"exdqlm_multivar_synth_keep","draw_048",741,"2023-01-22","forecast","2.45886470443629"
"exdqlm_multivar_synth_keep","draw_049",757,"2022-12-26","forecast","1.08542091642848"
"exdqlm_multivar_synth_keep","draw_049",757,"2022-12-27","forecast","1.59890916550390"
"exdqlm_multivar_synth_keep","draw_049",757,"2022-12-28","forecast","2.33000353035339"
"exdqlm_multivar_synth_keep","draw_049",757,"2022-12-29","forecast","2.39955068655614"
"exdqlm_multivar_synth_keep","draw_049",757,"2022-12-30","forecast","2.51909655711712"
"exdqlm_multivar_synth_keep","draw_049",757,"2022-12-31","forecast","2.89379470916347"
"exdqlm_multivar_synth_keep","draw_049",757,"2023-01-01","forecast","3.07785677720127"
"exdqlm_multivar_synth_keep","draw_049",757,"2023-01-02","forecast","2.98426851032365"
"exdqlm_multivar_synth_keep","draw_049",757,"2023-01-03","forecast","3.00328374503539"
"exdqlm_multivar_synth_keep","draw_049",757,"2023-01-04","forecast","3.08302101133672"
"exdqlm_multivar_synth_keep","draw_049",757,"2023-01-05","forecast","3.15629633482696"
"exdqlm_multivar_synth_keep","draw_049",757,"2023-01-06","forecast","3.21512583484749"
"exdqlm_multivar_synth_keep","draw_049",757,"2023-01-07","forecast","3.22645347350144"
"exdqlm_multivar_synth_keep","draw_049",757,"2023-01-08","forecast","3.22465367943722"
"exdqlm_multivar_synth_keep","draw_049",757,"2023-01-09","forecast","3.21841453823578"
"exdqlm_multivar_synth_keep","draw_049",757,"2023-01-10","forecast","3.16410279452664"
"exdqlm_multivar_synth_keep","draw_049",757,"2023-01-11","forecast","3.14557114313725"
"exdqlm_multivar_synth_keep","draw_049",757,"2023-01-12","forecast","3.10698079743322"
"exdqlm_multivar_synth_keep","draw_049",757,"2023-01-13","forecast","3.03070704305864"
"exdqlm_multivar_synth_keep","draw_049",757,"2023-01-14","forecast","2.97004154080950"
"exdqlm_multivar_synth_keep","draw_049",757,"2023-01-15","forecast","2.92313140395459"
"exdqlm_multivar_synth_keep","draw_049",757,"2023-01-16","forecast","2.86388928505678"
"exdqlm_multivar_synth_keep","draw_049",757,"2023-01-17","forecast","2.75323582089739"
"exdqlm_multivar_synth_keep","draw_049",757,"2023-01-18","forecast","2.66303214216433"
"exdqlm_multivar_synth_keep","draw_049",757,"2023-01-19","forecast","2.59324888619597"
"exdqlm_multivar_synth_keep","draw_049",757,"2023-01-20","forecast","2.56338893649028"
"exdqlm_multivar_synth_keep","draw_049",757,"2023-01-21","forecast","2.51860696244025"
"exdqlm_multivar_synth_keep","draw_049",757,"2023-01-22","forecast","2.45898108069530"
"exdqlm_multivar_synth_keep","draw_050",772,"2022-12-26","forecast","1.08555417548841"
"exdqlm_multivar_synth_keep","draw_050",772,"2022-12-27","forecast","1.59896904141424"
"exdqlm_multivar_synth_keep","draw_050",772,"2022-12-28","forecast","2.33014712923446"
"exdqlm_multivar_synth_keep","draw_050",772,"2022-12-29","forecast","2.39957782699387"
"exdqlm_multivar_synth_keep","draw_050",772,"2022-12-30","forecast","2.51928462890546"
"exdqlm_multivar_synth_keep","draw_050",772,"2022-12-31","forecast","2.89384246291168"
"exdqlm_multivar_synth_keep","draw_050",772,"2023-01-01","forecast","3.07797779784387"
"exdqlm_multivar_synth_keep","draw_050",772,"2023-01-02","forecast","2.98440154905936"
"exdqlm_multivar_synth_keep","draw_050",772,"2023-01-03","forecast","3.00330803492277"
"exdqlm_multivar_synth_keep","draw_050",772,"2023-01-04","forecast","3.08312589817509"
"exdqlm_multivar_synth_keep","draw_050",772,"2023-01-05","forecast","3.15641421669429"
"exdqlm_multivar_synth_keep","draw_050",772,"2023-01-06","forecast","3.21523305129231"
"exdqlm_multivar_synth_keep","draw_050",772,"2023-01-07","forecast","3.22663228019008"
"exdqlm_multivar_synth_keep","draw_050",772,"2023-01-08","forecast","3.22484025981515"
"exdqlm_multivar_synth_keep","draw_050",772,"2023-01-09","forecast","3.21849342033948"
"exdqlm_multivar_synth_keep","draw_050",772,"2023-01-10","forecast","3.16419678284543"
"exdqlm_multivar_synth_keep","draw_050",772,"2023-01-11","forecast","3.14561307050248"
"exdqlm_multivar_synth_keep","draw_050",772,"2023-01-12","forecast","3.10710970547183"
"exdqlm_multivar_synth_keep","draw_050",772,"2023-01-13","forecast","3.03076817847332"
"exdqlm_multivar_synth_keep","draw_050",772,"2023-01-14","forecast","2.97018910120058"
"exdqlm_multivar_synth_keep","draw_050",772,"2023-01-15","forecast","2.92324726401733"
"exdqlm_multivar_synth_keep","draw_050",772,"2023-01-16","forecast","2.86406556275576"
"exdqlm_multivar_synth_keep","draw_050",772,"2023-01-17","forecast","2.75352864028323"
"exdqlm_multivar_synth_keep","draw_050",772,"2023-01-18","forecast","2.66327141819783"
"exdqlm_multivar_synth_keep","draw_050",772,"2023-01-19","forecast","2.59334789227480"
"exdqlm_multivar_synth_keep","draw_050",772,"2023-01-20","forecast","2.56353710279357"
"exdqlm_multivar_synth_keep","draw_050",772,"2023-01-21","forecast","2.51864247267823"
"exdqlm_multivar_synth_keep","draw_050",772,"2023-01-22","forecast","2.45921733493997"
"exdqlm_multivar_synth_keep","draw_051",788,"2022-12-26","forecast","1.08579444886842"
"exdqlm_multivar_synth_keep","draw_051",788,"2022-12-27","forecast","1.59903556048583"
"exdqlm_multivar_synth_keep","draw_051",788,"2022-12-28","forecast","2.33020052457257"
"exdqlm_multivar_synth_keep","draw_051",788,"2022-12-29","forecast","2.39960614758237"
"exdqlm_multivar_synth_keep","draw_051",788,"2022-12-30","forecast","2.51955895234937"
"exdqlm_multivar_synth_keep","draw_051",788,"2022-12-31","forecast","2.89389102780656"
"exdqlm_multivar_synth_keep","draw_051",788,"2023-01-01","forecast","3.07801982300109"
"exdqlm_multivar_synth_keep","draw_051",788,"2023-01-02","forecast","2.98452127086819"
"exdqlm_multivar_synth_keep","draw_051",788,"2023-01-03","forecast","3.00335209102569"
"exdqlm_multivar_synth_keep","draw_051",788,"2023-01-04","forecast","3.08319477833844"
"exdqlm_multivar_synth_keep","draw_051",788,"2023-01-05","forecast","3.15670005549505"
"exdqlm_multivar_synth_keep","draw_051",788,"2023-01-06","forecast","3.21531931473809"
"exdqlm_multivar_synth_keep","draw_051",788,"2023-01-07","forecast","3.22673633087900"
"exdqlm_multivar_synth_keep","draw_051",788,"2023-01-08","forecast","3.22507092356161"
"exdqlm_multivar_synth_keep","draw_051",788,"2023-01-09","forecast","3.21863157576211"
"exdqlm_multivar_synth_keep","draw_051",788,"2023-01-10","forecast","3.16430962639850"
"exdqlm_multivar_synth_keep","draw_051",788,"2023-01-11","forecast","3.14563126101995"
"exdqlm_multivar_synth_keep","draw_051",788,"2023-01-12","forecast","3.10720370927825"
"exdqlm_multivar_synth_keep","draw_051",788,"2023-01-13","forecast","3.03084324411384"
"exdqlm_multivar_synth_keep","draw_051",788,"2023-01-14","forecast","2.97029991580915"
"exdqlm_multivar_synth_keep","draw_051",788,"2023-01-15","forecast","2.92338122883425"
"exdqlm_multivar_synth_keep","draw_051",788,"2023-01-16","forecast","2.86420494493024"
"exdqlm_multivar_synth_keep","draw_051",788,"2023-01-17","forecast","2.75391750196120"
"exdqlm_multivar_synth_keep","draw_051",788,"2023-01-18","forecast","2.66335125291639"
"exdqlm_multivar_synth_keep","draw_051",788,"2023-01-19","forecast","2.59355245287668"
"exdqlm_multivar_synth_keep","draw_051",788,"2023-01-20","forecast","2.56370573245611"
"exdqlm_multivar_synth_keep","draw_051",788,"2023-01-21","forecast","2.51880097977630"
"exdqlm_multivar_synth_keep","draw_051",788,"2023-01-22","forecast","2.45935813715706"
"exdqlm_multivar_synth_keep","draw_052",804,"2022-12-26","forecast","1.08586625575680"
"exdqlm_multivar_synth_keep","draw_052",804,"2022-12-27","forecast","1.59909918556095"
"exdqlm_multivar_synth_keep","draw_052",804,"2022-12-28","forecast","2.33032982490948"
"exdqlm_multivar_synth_keep","draw_052",804,"2022-12-29","forecast","2.39964977021365"
"exdqlm_multivar_synth_keep","draw_052",804,"2022-12-30","forecast","2.51978195420233"
"exdqlm_multivar_synth_keep","draw_052",804,"2022-12-31","forecast","2.89392798235640"
"exdqlm_multivar_synth_keep","draw_052",804,"2023-01-01","forecast","3.07808214147338"
"exdqlm_multivar_synth_keep","draw_052",804,"2023-01-02","forecast","2.98455385597551"
"exdqlm_multivar_synth_keep","draw_052",804,"2023-01-03","forecast","3.00341026095330"
"exdqlm_multivar_synth_keep","draw_052",804,"2023-01-04","forecast","3.08329374752652"
"exdqlm_multivar_synth_keep","draw_052",804,"2023-01-05","forecast","3.15679548647119"
"exdqlm_multivar_synth_keep","draw_052",804,"2023-01-06","forecast","3.21535930172875"
"exdqlm_multivar_synth_keep","draw_052",804,"2023-01-07","forecast","3.22688086094303"
"exdqlm_multivar_synth_keep","draw_052",804,"2023-01-08","forecast","3.22532089760767"
"exdqlm_multivar_synth_keep","draw_052",804,"2023-01-09","forecast","3.21877923463580"
"exdqlm_multivar_synth_keep","draw_052",804,"2023-01-10","forecast","3.16437842789178"
"exdqlm_multivar_synth_keep","draw_052",804,"2023-01-11","forecast","3.14565732821073"
"exdqlm_multivar_synth_keep","draw_052",804,"2023-01-12","forecast","3.10736187804843"
"exdqlm_multivar_synth_keep","draw_052",804,"2023-01-13","forecast","3.03087721269080"
"exdqlm_multivar_synth_keep","draw_052",804,"2023-01-14","forecast","2.97031454056220"
"exdqlm_multivar_synth_keep","draw_052",804,"2023-01-15","forecast","2.92354420988906"
"exdqlm_multivar_synth_keep","draw_052",804,"2023-01-16","forecast","2.86446436913401"
"exdqlm_multivar_synth_keep","draw_052",804,"2023-01-17","forecast","2.75403365490113"
"exdqlm_multivar_synth_keep","draw_052",804,"2023-01-18","forecast","2.66355439923911"
"exdqlm_multivar_synth_keep","draw_052",804,"2023-01-19","forecast","2.59378361430188"
"exdqlm_multivar_synth_keep","draw_052",804,"2023-01-20","forecast","2.56382965374986"
"exdqlm_multivar_synth_keep","draw_052",804,"2023-01-21","forecast","2.51894379932151"
"exdqlm_multivar_synth_keep","draw_052",804,"2023-01-22","forecast","2.45945910194246"
"exdqlm_multivar_synth_keep","draw_053",819,"2022-12-26","forecast","1.08610319777666"
"exdqlm_multivar_synth_keep","draw_053",819,"2022-12-27","forecast","1.59916577655498"
"exdqlm_multivar_synth_keep","draw_053",819,"2022-12-28","forecast","2.33039465153546"
"exdqlm_multivar_synth_keep","draw_053",819,"2022-12-29","forecast","2.39967199012964"
"exdqlm_multivar_synth_keep","draw_053",819,"2022-12-30","forecast","2.51986744300128"
"exdqlm_multivar_synth_keep","draw_053",819,"2022-12-31","forecast","2.89395841085744"
"exdqlm_multivar_synth_keep","draw_053",819,"2023-01-01","forecast","3.07826885553190"
"exdqlm_multivar_synth_keep","draw_053",819,"2023-01-02","forecast","2.98459686772508"
"exdqlm_multivar_synth_keep","draw_053",819,"2023-01-03","forecast","3.00348290422001"
"exdqlm_multivar_synth_keep","draw_053",819,"2023-01-04","forecast","3.08350545905514"
"exdqlm_multivar_synth_keep","draw_053",819,"2023-01-05","forecast","3.15695429371410"
"exdqlm_multivar_synth_keep","draw_053",819,"2023-01-06","forecast","3.21541352068442"
"exdqlm_multivar_synth_keep","draw_053",819,"2023-01-07","forecast","3.22699308285256"
"exdqlm_multivar_synth_keep","draw_053",819,"2023-01-08","forecast","3.22546317909079"
"exdqlm_multivar_synth_keep","draw_053",819,"2023-01-09","forecast","3.21887792191054"
"exdqlm_multivar_synth_keep","draw_053",819,"2023-01-10","forecast","3.16444246312580"
"exdqlm_multivar_synth_keep","draw_053",819,"2023-01-11","forecast","3.14570499867477"
"exdqlm_multivar_synth_keep","draw_053",819,"2023-01-12","forecast","3.10748544209358"
"exdqlm_multivar_synth_keep","draw_053",819,"2023-01-13","forecast","3.03090046938872"
"exdqlm_multivar_synth_keep","draw_053",819,"2023-01-14","forecast","2.97043269126463"
"exdqlm_multivar_synth_keep","draw_053",819,"2023-01-15","forecast","2.92370237188777"
"exdqlm_multivar_synth_keep","draw_053",819,"2023-01-16","forecast","2.86453292924610"
"exdqlm_multivar_synth_keep","draw_053",819,"2023-01-17","forecast","2.75410866621147"
"exdqlm_multivar_synth_keep","draw_053",819,"2023-01-18","forecast","2.66395653808755"
"exdqlm_multivar_synth_keep","draw_053",819,"2023-01-19","forecast","2.59406355781229"
"exdqlm_multivar_synth_keep","draw_053",819,"2023-01-20","forecast","2.56398603703910"
"exdqlm_multivar_synth_keep","draw_053",819,"2023-01-21","forecast","2.51922672980138"
"exdqlm_multivar_synth_keep","draw_053",819,"2023-01-22","forecast","2.45963721586426"
"exdqlm_multivar_synth_keep","draw_054",835,"2022-12-26","forecast","1.08647540699832"
"exdqlm_multivar_synth_keep","draw_054",835,"2022-12-27","forecast","1.59924962957528"
"exdqlm_multivar_synth_keep","draw_054",835,"2022-12-28","forecast","2.33044970074005"
"exdqlm_multivar_synth_keep","draw_054",835,"2022-12-29","forecast","2.39972139612033"
"exdqlm_multivar_synth_keep","draw_054",835,"2022-12-30","forecast","2.52003727607409"
"exdqlm_multivar_synth_keep","draw_054",835,"2022-12-31","forecast","2.89397982470185"
"exdqlm_multivar_synth_keep","draw_054",835,"2023-01-01","forecast","3.07836268999838"
"exdqlm_multivar_synth_keep","draw_054",835,"2023-01-02","forecast","2.98474412828372"
"exdqlm_multivar_synth_keep","draw_054",835,"2023-01-03","forecast","3.00351049186597"
"exdqlm_multivar_synth_keep","draw_054",835,"2023-01-04","forecast","3.08360980634497"
"exdqlm_multivar_synth_keep","draw_054",835,"2023-01-05","forecast","3.15719639072661"
"exdqlm_multivar_synth_keep","draw_054",835,"2023-01-06","forecast","3.21547740546598"
"exdqlm_multivar_synth_keep","draw_054",835,"2023-01-07","forecast","3.22726432876547"
"exdqlm_multivar_synth_keep","draw_054",835,"2023-01-08","forecast","3.22557344977803"
"exdqlm_multivar_synth_keep","draw_054",835,"2023-01-09","forecast","3.21896522336270"
"exdqlm_multivar_synth_keep","draw_054",835,"2023-01-10","forecast","3.16450712215832"
"exdqlm_multivar_synth_keep","draw_054",835,"2023-01-11","forecast","3.14578156237967"
"exdqlm_multivar_synth_keep","draw_054",835,"2023-01-12","forecast","3.10783018104381"
"exdqlm_multivar_synth_keep","draw_054",835,"2023-01-13","forecast","3.03097651502920"
"exdqlm_multivar_synth_keep","draw_054",835,"2023-01-14","forecast","2.97050940675529"
"exdqlm_multivar_synth_keep","draw_054",835,"2023-01-15","forecast","2.92390414469759"
"exdqlm_multivar_synth_keep","draw_054",835,"2023-01-16","forecast","2.86463679132087"
"exdqlm_multivar_synth_keep","draw_054",835,"2023-01-17","forecast","2.75415588585135"
"exdqlm_multivar_synth_keep","draw_054",835,"2023-01-18","forecast","2.66414380491552"
"exdqlm_multivar_synth_keep","draw_054",835,"2023-01-19","forecast","2.59443735146371"
"exdqlm_multivar_synth_keep","draw_054",835,"2023-01-20","forecast","2.56417098321189"
"exdqlm_multivar_synth_keep","draw_054",835,"2023-01-21","forecast","2.51930806377996"
"exdqlm_multivar_synth_keep","draw_054",835,"2023-01-22","forecast","2.45981708689165"
"exdqlm_multivar_synth_keep","draw_055",851,"2022-12-26","forecast","1.08651993994222"
"exdqlm_multivar_synth_keep","draw_055",851,"2022-12-27","forecast","1.59938710255623"
"exdqlm_multivar_synth_keep","draw_055",851,"2022-12-28","forecast","2.33054027381587"
"exdqlm_multivar_synth_keep","draw_055",851,"2022-12-29","forecast","2.39976439560442"
"exdqlm_multivar_synth_keep","draw_055",851,"2022-12-30","forecast","2.52015422969574"
"exdqlm_multivar_synth_keep","draw_055",851,"2022-12-31","forecast","2.89400958409461"
"exdqlm_multivar_synth_keep","draw_055",851,"2023-01-01","forecast","3.07849882140150"
"exdqlm_multivar_synth_keep","draw_055",851,"2023-01-02","forecast","2.98482407554803"
"exdqlm_multivar_synth_keep","draw_055",851,"2023-01-03","forecast","3.00354284826881"
"exdqlm_multivar_synth_keep","draw_055",851,"2023-01-04","forecast","3.08368409435968"
"exdqlm_multivar_synth_keep","draw_055",851,"2023-01-05","forecast","3.15728727800137"
"exdqlm_multivar_synth_keep","draw_055",851,"2023-01-06","forecast","3.21551789273902"
"exdqlm_multivar_synth_keep","draw_055",851,"2023-01-07","forecast","3.22742417239404"
"exdqlm_multivar_synth_keep","draw_055",851,"2023-01-08","forecast","3.22569813677815"
"exdqlm_multivar_synth_keep","draw_055",851,"2023-01-09","forecast","3.21908303031458"
"exdqlm_multivar_synth_keep","draw_055",851,"2023-01-10","forecast","3.16453964822908"
"exdqlm_multivar_synth_keep","draw_055",851,"2023-01-11","forecast","3.14582821243185"
"exdqlm_multivar_synth_keep","draw_055",851,"2023-01-12","forecast","3.10792553497789"
"exdqlm_multivar_synth_keep","draw_055",851,"2023-01-13","forecast","3.03107592959916"
"exdqlm_multivar_synth_keep","draw_055",851,"2023-01-14","forecast","2.97058506776469"
"exdqlm_multivar_synth_keep","draw_055",851,"2023-01-15","forecast","2.92419252751156"
"exdqlm_multivar_synth_keep","draw_055",851,"2023-01-16","forecast","2.86473830185002"
"exdqlm_multivar_synth_keep","draw_055",851,"2023-01-17","forecast","2.75427633856573"
"exdqlm_multivar_synth_keep","draw_055",851,"2023-01-18","forecast","2.66427019292507"
"exdqlm_multivar_synth_keep","draw_055",851,"2023-01-19","forecast","2.59469121209722"
"exdqlm_multivar_synth_keep","draw_055",851,"2023-01-20","forecast","2.56433341715847"
"exdqlm_multivar_synth_keep","draw_055",851,"2023-01-21","forecast","2.51944649238308"
"exdqlm_multivar_synth_keep","draw_055",851,"2023-01-22","forecast","2.45996776014378"
"exdqlm_multivar_synth_keep","draw_056",867,"2022-12-26","forecast","1.08664964653619"
"exdqlm_multivar_synth_keep","draw_056",867,"2022-12-27","forecast","1.59946803563862"
"exdqlm_multivar_synth_keep","draw_056",867,"2022-12-28","forecast","2.33057799204578"
"exdqlm_multivar_synth_keep","draw_056",867,"2022-12-29","forecast","2.39978691223186"
"exdqlm_multivar_synth_keep","draw_056",867,"2022-12-30","forecast","2.52028688683211"
"exdqlm_multivar_synth_keep","draw_056",867,"2022-12-31","forecast","2.89402674875537"
"exdqlm_multivar_synth_keep","draw_056",867,"2023-01-01","forecast","3.07857528671157"
"exdqlm_multivar_synth_keep","draw_056",867,"2023-01-02","forecast","2.98497016494991"
"exdqlm_multivar_synth_keep","draw_056",867,"2023-01-03","forecast","3.00358409749626"
"exdqlm_multivar_synth_keep","draw_056",867,"2023-01-04","forecast","3.08372861686499"
"exdqlm_multivar_synth_keep","draw_056",867,"2023-01-05","forecast","3.15731958030893"
"exdqlm_multivar_synth_keep","draw_056",867,"2023-01-06","forecast","3.21562771425474"
"exdqlm_multivar_synth_keep","draw_056",867,"2023-01-07","forecast","3.22751168766568"
"exdqlm_multivar_synth_keep","draw_056",867,"2023-01-08","forecast","3.22580560659858"
"exdqlm_multivar_synth_keep","draw_056",867,"2023-01-09","forecast","3.21925114770692"
"exdqlm_multivar_synth_keep","draw_056",867,"2023-01-10","forecast","3.16457812877506"
"exdqlm_multivar_synth_keep","draw_056",867,"2023-01-11","forecast","3.14586267152101"
"exdqlm_multivar_synth_keep","draw_056",867,"2023-01-12","forecast","3.10807949907753"
"exdqlm_multivar_synth_keep","draw_056",867,"2023-01-13","forecast","3.03143821108406"
"exdqlm_multivar_synth_keep","draw_056",867,"2023-01-14","forecast","2.97065316853204"
"exdqlm_multivar_synth_keep","draw_056",867,"2023-01-15","forecast","2.92428600801518"
"exdqlm_multivar_synth_keep","draw_056",867,"2023-01-16","forecast","2.86477759187606"
"exdqlm_multivar_synth_keep","draw_056",867,"2023-01-17","forecast","2.75437770656993"
"exdqlm_multivar_synth_keep","draw_056",867,"2023-01-18","forecast","2.66440826005217"
"exdqlm_multivar_synth_keep","draw_056",867,"2023-01-19","forecast","2.59527215544639"
"exdqlm_multivar_synth_keep","draw_056",867,"2023-01-20","forecast","2.56449870332314"
"exdqlm_multivar_synth_keep","draw_056",867,"2023-01-21","forecast","2.51949564852102"
"exdqlm_multivar_synth_keep","draw_056",867,"2023-01-22","forecast","2.46019854398122"
"exdqlm_multivar_synth_keep","draw_057",882,"2022-12-26","forecast","1.08668867712002"
"exdqlm_multivar_synth_keep","draw_057",882,"2022-12-27","forecast","1.59955906629675"
"exdqlm_multivar_synth_keep","draw_057",882,"2022-12-28","forecast","2.33067700953093"
"exdqlm_multivar_synth_keep","draw_057",882,"2022-12-29","forecast","2.39982898922580"
"exdqlm_multivar_synth_keep","draw_057",882,"2022-12-30","forecast","2.52038538555362"
"exdqlm_multivar_synth_keep","draw_057",882,"2022-12-31","forecast","2.89404901675437"
"exdqlm_multivar_synth_keep","draw_057",882,"2023-01-01","forecast","3.07864399459405"
"exdqlm_multivar_synth_keep","draw_057",882,"2023-01-02","forecast","2.98504407200529"
"exdqlm_multivar_synth_keep","draw_057",882,"2023-01-03","forecast","3.00369605273223"
"exdqlm_multivar_synth_keep","draw_057",882,"2023-01-04","forecast","3.08376085735325"
"exdqlm_multivar_synth_keep","draw_057",882,"2023-01-05","forecast","3.15757210714653"
"exdqlm_multivar_synth_keep","draw_057",882,"2023-01-06","forecast","3.21568506390950"
"exdqlm_multivar_synth_keep","draw_057",882,"2023-01-07","forecast","3.22756463810158"
"exdqlm_multivar_synth_keep","draw_057",882,"2023-01-08","forecast","3.22596317126439"
"exdqlm_multivar_synth_keep","draw_057",882,"2023-01-09","forecast","3.21929169232781"
"exdqlm_multivar_synth_keep","draw_057",882,"2023-01-10","forecast","3.16463168204022"
"exdqlm_multivar_synth_keep","draw_057",882,"2023-01-11","forecast","3.14593087308258"
"exdqlm_multivar_synth_keep","draw_057",882,"2023-01-12","forecast","3.10834913715862"
"exdqlm_multivar_synth_keep","draw_057",882,"2023-01-13","forecast","3.03165889831119"
"exdqlm_multivar_synth_keep","draw_057",882,"2023-01-14","forecast","2.97082718142184"
"exdqlm_multivar_synth_keep","draw_057",882,"2023-01-15","forecast","2.92438178558276"
"exdqlm_multivar_synth_keep","draw_057",882,"2023-01-16","forecast","2.86484003149611"
"exdqlm_multivar_synth_keep","draw_057",882,"2023-01-17","forecast","2.75443007284126"
"exdqlm_multivar_synth_keep","draw_057",882,"2023-01-18","forecast","2.66452628784631"
"exdqlm_multivar_synth_keep","draw_057",882,"2023-01-19","forecast","2.59567013848257"
"exdqlm_multivar_synth_keep","draw_057",882,"2023-01-20","forecast","2.56475583175786"
"exdqlm_multivar_synth_keep","draw_057",882,"2023-01-21","forecast","2.51954744548304"
"exdqlm_multivar_synth_keep","draw_057",882,"2023-01-22","forecast","2.46028814084468"
"exdqlm_multivar_synth_keep","draw_058",898,"2022-12-26","forecast","1.08679087667853"
"exdqlm_multivar_synth_keep","draw_058",898,"2022-12-27","forecast","1.59973359283307"
"exdqlm_multivar_synth_keep","draw_058",898,"2022-12-28","forecast","2.33076930139773"
"exdqlm_multivar_synth_keep","draw_058",898,"2022-12-29","forecast","2.39988684158986"
"exdqlm_multivar_synth_keep","draw_058",898,"2022-12-30","forecast","2.52058040137347"
"exdqlm_multivar_synth_keep","draw_058",898,"2022-12-31","forecast","2.89409350476475"
"exdqlm_multivar_synth_keep","draw_058",898,"2023-01-01","forecast","3.07877852694050"
"exdqlm_multivar_synth_keep","draw_058",898,"2023-01-02","forecast","2.98513582666158"
"exdqlm_multivar_synth_keep","draw_058",898,"2023-01-03","forecast","3.00374602607594"
"exdqlm_multivar_synth_keep","draw_058",898,"2023-01-04","forecast","3.08392182338513"
"exdqlm_multivar_synth_keep","draw_058",898,"2023-01-05","forecast","3.15764474304314"
"exdqlm_multivar_synth_keep","draw_058",898,"2023-01-06","forecast","3.21577272987522"
"exdqlm_multivar_synth_keep","draw_058",898,"2023-01-07","forecast","3.22769294076998"
"exdqlm_multivar_synth_keep","draw_058",898,"2023-01-08","forecast","3.22602562360426"
"exdqlm_multivar_synth_keep","draw_058",898,"2023-01-09","forecast","3.21940894552227"
"exdqlm_multivar_synth_keep","draw_058",898,"2023-01-10","forecast","3.16467371400608"
"exdqlm_multivar_synth_keep","draw_058",898,"2023-01-11","forecast","3.14604134585208"
"exdqlm_multivar_synth_keep","draw_058",898,"2023-01-12","forecast","3.10845182133071"
"exdqlm_multivar_synth_keep","draw_058",898,"2023-01-13","forecast","3.03194495436431"
"exdqlm_multivar_synth_keep","draw_058",898,"2023-01-14","forecast","2.97087410443398"
"exdqlm_multivar_synth_keep","draw_058",898,"2023-01-15","forecast","2.92447978864065"
"exdqlm_multivar_synth_keep","draw_058",898,"2023-01-16","forecast","2.86495373660837"
"exdqlm_multivar_synth_keep","draw_058",898,"2023-01-17","forecast","2.75454804294602"
"exdqlm_multivar_synth_keep","draw_058",898,"2023-01-18","forecast","2.66481479765387"
"exdqlm_multivar_synth_keep","draw_058",898,"2023-01-19","forecast","2.59606081267498"
"exdqlm_multivar_synth_keep","draw_058",898,"2023-01-20","forecast","2.56479644954959"
"exdqlm_multivar_synth_keep","draw_058",898,"2023-01-21","forecast","2.51966262831745"
"exdqlm_multivar_synth_keep","draw_058",898,"2023-01-22","forecast","2.46035340107563"
"exdqlm_multivar_synth_keep","draw_059",914,"2022-12-26","forecast","1.08684195872811"
"exdqlm_multivar_synth_keep","draw_059",914,"2022-12-27","forecast","1.59996173625951"
"exdqlm_multivar_synth_keep","draw_059",914,"2022-12-28","forecast","2.33085941093938"
"exdqlm_multivar_synth_keep","draw_059",914,"2022-12-29","forecast","2.39992267758736"
"exdqlm_multivar_synth_keep","draw_059",914,"2022-12-30","forecast","2.52091177727101"
"exdqlm_multivar_synth_keep","draw_059",914,"2022-12-31","forecast","2.89411802887443"
"exdqlm_multivar_synth_keep","draw_059",914,"2023-01-01","forecast","3.07883376647975"
"exdqlm_multivar_synth_keep","draw_059",914,"2023-01-02","forecast","2.98538603560848"
"exdqlm_multivar_synth_keep","draw_059",914,"2023-01-03","forecast","3.00378318602997"
"exdqlm_multivar_synth_keep","draw_059",914,"2023-01-04","forecast","3.08425625921368"
"exdqlm_multivar_synth_keep","draw_059",914,"2023-01-05","forecast","3.15779207058205"
"exdqlm_multivar_synth_keep","draw_059",914,"2023-01-06","forecast","3.21585443874020"
"exdqlm_multivar_synth_keep","draw_059",914,"2023-01-07","forecast","3.22778011446521"
"exdqlm_multivar_synth_keep","draw_059",914,"2023-01-08","forecast","3.22610036271880"
"exdqlm_multivar_synth_keep","draw_059",914,"2023-01-09","forecast","3.21950881208223"
"exdqlm_multivar_synth_keep","draw_059",914,"2023-01-10","forecast","3.16471414358357"
"exdqlm_multivar_synth_keep","draw_059",914,"2023-01-11","forecast","3.14609344311553"
"exdqlm_multivar_synth_keep","draw_059",914,"2023-01-12","forecast","3.10862493572667"
"exdqlm_multivar_synth_keep","draw_059",914,"2023-01-13","forecast","3.03210459993167"
"exdqlm_multivar_synth_keep","draw_059",914,"2023-01-14","forecast","2.97093404811303"
"exdqlm_multivar_synth_keep","draw_059",914,"2023-01-15","forecast","2.92464272289116"
"exdqlm_multivar_synth_keep","draw_059",914,"2023-01-16","forecast","2.86511424524546"
"exdqlm_multivar_synth_keep","draw_059",914,"2023-01-17","forecast","2.75469936009452"
"exdqlm_multivar_synth_keep","draw_059",914,"2023-01-18","forecast","2.66492649560330"
"exdqlm_multivar_synth_keep","draw_059",914,"2023-01-19","forecast","2.59622173070388"
"exdqlm_multivar_synth_keep","draw_059",914,"2023-01-20","forecast","2.56488734848902"
"exdqlm_multivar_synth_keep","draw_059",914,"2023-01-21","forecast","2.51976306475077"
"exdqlm_multivar_synth_keep","draw_059",914,"2023-01-22","forecast","2.46039788407520"
"exdqlm_multivar_synth_keep","draw_060",930,"2022-12-26","forecast","1.08686861313406"
"exdqlm_multivar_synth_keep","draw_060",930,"2022-12-27","forecast","1.60013587908582"
"exdqlm_multivar_synth_keep","draw_060",930,"2022-12-28","forecast","2.33090697614683"
"exdqlm_multivar_synth_keep","draw_060",930,"2022-12-29","forecast","2.39995896204718"
"exdqlm_multivar_synth_keep","draw_060",930,"2022-12-30","forecast","2.52118448858744"
"exdqlm_multivar_synth_keep","draw_060",930,"2022-12-31","forecast","2.89415030321404"
"exdqlm_multivar_synth_keep","draw_060",930,"2023-01-01","forecast","3.07891939120098"
"exdqlm_multivar_synth_keep","draw_060",930,"2023-01-02","forecast","2.98546709308655"
"exdqlm_multivar_synth_keep","draw_060",930,"2023-01-03","forecast","3.00392921458007"
"exdqlm_multivar_synth_keep","draw_060",930,"2023-01-04","forecast","3.08438361139717"
"exdqlm_multivar_synth_keep","draw_060",930,"2023-01-05","forecast","3.15789524067015"
"exdqlm_multivar_synth_keep","draw_060",930,"2023-01-06","forecast","3.21606813039613"
"exdqlm_multivar_synth_keep","draw_060",930,"2023-01-07","forecast","3.22786803002758"
"exdqlm_multivar_synth_keep","draw_060",930,"2023-01-08","forecast","3.22620985409611"
"exdqlm_multivar_synth_keep","draw_060",930,"2023-01-09","forecast","3.21961023843618"
"exdqlm_multivar_synth_keep","draw_060",930,"2023-01-10","forecast","3.16473997384790"
"exdqlm_multivar_synth_keep","draw_060",930,"2023-01-11","forecast","3.14618586744639"
"exdqlm_multivar_synth_keep","draw_060",930,"2023-01-12","forecast","3.10878647772838"
"exdqlm_multivar_synth_keep","draw_060",930,"2023-01-13","forecast","3.03219334227672"
"exdqlm_multivar_synth_keep","draw_060",930,"2023-01-14","forecast","2.97111036298396"
"exdqlm_multivar_synth_keep","draw_060",930,"2023-01-15","forecast","2.92490910622111"
"exdqlm_multivar_synth_keep","draw_060",930,"2023-01-16","forecast","2.86531414219789"
"exdqlm_multivar_synth_keep","draw_060",930,"2023-01-17","forecast","2.75487852192815"
"exdqlm_multivar_synth_keep","draw_060",930,"2023-01-18","forecast","2.66537949661879"
"exdqlm_multivar_synth_keep","draw_060",930,"2023-01-19","forecast","2.59641419380599"
"exdqlm_multivar_synth_keep","draw_060",930,"2023-01-20","forecast","2.56504002151417"
"exdqlm_multivar_synth_keep","draw_060",930,"2023-01-21","forecast","2.52006263976988"
"exdqlm_multivar_synth_keep","draw_060",930,"2023-01-22","forecast","2.46054424134721"
"exdqlm_multivar_synth_keep","draw_061",945,"2022-12-26","forecast","1.08695810557773"
"exdqlm_multivar_synth_keep","draw_061",945,"2022-12-27","forecast","1.60020604939763"
"exdqlm_multivar_synth_keep","draw_061",945,"2022-12-28","forecast","2.33101123124448"
"exdqlm_multivar_synth_keep","draw_061",945,"2022-12-29","forecast","2.40001162239466"
"exdqlm_multivar_synth_keep","draw_061",945,"2022-12-30","forecast","2.52136209507650"
"exdqlm_multivar_synth_keep","draw_061",945,"2022-12-31","forecast","2.89419047060569"
"exdqlm_multivar_synth_keep","draw_061",945,"2023-01-01","forecast","3.07904506686452"
"exdqlm_multivar_synth_keep","draw_061",945,"2023-01-02","forecast","2.98558235992598"
"exdqlm_multivar_synth_keep","draw_061",945,"2023-01-03","forecast","3.00411529112538"
"exdqlm_multivar_synth_keep","draw_061",945,"2023-01-04","forecast","3.08449271114077"
"exdqlm_multivar_synth_keep","draw_061",945,"2023-01-05","forecast","3.15803291406837"
"exdqlm_multivar_synth_keep","draw_061",945,"2023-01-06","forecast","3.21624934021661"
"exdqlm_multivar_synth_keep","draw_061",945,"2023-01-07","forecast","3.22796481836441"
"exdqlm_multivar_synth_keep","draw_061",945,"2023-01-08","forecast","3.22635311628005"
"exdqlm_multivar_synth_keep","draw_061",945,"2023-01-09","forecast","3.21968388315976"
"exdqlm_multivar_synth_keep","draw_061",945,"2023-01-10","forecast","3.16480558711773"
"exdqlm_multivar_synth_keep","draw_061",945,"2023-01-11","forecast","3.14647975145110"
"exdqlm_multivar_synth_keep","draw_061",945,"2023-01-12","forecast","3.10929310790582"
"exdqlm_multivar_synth_keep","draw_061",945,"2023-01-13","forecast","3.03252326822551"
"exdqlm_multivar_synth_keep","draw_061",945,"2023-01-14","forecast","2.97122003591372"
"exdqlm_multivar_synth_keep","draw_061",945,"2023-01-15","forecast","2.92516082458583"
"exdqlm_multivar_synth_keep","draw_061",945,"2023-01-16","forecast","2.86547282492205"
"exdqlm_multivar_synth_keep","draw_061",945,"2023-01-17","forecast","2.75496402534115"
"exdqlm_multivar_synth_keep","draw_061",945,"2023-01-18","forecast","2.66555517458837"
"exdqlm_multivar_synth_keep","draw_061",945,"2023-01-19","forecast","2.59668162694405"
"exdqlm_multivar_synth_keep","draw_061",945,"2023-01-20","forecast","2.56521568635134"
"exdqlm_multivar_synth_keep","draw_061",945,"2023-01-21","forecast","2.52022750505485"
"exdqlm_multivar_synth_keep","draw_061",945,"2023-01-22","forecast","2.46069873337820"
"exdqlm_multivar_synth_keep","draw_062",961,"2022-12-26","forecast","1.08705420608814"
"exdqlm_multivar_synth_keep","draw_062",961,"2022-12-27","forecast","1.60028180585780"
"exdqlm_multivar_synth_keep","draw_062",961,"2022-12-28","forecast","2.33106879921805"
"exdqlm_multivar_synth_keep","draw_062",961,"2022-12-29","forecast","2.40005906625769"
"exdqlm_multivar_synth_keep","draw_062",961,"2022-12-30","forecast","2.52155369228190"
"exdqlm_multivar_synth_keep","draw_062",961,"2022-12-31","forecast","2.89419884124272"
"exdqlm_multivar_synth_keep","draw_062",961,"2023-01-01","forecast","3.07913369851838"
"exdqlm_multivar_synth_keep","draw_062",961,"2023-01-02","forecast","2.98569918757753"
"exdqlm_multivar_synth_keep","draw_062",961,"2023-01-03","forecast","3.00871059322969"
"exdqlm_multivar_synth_keep","draw_062",961,"2023-01-04","forecast","3.08633791368723"
"exdqlm_multivar_synth_keep","draw_062",961,"2023-01-05","forecast","3.15833256609457"
"exdqlm_multivar_synth_keep","draw_062",961,"2023-01-06","forecast","3.21629897827064"
"exdqlm_multivar_synth_keep","draw_062",961,"2023-01-07","forecast","3.22815501755636"
"exdqlm_multivar_synth_keep","draw_062",961,"2023-01-08","forecast","3.22646799287293"
"exdqlm_multivar_synth_keep","draw_062",961,"2023-01-09","forecast","3.21982082501562"
"exdqlm_multivar_synth_keep","draw_062",961,"2023-01-10","forecast","3.16483992675351"
"exdqlm_multivar_synth_keep","draw_062",961,"2023-01-11","forecast","3.14682337634526"
"exdqlm_multivar_synth_keep","draw_062",961,"2023-01-12","forecast","3.10953646592980"
"exdqlm_multivar_synth_keep","draw_062",961,"2023-01-13","forecast","3.03288691347225"
"exdqlm_multivar_synth_keep","draw_062",961,"2023-01-14","forecast","2.97161369017962"
"exdqlm_multivar_synth_keep","draw_062",961,"2023-01-15","forecast","2.92534662268548"
"exdqlm_multivar_synth_keep","draw_062",961,"2023-01-16","forecast","2.86559562219409"
"exdqlm_multivar_synth_keep","draw_062",961,"2023-01-17","forecast","2.75517525391468"
"exdqlm_multivar_synth_keep","draw_062",961,"2023-01-18","forecast","2.66570757235133"
"exdqlm_multivar_synth_keep","draw_062",961,"2023-01-19","forecast","2.59715045357680"
"exdqlm_multivar_synth_keep","draw_062",961,"2023-01-20","forecast","2.56532572815137"
"exdqlm_multivar_synth_keep","draw_062",961,"2023-01-21","forecast","2.52041235413727"
"exdqlm_multivar_synth_keep","draw_062",961,"2023-01-22","forecast","2.46078480037823"
"exdqlm_multivar_synth_keep","draw_063",977,"2022-12-26","forecast","1.08714122791027"
"exdqlm_multivar_synth_keep","draw_063",977,"2022-12-27","forecast","1.60045198298205"
"exdqlm_multivar_synth_keep","draw_063",977,"2022-12-28","forecast","2.33117476224604"
"exdqlm_multivar_synth_keep","draw_063",977,"2022-12-29","forecast","2.40009009103314"
"exdqlm_multivar_synth_keep","draw_063",977,"2022-12-30","forecast","2.52164231183382"
"exdqlm_multivar_synth_keep","draw_063",977,"2022-12-31","forecast","2.89425029503501"
"exdqlm_multivar_synth_keep","draw_063",977,"2023-01-01","forecast","3.07920728513312"
"exdqlm_multivar_synth_keep","draw_063",977,"2023-01-02","forecast","2.98579442274412"
"exdqlm_multivar_synth_keep","draw_063",977,"2023-01-03","forecast","3.01544952797362"
"exdqlm_multivar_synth_keep","draw_063",977,"2023-01-04","forecast","3.09969678400125"
"exdqlm_multivar_synth_keep","draw_063",977,"2023-01-05","forecast","3.16669276767888"
"exdqlm_multivar_synth_keep","draw_063",977,"2023-01-06","forecast","3.21639099309708"
"exdqlm_multivar_synth_keep","draw_063",977,"2023-01-07","forecast","3.22823532433563"
"exdqlm_multivar_synth_keep","draw_063",977,"2023-01-08","forecast","3.22662450953429"
"exdqlm_multivar_synth_keep","draw_063",977,"2023-01-09","forecast","3.22020410031279"
"exdqlm_multivar_synth_keep","draw_063",977,"2023-01-10","forecast","3.16490331204491"
"exdqlm_multivar_synth_keep","draw_063",977,"2023-01-11","forecast","3.15954807211345"
"exdqlm_multivar_synth_keep","draw_063",977,"2023-01-12","forecast","3.10970176968111"
"exdqlm_multivar_synth_keep","draw_063",977,"2023-01-13","forecast","3.03301534432058"
"exdqlm_multivar_synth_keep","draw_063",977,"2023-01-14","forecast","2.97173820156587"
"exdqlm_multivar_synth_keep","draw_063",977,"2023-01-15","forecast","2.92580940054742"
"exdqlm_multivar_synth_keep","draw_063",977,"2023-01-16","forecast","2.86573118245414"
"exdqlm_multivar_synth_keep","draw_063",977,"2023-01-17","forecast","2.75526849691202"
"exdqlm_multivar_synth_keep","draw_063",977,"2023-01-18","forecast","2.66595507130556"
"exdqlm_multivar_synth_keep","draw_063",977,"2023-01-19","forecast","2.59748493640275"
"exdqlm_multivar_synth_keep","draw_063",977,"2023-01-20","forecast","2.56813975670926"
"exdqlm_multivar_synth_keep","draw_063",977,"2023-01-21","forecast","2.52081865042394"
"exdqlm_multivar_synth_keep","draw_063",977,"2023-01-22","forecast","2.46101677518674"
"exdqlm_multivar_synth_keep","draw_064",993,"2022-12-26","forecast","1.08722788376907"
"exdqlm_multivar_synth_keep","draw_064",993,"2022-12-27","forecast","1.60062795763258"
"exdqlm_multivar_synth_keep","draw_064",993,"2022-12-28","forecast","2.33157101563944"
"exdqlm_multivar_synth_keep","draw_064",993,"2022-12-29","forecast","2.40013415992897"
"exdqlm_multivar_synth_keep","draw_064",993,"2022-12-30","forecast","2.52184623288412"
"exdqlm_multivar_synth_keep","draw_064",993,"2022-12-31","forecast","2.89428834603735"
"exdqlm_multivar_synth_keep","draw_064",993,"2023-01-01","forecast","3.07929547981093"
"exdqlm_multivar_synth_keep","draw_064",993,"2023-01-02","forecast","2.98606574598931"
"exdqlm_multivar_synth_keep","draw_064",993,"2023-01-03","forecast","3.02645465236333"
"exdqlm_multivar_synth_keep","draw_064",993,"2023-01-04","forecast","3.10822769895029"
"exdqlm_multivar_synth_keep","draw_064",993,"2023-01-05","forecast","3.17721722179148"
"exdqlm_multivar_synth_keep","draw_064",993,"2023-01-06","forecast","3.21699312810963"
"exdqlm_multivar_synth_keep","draw_064",993,"2023-01-07","forecast","3.22875050845328"
"exdqlm_multivar_synth_keep","draw_064",993,"2023-01-08","forecast","3.22678424605173"
"exdqlm_multivar_synth_keep","draw_064",993,"2023-01-09","forecast","3.23419489070727"
"exdqlm_multivar_synth_keep","draw_064",993,"2023-01-10","forecast","3.16496159660989"
"exdqlm_multivar_synth_keep","draw_064",993,"2023-01-11","forecast","3.16971830000860"
"exdqlm_multivar_synth_keep","draw_064",993,"2023-01-12","forecast","3.10984823679047"
"exdqlm_multivar_synth_keep","draw_064",993,"2023-01-13","forecast","3.04462795821667"
"exdqlm_multivar_synth_keep","draw_064",993,"2023-01-14","forecast","2.97181620522613"
"exdqlm_multivar_synth_keep","draw_064",993,"2023-01-15","forecast","2.92661324842291"
"exdqlm_multivar_synth_keep","draw_064",993,"2023-01-16","forecast","2.86590087239424"
"exdqlm_multivar_synth_keep","draw_064",993,"2023-01-17","forecast","2.75534107864301"
"exdqlm_multivar_synth_keep","draw_064",993,"2023-01-18","forecast","2.66789329541808"
"exdqlm_multivar_synth_keep","draw_064",993,"2023-01-19","forecast","2.61401507980638"
"exdqlm_multivar_synth_keep","draw_064",993,"2023-01-20","forecast","2.58409141650987"
"exdqlm_multivar_synth_keep","draw_064",993,"2023-01-21","forecast","2.52124394885826"
"exdqlm_multivar_synth_keep","draw_064",993,"2023-01-22","forecast","2.46123637951268"
"exdqlm_multivar_synth_keep","draw_065",1008,"2022-12-26","forecast","1.08744638744820"
"exdqlm_multivar_synth_keep","draw_065",1008,"2022-12-27","forecast","1.60406057873288"
"exdqlm_multivar_synth_keep","draw_065",1008,"2022-12-28","forecast","2.33175398877628"
"exdqlm_multivar_synth_keep","draw_065",1008,"2022-12-29","forecast","2.40017391826320"
"exdqlm_multivar_synth_keep","draw_065",1008,"2022-12-30","forecast","2.52206266765352"
"exdqlm_multivar_synth_keep","draw_065",1008,"2022-12-31","forecast","2.89432370723126"
"exdqlm_multivar_synth_keep","draw_065",1008,"2023-01-01","forecast","3.07945506253569"
"exdqlm_multivar_synth_keep","draw_065",1008,"2023-01-02","forecast","2.98660317316391"
"exdqlm_multivar_synth_keep","draw_065",1008,"2023-01-03","forecast","3.03557641495458"
"exdqlm_multivar_synth_keep","draw_065",1008,"2023-01-04","forecast","3.11675925946667"
"exdqlm_multivar_synth_keep","draw_065",1008,"2023-01-05","forecast","3.19047624667196"
"exdqlm_multivar_synth_keep","draw_065",1008,"2023-01-06","forecast","3.21720280276860"
"exdqlm_multivar_synth_keep","draw_065",1008,"2023-01-07","forecast","3.22893685109333"
"exdqlm_multivar_synth_keep","draw_065",1008,"2023-01-08","forecast","3.22713156953486"
"exdqlm_multivar_synth_keep","draw_065",1008,"2023-01-09","forecast","3.24376424218189"
"exdqlm_multivar_synth_keep","draw_065",1008,"2023-01-10","forecast","3.16513453624143"
"exdqlm_multivar_synth_keep","draw_065",1008,"2023-01-11","forecast","3.17824361144185"
"exdqlm_multivar_synth_keep","draw_065",1008,"2023-01-12","forecast","3.11010010548515"
"exdqlm_multivar_synth_keep","draw_065",1008,"2023-01-13","forecast","3.05382858373433"
"exdqlm_multivar_synth_keep","draw_065",1008,"2023-01-14","forecast","2.97486382395809"
"exdqlm_multivar_synth_keep","draw_065",1008,"2023-01-15","forecast","2.93680910685961"
"exdqlm_multivar_synth_keep","draw_065",1008,"2023-01-16","forecast","2.86612516314285"
"exdqlm_multivar_synth_keep","draw_065",1008,"2023-01-17","forecast","2.75546560735865"
"exdqlm_multivar_synth_keep","draw_065",1008,"2023-01-18","forecast","2.68225915875593"
"exdqlm_multivar_synth_keep","draw_065",1008,"2023-01-19","forecast","2.62588007788833"
"exdqlm_multivar_synth_keep","draw_065",1008,"2023-01-20","forecast","2.60037547900821"
"exdqlm_multivar_synth_keep","draw_065",1008,"2023-01-21","forecast","2.52711926803972"
"exdqlm_multivar_synth_keep","draw_065",1008,"2023-01-22","forecast","2.46157852112583"
"exdqlm_multivar_synth_keep","draw_066",1024,"2022-12-26","forecast","1.08900580963885"
"exdqlm_multivar_synth_keep","draw_066",1024,"2022-12-27","forecast","1.61667455877247"
"exdqlm_multivar_synth_keep","draw_066",1024,"2022-12-28","forecast","2.33186212910146"
"exdqlm_multivar_synth_keep","draw_066",1024,"2022-12-29","forecast","2.40020771216066"
"exdqlm_multivar_synth_keep","draw_066",1024,"2022-12-30","forecast","2.52226901043338"
"exdqlm_multivar_synth_keep","draw_066",1024,"2022-12-31","forecast","2.89436351730655"
"exdqlm_multivar_synth_keep","draw_066",1024,"2023-01-01","forecast","3.07967332186427"
"exdqlm_multivar_synth_keep","draw_066",1024,"2023-01-02","forecast","2.99400368091852"
"exdqlm_multivar_synth_keep","draw_066",1024,"2023-01-03","forecast","3.04247731665848"
"exdqlm_multivar_synth_keep","draw_066",1024,"2023-01-04","forecast","3.12230389198253"
"exdqlm_multivar_synth_keep","draw_066",1024,"2023-01-05","forecast","3.19997673389028"
"exdqlm_multivar_synth_keep","draw_066",1024,"2023-01-06","forecast","3.22372116638574"
"exdqlm_multivar_synth_keep","draw_066",1024,"2023-01-07","forecast","3.22925633000775"
"exdqlm_multivar_synth_keep","draw_066",1024,"2023-01-08","forecast","3.23574221143768"
"exdqlm_multivar_synth_keep","draw_066",1024,"2023-01-09","forecast","3.25299134085731"
"exdqlm_multivar_synth_keep","draw_066",1024,"2023-01-10","forecast","3.17120826357782"
"exdqlm_multivar_synth_keep","draw_066",1024,"2023-01-11","forecast","3.18787581880615"
"exdqlm_multivar_synth_keep","draw_066",1024,"2023-01-12","forecast","3.11313383020055"
"exdqlm_multivar_synth_keep","draw_066",1024,"2023-01-13","forecast","3.06389990655874"
"exdqlm_multivar_synth_keep","draw_066",1024,"2023-01-14","forecast","2.98243573252929"
"exdqlm_multivar_synth_keep","draw_066",1024,"2023-01-15","forecast","2.95004529914053"
"exdqlm_multivar_synth_keep","draw_066",1024,"2023-01-16","forecast","2.86641693352467"
"exdqlm_multivar_synth_keep","draw_066",1024,"2023-01-17","forecast","2.76149544395629"
"exdqlm_multivar_synth_keep","draw_066",1024,"2023-01-18","forecast","2.69463361588517"
"exdqlm_multivar_synth_keep","draw_066",1024,"2023-01-19","forecast","2.63527348398000"
"exdqlm_multivar_synth_keep","draw_066",1024,"2023-01-20","forecast","2.61785740851652"
"exdqlm_multivar_synth_keep","draw_066",1024,"2023-01-21","forecast","2.55564808310267"
"exdqlm_multivar_synth_keep","draw_066",1024,"2023-01-22","forecast","2.47950368059728"
"exdqlm_multivar_synth_keep","draw_067",1040,"2022-12-26","forecast","1.08985486147544"
"exdqlm_multivar_synth_keep","draw_067",1040,"2022-12-27","forecast","1.63134292032285"
"exdqlm_multivar_synth_keep","draw_067",1040,"2022-12-28","forecast","2.33245900210771"
"exdqlm_multivar_synth_keep","draw_067",1040,"2022-12-29","forecast","2.40025843694913"
"exdqlm_multivar_synth_keep","draw_067",1040,"2022-12-30","forecast","2.52266541969674"
"exdqlm_multivar_synth_keep","draw_067",1040,"2022-12-31","forecast","2.89439193587886"
"exdqlm_multivar_synth_keep","draw_067",1040,"2023-01-01","forecast","3.07985721635289"
"exdqlm_multivar_synth_keep","draw_067",1040,"2023-01-02","forecast","3.00155958697377"
"exdqlm_multivar_synth_keep","draw_067",1040,"2023-01-03","forecast","3.05193699655349"
"exdqlm_multivar_synth_keep","draw_067",1040,"2023-01-04","forecast","3.13652124090089"
"exdqlm_multivar_synth_keep","draw_067",1040,"2023-01-05","forecast","3.20966008450876"
"exdqlm_multivar_synth_keep","draw_067",1040,"2023-01-06","forecast","3.23397359573403"
"exdqlm_multivar_synth_keep","draw_067",1040,"2023-01-07","forecast","3.23958272194992"
"exdqlm_multivar_synth_keep","draw_067",1040,"2023-01-08","forecast","3.24861613960234"
"exdqlm_multivar_synth_keep","draw_067",1040,"2023-01-09","forecast","3.26532897030021"
"exdqlm_multivar_synth_keep","draw_067",1040,"2023-01-10","forecast","3.19173633521110"
"exdqlm_multivar_synth_keep","draw_067",1040,"2023-01-11","forecast","3.19895102137478"
"exdqlm_multivar_synth_keep","draw_067",1040,"2023-01-12","forecast","3.12637955124786"
"exdqlm_multivar_synth_keep","draw_067",1040,"2023-01-13","forecast","3.07664572849524"
"exdqlm_multivar_synth_keep","draw_067",1040,"2023-01-14","forecast","2.99147132231573"
"exdqlm_multivar_synth_keep","draw_067",1040,"2023-01-15","forecast","2.96556725317077"
"exdqlm_multivar_synth_keep","draw_067",1040,"2023-01-16","forecast","2.87501225009946"
"exdqlm_multivar_synth_keep","draw_067",1040,"2023-01-17","forecast","2.77709581918782"
"exdqlm_multivar_synth_keep","draw_067",1040,"2023-01-18","forecast","2.70921429706490"
"exdqlm_multivar_synth_keep","draw_067",1040,"2023-01-19","forecast","2.65088745395767"
"exdqlm_multivar_synth_keep","draw_067",1040,"2023-01-20","forecast","2.63435209317530"
"exdqlm_multivar_synth_keep","draw_067",1040,"2023-01-21","forecast","2.57643577373876"
"exdqlm_multivar_synth_keep","draw_067",1040,"2023-01-22","forecast","2.52152168103759"
"exdqlm_multivar_synth_keep","draw_068",1056,"2022-12-26","forecast","1.09063452773374"
"exdqlm_multivar_synth_keep","draw_068",1056,"2022-12-27","forecast","1.64309050495963"
"exdqlm_multivar_synth_keep","draw_068",1056,"2022-12-28","forecast","2.33669140971506"
"exdqlm_multivar_synth_keep","draw_068",1056,"2022-12-29","forecast","2.40030711315286"
"exdqlm_multivar_synth_keep","draw_068",1056,"2022-12-30","forecast","2.52367602603355"
"exdqlm_multivar_synth_keep","draw_068",1056,"2022-12-31","forecast","2.89441493761734"
"exdqlm_multivar_synth_keep","draw_068",1056,"2023-01-01","forecast","3.08012371887190"
"exdqlm_multivar_synth_keep","draw_068",1056,"2023-01-02","forecast","3.00835537354825"
"exdqlm_multivar_synth_keep","draw_068",1056,"2023-01-03","forecast","3.06016913794554"
"exdqlm_multivar_synth_keep","draw_068",1056,"2023-01-04","forecast","3.15237915679946"
"exdqlm_multivar_synth_keep","draw_068",1056,"2023-01-05","forecast","3.21916465193111"
"exdqlm_multivar_synth_keep","draw_068",1056,"2023-01-06","forecast","3.24057200280886"
"exdqlm_multivar_synth_keep","draw_068",1056,"2023-01-07","forecast","3.24711669661073"
"exdqlm_multivar_synth_keep","draw_068",1056,"2023-01-08","forecast","3.26010022657734"
"exdqlm_multivar_synth_keep","draw_068",1056,"2023-01-09","forecast","3.27774992127335"
"exdqlm_multivar_synth_keep","draw_068",1056,"2023-01-10","forecast","3.20592564852609"
"exdqlm_multivar_synth_keep","draw_068",1056,"2023-01-11","forecast","3.20875287120984"
"exdqlm_multivar_synth_keep","draw_068",1056,"2023-01-12","forecast","3.13350061756731"
"exdqlm_multivar_synth_keep","draw_068",1056,"2023-01-13","forecast","3.08420921771151"
"exdqlm_multivar_synth_keep","draw_068",1056,"2023-01-14","forecast","3.00242516825024"
"exdqlm_multivar_synth_keep","draw_068",1056,"2023-01-15","forecast","2.97834411820201"
"exdqlm_multivar_synth_keep","draw_068",1056,"2023-01-16","forecast","2.88637737299583"
"exdqlm_multivar_synth_keep","draw_068",1056,"2023-01-17","forecast","2.78690629497643"
"exdqlm_multivar_synth_keep","draw_068",1056,"2023-01-18","forecast","2.72270328985735"
"exdqlm_multivar_synth_keep","draw_068",1056,"2023-01-19","forecast","2.66496058389586"
"exdqlm_multivar_synth_keep","draw_068",1056,"2023-01-20","forecast","2.64616939964943"
"exdqlm_multivar_synth_keep","draw_068",1056,"2023-01-21","forecast","2.59286580677896"
"exdqlm_multivar_synth_keep","draw_068",1056,"2023-01-22","forecast","2.54071580274417"
"exdqlm_multivar_synth_keep","draw_069",1071,"2022-12-26","forecast","1.09302484333951"
"exdqlm_multivar_synth_keep","draw_069",1071,"2022-12-27","forecast","1.65440548687565"
"exdqlm_multivar_synth_keep","draw_069",1071,"2022-12-28","forecast","2.34526791594961"
"exdqlm_multivar_synth_keep","draw_069",1071,"2022-12-29","forecast","2.40035775157056"
"exdqlm_multivar_synth_keep","draw_069",1071,"2022-12-30","forecast","2.52885506540226"
"exdqlm_multivar_synth_keep","draw_069",1071,"2022-12-31","forecast","2.89443595626831"
"exdqlm_multivar_synth_keep","draw_069",1071,"2023-01-01","forecast","3.08148905417263"
"exdqlm_multivar_synth_keep","draw_069",1071,"2023-01-02","forecast","3.01499756454412"
"exdqlm_multivar_synth_keep","draw_069",1071,"2023-01-03","forecast","3.06552830281959"
"exdqlm_multivar_synth_keep","draw_069",1071,"2023-01-04","forecast","3.15998059254060"
"exdqlm_multivar_synth_keep","draw_069",1071,"2023-01-05","forecast","3.22846513889379"
"exdqlm_multivar_synth_keep","draw_069",1071,"2023-01-06","forecast","3.25064287117713"
"exdqlm_multivar_synth_keep","draw_069",1071,"2023-01-07","forecast","3.25755639510388"
"exdqlm_multivar_synth_keep","draw_069",1071,"2023-01-08","forecast","3.26751866429644"
"exdqlm_multivar_synth_keep","draw_069",1071,"2023-01-09","forecast","3.28803486605963"
"exdqlm_multivar_synth_keep","draw_069",1071,"2023-01-10","forecast","3.21826074952653"
"exdqlm_multivar_synth_keep","draw_069",1071,"2023-01-11","forecast","3.22373493125137"
"exdqlm_multivar_synth_keep","draw_069",1071,"2023-01-12","forecast","3.14760319614214"
"exdqlm_multivar_synth_keep","draw_069",1071,"2023-01-13","forecast","3.09573768372704"
"exdqlm_multivar_synth_keep","draw_069",1071,"2023-01-14","forecast","3.01331935366766"
"exdqlm_multivar_synth_keep","draw_069",1071,"2023-01-15","forecast","2.99224964145532"
"exdqlm_multivar_synth_keep","draw_069",1071,"2023-01-16","forecast","2.89787736462679"
"exdqlm_multivar_synth_keep","draw_069",1071,"2023-01-17","forecast","2.80593225794327"
"exdqlm_multivar_synth_keep","draw_069",1071,"2023-01-18","forecast","2.73730046419538"
"exdqlm_multivar_synth_keep","draw_069",1071,"2023-01-19","forecast","2.68181189983838"
"exdqlm_multivar_synth_keep","draw_069",1071,"2023-01-20","forecast","2.66105127019860"
"exdqlm_multivar_synth_keep","draw_069",1071,"2023-01-21","forecast","2.61501118235226"
"exdqlm_multivar_synth_keep","draw_069",1071,"2023-01-22","forecast","2.55841554313735"
"exdqlm_multivar_synth_keep","draw_070",1087,"2022-12-26","forecast","1.09563146047076"
"exdqlm_multivar_synth_keep","draw_070",1087,"2022-12-27","forecast","1.66308737415996"
"exdqlm_multivar_synth_keep","draw_070",1087,"2022-12-28","forecast","2.35302209720985"
"exdqlm_multivar_synth_keep","draw_070",1087,"2022-12-29","forecast","2.40041335830433"
"exdqlm_multivar_synth_keep","draw_070",1087,"2022-12-30","forecast","2.53357541130117"
"exdqlm_multivar_synth_keep","draw_070",1087,"2022-12-31","forecast","2.89449469997718"
"exdqlm_multivar_synth_keep","draw_070",1087,"2023-01-01","forecast","3.08462757254661"
"exdqlm_multivar_synth_keep","draw_070",1087,"2023-01-02","forecast","3.02191681741619"
"exdqlm_multivar_synth_keep","draw_070",1087,"2023-01-03","forecast","3.07660035409617"
"exdqlm_multivar_synth_keep","draw_070",1087,"2023-01-04","forecast","3.17538832773973"
"exdqlm_multivar_synth_keep","draw_070",1087,"2023-01-05","forecast","3.24164849407213"
"exdqlm_multivar_synth_keep","draw_070",1087,"2023-01-06","forecast","3.26049330414417"
"exdqlm_multivar_synth_keep","draw_070",1087,"2023-01-07","forecast","3.26161696075299"
"exdqlm_multivar_synth_keep","draw_070",1087,"2023-01-08","forecast","3.28209471812700"
"exdqlm_multivar_synth_keep","draw_070",1087,"2023-01-09","forecast","3.29747785175576"
"exdqlm_multivar_synth_keep","draw_070",1087,"2023-01-10","forecast","3.23556578581047"
"exdqlm_multivar_synth_keep","draw_070",1087,"2023-01-11","forecast","3.23495441070877"
"exdqlm_multivar_synth_keep","draw_070",1087,"2023-01-12","forecast","3.16073783081168"
"exdqlm_multivar_synth_keep","draw_070",1087,"2023-01-13","forecast","3.10478049599230"
"exdqlm_multivar_synth_keep","draw_070",1087,"2023-01-14","forecast","3.02983805760979"
"exdqlm_multivar_synth_keep","draw_070",1087,"2023-01-15","forecast","3.00351073037715"
"exdqlm_multivar_synth_keep","draw_070",1087,"2023-01-16","forecast","2.91594879976535"
"exdqlm_multivar_synth_keep","draw_070",1087,"2023-01-17","forecast","2.81688513763433"
"exdqlm_multivar_synth_keep","draw_070",1087,"2023-01-18","forecast","2.74568123554121"
"exdqlm_multivar_synth_keep","draw_070",1087,"2023-01-19","forecast","2.69149878449222"
"exdqlm_multivar_synth_keep","draw_070",1087,"2023-01-20","forecast","2.68043865027198"
"exdqlm_multivar_synth_keep","draw_070",1087,"2023-01-21","forecast","2.64361631580502"
"exdqlm_multivar_synth_keep","draw_070",1087,"2023-01-22","forecast","2.58010687181356"
"exdqlm_multivar_synth_keep","draw_071",1103,"2022-12-26","forecast","1.09911956748555"
"exdqlm_multivar_synth_keep","draw_071",1103,"2022-12-27","forecast","1.68103239945023"
"exdqlm_multivar_synth_keep","draw_071",1103,"2022-12-28","forecast","2.35738620516855"
"exdqlm_multivar_synth_keep","draw_071",1103,"2022-12-29","forecast","2.40052394626019"
"exdqlm_multivar_synth_keep","draw_071",1103,"2022-12-30","forecast","2.53872554270298"
"exdqlm_multivar_synth_keep","draw_071",1103,"2022-12-31","forecast","2.89451492375551"
"exdqlm_multivar_synth_keep","draw_071",1103,"2023-01-01","forecast","3.08894369958805"
"exdqlm_multivar_synth_keep","draw_071",1103,"2023-01-02","forecast","3.03139464716451"
"exdqlm_multivar_synth_keep","draw_071",1103,"2023-01-03","forecast","3.09497053246758"
"exdqlm_multivar_synth_keep","draw_071",1103,"2023-01-04","forecast","3.18692958098495"
"exdqlm_multivar_synth_keep","draw_071",1103,"2023-01-05","forecast","3.25120948582354"
"exdqlm_multivar_synth_keep","draw_071",1103,"2023-01-06","forecast","3.27507529909362"
"exdqlm_multivar_synth_keep","draw_071",1103,"2023-01-07","forecast","3.27058784770815"
"exdqlm_multivar_synth_keep","draw_071",1103,"2023-01-08","forecast","3.29084991232844"
"exdqlm_multivar_synth_keep","draw_071",1103,"2023-01-09","forecast","3.31163746519470"
"exdqlm_multivar_synth_keep","draw_071",1103,"2023-01-10","forecast","3.25588397872414"
"exdqlm_multivar_synth_keep","draw_071",1103,"2023-01-11","forecast","3.25147845321770"
"exdqlm_multivar_synth_keep","draw_071",1103,"2023-01-12","forecast","3.17519630680311"
"exdqlm_multivar_synth_keep","draw_071",1103,"2023-01-13","forecast","3.11781305273422"
"exdqlm_multivar_synth_keep","draw_071",1103,"2023-01-14","forecast","3.04105306992957"
"exdqlm_multivar_synth_keep","draw_071",1103,"2023-01-15","forecast","3.01378400015344"
"exdqlm_multivar_synth_keep","draw_071",1103,"2023-01-16","forecast","2.92828251857152"
"exdqlm_multivar_synth_keep","draw_071",1103,"2023-01-17","forecast","2.83718207682494"
"exdqlm_multivar_synth_keep","draw_071",1103,"2023-01-18","forecast","2.77184294942298"
"exdqlm_multivar_synth_keep","draw_071",1103,"2023-01-19","forecast","2.70521457216844"
"exdqlm_multivar_synth_keep","draw_071",1103,"2023-01-20","forecast","2.68780297823824"
"exdqlm_multivar_synth_keep","draw_071",1103,"2023-01-21","forecast","2.65903908698631"
"exdqlm_multivar_synth_keep","draw_071",1103,"2023-01-22","forecast","2.61097756148718"
"exdqlm_multivar_synth_keep","draw_072",1119,"2022-12-26","forecast","1.09974665111470"
"exdqlm_multivar_synth_keep","draw_072",1119,"2022-12-27","forecast","1.69283406809593"
"exdqlm_multivar_synth_keep","draw_072",1119,"2022-12-28","forecast","2.36246578729189"
"exdqlm_multivar_synth_keep","draw_072",1119,"2022-12-29","forecast","2.40057644028687"
"exdqlm_multivar_synth_keep","draw_072",1119,"2022-12-30","forecast","2.54631493087539"
"exdqlm_multivar_synth_keep","draw_072",1119,"2022-12-31","forecast","2.89457109763167"
"exdqlm_multivar_synth_keep","draw_072",1119,"2023-01-01","forecast","3.09012305107379"
"exdqlm_multivar_synth_keep","draw_072",1119,"2023-01-02","forecast","3.04212151059976"
"exdqlm_multivar_synth_keep","draw_072",1119,"2023-01-03","forecast","3.10405049691440"
"exdqlm_multivar_synth_keep","draw_072",1119,"2023-01-04","forecast","3.19693258160500"
"exdqlm_multivar_synth_keep","draw_072",1119,"2023-01-05","forecast","3.26272777674036"
"exdqlm_multivar_synth_keep","draw_072",1119,"2023-01-06","forecast","3.28517603647746"
"exdqlm_multivar_synth_keep","draw_072",1119,"2023-01-07","forecast","3.27874582229673"
"exdqlm_multivar_synth_keep","draw_072",1119,"2023-01-08","forecast","3.30064308168802"
"exdqlm_multivar_synth_keep","draw_072",1119,"2023-01-09","forecast","3.32262289243959"
"exdqlm_multivar_synth_keep","draw_072",1119,"2023-01-10","forecast","3.27216153632029"
"exdqlm_multivar_synth_keep","draw_072",1119,"2023-01-11","forecast","3.26199176124927"
"exdqlm_multivar_synth_keep","draw_072",1119,"2023-01-12","forecast","3.18693682651804"
"exdqlm_multivar_synth_keep","draw_072",1119,"2023-01-13","forecast","3.12646096304004"
"exdqlm_multivar_synth_keep","draw_072",1119,"2023-01-14","forecast","3.04941460752693"
"exdqlm_multivar_synth_keep","draw_072",1119,"2023-01-15","forecast","3.03270568409534"
"exdqlm_multivar_synth_keep","draw_072",1119,"2023-01-16","forecast","2.94134715658054"
"exdqlm_multivar_synth_keep","draw_072",1119,"2023-01-17","forecast","2.84780029069840"
"exdqlm_multivar_synth_keep","draw_072",1119,"2023-01-18","forecast","2.78872913986662"
"exdqlm_multivar_synth_keep","draw_072",1119,"2023-01-19","forecast","2.72093379790241"
"exdqlm_multivar_synth_keep","draw_072",1119,"2023-01-20","forecast","2.70801283052038"
"exdqlm_multivar_synth_keep","draw_072",1119,"2023-01-21","forecast","2.69046993491029"
"exdqlm_multivar_synth_keep","draw_072",1119,"2023-01-22","forecast","2.64416060969527"
"exdqlm_multivar_synth_keep","draw_073",1134,"2022-12-26","forecast","1.10105788298517"
"exdqlm_multivar_synth_keep","draw_073",1134,"2022-12-27","forecast","1.71159773195531"
"exdqlm_multivar_synth_keep","draw_073",1134,"2022-12-28","forecast","2.36808072231649"
"exdqlm_multivar_synth_keep","draw_073",1134,"2022-12-29","forecast","2.40066047273104"
"exdqlm_multivar_synth_keep","draw_073",1134,"2022-12-30","forecast","2.55028816862889"
"exdqlm_multivar_synth_keep","draw_073",1134,"2022-12-31","forecast","2.89465102309906"
"exdqlm_multivar_synth_keep","draw_073",1134,"2023-01-01","forecast","3.09236856805004"
"exdqlm_multivar_synth_keep","draw_073",1134,"2023-01-02","forecast","3.04816374565711"
"exdqlm_multivar_synth_keep","draw_073",1134,"2023-01-03","forecast","3.11016652984378"
"exdqlm_multivar_synth_keep","draw_073",1134,"2023-01-04","forecast","3.20849888253375"
"exdqlm_multivar_synth_keep","draw_073",1134,"2023-01-05","forecast","3.27455321106887"
"exdqlm_multivar_synth_keep","draw_073",1134,"2023-01-06","forecast","3.29098481057413"
"exdqlm_multivar_synth_keep","draw_073",1134,"2023-01-07","forecast","3.29124812294194"
"exdqlm_multivar_synth_keep","draw_073",1134,"2023-01-08","forecast","3.30930494657452"
"exdqlm_multivar_synth_keep","draw_073",1134,"2023-01-09","forecast","3.34207437926362"
"exdqlm_multivar_synth_keep","draw_073",1134,"2023-01-10","forecast","3.28228905069651"
"exdqlm_multivar_synth_keep","draw_073",1134,"2023-01-11","forecast","3.26800914498766"
"exdqlm_multivar_synth_keep","draw_073",1134,"2023-01-12","forecast","3.20223114636341"
"exdqlm_multivar_synth_keep","draw_073",1134,"2023-01-13","forecast","3.13455602285113"
"exdqlm_multivar_synth_keep","draw_073",1134,"2023-01-14","forecast","3.05696927729081"
"exdqlm_multivar_synth_keep","draw_073",1134,"2023-01-15","forecast","3.04583291724581"
"exdqlm_multivar_synth_keep","draw_073",1134,"2023-01-16","forecast","2.95318036935781"
"exdqlm_multivar_synth_keep","draw_073",1134,"2023-01-17","forecast","2.86176577392339"
"exdqlm_multivar_synth_keep","draw_073",1134,"2023-01-18","forecast","2.80457708920809"
"exdqlm_multivar_synth_keep","draw_073",1134,"2023-01-19","forecast","2.73874066396940"
"exdqlm_multivar_synth_keep","draw_073",1134,"2023-01-20","forecast","2.71929320433246"
"exdqlm_multivar_synth_keep","draw_073",1134,"2023-01-21","forecast","2.72536728079506"
"exdqlm_multivar_synth_keep","draw_073",1134,"2023-01-22","forecast","2.66875978512581"
"exdqlm_multivar_synth_keep","draw_074",1150,"2022-12-26","forecast","1.10231338620650"
"exdqlm_multivar_synth_keep","draw_074",1150,"2022-12-27","forecast","1.72355323413717"
"exdqlm_multivar_synth_keep","draw_074",1150,"2022-12-28","forecast","2.37654288587057"
"exdqlm_multivar_synth_keep","draw_074",1150,"2022-12-29","forecast","2.40068757296717"
"exdqlm_multivar_synth_keep","draw_074",1150,"2022-12-30","forecast","2.55236964917064"
"exdqlm_multivar_synth_keep","draw_074",1150,"2022-12-31","forecast","2.89474319342034"
"exdqlm_multivar_synth_keep","draw_074",1150,"2023-01-01","forecast","3.09375157565435"
"exdqlm_multivar_synth_keep","draw_074",1150,"2023-01-02","forecast","3.05459275607709"
"exdqlm_multivar_synth_keep","draw_074",1150,"2023-01-03","forecast","3.11868064678637"
"exdqlm_multivar_synth_keep","draw_074",1150,"2023-01-04","forecast","3.22041092224655"
"exdqlm_multivar_synth_keep","draw_074",1150,"2023-01-05","forecast","3.28511608820603"
"exdqlm_multivar_synth_keep","draw_074",1150,"2023-01-06","forecast","3.30090685690818"
"exdqlm_multivar_synth_keep","draw_074",1150,"2023-01-07","forecast","3.29870355936911"
"exdqlm_multivar_synth_keep","draw_074",1150,"2023-01-08","forecast","3.32251365669244"
"exdqlm_multivar_synth_keep","draw_074",1150,"2023-01-09","forecast","3.35463204833805"
"exdqlm_multivar_synth_keep","draw_074",1150,"2023-01-10","forecast","3.29972801415632"
"exdqlm_multivar_synth_keep","draw_074",1150,"2023-01-11","forecast","3.28277743245918"
"exdqlm_multivar_synth_keep","draw_074",1150,"2023-01-12","forecast","3.21329508817829"
"exdqlm_multivar_synth_keep","draw_074",1150,"2023-01-13","forecast","3.14880666231072"
"exdqlm_multivar_synth_keep","draw_074",1150,"2023-01-14","forecast","3.07074376293348"
"exdqlm_multivar_synth_keep","draw_074",1150,"2023-01-15","forecast","3.05929898912719"
"exdqlm_multivar_synth_keep","draw_074",1150,"2023-01-16","forecast","2.96718246654881"
"exdqlm_multivar_synth_keep","draw_074",1150,"2023-01-17","forecast","2.87440624163684"
"exdqlm_multivar_synth_keep","draw_074",1150,"2023-01-18","forecast","2.81838978064964"
"exdqlm_multivar_synth_keep","draw_074",1150,"2023-01-19","forecast","2.75497664639998"
"exdqlm_multivar_synth_keep","draw_074",1150,"2023-01-20","forecast","2.73241226094402"
"exdqlm_multivar_synth_keep","draw_074",1150,"2023-01-21","forecast","2.74374806990528"
"exdqlm_multivar_synth_keep","draw_074",1150,"2023-01-22","forecast","2.68624583087291"
"exdqlm_multivar_synth_keep","draw_075",1166,"2022-12-26","forecast","1.10439842072385"
"exdqlm_multivar_synth_keep","draw_075",1166,"2022-12-27","forecast","1.73538877050412"
"exdqlm_multivar_synth_keep","draw_075",1166,"2022-12-28","forecast","2.38333036139471"
"exdqlm_multivar_synth_keep","draw_075",1166,"2022-12-29","forecast","2.40071511698977"
"exdqlm_multivar_synth_keep","draw_075",1166,"2022-12-30","forecast","2.55801173594532"
"exdqlm_multivar_synth_keep","draw_075",1166,"2022-12-31","forecast","2.89480876292259"
"exdqlm_multivar_synth_keep","draw_075",1166,"2023-01-01","forecast","3.09624739327894"
"exdqlm_multivar_synth_keep","draw_075",1166,"2023-01-02","forecast","3.06376456850529"
"exdqlm_multivar_synth_keep","draw_075",1166,"2023-01-03","forecast","3.12622356359487"
"exdqlm_multivar_synth_keep","draw_075",1166,"2023-01-04","forecast","3.23135147425245"
"exdqlm_multivar_synth_keep","draw_075",1166,"2023-01-05","forecast","3.29311862666755"
"exdqlm_multivar_synth_keep","draw_075",1166,"2023-01-06","forecast","3.30782012659738"
"exdqlm_multivar_synth_keep","draw_075",1166,"2023-01-07","forecast","3.30694008198542"
"exdqlm_multivar_synth_keep","draw_075",1166,"2023-01-08","forecast","3.33925462286134"
"exdqlm_multivar_synth_keep","draw_075",1166,"2023-01-09","forecast","3.36483700791238"
"exdqlm_multivar_synth_keep","draw_075",1166,"2023-01-10","forecast","3.32010240721847"
"exdqlm_multivar_synth_keep","draw_075",1166,"2023-01-11","forecast","3.29345191364131"
"exdqlm_multivar_synth_keep","draw_075",1166,"2023-01-12","forecast","3.22947603189187"
"exdqlm_multivar_synth_keep","draw_075",1166,"2023-01-13","forecast","3.16161672282634"
"exdqlm_multivar_synth_keep","draw_075",1166,"2023-01-14","forecast","3.08200623055066"
"exdqlm_multivar_synth_keep","draw_075",1166,"2023-01-15","forecast","3.07218738960751"
"exdqlm_multivar_synth_keep","draw_075",1166,"2023-01-16","forecast","2.98468751611425"
"exdqlm_multivar_synth_keep","draw_075",1166,"2023-01-17","forecast","2.88571699355168"
"exdqlm_multivar_synth_keep","draw_075",1166,"2023-01-18","forecast","2.83174635453708"
"exdqlm_multivar_synth_keep","draw_075",1166,"2023-01-19","forecast","2.76666942532081"
"exdqlm_multivar_synth_keep","draw_075",1166,"2023-01-20","forecast","2.74391405270236"
"exdqlm_multivar_synth_keep","draw_075",1166,"2023-01-21","forecast","2.76788833530412"
"exdqlm_multivar_synth_keep","draw_075",1166,"2023-01-22","forecast","2.71374019991313"
"exdqlm_multivar_synth_keep","draw_076",1182,"2022-12-26","forecast","1.10509013378985"
"exdqlm_multivar_synth_keep","draw_076",1182,"2022-12-27","forecast","1.75696132480216"
"exdqlm_multivar_synth_keep","draw_076",1182,"2022-12-28","forecast","2.39427846783694"
"exdqlm_multivar_synth_keep","draw_076",1182,"2022-12-29","forecast","2.40082185451368"
"exdqlm_multivar_synth_keep","draw_076",1182,"2022-12-30","forecast","2.56193654416897"
"exdqlm_multivar_synth_keep","draw_076",1182,"2022-12-31","forecast","2.89487385980855"
"exdqlm_multivar_synth_keep","draw_076",1182,"2023-01-01","forecast","3.09862466321556"
"exdqlm_multivar_synth_keep","draw_076",1182,"2023-01-02","forecast","3.07406516772345"
"exdqlm_multivar_synth_keep","draw_076",1182,"2023-01-03","forecast","3.13511000011641"
"exdqlm_multivar_synth_keep","draw_076",1182,"2023-01-04","forecast","3.24067086999887"
"exdqlm_multivar_synth_keep","draw_076",1182,"2023-01-05","forecast","3.30574460728540"
"exdqlm_multivar_synth_keep","draw_076",1182,"2023-01-06","forecast","3.31814311305114"
"exdqlm_multivar_synth_keep","draw_076",1182,"2023-01-07","forecast","3.32159259611551"
"exdqlm_multivar_synth_keep","draw_076",1182,"2023-01-08","forecast","3.35515297185215"
"exdqlm_multivar_synth_keep","draw_076",1182,"2023-01-09","forecast","3.37813020037696"
"exdqlm_multivar_synth_keep","draw_076",1182,"2023-01-10","forecast","3.34313171969431"
"exdqlm_multivar_synth_keep","draw_076",1182,"2023-01-11","forecast","3.30274379741219"
"exdqlm_multivar_synth_keep","draw_076",1182,"2023-01-12","forecast","3.23950849829536"
"exdqlm_multivar_synth_keep","draw_076",1182,"2023-01-13","forecast","3.17018982863961"
"exdqlm_multivar_synth_keep","draw_076",1182,"2023-01-14","forecast","3.09294388774386"
"exdqlm_multivar_synth_keep","draw_076",1182,"2023-01-15","forecast","3.08278942986881"
"exdqlm_multivar_synth_keep","draw_076",1182,"2023-01-16","forecast","3.00311736192079"
"exdqlm_multivar_synth_keep","draw_076",1182,"2023-01-17","forecast","2.89950806851834"
"exdqlm_multivar_synth_keep","draw_076",1182,"2023-01-18","forecast","2.84513441946166"
"exdqlm_multivar_synth_keep","draw_076",1182,"2023-01-19","forecast","2.77943738459543"
"exdqlm_multivar_synth_keep","draw_076",1182,"2023-01-20","forecast","2.75530449543968"
"exdqlm_multivar_synth_keep","draw_076",1182,"2023-01-21","forecast","2.78906056610198"
"exdqlm_multivar_synth_keep","draw_076",1182,"2023-01-22","forecast","2.73389218652578"
"exdqlm_multivar_synth_keep","draw_077",1197,"2022-12-26","forecast","1.10557220254247"
"exdqlm_multivar_synth_keep","draw_077",1197,"2022-12-27","forecast","1.77195707108782"
"exdqlm_multivar_synth_keep","draw_077",1197,"2022-12-28","forecast","2.39973160539719"
"exdqlm_multivar_synth_keep","draw_077",1197,"2022-12-29","forecast","2.40087623573531"
"exdqlm_multivar_synth_keep","draw_077",1197,"2022-12-30","forecast","2.57001992638120"
"exdqlm_multivar_synth_keep","draw_077",1197,"2022-12-31","forecast","2.89488058197390"
"exdqlm_multivar_synth_keep","draw_077",1197,"2023-01-01","forecast","3.10002930684811"
"exdqlm_multivar_synth_keep","draw_077",1197,"2023-01-02","forecast","3.08310507319117"
"exdqlm_multivar_synth_keep","draw_077",1197,"2023-01-03","forecast","3.14160531358164"
"exdqlm_multivar_synth_keep","draw_077",1197,"2023-01-04","forecast","3.24752418281913"
"exdqlm_multivar_synth_keep","draw_077",1197,"2023-01-05","forecast","3.31924646195333"
"exdqlm_multivar_synth_keep","draw_077",1197,"2023-01-06","forecast","3.32909255378549"
"exdqlm_multivar_synth_keep","draw_077",1197,"2023-01-07","forecast","3.33091270274403"
"exdqlm_multivar_synth_keep","draw_077",1197,"2023-01-08","forecast","3.36135169451821"
"exdqlm_multivar_synth_keep","draw_077",1197,"2023-01-09","forecast","3.39065188308768"
"exdqlm_multivar_synth_keep","draw_077",1197,"2023-01-10","forecast","3.36059761320341"
"exdqlm_multivar_synth_keep","draw_077",1197,"2023-01-11","forecast","3.31188486489197"
"exdqlm_multivar_synth_keep","draw_077",1197,"2023-01-12","forecast","3.24703762226337"
"exdqlm_multivar_synth_keep","draw_077",1197,"2023-01-13","forecast","3.17808730118085"
"exdqlm_multivar_synth_keep","draw_077",1197,"2023-01-14","forecast","3.10401445047541"
"exdqlm_multivar_synth_keep","draw_077",1197,"2023-01-15","forecast","3.09887924139559"
"exdqlm_multivar_synth_keep","draw_077",1197,"2023-01-16","forecast","3.01293944196983"
"exdqlm_multivar_synth_keep","draw_077",1197,"2023-01-17","forecast","2.92040380000402"
"exdqlm_multivar_synth_keep","draw_077",1197,"2023-01-18","forecast","2.85667328199808"
"exdqlm_multivar_synth_keep","draw_077",1197,"2023-01-19","forecast","2.79427959318545"
"exdqlm_multivar_synth_keep","draw_077",1197,"2023-01-20","forecast","2.76885272778373"
"exdqlm_multivar_synth_keep","draw_077",1197,"2023-01-21","forecast","2.80315939242487"
"exdqlm_multivar_synth_keep","draw_077",1197,"2023-01-22","forecast","2.75952167643728"
"exdqlm_multivar_synth_keep","draw_078",1213,"2022-12-26","forecast","1.10695376513017"
"exdqlm_multivar_synth_keep","draw_078",1213,"2022-12-27","forecast","1.78401851533310"
"exdqlm_multivar_synth_keep","draw_078",1213,"2022-12-28","forecast","2.40507352846831"
"exdqlm_multivar_synth_keep","draw_078",1213,"2022-12-29","forecast","2.40095353167427"
"exdqlm_multivar_synth_keep","draw_078",1213,"2022-12-30","forecast","2.57624833009302"
"exdqlm_multivar_synth_keep","draw_078",1213,"2022-12-31","forecast","2.89497214055498"
"exdqlm_multivar_synth_keep","draw_078",1213,"2023-01-01","forecast","3.10169930514119"
"exdqlm_multivar_synth_keep","draw_078",1213,"2023-01-02","forecast","3.09072937387671"
"exdqlm_multivar_synth_keep","draw_078",1213,"2023-01-03","forecast","3.14849944424540"
"exdqlm_multivar_synth_keep","draw_078",1213,"2023-01-04","forecast","3.25812595801303"
"exdqlm_multivar_synth_keep","draw_078",1213,"2023-01-05","forecast","3.33000780081566"
"exdqlm_multivar_synth_keep","draw_078",1213,"2023-01-06","forecast","3.33936434687373"
"exdqlm_multivar_synth_keep","draw_078",1213,"2023-01-07","forecast","3.34087059164768"
"exdqlm_multivar_synth_keep","draw_078",1213,"2023-01-08","forecast","3.37825807872812"
"exdqlm_multivar_synth_keep","draw_078",1213,"2023-01-09","forecast","3.40371996522797"
"exdqlm_multivar_synth_keep","draw_078",1213,"2023-01-10","forecast","3.37830573246575"
"exdqlm_multivar_synth_keep","draw_078",1213,"2023-01-11","forecast","3.32624080366679"
"exdqlm_multivar_synth_keep","draw_078",1213,"2023-01-12","forecast","3.25658728423997"
"exdqlm_multivar_synth_keep","draw_078",1213,"2023-01-13","forecast","3.18721404379516"
"exdqlm_multivar_synth_keep","draw_078",1213,"2023-01-14","forecast","3.11188339396467"
"exdqlm_multivar_synth_keep","draw_078",1213,"2023-01-15","forecast","3.11014018808457"
"exdqlm_multivar_synth_keep","draw_078",1213,"2023-01-16","forecast","3.02268086989641"
"exdqlm_multivar_synth_keep","draw_078",1213,"2023-01-17","forecast","2.94399293189624"
"exdqlm_multivar_synth_keep","draw_078",1213,"2023-01-18","forecast","2.87507356276437"
"exdqlm_multivar_synth_keep","draw_078",1213,"2023-01-19","forecast","2.81032781088276"
"exdqlm_multivar_synth_keep","draw_078",1213,"2023-01-20","forecast","2.78534275814290"
"exdqlm_multivar_synth_keep","draw_078",1213,"2023-01-21","forecast","2.82249756559999"
"exdqlm_multivar_synth_keep","draw_078",1213,"2023-01-22","forecast","2.78700138293641"
"exdqlm_multivar_synth_keep","draw_079",1229,"2022-12-26","forecast","1.10880526753684"
"exdqlm_multivar_synth_keep","draw_079",1229,"2022-12-27","forecast","1.79877279051524"
"exdqlm_multivar_synth_keep","draw_079",1229,"2022-12-28","forecast","2.41126483203980"
"exdqlm_multivar_synth_keep","draw_079",1229,"2022-12-29","forecast","2.40098972717034"
"exdqlm_multivar_synth_keep","draw_079",1229,"2022-12-30","forecast","2.58137872628057"
"exdqlm_multivar_synth_keep","draw_079",1229,"2022-12-31","forecast","2.89511265519631"
"exdqlm_multivar_synth_keep","draw_079",1229,"2023-01-01","forecast","3.10392701327205"
"exdqlm_multivar_synth_keep","draw_079",1229,"2023-01-02","forecast","3.10098288072084"
"exdqlm_multivar_synth_keep","draw_079",1229,"2023-01-03","forecast","3.15680349120452"
"exdqlm_multivar_synth_keep","draw_079",1229,"2023-01-04","forecast","3.26997670455361"
"exdqlm_multivar_synth_keep","draw_079",1229,"2023-01-05","forecast","3.34379909445916"
"exdqlm_multivar_synth_keep","draw_079",1229,"2023-01-06","forecast","3.34902546898697"
"exdqlm_multivar_synth_keep","draw_079",1229,"2023-01-07","forecast","3.35383086433269"
"exdqlm_multivar_synth_keep","draw_079",1229,"2023-01-08","forecast","3.38955339369389"
"exdqlm_multivar_synth_keep","draw_079",1229,"2023-01-09","forecast","3.41652381003849"
"exdqlm_multivar_synth_keep","draw_079",1229,"2023-01-10","forecast","3.39599129352455"
"exdqlm_multivar_synth_keep","draw_079",1229,"2023-01-11","forecast","3.33541454919598"
"exdqlm_multivar_synth_keep","draw_079",1229,"2023-01-12","forecast","3.26857379848975"
"exdqlm_multivar_synth_keep","draw_079",1229,"2023-01-13","forecast","3.20106184443153"
"exdqlm_multivar_synth_keep","draw_079",1229,"2023-01-14","forecast","3.12390771235207"
"exdqlm_multivar_synth_keep","draw_079",1229,"2023-01-15","forecast","3.12396801764401"
"exdqlm_multivar_synth_keep","draw_079",1229,"2023-01-16","forecast","3.03585937391301"
"exdqlm_multivar_synth_keep","draw_079",1229,"2023-01-17","forecast","2.95945942315070"
"exdqlm_multivar_synth_keep","draw_079",1229,"2023-01-18","forecast","2.89105020179638"
"exdqlm_multivar_synth_keep","draw_079",1229,"2023-01-19","forecast","2.82212218529001"
"exdqlm_multivar_synth_keep","draw_079",1229,"2023-01-20","forecast","2.80444117368764"
"exdqlm_multivar_synth_keep","draw_079",1229,"2023-01-21","forecast","2.83796493959903"
"exdqlm_multivar_synth_keep","draw_079",1229,"2023-01-22","forecast","2.81376590862971"
"exdqlm_multivar_synth_keep","draw_080",1244,"2022-12-26","forecast","1.11058221217092"
"exdqlm_multivar_synth_keep","draw_080",1244,"2022-12-27","forecast","1.81951074416219"
"exdqlm_multivar_synth_keep","draw_080",1244,"2022-12-28","forecast","2.42152720265430"
"exdqlm_multivar_synth_keep","draw_080",1244,"2022-12-29","forecast","2.40107390593811"
"exdqlm_multivar_synth_keep","draw_080",1244,"2022-12-30","forecast","2.58744848845103"
"exdqlm_multivar_synth_keep","draw_080",1244,"2022-12-31","forecast","2.89521198323463"
"exdqlm_multivar_synth_keep","draw_080",1244,"2023-01-01","forecast","3.10582301624783"
"exdqlm_multivar_synth_keep","draw_080",1244,"2023-01-02","forecast","3.10931864880433"
"exdqlm_multivar_synth_keep","draw_080",1244,"2023-01-03","forecast","3.16244835094044"
"exdqlm_multivar_synth_keep","draw_080",1244,"2023-01-04","forecast","3.28119508593948"
"exdqlm_multivar_synth_keep","draw_080",1244,"2023-01-05","forecast","3.35579403402721"
"exdqlm_multivar_synth_keep","draw_080",1244,"2023-01-06","forecast","3.36051868461363"
"exdqlm_multivar_synth_keep","draw_080",1244,"2023-01-07","forecast","3.35946574893200"
"exdqlm_multivar_synth_keep","draw_080",1244,"2023-01-08","forecast","3.39839154332772"
"exdqlm_multivar_synth_keep","draw_080",1244,"2023-01-09","forecast","3.42765016868630"
"exdqlm_multivar_synth_keep","draw_080",1244,"2023-01-10","forecast","3.41212180985322"
"exdqlm_multivar_synth_keep","draw_080",1244,"2023-01-11","forecast","3.34410460236025"
"exdqlm_multivar_synth_keep","draw_080",1244,"2023-01-12","forecast","3.27914220805907"
"exdqlm_multivar_synth_keep","draw_080",1244,"2023-01-13","forecast","3.20877576991307"
"exdqlm_multivar_synth_keep","draw_080",1244,"2023-01-14","forecast","3.13860012139775"
"exdqlm_multivar_synth_keep","draw_080",1244,"2023-01-15","forecast","3.14312215884043"
"exdqlm_multivar_synth_keep","draw_080",1244,"2023-01-16","forecast","3.04181444554739"
"exdqlm_multivar_synth_keep","draw_080",1244,"2023-01-17","forecast","2.96910289086025"
"exdqlm_multivar_synth_keep","draw_080",1244,"2023-01-18","forecast","2.90516344714965"
"exdqlm_multivar_synth_keep","draw_080",1244,"2023-01-19","forecast","2.84641931923567"
"exdqlm_multivar_synth_keep","draw_080",1244,"2023-01-20","forecast","2.81884687403043"
"exdqlm_multivar_synth_keep","draw_080",1244,"2023-01-21","forecast","2.85833749987278"
"exdqlm_multivar_synth_keep","draw_080",1244,"2023-01-22","forecast","2.84599025494309"
"exdqlm_multivar_synth_keep","draw_081",1260,"2022-12-26","forecast","1.11244467938844"
"exdqlm_multivar_synth_keep","draw_081",1260,"2022-12-27","forecast","1.83643361872657"
"exdqlm_multivar_synth_keep","draw_081",1260,"2022-12-28","forecast","2.43110390398372"
"exdqlm_multivar_synth_keep","draw_081",1260,"2022-12-29","forecast","2.40153775746745"
"exdqlm_multivar_synth_keep","draw_081",1260,"2022-12-30","forecast","2.59103655390098"
"exdqlm_multivar_synth_keep","draw_081",1260,"2022-12-31","forecast","2.89543076265132"
"exdqlm_multivar_synth_keep","draw_081",1260,"2023-01-01","forecast","3.10821195497267"
"exdqlm_multivar_synth_keep","draw_081",1260,"2023-01-02","forecast","3.11380667126142"
"exdqlm_multivar_synth_keep","draw_081",1260,"2023-01-03","forecast","3.17075213906399"
"exdqlm_multivar_synth_keep","draw_081",1260,"2023-01-04","forecast","3.29150006922458"
"exdqlm_multivar_synth_keep","draw_081",1260,"2023-01-05","forecast","3.36726291457257"
"exdqlm_multivar_synth_keep","draw_081",1260,"2023-01-06","forecast","3.36955848361426"
"exdqlm_multivar_synth_keep","draw_081",1260,"2023-01-07","forecast","3.37200253561738"
"exdqlm_multivar_synth_keep","draw_081",1260,"2023-01-08","forecast","3.40999864119601"
"exdqlm_multivar_synth_keep","draw_081",1260,"2023-01-09","forecast","3.44065131090426"
"exdqlm_multivar_synth_keep","draw_081",1260,"2023-01-10","forecast","3.43090861275794"
"exdqlm_multivar_synth_keep","draw_081",1260,"2023-01-11","forecast","3.35262849718266"
"exdqlm_multivar_synth_keep","draw_081",1260,"2023-01-12","forecast","3.28981839076050"
"exdqlm_multivar_synth_keep","draw_081",1260,"2023-01-13","forecast","3.21661668612547"
"exdqlm_multivar_synth_keep","draw_081",1260,"2023-01-14","forecast","3.15765029266877"
"exdqlm_multivar_synth_keep","draw_081",1260,"2023-01-15","forecast","3.15544056001086"
"exdqlm_multivar_synth_keep","draw_081",1260,"2023-01-16","forecast","3.05644111974805"
"exdqlm_multivar_synth_keep","draw_081",1260,"2023-01-17","forecast","2.98491706641119"
"exdqlm_multivar_synth_keep","draw_081",1260,"2023-01-18","forecast","2.91877327065798"
"exdqlm_multivar_synth_keep","draw_081",1260,"2023-01-19","forecast","2.86386757650359"
"exdqlm_multivar_synth_keep","draw_081",1260,"2023-01-20","forecast","2.83218293954457"
"exdqlm_multivar_synth_keep","draw_081",1260,"2023-01-21","forecast","2.88244896809168"
"exdqlm_multivar_synth_keep","draw_081",1260,"2023-01-22","forecast","2.87331143330613"
"exdqlm_multivar_synth_keep","draw_082",1276,"2022-12-26","forecast","1.11409818681836"
"exdqlm_multivar_synth_keep","draw_082",1276,"2022-12-27","forecast","1.84906974650015"
"exdqlm_multivar_synth_keep","draw_082",1276,"2022-12-28","forecast","2.43950918573910"
"exdqlm_multivar_synth_keep","draw_082",1276,"2022-12-29","forecast","2.40206039165600"
"exdqlm_multivar_synth_keep","draw_082",1276,"2022-12-30","forecast","2.59500922684159"
"exdqlm_multivar_synth_keep","draw_082",1276,"2022-12-31","forecast","2.89566821750110"
"exdqlm_multivar_synth_keep","draw_082",1276,"2023-01-01","forecast","3.11082014606619"
"exdqlm_multivar_synth_keep","draw_082",1276,"2023-01-02","forecast","3.12207719908163"
"exdqlm_multivar_synth_keep","draw_082",1276,"2023-01-03","forecast","3.17991252531147"
"exdqlm_multivar_synth_keep","draw_082",1276,"2023-01-04","forecast","3.30394632766582"
"exdqlm_multivar_synth_keep","draw_082",1276,"2023-01-05","forecast","3.39529137914967"
"exdqlm_multivar_synth_keep","draw_082",1276,"2023-01-06","forecast","3.37902684560930"
"exdqlm_multivar_synth_keep","draw_082",1276,"2023-01-07","forecast","3.37797165652481"
"exdqlm_multivar_synth_keep","draw_082",1276,"2023-01-08","forecast","3.42227790352514"
"exdqlm_multivar_synth_keep","draw_082",1276,"2023-01-09","forecast","3.45531169523216"
"exdqlm_multivar_synth_keep","draw_082",1276,"2023-01-10","forecast","3.44450006865169"
"exdqlm_multivar_synth_keep","draw_082",1276,"2023-01-11","forecast","3.36498576530623"
"exdqlm_multivar_synth_keep","draw_082",1276,"2023-01-12","forecast","3.30160205632423"
"exdqlm_multivar_synth_keep","draw_082",1276,"2023-01-13","forecast","3.22817413869315"
"exdqlm_multivar_synth_keep","draw_082",1276,"2023-01-14","forecast","3.16983890911486"
"exdqlm_multivar_synth_keep","draw_082",1276,"2023-01-15","forecast","3.17099816364343"
"exdqlm_multivar_synth_keep","draw_082",1276,"2023-01-16","forecast","3.07319068505910"
"exdqlm_multivar_synth_keep","draw_082",1276,"2023-01-17","forecast","2.99647043919964"
"exdqlm_multivar_synth_keep","draw_082",1276,"2023-01-18","forecast","2.93198995253175"
"exdqlm_multivar_synth_keep","draw_082",1276,"2023-01-19","forecast","2.87923022806560"
"exdqlm_multivar_synth_keep","draw_082",1276,"2023-01-20","forecast","2.84939025953162"
"exdqlm_multivar_synth_keep","draw_082",1276,"2023-01-21","forecast","2.90341506111453"
"exdqlm_multivar_synth_keep","draw_082",1276,"2023-01-22","forecast","2.89506142427020"
"exdqlm_multivar_synth_keep","draw_083",1292,"2022-12-26","forecast","1.11704696252917"
"exdqlm_multivar_synth_keep","draw_083",1292,"2022-12-27","forecast","1.86497711381500"
"exdqlm_multivar_synth_keep","draw_083",1292,"2022-12-28","forecast","2.44444960951425"
"exdqlm_multivar_synth_keep","draw_083",1292,"2022-12-29","forecast","2.40220807060755"
"exdqlm_multivar_synth_keep","draw_083",1292,"2022-12-30","forecast","2.59902405026753"
"exdqlm_multivar_synth_keep","draw_083",1292,"2022-12-31","forecast","2.89595255614140"
"exdqlm_multivar_synth_keep","draw_083",1292,"2023-01-01","forecast","3.11460648392665"
"exdqlm_multivar_synth_keep","draw_083",1292,"2023-01-02","forecast","3.12914552107402"
"exdqlm_multivar_synth_keep","draw_083",1292,"2023-01-03","forecast","3.19670185728120"
"exdqlm_multivar_synth_keep","draw_083",1292,"2023-01-04","forecast","3.33635995456691"
"exdqlm_multivar_synth_keep","draw_083",1292,"2023-01-05","forecast","3.43372898358135"
"exdqlm_multivar_synth_keep","draw_083",1292,"2023-01-06","forecast","3.38923747590769"
"exdqlm_multivar_synth_keep","draw_083",1292,"2023-01-07","forecast","3.38893617699898"
"exdqlm_multivar_synth_keep","draw_083",1292,"2023-01-08","forecast","3.43383065541999"
"exdqlm_multivar_synth_keep","draw_083",1292,"2023-01-09","forecast","3.46817205334985"
"exdqlm_multivar_synth_keep","draw_083",1292,"2023-01-10","forecast","3.45852339211334"
"exdqlm_multivar_synth_keep","draw_083",1292,"2023-01-11","forecast","3.37504465272924"
"exdqlm_multivar_synth_keep","draw_083",1292,"2023-01-12","forecast","3.31662829048506"
"exdqlm_multivar_synth_keep","draw_083",1292,"2023-01-13","forecast","3.23781531208467"
"exdqlm_multivar_synth_keep","draw_083",1292,"2023-01-14","forecast","3.17911375590917"
"exdqlm_multivar_synth_keep","draw_083",1292,"2023-01-15","forecast","3.18730183647093"
"exdqlm_multivar_synth_keep","draw_083",1292,"2023-01-16","forecast","3.08675311893497"
"exdqlm_multivar_synth_keep","draw_083",1292,"2023-01-17","forecast","3.00874104663047"
"exdqlm_multivar_synth_keep","draw_083",1292,"2023-01-18","forecast","2.95865146995234"
"exdqlm_multivar_synth_keep","draw_083",1292,"2023-01-19","forecast","2.89236518566336"
"exdqlm_multivar_synth_keep","draw_083",1292,"2023-01-20","forecast","2.86471226245467"
"exdqlm_multivar_synth_keep","draw_083",1292,"2023-01-21","forecast","2.91996731517798"
"exdqlm_multivar_synth_keep","draw_083",1292,"2023-01-22","forecast","2.93424144968206"
"exdqlm_multivar_synth_keep","draw_084",1307,"2022-12-26","forecast","1.12008310358871"
"exdqlm_multivar_synth_keep","draw_084",1307,"2022-12-27","forecast","1.88148128367700"
"exdqlm_multivar_synth_keep","draw_084",1307,"2022-12-28","forecast","2.45631574014939"
"exdqlm_multivar_synth_keep","draw_084",1307,"2022-12-29","forecast","2.41268165373376"
"exdqlm_multivar_synth_keep","draw_084",1307,"2022-12-30","forecast","2.60383955809496"
"exdqlm_multivar_synth_keep","draw_084",1307,"2022-12-31","forecast","2.89614100191446"
"exdqlm_multivar_synth_keep","draw_084",1307,"2023-01-01","forecast","3.11651658323305"
"exdqlm_multivar_synth_keep","draw_084",1307,"2023-01-02","forecast","3.15923261964052"
"exdqlm_multivar_synth_keep","draw_084",1307,"2023-01-03","forecast","3.21658917472723"
"exdqlm_multivar_synth_keep","draw_084",1307,"2023-01-04","forecast","3.35517706419957"
"exdqlm_multivar_synth_keep","draw_084",1307,"2023-01-05","forecast","3.45441791339447"
"exdqlm_multivar_synth_keep","draw_084",1307,"2023-01-06","forecast","3.39458000888191"
"exdqlm_multivar_synth_keep","draw_084",1307,"2023-01-07","forecast","3.39959215004193"
"exdqlm_multivar_synth_keep","draw_084",1307,"2023-01-08","forecast","3.44042034530050"
"exdqlm_multivar_synth_keep","draw_084",1307,"2023-01-09","forecast","3.48091130687049"
"exdqlm_multivar_synth_keep","draw_084",1307,"2023-01-10","forecast","3.48662862520956"
"exdqlm_multivar_synth_keep","draw_084",1307,"2023-01-11","forecast","3.40237373724371"
"exdqlm_multivar_synth_keep","draw_084",1307,"2023-01-12","forecast","3.32886592202617"
"exdqlm_multivar_synth_keep","draw_084",1307,"2023-01-13","forecast","3.26667471515620"
"exdqlm_multivar_synth_keep","draw_084",1307,"2023-01-14","forecast","3.18884797365040"
"exdqlm_multivar_synth_keep","draw_084",1307,"2023-01-15","forecast","3.21256445310936"
"exdqlm_multivar_synth_keep","draw_084",1307,"2023-01-16","forecast","3.09397352226292"
"exdqlm_multivar_synth_keep","draw_084",1307,"2023-01-17","forecast","3.02165506034799"
"exdqlm_multivar_synth_keep","draw_084",1307,"2023-01-18","forecast","2.99545268099350"
"exdqlm_multivar_synth_keep","draw_084",1307,"2023-01-19","forecast","2.93150373171776"
"exdqlm_multivar_synth_keep","draw_084",1307,"2023-01-20","forecast","2.88041132655295"
"exdqlm_multivar_synth_keep","draw_084",1307,"2023-01-21","forecast","2.94608493723233"
"exdqlm_multivar_synth_keep","draw_084",1307,"2023-01-22","forecast","2.95295500205639"
"exdqlm_multivar_synth_keep","draw_085",1323,"2022-12-26","forecast","1.12278272028983"
"exdqlm_multivar_synth_keep","draw_085",1323,"2022-12-27","forecast","1.93025002702793"
"exdqlm_multivar_synth_keep","draw_085",1323,"2022-12-28","forecast","2.47001090037742"
"exdqlm_multivar_synth_keep","draw_085",1323,"2022-12-29","forecast","2.42917703341481"
"exdqlm_multivar_synth_keep","draw_085",1323,"2022-12-30","forecast","2.60845127781987"
"exdqlm_multivar_synth_keep","draw_085",1323,"2022-12-31","forecast","2.89730390943684"
"exdqlm_multivar_synth_keep","draw_085",1323,"2023-01-01","forecast","3.13426241013495"
"exdqlm_multivar_synth_keep","draw_085",1323,"2023-01-02","forecast","3.21012525042095"
"exdqlm_multivar_synth_keep","draw_085",1323,"2023-01-03","forecast","3.25855127904230"
"exdqlm_multivar_synth_keep","draw_085",1323,"2023-01-04","forecast","3.37683510596278"
"exdqlm_multivar_synth_keep","draw_085",1323,"2023-01-05","forecast","3.49360487368707"
"exdqlm_multivar_synth_keep","draw_085",1323,"2023-01-06","forecast","3.42182801883107"
"exdqlm_multivar_synth_keep","draw_085",1323,"2023-01-07","forecast","3.41073749423198"
"exdqlm_multivar_synth_keep","draw_085",1323,"2023-01-08","forecast","3.45250847458154"
"exdqlm_multivar_synth_keep","draw_085",1323,"2023-01-09","forecast","3.49579499467617"
"exdqlm_multivar_synth_keep","draw_085",1323,"2023-01-10","forecast","3.51940237618813"
"exdqlm_multivar_synth_keep","draw_085",1323,"2023-01-11","forecast","3.44568485404902"
"exdqlm_multivar_synth_keep","draw_085",1323,"2023-01-12","forecast","3.35351394732113"
"exdqlm_multivar_synth_keep","draw_085",1323,"2023-01-13","forecast","3.30227765699163"
"exdqlm_multivar_synth_keep","draw_085",1323,"2023-01-14","forecast","3.23506214375263"
"exdqlm_multivar_synth_keep","draw_085",1323,"2023-01-15","forecast","3.24042823502899"
"exdqlm_multivar_synth_keep","draw_085",1323,"2023-01-16","forecast","3.11314718211110"
"exdqlm_multivar_synth_keep","draw_085",1323,"2023-01-17","forecast","3.04819911411534"
"exdqlm_multivar_synth_keep","draw_085",1323,"2023-01-18","forecast","3.03652068768320"
"exdqlm_multivar_synth_keep","draw_085",1323,"2023-01-19","forecast","2.96193420179971"
"exdqlm_multivar_synth_keep","draw_085",1323,"2023-01-20","forecast","2.91746732461134"
"exdqlm_multivar_synth_keep","draw_085",1323,"2023-01-21","forecast","2.97238605423779"
"exdqlm_multivar_synth_keep","draw_085",1323,"2023-01-22","forecast","2.98659357375419"
"exdqlm_multivar_synth_keep","draw_086",1339,"2022-12-26","forecast","1.12627328115928"
"exdqlm_multivar_synth_keep","draw_086",1339,"2022-12-27","forecast","1.97614270428151"
"exdqlm_multivar_synth_keep","draw_086",1339,"2022-12-28","forecast","2.48248971358704"
"exdqlm_multivar_synth_keep","draw_086",1339,"2022-12-29","forecast","2.44306797510828"
"exdqlm_multivar_synth_keep","draw_086",1339,"2022-12-30","forecast","2.63307716882155"
"exdqlm_multivar_synth_keep","draw_086",1339,"2022-12-31","forecast","2.92658992795291"
"exdqlm_multivar_synth_keep","draw_086",1339,"2023-01-01","forecast","3.16505622387396"
"exdqlm_multivar_synth_keep","draw_086",1339,"2023-01-02","forecast","3.27224279866667"
"exdqlm_multivar_synth_keep","draw_086",1339,"2023-01-03","forecast","3.29490394170081"
"exdqlm_multivar_synth_keep","draw_086",1339,"2023-01-04","forecast","3.40440838791067"
"exdqlm_multivar_synth_keep","draw_086",1339,"2023-01-05","forecast","3.53504478203425"
"exdqlm_multivar_synth_keep","draw_086",1339,"2023-01-06","forecast","3.46064454173868"
"exdqlm_multivar_synth_keep","draw_086",1339,"2023-01-07","forecast","3.42990835474755"
"exdqlm_multivar_synth_keep","draw_086",1339,"2023-01-08","forecast","3.50400634143403"
"exdqlm_multivar_synth_keep","draw_086",1339,"2023-01-09","forecast","3.52410929965884"
"exdqlm_multivar_synth_keep","draw_086",1339,"2023-01-10","forecast","3.55864887541154"
"exdqlm_multivar_synth_keep","draw_086",1339,"2023-01-11","forecast","3.48434865624669"
"exdqlm_multivar_synth_keep","draw_086",1339,"2023-01-12","forecast","3.38049461289129"
"exdqlm_multivar_synth_keep","draw_086",1339,"2023-01-13","forecast","3.32842294550852"
"exdqlm_multivar_synth_keep","draw_086",1339,"2023-01-14","forecast","3.27255006180601"
"exdqlm_multivar_synth_keep","draw_086",1339,"2023-01-15","forecast","3.27322957852329"
"exdqlm_multivar_synth_keep","draw_086",1339,"2023-01-16","forecast","3.14763933855779"
"exdqlm_multivar_synth_keep","draw_086",1339,"2023-01-17","forecast","3.08242629067877"
"exdqlm_multivar_synth_keep","draw_086",1339,"2023-01-18","forecast","3.06610896505698"
"exdqlm_multivar_synth_keep","draw_086",1339,"2023-01-19","forecast","3.00812121420458"
"exdqlm_multivar_synth_keep","draw_086",1339,"2023-01-20","forecast","2.93542940752116"
"exdqlm_multivar_synth_keep","draw_086",1339,"2023-01-21","forecast","2.99137153155210"
"exdqlm_multivar_synth_keep","draw_086",1339,"2023-01-22","forecast","3.02241881617348"
"exdqlm_multivar_synth_keep","draw_087",1355,"2022-12-26","forecast","1.13058895301253"
"exdqlm_multivar_synth_keep","draw_087",1355,"2022-12-27","forecast","2.02226427552378"
"exdqlm_multivar_synth_keep","draw_087",1355,"2022-12-28","forecast","2.49328274797074"
"exdqlm_multivar_synth_keep","draw_087",1355,"2022-12-29","forecast","2.46199343245146"
"exdqlm_multivar_synth_keep","draw_087",1355,"2022-12-30","forecast","2.66516811608868"
"exdqlm_multivar_synth_keep","draw_087",1355,"2022-12-31","forecast","2.95862688785152"
"exdqlm_multivar_synth_keep","draw_087",1355,"2023-01-01","forecast","3.20514415325992"
"exdqlm_multivar_synth_keep","draw_087",1355,"2023-01-02","forecast","3.32379568224282"
"exdqlm_multivar_synth_keep","draw_087",1355,"2023-01-03","forecast","3.34184726866471"
"exdqlm_multivar_synth_keep","draw_087",1355,"2023-01-04","forecast","3.42845231918263"
"exdqlm_multivar_synth_keep","draw_087",1355,"2023-01-05","forecast","3.56496056163836"
"exdqlm_multivar_synth_keep","draw_087",1355,"2023-01-06","forecast","3.48359313014374"
"exdqlm_multivar_synth_keep","draw_087",1355,"2023-01-07","forecast","3.46420875272428"
"exdqlm_multivar_synth_keep","draw_087",1355,"2023-01-08","forecast","3.54055615547622"
"exdqlm_multivar_synth_keep","draw_087",1355,"2023-01-09","forecast","3.54811158737895"
"exdqlm_multivar_synth_keep","draw_087",1355,"2023-01-10","forecast","3.59970119833557"
"exdqlm_multivar_synth_keep","draw_087",1355,"2023-01-11","forecast","3.51496085000140"
"exdqlm_multivar_synth_keep","draw_087",1355,"2023-01-12","forecast","3.43803009764550"
"exdqlm_multivar_synth_keep","draw_087",1355,"2023-01-13","forecast","3.34820571767993"
"exdqlm_multivar_synth_keep","draw_087",1355,"2023-01-14","forecast","3.29935806426837"
"exdqlm_multivar_synth_keep","draw_087",1355,"2023-01-15","forecast","3.29111713864366"
"exdqlm_multivar_synth_keep","draw_087",1355,"2023-01-16","forecast","3.19766739212922"
"exdqlm_multivar_synth_keep","draw_087",1355,"2023-01-17","forecast","3.12572324785981"
"exdqlm_multivar_synth_keep","draw_087",1355,"2023-01-18","forecast","3.10090511061009"
"exdqlm_multivar_synth_keep","draw_087",1355,"2023-01-19","forecast","3.03849453148638"
"exdqlm_multivar_synth_keep","draw_087",1355,"2023-01-20","forecast","2.95682881880142"
"exdqlm_multivar_synth_keep","draw_087",1355,"2023-01-21","forecast","3.02116098578580"
"exdqlm_multivar_synth_keep","draw_087",1355,"2023-01-22","forecast","3.04747617907296"
"exdqlm_multivar_synth_keep","draw_088",1370,"2022-12-26","forecast","1.13333853868619"
"exdqlm_multivar_synth_keep","draw_088",1370,"2022-12-27","forecast","2.05042617598201"
"exdqlm_multivar_synth_keep","draw_088",1370,"2022-12-28","forecast","2.50610206749692"
"exdqlm_multivar_synth_keep","draw_088",1370,"2022-12-29","forecast","2.48140051323815"
"exdqlm_multivar_synth_keep","draw_088",1370,"2022-12-30","forecast","2.69420073354750"
"exdqlm_multivar_synth_keep","draw_088",1370,"2022-12-31","forecast","3.01037225831722"
"exdqlm_multivar_synth_keep","draw_088",1370,"2023-01-01","forecast","3.22666467279496"
"exdqlm_multivar_synth_keep","draw_088",1370,"2023-01-02","forecast","3.36021589177052"
"exdqlm_multivar_synth_keep","draw_088",1370,"2023-01-03","forecast","3.37808212244249"
"exdqlm_multivar_synth_keep","draw_088",1370,"2023-01-04","forecast","3.44381969585001"
"exdqlm_multivar_synth_keep","draw_088",1370,"2023-01-05","forecast","3.59242976402002"
"exdqlm_multivar_synth_keep","draw_088",1370,"2023-01-06","forecast","3.51576707141824"
"exdqlm_multivar_synth_keep","draw_088",1370,"2023-01-07","forecast","3.49101907576375"
"exdqlm_multivar_synth_keep","draw_088",1370,"2023-01-08","forecast","3.56929444910513"
"exdqlm_multivar_synth_keep","draw_088",1370,"2023-01-09","forecast","3.57145096931217"
"exdqlm_multivar_synth_keep","draw_088",1370,"2023-01-10","forecast","3.64499543865740"
"exdqlm_multivar_synth_keep","draw_088",1370,"2023-01-11","forecast","3.54351132563981"
"exdqlm_multivar_synth_keep","draw_088",1370,"2023-01-12","forecast","3.47459443674090"
"exdqlm_multivar_synth_keep","draw_088",1370,"2023-01-13","forecast","3.36911098262777"
"exdqlm_multivar_synth_keep","draw_088",1370,"2023-01-14","forecast","3.32811671288562"
"exdqlm_multivar_synth_keep","draw_088",1370,"2023-01-15","forecast","3.30639938624422"
"exdqlm_multivar_synth_keep","draw_088",1370,"2023-01-16","forecast","3.23011131699392"
"exdqlm_multivar_synth_keep","draw_088",1370,"2023-01-17","forecast","3.15287733592329"
"exdqlm_multivar_synth_keep","draw_088",1370,"2023-01-18","forecast","3.13741813812009"
"exdqlm_multivar_synth_keep","draw_088",1370,"2023-01-19","forecast","3.07635130653001"
"exdqlm_multivar_synth_keep","draw_088",1370,"2023-01-20","forecast","2.98899059723458"
"exdqlm_multivar_synth_keep","draw_088",1370,"2023-01-21","forecast","3.04893212673024"
"exdqlm_multivar_synth_keep","draw_088",1370,"2023-01-22","forecast","3.06560291118726"
"exdqlm_multivar_synth_keep","draw_089",1386,"2022-12-26","forecast","1.13642267467037"
"exdqlm_multivar_synth_keep","draw_089",1386,"2022-12-27","forecast","2.08568530591934"
"exdqlm_multivar_synth_keep","draw_089",1386,"2022-12-28","forecast","2.51860224656625"
"exdqlm_multivar_synth_keep","draw_089",1386,"2022-12-29","forecast","2.50238469526224"
"exdqlm_multivar_synth_keep","draw_089",1386,"2022-12-30","forecast","2.72321935707102"
"exdqlm_multivar_synth_keep","draw_089",1386,"2022-12-31","forecast","3.07062831381630"
"exdqlm_multivar_synth_keep","draw_089",1386,"2023-01-01","forecast","3.26923654220371"
"exdqlm_multivar_synth_keep","draw_089",1386,"2023-01-02","forecast","3.39841936974773"
"exdqlm_multivar_synth_keep","draw_089",1386,"2023-01-03","forecast","3.42051020728418"
"exdqlm_multivar_synth_keep","draw_089",1386,"2023-01-04","forecast","3.47645313470260"
"exdqlm_multivar_synth_keep","draw_089",1386,"2023-01-05","forecast","3.61229583462102"
"exdqlm_multivar_synth_keep","draw_089",1386,"2023-01-06","forecast","3.53870073855164"
"exdqlm_multivar_synth_keep","draw_089",1386,"2023-01-07","forecast","3.52090184861759"
"exdqlm_multivar_synth_keep","draw_089",1386,"2023-01-08","forecast","3.61688162915780"
"exdqlm_multivar_synth_keep","draw_089",1386,"2023-01-09","forecast","3.60418924641033"
"exdqlm_multivar_synth_keep","draw_089",1386,"2023-01-10","forecast","3.68267313570728"
"exdqlm_multivar_synth_keep","draw_089",1386,"2023-01-11","forecast","3.57574708872048"
"exdqlm_multivar_synth_keep","draw_089",1386,"2023-01-12","forecast","3.50187992139518"
"exdqlm_multivar_synth_keep","draw_089",1386,"2023-01-13","forecast","3.40171752023463"
"exdqlm_multivar_synth_keep","draw_089",1386,"2023-01-14","forecast","3.35605585249670"
"exdqlm_multivar_synth_keep","draw_089",1386,"2023-01-15","forecast","3.33778595695385"
"exdqlm_multivar_synth_keep","draw_089",1386,"2023-01-16","forecast","3.26841331810821"
"exdqlm_multivar_synth_keep","draw_089",1386,"2023-01-17","forecast","3.18913211015811"
"exdqlm_multivar_synth_keep","draw_089",1386,"2023-01-18","forecast","3.16275210679107"
"exdqlm_multivar_synth_keep","draw_089",1386,"2023-01-19","forecast","3.10063952056762"
"exdqlm_multivar_synth_keep","draw_089",1386,"2023-01-20","forecast","3.01793664710529"
"exdqlm_multivar_synth_keep","draw_089",1386,"2023-01-21","forecast","3.07194537167420"
"exdqlm_multivar_synth_keep","draw_089",1386,"2023-01-22","forecast","3.11948492689195"
"exdqlm_multivar_synth_keep","draw_090",1402,"2022-12-26","forecast","1.14210251363673"
"exdqlm_multivar_synth_keep","draw_090",1402,"2022-12-27","forecast","2.11802836137964"
"exdqlm_multivar_synth_keep","draw_090",1402,"2022-12-28","forecast","2.53794995526730"
"exdqlm_multivar_synth_keep","draw_090",1402,"2022-12-29","forecast","2.52614493088272"
"exdqlm_multivar_synth_keep","draw_090",1402,"2022-12-30","forecast","2.75927336989824"
"exdqlm_multivar_synth_keep","draw_090",1402,"2022-12-31","forecast","3.11151601198091"
"exdqlm_multivar_synth_keep","draw_090",1402,"2023-01-01","forecast","3.32202676092386"
"exdqlm_multivar_synth_keep","draw_090",1402,"2023-01-02","forecast","3.43645345092181"
"exdqlm_multivar_synth_keep","draw_090",1402,"2023-01-03","forecast","3.44887362389597"
"exdqlm_multivar_synth_keep","draw_090",1402,"2023-01-04","forecast","3.49571178566588"
"exdqlm_multivar_synth_keep","draw_090",1402,"2023-01-05","forecast","3.63952034608191"
"exdqlm_multivar_synth_keep","draw_090",1402,"2023-01-06","forecast","3.57272058999270"
"exdqlm_multivar_synth_keep","draw_090",1402,"2023-01-07","forecast","3.54008908425437"
"exdqlm_multivar_synth_keep","draw_090",1402,"2023-01-08","forecast","3.64951645413156"
"exdqlm_multivar_synth_keep","draw_090",1402,"2023-01-09","forecast","3.62400676653864"
"exdqlm_multivar_synth_keep","draw_090",1402,"2023-01-10","forecast","3.71193959560771"
"exdqlm_multivar_synth_keep","draw_090",1402,"2023-01-11","forecast","3.60910968762208"
"exdqlm_multivar_synth_keep","draw_090",1402,"2023-01-12","forecast","3.54785627096659"
"exdqlm_multivar_synth_keep","draw_090",1402,"2023-01-13","forecast","3.42657322587704"
"exdqlm_multivar_synth_keep","draw_090",1402,"2023-01-14","forecast","3.40454341142278"
"exdqlm_multivar_synth_keep","draw_090",1402,"2023-01-15","forecast","3.36680192464820"
"exdqlm_multivar_synth_keep","draw_090",1402,"2023-01-16","forecast","3.29963185415910"
"exdqlm_multivar_synth_keep","draw_090",1402,"2023-01-17","forecast","3.22809789922930"
"exdqlm_multivar_synth_keep","draw_090",1402,"2023-01-18","forecast","3.20660918987888"
"exdqlm_multivar_synth_keep","draw_090",1402,"2023-01-19","forecast","3.13693616475872"
"exdqlm_multivar_synth_keep","draw_090",1402,"2023-01-20","forecast","3.05100757583876"
"exdqlm_multivar_synth_keep","draw_090",1402,"2023-01-21","forecast","3.11858452650458"
"exdqlm_multivar_synth_keep","draw_090",1402,"2023-01-22","forecast","3.15625308741570"
"exdqlm_multivar_synth_keep","draw_091",1418,"2022-12-26","forecast","1.14852545549453"
"exdqlm_multivar_synth_keep","draw_091",1418,"2022-12-27","forecast","2.15667533025687"
"exdqlm_multivar_synth_keep","draw_091",1418,"2022-12-28","forecast","2.55560165484086"
"exdqlm_multivar_synth_keep","draw_091",1418,"2022-12-29","forecast","2.54019413748328"
"exdqlm_multivar_synth_keep","draw_091",1418,"2022-12-30","forecast","2.77894173598796"
"exdqlm_multivar_synth_keep","draw_091",1418,"2022-12-31","forecast","3.15640490308275"
"exdqlm_multivar_synth_keep","draw_091",1418,"2023-01-01","forecast","3.35980581537820"
"exdqlm_multivar_synth_keep","draw_091",1418,"2023-01-02","forecast","3.49754020452061"
"exdqlm_multivar_synth_keep","draw_091",1418,"2023-01-03","forecast","3.49054224104269"
"exdqlm_multivar_synth_keep","draw_091",1418,"2023-01-04","forecast","3.53243244888306"
"exdqlm_multivar_synth_keep","draw_091",1418,"2023-01-05","forecast","3.66904998747904"
"exdqlm_multivar_synth_keep","draw_091",1418,"2023-01-06","forecast","3.61209878897983"
"exdqlm_multivar_synth_keep","draw_091",1418,"2023-01-07","forecast","3.56787034509389"
"exdqlm_multivar_synth_keep","draw_091",1418,"2023-01-08","forecast","3.68586279647640"
"exdqlm_multivar_synth_keep","draw_091",1418,"2023-01-09","forecast","3.66473893240980"
"exdqlm_multivar_synth_keep","draw_091",1418,"2023-01-10","forecast","3.74266780981085"
"exdqlm_multivar_synth_keep","draw_091",1418,"2023-01-11","forecast","3.64011965667050"
"exdqlm_multivar_synth_keep","draw_091",1418,"2023-01-12","forecast","3.58214265421561"
"exdqlm_multivar_synth_keep","draw_091",1418,"2023-01-13","forecast","3.44476347442036"
"exdqlm_multivar_synth_keep","draw_091",1418,"2023-01-14","forecast","3.43095035318270"
"exdqlm_multivar_synth_keep","draw_091",1418,"2023-01-15","forecast","3.41225482745323"
"exdqlm_multivar_synth_keep","draw_091",1418,"2023-01-16","forecast","3.34492629083694"
"exdqlm_multivar_synth_keep","draw_091",1418,"2023-01-17","forecast","3.26261118688622"
"exdqlm_multivar_synth_keep","draw_091",1418,"2023-01-18","forecast","3.23795361566004"
"exdqlm_multivar_synth_keep","draw_091",1418,"2023-01-19","forecast","3.16332773837738"
"exdqlm_multivar_synth_keep","draw_091",1418,"2023-01-20","forecast","3.09347694961124"
"exdqlm_multivar_synth_keep","draw_091",1418,"2023-01-21","forecast","3.13713807675853"
"exdqlm_multivar_synth_keep","draw_091",1418,"2023-01-22","forecast","3.17597664398356"
"exdqlm_multivar_synth_keep","draw_092",1433,"2022-12-26","forecast","1.15279246600049"
"exdqlm_multivar_synth_keep","draw_092",1433,"2022-12-27","forecast","2.19216270527693"
"exdqlm_multivar_synth_keep","draw_092",1433,"2022-12-28","forecast","2.56476260346428"
"exdqlm_multivar_synth_keep","draw_092",1433,"2022-12-29","forecast","2.55354448446493"
"exdqlm_multivar_synth_keep","draw_092",1433,"2022-12-30","forecast","2.80401891560299"
"exdqlm_multivar_synth_keep","draw_092",1433,"2022-12-31","forecast","3.18950427902385"
"exdqlm_multivar_synth_keep","draw_092",1433,"2023-01-01","forecast","3.39847903568574"
"exdqlm_multivar_synth_keep","draw_092",1433,"2023-01-02","forecast","3.54097950936831"
"exdqlm_multivar_synth_keep","draw_092",1433,"2023-01-03","forecast","3.51487662826201"
"exdqlm_multivar_synth_keep","draw_092",1433,"2023-01-04","forecast","3.55388598751167"
"exdqlm_multivar_synth_keep","draw_092",1433,"2023-01-05","forecast","3.69041514895570"
"exdqlm_multivar_synth_keep","draw_092",1433,"2023-01-06","forecast","3.65640499218256"
"exdqlm_multivar_synth_keep","draw_092",1433,"2023-01-07","forecast","3.61878781604547"
"exdqlm_multivar_synth_keep","draw_092",1433,"2023-01-08","forecast","3.72119122087967"
"exdqlm_multivar_synth_keep","draw_092",1433,"2023-01-09","forecast","3.71026595879812"
"exdqlm_multivar_synth_keep","draw_092",1433,"2023-01-10","forecast","3.75899300491722"
"exdqlm_multivar_synth_keep","draw_092",1433,"2023-01-11","forecast","3.66746183738601"
"exdqlm_multivar_synth_keep","draw_092",1433,"2023-01-12","forecast","3.62410646098319"
"exdqlm_multivar_synth_keep","draw_092",1433,"2023-01-13","forecast","3.47797617702509"
"exdqlm_multivar_synth_keep","draw_092",1433,"2023-01-14","forecast","3.47013587255195"
"exdqlm_multivar_synth_keep","draw_092",1433,"2023-01-15","forecast","3.43604063169491"
"exdqlm_multivar_synth_keep","draw_092",1433,"2023-01-16","forecast","3.36161291661237"
"exdqlm_multivar_synth_keep","draw_092",1433,"2023-01-17","forecast","3.28273730640856"
"exdqlm_multivar_synth_keep","draw_092",1433,"2023-01-18","forecast","3.26471050668776"
"exdqlm_multivar_synth_keep","draw_092",1433,"2023-01-19","forecast","3.19691838289451"
"exdqlm_multivar_synth_keep","draw_092",1433,"2023-01-20","forecast","3.12031507639431"
"exdqlm_multivar_synth_keep","draw_092",1433,"2023-01-21","forecast","3.16616317026661"
"exdqlm_multivar_synth_keep","draw_092",1433,"2023-01-22","forecast","3.19707892827860"
"exdqlm_multivar_synth_keep","draw_093",1449,"2022-12-26","forecast","1.15719841238918"
"exdqlm_multivar_synth_keep","draw_093",1449,"2022-12-27","forecast","2.22141883518315"
"exdqlm_multivar_synth_keep","draw_093",1449,"2022-12-28","forecast","2.57410695507708"
"exdqlm_multivar_synth_keep","draw_093",1449,"2022-12-29","forecast","2.57343380680570"
"exdqlm_multivar_synth_keep","draw_093",1449,"2022-12-30","forecast","2.82242136347827"
"exdqlm_multivar_synth_keep","draw_093",1449,"2022-12-31","forecast","3.22925287780347"
"exdqlm_multivar_synth_keep","draw_093",1449,"2023-01-01","forecast","3.44045883240786"
"exdqlm_multivar_synth_keep","draw_093",1449,"2023-01-02","forecast","3.58819003543788"
"exdqlm_multivar_synth_keep","draw_093",1449,"2023-01-03","forecast","3.55339285541508"
"exdqlm_multivar_synth_keep","draw_093",1449,"2023-01-04","forecast","3.57395934975858"
"exdqlm_multivar_synth_keep","draw_093",1449,"2023-01-05","forecast","3.72224633345428"
"exdqlm_multivar_synth_keep","draw_093",1449,"2023-01-06","forecast","3.68416177336268"
"exdqlm_multivar_synth_keep","draw_093",1449,"2023-01-07","forecast","3.66724659659467"
"exdqlm_multivar_synth_keep","draw_093",1449,"2023-01-08","forecast","3.76760940239399"
"exdqlm_multivar_synth_keep","draw_093",1449,"2023-01-09","forecast","3.73623249475254"
"exdqlm_multivar_synth_keep","draw_093",1449,"2023-01-10","forecast","3.80020789332071"
"exdqlm_multivar_synth_keep","draw_093",1449,"2023-01-11","forecast","3.70245946190463"
"exdqlm_multivar_synth_keep","draw_093",1449,"2023-01-12","forecast","3.66639404142275"
"exdqlm_multivar_synth_keep","draw_093",1449,"2023-01-13","forecast","3.51480022528931"
"exdqlm_multivar_synth_keep","draw_093",1449,"2023-01-14","forecast","3.51794540615668"
"exdqlm_multivar_synth_keep","draw_093",1449,"2023-01-15","forecast","3.45777641065627"
"exdqlm_multivar_synth_keep","draw_093",1449,"2023-01-16","forecast","3.39299075681282"
"exdqlm_multivar_synth_keep","draw_093",1449,"2023-01-17","forecast","3.33685606195240"
"exdqlm_multivar_synth_keep","draw_093",1449,"2023-01-18","forecast","3.29309261338006"
"exdqlm_multivar_synth_keep","draw_093",1449,"2023-01-19","forecast","3.24615993047133"
"exdqlm_multivar_synth_keep","draw_093",1449,"2023-01-20","forecast","3.15446804377755"
"exdqlm_multivar_synth_keep","draw_093",1449,"2023-01-21","forecast","3.19743417703401"
"exdqlm_multivar_synth_keep","draw_093",1449,"2023-01-22","forecast","3.23531127778367"
"exdqlm_multivar_synth_keep","draw_094",1465,"2022-12-26","forecast","1.16202961202589"
"exdqlm_multivar_synth_keep","draw_094",1465,"2022-12-27","forecast","2.25493244499108"
"exdqlm_multivar_synth_keep","draw_094",1465,"2022-12-28","forecast","2.58851046974917"
"exdqlm_multivar_synth_keep","draw_094",1465,"2022-12-29","forecast","2.59122015799878"
"exdqlm_multivar_synth_keep","draw_094",1465,"2022-12-30","forecast","2.85418883558968"
"exdqlm_multivar_synth_keep","draw_094",1465,"2022-12-31","forecast","3.27469460817221"
"exdqlm_multivar_synth_keep","draw_094",1465,"2023-01-01","forecast","3.46618061990143"
"exdqlm_multivar_synth_keep","draw_094",1465,"2023-01-02","forecast","3.63919761406229"
"exdqlm_multivar_synth_keep","draw_094",1465,"2023-01-03","forecast","3.60469920536996"
"exdqlm_multivar_synth_keep","draw_094",1465,"2023-01-04","forecast","3.59727317443024"
"exdqlm_multivar_synth_keep","draw_094",1465,"2023-01-05","forecast","3.75464894983566"
"exdqlm_multivar_synth_keep","draw_094",1465,"2023-01-06","forecast","3.72898517973996"
"exdqlm_multivar_synth_keep","draw_094",1465,"2023-01-07","forecast","3.69875509313518"
"exdqlm_multivar_synth_keep","draw_094",1465,"2023-01-08","forecast","3.80547185464804"
"exdqlm_multivar_synth_keep","draw_094",1465,"2023-01-09","forecast","3.76315973366109"
"exdqlm_multivar_synth_keep","draw_094",1465,"2023-01-10","forecast","3.81577452603095"
"exdqlm_multivar_synth_keep","draw_094",1465,"2023-01-11","forecast","3.73198314298624"
"exdqlm_multivar_synth_keep","draw_094",1465,"2023-01-12","forecast","3.71664686147731"
"exdqlm_multivar_synth_keep","draw_094",1465,"2023-01-13","forecast","3.53525118647695"
"exdqlm_multivar_synth_keep","draw_094",1465,"2023-01-14","forecast","3.56314213737635"
"exdqlm_multivar_synth_keep","draw_094",1465,"2023-01-15","forecast","3.48055545208944"
"exdqlm_multivar_synth_keep","draw_094",1465,"2023-01-16","forecast","3.41554869249242"
"exdqlm_multivar_synth_keep","draw_094",1465,"2023-01-17","forecast","3.37335652127752"
"exdqlm_multivar_synth_keep","draw_094",1465,"2023-01-18","forecast","3.31672956542429"
"exdqlm_multivar_synth_keep","draw_094",1465,"2023-01-19","forecast","3.27974923198192"
"exdqlm_multivar_synth_keep","draw_094",1465,"2023-01-20","forecast","3.17927241654286"
"exdqlm_multivar_synth_keep","draw_094",1465,"2023-01-21","forecast","3.22163423650605"
"exdqlm_multivar_synth_keep","draw_094",1465,"2023-01-22","forecast","3.26337379977590"
"exdqlm_multivar_synth_keep","draw_095",1481,"2022-12-26","forecast","1.16697074687324"
"exdqlm_multivar_synth_keep","draw_095",1481,"2022-12-27","forecast","2.27954724412888"
"exdqlm_multivar_synth_keep","draw_095",1481,"2022-12-28","forecast","2.59577851228757"
"exdqlm_multivar_synth_keep","draw_095",1481,"2022-12-29","forecast","2.61704299552652"
"exdqlm_multivar_synth_keep","draw_095",1481,"2022-12-30","forecast","2.88038437844325"
"exdqlm_multivar_synth_keep","draw_095",1481,"2022-12-31","forecast","3.30486543579809"
"exdqlm_multivar_synth_keep","draw_095",1481,"2023-01-01","forecast","3.49802091188867"
"exdqlm_multivar_synth_keep","draw_095",1481,"2023-01-02","forecast","3.68199659815350"
"exdqlm_multivar_synth_keep","draw_095",1481,"2023-01-03","forecast","3.63033764255452"
"exdqlm_multivar_synth_keep","draw_095",1481,"2023-01-04","forecast","3.62599944437373"
"exdqlm_multivar_synth_keep","draw_095",1481,"2023-01-05","forecast","3.78675944009611"
"exdqlm_multivar_synth_keep","draw_095",1481,"2023-01-06","forecast","3.75395432194527"
"exdqlm_multivar_synth_keep","draw_095",1481,"2023-01-07","forecast","3.74237385666932"
"exdqlm_multivar_synth_keep","draw_095",1481,"2023-01-08","forecast","3.84563456091808"
"exdqlm_multivar_synth_keep","draw_095",1481,"2023-01-09","forecast","3.79464544598309"
"exdqlm_multivar_synth_keep","draw_095",1481,"2023-01-10","forecast","3.86060126012353"
"exdqlm_multivar_synth_keep","draw_095",1481,"2023-01-11","forecast","3.75659095263760"
"exdqlm_multivar_synth_keep","draw_095",1481,"2023-01-12","forecast","3.75291542243144"
"exdqlm_multivar_synth_keep","draw_095",1481,"2023-01-13","forecast","3.57501023980653"
"exdqlm_multivar_synth_keep","draw_095",1481,"2023-01-14","forecast","3.60375714260349"
"exdqlm_multivar_synth_keep","draw_095",1481,"2023-01-15","forecast","3.52261487200104"
"exdqlm_multivar_synth_keep","draw_095",1481,"2023-01-16","forecast","3.44759601923540"
"exdqlm_multivar_synth_keep","draw_095",1481,"2023-01-17","forecast","3.39290769621836"
"exdqlm_multivar_synth_keep","draw_095",1481,"2023-01-18","forecast","3.35435919487516"
"exdqlm_multivar_synth_keep","draw_095",1481,"2023-01-19","forecast","3.31492131147107"
"exdqlm_multivar_synth_keep","draw_095",1481,"2023-01-20","forecast","3.21979466059224"
"exdqlm_multivar_synth_keep","draw_095",1481,"2023-01-21","forecast","3.26189992063877"
"exdqlm_multivar_synth_keep","draw_095",1481,"2023-01-22","forecast","3.29389279475934"
"exdqlm_multivar_synth_keep","draw_096",1496,"2022-12-26","forecast","1.17167230988652"
"exdqlm_multivar_synth_keep","draw_096",1496,"2022-12-27","forecast","2.30817730961662"
"exdqlm_multivar_synth_keep","draw_096",1496,"2022-12-28","forecast","2.61085431267943"
"exdqlm_multivar_synth_keep","draw_096",1496,"2022-12-29","forecast","2.63997776317532"
"exdqlm_multivar_synth_keep","draw_096",1496,"2022-12-30","forecast","2.90363599130485"
"exdqlm_multivar_synth_keep","draw_096",1496,"2022-12-31","forecast","3.33792218784343"
"exdqlm_multivar_synth_keep","draw_096",1496,"2023-01-01","forecast","3.53171257095884"
"exdqlm_multivar_synth_keep","draw_096",1496,"2023-01-02","forecast","3.75017759375742"
"exdqlm_multivar_synth_keep","draw_096",1496,"2023-01-03","forecast","3.66471549061032"
"exdqlm_multivar_synth_keep","draw_096",1496,"2023-01-04","forecast","3.65308187612504"
"exdqlm_multivar_synth_keep","draw_096",1496,"2023-01-05","forecast","3.82656436260696"
"exdqlm_multivar_synth_keep","draw_096",1496,"2023-01-06","forecast","3.79027514461187"
"exdqlm_multivar_synth_keep","draw_096",1496,"2023-01-07","forecast","3.76720478813785"
"exdqlm_multivar_synth_keep","draw_096",1496,"2023-01-08","forecast","3.88007419621481"
"exdqlm_multivar_synth_keep","draw_096",1496,"2023-01-09","forecast","3.81627140161195"
"exdqlm_multivar_synth_keep","draw_096",1496,"2023-01-10","forecast","3.87731875159236"
"exdqlm_multivar_synth_keep","draw_096",1496,"2023-01-11","forecast","3.80502521938066"
"exdqlm_multivar_synth_keep","draw_096",1496,"2023-01-12","forecast","3.77454055625343"
"exdqlm_multivar_synth_keep","draw_096",1496,"2023-01-13","forecast","3.61612442000337"
"exdqlm_multivar_synth_keep","draw_096",1496,"2023-01-14","forecast","3.64540758978767"
"exdqlm_multivar_synth_keep","draw_096",1496,"2023-01-15","forecast","3.55126805557514"
"exdqlm_multivar_synth_keep","draw_096",1496,"2023-01-16","forecast","3.47408352697189"
"exdqlm_multivar_synth_keep","draw_096",1496,"2023-01-17","forecast","3.42308266093172"
"exdqlm_multivar_synth_keep","draw_096",1496,"2023-01-18","forecast","3.39137340575852"
"exdqlm_multivar_synth_keep","draw_096",1496,"2023-01-19","forecast","3.34489555765848"
"exdqlm_multivar_synth_keep","draw_096",1496,"2023-01-20","forecast","3.25943840781551"
"exdqlm_multivar_synth_keep","draw_096",1496,"2023-01-21","forecast","3.29905003906884"
"exdqlm_multivar_synth_keep","draw_096",1496,"2023-01-22","forecast","3.30960554812767"
"exdqlm_multivar_synth_keep","draw_097",1512,"2022-12-26","forecast","1.17756029866579"
"exdqlm_multivar_synth_keep","draw_097",1512,"2022-12-27","forecast","2.33619226758840"
"exdqlm_multivar_synth_keep","draw_097",1512,"2022-12-28","forecast","2.62142261590734"
"exdqlm_multivar_synth_keep","draw_097",1512,"2022-12-29","forecast","2.64825374407277"
"exdqlm_multivar_synth_keep","draw_097",1512,"2022-12-30","forecast","2.94088043227712"
"exdqlm_multivar_synth_keep","draw_097",1512,"2022-12-31","forecast","3.37241276126697"
"exdqlm_multivar_synth_keep","draw_097",1512,"2023-01-01","forecast","3.57273903749693"
"exdqlm_multivar_synth_keep","draw_097",1512,"2023-01-02","forecast","3.80555202034880"
"exdqlm_multivar_synth_keep","draw_097",1512,"2023-01-03","forecast","3.69001362003338"
"exdqlm_multivar_synth_keep","draw_097",1512,"2023-01-04","forecast","3.68067185307884"
"exdqlm_multivar_synth_keep","draw_097",1512,"2023-01-05","forecast","3.85317758494652"
"exdqlm_multivar_synth_keep","draw_097",1512,"2023-01-06","forecast","3.83164300806631"
"exdqlm_multivar_synth_keep","draw_097",1512,"2023-01-07","forecast","3.80369153644816"
"exdqlm_multivar_synth_keep","draw_097",1512,"2023-01-08","forecast","3.94232437297774"
"exdqlm_multivar_synth_keep","draw_097",1512,"2023-01-09","forecast","3.84424721429364"
"exdqlm_multivar_synth_keep","draw_097",1512,"2023-01-10","forecast","3.90017464771744"
"exdqlm_multivar_synth_keep","draw_097",1512,"2023-01-11","forecast","3.84428242313460"
"exdqlm_multivar_synth_keep","draw_097",1512,"2023-01-12","forecast","3.82542087203063"
"exdqlm_multivar_synth_keep","draw_097",1512,"2023-01-13","forecast","3.64997832621288"
"exdqlm_multivar_synth_keep","draw_097",1512,"2023-01-14","forecast","3.68070231230484"
"exdqlm_multivar_synth_keep","draw_097",1512,"2023-01-15","forecast","3.58921004631730"
"exdqlm_multivar_synth_keep","draw_097",1512,"2023-01-16","forecast","3.50487098563313"
"exdqlm_multivar_synth_keep","draw_097",1512,"2023-01-17","forecast","3.46707720791735"
"exdqlm_multivar_synth_keep","draw_097",1512,"2023-01-18","forecast","3.43852637380858"
"exdqlm_multivar_synth_keep","draw_097",1512,"2023-01-19","forecast","3.37128866019399"
"exdqlm_multivar_synth_keep","draw_097",1512,"2023-01-20","forecast","3.30090869200877"
"exdqlm_multivar_synth_keep","draw_097",1512,"2023-01-21","forecast","3.33023709843113"
"exdqlm_multivar_synth_keep","draw_097",1512,"2023-01-22","forecast","3.34771042543987"
"exdqlm_multivar_synth_keep","draw_098",1528,"2022-12-26","forecast","1.18013053150265"
"exdqlm_multivar_synth_keep","draw_098",1528,"2022-12-27","forecast","2.39047086558186"
"exdqlm_multivar_synth_keep","draw_098",1528,"2022-12-28","forecast","2.63355175692733"
"exdqlm_multivar_synth_keep","draw_098",1528,"2022-12-29","forecast","2.67065158662141"
"exdqlm_multivar_synth_keep","draw_098",1528,"2022-12-30","forecast","2.97093067888488"
"exdqlm_multivar_synth_keep","draw_098",1528,"2022-12-31","forecast","3.41713692562909"
"exdqlm_multivar_synth_keep","draw_098",1528,"2023-01-01","forecast","3.59524449335635"
"exdqlm_multivar_synth_keep","draw_098",1528,"2023-01-02","forecast","3.84994526086872"
"exdqlm_multivar_synth_keep","draw_098",1528,"2023-01-03","forecast","3.72950838078172"
"exdqlm_multivar_synth_keep","draw_098",1528,"2023-01-04","forecast","3.71560453746280"
"exdqlm_multivar_synth_keep","draw_098",1528,"2023-01-05","forecast","3.88147816975340"
"exdqlm_multivar_synth_keep","draw_098",1528,"2023-01-06","forecast","3.85209146257202"
"exdqlm_multivar_synth_keep","draw_098",1528,"2023-01-07","forecast","3.82375423376057"
"exdqlm_multivar_synth_keep","draw_098",1528,"2023-01-08","forecast","3.96649973426363"
"exdqlm_multivar_synth_keep","draw_098",1528,"2023-01-09","forecast","3.88148626680147"
"exdqlm_multivar_synth_keep","draw_098",1528,"2023-01-10","forecast","3.94149433613636"
"exdqlm_multivar_synth_keep","draw_098",1528,"2023-01-11","forecast","3.86722614661486"
"exdqlm_multivar_synth_keep","draw_098",1528,"2023-01-12","forecast","3.88525770727164"
"exdqlm_multivar_synth_keep","draw_098",1528,"2023-01-13","forecast","3.67793386365777"
"exdqlm_multivar_synth_keep","draw_098",1528,"2023-01-14","forecast","3.70283654069627"
"exdqlm_multivar_synth_keep","draw_098",1528,"2023-01-15","forecast","3.61519731506076"
"exdqlm_multivar_synth_keep","draw_098",1528,"2023-01-16","forecast","3.53386902287724"
"exdqlm_multivar_synth_keep","draw_098",1528,"2023-01-17","forecast","3.50062019900811"
"exdqlm_multivar_synth_keep","draw_098",1528,"2023-01-18","forecast","3.46707749401250"
"exdqlm_multivar_synth_keep","draw_098",1528,"2023-01-19","forecast","3.40394464611217"
"exdqlm_multivar_synth_keep","draw_098",1528,"2023-01-20","forecast","3.31878601005227"
"exdqlm_multivar_synth_keep","draw_098",1528,"2023-01-21","forecast","3.37374955342404"
"exdqlm_multivar_synth_keep","draw_098",1528,"2023-01-22","forecast","3.36203747796277"
"exdqlm_multivar_synth_keep","draw_099",1544,"2022-12-26","forecast","1.18330834433616"
"exdqlm_multivar_synth_keep","draw_099",1544,"2022-12-27","forecast","2.41781178786878"
"exdqlm_multivar_synth_keep","draw_099",1544,"2022-12-28","forecast","2.65131405798645"
"exdqlm_multivar_synth_keep","draw_099",1544,"2022-12-29","forecast","2.68706700521956"
"exdqlm_multivar_synth_keep","draw_099",1544,"2022-12-30","forecast","3.01411246470508"
"exdqlm_multivar_synth_keep","draw_099",1544,"2022-12-31","forecast","3.45189318269979"
"exdqlm_multivar_synth_keep","draw_099",1544,"2023-01-01","forecast","3.62698813022358"
"exdqlm_multivar_synth_keep","draw_099",1544,"2023-01-02","forecast","3.89202260918792"
"exdqlm_multivar_synth_keep","draw_099",1544,"2023-01-03","forecast","3.75938229325702"
"exdqlm_multivar_synth_keep","draw_099",1544,"2023-01-04","forecast","3.74330510894647"
"exdqlm_multivar_synth_keep","draw_099",1544,"2023-01-05","forecast","3.91416552393211"
"exdqlm_multivar_synth_keep","draw_099",1544,"2023-01-06","forecast","3.88988793781499"
"exdqlm_multivar_synth_keep","draw_099",1544,"2023-01-07","forecast","3.86672709756169"
"exdqlm_multivar_synth_keep","draw_099",1544,"2023-01-08","forecast","4.01607712446586"
"exdqlm_multivar_synth_keep","draw_099",1544,"2023-01-09","forecast","3.90896833460846"
"exdqlm_multivar_synth_keep","draw_099",1544,"2023-01-10","forecast","3.97492407965752"
"exdqlm_multivar_synth_keep","draw_099",1544,"2023-01-11","forecast","3.89126016387809"
"exdqlm_multivar_synth_keep","draw_099",1544,"2023-01-12","forecast","3.92112685394591"
"exdqlm_multivar_synth_keep","draw_099",1544,"2023-01-13","forecast","3.71330302786276"
"exdqlm_multivar_synth_keep","draw_099",1544,"2023-01-14","forecast","3.72805150100633"
"exdqlm_multivar_synth_keep","draw_099",1544,"2023-01-15","forecast","3.65209907407789"
"exdqlm_multivar_synth_keep","draw_099",1544,"2023-01-16","forecast","3.56440844665357"
"exdqlm_multivar_synth_keep","draw_099",1544,"2023-01-17","forecast","3.52724083350087"
"exdqlm_multivar_synth_keep","draw_099",1544,"2023-01-18","forecast","3.50123713044734"
"exdqlm_multivar_synth_keep","draw_099",1544,"2023-01-19","forecast","3.43219710561041"
"exdqlm_multivar_synth_keep","draw_099",1544,"2023-01-20","forecast","3.36471841861974"
"exdqlm_multivar_synth_keep","draw_099",1544,"2023-01-21","forecast","3.40596785490664"
"exdqlm_multivar_synth_keep","draw_099",1544,"2023-01-22","forecast","3.38300414602688"
"exdqlm_multivar_synth_keep","draw_100",1559,"2022-12-26","forecast","1.19028358267211"
"exdqlm_multivar_synth_keep","draw_100",1559,"2022-12-27","forecast","2.46750940854066"
"exdqlm_multivar_synth_keep","draw_100",1559,"2022-12-28","forecast","2.66432033431100"
"exdqlm_multivar_synth_keep","draw_100",1559,"2022-12-29","forecast","2.70186513891303"
"exdqlm_multivar_synth_keep","draw_100",1559,"2022-12-30","forecast","3.03062933627894"
"exdqlm_multivar_synth_keep","draw_100",1559,"2022-12-31","forecast","3.48466042407592"
"exdqlm_multivar_synth_keep","draw_100",1559,"2023-01-01","forecast","3.65201081524584"
"exdqlm_multivar_synth_keep","draw_100",1559,"2023-01-02","forecast","3.96163625498533"
"exdqlm_multivar_synth_keep","draw_100",1559,"2023-01-03","forecast","3.80147639670856"
"exdqlm_multivar_synth_keep","draw_100",1559,"2023-01-04","forecast","3.77954095162767"
"exdqlm_multivar_synth_keep","draw_100",1559,"2023-01-05","forecast","3.93779491507738"
"exdqlm_multivar_synth_keep","draw_100",1559,"2023-01-06","forecast","3.91488455839358"
"exdqlm_multivar_synth_keep","draw_100",1559,"2023-01-07","forecast","3.89362352297581"
"exdqlm_multivar_synth_keep","draw_100",1559,"2023-01-08","forecast","4.04465535220815"
"exdqlm_multivar_synth_keep","draw_100",1559,"2023-01-09","forecast","3.93439897568172"
"exdqlm_multivar_synth_keep","draw_100",1559,"2023-01-10","forecast","3.99624370421105"
"exdqlm_multivar_synth_keep","draw_100",1559,"2023-01-11","forecast","3.91668777029238"
"exdqlm_multivar_synth_keep","draw_100",1559,"2023-01-12","forecast","3.94917962768776"
"exdqlm_multivar_synth_keep","draw_100",1559,"2023-01-13","forecast","3.74133179737975"
"exdqlm_multivar_synth_keep","draw_100",1559,"2023-01-14","forecast","3.76299738768052"
"exdqlm_multivar_synth_keep","draw_100",1559,"2023-01-15","forecast","3.68874841425132"
"exdqlm_multivar_synth_keep","draw_100",1559,"2023-01-16","forecast","3.59783169399372"
"exdqlm_multivar_synth_keep","draw_100",1559,"2023-01-17","forecast","3.56859267537337"
"exdqlm_multivar_synth_keep","draw_100",1559,"2023-01-18","forecast","3.53091877162662"
"exdqlm_multivar_synth_keep","draw_100",1559,"2023-01-19","forecast","3.45793341637626"
"exdqlm_multivar_synth_keep","draw_100",1559,"2023-01-20","forecast","3.39811961547410"
"exdqlm_multivar_synth_keep","draw_100",1559,"2023-01-21","forecast","3.42938202326101"
"exdqlm_multivar_synth_keep","draw_100",1559,"2023-01-22","forecast","3.40267155404695"
"exdqlm_multivar_synth_keep","draw_101",1575,"2022-12-26","forecast","1.19523081288645"
"exdqlm_multivar_synth_keep","draw_101",1575,"2022-12-27","forecast","2.50640736386136"
"exdqlm_multivar_synth_keep","draw_101",1575,"2022-12-28","forecast","2.67217095733090"
"exdqlm_multivar_synth_keep","draw_101",1575,"2022-12-29","forecast","2.71791185881626"
"exdqlm_multivar_synth_keep","draw_101",1575,"2022-12-30","forecast","3.05026815065089"
"exdqlm_multivar_synth_keep","draw_101",1575,"2022-12-31","forecast","3.53317339430123"
"exdqlm_multivar_synth_keep","draw_101",1575,"2023-01-01","forecast","3.68489248622574"
"exdqlm_multivar_synth_keep","draw_101",1575,"2023-01-02","forecast","4.01048312426964"
"exdqlm_multivar_synth_keep","draw_101",1575,"2023-01-03","forecast","3.82990102172290"
"exdqlm_multivar_synth_keep","draw_101",1575,"2023-01-04","forecast","3.81751930844125"
"exdqlm_multivar_synth_keep","draw_101",1575,"2023-01-05","forecast","3.96787752102279"
"exdqlm_multivar_synth_keep","draw_101",1575,"2023-01-06","forecast","3.93464874780266"
"exdqlm_multivar_synth_keep","draw_101",1575,"2023-01-07","forecast","3.93561234973631"
"exdqlm_multivar_synth_keep","draw_101",1575,"2023-01-08","forecast","4.07564031716027"
"exdqlm_multivar_synth_keep","draw_101",1575,"2023-01-09","forecast","3.94460624574545"
"exdqlm_multivar_synth_keep","draw_101",1575,"2023-01-10","forecast","4.03126228958528"
"exdqlm_multivar_synth_keep","draw_101",1575,"2023-01-11","forecast","3.96268260295128"
"exdqlm_multivar_synth_keep","draw_101",1575,"2023-01-12","forecast","3.99044200815919"
"exdqlm_multivar_synth_keep","draw_101",1575,"2023-01-13","forecast","3.77374280064445"
"exdqlm_multivar_synth_keep","draw_101",1575,"2023-01-14","forecast","3.79766055584821"
"exdqlm_multivar_synth_keep","draw_101",1575,"2023-01-15","forecast","3.73101483216854"
"exdqlm_multivar_synth_keep","draw_101",1575,"2023-01-16","forecast","3.66889585047463"
"exdqlm_multivar_synth_keep","draw_101",1575,"2023-01-17","forecast","3.60228164737903"
"exdqlm_multivar_synth_keep","draw_101",1575,"2023-01-18","forecast","3.58400007864318"
"exdqlm_multivar_synth_keep","draw_101",1575,"2023-01-19","forecast","3.47974051441861"
"exdqlm_multivar_synth_keep","draw_101",1575,"2023-01-20","forecast","3.43325580688893"
"exdqlm_multivar_synth_keep","draw_101",1575,"2023-01-21","forecast","3.44655429538237"
"exdqlm_multivar_synth_keep","draw_101",1575,"2023-01-22","forecast","3.42948236543136"
"exdqlm_multivar_synth_keep","draw_102",1591,"2022-12-26","forecast","1.20065953899066"
"exdqlm_multivar_synth_keep","draw_102",1591,"2022-12-27","forecast","2.55975538875433"
"exdqlm_multivar_synth_keep","draw_102",1591,"2022-12-28","forecast","2.68526050799370"
"exdqlm_multivar_synth_keep","draw_102",1591,"2022-12-29","forecast","2.71869162911413"
"exdqlm_multivar_synth_keep","draw_102",1591,"2022-12-30","forecast","3.06699695814860"
"exdqlm_multivar_synth_keep","draw_102",1591,"2022-12-31","forecast","3.56881169560779"
"exdqlm_multivar_synth_keep","draw_102",1591,"2023-01-01","forecast","3.70086236142873"
"exdqlm_multivar_synth_keep","draw_102",1591,"2023-01-02","forecast","4.06327666671288"
"exdqlm_multivar_synth_keep","draw_102",1591,"2023-01-03","forecast","3.85502069232268"
"exdqlm_multivar_synth_keep","draw_102",1591,"2023-01-04","forecast","3.84852959364252"
"exdqlm_multivar_synth_keep","draw_102",1591,"2023-01-05","forecast","3.99026507506200"
"exdqlm_multivar_synth_keep","draw_102",1591,"2023-01-06","forecast","3.97449853765871"
"exdqlm_multivar_synth_keep","draw_102",1591,"2023-01-07","forecast","3.96707178387493"
"exdqlm_multivar_synth_keep","draw_102",1591,"2023-01-08","forecast","4.10667755497374"
"exdqlm_multivar_synth_keep","draw_102",1591,"2023-01-09","forecast","3.97918717561412"
"exdqlm_multivar_synth_keep","draw_102",1591,"2023-01-10","forecast","4.06454450514932"
"exdqlm_multivar_synth_keep","draw_102",1591,"2023-01-11","forecast","4.00660050731766"
"exdqlm_multivar_synth_keep","draw_102",1591,"2023-01-12","forecast","4.03189784446515"
"exdqlm_multivar_synth_keep","draw_102",1591,"2023-01-13","forecast","3.80863204204281"
"exdqlm_multivar_synth_keep","draw_102",1591,"2023-01-14","forecast","3.82637126171200"
"exdqlm_multivar_synth_keep","draw_102",1591,"2023-01-15","forecast","3.74900409997737"
"exdqlm_multivar_synth_keep","draw_102",1591,"2023-01-16","forecast","3.70665691854159"
"exdqlm_multivar_synth_keep","draw_102",1591,"2023-01-17","forecast","3.63914012575974"
"exdqlm_multivar_synth_keep","draw_102",1591,"2023-01-18","forecast","3.61498875400079"
"exdqlm_multivar_synth_keep","draw_102",1591,"2023-01-19","forecast","3.50339446065847"
"exdqlm_multivar_synth_keep","draw_102",1591,"2023-01-20","forecast","3.48055628814013"
"exdqlm_multivar_synth_keep","draw_102",1591,"2023-01-21","forecast","3.47977605444403"
"exdqlm_multivar_synth_keep","draw_102",1591,"2023-01-22","forecast","3.46322313796222"
"exdqlm_multivar_synth_keep","draw_103",1606,"2022-12-26","forecast","1.20694410262061"
"exdqlm_multivar_synth_keep","draw_103",1606,"2022-12-27","forecast","2.60611469983807"
"exdqlm_multivar_synth_keep","draw_103",1606,"2022-12-28","forecast","2.69730659511246"
"exdqlm_multivar_synth_keep","draw_103",1606,"2022-12-29","forecast","2.71892325069796"
"exdqlm_multivar_synth_keep","draw_103",1606,"2022-12-30","forecast","3.08698239820396"
"exdqlm_multivar_synth_keep","draw_103",1606,"2022-12-31","forecast","3.58976660413101"
"exdqlm_multivar_synth_keep","draw_103",1606,"2023-01-01","forecast","3.74011056964360"
"exdqlm_multivar_synth_keep","draw_103",1606,"2023-01-02","forecast","4.08266290964786"
"exdqlm_multivar_synth_keep","draw_103",1606,"2023-01-03","forecast","3.87706539574503"
"exdqlm_multivar_synth_keep","draw_103",1606,"2023-01-04","forecast","3.87538557480643"
"exdqlm_multivar_synth_keep","draw_103",1606,"2023-01-05","forecast","4.00181339382464"
"exdqlm_multivar_synth_keep","draw_103",1606,"2023-01-06","forecast","4.00055404262655"
"exdqlm_multivar_synth_keep","draw_103",1606,"2023-01-07","forecast","4.00590353188446"
"exdqlm_multivar_synth_keep","draw_103",1606,"2023-01-08","forecast","4.14605504893685"
"exdqlm_multivar_synth_keep","draw_103",1606,"2023-01-09","forecast","4.01075213228738"
"exdqlm_multivar_synth_keep","draw_103",1606,"2023-01-10","forecast","4.08233674782947"
"exdqlm_multivar_synth_keep","draw_103",1606,"2023-01-11","forecast","4.04559570618356"
"exdqlm_multivar_synth_keep","draw_103",1606,"2023-01-12","forecast","4.05175263268179"
"exdqlm_multivar_synth_keep","draw_103",1606,"2023-01-13","forecast","3.85186082254466"
"exdqlm_multivar_synth_keep","draw_103",1606,"2023-01-14","forecast","3.85224528832538"
"exdqlm_multivar_synth_keep","draw_103",1606,"2023-01-15","forecast","3.78666718333419"
"exdqlm_multivar_synth_keep","draw_103",1606,"2023-01-16","forecast","3.74241309722091"
"exdqlm_multivar_synth_keep","draw_103",1606,"2023-01-17","forecast","3.66124463731703"
"exdqlm_multivar_synth_keep","draw_103",1606,"2023-01-18","forecast","3.66388411217769"
"exdqlm_multivar_synth_keep","draw_103",1606,"2023-01-19","forecast","3.53463238438098"
"exdqlm_multivar_synth_keep","draw_103",1606,"2023-01-20","forecast","3.51649051262059"
"exdqlm_multivar_synth_keep","draw_103",1606,"2023-01-21","forecast","3.50509188934249"
"exdqlm_multivar_synth_keep","draw_103",1606,"2023-01-22","forecast","3.49221970189863"
"exdqlm_multivar_synth_keep","draw_104",1622,"2022-12-26","forecast","1.21541827966238"
"exdqlm_multivar_synth_keep","draw_104",1622,"2022-12-27","forecast","2.64895323866164"
"exdqlm_multivar_synth_keep","draw_104",1622,"2022-12-28","forecast","2.71508054632507"
"exdqlm_multivar_synth_keep","draw_104",1622,"2022-12-29","forecast","2.71932037994885"
"exdqlm_multivar_synth_keep","draw_104",1622,"2022-12-30","forecast","3.08773190218149"
"exdqlm_multivar_synth_keep","draw_104",1622,"2022-12-31","forecast","3.59569543367718"
"exdqlm_multivar_synth_keep","draw_104",1622,"2023-01-01","forecast","3.77108583274761"
"exdqlm_multivar_synth_keep","draw_104",1622,"2023-01-02","forecast","4.09693985693124"
"exdqlm_multivar_synth_keep","draw_104",1622,"2023-01-03","forecast","3.88951859617368"
"exdqlm_multivar_synth_keep","draw_104",1622,"2023-01-04","forecast","3.89917054578211"
"exdqlm_multivar_synth_keep","draw_104",1622,"2023-01-05","forecast","4.01871255566424"
"exdqlm_multivar_synth_keep","draw_104",1622,"2023-01-06","forecast","4.03397795562605"
"exdqlm_multivar_synth_keep","draw_104",1622,"2023-01-07","forecast","4.04520227493157"
"exdqlm_multivar_synth_keep","draw_104",1622,"2023-01-08","forecast","4.19105088534293"
"exdqlm_multivar_synth_keep","draw_104",1622,"2023-01-09","forecast","4.03683840883374"
"exdqlm_multivar_synth_keep","draw_104",1622,"2023-01-10","forecast","4.10768815635416"
"exdqlm_multivar_synth_keep","draw_104",1622,"2023-01-11","forecast","4.06146193895043"
"exdqlm_multivar_synth_keep","draw_104",1622,"2023-01-12","forecast","4.07093574913916"
"exdqlm_multivar_synth_keep","draw_104",1622,"2023-01-13","forecast","3.88973716295982"
"exdqlm_multivar_synth_keep","draw_104",1622,"2023-01-14","forecast","3.87935420929805"
"exdqlm_multivar_synth_keep","draw_104",1622,"2023-01-15","forecast","3.82052670445065"
"exdqlm_multivar_synth_keep","draw_104",1622,"2023-01-16","forecast","3.77089509284545"
"exdqlm_multivar_synth_keep","draw_104",1622,"2023-01-17","forecast","3.67750265273091"
"exdqlm_multivar_synth_keep","draw_104",1622,"2023-01-18","forecast","3.68200550800988"
"exdqlm_multivar_synth_keep","draw_104",1622,"2023-01-19","forecast","3.56658121795702"
"exdqlm_multivar_synth_keep","draw_104",1622,"2023-01-20","forecast","3.54596906719070"
"exdqlm_multivar_synth_keep","draw_104",1622,"2023-01-21","forecast","3.53249543719924"
"exdqlm_multivar_synth_keep","draw_104",1622,"2023-01-22","forecast","3.51416057132484"
"exdqlm_multivar_synth_keep","draw_105",1638,"2022-12-26","forecast","1.22882314277584"
"exdqlm_multivar_synth_keep","draw_105",1638,"2022-12-27","forecast","2.68396841671278"
"exdqlm_multivar_synth_keep","draw_105",1638,"2022-12-28","forecast","2.74650270182665"
"exdqlm_multivar_synth_keep","draw_105",1638,"2022-12-29","forecast","2.71976718553458"
"exdqlm_multivar_synth_keep","draw_105",1638,"2022-12-30","forecast","3.08807502210070"
"exdqlm_multivar_synth_keep","draw_105",1638,"2022-12-31","forecast","3.61272977060044"
"exdqlm_multivar_synth_keep","draw_105",1638,"2023-01-01","forecast","3.79481472805114"
"exdqlm_multivar_synth_keep","draw_105",1638,"2023-01-02","forecast","4.11091228189845"
"exdqlm_multivar_synth_keep","draw_105",1638,"2023-01-03","forecast","3.91885838098573"
"exdqlm_multivar_synth_keep","draw_105",1638,"2023-01-04","forecast","3.91394905047592"
"exdqlm_multivar_synth_keep","draw_105",1638,"2023-01-05","forecast","4.03982175730134"
"exdqlm_multivar_synth_keep","draw_105",1638,"2023-01-06","forecast","4.05601477829291"
"exdqlm_multivar_synth_keep","draw_105",1638,"2023-01-07","forecast","4.09071376948974"
"exdqlm_multivar_synth_keep","draw_105",1638,"2023-01-08","forecast","4.20773396921598"
"exdqlm_multivar_synth_keep","draw_105",1638,"2023-01-09","forecast","4.06971602354768"
"exdqlm_multivar_synth_keep","draw_105",1638,"2023-01-10","forecast","4.13076772581857"
"exdqlm_multivar_synth_keep","draw_105",1638,"2023-01-11","forecast","4.07270611046210"
"exdqlm_multivar_synth_keep","draw_105",1638,"2023-01-12","forecast","4.09808516153266"
"exdqlm_multivar_synth_keep","draw_105",1638,"2023-01-13","forecast","3.91689494028413"
"exdqlm_multivar_synth_keep","draw_105",1638,"2023-01-14","forecast","3.90432066298076"
"exdqlm_multivar_synth_keep","draw_105",1638,"2023-01-15","forecast","3.84683842552461"
"exdqlm_multivar_synth_keep","draw_105",1638,"2023-01-16","forecast","3.79244869359568"
"exdqlm_multivar_synth_keep","draw_105",1638,"2023-01-17","forecast","3.69559342168323"
"exdqlm_multivar_synth_keep","draw_105",1638,"2023-01-18","forecast","3.71094000012606"
"exdqlm_multivar_synth_keep","draw_105",1638,"2023-01-19","forecast","3.59651718649337"
"exdqlm_multivar_synth_keep","draw_105",1638,"2023-01-20","forecast","3.57426014969406"
"exdqlm_multivar_synth_keep","draw_105",1638,"2023-01-21","forecast","3.58198237063561"
"exdqlm_multivar_synth_keep","draw_105",1638,"2023-01-22","forecast","3.53315403927242"
"exdqlm_multivar_synth_keep","draw_106",1654,"2022-12-26","forecast","1.23810932871265"
"exdqlm_multivar_synth_keep","draw_106",1654,"2022-12-27","forecast","2.70865952514399"
"exdqlm_multivar_synth_keep","draw_106",1654,"2022-12-28","forecast","2.76328380952715"
"exdqlm_multivar_synth_keep","draw_106",1654,"2022-12-29","forecast","2.72045163673897"
"exdqlm_multivar_synth_keep","draw_106",1654,"2022-12-30","forecast","3.08820504967895"
"exdqlm_multivar_synth_keep","draw_106",1654,"2022-12-31","forecast","3.62291811280047"
"exdqlm_multivar_synth_keep","draw_106",1654,"2023-01-01","forecast","3.82513197395695"
"exdqlm_multivar_synth_keep","draw_106",1654,"2023-01-02","forecast","4.12410450820312"
"exdqlm_multivar_synth_keep","draw_106",1654,"2023-01-03","forecast","3.95477917882036"
"exdqlm_multivar_synth_keep","draw_106",1654,"2023-01-04","forecast","3.93740391139312"
"exdqlm_multivar_synth_keep","draw_106",1654,"2023-01-05","forecast","4.06304464935122"
"exdqlm_multivar_synth_keep","draw_106",1654,"2023-01-06","forecast","4.08846951192376"
"exdqlm_multivar_synth_keep","draw_106",1654,"2023-01-07","forecast","4.11997259648263"
"exdqlm_multivar_synth_keep","draw_106",1654,"2023-01-08","forecast","4.22853163744975"
"exdqlm_multivar_synth_keep","draw_106",1654,"2023-01-09","forecast","4.08914580102749"
"exdqlm_multivar_synth_keep","draw_106",1654,"2023-01-10","forecast","4.15175891064479"
"exdqlm_multivar_synth_keep","draw_106",1654,"2023-01-11","forecast","4.09379161320143"
"exdqlm_multivar_synth_keep","draw_106",1654,"2023-01-12","forecast","4.12756465084105"
"exdqlm_multivar_synth_keep","draw_106",1654,"2023-01-13","forecast","3.94107460342260"
"exdqlm_multivar_synth_keep","draw_106",1654,"2023-01-14","forecast","3.93858844742218"
"exdqlm_multivar_synth_keep","draw_106",1654,"2023-01-15","forecast","3.87813647003012"
"exdqlm_multivar_synth_keep","draw_106",1654,"2023-01-16","forecast","3.81589693893569"
"exdqlm_multivar_synth_keep","draw_106",1654,"2023-01-17","forecast","3.72760963203410"
"exdqlm_multivar_synth_keep","draw_106",1654,"2023-01-18","forecast","3.73780387105985"
"exdqlm_multivar_synth_keep","draw_106",1654,"2023-01-19","forecast","3.61708809832396"
"exdqlm_multivar_synth_keep","draw_106",1654,"2023-01-20","forecast","3.59803970569280"
"exdqlm_multivar_synth_keep","draw_106",1654,"2023-01-21","forecast","3.60569703875489"
"exdqlm_multivar_synth_keep","draw_106",1654,"2023-01-22","forecast","3.56991521437925"
"exdqlm_multivar_synth_keep","draw_107",1669,"2022-12-26","forecast","1.24603499424330"
"exdqlm_multivar_synth_keep","draw_107",1669,"2022-12-27","forecast","2.74633671531213"
"exdqlm_multivar_synth_keep","draw_107",1669,"2022-12-28","forecast","2.78370418849811"
"exdqlm_multivar_synth_keep","draw_107",1669,"2022-12-29","forecast","2.72088537935785"
"exdqlm_multivar_synth_keep","draw_107",1669,"2022-12-30","forecast","3.08880268972328"
"exdqlm_multivar_synth_keep","draw_107",1669,"2022-12-31","forecast","3.62769014788106"
"exdqlm_multivar_synth_keep","draw_107",1669,"2023-01-01","forecast","3.84264486618923"
"exdqlm_multivar_synth_keep","draw_107",1669,"2023-01-02","forecast","4.13419595085418"
"exdqlm_multivar_synth_keep","draw_107",1669,"2023-01-03","forecast","3.96355632995943"
"exdqlm_multivar_synth_keep","draw_107",1669,"2023-01-04","forecast","3.94944878115197"
"exdqlm_multivar_synth_keep","draw_107",1669,"2023-01-05","forecast","4.08743768771474"
"exdqlm_multivar_synth_keep","draw_107",1669,"2023-01-06","forecast","4.13073271393950"
"exdqlm_multivar_synth_keep","draw_107",1669,"2023-01-07","forecast","4.15772584531644"
"exdqlm_multivar_synth_keep","draw_107",1669,"2023-01-08","forecast","4.25142269737701"
"exdqlm_multivar_synth_keep","draw_107",1669,"2023-01-09","forecast","4.10776947505028"
"exdqlm_multivar_synth_keep","draw_107",1669,"2023-01-10","forecast","4.17969030659319"
"exdqlm_multivar_synth_keep","draw_107",1669,"2023-01-11","forecast","4.11074744958517"
"exdqlm_multivar_synth_keep","draw_107",1669,"2023-01-12","forecast","4.15096502987635"
"exdqlm_multivar_synth_keep","draw_107",1669,"2023-01-13","forecast","3.95293778370394"
"exdqlm_multivar_synth_keep","draw_107",1669,"2023-01-14","forecast","3.95640700882927"
"exdqlm_multivar_synth_keep","draw_107",1669,"2023-01-15","forecast","3.90640164697940"
"exdqlm_multivar_synth_keep","draw_107",1669,"2023-01-16","forecast","3.84731875244523"
"exdqlm_multivar_synth_keep","draw_107",1669,"2023-01-17","forecast","3.74744201834796"
"exdqlm_multivar_synth_keep","draw_107",1669,"2023-01-18","forecast","3.77462195325784"
"exdqlm_multivar_synth_keep","draw_107",1669,"2023-01-19","forecast","3.64325175346012"
"exdqlm_multivar_synth_keep","draw_107",1669,"2023-01-20","forecast","3.62214482897739"
"exdqlm_multivar_synth_keep","draw_107",1669,"2023-01-21","forecast","3.63593386168276"
"exdqlm_multivar_synth_keep","draw_107",1669,"2023-01-22","forecast","3.58662842488763"
"exdqlm_multivar_synth_keep","draw_108",1685,"2022-12-26","forecast","1.25870894910256"
"exdqlm_multivar_synth_keep","draw_108",1685,"2022-12-27","forecast","2.81366896533212"
"exdqlm_multivar_synth_keep","draw_108",1685,"2022-12-28","forecast","2.81044766762772"
"exdqlm_multivar_synth_keep","draw_108",1685,"2022-12-29","forecast","2.72121177998562"
"exdqlm_multivar_synth_keep","draw_108",1685,"2022-12-30","forecast","3.08933412550398"
"exdqlm_multivar_synth_keep","draw_108",1685,"2022-12-31","forecast","3.63487559389865"
"exdqlm_multivar_synth_keep","draw_108",1685,"2023-01-01","forecast","3.86435555398777"
"exdqlm_multivar_synth_keep","draw_108",1685,"2023-01-02","forecast","4.14311120116690"
"exdqlm_multivar_synth_keep","draw_108",1685,"2023-01-03","forecast","3.98263821501732"
"exdqlm_multivar_synth_keep","draw_108",1685,"2023-01-04","forecast","3.97045148488349"
"exdqlm_multivar_synth_keep","draw_108",1685,"2023-01-05","forecast","4.11156724080046"
"exdqlm_multivar_synth_keep","draw_108",1685,"2023-01-06","forecast","4.15198282892055"
"exdqlm_multivar_synth_keep","draw_108",1685,"2023-01-07","forecast","4.18940069199414"
"exdqlm_multivar_synth_keep","draw_108",1685,"2023-01-08","forecast","4.28024234937112"
"exdqlm_multivar_synth_keep","draw_108",1685,"2023-01-09","forecast","4.13142345455835"
"exdqlm_multivar_synth_keep","draw_108",1685,"2023-01-10","forecast","4.20288685541981"
"exdqlm_multivar_synth_keep","draw_108",1685,"2023-01-11","forecast","4.13487544618338"
"exdqlm_multivar_synth_keep","draw_108",1685,"2023-01-12","forecast","4.17007707036869"
"exdqlm_multivar_synth_keep","draw_108",1685,"2023-01-13","forecast","3.97740645034831"
"exdqlm_multivar_synth_keep","draw_108",1685,"2023-01-14","forecast","3.98225334165224"
"exdqlm_multivar_synth_keep","draw_108",1685,"2023-01-15","forecast","3.93720284762600"
"exdqlm_multivar_synth_keep","draw_108",1685,"2023-01-16","forecast","3.88110536300352"
"exdqlm_multivar_synth_keep","draw_108",1685,"2023-01-17","forecast","3.76833710403185"
"exdqlm_multivar_synth_keep","draw_108",1685,"2023-01-18","forecast","3.79530813629715"
"exdqlm_multivar_synth_keep","draw_108",1685,"2023-01-19","forecast","3.67838861788431"
"exdqlm_multivar_synth_keep","draw_108",1685,"2023-01-20","forecast","3.65391527565204"
"exdqlm_multivar_synth_keep","draw_108",1685,"2023-01-21","forecast","3.66905941218791"
"exdqlm_multivar_synth_keep","draw_108",1685,"2023-01-22","forecast","3.62342139908647"
"exdqlm_multivar_synth_keep","draw_109",1701,"2022-12-26","forecast","1.26497547503911"
"exdqlm_multivar_synth_keep","draw_109",1701,"2022-12-27","forecast","2.84425709964318"
"exdqlm_multivar_synth_keep","draw_109",1701,"2022-12-28","forecast","2.83761248919520"
"exdqlm_multivar_synth_keep","draw_109",1701,"2022-12-29","forecast","2.72140464838258"
"exdqlm_multivar_synth_keep","draw_109",1701,"2022-12-30","forecast","3.08963967872905"
"exdqlm_multivar_synth_keep","draw_109",1701,"2022-12-31","forecast","3.64476217840467"
"exdqlm_multivar_synth_keep","draw_109",1701,"2023-01-01","forecast","3.88391725424612"
"exdqlm_multivar_synth_keep","draw_109",1701,"2023-01-02","forecast","4.15357356798618"
"exdqlm_multivar_synth_keep","draw_109",1701,"2023-01-03","forecast","4.01272604435217"
"exdqlm_multivar_synth_keep","draw_109",1701,"2023-01-04","forecast","3.98825761347925"
"exdqlm_multivar_synth_keep","draw_109",1701,"2023-01-05","forecast","4.13055589744758"
"exdqlm_multivar_synth_keep","draw_109",1701,"2023-01-06","forecast","4.20334279316495"
"exdqlm_multivar_synth_keep","draw_109",1701,"2023-01-07","forecast","4.23422312885071"
"exdqlm_multivar_synth_keep","draw_109",1701,"2023-01-08","forecast","4.29428799176181"
"exdqlm_multivar_synth_keep","draw_109",1701,"2023-01-09","forecast","4.15344423146267"
"exdqlm_multivar_synth_keep","draw_109",1701,"2023-01-10","forecast","4.22764660614651"
"exdqlm_multivar_synth_keep","draw_109",1701,"2023-01-11","forecast","4.16448143893698"
"exdqlm_multivar_synth_keep","draw_109",1701,"2023-01-12","forecast","4.18971598158720"
"exdqlm_multivar_synth_keep","draw_109",1701,"2023-01-13","forecast","3.99929611252355"
"exdqlm_multivar_synth_keep","draw_109",1701,"2023-01-14","forecast","4.01321017799633"
"exdqlm_multivar_synth_keep","draw_109",1701,"2023-01-15","forecast","3.98246383308967"
"exdqlm_multivar_synth_keep","draw_109",1701,"2023-01-16","forecast","3.90803966945955"
"exdqlm_multivar_synth_keep","draw_109",1701,"2023-01-17","forecast","3.79247094107764"
"exdqlm_multivar_synth_keep","draw_109",1701,"2023-01-18","forecast","3.83104741797271"
"exdqlm_multivar_synth_keep","draw_109",1701,"2023-01-19","forecast","3.69881953618111"
"exdqlm_multivar_synth_keep","draw_109",1701,"2023-01-20","forecast","3.67761641731842"
"exdqlm_multivar_synth_keep","draw_109",1701,"2023-01-21","forecast","3.69343832353567"
"exdqlm_multivar_synth_keep","draw_109",1701,"2023-01-22","forecast","3.66272744341123"
"exdqlm_multivar_synth_keep","draw_110",1717,"2022-12-26","forecast","1.27460758439298"
"exdqlm_multivar_synth_keep","draw_110",1717,"2022-12-27","forecast","2.90434551620257"
"exdqlm_multivar_synth_keep","draw_110",1717,"2022-12-28","forecast","2.86317989801003"
"exdqlm_multivar_synth_keep","draw_110",1717,"2022-12-29","forecast","2.72164376574383"
"exdqlm_multivar_synth_keep","draw_110",1717,"2022-12-30","forecast","3.09024177405837"
"exdqlm_multivar_synth_keep","draw_110",1717,"2022-12-31","forecast","3.65478400436692"
"exdqlm_multivar_synth_keep","draw_110",1717,"2023-01-01","forecast","3.90299744287321"
"exdqlm_multivar_synth_keep","draw_110",1717,"2023-01-02","forecast","4.16869361922639"
"exdqlm_multivar_synth_keep","draw_110",1717,"2023-01-03","forecast","4.04425056146217"
"exdqlm_multivar_synth_keep","draw_110",1717,"2023-01-04","forecast","4.00708137875799"
"exdqlm_multivar_synth_keep","draw_110",1717,"2023-01-05","forecast","4.14607774797775"
"exdqlm_multivar_synth_keep","draw_110",1717,"2023-01-06","forecast","4.23244081690112"
"exdqlm_multivar_synth_keep","draw_110",1717,"2023-01-07","forecast","4.27169813297004"
"exdqlm_multivar_synth_keep","draw_110",1717,"2023-01-08","forecast","4.31058445839903"
"exdqlm_multivar_synth_keep","draw_110",1717,"2023-01-09","forecast","4.17310434076010"
"exdqlm_multivar_synth_keep","draw_110",1717,"2023-01-10","forecast","4.25499448021324"
"exdqlm_multivar_synth_keep","draw_110",1717,"2023-01-11","forecast","4.19406223010437"
"exdqlm_multivar_synth_keep","draw_110",1717,"2023-01-12","forecast","4.21678503543355"
"exdqlm_multivar_synth_keep","draw_110",1717,"2023-01-13","forecast","4.02319464343704"
"exdqlm_multivar_synth_keep","draw_110",1717,"2023-01-14","forecast","4.03283477625161"
"exdqlm_multivar_synth_keep","draw_110",1717,"2023-01-15","forecast","4.00516073538477"
"exdqlm_multivar_synth_keep","draw_110",1717,"2023-01-16","forecast","3.92869949579659"
"exdqlm_multivar_synth_keep","draw_110",1717,"2023-01-17","forecast","3.81691109638784"
"exdqlm_multivar_synth_keep","draw_110",1717,"2023-01-18","forecast","3.85042964255833"
"exdqlm_multivar_synth_keep","draw_110",1717,"2023-01-19","forecast","3.75402420578047"
"exdqlm_multivar_synth_keep","draw_110",1717,"2023-01-20","forecast","3.70104028301643"
"exdqlm_multivar_synth_keep","draw_110",1717,"2023-01-21","forecast","3.72204200954690"
"exdqlm_multivar_synth_keep","draw_110",1717,"2023-01-22","forecast","3.69146786892749"
"exdqlm_multivar_synth_keep","draw_111",1732,"2022-12-26","forecast","1.28913598187858"
"exdqlm_multivar_synth_keep","draw_111",1732,"2022-12-27","forecast","2.94111429006934"
"exdqlm_multivar_synth_keep","draw_111",1732,"2022-12-28","forecast","2.88808472542154"
"exdqlm_multivar_synth_keep","draw_111",1732,"2022-12-29","forecast","2.72185646279431"
"exdqlm_multivar_synth_keep","draw_111",1732,"2022-12-30","forecast","3.09038365446658"
"exdqlm_multivar_synth_keep","draw_111",1732,"2022-12-31","forecast","3.66919951646040"
"exdqlm_multivar_synth_keep","draw_111",1732,"2023-01-01","forecast","3.92685195623900"
"exdqlm_multivar_synth_keep","draw_111",1732,"2023-01-02","forecast","4.18117255876503"
"exdqlm_multivar_synth_keep","draw_111",1732,"2023-01-03","forecast","4.05865483820118"
"exdqlm_multivar_synth_keep","draw_111",1732,"2023-01-04","forecast","4.02629909226747"
"exdqlm_multivar_synth_keep","draw_111",1732,"2023-01-05","forecast","4.15684800186791"
"exdqlm_multivar_synth_keep","draw_111",1732,"2023-01-06","forecast","4.25577022236749"
"exdqlm_multivar_synth_keep","draw_111",1732,"2023-01-07","forecast","4.29669878659477"
"exdqlm_multivar_synth_keep","draw_111",1732,"2023-01-08","forecast","4.33134924541605"
"exdqlm_multivar_synth_keep","draw_111",1732,"2023-01-09","forecast","4.20204351245105"
"exdqlm_multivar_synth_keep","draw_111",1732,"2023-01-10","forecast","4.28516476985036"
"exdqlm_multivar_synth_keep","draw_111",1732,"2023-01-11","forecast","4.21552165605709"
"exdqlm_multivar_synth_keep","draw_111",1732,"2023-01-12","forecast","4.23500526110168"
"exdqlm_multivar_synth_keep","draw_111",1732,"2023-01-13","forecast","4.04879297867586"
"exdqlm_multivar_synth_keep","draw_111",1732,"2023-01-14","forecast","4.05759044780751"
"exdqlm_multivar_synth_keep","draw_111",1732,"2023-01-15","forecast","4.02236892381700"
"exdqlm_multivar_synth_keep","draw_111",1732,"2023-01-16","forecast","3.94544182248099"
"exdqlm_multivar_synth_keep","draw_111",1732,"2023-01-17","forecast","3.84121808465601"
"exdqlm_multivar_synth_keep","draw_111",1732,"2023-01-18","forecast","3.87465514377004"
"exdqlm_multivar_synth_keep","draw_111",1732,"2023-01-19","forecast","3.78757328584416"
"exdqlm_multivar_synth_keep","draw_111",1732,"2023-01-20","forecast","3.71675223495745"
"exdqlm_multivar_synth_keep","draw_111",1732,"2023-01-21","forecast","3.75024036947440"
"exdqlm_multivar_synth_keep","draw_111",1732,"2023-01-22","forecast","3.71565973053707"
"exdqlm_multivar_synth_keep","draw_112",1748,"2022-12-26","forecast","1.29951747515909"
"exdqlm_multivar_synth_keep","draw_112",1748,"2022-12-27","forecast","2.99476118583299"
"exdqlm_multivar_synth_keep","draw_112",1748,"2022-12-28","forecast","2.93137511462576"
"exdqlm_multivar_synth_keep","draw_112",1748,"2022-12-29","forecast","2.72194623747059"
"exdqlm_multivar_synth_keep","draw_112",1748,"2022-12-30","forecast","3.09056352426717"
"exdqlm_multivar_synth_keep","draw_112",1748,"2022-12-31","forecast","3.68705887154736"
"exdqlm_multivar_synth_keep","draw_112",1748,"2023-01-01","forecast","3.96100669302183"
"exdqlm_multivar_synth_keep","draw_112",1748,"2023-01-02","forecast","4.19411845855680"
"exdqlm_multivar_synth_keep","draw_112",1748,"2023-01-03","forecast","4.08612875333405"
"exdqlm_multivar_synth_keep","draw_112",1748,"2023-01-04","forecast","4.04780047246572"
"exdqlm_multivar_synth_keep","draw_112",1748,"2023-01-05","forecast","4.18321654017341"
"exdqlm_multivar_synth_keep","draw_112",1748,"2023-01-06","forecast","4.29250632044786"
"exdqlm_multivar_synth_keep","draw_112",1748,"2023-01-07","forecast","4.33985519334658"
"exdqlm_multivar_synth_keep","draw_112",1748,"2023-01-08","forecast","4.35028585200895"
"exdqlm_multivar_synth_keep","draw_112",1748,"2023-01-09","forecast","4.23313018672759"
"exdqlm_multivar_synth_keep","draw_112",1748,"2023-01-10","forecast","4.31410817242445"
"exdqlm_multivar_synth_keep","draw_112",1748,"2023-01-11","forecast","4.23311287011517"
"exdqlm_multivar_synth_keep","draw_112",1748,"2023-01-12","forecast","4.26715522009021"
"exdqlm_multivar_synth_keep","draw_112",1748,"2023-01-13","forecast","4.07793959705893"
"exdqlm_multivar_synth_keep","draw_112",1748,"2023-01-14","forecast","4.07731056631919"
"exdqlm_multivar_synth_keep","draw_112",1748,"2023-01-15","forecast","4.04889395154760"
"exdqlm_multivar_synth_keep","draw_112",1748,"2023-01-16","forecast","3.98213037883725"
"exdqlm_multivar_synth_keep","draw_112",1748,"2023-01-17","forecast","3.86236060077685"
"exdqlm_multivar_synth_keep","draw_112",1748,"2023-01-18","forecast","3.90424135028099"
"exdqlm_multivar_synth_keep","draw_112",1748,"2023-01-19","forecast","3.83634154897480"
"exdqlm_multivar_synth_keep","draw_112",1748,"2023-01-20","forecast","3.75151222885340"
"exdqlm_multivar_synth_keep","draw_112",1748,"2023-01-21","forecast","3.77334722548431"
"exdqlm_multivar_synth_keep","draw_112",1748,"2023-01-22","forecast","3.73904341229679"
"exdqlm_multivar_synth_keep","draw_113",1764,"2022-12-26","forecast","1.30994880710745"
"exdqlm_multivar_synth_keep","draw_113",1764,"2022-12-27","forecast","3.03703198389295"
"exdqlm_multivar_synth_keep","draw_113",1764,"2022-12-28","forecast","2.95653021834943"
"exdqlm_multivar_synth_keep","draw_113",1764,"2022-12-29","forecast","2.72225121155975"
"exdqlm_multivar_synth_keep","draw_113",1764,"2022-12-30","forecast","3.09085948306869"
"exdqlm_multivar_synth_keep","draw_113",1764,"2022-12-31","forecast","3.69620140749797"
"exdqlm_multivar_synth_keep","draw_113",1764,"2023-01-01","forecast","3.98128971155826"
"exdqlm_multivar_synth_keep","draw_113",1764,"2023-01-02","forecast","4.20854959836603"
"exdqlm_multivar_synth_keep","draw_113",1764,"2023-01-03","forecast","4.11136965823157"
"exdqlm_multivar_synth_keep","draw_113",1764,"2023-01-04","forecast","4.07100727278378"
"exdqlm_multivar_synth_keep","draw_113",1764,"2023-01-05","forecast","4.20244398709028"
"exdqlm_multivar_synth_keep","draw_113",1764,"2023-01-06","forecast","4.33609819822971"
"exdqlm_multivar_synth_keep","draw_113",1764,"2023-01-07","forecast","4.35896722566063"
"exdqlm_multivar_synth_keep","draw_113",1764,"2023-01-08","forecast","4.36960183352068"
"exdqlm_multivar_synth_keep","draw_113",1764,"2023-01-09","forecast","4.25283076206263"
"exdqlm_multivar_synth_keep","draw_113",1764,"2023-01-10","forecast","4.32970009048300"
"exdqlm_multivar_synth_keep","draw_113",1764,"2023-01-11","forecast","4.25368204870048"
"exdqlm_multivar_synth_keep","draw_113",1764,"2023-01-12","forecast","4.28356304971287"
"exdqlm_multivar_synth_keep","draw_113",1764,"2023-01-13","forecast","4.10534291489719"
"exdqlm_multivar_synth_keep","draw_113",1764,"2023-01-14","forecast","4.09263346599523"
"exdqlm_multivar_synth_keep","draw_113",1764,"2023-01-15","forecast","4.07324826758390"
"exdqlm_multivar_synth_keep","draw_113",1764,"2023-01-16","forecast","4.00818414270618"
"exdqlm_multivar_synth_keep","draw_113",1764,"2023-01-17","forecast","3.87782269773506"
"exdqlm_multivar_synth_keep","draw_113",1764,"2023-01-18","forecast","3.93351890096732"
"exdqlm_multivar_synth_keep","draw_113",1764,"2023-01-19","forecast","3.87109475583927"
"exdqlm_multivar_synth_keep","draw_113",1764,"2023-01-20","forecast","3.78348569104997"
"exdqlm_multivar_synth_keep","draw_113",1764,"2023-01-21","forecast","3.80263337904929"
"exdqlm_multivar_synth_keep","draw_113",1764,"2023-01-22","forecast","3.77724179350472"
"exdqlm_multivar_synth_keep","draw_114",1780,"2022-12-26","forecast","1.32169011434380"
"exdqlm_multivar_synth_keep","draw_114",1780,"2022-12-27","forecast","3.07801866782163"
"exdqlm_multivar_synth_keep","draw_114",1780,"2022-12-28","forecast","2.97255682926148"
"exdqlm_multivar_synth_keep","draw_114",1780,"2022-12-29","forecast","2.72240866532334"
"exdqlm_multivar_synth_keep","draw_114",1780,"2022-12-30","forecast","3.09100081275166"
"exdqlm_multivar_synth_keep","draw_114",1780,"2022-12-31","forecast","3.71096125985439"
"exdqlm_multivar_synth_keep","draw_114",1780,"2023-01-01","forecast","4.01105937025676"
"exdqlm_multivar_synth_keep","draw_114",1780,"2023-01-02","forecast","4.22147623388148"
"exdqlm_multivar_synth_keep","draw_114",1780,"2023-01-03","forecast","4.12685998270880"
"exdqlm_multivar_synth_keep","draw_114",1780,"2023-01-04","forecast","4.08765389703696"
"exdqlm_multivar_synth_keep","draw_114",1780,"2023-01-05","forecast","4.22191116333677"
"exdqlm_multivar_synth_keep","draw_114",1780,"2023-01-06","forecast","4.38434444486401"
"exdqlm_multivar_synth_keep","draw_114",1780,"2023-01-07","forecast","4.39328380414404"
"exdqlm_multivar_synth_keep","draw_114",1780,"2023-01-08","forecast","4.38416520592707"
"exdqlm_multivar_synth_keep","draw_114",1780,"2023-01-09","forecast","4.27778821174629"
"exdqlm_multivar_synth_keep","draw_114",1780,"2023-01-10","forecast","4.36013019700786"
"exdqlm_multivar_synth_keep","draw_114",1780,"2023-01-11","forecast","4.27775033073286"
"exdqlm_multivar_synth_keep","draw_114",1780,"2023-01-12","forecast","4.30764281672613"
"exdqlm_multivar_synth_keep","draw_114",1780,"2023-01-13","forecast","4.12044151210782"
"exdqlm_multivar_synth_keep","draw_114",1780,"2023-01-14","forecast","4.11839732866034"
"exdqlm_multivar_synth_keep","draw_114",1780,"2023-01-15","forecast","4.10164340302302"
"exdqlm_multivar_synth_keep","draw_114",1780,"2023-01-16","forecast","4.03488659675123"
"exdqlm_multivar_synth_keep","draw_114",1780,"2023-01-17","forecast","3.89591665136642"
"exdqlm_multivar_synth_keep","draw_114",1780,"2023-01-18","forecast","3.95620331752545"
"exdqlm_multivar_synth_keep","draw_114",1780,"2023-01-19","forecast","3.89810562824033"
"exdqlm_multivar_synth_keep","draw_114",1780,"2023-01-20","forecast","3.80804374336430"
"exdqlm_multivar_synth_keep","draw_114",1780,"2023-01-21","forecast","3.83069293623238"
"exdqlm_multivar_synth_keep","draw_114",1780,"2023-01-22","forecast","3.80637617820898"
"exdqlm_multivar_synth_keep","draw_115",1795,"2022-12-26","forecast","1.33036344976502"
"exdqlm_multivar_synth_keep","draw_115",1795,"2022-12-27","forecast","3.12196699942865"
"exdqlm_multivar_synth_keep","draw_115",1795,"2022-12-28","forecast","2.99539209563360"
"exdqlm_multivar_synth_keep","draw_115",1795,"2022-12-29","forecast","2.72259372782126"
"exdqlm_multivar_synth_keep","draw_115",1795,"2022-12-30","forecast","3.09139283040627"
"exdqlm_multivar_synth_keep","draw_115",1795,"2022-12-31","forecast","3.72237424846276"
"exdqlm_multivar_synth_keep","draw_115",1795,"2023-01-01","forecast","4.03062472915680"
"exdqlm_multivar_synth_keep","draw_115",1795,"2023-01-02","forecast","4.22937164214959"
"exdqlm_multivar_synth_keep","draw_115",1795,"2023-01-03","forecast","4.15155377922159"
"exdqlm_multivar_synth_keep","draw_115",1795,"2023-01-04","forecast","4.10595298760939"
"exdqlm_multivar_synth_keep","draw_115",1795,"2023-01-05","forecast","4.23077275314045"
"exdqlm_multivar_synth_keep","draw_115",1795,"2023-01-06","forecast","4.41396661480087"
"exdqlm_multivar_synth_keep","draw_115",1795,"2023-01-07","forecast","4.41468531774276"
"exdqlm_multivar_synth_keep","draw_115",1795,"2023-01-08","forecast","4.39355910888734"
"exdqlm_multivar_synth_keep","draw_115",1795,"2023-01-09","forecast","4.30745411760555"
"exdqlm_multivar_synth_keep","draw_115",1795,"2023-01-10","forecast","4.38634301253226"
"exdqlm_multivar_synth_keep","draw_115",1795,"2023-01-11","forecast","4.29583052443582"
"exdqlm_multivar_synth_keep","draw_115",1795,"2023-01-12","forecast","4.31851061767027"
"exdqlm_multivar_synth_keep","draw_115",1795,"2023-01-13","forecast","4.13721395416789"
"exdqlm_multivar_synth_keep","draw_115",1795,"2023-01-14","forecast","4.14439995968925"
"exdqlm_multivar_synth_keep","draw_115",1795,"2023-01-15","forecast","4.12252883836156"
"exdqlm_multivar_synth_keep","draw_115",1795,"2023-01-16","forecast","4.06355541998396"
"exdqlm_multivar_synth_keep","draw_115",1795,"2023-01-17","forecast","3.90936295662833"
"exdqlm_multivar_synth_keep","draw_115",1795,"2023-01-18","forecast","3.97187006313011"
"exdqlm_multivar_synth_keep","draw_115",1795,"2023-01-19","forecast","3.92463018666854"
"exdqlm_multivar_synth_keep","draw_115",1795,"2023-01-20","forecast","3.83817340269697"
"exdqlm_multivar_synth_keep","draw_115",1795,"2023-01-21","forecast","3.84955328349670"
"exdqlm_multivar_synth_keep","draw_115",1795,"2023-01-22","forecast","3.84264128248909"
"exdqlm_multivar_synth_keep","draw_116",1811,"2022-12-26","forecast","1.33991861241167"
"exdqlm_multivar_synth_keep","draw_116",1811,"2022-12-27","forecast","3.15784437863995"
"exdqlm_multivar_synth_keep","draw_116",1811,"2022-12-28","forecast","3.02981594814440"
"exdqlm_multivar_synth_keep","draw_116",1811,"2022-12-29","forecast","2.72284622299073"
"exdqlm_multivar_synth_keep","draw_116",1811,"2022-12-30","forecast","3.09209299930682"
"exdqlm_multivar_synth_keep","draw_116",1811,"2022-12-31","forecast","3.73694581724112"
"exdqlm_multivar_synth_keep","draw_116",1811,"2023-01-01","forecast","4.05354764153990"
"exdqlm_multivar_synth_keep","draw_116",1811,"2023-01-02","forecast","4.24517002729858"
"exdqlm_multivar_synth_keep","draw_116",1811,"2023-01-03","forecast","4.18008795678880"
"exdqlm_multivar_synth_keep","draw_116",1811,"2023-01-04","forecast","4.13375023527621"
"exdqlm_multivar_synth_keep","draw_116",1811,"2023-01-05","forecast","4.25052884521254"
"exdqlm_multivar_synth_keep","draw_116",1811,"2023-01-06","forecast","4.44260096660629"
"exdqlm_multivar_synth_keep","draw_116",1811,"2023-01-07","forecast","4.45977273832649"
"exdqlm_multivar_synth_keep","draw_116",1811,"2023-01-08","forecast","4.40809225458232"
"exdqlm_multivar_synth_keep","draw_116",1811,"2023-01-09","forecast","4.34132279296684"
"exdqlm_multivar_synth_keep","draw_116",1811,"2023-01-10","forecast","4.40654557721711"
"exdqlm_multivar_synth_keep","draw_116",1811,"2023-01-11","forecast","4.32240307091364"
"exdqlm_multivar_synth_keep","draw_116",1811,"2023-01-12","forecast","4.33385098874958"
"exdqlm_multivar_synth_keep","draw_116",1811,"2023-01-13","forecast","4.16530184802936"
"exdqlm_multivar_synth_keep","draw_116",1811,"2023-01-14","forecast","4.16720666134457"
"exdqlm_multivar_synth_keep","draw_116",1811,"2023-01-15","forecast","4.15030324473110"
"exdqlm_multivar_synth_keep","draw_116",1811,"2023-01-16","forecast","4.08799714453799"
"exdqlm_multivar_synth_keep","draw_116",1811,"2023-01-17","forecast","3.94244826400433"
"exdqlm_multivar_synth_keep","draw_116",1811,"2023-01-18","forecast","3.99778496338911"
"exdqlm_multivar_synth_keep","draw_116",1811,"2023-01-19","forecast","3.96214713326712"
"exdqlm_multivar_synth_keep","draw_116",1811,"2023-01-20","forecast","3.87918030177466"
"exdqlm_multivar_synth_keep","draw_116",1811,"2023-01-21","forecast","3.87321138609669"
"exdqlm_multivar_synth_keep","draw_116",1811,"2023-01-22","forecast","3.86780276037936"
"exdqlm_multivar_synth_keep","draw_117",1827,"2022-12-26","forecast","1.35094320419658"
"exdqlm_multivar_synth_keep","draw_117",1827,"2022-12-27","forecast","3.23379444622900"
"exdqlm_multivar_synth_keep","draw_117",1827,"2022-12-28","forecast","3.05220548469306"
"exdqlm_multivar_synth_keep","draw_117",1827,"2022-12-29","forecast","2.72311720974121"
"exdqlm_multivar_synth_keep","draw_117",1827,"2022-12-30","forecast","3.09247011042742"
"exdqlm_multivar_synth_keep","draw_117",1827,"2022-12-31","forecast","3.74380896855607"
"exdqlm_multivar_synth_keep","draw_117",1827,"2023-01-01","forecast","4.07837294335282"
"exdqlm_multivar_synth_keep","draw_117",1827,"2023-01-02","forecast","4.25720812941488"
"exdqlm_multivar_synth_keep","draw_117",1827,"2023-01-03","forecast","4.22366760840728"
"exdqlm_multivar_synth_keep","draw_117",1827,"2023-01-04","forecast","4.15585792166343"
"exdqlm_multivar_synth_keep","draw_117",1827,"2023-01-05","forecast","4.27842253516490"
"exdqlm_multivar_synth_keep","draw_117",1827,"2023-01-06","forecast","4.46754351076615"
"exdqlm_multivar_synth_keep","draw_117",1827,"2023-01-07","forecast","4.49520420900397"
"exdqlm_multivar_synth_keep","draw_117",1827,"2023-01-08","forecast","4.42439701634099"
"exdqlm_multivar_synth_keep","draw_117",1827,"2023-01-09","forecast","4.37480132456595"
"exdqlm_multivar_synth_keep","draw_117",1827,"2023-01-10","forecast","4.43836201501645"
"exdqlm_multivar_synth_keep","draw_117",1827,"2023-01-11","forecast","4.36760420349233"
"exdqlm_multivar_synth_keep","draw_117",1827,"2023-01-12","forecast","4.35828036822623"
"exdqlm_multivar_synth_keep","draw_117",1827,"2023-01-13","forecast","4.18569922997764"
"exdqlm_multivar_synth_keep","draw_117",1827,"2023-01-14","forecast","4.19662850479730"
"exdqlm_multivar_synth_keep","draw_117",1827,"2023-01-15","forecast","4.19495098541059"
"exdqlm_multivar_synth_keep","draw_117",1827,"2023-01-16","forecast","4.11688595347308"
"exdqlm_multivar_synth_keep","draw_117",1827,"2023-01-17","forecast","3.96637550904995"
"exdqlm_multivar_synth_keep","draw_117",1827,"2023-01-18","forecast","4.03137819516401"
"exdqlm_multivar_synth_keep","draw_117",1827,"2023-01-19","forecast","3.98811059006491"
"exdqlm_multivar_synth_keep","draw_117",1827,"2023-01-20","forecast","3.90972352655936"
"exdqlm_multivar_synth_keep","draw_117",1827,"2023-01-21","forecast","3.90135476922626"
"exdqlm_multivar_synth_keep","draw_117",1827,"2023-01-22","forecast","3.89365648124708"
"exdqlm_multivar_synth_keep","draw_118",1843,"2022-12-26","forecast","1.36305364035326"
"exdqlm_multivar_synth_keep","draw_118",1843,"2022-12-27","forecast","3.27477323820302"
"exdqlm_multivar_synth_keep","draw_118",1843,"2022-12-28","forecast","3.08223912540753"
"exdqlm_multivar_synth_keep","draw_118",1843,"2022-12-29","forecast","2.72328551866725"
"exdqlm_multivar_synth_keep","draw_118",1843,"2022-12-30","forecast","3.09414928926599"
"exdqlm_multivar_synth_keep","draw_118",1843,"2022-12-31","forecast","3.75330087781661"
"exdqlm_multivar_synth_keep","draw_118",1843,"2023-01-01","forecast","4.09281687852759"
"exdqlm_multivar_synth_keep","draw_118",1843,"2023-01-02","forecast","4.27024250062562"
"exdqlm_multivar_synth_keep","draw_118",1843,"2023-01-03","forecast","4.23771193421107"
"exdqlm_multivar_synth_keep","draw_118",1843,"2023-01-04","forecast","4.18576148939294"
"exdqlm_multivar_synth_keep","draw_118",1843,"2023-01-05","forecast","4.30436205359219"
"exdqlm_multivar_synth_keep","draw_118",1843,"2023-01-06","forecast","4.52573316764528"
"exdqlm_multivar_synth_keep","draw_118",1843,"2023-01-07","forecast","4.52125373324889"
"exdqlm_multivar_synth_keep","draw_118",1843,"2023-01-08","forecast","4.44797618841031"
"exdqlm_multivar_synth_keep","draw_118",1843,"2023-01-09","forecast","4.40075476597583"
"exdqlm_multivar_synth_keep","draw_118",1843,"2023-01-10","forecast","4.45751908870917"
"exdqlm_multivar_synth_keep","draw_118",1843,"2023-01-11","forecast","4.38685718590181"
"exdqlm_multivar_synth_keep","draw_118",1843,"2023-01-12","forecast","4.37841393448462"
"exdqlm_multivar_synth_keep","draw_118",1843,"2023-01-13","forecast","4.20463655485429"
"exdqlm_multivar_synth_keep","draw_118",1843,"2023-01-14","forecast","4.21628314830133"
"exdqlm_multivar_synth_keep","draw_118",1843,"2023-01-15","forecast","4.22508568464749"
"exdqlm_multivar_synth_keep","draw_118",1843,"2023-01-16","forecast","4.14697479740916"
"exdqlm_multivar_synth_keep","draw_118",1843,"2023-01-17","forecast","3.99906105207036"
"exdqlm_multivar_synth_keep","draw_118",1843,"2023-01-18","forecast","4.06286449738518"
"exdqlm_multivar_synth_keep","draw_118",1843,"2023-01-19","forecast","4.01669523239058"
"exdqlm_multivar_synth_keep","draw_118",1843,"2023-01-20","forecast","3.93364841884239"
"exdqlm_multivar_synth_keep","draw_118",1843,"2023-01-21","forecast","3.94681161338242"
"exdqlm_multivar_synth_keep","draw_118",1843,"2023-01-22","forecast","3.91595148014152"
"exdqlm_multivar_synth_keep","draw_119",1858,"2022-12-26","forecast","1.37620583715095"
"exdqlm_multivar_synth_keep","draw_119",1858,"2022-12-27","forecast","3.31635778575062"
"exdqlm_multivar_synth_keep","draw_119",1858,"2022-12-28","forecast","3.10348339338708"
"exdqlm_multivar_synth_keep","draw_119",1858,"2022-12-29","forecast","2.72347213110838"
"exdqlm_multivar_synth_keep","draw_119",1858,"2022-12-30","forecast","3.09505327219752"
"exdqlm_multivar_synth_keep","draw_119",1858,"2022-12-31","forecast","3.76079414899717"
"exdqlm_multivar_synth_keep","draw_119",1858,"2023-01-01","forecast","4.12890381840761"
"exdqlm_multivar_synth_keep","draw_119",1858,"2023-01-02","forecast","4.28670801714053"
"exdqlm_multivar_synth_keep","draw_119",1858,"2023-01-03","forecast","4.24874387144335"
"exdqlm_multivar_synth_keep","draw_119",1858,"2023-01-04","forecast","4.20340783421077"
"exdqlm_multivar_synth_keep","draw_119",1858,"2023-01-05","forecast","4.31876573718090"
"exdqlm_multivar_synth_keep","draw_119",1858,"2023-01-06","forecast","4.56006183316474"
"exdqlm_multivar_synth_keep","draw_119",1858,"2023-01-07","forecast","4.56405646589059"
"exdqlm_multivar_synth_keep","draw_119",1858,"2023-01-08","forecast","4.46698689651212"
"exdqlm_multivar_synth_keep","draw_119",1858,"2023-01-09","forecast","4.43078519415583"
"exdqlm_multivar_synth_keep","draw_119",1858,"2023-01-10","forecast","4.47887613865871"
"exdqlm_multivar_synth_keep","draw_119",1858,"2023-01-11","forecast","4.41048109351490"
"exdqlm_multivar_synth_keep","draw_119",1858,"2023-01-12","forecast","4.40076543691781"
"exdqlm_multivar_synth_keep","draw_119",1858,"2023-01-13","forecast","4.22789306000818"
"exdqlm_multivar_synth_keep","draw_119",1858,"2023-01-14","forecast","4.23802880608576"
"exdqlm_multivar_synth_keep","draw_119",1858,"2023-01-15","forecast","4.25624624597634"
"exdqlm_multivar_synth_keep","draw_119",1858,"2023-01-16","forecast","4.18096484037384"
"exdqlm_multivar_synth_keep","draw_119",1858,"2023-01-17","forecast","4.01885156783054"
"exdqlm_multivar_synth_keep","draw_119",1858,"2023-01-18","forecast","4.09082096954735"
"exdqlm_multivar_synth_keep","draw_119",1858,"2023-01-19","forecast","4.05664587371915"
"exdqlm_multivar_synth_keep","draw_119",1858,"2023-01-20","forecast","3.96710221981370"
"exdqlm_multivar_synth_keep","draw_119",1858,"2023-01-21","forecast","3.97906479900403"
"exdqlm_multivar_synth_keep","draw_119",1858,"2023-01-22","forecast","3.94701022330953"
"exdqlm_multivar_synth_keep","draw_120",1874,"2022-12-26","forecast","1.38483286404848"
"exdqlm_multivar_synth_keep","draw_120",1874,"2022-12-27","forecast","3.34600031706854"
"exdqlm_multivar_synth_keep","draw_120",1874,"2022-12-28","forecast","3.13134822583823"
"exdqlm_multivar_synth_keep","draw_120",1874,"2022-12-29","forecast","2.72372163138185"
"exdqlm_multivar_synth_keep","draw_120",1874,"2022-12-30","forecast","3.09590539716719"
"exdqlm_multivar_synth_keep","draw_120",1874,"2022-12-31","forecast","3.77178265946612"
"exdqlm_multivar_synth_keep","draw_120",1874,"2023-01-01","forecast","4.15817977272309"
"exdqlm_multivar_synth_keep","draw_120",1874,"2023-01-02","forecast","4.29709131915594"
"exdqlm_multivar_synth_keep","draw_120",1874,"2023-01-03","forecast","4.26925743361518"
"exdqlm_multivar_synth_keep","draw_120",1874,"2023-01-04","forecast","4.22053596572973"
"exdqlm_multivar_synth_keep","draw_120",1874,"2023-01-05","forecast","4.34103481455278"
"exdqlm_multivar_synth_keep","draw_120",1874,"2023-01-06","forecast","4.61871289158422"
"exdqlm_multivar_synth_keep","draw_120",1874,"2023-01-07","forecast","4.59192742493688"
"exdqlm_multivar_synth_keep","draw_120",1874,"2023-01-08","forecast","4.48700285033478"
"exdqlm_multivar_synth_keep","draw_120",1874,"2023-01-09","forecast","4.46205896313895"
"exdqlm_multivar_synth_keep","draw_120",1874,"2023-01-10","forecast","4.49728130937865"
"exdqlm_multivar_synth_keep","draw_120",1874,"2023-01-11","forecast","4.42781592774182"
"exdqlm_multivar_synth_keep","draw_120",1874,"2023-01-12","forecast","4.42215484369709"
"exdqlm_multivar_synth_keep","draw_120",1874,"2023-01-13","forecast","4.26419127427648"
"exdqlm_multivar_synth_keep","draw_120",1874,"2023-01-14","forecast","4.25662541143930"
"exdqlm_multivar_synth_keep","draw_120",1874,"2023-01-15","forecast","4.29739186020486"
"exdqlm_multivar_synth_keep","draw_120",1874,"2023-01-16","forecast","4.20907131730583"
"exdqlm_multivar_synth_keep","draw_120",1874,"2023-01-17","forecast","4.06128682550901"
"exdqlm_multivar_synth_keep","draw_120",1874,"2023-01-18","forecast","4.12475247591575"
"exdqlm_multivar_synth_keep","draw_120",1874,"2023-01-19","forecast","4.08239440251575"
"exdqlm_multivar_synth_keep","draw_120",1874,"2023-01-20","forecast","3.99174514872667"
"exdqlm_multivar_synth_keep","draw_120",1874,"2023-01-21","forecast","4.01760398448690"
"exdqlm_multivar_synth_keep","draw_120",1874,"2023-01-22","forecast","3.97056065932138"
"exdqlm_multivar_synth_keep","draw_121",1890,"2022-12-26","forecast","1.39613312905959"
"exdqlm_multivar_synth_keep","draw_121",1890,"2022-12-27","forecast","3.36808580019348"
"exdqlm_multivar_synth_keep","draw_121",1890,"2022-12-28","forecast","3.15127687708865"
"exdqlm_multivar_synth_keep","draw_121",1890,"2022-12-29","forecast","2.72417292163776"
"exdqlm_multivar_synth_keep","draw_121",1890,"2022-12-30","forecast","3.09682573195619"
"exdqlm_multivar_synth_keep","draw_121",1890,"2022-12-31","forecast","3.79599205047335"
"exdqlm_multivar_synth_keep","draw_121",1890,"2023-01-01","forecast","4.18004022876243"
"exdqlm_multivar_synth_keep","draw_121",1890,"2023-01-02","forecast","4.30672301568133"
"exdqlm_multivar_synth_keep","draw_121",1890,"2023-01-03","forecast","4.29914547648531"
"exdqlm_multivar_synth_keep","draw_121",1890,"2023-01-04","forecast","4.24006679468800"
"exdqlm_multivar_synth_keep","draw_121",1890,"2023-01-05","forecast","4.35433939288644"
"exdqlm_multivar_synth_keep","draw_121",1890,"2023-01-06","forecast","4.64854979157083"
"exdqlm_multivar_synth_keep","draw_121",1890,"2023-01-07","forecast","4.62260607844510"
"exdqlm_multivar_synth_keep","draw_121",1890,"2023-01-08","forecast","4.50349111271167"
"exdqlm_multivar_synth_keep","draw_121",1890,"2023-01-09","forecast","4.49554090752998"
"exdqlm_multivar_synth_keep","draw_121",1890,"2023-01-10","forecast","4.52013521293491"
"exdqlm_multivar_synth_keep","draw_121",1890,"2023-01-11","forecast","4.44826287993207"
"exdqlm_multivar_synth_keep","draw_121",1890,"2023-01-12","forecast","4.44891860193470"
"exdqlm_multivar_synth_keep","draw_121",1890,"2023-01-13","forecast","4.28300467357349"
"exdqlm_multivar_synth_keep","draw_121",1890,"2023-01-14","forecast","4.29785581127212"
"exdqlm_multivar_synth_keep","draw_121",1890,"2023-01-15","forecast","4.32051687817455"
"exdqlm_multivar_synth_keep","draw_121",1890,"2023-01-16","forecast","4.24592071718429"
"exdqlm_multivar_synth_keep","draw_121",1890,"2023-01-17","forecast","4.09225793468106"
"exdqlm_multivar_synth_keep","draw_121",1890,"2023-01-18","forecast","4.15373555435510"
"exdqlm_multivar_synth_keep","draw_121",1890,"2023-01-19","forecast","4.11207615811395"
"exdqlm_multivar_synth_keep","draw_121",1890,"2023-01-20","forecast","4.01131251305691"
"exdqlm_multivar_synth_keep","draw_121",1890,"2023-01-21","forecast","4.05688200384105"
"exdqlm_multivar_synth_keep","draw_121",1890,"2023-01-22","forecast","3.99391843903198"
"exdqlm_multivar_synth_keep","draw_122",1906,"2022-12-26","forecast","1.40710389787454"
"exdqlm_multivar_synth_keep","draw_122",1906,"2022-12-27","forecast","3.38578559556547"
"exdqlm_multivar_synth_keep","draw_122",1906,"2022-12-28","forecast","3.16891579074896"
"exdqlm_multivar_synth_keep","draw_122",1906,"2022-12-29","forecast","2.73623452174054"
"exdqlm_multivar_synth_keep","draw_122",1906,"2022-12-30","forecast","3.09740655331225"
"exdqlm_multivar_synth_keep","draw_122",1906,"2022-12-31","forecast","3.80493781520499"
"exdqlm_multivar_synth_keep","draw_122",1906,"2023-01-01","forecast","4.18904990069731"
"exdqlm_multivar_synth_keep","draw_122",1906,"2023-01-02","forecast","4.32113806041148"
"exdqlm_multivar_synth_keep","draw_122",1906,"2023-01-03","forecast","4.31227157981127"
"exdqlm_multivar_synth_keep","draw_122",1906,"2023-01-04","forecast","4.26210220659300"
"exdqlm_multivar_synth_keep","draw_122",1906,"2023-01-05","forecast","4.36759686429834"
"exdqlm_multivar_synth_keep","draw_122",1906,"2023-01-06","forecast","4.66923906224014"
"exdqlm_multivar_synth_keep","draw_122",1906,"2023-01-07","forecast","4.64128615844706"
"exdqlm_multivar_synth_keep","draw_122",1906,"2023-01-08","forecast","4.51129793761310"
"exdqlm_multivar_synth_keep","draw_122",1906,"2023-01-09","forecast","4.51418871286724"
"exdqlm_multivar_synth_keep","draw_122",1906,"2023-01-10","forecast","4.54776593258640"
"exdqlm_multivar_synth_keep","draw_122",1906,"2023-01-11","forecast","4.47475142321987"
"exdqlm_multivar_synth_keep","draw_122",1906,"2023-01-12","forecast","4.47340250509503"
"exdqlm_multivar_synth_keep","draw_122",1906,"2023-01-13","forecast","4.28894193484404"
"exdqlm_multivar_synth_keep","draw_122",1906,"2023-01-14","forecast","4.31933198780741"
"exdqlm_multivar_synth_keep","draw_122",1906,"2023-01-15","forecast","4.36000003061777"
"exdqlm_multivar_synth_keep","draw_122",1906,"2023-01-16","forecast","4.27403042152723"
"exdqlm_multivar_synth_keep","draw_122",1906,"2023-01-17","forecast","4.11415449324477"
"exdqlm_multivar_synth_keep","draw_122",1906,"2023-01-18","forecast","4.15938360486849"
"exdqlm_multivar_synth_keep","draw_122",1906,"2023-01-19","forecast","4.13433801545716"
"exdqlm_multivar_synth_keep","draw_122",1906,"2023-01-20","forecast","4.01807945438165"
"exdqlm_multivar_synth_keep","draw_122",1906,"2023-01-21","forecast","4.08102271563032"
"exdqlm_multivar_synth_keep","draw_122",1906,"2023-01-22","forecast","4.00935519250967"
"exdqlm_multivar_synth_keep","draw_123",1921,"2022-12-26","forecast","1.41291431883197"
"exdqlm_multivar_synth_keep","draw_123",1921,"2022-12-27","forecast","3.39998105109791"
"exdqlm_multivar_synth_keep","draw_123",1921,"2022-12-28","forecast","3.17685624126815"
"exdqlm_multivar_synth_keep","draw_123",1921,"2022-12-29","forecast","2.74487754688153"
"exdqlm_multivar_synth_keep","draw_123",1921,"2022-12-30","forecast","3.10445246835875"
"exdqlm_multivar_synth_keep","draw_123",1921,"2022-12-31","forecast","3.82069343780093"
"exdqlm_multivar_synth_keep","draw_123",1921,"2023-01-01","forecast","4.19700431407064"
"exdqlm_multivar_synth_keep","draw_123",1921,"2023-01-02","forecast","4.33061287061439"
"exdqlm_multivar_synth_keep","draw_123",1921,"2023-01-03","forecast","4.32350547810165"
"exdqlm_multivar_synth_keep","draw_123",1921,"2023-01-04","forecast","4.27326965571010"
"exdqlm_multivar_synth_keep","draw_123",1921,"2023-01-05","forecast","4.37627836225407"
"exdqlm_multivar_synth_keep","draw_123",1921,"2023-01-06","forecast","4.67788987020765"
"exdqlm_multivar_synth_keep","draw_123",1921,"2023-01-07","forecast","4.64788722509911"
"exdqlm_multivar_synth_keep","draw_123",1921,"2023-01-08","forecast","4.52462399633880"
"exdqlm_multivar_synth_keep","draw_123",1921,"2023-01-09","forecast","4.52368200894671"
"exdqlm_multivar_synth_keep","draw_123",1921,"2023-01-10","forecast","4.56073588160603"
"exdqlm_multivar_synth_keep","draw_123",1921,"2023-01-11","forecast","4.48210281756247"
"exdqlm_multivar_synth_keep","draw_123",1921,"2023-01-12","forecast","4.48435751527950"
"exdqlm_multivar_synth_keep","draw_123",1921,"2023-01-13","forecast","4.29393963906706"
"exdqlm_multivar_synth_keep","draw_123",1921,"2023-01-14","forecast","4.32621540581808"
"exdqlm_multivar_synth_keep","draw_123",1921,"2023-01-15","forecast","4.37102125010549"
"exdqlm_multivar_synth_keep","draw_123",1921,"2023-01-16","forecast","4.28168122073668"
"exdqlm_multivar_synth_keep","draw_123",1921,"2023-01-17","forecast","4.15366269243207"
"exdqlm_multivar_synth_keep","draw_123",1921,"2023-01-18","forecast","4.16620424940288"
"exdqlm_multivar_synth_keep","draw_123",1921,"2023-01-19","forecast","4.14146773215511"
"exdqlm_multivar_synth_keep","draw_123",1921,"2023-01-20","forecast","4.02752526348463"
"exdqlm_multivar_synth_keep","draw_123",1921,"2023-01-21","forecast","4.09662147818397"
"exdqlm_multivar_synth_keep","draw_123",1921,"2023-01-22","forecast","4.02633340312971"
"exdqlm_multivar_synth_keep","draw_124",1937,"2022-12-26","forecast","1.42975970393045"
"exdqlm_multivar_synth_keep","draw_124",1937,"2022-12-27","forecast","3.40700788410811"
"exdqlm_multivar_synth_keep","draw_124",1937,"2022-12-28","forecast","3.19620316921827"
"exdqlm_multivar_synth_keep","draw_124",1937,"2022-12-29","forecast","2.75460345014498"
"exdqlm_multivar_synth_keep","draw_124",1937,"2022-12-30","forecast","3.12650243776284"
"exdqlm_multivar_synth_keep","draw_124",1937,"2022-12-31","forecast","3.82945158284414"
"exdqlm_multivar_synth_keep","draw_124",1937,"2023-01-01","forecast","4.20654277314106"
"exdqlm_multivar_synth_keep","draw_124",1937,"2023-01-02","forecast","4.34044607858907"
"exdqlm_multivar_synth_keep","draw_124",1937,"2023-01-03","forecast","4.33463722424481"
"exdqlm_multivar_synth_keep","draw_124",1937,"2023-01-04","forecast","4.29919779842270"
"exdqlm_multivar_synth_keep","draw_124",1937,"2023-01-05","forecast","4.39064114833066"
"exdqlm_multivar_synth_keep","draw_124",1937,"2023-01-06","forecast","4.68952459910837"
"exdqlm_multivar_synth_keep","draw_124",1937,"2023-01-07","forecast","4.65761505850881"
"exdqlm_multivar_synth_keep","draw_124",1937,"2023-01-08","forecast","4.54468964604765"
"exdqlm_multivar_synth_keep","draw_124",1937,"2023-01-09","forecast","4.54281469864254"
"exdqlm_multivar_synth_keep","draw_124",1937,"2023-01-10","forecast","4.56954903160469"
"exdqlm_multivar_synth_keep","draw_124",1937,"2023-01-11","forecast","4.49086857633352"
"exdqlm_multivar_synth_keep","draw_124",1937,"2023-01-12","forecast","4.49250710536978"
"exdqlm_multivar_synth_keep","draw_124",1937,"2023-01-13","forecast","4.30074981925433"
"exdqlm_multivar_synth_keep","draw_124",1937,"2023-01-14","forecast","4.33976806319989"
"exdqlm_multivar_synth_keep","draw_124",1937,"2023-01-15","forecast","4.38229720068618"
"exdqlm_multivar_synth_keep","draw_124",1937,"2023-01-16","forecast","4.29316678157376"
"exdqlm_multivar_synth_keep","draw_124",1937,"2023-01-17","forecast","4.18665406171414"
"exdqlm_multivar_synth_keep","draw_124",1937,"2023-01-18","forecast","4.18550106055105"
"exdqlm_multivar_synth_keep","draw_124",1937,"2023-01-19","forecast","4.15485576791020"
"exdqlm_multivar_synth_keep","draw_124",1937,"2023-01-20","forecast","4.03928949872285"
"exdqlm_multivar_synth_keep","draw_124",1937,"2023-01-21","forecast","4.11105018712520"
"exdqlm_multivar_synth_keep","draw_124",1937,"2023-01-22","forecast","4.03508549304593"
"exdqlm_multivar_synth_keep","draw_125",1953,"2022-12-26","forecast","1.44226447280017"
"exdqlm_multivar_synth_keep","draw_125",1953,"2022-12-27","forecast","3.41682657448223"
"exdqlm_multivar_synth_keep","draw_125",1953,"2022-12-28","forecast","3.20562798140383"
"exdqlm_multivar_synth_keep","draw_125",1953,"2022-12-29","forecast","2.76312648525266"
"exdqlm_multivar_synth_keep","draw_125",1953,"2022-12-30","forecast","3.14848544772117"
"exdqlm_multivar_synth_keep","draw_125",1953,"2022-12-31","forecast","3.85362300776250"
"exdqlm_multivar_synth_keep","draw_125",1953,"2023-01-01","forecast","4.22188188461585"
"exdqlm_multivar_synth_keep","draw_125",1953,"2023-01-02","forecast","4.36371186159198"
"exdqlm_multivar_synth_keep","draw_125",1953,"2023-01-03","forecast","4.34977638835455"
"exdqlm_multivar_synth_keep","draw_125",1953,"2023-01-04","forecast","4.32430360985282"
"exdqlm_multivar_synth_keep","draw_125",1953,"2023-01-05","forecast","4.40245674567947"
"exdqlm_multivar_synth_keep","draw_125",1953,"2023-01-06","forecast","4.70293147760234"
"exdqlm_multivar_synth_keep","draw_125",1953,"2023-01-07","forecast","4.68283885295703"
"exdqlm_multivar_synth_keep","draw_125",1953,"2023-01-08","forecast","4.56547577149234"
"exdqlm_multivar_synth_keep","draw_125",1953,"2023-01-09","forecast","4.56477101193824"
"exdqlm_multivar_synth_keep","draw_125",1953,"2023-01-10","forecast","4.58177253080166"
"exdqlm_multivar_synth_keep","draw_125",1953,"2023-01-11","forecast","4.49919563413025"
"exdqlm_multivar_synth_keep","draw_125",1953,"2023-01-12","forecast","4.50369721568858"
"exdqlm_multivar_synth_keep","draw_125",1953,"2023-01-13","forecast","4.31655202352900"
"exdqlm_multivar_synth_keep","draw_125",1953,"2023-01-14","forecast","4.35264442128705"
"exdqlm_multivar_synth_keep","draw_125",1953,"2023-01-15","forecast","4.39145060087723"
"exdqlm_multivar_synth_keep","draw_125",1953,"2023-01-16","forecast","4.30249020650655"
"exdqlm_multivar_synth_keep","draw_125",1953,"2023-01-17","forecast","4.20506402219905"
"exdqlm_multivar_synth_keep","draw_125",1953,"2023-01-18","forecast","4.20130087817025"
"exdqlm_multivar_synth_keep","draw_125",1953,"2023-01-19","forecast","4.17780415096020"
"exdqlm_multivar_synth_keep","draw_125",1953,"2023-01-20","forecast","4.06119587878632"
"exdqlm_multivar_synth_keep","draw_125",1953,"2023-01-21","forecast","4.13134916031836"
"exdqlm_multivar_synth_keep","draw_125",1953,"2023-01-22","forecast","4.05429184461652"
"exdqlm_multivar_synth_keep","draw_126",1969,"2022-12-26","forecast","1.45818198046426"
"exdqlm_multivar_synth_keep","draw_126",1969,"2022-12-27","forecast","3.42985221275045"
"exdqlm_multivar_synth_keep","draw_126",1969,"2022-12-28","forecast","3.23381131185088"
"exdqlm_multivar_synth_keep","draw_126",1969,"2022-12-29","forecast","2.77814578338343"
"exdqlm_multivar_synth_keep","draw_126",1969,"2022-12-30","forecast","3.16654583411915"
"exdqlm_multivar_synth_keep","draw_126",1969,"2022-12-31","forecast","3.86839968304068"
"exdqlm_multivar_synth_keep","draw_126",1969,"2023-01-01","forecast","4.23760677836585"
"exdqlm_multivar_synth_keep","draw_126",1969,"2023-01-02","forecast","4.38198791936417"
"exdqlm_multivar_synth_keep","draw_126",1969,"2023-01-03","forecast","4.38319415177323"
"exdqlm_multivar_synth_keep","draw_126",1969,"2023-01-04","forecast","4.33409123536581"
"exdqlm_multivar_synth_keep","draw_126",1969,"2023-01-05","forecast","4.44106096756015"
"exdqlm_multivar_synth_keep","draw_126",1969,"2023-01-06","forecast","4.72344699814178"
"exdqlm_multivar_synth_keep","draw_126",1969,"2023-01-07","forecast","4.71271166473591"
"exdqlm_multivar_synth_keep","draw_126",1969,"2023-01-08","forecast","4.58412289266556"
"exdqlm_multivar_synth_keep","draw_126",1969,"2023-01-09","forecast","4.60648636042158"
"exdqlm_multivar_synth_keep","draw_126",1969,"2023-01-10","forecast","4.60894696151950"
"exdqlm_multivar_synth_keep","draw_126",1969,"2023-01-11","forecast","4.51839637682464"
"exdqlm_multivar_synth_keep","draw_126",1969,"2023-01-12","forecast","4.51372338937258"
"exdqlm_multivar_synth_keep","draw_126",1969,"2023-01-13","forecast","4.32897808708711"
"exdqlm_multivar_synth_keep","draw_126",1969,"2023-01-14","forecast","4.37011640295573"
"exdqlm_multivar_synth_keep","draw_126",1969,"2023-01-15","forecast","4.41064417660669"
"exdqlm_multivar_synth_keep","draw_126",1969,"2023-01-16","forecast","4.32745839165327"
"exdqlm_multivar_synth_keep","draw_126",1969,"2023-01-17","forecast","4.23259082494728"
"exdqlm_multivar_synth_keep","draw_126",1969,"2023-01-18","forecast","4.21780395624128"
"exdqlm_multivar_synth_keep","draw_126",1969,"2023-01-19","forecast","4.20069819192044"
"exdqlm_multivar_synth_keep","draw_126",1969,"2023-01-20","forecast","4.08029709632761"
"exdqlm_multivar_synth_keep","draw_126",1969,"2023-01-21","forecast","4.15674316879347"
"exdqlm_multivar_synth_keep","draw_126",1969,"2023-01-22","forecast","4.07527416240266"
"exdqlm_multivar_synth_keep","draw_127",1984,"2022-12-26","forecast","1.49122645242027"
"exdqlm_multivar_synth_keep","draw_127",1984,"2022-12-27","forecast","3.46230547339015"
"exdqlm_multivar_synth_keep","draw_127",1984,"2022-12-28","forecast","3.30031624153737"
"exdqlm_multivar_synth_keep","draw_127",1984,"2022-12-29","forecast","2.82142215431300"
"exdqlm_multivar_synth_keep","draw_127",1984,"2022-12-30","forecast","3.20059566161695"
"exdqlm_multivar_synth_keep","draw_127",1984,"2022-12-31","forecast","3.93644954855721"
"exdqlm_multivar_synth_keep","draw_127",1984,"2023-01-01","forecast","4.26920536734340"
"exdqlm_multivar_synth_keep","draw_127",1984,"2023-01-02","forecast","4.43047175245667"
"exdqlm_multivar_synth_keep","draw_127",1984,"2023-01-03","forecast","4.42091870598701"
"exdqlm_multivar_synth_keep","draw_127",1984,"2023-01-04","forecast","4.36983723578163"
"exdqlm_multivar_synth_keep","draw_127",1984,"2023-01-05","forecast","4.47351328139937"
"exdqlm_multivar_synth_keep","draw_127",1984,"2023-01-06","forecast","4.77526762000119"
"exdqlm_multivar_synth_keep","draw_127",1984,"2023-01-07","forecast","4.74385944231994"
"exdqlm_multivar_synth_keep","draw_127",1984,"2023-01-08","forecast","4.61386167372474"
"exdqlm_multivar_synth_keep","draw_127",1984,"2023-01-09","forecast","4.63886547585758"
"exdqlm_multivar_synth_keep","draw_127",1984,"2023-01-10","forecast","4.64544112866457"
"exdqlm_multivar_synth_keep","draw_127",1984,"2023-01-11","forecast","4.58362166982782"
"exdqlm_multivar_synth_keep","draw_127",1984,"2023-01-12","forecast","4.56879133173710"
"exdqlm_multivar_synth_keep","draw_127",1984,"2023-01-13","forecast","4.34903365210459"
"exdqlm_multivar_synth_keep","draw_127",1984,"2023-01-14","forecast","4.40070834216464"
"exdqlm_multivar_synth_keep","draw_127",1984,"2023-01-15","forecast","4.48110825961082"
"exdqlm_multivar_synth_keep","draw_127",1984,"2023-01-16","forecast","4.36666950515530"
"exdqlm_multivar_synth_keep","draw_127",1984,"2023-01-17","forecast","4.27645551371490"
"exdqlm_multivar_synth_keep","draw_127",1984,"2023-01-18","forecast","4.26170732409843"
"exdqlm_multivar_synth_keep","draw_127",1984,"2023-01-19","forecast","4.25311204018429"
"exdqlm_multivar_synth_keep","draw_127",1984,"2023-01-20","forecast","4.11418586820252"
"exdqlm_multivar_synth_keep","draw_127",1984,"2023-01-21","forecast","4.17808942182858"
"exdqlm_multivar_synth_keep","draw_127",1984,"2023-01-22","forecast","4.09944911598364"
"exdqlm_multivar_synth_keep","draw_128",2000,"2022-12-26","forecast","1.62080884378853"
"exdqlm_multivar_synth_keep","draw_128",2000,"2022-12-27","forecast","3.56745649336691"
"exdqlm_multivar_synth_keep","draw_128",2000,"2022-12-28","forecast","3.41174002066575"
"exdqlm_multivar_synth_keep","draw_128",2000,"2022-12-29","forecast","2.94592176231694"
"exdqlm_multivar_synth_keep","draw_128",2000,"2022-12-30","forecast","3.29390464518014"
"exdqlm_multivar_synth_keep","draw_128",2000,"2022-12-31","forecast","4.06631914086513"
"exdqlm_multivar_synth_keep","draw_128",2000,"2023-01-01","forecast","4.35640769179756"
"exdqlm_multivar_synth_keep","draw_128",2000,"2023-01-02","forecast","4.55444271425996"
"exdqlm_multivar_synth_keep","draw_128",2000,"2023-01-03","forecast","4.55133301110747"
"exdqlm_multivar_synth_keep","draw_128",2000,"2023-01-04","forecast","4.51885356635176"
"exdqlm_multivar_synth_keep","draw_128",2000,"2023-01-05","forecast","4.62048956589753"
"exdqlm_multivar_synth_keep","draw_128",2000,"2023-01-06","forecast","4.94137483416048"
"exdqlm_multivar_synth_keep","draw_128",2000,"2023-01-07","forecast","4.85271273461723"
"exdqlm_multivar_synth_keep","draw_128",2000,"2023-01-08","forecast","4.74617026575217"
"exdqlm_multivar_synth_keep","draw_128",2000,"2023-01-09","forecast","4.75160858050353"
"exdqlm_multivar_synth_keep","draw_128",2000,"2023-01-10","forecast","4.82648592784241"
"exdqlm_multivar_synth_keep","draw_128",2000,"2023-01-11","forecast","4.72979982676952"
"exdqlm_multivar_synth_keep","draw_128",2000,"2023-01-12","forecast","4.72016452837596"
"exdqlm_multivar_synth_keep","draw_128",2000,"2023-01-13","forecast","4.55249889509855"
"exdqlm_multivar_synth_keep","draw_128",2000,"2023-01-14","forecast","4.56074686787031"
"exdqlm_multivar_synth_keep","draw_128",2000,"2023-01-15","forecast","4.57319164595128"
"exdqlm_multivar_synth_keep","draw_128",2000,"2023-01-16","forecast","4.55346235125218"
"exdqlm_multivar_synth_keep","draw_128",2000,"2023-01-17","forecast","4.39652964592198"
"exdqlm_multivar_synth_keep","draw_128",2000,"2023-01-18","forecast","4.39742307409641"
"exdqlm_multivar_synth_keep","draw_128",2000,"2023-01-19","forecast","4.33201669145366"
"exdqlm_multivar_synth_keep","draw_128",2000,"2023-01-20","forecast","4.19928279586032"
"exdqlm_multivar_synth_keep","draw_128",2000,"2023-01-21","forecast","4.31761282298978"
"exdqlm_multivar_synth_keep","draw_128",2000,"2023-01-22","forecast","4.19407736369768"
