date,discharge_cms,source_id
1979-02-01,6.73478245816153,nws_retro_v30
1979-02-02,9.461666455181936,nws_retro_v30
1979-02-03,6.331249858485535,nws_retro_v30
1979-02-04,5.373333213229974,nws_retro_v30
1979-02-05,4.923333223288258,nws_retro_v30
1979-02-06,4.364999902434647,nws_retro_v30
1979-02-07,4.033333243181308,nws_retro_v30
1979-02-08,3.907499912660569,nws_retro_v30
1979-02-09,4.01291657697099,nws_retro_v30
1979-02-10,4.145416574009384,nws_retro_v30
1979-02-11,3.911666579234103,nws_retro_v30
1979-02-12,3.6649999180808663,nws_retro_v30
1979-02-13,38.38791580862986,nws_retro_v30
1979-02-14,39.43124911864288,nws_retro_v30
1979-02-15,10.17541643922838,nws_retro_v30
1979-02-16,38.708332468134664,nws_retro_v30
1979-02-17,16.61249962868169,nws_retro_v30
1979-02-18,23.68416613728429,nws_retro_v30
1979-02-19,29.985832663097728,nws_retro_v30
1979-02-20,50.70124886673875,nws_retro_v30
1979-02-21,71.96249839151278,nws_retro_v30
1979-02-22,32.16083261448269,nws_retro_v30
1979-02-23,43.92458235154239,nws_retro_v30
1979-02-24,22.160416171342757,nws_retro_v30
1979-02-25,19.170416238174464,nws_retro_v30
1979-02-26,29.400832676173497,nws_retro_v30
1979-02-27,17.77499960269779,nws_retro_v30
1979-02-28,17.475416276060667,nws_retro_v30
1979-03-01,33.52416591734315,nws_retro_v30
1979-03-02,14.272499680984765,nws_retro_v30
1979-03-03,14.778749669669196,nws_retro_v30
1979-03-04,13.431249699788168,nws_retro_v30
1979-03-05,10.601249763043597,nws_retro_v30
1979-03-06,9.389583123459792,nws_retro_v30
1979-03-07,8.361666479768852,nws_retro_v30
1979-03-08,7.525416498460497,nws_retro_v30
1979-03-09,7.369166501952956,nws_retro_v30
1979-03-10,7.25708317112488,nws_retro_v30
1979-03-11,7.0387498426716775,nws_retro_v30
1979-03-12,6.596666519219677,nws_retro_v30
1979-03-13,6.396249857032672,nws_retro_v30
1979-03-14,6.347916524779673,nws_retro_v30
1979-03-15,10.812499758321792,nws_retro_v30
1979-03-16,12.914583044669902,nws_retro_v30
1979-03-17,9.509583120777583,nws_retro_v30
1979-03-18,7.226249838480726,nws_retro_v30
1979-03-19,7.84666649128,nws_retro_v30
1979-03-20,6.410833190040042,nws_retro_v30
1979-03-21,5.595416541599358,nws_retro_v30
1979-03-22,5.4549998780712485,nws_retro_v30
1979-03-23,5.177499884273857,nws_retro_v30
1979-03-24,4.659999895840883,nws_retro_v30
1979-03-25,4.311249903636053,nws_retro_v30
1979-03-26,5.360833213509371,nws_retro_v30
1979-03-27,53.68416546673203,nws_retro_v30
1979-03-28,24.20124945905991,nws_retro_v30
1979-03-29,17.134999617002904,nws_retro_v30
1979-03-30,12.901666378291944,nws_retro_v30
1979-03-31,12.778333047715327,nws_retro_v30
1979-04-01,11.945416399665797,nws_retro_v30
1979-04-02,9.964999777264893,nws_retro_v30
1979-04-03,8.505833143213144,nws_retro_v30
1979-04-04,7.330833169476439,nws_retro_v30
1979-04-05,7.03416650944079,nws_retro_v30
1979-04-06,8.390833145783594,nws_retro_v30
1979-04-07,7.9116664898271365,nws_retro_v30
1979-04-08,5.702083205881839,nws_retro_v30
1979-04-09,5.342916547243173,nws_retro_v30
1979-04-10,4.309166570349286,nws_retro_v30
1979-04-11,4.023333243404825,nws_retro_v30
1979-04-12,3.9458332451370857,nws_retro_v30
1979-04-13,3.779999915510416,nws_retro_v30
1979-04-14,3.659999918192625,nws_retro_v30
1979-04-15,3.5887499197851866,nws_retro_v30
1979-04-16,3.7662499158177525,nws_retro_v30
1979-04-17,4.424583234436189,nws_retro_v30
1979-04-18,3.732916583229477,nws_retro_v30
1979-04-19,3.438749923137948,nws_retro_v30
1979-04-20,3.272499926853925,nws_retro_v30
1979-04-21,3.229999927803874,nws_retro_v30
1979-04-22,3.4591665893482664,nws_retro_v30
1979-04-23,7.093749841442332,nws_retro_v30
1979-04-24,4.410416568086172,nws_retro_v30
1979-04-25,3.3324999255128205,nws_retro_v30
1979-04-26,4.807499892544001,nws_retro_v30
1979-04-27,4.407499901484698,nws_retro_v30
1979-04-28,3.3420832586319498,nws_retro_v30
1979-04-29,3.171666595774392,nws_retro_v30
1979-04-30,3.094999930821359,nws_retro_v30
1979-05-01,3.091249930905178,nws_retro_v30
1979-05-02,2.9866665999094644,nws_retro_v30
1979-05-03,2.9033332684387765,nws_retro_v30
1979-05-04,2.86624993593432,nws_retro_v30
1979-05-05,3.0374999321065843,nws_retro_v30
1979-05-06,3.1908332620126507,nws_retro_v30
1979-05-07,4.093749908497557,nws_retro_v30
1979-05-08,3.1237499301787466,nws_retro_v30
1979-05-09,2.772916604687149,nws_retro_v30
1979-05-10,2.6674999403767288,nws_retro_v30
1979-05-11,2.622083274725204,nws_retro_v30
1979-05-12,2.575416609101618,nws_retro_v30
1979-05-13,2.540833276541283,nws_retro_v30
1979-05-14,2.5124999438412483,nws_retro_v30
1979-05-15,2.483333277826508,nws_retro_v30
1979-05-16,2.4583332783853016,nws_retro_v30
1979-05-17,2.4304166123426207,nws_retro_v30
1979-05-18,2.4074999461881816,nws_retro_v30
1979-05-19,2.381249946774915,nws_retro_v30
1979-05-20,2.358749947277829,nws_retro_v30
1979-05-21,2.3366666144380965,nws_retro_v30
1979-05-22,2.3129166149689504,nws_retro_v30
1979-05-23,2.2887499488424514,nws_retro_v30
1979-05-24,2.2633332827438912,nws_retro_v30
1979-05-25,2.2408332832468054,nws_retro_v30
1979-05-26,2.218333283749719,nws_retro_v30
1979-05-27,2.1962499509099866,nws_retro_v30
1979-05-28,2.1729166180981943,nws_retro_v30
1979-05-29,2.1512499519158155,nws_retro_v30
1979-05-30,2.1295832857334367,nws_retro_v30
1979-05-31,2.1079166195510575,nws_retro_v30
1979-06-01,2.0870832866833857,nws_retro_v30
1979-06-02,2.0658332871583602,nws_retro_v30
1979-06-03,2.044999954290688,nws_retro_v30
1979-06-04,2.024166621423016,nws_retro_v30
1979-06-05,2.0041666218700507,nws_retro_v30
1979-06-06,1.9841666223170857,nws_retro_v30
1979-06-07,1.9649999560788274,nws_retro_v30
1979-06-08,1.9449999565258622,nws_retro_v30
1979-06-09,1.9262499569449574,nws_retro_v30
1979-06-10,1.9070832907066988,nws_retro_v30
1979-06-11,1.8887499577831477,nws_retro_v30
1979-06-12,1.8704166248595964,nws_retro_v30
1979-06-13,1.8529166252507518,nws_retro_v30
1979-06-14,1.8349999589845538,nws_retro_v30
1979-06-15,1.8166666260610025,nws_retro_v30
1979-06-16,1.7999999597668648,nws_retro_v30
1979-06-17,1.7837499601300806,nws_retro_v30
1979-06-18,1.7658332938638825,nws_retro_v30
1979-06-19,1.7499999608844519,nws_retro_v30
1979-06-20,1.7341666279050212,nws_retro_v30
1979-06-21,1.71708329495353,nws_retro_v30
1979-06-22,1.7029166286035131,nws_retro_v30
1979-06-23,1.685833295652022,nws_retro_v30
1979-06-24,1.671666629302005,nws_retro_v30
1979-06-25,1.6558332963225741,nws_retro_v30
1979-06-26,1.6416666299725573,nws_retro_v30
1979-06-27,1.62624996365048,nws_retro_v30
1979-06-28,1.6129166306151694,nws_retro_v30
1979-06-29,1.597083297635739,nws_retro_v30
1979-06-30,1.5841666312577825,nws_retro_v30
1979-07-01,1.570416631565119,nws_retro_v30
1979-07-02,1.5562499652151018,nws_retro_v30
1979-07-03,1.5437499654944986,nws_retro_v30
1979-07-04,1.529999965801835,nws_retro_v30
1979-07-05,1.5162499661091715,nws_retro_v30
1979-07-06,1.5041666330459218,nws_retro_v30
1979-07-07,1.4920832999826719,nws_retro_v30
1979-07-08,1.4779166336326546,nws_retro_v30
1979-07-09,1.465833300569405,nws_retro_v30
1979-07-10,1.4541666341635089,nws_retro_v30
1979-07-11,1.4424999677576125,nws_retro_v30
1979-07-12,1.4299999680370092,nws_retro_v30
1979-07-13,1.4179166349737597,nws_retro_v30
1979-07-14,1.406249968567863,nws_retro_v30
1979-07-15,1.3949999688193202,nws_retro_v30
1979-07-16,1.3837499690707773,nws_retro_v30
1979-07-17,1.3729166359795875,nws_retro_v30
1979-07-18,1.3620833028883983,nws_retro_v30
1979-07-19,1.351249969797209,nws_retro_v30
1979-07-20,1.339999970048666,nws_retro_v30
1979-07-21,4.5470832316981005,nws_retro_v30
1979-07-22,2.4341666122588017,nws_retro_v30
1979-07-23,1.395833302134027,nws_retro_v30
1979-07-24,1.307083304117744,nws_retro_v30
1979-07-25,1.2891666378515463,nws_retro_v30
1979-07-26,1.2783333047603567,nws_retro_v30
1979-07-27,1.2687499716412276,nws_retro_v30
1979-07-28,1.2591666385220983,nws_retro_v30
1979-07-29,1.2495833054029692,nws_retro_v30
1979-07-30,1.2399999722838402,nws_retro_v30
1979-07-31,1.2299999725073576,nws_retro_v30
1979-08-01,1.2208333060455818,nws_retro_v30
1979-08-02,1.2116666395838063,nws_retro_v30
1979-08-03,1.202916639779384,nws_retro_v30
1979-08-04,1.1937499733176085,nws_retro_v30
1979-08-05,1.1854166401705395,nws_retro_v30
1979-08-06,1.1766666403661172,nws_retro_v30
1979-08-07,1.1683333072190483,nws_retro_v30
1979-08-08,1.1599999740719795,nws_retro_v30
1979-08-09,1.149999974295497,nws_retro_v30
1979-08-10,1.1420833078057815,nws_retro_v30
1979-08-11,1.1341666413160663,nws_retro_v30
1979-08-12,1.1262499748263508,nws_retro_v30
1979-08-13,1.1187499749939889,nws_retro_v30
1979-08-14,1.1099999751895666,nws_retro_v30
1979-08-15,1.1012499753851444,nws_retro_v30
1979-08-16,1.094166642210136,nws_retro_v30
1979-08-17,1.0870833090351273,nws_retro_v30
1979-08-18,1.0799999758601189,nws_retro_v30
1979-08-19,1.0704166427409898,nws_retro_v30
1979-08-20,1.063749976223335,nws_retro_v30
1979-08-21,1.0570833097056795,nws_retro_v30
1979-08-22,1.0499999765306711,nws_retro_v30
1979-08-23,1.0408333100688953,nws_retro_v30
1979-08-24,1.0345833102085937,nws_retro_v30
1979-08-25,1.0287499770056456,nws_retro_v30
1979-08-26,1.0199999772012234,nws_retro_v30
1979-08-27,1.0133333106835682,nws_retro_v30
1979-08-28,1.0074999774806201,nws_retro_v30
1979-08-29,0.9999999776482582,nws_retro_v30
1979-08-30,0.9924999778158963,nws_retro_v30
1979-08-31,0.987499977927655,nws_retro_v30
1979-09-01,0.979999978095293,nws_retro_v30
1979-09-02,0.972499978262931,nws_retro_v30
1979-09-03,0.9679166450320432,nws_retro_v30
1979-09-04,0.959999978542328,nws_retro_v30
1979-09-05,0.9537499786820263,nws_retro_v30
1979-09-06,0.9495833121084917,nws_retro_v30
1979-09-07,0.9399999789893628,nws_retro_v30
1979-09-08,0.9358333124158283,nws_retro_v30
1979-09-09,0.92999997921288,nws_retro_v30
1979-09-10,0.9224999793805182,nws_retro_v30
1979-09-11,0.9191666461216906,nws_retro_v30
1979-09-12,0.909999979659915,nws_retro_v30
1979-09-13,0.9058333130863806,nws_retro_v30
1979-09-14,0.8999999798834324,nws_retro_v30
1979-09-15,0.8933333133657774,nws_retro_v30
1979-09-16,0.8899999801069498,nws_retro_v30
1979-09-17,0.8799999803304672,nws_retro_v30
1979-09-18,0.8774999803863466,nws_retro_v30
1979-09-19,0.8699999805539846,nws_retro_v30
1979-09-20,0.8654166473230968,nws_retro_v30
1979-09-21,0.8599999807775021,nws_retro_v30
1979-09-22,0.8541666475745539,nws_retro_v30
1979-09-23,0.8499999810010195,nws_retro_v30
1979-09-24,0.842916647826011,nws_retro_v30
1979-09-25,0.8399999812245369,nws_retro_v30
1979-09-26,0.8320833147348216,nws_retro_v30
1979-09-27,0.8299999814480543,nws_retro_v30
1979-09-28,0.821249981643632,nws_retro_v30
1979-09-29,0.8199999816715717,nws_retro_v30
1979-09-30,0.8108333152097961,nws_retro_v30
1979-10-01,0.8099999818950891,nws_retro_v30
1979-10-02,0.8012499820906669,nws_retro_v30
1979-10-03,0.7999999821186066,nws_retro_v30
1979-10-04,0.7916666489715377,nws_retro_v30
1979-10-05,0.789999982342124,nws_retro_v30
1979-10-06,0.782499982509762,nws_retro_v30
1979-10-07,0.7799999825656414,nws_retro_v30
1979-10-08,0.7737499827053398,nws_retro_v30
1979-10-09,0.7699999827891588,nws_retro_v30
1979-10-10,0.7649999829009175,nws_retro_v30
1979-10-11,0.7599999830126762,nws_retro_v30
1979-10-12,0.7566666497538487,nws_retro_v30
1979-10-13,0.7533333164950212,nws_retro_v30
1979-10-14,0.7491666499214867,nws_retro_v30
1979-10-15,0.7399999834597111,nws_retro_v30
1979-10-16,0.7399999834597111,nws_retro_v30
1979-10-17,0.7320833169699957,nws_retro_v30
1979-10-18,0.7299999836832285,nws_retro_v30
1979-10-19,1.2024999731220305,nws_retro_v30
1979-10-20,0.9254166459819922,nws_retro_v30
1979-10-21,0.7304166503405819,nws_retro_v30
1979-10-22,0.7120833174170306,nws_retro_v30
1979-10-23,0.7099999841302633,nws_retro_v30
1979-10-24,0.7033333176126083,nws_retro_v30
1979-10-25,3.7795832488530627,nws_retro_v30
1979-10-26,2.024166621423016,nws_retro_v30
1979-10-27,0.8166666484127442,nws_retro_v30
1979-10-28,0.6954166511228929,nws_retro_v30
1979-10-29,0.6883333179478844,nws_retro_v30
1979-10-30,0.6799999848008156,nws_retro_v30
1979-10-31,0.6799999848008156,nws_retro_v30
1979-11-01,0.669999985024333,nws_retro_v30
1979-11-02,0.669999985024333,nws_retro_v30
1979-11-03,0.7062499842140824,nws_retro_v30
1979-11-04,0.6649999851360917,nws_retro_v30
1979-11-05,0.6599999852478504,nws_retro_v30
1979-11-06,0.6533333187301954,nws_retro_v30
1979-11-07,0.6499999854713678,nws_retro_v30
1979-11-08,0.6562499853316694,nws_retro_v30
1979-11-09,0.6412499856669456,nws_retro_v30
1979-11-10,0.6399999856948853,nws_retro_v30
1979-11-11,0.6395833190375318,nws_retro_v30
1979-11-12,0.6299999859184027,nws_retro_v30
1979-11-13,0.6299999859184027,nws_retro_v30
1979-11-14,0.628333319288989,nws_retro_v30
1979-11-15,0.6216666527713338,nws_retro_v30
1979-11-16,0.6199999861419201,nws_retro_v30
1979-11-17,0.7808333158803483,nws_retro_v30
1979-11-18,0.6258333193448683,nws_retro_v30
1979-11-19,0.6099999863654375,nws_retro_v30
1979-11-20,0.6083333197360238,nws_retro_v30
1979-11-21,0.5999999865889549,nws_retro_v30
1979-11-22,0.6016666532183687,nws_retro_v30
1979-11-23,0.6095833197080841,nws_retro_v30
1979-11-24,0.5912499867845327,nws_retro_v30
1979-11-25,0.5899999868124723,nws_retro_v30
1979-11-26,0.628333319288989,nws_retro_v30
1979-11-27,0.5862499868962914,nws_retro_v30
1979-11-28,0.5799999870359898,nws_retro_v30
1979-11-29,0.5799999870359898,nws_retro_v30
1979-11-30,0.5745833204903951,nws_retro_v30
1979-12-01,0.5699999872595072,nws_retro_v30
1979-12-02,0.5699999872595072,nws_retro_v30
1979-12-03,0.5691666539448003,nws_retro_v30
1979-12-04,0.5599999874830246,nws_retro_v30
1979-12-05,0.5599999874830246,nws_retro_v30
1979-12-06,0.5599999874830246,nws_retro_v30
1979-12-07,0.5541666542800764,nws_retro_v30
1979-12-08,0.549999987706542,nws_retro_v30
1979-12-09,0.549999987706542,nws_retro_v30
1979-12-10,0.549999987706542,nws_retro_v30
1979-12-11,0.5404166545874128,nws_retro_v30
1979-12-12,0.5399999879300594,nws_retro_v30
1979-12-13,0.5399999879300594,nws_retro_v30
1979-12-14,0.5370833213285854,nws_retro_v30
1979-12-15,0.5299999881535769,nws_retro_v30
1979-12-16,0.5299999881535769,nws_retro_v30
1979-12-17,0.5299999881535769,nws_retro_v30
1979-12-18,0.5245833216079822,nws_retro_v30
1979-12-19,0.6033333198477825,nws_retro_v30
1979-12-20,0.5495833210491886,nws_retro_v30
1979-12-21,0.5287499881815165,nws_retro_v30
1979-12-22,0.5195833217197409,nws_retro_v30
1979-12-23,0.6420833189816525,nws_retro_v30
1979-12-24,33.23874925705604,nws_retro_v30
1979-12-25,7.64208316251946,nws_retro_v30
1979-12-26,2.5416666098559895,nws_retro_v30
1979-12-27,2.111249952809885,nws_retro_v30
1979-12-28,2.203749950742349,nws_retro_v30
1979-12-29,2.1045832862922302,nws_retro_v30
1979-12-30,31.417499297764152,nws_retro_v30
1979-12-31,8.837083135809129,nws_retro_v30
1980-01-01,5.60291654143172,nws_retro_v30
1980-01-02,5.117916552272315,nws_retro_v30
1980-01-03,5.0379165540604545,nws_retro_v30
1980-01-04,4.894166557273517,nws_retro_v30
1980-01-05,4.7037498948629946,nws_retro_v30
1980-01-06,4.304999903775752,nws_retro_v30
1980-01-07,4.3920832351626204,nws_retro_v30
1980-01-08,4.221666572305064,nws_retro_v30
1980-01-09,23.788332801622648,nws_retro_v30
1980-01-10,12.919999711215496,nws_retro_v30
1980-01-11,61.38666529456774,nws_retro_v30
1980-01-12,106.80291427943546,nws_retro_v30
1980-01-13,93.25499791558832,nws_retro_v30
1980-01-14,91.2620812934668,nws_retro_v30
1980-01-15,55.34708209622962,nws_retro_v30
1980-01-16,50.78499886486679,nws_retro_v30
1980-01-17,40.250415766999744,nws_retro_v30
1980-01-18,25.69708275895876,nws_retro_v30
1980-01-19,19.252916236330446,nws_retro_v30
1980-01-20,18.587082917879645,nws_retro_v30
1980-01-21,17.774166269383084,nws_retro_v30
1980-01-22,15.77083298082774,nws_retro_v30
1980-01-23,14.170833016590526,nws_retro_v30
1980-01-24,13.154999705962837,nws_retro_v30
1980-01-25,11.601249740691856,nws_retro_v30
1980-01-26,10.402499767486006,nws_retro_v30
1980-01-27,10.334166435680041,nws_retro_v30
1980-01-28,9.720833116055777,nws_retro_v30
1980-01-29,8.332499813754112,nws_retro_v30
1980-01-30,7.244583171404277,nws_retro_v30
1980-01-31,6.918333178696533,nws_retro_v30
1980-02-01,6.97249984415248,nws_retro_v30
1980-02-02,6.406249856809154,nws_retro_v30
1980-02-03,6.027499865274876,nws_retro_v30
1980-02-04,6.059999864548445,nws_retro_v30
1980-02-05,5.405416545846189,nws_retro_v30
1980-02-06,4.835833225244035,nws_retro_v30
1980-02-07,3.8304165810501822,nws_retro_v30
1980-02-08,3.0024999328888953,nws_retro_v30
1980-02-09,3.218749928055331,nws_retro_v30
1980-02-10,3.4316665899629393,nws_retro_v30
1980-02-11,3.4829165888174125,nws_retro_v30
1980-02-12,3.3995832573467246,nws_retro_v30
1980-02-13,3.516249921405688,nws_retro_v30
1980-02-14,26.78083273473506,nws_retro_v30
1980-02-15,45.42041565144124,nws_retro_v30
1980-02-16,55.92708208326561,nws_retro_v30
1980-02-17,65.58583186737572,nws_retro_v30
1980-02-18,161.22374639636837,nws_retro_v30
1980-02-19,191.0995790619248,nws_retro_v30
1980-02-20,71.43374840333126,nws_retro_v30
1980-02-21,121.97749727359042,nws_retro_v30
1980-02-22,39.64166578060637,nws_retro_v30
1980-02-23,31.882915954027947,nws_retro_v30
1980-02-24,27.603332716350753,nws_retro_v30
1980-02-25,25.135832771503676,nws_retro_v30
1980-02-26,22.79166615723322,nws_retro_v30
1980-02-27,26.333332744737465,nws_retro_v30
1980-02-28,49.786665553847946,nws_retro_v30
1980-02-29,20.314999545924366,nws_retro_v30
1980-03-01,16.43458296599177,nws_retro_v30
1980-03-02,23.464582808859024,nws_retro_v30
1980-03-03,22.028332840961713,nws_retro_v30
1980-03-04,18.542916252200182,nws_retro_v30
1980-03-05,38.22166581234584,nws_retro_v30
1980-03-06,24.634582782707486,nws_retro_v30
1980-03-07,15.546666319171587,nws_retro_v30
1980-03-08,13.046249708393589,nws_retro_v30
1980-03-09,12.076666396732131,nws_retro_v30
1980-03-10,10.747916426432008,nws_retro_v30
1980-03-11,11.55458307506827,nws_retro_v30
1980-03-12,9.597499785479158,nws_retro_v30
1980-03-13,8.174166483959803,nws_retro_v30
1980-03-14,8.640416473538304,nws_retro_v30
1980-03-15,9.38458312357155,nws_retro_v30
1980-03-16,7.550833164559056,nws_retro_v30
1980-03-17,6.940416511536266,nws_retro_v30
1980-03-18,6.714166516593347,nws_retro_v30
1980-03-19,5.88499986846,nws_retro_v30
1980-03-20,5.745416538246597,nws_retro_v30
1980-03-21,6.0383331983660655,nws_retro_v30
1980-03-22,5.363749880110845,nws_retro_v30
1980-03-23,4.76499989349395,nws_retro_v30
1980-03-24,4.80249989265576,nws_retro_v30
1980-03-25,6.2320831940354156,nws_retro_v30
1980-03-26,5.83541653623494,nws_retro_v30
1980-03-27,4.871249891119078,nws_retro_v30
1980-03-28,4.511666565823059,nws_retro_v30
1980-03-29,4.2424999051727355,nws_retro_v30
1980-03-30,4.174999906681478,nws_retro_v30
1980-03-31,3.9354165787032493,nws_retro_v30
1980-04-01,3.845416580714906,nws_retro_v30
1980-04-02,3.810416581497217,nws_retro_v30
1980-04-03,3.8162499147001654,nws_retro_v30
1980-04-04,4.135416574232901,nws_retro_v30
1980-04-05,24.619999449700117,nws_retro_v30
1980-04-06,6.205416527964796,nws_retro_v30
1980-04-07,4.507499899249524,nws_retro_v30
1980-04-08,4.5045832326480495,nws_retro_v30
1980-04-09,4.51791656568336,nws_retro_v30
1980-04-10,4.4454165673038615,nws_retro_v30
1980-04-11,4.037916576412196,nws_retro_v30
1980-04-12,3.812083248126631,nws_retro_v30
1980-04-13,3.6991665839838483,nws_retro_v30
1980-04-14,3.647499918472022,nws_retro_v30
1980-04-15,3.536249920958653,nws_retro_v30
1980-04-16,3.427499923389405,nws_retro_v30
1980-04-17,3.3791665911364057,nws_retro_v30
1980-04-18,3.311249925987795,nws_retro_v30
1980-04-19,3.2549999272450805,nws_retro_v30
1980-04-20,3.2699999269098043,nws_retro_v30
1980-04-21,3.445416589655603,nws_retro_v30
1980-04-22,3.376666591192285,nws_retro_v30
1980-04-23,3.3983332573746643,nws_retro_v30
1980-04-24,3.147916596305246,nws_retro_v30
1980-04-25,3.0770832645551613,nws_retro_v30
1980-04-26,3.0233332657565675,nws_retro_v30
1980-04-27,2.9866665999094644,nws_retro_v30
1980-04-28,2.9641666004123786,nws_retro_v30
1980-04-29,2.93041660116675,nws_retro_v30
1980-04-30,2.8837499355431646,nws_retro_v30
1980-05-01,2.843333269779881,nws_retro_v30
1980-05-02,2.810416603848959,nws_retro_v30
1980-05-03,2.7829166044636318,nws_retro_v30
1980-05-04,2.7516666051621237,nws_retro_v30
1980-05-05,2.7204166058606156,nws_retro_v30
1980-05-06,2.687499939929694,nws_retro_v30
1980-05-07,2.6616666071737805,nws_retro_v30
1980-05-08,2.630833274529626,nws_retro_v30
1980-05-09,2.6141666082354886,nws_retro_v30
1980-05-10,2.6616666071737805,nws_retro_v30
1980-05-11,2.552083276289826,nws_retro_v30
1980-05-12,2.5233332769324384,nws_retro_v30
1980-05-13,2.498333277491232,nws_retro_v30
1980-05-14,2.4716666114206114,nws_retro_v30
1980-05-15,2.4454166120073446,nws_retro_v30
1980-05-16,2.420833279223492,nws_retro_v30
1980-05-17,2.396249946439639,nws_retro_v30
1980-05-18,2.3724999469704926,nws_retro_v30
1980-05-19,2.3491666141586998,nws_retro_v30
1980-05-20,2.3258332813469074,nws_retro_v30
1980-05-21,2.3020832818777612,nws_retro_v30
1980-05-22,2.2795832823806754,nws_retro_v30
1980-05-23,2.2570832828835896,nws_retro_v30
1980-05-24,2.23416661672915,nws_retro_v30
1980-05-25,2.2120832838894176,nws_retro_v30
1980-05-26,2.1904166177070388,nws_retro_v30
1980-05-27,2.16874995152466,nws_retro_v30
1980-05-28,2.1479166186569882,nws_retro_v30
1980-05-29,2.1266666191319623,nws_retro_v30
1980-05-30,2.1058332862642906,nws_retro_v30
1980-05-31,2.085416620053972,nws_retro_v30
1980-06-01,2.064999953843653,nws_retro_v30
1980-06-02,2.044999954290688,nws_retro_v30
1980-06-03,2.025416621395076,nws_retro_v30
1980-06-04,2.0058332884994647,nws_retro_v30
1980-06-05,1.9866666222612064,nws_retro_v30
1980-06-06,1.9679166226803018,nws_retro_v30
1980-06-07,1.94958328975675,nws_retro_v30
1980-06-08,1.9312499568331987,nws_retro_v30
1980-06-09,1.9133332905670004,nws_retro_v30
1980-06-10,1.8949999576434493,nws_retro_v30
1980-06-11,1.8774999580346048,nws_retro_v30
1980-06-12,1.8599999584257603,nws_retro_v30
1980-06-13,1.843749958788976,nws_retro_v30
1980-06-14,1.825833292522778,nws_retro_v30
1980-06-15,1.8095832928859938,nws_retro_v30
1980-06-16,1.7937499599065632,nws_retro_v30
1980-06-17,1.7762499602977186,nws_retro_v30
1980-06-18,1.7612499606329948,nws_retro_v30
1980-06-19,1.745416627653564,nws_retro_v30
1980-06-20,1.7299999613314867,nws_retro_v30
1980-06-21,1.7145832950094093,nws_retro_v30
1980-06-22,1.6991666286873321,nws_retro_v30
1980-06-23,1.6845832956799616,nws_retro_v30
1980-06-24,1.6699999626725912,nws_retro_v30
1980-06-25,1.6554166296652209,nws_retro_v30
1980-06-26,1.641249963315204,nws_retro_v30
1980-06-27,1.62624996365048,nws_retro_v30
1980-06-28,1.6137499639298767,nws_retro_v30
1980-06-29,1.5991666309225063,nws_retro_v30
1980-06-30,1.5854166312298428,nws_retro_v30
1980-07-01,1.5729166315092395,nws_retro_v30
1980-07-02,2.254583282939469,nws_retro_v30
1980-07-03,1.6870832956240822,nws_retro_v30
1980-07-04,1.5454166321239124,nws_retro_v30
1980-07-05,1.5229166326268266,nws_retro_v30
1980-07-06,1.5079166329621028,nws_retro_v30
1980-07-07,1.4958332998988528,nws_retro_v30
1980-07-08,1.4841666334929566,nws_retro_v30
1980-07-09,1.4724999670870602,nws_retro_v30
1980-07-10,1.4604166340238105,nws_retro_v30
1980-07-11,1.4483333009605606,nws_retro_v30
1980-07-12,1.4366666345546644,nws_retro_v30
1980-07-13,1.4258333014634748,nws_retro_v30
1980-07-14,1.4145833017149319,nws_retro_v30
1980-07-15,1.403333301966389,nws_retro_v30
1980-07-16,1.3924999688751996,nws_retro_v30
1980-07-17,1.3816666357840102,nws_retro_v30
1980-07-18,1.3708333026928203,nws_retro_v30
1980-07-19,1.3604166362589847,nws_retro_v30
1980-07-20,1.349583303167795,nws_retro_v30
1980-07-21,1.3391666367339592,nws_retro_v30
1980-07-22,1.328749970300123,nws_retro_v30
1980-07-23,1.3187499705236405,nws_retro_v30
1980-07-24,1.3087499707471582,nws_retro_v30
1980-07-25,1.2991666376280289,nws_retro_v30
1980-07-26,1.2891666378515463,nws_retro_v30
1980-07-27,1.279583304732417,nws_retro_v30
1980-07-28,1.269999971613288,nws_retro_v30
1980-07-29,1.2599999718368051,nws_retro_v30
1980-07-30,1.2508333053750296,nws_retro_v30
1980-07-31,1.241666638913254,nws_retro_v30
1980-08-01,1.2324999724514782,nws_retro_v30
1980-08-02,1.223749972647056,nws_retro_v30
1980-08-03,1.2145833061852802,nws_retro_v30
1980-08-04,1.2062499730382117,nws_retro_v30
1980-08-05,1.1974999732337894,nws_retro_v30
1980-08-06,1.1891666400867205,nws_retro_v30
1980-08-07,1.179999973624945,nws_retro_v30
1980-08-08,1.170833307163169,nws_retro_v30
1980-08-09,1.1629166406734537,nws_retro_v30
1980-08-10,1.1549999741837382,nws_retro_v30
1980-08-11,1.1470833076940228,nws_retro_v30
1980-08-12,1.1395833078616608,nws_retro_v30
1980-08-13,1.1299999747425318,nws_retro_v30
1980-08-14,1.1220833082528163,nws_retro_v30
1980-08-15,1.114999975077808,nws_retro_v30
1980-08-16,1.1079166419027995,nws_retro_v30
1980-08-17,1.099999975413084,nws_retro_v30
1980-08-18,1.0908333089513083,nws_retro_v30
1980-08-19,1.0841666424336533,nws_retro_v30
1980-08-20,1.0774999759159982,nws_retro_v30
1980-08-21,1.0699999760836365,nws_retro_v30
1980-08-22,1.061249976279214,nws_retro_v30
1980-08-23,1.0549999764189124,nws_retro_v30
1980-08-24,1.0491666432159643,nws_retro_v30
1980-08-25,1.0399999767541883,nws_retro_v30
1980-08-26,1.0333333102365334,nws_retro_v30
1980-08-27,1.0279166436909388,nws_retro_v30
1980-08-28,1.0199999772012234,nws_retro_v30
1980-08-29,1.0124999773688614,nws_retro_v30
1980-08-30,1.0074999774806201,nws_retro_v30
1980-08-31,0.9999999776482582,nws_retro_v30
1980-09-01,0.9924999778158963,nws_retro_v30
1980-09-02,0.9879166445850084,nws_retro_v30
1980-09-03,0.979999978095293,nws_retro_v30
1980-09-04,0.973333311577638,nws_retro_v30
1980-09-05,0.9691666450041034,nws_retro_v30
1980-09-06,0.959999978542328,nws_retro_v30
1980-09-07,0.9549999786540866,nws_retro_v30
1980-09-08,0.9499999787658452,nws_retro_v30
1980-09-09,0.9412499789614232,nws_retro_v30
1980-09-10,0.9379166457025955,nws_retro_v30
1980-09-11,0.92999997921288,nws_retro_v30
1980-09-12,0.9245833126672854,nws_retro_v30
1980-09-13,0.9199999794363976,nws_retro_v30
1980-09-14,0.9116666462893287,nws_retro_v30
1980-09-15,0.909166646345208,nws_retro_v30
1980-09-16,0.8999999798834324,nws_retro_v30
1980-09-17,0.8966666466246048,nws_retro_v30
1980-09-18,0.8899999801069498,nws_retro_v30
1980-09-19,0.8833333135892948,nws_retro_v30
1980-09-20,0.8799999803304672,nws_retro_v30
1980-09-21,0.8716666471833984,nws_retro_v30
1980-09-22,0.8699999805539846,nws_retro_v30
1980-09-23,0.8599999807775021,nws_retro_v30
1980-09-24,0.8587499808054417,nws_retro_v30
1980-09-25,0.8499999810010195,nws_retro_v30
1980-09-26,0.8479166477142522,nws_retro_v30
1980-09-27,0.8399999812245369,nws_retro_v30
1980-09-28,0.8370833146230628,nws_retro_v30
1980-09-29,0.8299999814480543,nws_retro_v30
1980-09-30,0.8270833148465803,nws_retro_v30
1980-10-01,0.8199999816715717,nws_retro_v30
1980-10-02,0.8170833150700977,nws_retro_v30
1980-10-03,0.8099999818950891,nws_retro_v30
1980-10-04,0.8074999819509685,nws_retro_v30
1980-10-05,0.7999999821186066,nws_retro_v30
1980-10-06,0.7983333154891928,nws_retro_v30
1980-10-07,0.789999982342124,nws_retro_v30
1980-10-08,0.7895833156847706,nws_retro_v30
1980-10-09,0.7799999825656414,nws_retro_v30
1980-10-10,0.7799999825656414,nws_retro_v30
1980-10-11,0.7708333161038657,nws_retro_v30
1980-10-12,0.7699999827891588,nws_retro_v30
1980-10-13,0.7624999829567969,nws_retro_v30
1980-10-14,0.7599999830126762,nws_retro_v30
1980-10-15,0.754999983124435,nws_retro_v30
1980-10-16,0.7499999832361937,nws_retro_v30
1980-10-17,0.747499983292073,nws_retro_v30
1980-10-18,0.7399999834597111,nws_retro_v30
1980-10-19,0.7399999834597111,nws_retro_v30
1980-10-20,0.7308333169979354,nws_retro_v30
1980-10-21,0.7299999836832285,nws_retro_v30
1980-10-22,0.7245833171376338,nws_retro_v30
1980-10-23,0.7199999839067459,nws_retro_v30
1980-10-24,0.7183333172773322,nws_retro_v30
1980-10-25,0.7099999841302633,nws_retro_v30
1980-10-26,0.7099999841302633,nws_retro_v30
1980-10-27,0.7029166509552548,nws_retro_v30
1980-10-28,0.6999999843537807,nws_retro_v30
1980-10-29,0.6979166510670135,nws_retro_v30
1980-10-30,0.6899999845772982,nws_retro_v30
1980-10-31,0.6899999845772982,nws_retro_v30
1980-11-01,0.6837499847169966,nws_retro_v30
1980-11-02,0.6799999848008156,nws_retro_v30
1980-11-03,0.6795833181434622,nws_retro_v30
1980-11-04,0.669999985024333,nws_retro_v30
1980-11-05,0.669999985024333,nws_retro_v30
1980-11-06,0.666249985108152,nws_retro_v30
1980-11-07,0.6599999852478504,nws_retro_v30
1980-11-08,0.6599999852478504,nws_retro_v30
1980-11-09,0.6533333187301954,nws_retro_v30
1980-11-10,0.6499999854713678,nws_retro_v30
1980-11-11,0.6499999854713678,nws_retro_v30
1980-11-12,0.6412499856669456,nws_retro_v30
1980-11-13,0.6399999856948853,nws_retro_v30
1980-11-14,0.6395833190375318,nws_retro_v30
1980-11-15,0.6299999859184027,nws_retro_v30
1980-11-16,0.6299999859184027,nws_retro_v30
1980-11-17,0.628333319288989,nws_retro_v30
1980-11-18,0.6199999861419201,nws_retro_v30
1980-11-19,0.6199999861419201,nws_retro_v30
1980-11-20,0.6179166528551528,nws_retro_v30
1980-11-21,0.6099999863654375,nws_retro_v30
1980-11-22,0.6099999863654375,nws_retro_v30
1980-11-23,0.6079166530786703,nws_retro_v30
1980-11-24,0.5999999865889549,nws_retro_v30
1980-11-25,0.5999999865889549,nws_retro_v30
1980-11-26,0.5987499866168946,nws_retro_v30
1980-11-27,0.5899999868124723,nws_retro_v30
1980-11-28,0.5899999868124723,nws_retro_v30
1980-11-29,0.5899999868124723,nws_retro_v30
1980-11-30,0.5804166536933432,nws_retro_v30
1980-12-01,0.5799999870359898,nws_retro_v30
1980-12-02,0.5816666536654035,nws_retro_v30
1980-12-03,0.9337499791290611,nws_retro_v30
1980-12-04,4.8274998920969665,nws_retro_v30
1980-12-05,1.120833308280756,nws_retro_v30
1980-12-06,0.6079166530786703,nws_retro_v30
1980-12-07,0.5645833207139125,nws_retro_v30
1980-12-08,0.5599999874830246,nws_retro_v30
1980-12-09,0.5599999874830246,nws_retro_v30
1980-12-10,0.5524999876506627,nws_retro_v30
1980-12-11,0.549999987706542,nws_retro_v30
1980-12-12,0.549999987706542,nws_retro_v30
1980-12-13,0.5466666544477145,nws_retro_v30
1980-12-14,0.5399999879300594,nws_retro_v30
1980-12-15,0.5399999879300594,nws_retro_v30
1980-12-16,0.5399999879300594,nws_retro_v30
1980-12-17,0.5324999880976975,nws_retro_v30
1980-12-18,0.5299999881535769,nws_retro_v30
1980-12-19,0.5299999881535769,nws_retro_v30
1980-12-20,0.5295833214962234,nws_retro_v30
1980-12-21,0.5199999883770943,nws_retro_v30
1980-12-22,0.539583321272706,nws_retro_v30
1980-12-23,0.5199999883770943,nws_retro_v30
1980-12-24,0.5166666551182667,nws_retro_v30
1980-12-25,0.5099999886006117,nws_retro_v30
1980-12-26,0.5099999886006117,nws_retro_v30
1980-12-27,0.5099999886006117,nws_retro_v30
1980-12-28,0.5058333220270773,nws_retro_v30
1980-12-29,0.4999999888241291,nws_retro_v30
1980-12-30,0.4999999888241291,nws_retro_v30
1980-12-31,0.4999999888241291,nws_retro_v30
1981-01-01,0.49624998890794814,nws_retro_v30
1981-01-02,0.4899999890476465,nws_retro_v30
1981-01-03,0.4899999890476465,nws_retro_v30
1981-01-04,0.4899999890476465,nws_retro_v30
1981-01-05,0.48791665576087934,nws_retro_v30
1981-01-06,0.4799999892711639,nws_retro_v30
1981-01-07,0.4799999892711639,nws_retro_v30
1981-01-08,0.4799999892711639,nws_retro_v30
1981-01-09,0.4799999892711639,nws_retro_v30
1981-01-10,0.4699999894946813,nws_retro_v30
1981-01-11,0.4699999894946813,nws_retro_v30
1981-01-12,0.4699999894946813,nws_retro_v30
1981-01-13,0.4699999894946813,nws_retro_v30
1981-01-14,0.4633333229770263,nws_retro_v30
1981-01-15,0.4599999897181988,nws_retro_v30
1981-01-16,0.4599999897181988,nws_retro_v30
1981-01-17,0.4599999897181988,nws_retro_v30
1981-01-18,0.45749998977407813,nws_retro_v30
1981-01-19,0.4499999899417162,nws_retro_v30
1981-01-20,0.4499999899417162,nws_retro_v30
1981-01-21,0.4499999899417162,nws_retro_v30
1981-01-22,1.311666637348632,nws_retro_v30
1981-01-23,1.421249968232587,nws_retro_v30
1981-01-24,0.5637499873992056,nws_retro_v30
1981-01-25,0.5633333207418522,nws_retro_v30
1981-01-26,0.7383333168302973,nws_retro_v30
1981-01-27,18.446249587694183,nws_retro_v30
1981-01-28,10.402916434143359,nws_retro_v30
1981-01-29,15.824166312968979,nws_retro_v30
1981-01-30,5.658749873517081,nws_retro_v30
1981-01-31,4.82791655875432,nws_retro_v30
1981-02-01,5.257083215828364,nws_retro_v30
1981-02-02,5.238333216247459,nws_retro_v30
1981-02-03,4.760833226920416,nws_retro_v30
1981-02-04,4.593749897321686,nws_retro_v30
1981-02-05,4.463749900227413,nws_retro_v30
1981-02-06,4.000416577250387,nws_retro_v30
1981-02-07,4.221666572305064,nws_retro_v30
1981-02-08,7.1991665057527525,nws_retro_v30
1981-02-09,15.689582982643818,nws_retro_v30
1981-02-10,5.750416538134838,nws_retro_v30
1981-02-11,6.549999853596091,nws_retro_v30
1981-02-12,5.066666553417842,nws_retro_v30
1981-02-13,5.464999877847731,nws_retro_v30
1981-02-14,9.14124979567714,nws_retro_v30
1981-02-15,5.327916547578449,nws_retro_v30
1981-02-16,3.485416588761533,nws_retro_v30
1981-02-17,3.2558332605597875,nws_retro_v30
1981-02-18,2.7633332715680203,nws_retro_v30
1981-02-19,2.69791660636353,nws_retro_v30
1981-02-20,3.3095832593583814,nws_retro_v30
1981-02-21,2.274583282492434,nws_retro_v30
1981-02-22,2.1212499525863677,nws_retro_v30
1981-02-23,2.2412499499041587,nws_retro_v30
1981-02-24,6.076249864185229,nws_retro_v30
1981-02-25,6.22291652757364,nws_retro_v30
1981-02-26,3.964999911375344,nws_retro_v30
1981-02-27,2.8262499368283898,nws_retro_v30
1981-02-28,7.480833166123678,nws_retro_v30
1981-03-01,7.0866665082673235,nws_retro_v30
1981-03-02,4.224166572249184,nws_retro_v30
1981-03-03,3.5387499209027737,nws_retro_v30
1981-03-04,15.881666311683754,nws_retro_v30
1981-03-05,7.12749984068796,nws_retro_v30
1981-03-06,3.926249912241474,nws_retro_v30
1981-03-07,3.922916578982646,nws_retro_v30
1981-03-08,3.9049999127164483,nws_retro_v30
1981-03-09,3.145833263018479,nws_retro_v30
1981-03-10,2.7174999392591417,nws_retro_v30
1981-03-11,2.3137499482836574,nws_retro_v30
1981-03-12,2.4433332787205777,nws_retro_v30
1981-03-13,21.721666181149583,nws_retro_v30
1981-03-14,5.494166543862472,nws_retro_v30
1981-03-15,8.404166478818903,nws_retro_v30
1981-03-16,9.058333130863806,nws_retro_v30
1981-03-17,4.285833237537493,nws_retro_v30
1981-03-18,8.95833313309898,nws_retro_v30
1981-03-19,21.839582845180605,nws_retro_v30
1981-03-20,22.194582837245736,nws_retro_v30
1981-03-21,49.27708223190469,nws_retro_v30
1981-03-22,14.761666336717704,nws_retro_v30
1981-03-23,13.680416360885525,nws_retro_v30
1981-03-24,13.273749703308567,nws_retro_v30
1981-03-25,28.349166033013415,nws_retro_v30
1981-03-26,20.11208288379324,nws_retro_v30
1981-03-27,12.582083052101856,nws_retro_v30
1981-03-28,9.467499788384885,nws_retro_v30
1981-03-29,9.180416461468363,nws_retro_v30
1981-03-30,8.273749815067276,nws_retro_v30
1981-03-31,6.061666531177859,nws_retro_v30
1981-04-01,5.849583202584957,nws_retro_v30
1981-04-02,5.970833199874808,nws_retro_v30
1981-04-03,4.000833243907739,nws_retro_v30
1981-04-04,3.3904165908849486,nws_retro_v30
1981-04-05,2.9866665999094644,nws_retro_v30
1981-04-06,2.5966666086266437,nws_retro_v30
1981-04-07,2.505833277323594,nws_retro_v30
1981-04-08,2.5191666103589037,nws_retro_v30
1981-04-09,2.440833278776457,nws_retro_v30
1981-04-10,2.307499948423356,nws_retro_v30
1981-04-11,2.20749995065853,nws_retro_v30
1981-04-12,2.0924999532289803,nws_retro_v30
1981-04-13,1.914583290539061,nws_retro_v30
1981-04-14,1.8604166250831138,nws_retro_v30
1981-04-15,1.8254166258654247,nws_retro_v30
1981-04-16,1.7933332932492096,nws_retro_v30
1981-04-17,1.745416627653564,nws_retro_v30
1981-04-18,1.818333292690416,nws_retro_v30
1981-04-19,1.9508332897288103,nws_retro_v30
1981-04-20,1.84541662541839,nws_retro_v30
1981-04-21,1.7404166277653228,nws_retro_v30
1981-04-22,1.6695832960152377,nws_retro_v30
1981-04-23,1.6179166305034112,nws_retro_v30
1981-04-24,1.5824999646283686,nws_retro_v30
1981-04-25,1.5579166318445157,nws_retro_v30
1981-04-26,1.5499999653548002,nws_retro_v30
1981-04-27,1.531666632431249,nws_retro_v30
1981-04-28,1.5079166329621028,nws_retro_v30
1981-04-29,1.4941666332694392,nws_retro_v30
1981-04-30,1.4841666334929566,nws_retro_v30
1981-05-01,1.474166633716474,nws_retro_v30
1981-05-02,1.4641666339399915,nws_retro_v30
1981-05-03,1.4533333008488019,nws_retro_v30
1981-05-04,1.4412499677855521,nws_retro_v30
1981-05-05,1.4299999680370092,nws_retro_v30
1981-05-06,1.41916663494582,nws_retro_v30
1981-05-07,1.4083333018546302,nws_retro_v30
1981-05-08,1.3974999687634408,nws_retro_v30
1981-05-09,1.3866666356722515,nws_retro_v30
1981-05-10,1.3758333025810618,nws_retro_v30
1981-05-11,1.365416636147226,nws_retro_v30
1981-05-12,1.3545833030560364,nws_retro_v30
1981-05-13,1.343749969964847,nws_retro_v30
1981-05-14,1.3329166368736576,nws_retro_v30
1981-05-15,1.3224999704398215,nws_retro_v30
1981-05-16,1.311666637348632,nws_retro_v30
1981-05-17,1.301249970914796,nws_retro_v30
1981-05-18,1.29083330448096,nws_retro_v30
1981-05-19,1.280416638047124,nws_retro_v30
1981-05-20,1.2695833049559344,nws_retro_v30
1981-05-21,1.2595833051794518,nws_retro_v30
1981-05-22,1.2495833054029692,nws_retro_v30
1981-05-23,1.2399999722838402,nws_retro_v30
1981-05-24,1.2299999725073576,nws_retro_v30
1981-05-25,1.219999972730875,nws_retro_v30
1981-05-26,1.210416639611746,nws_retro_v30
1981-05-27,1.2008333064926169,nws_retro_v30
1981-05-28,1.1912499733734876,nws_retro_v30
1981-05-29,1.182083306911712,nws_retro_v30
1981-05-30,1.1729166404499363,nws_retro_v30
1981-05-31,1.1637499739881605,nws_retro_v30
1981-06-01,1.1545833075263847,nws_retro_v30
1981-06-02,1.1458333077219625,nws_retro_v30
1981-06-03,1.1370833079175402,nws_retro_v30
1981-06-04,1.128333308113118,nws_retro_v30
1981-06-05,1.1199999749660492,nws_retro_v30
1981-06-06,1.1099999751895666,nws_retro_v30
1981-06-07,1.1016666420424979,nws_retro_v30
1981-06-08,1.093333308895429,nws_retro_v30
1981-06-09,1.0854166424057137,nws_retro_v30
1981-06-10,1.0774999759159982,nws_retro_v30
1981-06-11,1.069583309426283,nws_retro_v30
1981-06-12,1.0599999763071537,nws_retro_v30
1981-06-13,1.0520833098174383,nws_retro_v30
1981-06-14,1.0449999766424296,nws_retro_v30
1981-06-15,1.0379166434674212,nws_retro_v30
1981-06-16,1.029999976977706,nws_retro_v30
1981-06-17,1.0208333105159302,nws_retro_v30
1981-06-18,1.0141666439982753,nws_retro_v30
1981-06-19,1.0074999774806201,nws_retro_v30
1981-06-20,0.9999999776482582,nws_retro_v30
1981-06-21,0.991249977843836,nws_retro_v30
1981-06-22,0.9849999779835343,nws_retro_v30
1981-06-23,0.9791666447805861,nws_retro_v30
1981-06-24,0.9699999783188104,nws_retro_v30
1981-06-25,0.9633333118011554,nws_retro_v30
1981-06-26,0.9579166452555606,nws_retro_v30
1981-06-27,0.9499999787658452,nws_retro_v30
1981-06-28,0.9429166455908368,nws_retro_v30
1981-06-29,0.9379166457025955,nws_retro_v30
1981-06-30,0.92999997921288,nws_retro_v30
1981-07-01,0.9224999793805182,nws_retro_v30
1981-07-02,0.9174999794922769,nws_retro_v30
1981-07-03,0.909999979659915,nws_retro_v30
1981-07-04,0.90333331314226,nws_retro_v30
1981-07-05,0.899583313226079,nws_retro_v30
1981-07-06,0.8899999801069498,nws_retro_v30
1981-07-07,0.8858333135334154,nws_retro_v30
1981-07-08,0.8799999803304672,nws_retro_v30
1981-07-09,0.8724999804981053,nws_retro_v30
1981-07-10,0.8695833138966312,nws_retro_v30
1981-07-11,0.8599999807775021,nws_retro_v30
1981-07-12,0.8566666475186745,nws_retro_v30
1981-07-13,0.8499999810010195,nws_retro_v30
1981-07-14,0.8441666477980713,nws_retro_v30
1981-07-15,0.8399999812245369,nws_retro_v30
1981-07-16,0.8320833147348216,nws_retro_v30
1981-07-17,0.8299999814480543,nws_retro_v30
1981-07-18,0.8204166483289251,nws_retro_v30
1981-07-19,0.8187499816995114,nws_retro_v30
1981-07-20,0.8099999818950891,nws_retro_v30
1981-07-21,0.8079166486083219,nws_retro_v30
1981-07-22,0.7999999821186066,nws_retro_v30
1981-07-23,0.7970833155171325,nws_retro_v30
1981-07-24,0.789999982342124,nws_retro_v30
1981-07-25,0.7866666490832964,nws_retro_v30
1981-07-26,0.7799999825656414,nws_retro_v30
1981-07-27,0.7766666493068138,nws_retro_v30
1981-07-28,0.7699999827891588,nws_retro_v30
1981-07-29,0.7666666495303313,nws_retro_v30
1981-07-30,0.7599999830126762,nws_retro_v30
1981-07-31,0.7574999830685556,nws_retro_v30
1981-08-01,0.7499999832361937,nws_retro_v30
1981-08-02,0.7487499832641333,nws_retro_v30
1981-08-03,0.7399999834597111,nws_retro_v30
1981-08-04,0.7399999834597111,nws_retro_v30
1981-08-05,0.7304166503405819,nws_retro_v30
1981-08-06,0.7299999836832285,nws_retro_v30
1981-08-07,0.7224999838508666,nws_retro_v30
1981-08-08,0.7199999839067459,nws_retro_v30
1981-08-09,0.7149999840185046,nws_retro_v30
1981-08-10,0.7099999841302633,nws_retro_v30
1981-08-11,0.7083333175008496,nws_retro_v30
1981-08-12,0.6999999843537807,nws_retro_v30
1981-08-13,0.6999999843537807,nws_retro_v30
1981-08-14,0.6916666512067119,nws_retro_v30
1981-08-15,0.6899999845772982,nws_retro_v30
1981-08-16,0.6858333180037638,nws_retro_v30
1981-08-17,0.6799999848008156,nws_retro_v30
1981-08-18,0.6799999848008156,nws_retro_v30
1981-08-19,0.6704166516816864,nws_retro_v30
1981-08-20,0.669999985024333,nws_retro_v30
1981-08-21,0.6654166517934451,nws_retro_v30
1981-08-22,0.6599999852478504,nws_retro_v30
1981-08-23,0.6599999852478504,nws_retro_v30
1981-08-24,0.6508333187860748,nws_retro_v30
1981-08-25,0.6499999854713678,nws_retro_v30
1981-08-26,0.6470833188698938,nws_retro_v30
1981-08-27,0.6399999856948853,nws_retro_v30
1981-08-28,0.6399999856948853,nws_retro_v30
1981-08-29,0.6337499858345836,nws_retro_v30
1981-08-30,0.6299999859184027,nws_retro_v30
1981-08-31,0.6299999859184027,nws_retro_v30
1981-09-01,0.6212499861139804,nws_retro_v30
1981-09-02,0.6199999861419201,nws_retro_v30
1981-09-03,0.6191666528272132,nws_retro_v30
1981-09-04,0.6099999863654375,nws_retro_v30
1981-09-05,0.6099999863654375,nws_retro_v30
1981-09-06,0.6079166530786703,nws_retro_v30
1981-09-07,0.5999999865889549,nws_retro_v30
1981-09-08,0.5999999865889549,nws_retro_v30
1981-09-09,0.5974999866448343,nws_retro_v30
1981-09-10,0.5899999868124723,nws_retro_v30
1981-09-11,0.5899999868124723,nws_retro_v30
1981-09-12,0.5874999868683517,nws_retro_v30
1981-09-13,0.5799999870359898,nws_retro_v30
1981-09-14,0.5799999870359898,nws_retro_v30
1981-09-15,0.578333320406576,nws_retro_v30
1981-09-16,0.5699999872595072,nws_retro_v30
1981-09-17,0.5699999872595072,nws_retro_v30
1981-09-18,0.5695833206021538,nws_retro_v30
1981-09-19,0.5599999874830246,nws_retro_v30
1981-09-20,0.5599999874830246,nws_retro_v30
1981-09-21,0.5599999874830246,nws_retro_v30
1981-09-22,0.5520833209933093,nws_retro_v30
1981-09-23,0.549999987706542,nws_retro_v30
1981-09-24,0.549999987706542,nws_retro_v30
1981-09-25,0.549999987706542,nws_retro_v30
1981-09-26,0.5420833212168267,nws_retro_v30
1981-09-27,0.5399999879300594,nws_retro_v30
1981-09-28,0.5391666546153525,nws_retro_v30
1981-09-29,0.5299999881535769,nws_retro_v30
1981-09-30,0.5299999881535769,nws_retro_v30
1981-10-01,0.5299999881535769,nws_retro_v30
1981-10-02,0.5233333216359218,nws_retro_v30
1981-10-03,0.5199999883770943,nws_retro_v30
1981-10-04,0.5199999883770943,nws_retro_v30
1981-10-05,0.5191666550623873,nws_retro_v30
1981-10-06,0.5099999886006117,nws_retro_v30
1981-10-07,0.7274999837391078,nws_retro_v30
1981-10-08,0.7416666500891248,nws_retro_v30
1981-10-09,0.5233333216359218,nws_retro_v30
1981-10-10,0.5012499887961894,nws_retro_v30
1981-10-11,0.4999999888241291,nws_retro_v30
1981-10-12,0.4999999888241291,nws_retro_v30
1981-10-13,0.4937499889638275,nws_retro_v30
1981-10-14,0.4899999890476465,nws_retro_v30
1981-10-15,0.4899999890476465,nws_retro_v30
1981-10-16,0.4899999890476465,nws_retro_v30
1981-10-17,0.48249998921528453,nws_retro_v30
1981-10-18,0.4799999892711639,nws_retro_v30
1981-10-19,0.4799999892711639,nws_retro_v30
1981-10-20,0.4799999892711639,nws_retro_v30
1981-10-21,0.47249998943880195,nws_retro_v30
1981-10-22,0.4699999894946813,nws_retro_v30
1981-10-23,0.4699999894946813,nws_retro_v30
1981-10-24,0.4699999894946813,nws_retro_v30
1981-10-25,0.4633333229770263,nws_retro_v30
1981-10-26,0.4599999897181988,nws_retro_v30
1981-10-27,0.4612499896902591,nws_retro_v30
1981-10-28,2.144166618740807,nws_retro_v30
1981-10-29,1.1316666413719456,nws_retro_v30
1981-10-30,0.5054166553697238,nws_retro_v30
1981-10-31,0.45166665657113,nws_retro_v30
1981-11-01,0.4499999899417162,nws_retro_v30
1981-11-02,0.44874998996965587,nws_retro_v30
1981-11-03,0.4399999901652336,nws_retro_v30
1981-11-04,0.4399999901652336,nws_retro_v30
1981-11-05,0.4399999901652336,nws_retro_v30
1981-11-06,0.4399999901652336,nws_retro_v30
1981-11-07,0.433749990304932,nws_retro_v30
1981-11-08,0.429999990388751,nws_retro_v30
1981-11-09,0.429999990388751,nws_retro_v30
1981-11-10,0.429999990388751,nws_retro_v30
1981-11-11,0.429999990388751,nws_retro_v30
1981-11-12,1.1549999741837382,nws_retro_v30
1981-11-13,3.8595832470649234,nws_retro_v30
1981-11-14,9.762083115133768,nws_retro_v30
1981-11-15,2.1229166192157813,nws_retro_v30
1981-11-16,0.5866666535536448,nws_retro_v30
1981-11-17,3.62791658557641,nws_retro_v30
1981-11-18,1.1262499748263508,nws_retro_v30
1981-11-19,0.547083321105068,nws_retro_v30
1981-11-20,0.5770833204345157,nws_retro_v30
1981-11-21,0.8049999820068479,nws_retro_v30
1981-11-22,1.1620833073587467,nws_retro_v30
1981-11-23,0.7987499821465462,nws_retro_v30
1981-11-24,1.3704166360354673,nws_retro_v30
1981-11-25,1.0012499776203185,nws_retro_v30
1981-11-26,3.7654165825030455,nws_retro_v30
1981-11-27,3.480416588873292,nws_retro_v30
1981-11-28,1.8649999583140016,nws_retro_v30
1981-11-29,1.4012499686796218,nws_retro_v30
1981-11-30,1.345833303251614,nws_retro_v30
1981-12-01,1.3137499706353992,nws_retro_v30
1981-12-02,1.3937499688472599,nws_retro_v30
1981-12-03,1.392083302217846,nws_retro_v30
1981-12-04,1.202083306464677,nws_retro_v30
1981-12-05,1.0983333087836702,nws_retro_v30
1981-12-06,1.0354166435233008,nws_retro_v30
1981-12-07,1.0354166435233008,nws_retro_v30
1981-12-08,1.008333310795327,nws_retro_v30
1981-12-09,1.159583307414626,nws_retro_v30
1981-12-10,1.332499970216304,nws_retro_v30
1981-12-11,1.1099999751895666,nws_retro_v30
1981-12-12,1.5004166331297408,nws_retro_v30
1981-12-13,1.8224999592639506,nws_retro_v30
1981-12-14,1.50999996624887,nws_retro_v30
1981-12-15,1.2562499719206244,nws_retro_v30
1981-12-16,1.194583306632315,nws_retro_v30
1981-12-17,1.064999976195395,nws_retro_v30
1981-12-18,1.181249973597005,nws_retro_v30
1981-12-19,3.1691665958302715,nws_retro_v30
1981-12-20,29.589166005297255,nws_retro_v30
1981-12-21,7.088333174896737,nws_retro_v30
1981-12-22,4.431666567611198,nws_retro_v30
1981-12-23,4.998333221611877,nws_retro_v30
1981-12-24,5.22749988315627,nws_retro_v30
1981-12-25,5.405833212503542,nws_retro_v30
1981-12-26,5.071666553306083,nws_retro_v30
1981-12-27,10.195416438781345,nws_retro_v30
1981-12-28,5.6099998746067286,nws_retro_v30
1981-12-29,56.068332080108426,nws_retro_v30
1981-12-30,39.6512491137255,nws_retro_v30
1981-12-31,14.942499666009098,nws_retro_v30
1982-01-01,33.165415925361835,nws_retro_v30
1982-01-02,38.44499914068729,nws_retro_v30
1982-01-03,18.244166258877765,nws_retro_v30
1982-01-04,355.0804087300009,nws_retro_v30
1982-01-05,199.89041219876768,nws_retro_v30
1982-01-06,40.368749097688124,nws_retro_v30
1982-01-07,31.435832630687703,nws_retro_v30
1982-01-08,27.569582717105124,nws_retro_v30
1982-01-09,24.566249450901523,nws_retro_v30
1982-01-10,21.455832853758086,nws_retro_v30
1982-01-11,19.323332901423175,nws_retro_v30
1982-01-12,16.86916628961141,nws_retro_v30
1982-01-13,14.13624968403019,nws_retro_v30
1982-01-14,13.456666365886727,nws_retro_v30
1982-01-15,11.847916401845092,nws_retro_v30
1982-01-16,10.652916428555423,nws_retro_v30
1982-01-17,9.570833119408539,nws_retro_v30
1982-01-18,9.740416448951388,nws_retro_v30
1982-01-19,17.710416270808008,nws_retro_v30
1982-01-20,99.02541445327613,nws_retro_v30
1982-01-21,33.35624925442971,nws_retro_v30
1982-01-22,18.75583291410779,nws_retro_v30
1982-01-23,16.8862496225629,nws_retro_v30
1982-01-24,16.237082970406238,nws_retro_v30
1982-01-25,14.701249671401456,nws_retro_v30
1982-01-26,36.39041585327747,nws_retro_v30
1982-01-27,16.957916287627693,nws_retro_v30
1982-01-28,46.719165622411914,nws_retro_v30
1982-01-29,19.932499554473907,nws_retro_v30
1982-01-30,13.539583030700063,nws_retro_v30
1982-01-31,12.262083059254413,nws_retro_v30
1982-02-01,10.630833095715692,nws_retro_v30
1982-02-02,8.845416468956197,nws_retro_v30
1982-02-03,8.612916474152977,nws_retro_v30
1982-02-04,8.029166487200806,nws_retro_v30
1982-02-05,6.844999847002327,nws_retro_v30
1982-02-06,6.975833177411308,nws_retro_v30
1982-02-07,6.946249844739214,nws_retro_v30
1982-02-08,7.183333172773321,nws_retro_v30
1982-02-09,6.687499850522727,nws_retro_v30
1982-02-10,6.762083182188992,nws_retro_v30
1982-02-11,6.400416523606206,nws_retro_v30
1982-02-12,5.704583205825959,nws_retro_v30
1982-02-13,10.541666431042055,nws_retro_v30
1982-02-14,30.16374932578765,nws_retro_v30
1982-02-15,69.4645817806789,nws_retro_v30
1982-02-16,89.0499980095774,nws_retro_v30
1982-02-17,27.603332716350753,nws_retro_v30
1982-02-18,25.38208276599956,nws_retro_v30
1982-02-19,22.260832835764933,nws_retro_v30
1982-02-20,19.910832888291527,nws_retro_v30
1982-02-21,17.396666277820866,nws_retro_v30
1982-02-22,14.24416634828473,nws_retro_v30
1982-02-23,11.150416417435432,nws_retro_v30
1982-02-24,9.851249779807404,nws_retro_v30
1982-02-25,9.759999781847,nws_retro_v30
1982-02-26,10.38958310110805,nws_retro_v30
1982-02-27,12.350416390613342,nws_retro_v30
1982-02-28,9.539166453449676,nws_retro_v30
1982-03-01,39.72499911207706,nws_retro_v30
1982-03-02,29.1404160153276,nws_retro_v30
1982-03-03,13.733333026369413,nws_retro_v30
1982-03-04,11.912499733734876,nws_retro_v30
1982-03-05,11.196249749744311,nws_retro_v30
1982-03-06,10.371249768184498,nws_retro_v30
1982-03-07,10.08083310800915,nws_retro_v30
1982-03-08,11.756666403884688,nws_retro_v30
1982-03-09,8.869166468425343,nws_retro_v30
1982-03-10,15.940832977027943,nws_retro_v30
1982-03-11,26.003749418770894,nws_retro_v30
1982-03-12,12.147499728482217,nws_retro_v30
1982-03-13,8.920416467279816,nws_retro_v30
1982-03-14,21.920832843364526,nws_retro_v30
1982-03-15,13.229999704286456,nws_retro_v30
1982-03-16,36.97791584014582,nws_retro_v30
1982-03-17,38.33416580983127,nws_retro_v30
1982-03-18,21.891666177349787,nws_retro_v30
1982-03-19,17.874999600462615,nws_retro_v30
1982-03-20,15.174999660812318,nws_retro_v30
1982-03-21,13.731249693082646,nws_retro_v30
1982-03-22,12.466249721357599,nws_retro_v30
1982-03-23,11.155416417323673,nws_retro_v30
1982-03-24,10.284583103454983,nws_retro_v30
1982-03-25,9.294583125583207,nws_retro_v30
1982-03-26,20.58041620665851,nws_retro_v30
1982-03-27,12.065416396983588,nws_retro_v30
1982-03-28,30.796249311650172,nws_retro_v30
1982-03-29,29.982915996496256,nws_retro_v30
1982-03-30,23.701666136893135,nws_retro_v30
1982-03-31,163.70082967433459,nws_retro_v30
1982-04-01,46.84791561953413,nws_retro_v30
1982-04-02,47.99708226051492,nws_retro_v30
1982-04-03,87.98333136675258,nws_retro_v30
1982-04-04,35.844582532144464,nws_retro_v30
1982-04-05,27.276666056985658,nws_retro_v30
1982-04-06,26.55416607313479,nws_retro_v30
1982-04-07,23.14541614932629,nws_retro_v30
1982-04-08,19.55749956285581,nws_retro_v30
1982-04-09,16.51916629743452,nws_retro_v30
1982-04-10,66.92249850416556,nws_retro_v30
1982-04-11,157.1604131538576,nws_retro_v30
1982-04-12,37.45208249621404,nws_retro_v30
1982-04-13,28.579166027872514,nws_retro_v30
1982-04-14,31.753332623591024,nws_retro_v30
1982-04-15,25.013332774241764,nws_retro_v30
1982-04-16,17.550416274384286,nws_retro_v30
1982-04-17,14.934582999519384,nws_retro_v30
1982-04-18,13.439583032935237,nws_retro_v30
1982-04-19,10.727083093564337,nws_retro_v30
1982-04-20,10.081666441323856,nws_retro_v30
1982-04-21,9.856249779695645,nws_retro_v30
1982-04-22,9.887916445654506,nws_retro_v30
1982-04-23,8.954166466525445,nws_retro_v30
1982-04-24,8.022083154025799,nws_retro_v30
1982-04-25,7.547499831300229,nws_retro_v30
1982-04-26,7.7195831607872,nws_retro_v30
1982-04-27,6.679999850690365,nws_retro_v30
1982-04-28,5.983749866252765,nws_retro_v30
1982-04-29,5.6045832080611335,nws_retro_v30
1982-04-30,5.3737498798873276,nws_retro_v30
1982-05-01,5.332083214151983,nws_retro_v30
1982-05-02,5.133333218594392,nws_retro_v30
1982-05-03,5.02041655445161,nws_retro_v30
1982-05-04,4.821666558894019,nws_retro_v30
1982-05-05,4.754999893717468,nws_retro_v30
1982-05-06,4.665833229043831,nws_retro_v30
1982-05-07,4.577083231027548,nws_retro_v30
1982-05-08,4.482499899808317,nws_retro_v30
1982-05-09,4.407083234827344,nws_retro_v30
1982-05-10,4.328749903244898,nws_retro_v30
1982-05-11,4.250833238319804,nws_retro_v30
1982-05-12,4.177083239968245,nws_retro_v30
1982-05-13,4.112916574735816,nws_retro_v30
1982-05-14,4.047083242873971,nws_retro_v30
1982-05-15,3.979583244382715,nws_retro_v30
1982-05-16,3.9091665792899826,nws_retro_v30
1982-05-17,3.8479165806590268,nws_retro_v30
1982-05-18,3.7945832485177866,nws_retro_v30
1982-05-19,3.7433332496633134,nws_retro_v30
1982-05-20,3.69208325080884,nws_retro_v30
1982-05-21,3.6416665852690735,nws_retro_v30
1982-05-22,3.592916586358721,nws_retro_v30
1982-05-23,3.5449999207630754,nws_retro_v30
1982-05-24,3.49708325516743,nws_retro_v30
1982-05-25,3.449999922886491,nws_retro_v30
1982-05-26,3.403749923920259,nws_retro_v30
1982-05-27,3.3591665915834406,nws_retro_v30
1982-05-28,3.3145832592466227,nws_retro_v30
1982-05-29,3.2712499268818647,nws_retro_v30
1982-05-30,3.229166594489167,nws_retro_v30
1982-05-31,3.187499928753823,nws_retro_v30
1982-06-01,3.1466665963331857,nws_retro_v30
1982-06-02,3.1066665972272554,nws_retro_v30
1982-06-03,3.066666598121325,nws_retro_v30
1982-06-04,3.028749932302162,nws_retro_v30
1982-06-05,2.990833266482999,nws_retro_v30
1982-06-06,2.954166600635896,nws_retro_v30
1982-06-07,2.91708326813144,nws_retro_v30
1982-06-08,2.8824999355711043,nws_retro_v30
1982-06-09,2.8474999363534153,nws_retro_v30
1982-06-10,2.8137499371077865,nws_retro_v30
1982-06-11,2.7795832712048045,nws_retro_v30
1982-06-12,2.7466666052738824,nws_retro_v30
1982-06-13,2.714166606000314,nws_retro_v30
1982-06-14,2.682916606698806,nws_retro_v30
1982-06-15,2.651666607397298,nws_retro_v30
1982-06-16,2.621249941410497,nws_retro_v30
1982-06-17,2.591249942081049,nws_retro_v30
1982-06-18,2.5616666094089546,nws_retro_v30
1982-06-19,2.532916610051567,nws_retro_v30
1982-06-20,2.5045832773515335,nws_retro_v30
1982-06-21,2.4770832779662064,nws_retro_v30
1982-06-22,2.4495832785808793,nws_retro_v30
1982-06-23,2.4224999458529055,nws_retro_v30
1982-06-24,2.3966666130969925,nws_retro_v30
1982-06-25,2.3704166136837252,nws_retro_v30
1982-06-26,2.345416614242519,nws_retro_v30
1982-06-27,2.3204166148013123,nws_retro_v30
1982-06-28,2.2962499486748134,nws_retro_v30
1982-06-29,2.3808332801175616,nws_retro_v30
1982-06-30,2.3808332801175616,nws_retro_v30
1982-07-01,2.2366666166732707,nws_retro_v30
1982-07-02,2.202916617427642,nws_retro_v30
1982-07-03,2.1795832846158496,nws_retro_v30
1982-07-04,2.1579166184334704,nws_retro_v30
1982-07-05,2.136249952251092,nws_retro_v30
1982-07-06,2.114166619411359,nws_retro_v30
1982-07-07,2.0933332865436873,nws_retro_v30
1982-07-08,2.072499953676015,nws_retro_v30
1982-07-09,2.05249995412305,nws_retro_v30
1982-07-10,2.032499954570085,nws_retro_v30
1982-07-11,2.0124999550171196,nws_retro_v30
1982-07-12,1.9933332887788613,nws_retro_v30
1982-07-13,1.974583289197957,nws_retro_v30
1982-07-14,1.9549999563023448,nws_retro_v30
1982-07-15,1.93624995672144,nws_retro_v30
1982-07-16,1.918333290455242,nws_retro_v30
1982-07-17,1.9008332908463972,nws_retro_v30
1982-07-18,1.8833332912375529,nws_retro_v30
1982-07-19,1.865416624971355,nws_retro_v30
1982-07-20,1.8483332920198638,nws_retro_v30
1982-07-21,1.8316666257257264,nws_retro_v30
1982-07-22,1.8149999594315886,nws_retro_v30
1982-07-23,1.7979166264800976,nws_retro_v30
1982-07-24,1.7829166268153738,nws_retro_v30
1982-07-25,1.7658332938638825,nws_retro_v30
1982-07-26,1.7508332941991587,nws_retro_v30
1982-07-27,1.734999961219728,nws_retro_v30
1982-07-28,1.7199999615550041,nws_retro_v30
1982-07-29,1.7049999618902802,nws_retro_v30
1982-07-30,1.6899999622255564,nws_retro_v30
1982-07-31,1.675416629218186,nws_retro_v30
1982-08-01,1.661249962868169,nws_retro_v30
1982-08-02,1.646249963203445,nws_retro_v30
1982-08-03,1.6333332968254883,nws_retro_v30
1982-08-04,1.6183332971607645,nws_retro_v30
1982-08-05,1.6049999641254544,nws_retro_v30
1982-08-06,1.5924999644048512,nws_retro_v30
1982-08-07,1.5774999647401273,nws_retro_v30
1982-08-08,1.5654166316768776,nws_retro_v30
1982-08-09,1.5529166319562744,nws_retro_v30
1982-08-10,1.5395832989209641,nws_retro_v30
1982-08-11,1.5266666325430076,nws_retro_v30
1982-08-12,1.5145832994797577,nws_retro_v30
1982-08-13,1.502916633073861,nws_retro_v30
1982-08-14,1.4899999666959047,nws_retro_v30
1982-08-15,1.4774999669753013,nws_retro_v30
1982-08-16,1.4662499672267586,nws_retro_v30
1982-08-17,1.4545833008208622,nws_retro_v30
1982-08-18,1.4433333010723193,nws_retro_v30
1982-08-19,1.4320833013237764,nws_retro_v30
1982-08-20,1.420833301575234,nws_retro_v30
1982-08-21,1.4091666351693373,nws_retro_v30
1982-08-22,1.3983333020781477,nws_retro_v30
1982-08-23,1.3874999689869583,nws_retro_v30
1982-08-24,1.3766666358957689,nws_retro_v30
1982-08-25,1.3662499694619328,nws_retro_v30
1982-08-26,1.3558333030280967,nws_retro_v30
1982-08-27,1.3454166365942608,nws_retro_v30
1982-08-28,1.3354166368177782,nws_retro_v30
1982-08-29,1.3254166370412956,nws_retro_v30
1982-08-30,1.315416637264813,nws_retro_v30
1982-08-31,1.3054166374883305,nws_retro_v30
1982-09-01,1.2958333043692012,nws_retro_v30
1982-09-02,1.2858333045927186,nws_retro_v30
1982-09-03,1.276666638130943,nws_retro_v30
1982-09-04,1.2670833050118138,nws_retro_v30
1982-09-05,1.257916638550038,nws_retro_v30
1982-09-06,1.2487499720882624,nws_retro_v30
1982-09-07,1.2399999722838402,nws_retro_v30
1982-09-08,1.2299999725073576,nws_retro_v30
1982-09-09,1.2208333060455818,nws_retro_v30
1982-09-10,1.212499972898513,nws_retro_v30
1982-09-11,1.203749973094091,nws_retro_v30
1982-09-12,1.195416639947022,nws_retro_v30
1982-09-13,1.187083306799953,nws_retro_v30
1982-09-14,1.1791666403102379,nws_retro_v30
1982-09-15,1.169999973848462,nws_retro_v30
1982-09-16,1.1608333073866863,nws_retro_v30
1982-09-17,1.1533333075543244,nws_retro_v30
1982-09-18,1.1454166410646092,nws_retro_v30
1982-09-19,1.1383333078896005,nws_retro_v30
1982-09-20,1.1299999747425318,nws_retro_v30
1982-09-21,1.120833308280756,nws_retro_v30
1982-09-22,1.1137499751057476,nws_retro_v30
1982-09-23,1.1066666419307392,nws_retro_v30
1982-09-24,1.1637499739881605,nws_retro_v30
1982-09-25,1.2724999715574086,nws_retro_v30
1982-09-26,1.1454166410646092,nws_retro_v30
1982-09-27,1.0837499757762998,nws_retro_v30
1982-09-28,1.0699999760836365,nws_retro_v30
1982-09-29,1.0608333096218605,nws_retro_v30
1982-09-30,1.054583309761559,nws_retro_v30
1982-10-01,1.0487499765586108,nws_retro_v30
1982-10-02,1.0399999767541883,nws_retro_v30
1982-10-03,1.0333333102365334,nws_retro_v30
1982-10-04,1.0279166436909388,nws_retro_v30
1982-10-05,1.0199999772012234,nws_retro_v30
1982-10-06,1.0124999773688614,nws_retro_v30
1982-10-07,1.0074999774806201,nws_retro_v30
1982-10-08,0.9999999776482582,nws_retro_v30
1982-10-09,0.9929166444732497,nws_retro_v30
1982-10-10,0.9883333112423619,nws_retro_v30
1982-10-11,0.979999978095293,nws_retro_v30
1982-10-12,0.9737499782349914,nws_retro_v30
1982-10-13,0.9695833116614568,nws_retro_v30
1982-10-14,0.959999978542328,nws_retro_v30
1982-10-15,0.9558333119687935,nws_retro_v30
1982-10-16,0.9499999787658452,nws_retro_v30
1982-10-17,0.94208331227613,nws_retro_v30
1982-10-18,0.9387499790173025,nws_retro_v30
1982-10-19,0.92999997921288,nws_retro_v30
1982-10-20,0.9258333126393458,nws_retro_v30
1982-10-21,0.9199999794363976,nws_retro_v30
1982-10-22,0.912916646261389,nws_retro_v30
1982-10-23,0.909999979659915,nws_retro_v30
1982-10-24,0.9004166465407858,nws_retro_v30
1982-10-25,0.9716666449482242,nws_retro_v30
1982-10-26,1.2791666380750637,nws_retro_v30
1982-10-27,0.9566666452835003,nws_retro_v30
1982-10-28,0.8887499801348895,nws_retro_v30
1982-10-29,0.8745833137848725,nws_retro_v30
1982-10-30,0.9795833114379396,nws_retro_v30
1982-10-31,0.8812499803025275,nws_retro_v30
1982-11-01,0.8599999807775021,nws_retro_v30
1982-11-02,0.8516666476304332,nws_retro_v30
1982-11-03,0.8499999810010195,nws_retro_v30
1982-11-04,0.8408333145392438,nws_retro_v30
1982-11-05,0.8399999812245369,nws_retro_v30
1982-11-06,0.8308333147627612,nws_retro_v30
1982-11-07,0.8299999814480543,nws_retro_v30
1982-11-08,0.8491666476863126,nws_retro_v30
1982-11-09,0.8708333138686916,nws_retro_v30
1982-11-10,0.8387499812524766,nws_retro_v30
1982-11-11,0.8129166484965632,nws_retro_v30
1982-11-12,0.8049999820068479,nws_retro_v30
1982-11-13,0.7999999821186066,nws_retro_v30
1982-11-14,0.792916648943598,nws_retro_v30
1982-11-15,0.789999982342124,nws_retro_v30
1982-11-16,0.7845833157965293,nws_retro_v30
1982-11-17,0.9699999783188105,nws_retro_v30
1982-11-18,7.331666502791147,nws_retro_v30
1982-11-19,2.9979165996580073,nws_retro_v30
1982-11-20,0.9779166448085258,nws_retro_v30
1982-11-21,0.831666648077468,nws_retro_v30
1982-11-22,0.9199999794363976,nws_retro_v30
1982-11-23,0.899583313226079,nws_retro_v30
1982-11-24,0.8383333145951232,nws_retro_v30
1982-11-25,0.7674999828450382,nws_retro_v30
1982-11-26,0.7524999831803143,nws_retro_v30
1982-11-27,1.0204166438585769,nws_retro_v30
1982-11-28,1.2166666394720476,nws_retro_v30
1982-11-29,12.323749724542722,nws_retro_v30
1982-11-30,24.177916126248117,nws_retro_v30
1982-12-01,4.9512498893309385,nws_retro_v30
1982-12-02,4.984583221919213,nws_retro_v30
1982-12-03,4.230833238766839,nws_retro_v30
1982-12-04,4.069999909028411,nws_retro_v30
1982-12-05,3.80708324823839,nws_retro_v30
1982-12-06,3.5533332539101443,nws_retro_v30
1982-12-07,3.2908332597774765,nws_retro_v30
1982-12-08,2.7666666048268476,nws_retro_v30
1982-12-09,2.664999940432608,nws_retro_v30
1982-12-10,2.880416602284337,nws_retro_v30
1982-12-11,2.9366666010270515,nws_retro_v30
1982-12-12,2.8799999356269836,nws_retro_v30
1982-12-13,3.5033332550277314,nws_retro_v30
1982-12-14,2.754583271763598,nws_retro_v30
1982-12-15,2.641249940963462,nws_retro_v30
1982-12-16,2.9166666014740863,nws_retro_v30
1982-12-17,11.068333085936805,nws_retro_v30
1982-12-18,4.058333242622514,nws_retro_v30
1982-12-19,3.1191665969478586,nws_retro_v30
1982-12-20,4.387916568589087,nws_retro_v30
1982-12-21,42.88083237487202,nws_retro_v30
1982-12-22,92.01499794330448,nws_retro_v30
1982-12-23,30.924999308772385,nws_retro_v30
1982-12-24,21.274166191151988,nws_retro_v30
1982-12-25,19.243332903211314,nws_retro_v30
1982-12-26,18.430416254714753,nws_retro_v30
1982-12-27,16.2141663042518,nws_retro_v30
1982-12-28,13.94249968836084,nws_retro_v30
1982-12-29,11.921666400196651,nws_retro_v30
1982-12-30,10.191249772207811,nws_retro_v30
1982-12-31,9.372916457165653,nws_retro_v30
1983-01-01,9.025416464932883,nws_retro_v30
1983-01-02,8.318333147404095,nws_retro_v30
1983-01-03,7.617499829735607,nws_retro_v30
1983-01-04,6.531249854015186,nws_retro_v30
1983-01-05,5.664166540062676,nws_retro_v30
1983-01-06,5.708749872399494,nws_retro_v30
1983-01-07,5.1929165505959345,nws_retro_v30
1983-01-08,4.647916562777634,nws_retro_v30
1983-01-09,3.895416579597319,nws_retro_v30
1983-01-10,3.3279165922819325,nws_retro_v30
1983-01-11,3.327083258967226,nws_retro_v30
1983-01-12,3.3324999255128205,nws_retro_v30
1983-01-13,3.5462499207351357,nws_retro_v30
1983-01-14,3.5599999204277992,nws_retro_v30
1983-01-15,3.516249921405688,nws_retro_v30
1983-01-16,4.636249896371737,nws_retro_v30
1983-01-17,7.109583174421762,nws_retro_v30
1983-01-18,19.24999956972897,nws_retro_v30
1983-01-19,30.65083264823382,nws_retro_v30
1983-01-20,7.471249833004549,nws_retro_v30
1983-01-21,9.054583130947625,nws_retro_v30
1983-01-22,96.15374785079621,nws_retro_v30
1983-01-23,32.278332611856364,nws_retro_v30
1983-01-24,183.31666256921986,nws_retro_v30
1983-01-25,31.5020826292069,nws_retro_v30
1983-01-26,52.91833215051641,nws_retro_v30
1983-01-27,188.35166245667884,nws_retro_v30
1983-01-28,32.435415941678606,nws_retro_v30
1983-01-29,104.15583100526904,nws_retro_v30
1983-01-30,34.31499923299998,nws_retro_v30
1983-01-31,23.430832809613396,nws_retro_v30
1983-02-01,22.506666163603466,nws_retro_v30
1983-02-02,26.66458273733345,nws_retro_v30
1983-02-03,22.05458284037498,nws_retro_v30
1983-02-04,18.018749597249553,nws_retro_v30
1983-02-05,47.43624893971719,nws_retro_v30
1983-02-06,64.32124856230803,nws_retro_v30
1983-02-07,83.7591647945034,nws_retro_v30
1983-02-08,107.09124760632403,nws_retro_v30
1983-02-09,31.768749289913103,nws_retro_v30
1983-02-10,27.970832708136488,nws_retro_v30
1983-02-11,24.826666111747425,nws_retro_v30
1983-02-12,85.50833142207314,nws_retro_v30
1983-02-13,35.729582534714915,nws_retro_v30
1983-02-14,23.313332812239725,nws_retro_v30
1983-02-15,22.880416155249502,nws_retro_v30
1983-02-16,21.365832855769742,nws_retro_v30
1983-02-17,16.54124963027425,nws_retro_v30
1983-02-18,46.646665624032416,nws_retro_v30
1983-02-19,21.93916617628808,nws_retro_v30
1983-02-20,14.810833002285412,nws_retro_v30
1983-02-21,14.042083019468313,nws_retro_v30
1983-02-22,15.099582995831346,nws_retro_v30
1983-02-23,20.887499533127993,nws_retro_v30
1983-02-24,45.248748988611624,nws_retro_v30
1983-02-25,75.32833164961387,nws_retro_v30
1983-02-26,38.6587491359096,nws_retro_v30
1983-02-27,85.55166475443791,nws_retro_v30
1983-02-28,103.85166434540103,nws_retro_v30
1983-03-01,188.92457911053984,nws_retro_v30
1983-03-02,175.33291274767058,nws_retro_v30
1983-03-03,67.37166516079257,nws_retro_v30
1983-03-04,50.907082195471354,nws_retro_v30
1983-03-05,45.39708231862945,nws_retro_v30
1983-03-06,33.635415914856516,nws_retro_v30
1983-03-07,48.31999891996384,nws_retro_v30
1983-03-08,27.949582708611462,nws_retro_v30
1983-03-09,36.10166585973153,nws_retro_v30
1983-03-10,28.942499353084713,nws_retro_v30
1983-03-11,32.69416593589509,nws_retro_v30
1983-03-12,31.15916597020502,nws_retro_v30
1983-03-13,114.33041411118272,nws_retro_v30
1983-03-14,30.28624932304956,nws_retro_v30
1983-03-15,25.409582765384886,nws_retro_v30
1983-03-16,38.14291581410604,nws_retro_v30
1983-03-17,45.80416564286376,nws_retro_v30
1983-03-18,40.7412490893621,nws_retro_v30
1983-03-19,23.36916614432509,nws_retro_v30
1983-03-20,27.59458271654633,nws_retro_v30
1983-03-21,47.10166561386237,nws_retro_v30
1983-03-22,57.16416538894797,nws_retro_v30
1983-03-23,33.27458258958844,nws_retro_v30
1983-03-24,69.81249843956903,nws_retro_v30
1983-03-25,30.901665975960594,nws_retro_v30
1983-03-26,23.744166135943185,nws_retro_v30
1983-03-27,54.6429154453023,nws_retro_v30
1983-03-28,26.15958274862108,nws_retro_v30
1983-03-29,19.822916223589953,nws_retro_v30
1983-03-30,18.501249586464837,nws_retro_v30
1983-03-31,18.559166251836967,nws_retro_v30
1983-04-01,15.129999661818147,nws_retro_v30
1983-04-02,14.124999684281647,nws_retro_v30
1983-04-03,12.018749731360003,nws_retro_v30
1983-04-04,10.66083309504514,nws_retro_v30
1983-04-05,9.773749781539664,nws_retro_v30
1983-04-06,9.320833124996474,nws_retro_v30
1983-04-07,9.213333127399286,nws_retro_v30
1983-04-08,9.016666465128461,nws_retro_v30
1983-04-09,8.892499801237136,nws_retro_v30
1983-04-10,8.824166469431171,nws_retro_v30
1983-04-11,8.099583152293539,nws_retro_v30
1983-04-12,7.720416494101907,nws_retro_v30
1983-04-13,7.169583173080658,nws_retro_v30
1983-04-14,6.6695831842565285,nws_retro_v30
1983-04-15,6.424166523075352,nws_retro_v30
1983-04-16,6.287916526120777,nws_retro_v30
1983-04-17,6.316666525478165,nws_retro_v30
1983-04-18,8.553333142151436,nws_retro_v30
1983-04-19,7.624583162910615,nws_retro_v30
1983-04-20,8.957499799784273,nws_retro_v30
1983-04-21,6.995833176964273,nws_retro_v30
1983-04-22,6.125833196410288,nws_retro_v30
1983-04-23,34.61041589306357,nws_retro_v30
1983-04-24,15.507082986723011,nws_retro_v30
1983-04-25,9.88958311228392,nws_retro_v30
1983-04-26,8.239583149164295,nws_retro_v30
1983-04-27,47.0629156147285,nws_retro_v30
1983-04-28,44.88333233011266,nws_retro_v30
1983-04-29,29.732082668769483,nws_retro_v30
1983-04-30,51.489998849108815,nws_retro_v30
1983-05-01,26.63166607140253,nws_retro_v30
1983-05-02,20.962499531451613,nws_retro_v30
1983-05-03,19.592916228730854,nws_retro_v30
1983-05-04,23.907499465625733,nws_retro_v30
1983-05-05,28.11499937158078,nws_retro_v30
1983-05-06,24.228749458445236,nws_retro_v30
1983-05-07,14.301249680342153,nws_retro_v30
1983-05-08,11.42749974457547,nws_retro_v30
1983-05-09,9.557499786373228,nws_retro_v30
1983-05-10,8.429999811574817,nws_retro_v30
1983-05-11,7.788749825907871,nws_retro_v30
1983-05-12,7.874166490665327,nws_retro_v30
1983-05-13,8.207916483205432,nws_retro_v30
1983-05-14,7.595833163553228,nws_retro_v30
1983-05-15,6.902499845717102,nws_retro_v30
1983-05-16,6.151249862508848,nws_retro_v30
1983-05-17,5.722916538749511,nws_retro_v30
1983-05-18,5.548749875975773,nws_retro_v30
1983-05-19,5.503333210324247,nws_retro_v30
1983-05-20,5.289583215101932,nws_retro_v30
1983-05-21,5.159999884665012,nws_retro_v30
1983-05-22,5.073333219935496,nws_retro_v30
1983-05-23,4.969999888911843,nws_retro_v30
1983-05-24,4.8995832238191115,nws_retro_v30
1983-05-25,4.767499893438071,nws_retro_v30
1983-05-26,4.687083228568857,nws_retro_v30
1983-05-27,4.615833230161418,nws_retro_v30
1983-05-28,4.538333231893678,nws_retro_v30
1983-05-29,4.463749900227413,nws_retro_v30
1983-05-30,4.383749902015552,nws_retro_v30
1983-05-31,4.309166570349286,nws_retro_v30
1983-06-01,4.258333238152166,nws_retro_v30
1983-06-02,4.23583323865508,nws_retro_v30
1983-06-03,4.1704165734505905,nws_retro_v30
1983-06-04,4.0854165753504885,nws_retro_v30
1983-06-05,4.0116665769989295,nws_retro_v30
1983-06-06,3.9474999117664993,nws_retro_v30
1983-06-07,3.892499912995845,nws_retro_v30
1983-06-08,3.8399999141693115,nws_retro_v30
1983-06-09,3.786666582028071,nws_retro_v30
1983-06-10,3.733749916544184,nws_retro_v30
1983-06-11,3.683333251004418,nws_retro_v30
1983-06-12,3.633333252122005,nws_retro_v30
1983-06-13,3.5849999198690057,nws_retro_v30
1983-06-14,3.53708325427336,nws_retro_v30
1983-06-15,3.489583255335068,nws_retro_v30
1983-06-16,3.443333256368836,nws_retro_v30
1983-06-17,3.3983332573746643,nws_retro_v30
1983-06-18,3.353749925037846,nws_retro_v30
1983-06-19,3.310416592673088,nws_retro_v30
1983-06-20,3.2674999269656837,nws_retro_v30
1983-06-21,3.2258332612303398,nws_retro_v30
1983-06-22,3.1849999288097024,nws_retro_v30
1983-06-23,3.144999929703772,nws_retro_v30
1983-06-24,3.1049999305978417,nws_retro_v30
1983-06-25,3.0662499314639717,nws_retro_v30
1983-06-26,3.0283332656448088,nws_retro_v30
1983-06-27,2.9916665997977057,nws_retro_v30
1983-06-28,2.954999933950603,nws_retro_v30
1983-06-29,2.919166601418207,nws_retro_v30
1983-06-30,2.8845832688578716,nws_retro_v30
1983-07-01,2.849999936297536,nws_retro_v30
1983-07-02,2.816249937051907,nws_retro_v30
1983-07-03,2.7833332711209855,nws_retro_v30
1983-07-04,2.7512499385047704,nws_retro_v30
1983-07-05,2.7191666058885553,nws_retro_v30
1983-07-06,2.6879166065870472,nws_retro_v30
1983-07-07,2.657499940600246,nws_retro_v30
1983-07-08,2.6274999412707984,nws_retro_v30
1983-07-09,2.597916608598704,nws_retro_v30
1983-07-10,2.5691666092413166,nws_retro_v30
1983-07-11,2.540416609883929,nws_retro_v30
1983-07-12,2.5124999438412488,nws_retro_v30
1983-07-13,2.485416611113275,nws_retro_v30
1983-07-14,2.458749945042655,nws_retro_v30
1983-07-15,2.431666612314681,nws_retro_v30
1983-07-16,2.4062499462161218,nws_retro_v30
1983-07-17,2.380416613460208,nws_retro_v30
1983-07-18,2.355833280676355,nws_retro_v30
1983-07-19,2.3308332812351487,nws_retro_v30
1983-07-20,2.307499948423356,nws_retro_v30
1983-07-21,2.28249994898215,nws_retro_v30
1983-07-22,2.259999949485064,nws_retro_v30
1983-07-23,2.2370832833306245,nws_retro_v30
1983-07-24,2.213749950518831,nws_retro_v30
1983-07-25,2.1920832843364524,nws_retro_v30
1983-07-26,2.1704166181540736,nws_retro_v30
1983-07-27,2.148749951971695,nws_retro_v30
1983-07-28,2.1274999524466693,nws_retro_v30
1983-07-29,2.106666619578997,nws_retro_v30
1983-07-30,2.0858332867113254,nws_retro_v30
1983-07-31,2.0658332871583602,nws_retro_v30
1983-08-01,2.045833287605395,nws_retro_v30
1983-08-02,2.026249954709783,nws_retro_v30
1983-08-03,2.007083288471525,nws_retro_v30
1983-08-04,1.9879166222332667,nws_retro_v30
1983-08-05,1.9695832893097156,nws_retro_v30
1983-08-06,1.9512499563861638,nws_retro_v30
1983-08-07,1.9337499567773193,nws_retro_v30
1983-08-08,1.9149999571964145,nws_retro_v30
1983-08-09,1.8974999575875697,nws_retro_v30
1983-08-10,1.8808332912934322,nws_retro_v30
1983-08-11,1.8641666249992948,nws_retro_v30
1983-08-12,1.8458332920757432,nws_retro_v30
1983-08-13,1.8299999590963125,nws_retro_v30
1983-08-14,1.8141666261168818,nws_retro_v30
1983-08-15,1.7970832931653906,nws_retro_v30
1983-08-16,1.7820832935006667,nws_retro_v30
1983-08-17,1.7658332938638825,nws_retro_v30
1983-08-18,1.7508332941991587,nws_retro_v30
1983-08-19,1.7354166278770815,nws_retro_v30
1983-08-20,1.720833294869711,nws_retro_v30
1983-08-21,1.7054166285476338,nws_retro_v30
1983-08-22,1.6916666288549702,nws_retro_v30
1983-08-23,1.6762499625328928,nws_retro_v30
1983-08-24,1.663333296154936,nws_retro_v30
1983-08-25,1.647916629832859,nws_retro_v30
1983-08-26,1.6349999634549022,nws_retro_v30
1983-08-27,1.6216666304195921,nws_retro_v30
1983-08-28,1.6070832974122213,nws_retro_v30
1983-08-29,1.5945832976916183,nws_retro_v30
1983-08-30,1.582083297971015,nws_retro_v30
1983-08-31,1.5679166316209983,nws_retro_v30
1983-09-01,1.555416631900395,nws_retro_v30
1983-09-02,1.543333298837145,nws_retro_v30
1983-09-03,1.5312499657738954,nws_retro_v30
1983-09-04,1.5179166327385853,nws_retro_v30
1983-09-05,1.5058332996753354,nws_retro_v30
1983-09-06,1.4941666332694392,nws_retro_v30
1983-09-07,1.4829166335208959,nws_retro_v30
1983-09-08,1.471249967115,nws_retro_v30
1983-09-09,1.4587499673943967,nws_retro_v30
1983-09-10,1.4474999676458538,nws_retro_v30
1983-09-11,1.4362499678973109,nws_retro_v30
1983-09-12,1.4254166348061215,nws_retro_v30
1983-09-13,1.4145833017149319,nws_retro_v30
1983-09-14,1.4037499686237425,nws_retro_v30
1983-09-15,1.392916635532553,nws_retro_v30
1983-09-16,1.3820833024413635,nws_retro_v30
1983-09-17,1.3716666360075271,nws_retro_v30
1983-09-18,1.3612499695736915,nws_retro_v30
1983-09-19,1.351249969797209,nws_retro_v30
1983-09-20,1.3408333033633728,nws_retro_v30
1983-09-21,1.3308333035868902,nws_retro_v30
1983-09-22,1.3208333038104076,nws_retro_v30
1983-09-23,1.3108333040339253,nws_retro_v30
1983-09-24,1.301249970914796,nws_retro_v30
1983-09-25,1.291666637795667,nws_retro_v30
1983-09-26,1.2820833046765376,nws_retro_v30
1983-09-27,1.272916638214762,nws_retro_v30
1983-09-28,1.263749971752986,nws_retro_v30
1983-09-29,1.2545833052912105,nws_retro_v30
1983-09-30,3.7370832498030118,nws_retro_v30
1983-10-01,1.7837499601300806,nws_retro_v30
1983-10-02,1.2774999714456499,nws_retro_v30
1983-10-03,1.2245833059617628,nws_retro_v30
1983-10-04,1.2108333062690992,nws_retro_v30
1983-10-05,1.2012499731499704,nws_retro_v30
1983-10-06,1.1929166400029014,nws_retro_v30
1983-10-07,1.1849999735131862,nws_retro_v30
1983-10-08,1.1766666403661172,nws_retro_v30
1983-10-09,1.1691666405337553,nws_retro_v30
1983-10-10,1.1599999740719795,nws_retro_v30
1983-10-11,1.1512499742675573,nws_retro_v30
1983-10-12,1.1437499744351953,nws_retro_v30
1983-10-13,1.136666641260187,nws_retro_v30
1983-10-14,1.1295833080851783,nws_retro_v30
1983-10-15,1.1199999749660492,nws_retro_v30
1983-10-16,1.1124999751336873,nws_retro_v30
1983-10-17,1.1058333086160321,nws_retro_v30
1983-10-18,1.0991666420983772,nws_retro_v30
1983-10-19,1.0899999756366014,nws_retro_v30
1983-10-20,1.0824999758042395,nws_retro_v30
1983-10-21,1.0762499759439381,nws_retro_v30
1983-10-22,1.0699999760836365,nws_retro_v30
1983-10-23,1.0604166429645072,nws_retro_v30
1983-10-24,1.054583309761559,nws_retro_v30
1983-10-25,1.0487499765586108,nws_retro_v30
1983-10-26,1.0399999767541883,nws_retro_v30
1983-10-27,1.0333333102365334,nws_retro_v30
1983-10-28,1.0279166436909388,nws_retro_v30
1983-10-29,1.0229166438026975,nws_retro_v30
1983-10-30,1.0245833104321111,nws_retro_v30
1983-10-31,1.0099999774247408,nws_retro_v30
1983-11-01,0.9999999776482582,nws_retro_v30
1983-11-02,0.9933333111306032,nws_retro_v30
1983-11-03,0.9891666445570687,nws_retro_v30
1983-11-04,0.979999978095293,nws_retro_v30
1983-11-05,0.9749999782070518,nws_retro_v30
1983-11-06,0.9699999783188104,nws_retro_v30
1983-11-07,0.9608333118570349,nws_retro_v30
1983-11-08,0.9570833119408538,nws_retro_v30
1983-11-09,0.9499999787658452,nws_retro_v30
1983-11-10,3.036249932134524,nws_retro_v30
1983-11-11,10.656666428471604,nws_retro_v30
1983-11-12,2.512916610498602,nws_retro_v30
1983-11-13,2.3649999471381307,nws_retro_v30
1983-11-14,1.3249999703839421,nws_retro_v30
1983-11-15,1.000833310962965,nws_retro_v30
1983-11-16,2.7554166050783047,nws_retro_v30
1983-11-17,2.9029166017814227,nws_retro_v30
1983-11-18,2.0408332877171538,nws_retro_v30
1983-11-19,1.8166666260610025,nws_retro_v30
1983-11-20,7.2066665055851145,nws_retro_v30
1983-11-21,2.265416616030658,nws_retro_v30
1983-11-22,1.7899999599903822,nws_retro_v30
1983-11-23,4.225416572221245,nws_retro_v30
1983-11-24,19.542499563191086,nws_retro_v30
1983-11-25,10.14624977321364,nws_retro_v30
1983-11-26,5.635416540705289,nws_retro_v30
1983-11-27,6.092916530479367,nws_retro_v30
1983-11-28,6.343749858206138,nws_retro_v30
1983-11-29,6.9924998437054455,nws_retro_v30
1983-11-30,7.938333155897756,nws_retro_v30
1983-12-01,6.770416515336062,nws_retro_v30
1983-12-02,12.774999714456499,nws_retro_v30
1983-12-03,43.012082371938355,nws_retro_v30
1983-12-04,11.629166406734535,nws_retro_v30
1983-12-05,8.544166475689659,nws_retro_v30
1983-12-06,8.836666469151774,nws_retro_v30
1983-12-07,8.697916472253079,nws_retro_v30
1983-12-08,11.923749733483419,nws_retro_v30
1983-12-09,60.90958197189806,nws_retro_v30
1983-12-10,29.70874933595769,nws_retro_v30
1983-12-11,30.564165983504306,nws_retro_v30
1983-12-12,17.865416267343488,nws_retro_v30
1983-12-13,15.858749645529315,nws_retro_v30
1983-12-14,17.06291628528076,nws_retro_v30
1983-12-15,14.517916342165941,nws_retro_v30
1983-12-16,12.813749713590369,nws_retro_v30
1983-12-17,14.163333016758164,nws_retro_v30
1983-12-18,10.908333089513084,nws_retro_v30
1983-12-19,9.532916453589374,nws_retro_v30
1983-12-20,8.477083143855756,nws_retro_v30
1983-12-21,6.938749844906852,nws_retro_v30
1983-12-22,12.567916385751838,nws_retro_v30
1983-12-23,11.53041640894177,nws_retro_v30
1983-12-24,54.28041545340481,nws_retro_v30
1983-12-25,87.14958138538834,nws_retro_v30
1983-12-26,28.95666601943473,nws_retro_v30
1983-12-27,34.03791590585994,nws_retro_v30
1983-12-28,22.382916166369494,nws_retro_v30
1983-12-29,31.476665963108342,nws_retro_v30
1983-12-30,28.223332702492673,nws_retro_v30
1983-12-31,20.38791621096122,nws_retro_v30
1984-01-01,15.407082988958186,nws_retro_v30
1984-01-02,12.993749709567055,nws_retro_v30
1984-01-03,11.826666402320066,nws_retro_v30
1984-01-04,11.017499753739685,nws_retro_v30
1984-01-05,10.530416431293512,nws_retro_v30
1984-01-06,9.743749782210216,nws_retro_v30
1984-01-07,8.938749800203368,nws_retro_v30
1984-01-08,8.17124981735833,nws_retro_v30
1984-01-09,7.371249835239723,nws_retro_v30
1984-01-10,7.3137498365249485,nws_retro_v30
1984-01-11,7.095416508071746,nws_retro_v30
1984-01-12,6.254999860189855,nws_retro_v30
1984-01-13,6.2395831938677775,nws_retro_v30
1984-01-14,6.714166516593347,nws_retro_v30
1984-01-15,7.479583166151618,nws_retro_v30
1984-01-16,9.397499789949507,nws_retro_v30
1984-01-17,6.127499863039702,nws_retro_v30
1984-01-18,5.7429165383024765,nws_retro_v30
1984-01-19,5.6616665401185555,nws_retro_v30
1984-01-20,5.864583202249681,nws_retro_v30
1984-01-21,8.616249807411805,nws_retro_v30
1984-01-22,6.102499863598496,nws_retro_v30
1984-01-23,5.3387498806696385,nws_retro_v30
1984-01-24,4.6670832290158915,nws_retro_v30
1984-01-25,4.190416573003556,nws_retro_v30
1984-01-26,3.8087499148678035,nws_retro_v30
1984-01-27,3.3329165921701738,nws_retro_v30
1984-01-28,3.373333257933458,nws_retro_v30
1984-01-29,3.543749920791015,nws_retro_v30
1984-01-30,3.5812499199528247,nws_retro_v30
1984-01-31,3.613749919226393,nws_retro_v30
1984-02-01,3.7354165831735977,nws_retro_v30
1984-02-02,3.7195832501941672,nws_retro_v30
1984-02-03,3.5987499195616692,nws_retro_v30
1984-02-04,3.3412499253172427,nws_retro_v30
1984-02-05,3.3079165927289673,nws_retro_v30
1984-02-06,3.2899999264627695,nws_retro_v30
1984-02-07,3.172083262431746,nws_retro_v30
1984-02-08,3.0762499312404543,nws_retro_v30
1984-02-09,6.039166531680773,nws_retro_v30
1984-02-10,4.8754165576926125,nws_retro_v30
1984-02-11,3.426666590074698,nws_retro_v30
1984-02-12,5.30499988142401,nws_retro_v30
1984-02-13,5.450416544840361,nws_retro_v30
1984-02-14,9.07333313052853,nws_retro_v30
1984-02-15,7.134583173862969,nws_retro_v30
1984-02-16,8.307916480970258,nws_retro_v30
1984-02-17,5.457083211358015,nws_retro_v30
1984-02-18,4.572083231139307,nws_retro_v30
1984-02-19,4.766666560123364,nws_retro_v30
1984-02-20,4.964583222366248,nws_retro_v30
1984-02-21,8.23791648253488,nws_retro_v30
1984-02-22,5.403749879216775,nws_retro_v30
1984-02-23,4.641249896259978,nws_retro_v30
1984-02-24,4.80374989262782,nws_retro_v30
1984-02-25,4.613333230217298,nws_retro_v30
1984-02-26,4.019166576831291,nws_retro_v30
1984-02-27,3.844999914057553,nws_retro_v30
1984-02-28,3.645833251842608,nws_retro_v30
1984-02-29,3.6624999181367457,nws_retro_v30
1984-03-01,3.5145832547762743,nws_retro_v30
1984-03-02,3.589999919757247,nws_retro_v30
1984-03-03,3.192083261984711,nws_retro_v30
1984-03-04,2.8870832688019923,nws_retro_v30
1984-03-05,2.7099999394267797,nws_retro_v30
1984-03-06,2.6691666070061424,nws_retro_v30
1984-03-07,2.74999993853271,nws_retro_v30
1984-03-08,2.7816666044915714,nws_retro_v30
1984-03-09,2.7399999387562275,nws_retro_v30
1984-03-10,2.679999940097332,nws_retro_v30
1984-03-11,2.5991666085707648,nws_retro_v30
1984-03-12,7.279166503964613,nws_retro_v30
1984-03-13,5.541249876143411,nws_retro_v30
1984-03-14,9.03708313133878,nws_retro_v30
1984-03-15,4.416666567946474,nws_retro_v30
1984-03-16,3.171666595774392,nws_retro_v30
1984-03-17,11.191666416513423,nws_retro_v30
1984-03-18,4.1537499071564525,nws_retro_v30
1984-03-19,3.5954165863028416,nws_retro_v30
1984-03-20,3.60249991947785,nws_retro_v30
1984-03-21,3.6254165856322893,nws_retro_v30
1984-03-22,3.315833259218683,nws_retro_v30
1984-03-23,3.0729165979816266,nws_retro_v30
1984-03-24,2.951249934034422,nws_retro_v30
1984-03-25,2.8591666027593114,nws_retro_v30
1984-03-26,2.714999939315021,nws_retro_v30
1984-03-27,2.6462499408517033,nws_retro_v30
1984-03-28,2.4495832785808793,nws_retro_v30
1984-03-29,2.337916614410157,nws_retro_v30
1984-03-30,2.2716666158909598,nws_retro_v30
1984-03-31,2.629583274557566,nws_retro_v30
1984-04-01,2.539166609911869,nws_retro_v30
1984-04-02,2.400416613013173,nws_retro_v30
1984-04-03,2.266249949345365,nws_retro_v30
1984-04-04,2.2220832836659,nws_retro_v30
1984-04-05,2.201249950798228,nws_retro_v30
1984-04-06,2.1654166182658323,nws_retro_v30
1984-04-07,2.1341666189643242,nws_retro_v30
1984-04-08,2.5187499437015504,nws_retro_v30
1984-04-09,2.267916615974779,nws_retro_v30
1984-04-10,2.5283332768206797,nws_retro_v30
1984-04-11,2.3345832811513296,nws_retro_v30
1984-04-12,2.0529166207804033,nws_retro_v30
1984-04-13,2.0079166217862316,nws_retro_v30
1984-04-14,1.9820832890303184,nws_retro_v30
1984-04-15,1.9633332894494135,nws_retro_v30
1984-04-16,1.9479166231273364,nws_retro_v30
1984-04-17,1.9274999569170177,nws_retro_v30
1984-04-18,3.838749914197251,nws_retro_v30
1984-04-19,2.7874999376945198,nws_retro_v30
1984-04-20,1.9516666230435173,nws_retro_v30
1984-04-21,1.8687499582301825,nws_retro_v30
1984-04-22,1.8449999587610364,nws_retro_v30
1984-04-23,1.825833292522778,nws_retro_v30
1984-04-24,1.8133332928021748,nws_retro_v30
1984-04-25,1.798333293137451,nws_retro_v30
1984-04-26,1.7804166268712531,nws_retro_v30
1984-04-27,1.764166627234469,nws_retro_v30
1984-04-28,1.7470832942829781,nws_retro_v30
1984-04-29,1.7341666279050212,nws_retro_v30
1984-04-30,1.7191666282402973,nws_retro_v30
1984-05-01,1.7049999618902802,nws_retro_v30
1984-05-02,1.6912499621976167,nws_retro_v30
1984-05-03,1.6762499625328928,nws_retro_v30
1984-05-04,1.663333296154936,nws_retro_v30
1984-05-05,1.6487499631475657,nws_retro_v30
1984-05-06,1.6349999634549022,nws_retro_v30
1984-05-07,1.622499963734299,nws_retro_v30
1984-05-08,1.6070832974122213,nws_retro_v30
1984-05-09,1.5945832976916183,nws_retro_v30
1984-05-10,1.5816666313136618,nws_retro_v30
1984-05-11,1.5670832983062912,nws_retro_v30
1984-05-12,1.5549999652430415,nws_retro_v30
1984-05-13,1.5424999655224383,nws_retro_v30
1984-05-14,1.527916632515068,nws_retro_v30
1984-05-15,1.515833299451818,nws_retro_v30
1984-05-16,1.5037499663885683,nws_retro_v30
1984-05-17,1.491249966667965,nws_retro_v30
1984-05-18,1.4774999669753013,nws_retro_v30
1984-05-19,1.465833300569405,nws_retro_v30
1984-05-20,1.4541666341635089,nws_retro_v30
1984-05-21,1.442083301100259,nws_retro_v30
1984-05-22,1.4295833013796557,nws_retro_v30
1984-05-23,1.4174999683164062,nws_retro_v30
1984-05-24,1.406249968567863,nws_retro_v30
1984-05-25,1.3949999688193202,nws_retro_v30
1984-05-26,1.3837499690707773,nws_retro_v30
1984-05-27,1.3724999693222342,nws_retro_v30
1984-05-28,1.361666636231045,nws_retro_v30
1984-05-29,1.3499999698251486,nws_retro_v30
1984-05-30,1.3391666367339592,nws_retro_v30
1984-05-31,1.3283333036427696,nws_retro_v30
1984-06-01,1.3179166372089337,nws_retro_v30
1984-06-02,1.3074999707750978,nws_retro_v30
1984-06-03,1.2970833043412615,nws_retro_v30
1984-06-04,1.2866666379074256,nws_retro_v30
1984-06-05,1.276666638130943,nws_retro_v30
1984-06-06,1.4087499685119838,nws_retro_v30
1984-06-07,1.4054166352531563,nws_retro_v30
1984-06-08,1.2629166384382795,nws_retro_v30
1984-06-09,1.2391666389691334,nws_retro_v30
1984-06-10,1.2283333058779438,nws_retro_v30
1984-06-11,1.2191666394161682,nws_retro_v30
1984-06-12,1.2099999729543924,nws_retro_v30
1984-06-13,1.19999997317791,nws_retro_v30
1984-06-14,1.190833306716134,nws_retro_v30
1984-06-15,1.1816666402543585,nws_retro_v30
1984-06-16,1.1729166404499363,nws_retro_v30
1984-06-17,1.1645833073028673,nws_retro_v30
1984-06-18,1.1562499741557986,nws_retro_v30
1984-06-19,1.1479166410087298,nws_retro_v30
1984-06-20,1.1395833078616608,nws_retro_v30
1984-06-21,1.1299999747425318,nws_retro_v30
1984-06-22,1.121666641595463,nws_retro_v30
1984-06-23,1.1137499751057476,nws_retro_v30
1984-06-24,1.1062499752733856,nws_retro_v30
1984-06-25,1.0987499754410237,nws_retro_v30
1984-06-26,1.0899999756366014,nws_retro_v30
1984-06-27,1.0816666424895327,nws_retro_v30
1984-06-28,1.0741666426571708,nws_retro_v30
1984-06-29,1.0674999761395159,nws_retro_v30
1984-06-30,1.0599999763071537,nws_retro_v30
1984-07-01,1.050833309845378,nws_retro_v30
1984-07-02,1.0441666433277228,nws_retro_v30
1984-07-03,1.0379166434674212,nws_retro_v30
1984-07-04,1.029999976977706,nws_retro_v30
1984-07-05,1.0216666438306372,nws_retro_v30
1984-07-06,1.015833310627689,nws_retro_v30
1984-07-07,1.0099999774247408,nws_retro_v30
1984-07-08,0.9999999776482582,nws_retro_v30
1984-07-09,0.9945833111026635,nws_retro_v30
1984-07-10,0.9891666445570687,nws_retro_v30
1984-07-11,0.979999978095293,nws_retro_v30
1984-07-12,0.9741666448923448,nws_retro_v30
1984-07-13,0.9691666450041034,nws_retro_v30
1984-07-14,0.959999978542328,nws_retro_v30
1984-07-15,0.9545833119967332,nws_retro_v30
1984-07-16,0.9499999787658452,nws_retro_v30
1984-07-17,0.9404166456467163,nws_retro_v30
1984-07-18,0.9362499790731817,nws_retro_v30
1984-07-19,0.92999997921288,nws_retro_v30
1984-07-20,0.9224999793805182,nws_retro_v30
1984-07-21,0.9187499794643372,nws_retro_v30
1984-07-22,0.909999979659915,nws_retro_v30
1984-07-23,0.9054166464290271,nws_retro_v30
1984-07-24,0.8999999798834324,nws_retro_v30
1984-07-25,0.8924999800510705,nws_retro_v30
1984-07-26,0.8899999801069498,nws_retro_v30
1984-07-27,0.8799999803304672,nws_retro_v30
1984-07-28,0.8762499804142863,nws_retro_v30
1984-07-29,0.8699999805539846,nws_retro_v30
1984-07-30,0.8641666473510364,nws_retro_v30
1984-07-31,0.8599999807775021,nws_retro_v30
1984-08-01,0.8524999809451401,nws_retro_v30
1984-08-02,0.8499999810010195,nws_retro_v30
1984-08-03,0.8408333145392438,nws_retro_v30
1984-08-04,0.8395833145671835,nws_retro_v30
1984-08-05,0.8299999814480543,nws_retro_v30
1984-08-06,0.828749981475994,nws_retro_v30
1984-08-07,0.8199999816715717,nws_retro_v30
1984-08-08,0.818333315042158,nws_retro_v30
1984-08-09,0.8099999818950891,nws_retro_v30
1984-08-10,0.8079166486083219,nws_retro_v30
1984-08-11,0.7999999821186066,nws_retro_v30
1984-08-12,0.7983333154891928,nws_retro_v30
1984-08-13,0.789999982342124,nws_retro_v30
1984-08-14,0.7887499823700637,nws_retro_v30
1984-08-15,0.7799999825656414,nws_retro_v30
1984-08-16,0.779583315908288,nws_retro_v30
1984-08-17,0.7699999827891588,nws_retro_v30
1984-08-18,0.7699999827891588,nws_retro_v30
1984-08-19,0.7604166496700296,nws_retro_v30
1984-08-20,0.7599999830126762,nws_retro_v30
1984-08-21,0.7524999831803143,nws_retro_v30
1984-08-22,0.7499999832361937,nws_retro_v30
1984-08-23,0.744583316690599,nws_retro_v30
1984-08-24,0.7399999834597111,nws_retro_v30
1984-08-25,0.737083316858237,nws_retro_v30
1984-08-26,0.7299999836832285,nws_retro_v30
1984-08-27,0.7299999836832285,nws_retro_v30
1984-08-28,0.7199999839067459,nws_retro_v30
1984-08-29,0.7199999839067459,nws_retro_v30
1984-08-30,0.7137499840464443,nws_retro_v30
1984-08-31,0.7099999841302633,nws_retro_v30
1984-09-01,0.7074999841861427,nws_retro_v30
1984-09-02,0.6999999843537807,nws_retro_v30
1984-09-03,0.6999999843537807,nws_retro_v30
1984-09-04,0.6920833178640654,nws_retro_v30
1984-09-05,0.6899999845772982,nws_retro_v30
1984-09-06,0.6870833179758241,nws_retro_v30
1984-09-07,0.6799999848008156,nws_retro_v30
1984-09-08,0.6799999848008156,nws_retro_v30
1984-09-09,0.6724999849684536,nws_retro_v30
1984-09-10,0.669999985024333,nws_retro_v30
1984-09-11,0.6683333183949193,nws_retro_v30
1984-09-12,0.6599999852478504,nws_retro_v30
1984-09-13,0.6599999852478504,nws_retro_v30
1984-09-14,0.6549999853596091,nws_retro_v30
1984-09-15,0.6499999854713678,nws_retro_v30
1984-09-16,0.6499999854713678,nws_retro_v30
1984-09-17,0.6420833189816525,nws_retro_v30
1984-09-18,0.6399999856948853,nws_retro_v30
1984-09-19,0.6399999856948853,nws_retro_v30
1984-09-20,0.6329166525198767,nws_retro_v30
1984-09-21,0.6299999859184027,nws_retro_v30
1984-09-22,0.6279166526316354,nws_retro_v30
1984-09-23,0.6199999861419201,nws_retro_v30
1984-09-24,0.6199999861419201,nws_retro_v30
1984-09-25,0.617083319540446,nws_retro_v30
1984-09-26,0.6099999863654375,nws_retro_v30
1984-09-27,0.6099999863654375,nws_retro_v30
1984-09-28,0.6066666531066099,nws_retro_v30
1984-09-29,0.5999999865889549,nws_retro_v30
1984-09-30,0.5999999865889549,nws_retro_v30
1984-10-01,0.5966666533301274,nws_retro_v30
1984-10-02,0.5899999868124723,nws_retro_v30
1984-10-03,0.5899999868124723,nws_retro_v30
1984-10-04,0.5879166535257051,nws_retro_v30
1984-10-05,0.5799999870359898,nws_retro_v30
1984-10-06,0.5799999870359898,nws_retro_v30
1984-10-07,0.5795833203786364,nws_retro_v30
1984-10-08,0.5699999872595072,nws_retro_v30
1984-10-09,0.5699999872595072,nws_retro_v30
1984-10-10,0.5699999872595072,nws_retro_v30
1984-10-11,1.3745833026090015,nws_retro_v30
1984-10-12,0.8924999800510705,nws_retro_v30
1984-10-13,0.5816666536654035,nws_retro_v30
1984-10-14,0.557499987538904,nws_retro_v30
1984-10-15,0.5637499873992056,nws_retro_v30
1984-10-16,0.6024999865330756,nws_retro_v30
1984-10-17,0.6512499854434282,nws_retro_v30
1984-10-18,0.5524999876506627,nws_retro_v30
1984-10-19,0.5399999879300594,nws_retro_v30
1984-10-20,0.5399999879300594,nws_retro_v30
1984-10-21,0.5345833213844647,nws_retro_v30
1984-10-22,0.5299999881535769,nws_retro_v30
1984-10-23,0.5299999881535769,nws_retro_v30
1984-10-24,0.5299999881535769,nws_retro_v30
1984-10-25,0.5204166550344477,nws_retro_v30
1984-10-26,0.5199999883770943,nws_retro_v30
1984-10-27,0.5199999883770943,nws_retro_v30
1984-10-28,0.517916655090327,nws_retro_v30
1984-10-29,0.5099999886006117,nws_retro_v30
1984-10-30,0.5099999886006117,nws_retro_v30
1984-10-31,0.5099999886006117,nws_retro_v30
1984-11-01,0.5054166553697238,nws_retro_v30
1984-11-02,0.4999999888241291,nws_retro_v30
1984-11-03,0.5020833221108963,nws_retro_v30
1984-11-04,0.4999999888241291,nws_retro_v30
1984-11-05,0.49458332227853435,nws_retro_v30
1984-11-06,0.5291666548388699,nws_retro_v30
1984-11-07,0.49124998901970685,nws_retro_v30
1984-11-08,0.6333333191772302,nws_retro_v30
1984-11-09,0.5037499887403101,nws_retro_v30
1984-11-10,0.5174999884329736,nws_retro_v30
1984-11-11,0.4949999889358878,nws_retro_v30
1984-11-12,0.4799999892711639,nws_retro_v30
1984-11-13,3.374583257905518,nws_retro_v30
1984-11-14,1.0583333096777399,nws_retro_v30
1984-11-15,0.7566666497538487,nws_retro_v30
1984-11-16,3.1849999288097024,nws_retro_v30
1984-11-17,1.5095832995915164,nws_retro_v30
1984-11-18,1.0487499765586108,nws_retro_v30
1984-11-19,0.8116666485245029,nws_retro_v30
1984-11-20,0.8199999816715717,nws_retro_v30
1984-11-21,0.7099999841302633,nws_retro_v30
1984-11-22,0.521666655006508,nws_retro_v30
1984-11-23,0.486666655788819,nws_retro_v30
1984-11-24,2.361666613879303,nws_retro_v30
1984-11-25,1.2570833052353312,nws_retro_v30
1984-11-26,0.8549999808892608,nws_retro_v30
1984-11-27,2.8091666038768985,nws_retro_v30
1984-11-28,8.62916647378976,nws_retro_v30
1984-11-29,1.7108332950932283,nws_retro_v30
1984-11-30,1.0912499756086618,nws_retro_v30
1984-12-01,1.310833304033925,nws_retro_v30
1984-12-02,2.431666612314681,nws_retro_v30
1984-12-03,1.8524999585933983,nws_retro_v30
1984-12-04,1.164166640645514,nws_retro_v30
1984-12-05,1.8249999592080712,nws_retro_v30
1984-12-06,1.5504166320121537,nws_retro_v30
1984-12-07,1.3770833025531222,nws_retro_v30
1984-12-08,1.2583333052073915,nws_retro_v30
1984-12-09,1.2745833048441757,nws_retro_v30
1984-12-10,5.002499888185412,nws_retro_v30
1984-12-11,2.6512499407399446,nws_retro_v30
1984-12-12,1.710416628435875,nws_retro_v30
1984-12-13,1.4495833009326209,nws_retro_v30
1984-12-14,1.3233333037545283,nws_retro_v30
1984-12-15,3.2704165935671576,nws_retro_v30
1984-12-16,4.796666559452812,nws_retro_v30
1984-12-17,1.921249957056716,nws_retro_v30
1984-12-18,1.7958332931933303,nws_retro_v30
1984-12-19,1.8587499584537,nws_retro_v30
1984-12-20,1.9083332906787593,nws_retro_v30
1984-12-21,1.8837499578949064,nws_retro_v30
1984-12-22,1.7129166283799957,nws_retro_v30
1984-12-23,1.5791666313695412,nws_retro_v30
1984-12-24,1.50999996624887,nws_retro_v30
1984-12-25,1.4141666350575786,nws_retro_v30
1984-12-26,1.7220832948417713,nws_retro_v30
1984-12-27,1.860833291740467,nws_retro_v30
1984-12-28,1.4933332999547322,nws_retro_v30
1984-12-29,1.4208333015752335,nws_retro_v30
1984-12-30,1.4195833016031731,nws_retro_v30
1984-12-31,1.3416666366780798,nws_retro_v30
1985-01-01,1.2449999721720815,nws_retro_v30
1985-01-02,1.1879166401146601,nws_retro_v30
1985-01-03,1.1845833068558327,nws_retro_v30
1985-01-04,1.1333333080013592,nws_retro_v30
1985-01-05,1.089583308979248,nws_retro_v30
1985-01-06,1.1691666405337553,nws_retro_v30
1985-01-07,4.6391665629732115,nws_retro_v30
1985-01-08,2.9454166008314737,nws_retro_v30
1985-01-09,1.7262499614153057,nws_retro_v30
1985-01-10,1.67833329581966,nws_retro_v30
1985-01-11,1.4129166350855182,nws_retro_v30
1985-01-12,1.369166636063407,nws_retro_v30
1985-01-13,1.4037499686237425,nws_retro_v30
1985-01-14,1.3808333024693031,nws_retro_v30
1985-01-15,1.2245833059617628,nws_retro_v30
1985-01-16,1.1324999746866524,nws_retro_v30
1985-01-17,1.099999975413084,nws_retro_v30
1985-01-18,1.1008333087277908,nws_retro_v30
1985-01-19,1.069583309426283,nws_retro_v30
1985-01-20,1.0420833100409557,nws_retro_v30
1985-01-21,1.0216666438306372,nws_retro_v30
1985-01-22,1.0191666438865166,nws_retro_v30
1985-01-23,0.99416664444531,nws_retro_v30
1985-01-24,0.9812499780673534,nws_retro_v30
1985-01-25,0.9629166451438019,nws_retro_v30
1985-01-26,0.9862499779555947,nws_retro_v30
1985-01-27,0.9691666450041035,nws_retro_v30
1985-01-28,1.2579166385500382,nws_retro_v30
1985-01-29,1.4908333000106115,nws_retro_v30
1985-01-30,1.0266666437188785,nws_retro_v30
1985-01-31,0.9104166463172684,nws_retro_v30
1985-02-01,0.8687499805819243,nws_retro_v30
1985-02-02,1.1829166402264188,nws_retro_v30
1985-02-03,1.093333308895429,nws_retro_v30
1985-02-04,1.0104166440820943,nws_retro_v30
1985-02-05,0.9216666460658113,nws_retro_v30
1985-02-06,0.9324999791570008,nws_retro_v30
1985-02-07,8.138749818084762,nws_retro_v30
1985-02-08,33.867499243002385,nws_retro_v30
1985-02-09,9.544583119995272,nws_retro_v30
1985-02-10,5.468333211106558,nws_retro_v30
1985-02-11,6.510416521147515,nws_retro_v30
1985-02-12,6.680416517347719,nws_retro_v30
1985-02-13,6.310416525617863,nws_retro_v30
1985-02-14,5.515833210044851,nws_retro_v30
1985-02-15,4.60749989701435,nws_retro_v30
1985-02-16,3.854583247176682,nws_retro_v30
1985-02-17,3.5487499206792563,nws_retro_v30
1985-02-18,3.337916592058415,nws_retro_v30
1985-02-19,3.0724999313242733,nws_retro_v30
1985-02-20,2.9679166003285595,nws_retro_v30
1985-02-21,2.137499952223152,nws_retro_v30
1985-02-22,1.7549999607726932,nws_retro_v30
1985-02-23,1.720833294869711,nws_retro_v30
1985-02-24,1.8279166258095454,nws_retro_v30
1985-02-25,1.7887499600183219,nws_retro_v30
1985-02-26,1.6620832961828758,nws_retro_v30
1985-02-27,1.582083297971015,nws_retro_v30
1985-02-28,1.590416631118084,nws_retro_v30
1985-03-01,1.5504166320121537,nws_retro_v30
1985-03-02,2.345416614242519,nws_retro_v30
1985-03-03,1.8499999586492777,nws_retro_v30
1985-03-04,5.275833215409269,nws_retro_v30
1985-03-05,4.307916570377226,nws_retro_v30
1985-03-06,14.513749675592408,nws_retro_v30
1985-03-07,14.932082999575263,nws_retro_v30
1985-03-08,4.359583235889052,nws_retro_v30
1985-03-09,4.163749906932935,nws_retro_v30
1985-03-10,14.304999680258334,nws_retro_v30
1985-03-11,10.347499768715352,nws_retro_v30
1985-03-12,7.987083154808109,nws_retro_v30
1985-03-13,6.3299998585134745,nws_retro_v30
1985-03-14,5.822916536514337,nws_retro_v30
1985-03-15,5.539166542856644,nws_retro_v30
1985-03-16,5.2999998815357685,nws_retro_v30
1985-03-17,5.598333208200832,nws_retro_v30
1985-03-18,11.385416412182773,nws_retro_v30
1985-03-19,5.885833201774706,nws_retro_v30
1985-03-20,5.276249882066622,nws_retro_v30
1985-03-21,3.7699999157339334,nws_retro_v30
1985-03-22,2.904583268410837,nws_retro_v30
1985-03-23,2.682916606698806,nws_retro_v30
1985-03-24,2.68458327332822,nws_retro_v30
1985-03-25,4.329999903216958,nws_retro_v30
1985-03-26,16.47791629835653,nws_retro_v30
1985-03-27,32.209582613393046,nws_retro_v30
1985-03-28,11.667916405868406,nws_retro_v30
1985-03-29,7.5833331638326245,nws_retro_v30
1985-03-30,7.42041650080743,nws_retro_v30
1985-03-31,7.26541650427195,nws_retro_v30
1985-04-01,6.1158331966338055,nws_retro_v30
1985-04-02,5.523749876534566,nws_retro_v30
1985-04-03,4.594583230636393,nws_retro_v30
1985-04-04,3.516666588063041,nws_retro_v30
1985-04-05,2.9849999332800508,nws_retro_v30
1985-04-06,2.9308332678241036,nws_retro_v30
1985-04-07,2.727083272378271,nws_retro_v30
1985-04-08,2.3149999482557178,nws_retro_v30
1985-04-09,2.09124995325692,nws_retro_v30
1985-04-10,2.0645832871863,nws_retro_v30
1985-04-11,1.9991666219818096,nws_retro_v30
1985-04-12,1.8487499586772174,nws_retro_v30
1985-04-13,1.6995832953446854,nws_retro_v30
1985-04-14,1.6345832967975487,nws_retro_v30
1985-04-15,1.6637499628122896,nws_retro_v30
1985-04-16,1.67833329581966,nws_retro_v30
1985-04-17,2.5699999425560236,nws_retro_v30
1985-04-18,1.8470832920478035,nws_retro_v30
1985-04-19,1.6720832959593583,nws_retro_v30
1985-04-20,1.597083297635739,nws_retro_v30
1985-04-21,1.731249961303547,nws_retro_v30
1985-04-22,1.7549999607726932,nws_retro_v30
1985-04-23,1.5870832978592564,nws_retro_v30
1985-04-24,1.4991666331576805,nws_retro_v30
1985-04-25,1.4645833005973448,nws_retro_v30
1985-04-26,1.4366666345546644,nws_retro_v30
1985-04-27,1.4104166351413976,nws_retro_v30
1985-04-28,1.3974999687634408,nws_retro_v30
1985-04-29,1.3895833022737254,nws_retro_v30
1985-04-30,1.3779166358678292,nws_retro_v30
1985-05-01,1.3658333028045793,nws_retro_v30
1985-05-02,1.3554166363707434,nws_retro_v30
1985-05-03,1.3449999699369073,nws_retro_v30
1985-05-04,1.3354166368177782,nws_retro_v30
1985-05-05,1.3249999703839421,nws_retro_v30
1985-05-06,1.3137499706353994,nws_retro_v30
1985-05-07,1.3033333042015631,nws_retro_v30
1985-05-08,1.2929166377677273,nws_retro_v30
1985-05-09,1.2829166379912447,nws_retro_v30
1985-05-10,1.2724999715574086,nws_retro_v30
1985-05-11,1.2629166384382793,nws_retro_v30
1985-05-12,1.2524999720044434,nws_retro_v30
1985-05-13,1.2420833055706073,nws_retro_v30
1985-05-14,1.2320833057941247,nws_retro_v30
1985-05-15,1.2220833060176421,nws_retro_v30
1985-05-16,1.2120833062411596,nws_retro_v30
1985-05-17,1.2020833064646772,nws_retro_v30
1985-05-18,1.192499973345548,nws_retro_v30
1985-05-19,1.1824999735690656,nws_retro_v30
1985-05-20,1.1729166404499363,nws_retro_v30
1985-05-21,1.163333307330807,nws_retro_v30
1985-05-22,1.1541666408690314,nws_retro_v30
1985-05-23,1.1445833077499021,nws_retro_v30
1985-05-24,1.1354166412881266,nws_retro_v30
1985-05-25,1.1262499748263508,nws_retro_v30
1985-05-26,1.117083308364575,nws_retro_v30
1985-05-27,1.1083333085601528,nws_retro_v30
1985-05-28,1.0995833087557305,nws_retro_v30
1985-05-29,1.0899999756366014,nws_retro_v30
1985-05-30,1.0808333091748257,nws_retro_v30
1985-05-31,1.0724999760277572,nws_retro_v30
1985-06-01,1.0641666428806882,nws_retro_v30
1985-06-02,1.1666666405896347,nws_retro_v30
1985-06-03,1.1808333069396515,nws_retro_v30
1985-06-04,1.055416643076266,nws_retro_v30
1985-06-05,1.0329166435791801,nws_retro_v30
1985-06-06,1.0229166438026975,nws_retro_v30
1985-06-07,1.014999977312982,nws_retro_v30
1985-06-08,1.0074999774806201,nws_retro_v30
1985-06-09,0.9999999776482582,nws_retro_v30
1985-06-10,0.990416644529129,nws_retro_v30
1985-06-11,0.9833333113541206,nws_retro_v30
1985-06-12,0.9766666448364655,nws_retro_v30
1985-06-13,0.9699999783188104,nws_retro_v30
1985-06-14,0.959999978542328,nws_retro_v30
1985-06-15,0.9537499786820263,nws_retro_v30
1985-06-16,0.9479166454790781,nws_retro_v30
1985-06-17,0.9399999789893628,nws_retro_v30
1985-06-18,0.9320833124996474,nws_retro_v30
1985-06-19,0.9262499792966992,nws_retro_v30
1985-06-20,0.9199999794363976,nws_retro_v30
1985-06-21,0.909999979659915,nws_retro_v30
1985-06-22,0.9045833131143203,nws_retro_v30
1985-06-23,0.8999999798834324,nws_retro_v30
1985-06-24,0.8899999801069498,nws_retro_v30
1985-06-25,0.8854166468760619,nws_retro_v30
1985-06-26,0.8799999803304672,nws_retro_v30
1985-06-27,0.8708333138686916,nws_retro_v30
1985-06-28,0.8670833139525106,nws_retro_v30
1985-06-29,0.8599999807775021,nws_retro_v30
1985-06-30,0.853333314259847,nws_retro_v30
1985-07-01,0.8499999810010195,nws_retro_v30
1985-07-02,0.8399999812245369,nws_retro_v30
1985-07-03,0.8366666479657093,nws_retro_v30
1985-07-04,0.8299999814480543,nws_retro_v30
1985-07-05,0.8241666482451061,nws_retro_v30
1985-07-06,0.8199999816715717,nws_retro_v30
1985-07-07,0.8116666485245029,nws_retro_v30
1985-07-08,0.8095833152377357,nws_retro_v30
1985-07-09,0.7999999821186066,nws_retro_v30
1985-07-10,0.7979166488318393,nws_retro_v30
1985-07-11,0.789999982342124,nws_retro_v30
1985-07-12,0.786249982425943,nws_retro_v30
1985-07-13,0.7799999825656414,nws_retro_v30
1985-07-14,0.7754166493347535,nws_retro_v30
1985-07-15,0.7699999827891588,nws_retro_v30
1985-07-16,0.7641666495862106,nws_retro_v30
1985-07-17,0.7599999830126762,nws_retro_v30
1985-07-18,0.754166649809728,nws_retro_v30
1985-07-19,0.7499999832361937,nws_retro_v30
1985-07-20,0.824999981559813,nws_retro_v30
1985-07-21,0.7779166492788742,nws_retro_v30
1985-07-22,0.737083316858237,nws_retro_v30
1985-07-23,0.7299999836832285,nws_retro_v30
1985-07-24,0.7262499837670475,nws_retro_v30
1985-07-25,0.7199999839067459,nws_retro_v30
1985-07-26,0.7174999839626253,nws_retro_v30
1985-07-27,0.7099999841302633,nws_retro_v30
1985-07-28,0.7095833174729099,nws_retro_v30
1985-07-29,0.6999999843537807,nws_retro_v30
1985-07-30,0.6999999843537807,nws_retro_v30
1985-07-31,0.6920833178640654,nws_retro_v30
1985-08-01,0.6899999845772982,nws_retro_v30
1985-08-02,0.6849999846890569,nws_retro_v30
1985-08-03,0.6799999848008156,nws_retro_v30
1985-08-04,0.6787499848287553,nws_retro_v30
1985-08-05,0.669999985024333,nws_retro_v30
1985-08-06,0.669999985024333,nws_retro_v30
1985-08-07,0.6624999851919711,nws_retro_v30
1985-08-08,0.6599999852478504,nws_retro_v30
1985-08-09,0.6570833186463764,nws_retro_v30
1985-08-10,0.6499999854713678,nws_retro_v30
1985-08-11,0.6499999854713678,nws_retro_v30
1985-08-12,0.6424999856390059,nws_retro_v30
1985-08-13,0.6399999856948853,nws_retro_v30
1985-08-14,0.637916652408118,nws_retro_v30
1985-08-15,0.6299999859184027,nws_retro_v30
1985-08-16,0.6299999859184027,nws_retro_v30
1985-08-17,0.624583319372808,nws_retro_v30
1985-08-18,0.6199999861419201,nws_retro_v30
1985-08-19,0.6199999861419201,nws_retro_v30
1985-08-20,0.6112499863374978,nws_retro_v30
1985-08-21,0.6099999863654375,nws_retro_v30
1985-08-22,0.6091666530507306,nws_retro_v30
1985-08-23,0.5999999865889549,nws_retro_v30
1985-08-24,0.5999999865889549,nws_retro_v30
1985-08-25,0.5974999866448343,nws_retro_v30
1985-08-26,0.5899999868124723,nws_retro_v30
1985-08-27,0.5899999868124723,nws_retro_v30
1985-08-28,0.5862499868962914,nws_retro_v30
1985-08-29,0.5799999870359898,nws_retro_v30
1985-08-30,0.5799999870359898,nws_retro_v30
1985-08-31,0.5762499871198088,nws_retro_v30
1985-09-01,0.5699999872595072,nws_retro_v30
1985-09-02,0.5699999872595072,nws_retro_v30
1985-09-03,0.5666666540006796,nws_retro_v30
1985-09-04,0.5599999874830246,nws_retro_v30
1985-09-05,0.5599999874830246,nws_retro_v30
1985-09-06,0.5579166541962574,nws_retro_v30
1985-09-07,0.549999987706542,nws_retro_v30
1985-09-08,0.5691666539448003,nws_retro_v30
1985-09-09,0.6420833189816525,nws_retro_v30
1985-09-10,0.5545833209374299,nws_retro_v30
1985-09-11,0.5399999879300594,nws_retro_v30
1985-09-12,0.5399999879300594,nws_retro_v30
1985-09-13,0.5329166547550509,nws_retro_v30
1985-09-14,0.5299999881535769,nws_retro_v30
1985-09-15,0.5299999881535769,nws_retro_v30
1985-09-16,0.5258333215800425,nws_retro_v30
1985-09-17,0.5199999883770943,nws_retro_v30
1985-09-18,0.5199999883770943,nws_retro_v30
1985-09-19,0.5199999883770943,nws_retro_v30
1985-09-20,0.5108333219153186,nws_retro_v30
1985-09-21,0.5099999886006117,nws_retro_v30
1985-09-22,0.5099999886006117,nws_retro_v30
1985-09-23,0.5062499886844307,nws_retro_v30
1985-09-24,0.4999999888241291,nws_retro_v30
1985-09-25,0.4999999888241291,nws_retro_v30
1985-09-26,0.4999999888241291,nws_retro_v30
1985-09-27,0.4929166556491206,nws_retro_v30
1985-09-28,0.4899999890476465,nws_retro_v30
1985-09-29,0.4899999890476465,nws_retro_v30
1985-09-30,0.4899999890476465,nws_retro_v30
1985-10-01,0.48083332258587075,nws_retro_v30
1985-10-02,0.4799999892711639,nws_retro_v30
1985-10-03,0.4799999892711639,nws_retro_v30
1985-10-04,0.4795833226138104,nws_retro_v30
1985-10-05,0.4699999894946813,nws_retro_v30
1985-10-06,0.4699999894946813,nws_retro_v30
1985-10-07,0.4699999894946813,nws_retro_v30
1985-10-08,0.46958332283732784,nws_retro_v30
1985-10-09,0.4599999897181988,nws_retro_v30
1985-10-10,0.4599999897181988,nws_retro_v30
1985-10-11,0.4599999897181988,nws_retro_v30
1985-10-12,0.4599999897181988,nws_retro_v30
1985-10-13,0.45041665659906965,nws_retro_v30
1985-10-14,0.4499999899417162,nws_retro_v30
1985-10-15,0.4499999899417162,nws_retro_v30
1985-10-16,0.4499999899417162,nws_retro_v30
1985-10-17,0.4429166567667077,nws_retro_v30
1985-10-18,0.4399999901652336,nws_retro_v30
1985-10-19,0.4399999901652336,nws_retro_v30
1985-10-20,0.4399999901652336,nws_retro_v30
1985-10-21,0.9374999790452421,nws_retro_v30
1985-10-22,0.6562499853316694,nws_retro_v30
1985-10-23,0.4416666567946474,nws_retro_v30
1985-10-24,0.429999990388751,nws_retro_v30
1985-10-25,0.429999990388751,nws_retro_v30
1985-10-26,0.4216666572416821,nws_retro_v30
1985-10-27,0.4199999906122684,nws_retro_v30
1985-10-28,0.4199999906122684,nws_retro_v30
1985-10-29,0.4199999906122684,nws_retro_v30
1985-10-30,0.4183333239828546,nws_retro_v30
1985-10-31,0.4099999908357858,nws_retro_v30
1985-11-01,0.4099999908357858,nws_retro_v30
1985-11-02,0.4099999908357858,nws_retro_v30
1985-11-03,0.4099999908357858,nws_retro_v30
1985-11-04,0.4062499909196049,nws_retro_v30
1985-11-05,0.3999999910593033,nws_retro_v30
1985-11-06,0.3999999910593033,nws_retro_v30
1985-11-07,0.3999999910593033,nws_retro_v30
1985-11-08,0.3999999910593033,nws_retro_v30
1985-11-09,0.39583332448576886,nws_retro_v30
1985-11-10,0.45041665659906965,nws_retro_v30
1985-11-11,0.3916666579122345,nws_retro_v30
1985-11-12,0.3899999912828207,nws_retro_v30
1985-11-13,0.3899999912828207,nws_retro_v30
1985-11-14,0.3870833246813466,nws_retro_v30
1985-11-15,0.3799999915063381,nws_retro_v30
1985-11-16,0.3799999915063381,nws_retro_v30
1985-11-17,0.3799999915063381,nws_retro_v30
1985-11-18,0.3799999915063381,nws_retro_v30
1985-11-19,0.3799999915063381,nws_retro_v30
1985-11-20,0.3704166583872089,nws_retro_v30
1985-11-21,0.3699999917298555,nws_retro_v30
1985-11-22,0.3699999917298555,nws_retro_v30
1985-11-23,0.3699999917298555,nws_retro_v30
1985-11-24,0.4795833226138105,nws_retro_v30
1985-11-25,1.326666637013356,nws_retro_v30
1985-11-26,0.585833320238938,nws_retro_v30
1985-11-27,0.37291665833132964,nws_retro_v30
1985-11-28,0.7816666491950551,nws_retro_v30
1985-11-29,0.7145833173611512,nws_retro_v30
1985-11-30,0.4533333232005437,nws_retro_v30
1985-12-01,0.36416665852690727,nws_retro_v30
1985-12-02,9.832916446883852,nws_retro_v30
1985-12-03,2.936249934369698,nws_retro_v30
1985-12-04,1.1829166402264188,nws_retro_v30
1985-12-05,0.9066666464010874,nws_retro_v30
1985-12-06,0.7120833174170306,nws_retro_v30
1985-12-07,0.6762499848846346,nws_retro_v30
1985-12-08,0.564166654056559,nws_retro_v30
1985-12-09,0.39249999122694135,nws_retro_v30
1985-12-10,0.42958332373139757,nws_retro_v30
1985-12-11,0.35041665883424383,nws_retro_v30
1985-12-12,0.36666665847102803,nws_retro_v30
1985-12-13,0.4599999897181988,nws_retro_v30
1985-12-14,0.4183333239828546,nws_retro_v30
1985-12-15,0.3920833245695879,nws_retro_v30
1985-12-16,0.3837499914225191,nws_retro_v30
1985-12-17,0.38249999145045877,nws_retro_v30
1985-12-18,0.3899999912828207,nws_retro_v30
1985-12-19,0.39458332451370853,nws_retro_v30
1985-12-20,0.40249999100342393,nws_retro_v30
1985-12-21,0.4099999908357858,nws_retro_v30
1985-12-22,0.4183333239828546,nws_retro_v30
1985-12-23,0.4199999906122684,nws_retro_v30
1985-12-24,0.41458332406667364,nws_retro_v30
1985-12-25,0.41958332395491493,nws_retro_v30
1985-12-26,0.4137499907519668,nws_retro_v30
1985-12-27,0.4099999908357858,nws_retro_v30
1985-12-28,0.4466666566828887,nws_retro_v30
1985-12-29,0.5316666547829906,nws_retro_v30
1985-12-30,2.963333267097672,nws_retro_v30
1985-12-31,1.5033332997312148,nws_retro_v30
1986-01-01,0.7066666508714358,nws_retro_v30
1986-01-02,0.6837499847169966,nws_retro_v30
1986-01-03,0.6545833187022557,nws_retro_v30
1986-01-04,16.047499641310424,nws_retro_v30
1986-01-05,5.969583199902748,nws_retro_v30
1986-01-06,2.80083327072983,nws_retro_v30
1986-01-07,2.184999951161444,nws_retro_v30
1986-01-08,2.2799999490380287,nws_retro_v30
1986-01-09,2.3333332811792693,nws_retro_v30
1986-01-10,2.4687499448191375,nws_retro_v30
1986-01-11,2.3145832815983645,nws_retro_v30
1986-01-12,2.115833286040773,nws_retro_v30
1986-01-13,2.10333328632017,nws_retro_v30
1986-01-14,3.087083264331644,nws_retro_v30
1986-01-15,3.9749999111518264,nws_retro_v30
1986-01-16,8.759999804198742,nws_retro_v30
1986-01-17,9.645833117732158,nws_retro_v30
1986-01-18,4.125833241113772,nws_retro_v30
1986-01-19,3.674999917857349,nws_retro_v30
1986-01-20,3.6770832511441163,nws_retro_v30
1986-01-21,3.397083257402604,nws_retro_v30
1986-01-22,3.210833261565616,nws_retro_v30
1986-01-23,5.040416554004575,nws_retro_v30
1986-01-24,3.799166581748674,nws_retro_v30
1986-01-25,3.0774999312125146,nws_retro_v30
1986-01-26,3.1095832638287297,nws_retro_v30
1986-01-27,3.791249915258959,nws_retro_v30
1986-01-28,3.1579165960817286,nws_retro_v30
1986-01-29,28.132499371189624,nws_retro_v30
1986-01-30,23.719999469816685,nws_retro_v30
1986-01-31,28.601249360712245,nws_retro_v30
1986-02-01,14.21624968224205,nws_retro_v30
1986-02-02,46.42833229557922,nws_retro_v30
1986-02-03,21.65374951600097,nws_retro_v30
1986-02-04,20.57916620668645,nws_retro_v30
1986-02-05,15.651249650167301,nws_retro_v30
1986-02-06,14.616249673301354,nws_retro_v30
1986-02-07,12.164999728091061,nws_retro_v30
1986-02-08,11.079583085685348,nws_retro_v30
1986-02-09,9.473749788245186,nws_retro_v30
1986-02-10,8.887916468006248,nws_retro_v30
1986-02-11,8.170833150700977,nws_retro_v30
1986-02-12,33.829165910525866,nws_retro_v30
1986-02-13,102.19249771581963,nws_retro_v30
1986-02-14,176.43749605631456,nws_retro_v30
1986-02-15,184.84082920181876,nws_retro_v30
1986-02-16,134.37416366316998,nws_retro_v30
1986-02-17,210.84166195398817,nws_retro_v30
1986-02-18,193.2829123464568,nws_retro_v30
1986-02-19,263.5829107751294,nws_retro_v30
1986-02-20,46.97541561668428,nws_retro_v30
1986-02-21,33.84583257682001,nws_retro_v30
1986-02-22,29.435416008733835,nws_retro_v30
1986-02-23,25.297916101214167,nws_retro_v30
1986-02-24,21.067916195762034,nws_retro_v30
1986-02-25,18.167082927267376,nws_retro_v30
1986-02-26,15.855416312270487,nws_retro_v30
1986-02-27,14.693749671569094,nws_retro_v30
1986-02-28,12.654583050481355,nws_retro_v30
1986-03-01,11.562499741557986,nws_retro_v30
1986-03-02,10.629583095743632,nws_retro_v30
1986-03-03,9.48624978796579,nws_retro_v30
1986-03-04,8.53333314259847,nws_retro_v30
1986-03-05,7.754583160004889,nws_retro_v30
1986-03-06,7.472083166319256,nws_retro_v30
1986-03-07,12.97249971004203,nws_retro_v30
1986-03-08,101.34124773484655,nws_retro_v30
1986-03-09,22.373332833250362,nws_retro_v30
1986-03-10,120.27624731161632,nws_retro_v30
1986-03-11,37.79958248844681,nws_retro_v30
1986-03-12,67.82166515073429,nws_retro_v30
1986-03-13,66.6320818439902,nws_retro_v30
1986-03-14,30.405832653709997,nws_retro_v30
1986-03-15,148.27166335253665,nws_retro_v30
1986-03-16,66.65208184354317,nws_retro_v30
1986-03-17,30.46291598576742,nws_retro_v30
1986-03-18,23.309166145666193,nws_retro_v30
1986-03-19,21.078332862195868,nws_retro_v30
1986-03-20,19.295416235380497,nws_retro_v30
1986-03-21,16.75666629212598,nws_retro_v30
1986-03-22,14.348333012623092,nws_retro_v30
1986-03-23,12.2908330586118,nws_retro_v30
1986-03-24,12.01833306470265,nws_retro_v30
1986-03-25,10.58583309672152,nws_retro_v30
1986-03-26,9.456666455293695,nws_retro_v30
1986-03-27,8.681249805958942,nws_retro_v30
1986-03-28,8.232083149331933,nws_retro_v30
1986-03-29,8.359999813139439,nws_retro_v30
1986-03-30,7.79958315899906,nws_retro_v30
1986-03-31,6.764583182133113,nws_retro_v30
1986-04-01,6.4479165225444985,nws_retro_v30
1986-04-02,5.747916538190718,nws_retro_v30
1986-04-03,4.920833223344137,nws_retro_v30
1986-04-04,4.894999890588224,nws_retro_v30
1986-04-05,5.569166542186092,nws_retro_v30
1986-04-06,6.547499853651971,nws_retro_v30
1986-04-07,5.842916536067302,nws_retro_v30
1986-04-08,5.1191665522443754,nws_retro_v30
1986-04-09,4.561249898048118,nws_retro_v30
1986-04-10,4.264999904669821,nws_retro_v30
1986-04-11,4.257083238180106,nws_retro_v30
1986-04-12,4.210416572556521,nws_retro_v30
1986-04-13,3.961666578116516,nws_retro_v30
1986-04-14,3.822499914560467,nws_retro_v30
1986-04-15,3.964999911375344,nws_retro_v30
1986-04-16,4.528333232117196,nws_retro_v30
1986-04-17,4.348333236140509,nws_retro_v30
1986-04-18,3.8258332478192947,nws_retro_v30
1986-04-19,3.645833251842608,nws_retro_v30
1986-04-20,3.577916586693997,nws_retro_v30
1986-04-21,3.512499921489507,nws_retro_v30
1986-04-22,3.450416589543844,nws_retro_v30
1986-04-23,3.4016665906334915,nws_retro_v30
1986-04-24,3.349166591806958,nws_retro_v30
1986-04-25,3.29124992643483,nws_retro_v30
1986-04-26,3.236666594321529,nws_retro_v30
1986-04-27,3.187499928753823,nws_retro_v30
1986-04-28,3.1454165963611254,nws_retro_v30
1986-04-29,3.11083326380079,nws_retro_v30
1986-04-30,3.0733332646389804,nws_retro_v30
1986-05-01,3.0379165987639376,nws_retro_v30
1986-05-02,3.0045832661756626,nws_retro_v30
1986-05-03,2.9941665997418263,nws_retro_v30
1986-05-04,3.001249932916835,nws_retro_v30
1986-05-05,2.9220832680196813,nws_retro_v30
1986-05-06,2.8808332689416907,nws_retro_v30
1986-05-07,2.8429166031225273,nws_retro_v30
1986-05-08,2.807499937247485,nws_retro_v30
1986-05-09,2.77666660460333,nws_retro_v30
1986-05-10,2.746249938616529,nws_retro_v30
1986-05-11,2.7162499392870814,nws_retro_v30
1986-05-12,2.686666606614987,nws_retro_v30
1986-05-13,2.657499940600246,nws_retro_v30
1986-05-14,2.6287499412428588,nws_retro_v30
1986-05-15,2.5999999418854713,nws_retro_v30
1986-05-16,2.5716666091854377,nws_retro_v30
1986-05-17,2.543749943142757,nws_retro_v30
1986-05-18,2.5162499437574297,nws_retro_v30
1986-05-19,2.4895832776868096,nws_retro_v30
1986-05-20,2.462499944958836,nws_retro_v30
1986-05-21,2.436249945545569,nws_retro_v30
1986-05-22,2.4099999461323023,nws_retro_v30
1986-05-23,2.384166613376389,nws_retro_v30
1986-05-24,2.3591666139351823,nws_retro_v30
1986-05-25,2.334166614493976,nws_retro_v30
1986-05-26,2.3099999483674765,nws_retro_v30
1986-05-27,2.2862499488983308,nws_retro_v30
1986-05-28,2.2616666161144776,nws_retro_v30
1986-05-29,2.238749949960038,nws_retro_v30
1986-05-30,2.2158332838055985,nws_retro_v30
1986-05-31,2.1924999509938057,nws_retro_v30
1986-06-01,2.1704166181540736,nws_retro_v30
1986-06-02,2.148749951971695,nws_retro_v30
1986-06-03,2.127083285789316,nws_retro_v30
1986-06-04,2.1058332862642906,nws_retro_v30
1986-06-05,2.084583286739265,nws_retro_v30
1986-06-06,2.064166620528946,nws_retro_v30
1986-06-07,2.044166620975981,nws_retro_v30
1986-06-08,2.024166621423016,nws_retro_v30
1986-06-09,2.0041666218700507,nws_retro_v30
1986-06-10,1.9849999556317925,nws_retro_v30
1986-06-11,1.965416622736181,nws_retro_v30
1986-06-12,1.946666623155276,nws_retro_v30
1986-06-13,1.9279166235743712,nws_retro_v30
1986-06-14,1.909999957308173,nws_retro_v30
1986-06-15,1.8924999576993287,nws_retro_v30
1986-06-16,1.8745832914331306,nws_retro_v30
1986-06-17,1.8566666251669328,nws_retro_v30
1986-06-18,1.839999958872795,nws_retro_v30
1986-06-19,1.8233332925786574,nws_retro_v30
1986-06-20,1.8058332929698129,nws_retro_v30
1986-06-21,1.7895832933330287,nws_retro_v30
1986-06-22,1.7741666270109515,nws_retro_v30
1986-06-23,1.7570832940594603,nws_retro_v30
1986-06-24,1.74249996105209,nws_retro_v30
1986-06-25,1.7258332947579522,nws_retro_v30
1986-06-26,1.7116666284079354,nws_retro_v30
1986-06-27,1.6958332954285045,nws_retro_v30
1986-06-28,1.6816666290784876,nws_retro_v30
1986-06-29,1.6662499627564102,nws_retro_v30
1986-06-30,1.6529166297211002,nws_retro_v30
1986-07-01,1.6370832967416697,nws_retro_v30
1986-07-02,1.6241666303637128,nws_retro_v30
1986-07-03,1.6104166306710488,nws_retro_v30
1986-07-04,1.5962499643210322,nws_retro_v30
1986-07-05,1.5833332979430754,nws_retro_v30
1986-07-06,1.5695832982504119,nws_retro_v30
1986-07-07,1.5562499652151018,nws_retro_v30
1986-07-08,1.5441666321518521,nws_retro_v30
1986-07-09,1.5312499657738954,nws_retro_v30
1986-07-10,1.5174999660812318,nws_retro_v30
1986-07-11,1.5058332996753354,nws_retro_v30
1986-07-12,1.4937499666120857,nws_retro_v30
1986-07-13,1.482083300206189,nws_retro_v30
1986-07-14,1.4691666338282328,nws_retro_v30
1986-07-15,1.4570833007649828,nws_retro_v30
1986-07-16,1.44583330101644,nws_retro_v30
1986-07-17,1.434583301267897,nws_retro_v30
1986-07-18,1.423333301519354,nws_retro_v30
1986-07-19,1.4120833017708112,nws_retro_v30
1986-07-20,1.4012499686796218,nws_retro_v30
1986-07-21,1.389999968931079,nws_retro_v30
1986-07-22,1.378749969182536,nws_retro_v30
1986-07-23,1.3741666359516482,nws_retro_v30
1986-07-24,1.3662499694619328,nws_retro_v30
1986-07-25,1.347499969881028,nws_retro_v30
1986-07-26,1.3370833034471918,nws_retro_v30
1986-07-27,1.326666637013356,nws_retro_v30
1986-07-28,1.3166666372368734,nws_retro_v30
1986-07-29,1.3066666374603908,nws_retro_v30
1986-07-30,1.2970833043412615,nws_retro_v30
1986-07-31,1.287083304564779,nws_retro_v30
1986-08-01,1.2779166381030034,nws_retro_v30
1986-08-02,1.268333304983874,nws_retro_v30
1986-08-03,1.2591666385220983,nws_retro_v30
1986-08-04,1.2495833054029692,nws_retro_v30
1986-08-05,1.2399999722838402,nws_retro_v30
1986-08-06,1.2308333058220644,nws_retro_v30
1986-08-07,1.2216666393602889,nws_retro_v30
1986-08-08,1.2129166395558666,nws_retro_v30
1986-08-09,1.2045833064087978,nws_retro_v30
1986-08-10,1.1958333066043756,nws_retro_v30
1986-08-11,1.1874999734573066,nws_retro_v30
1986-08-12,1.1795833069675914,nws_retro_v30
1986-08-13,1.169999973848462,nws_retro_v30
1986-08-14,1.1612499740440398,nws_retro_v30
1986-08-15,1.1533333075543244,nws_retro_v30
1986-08-16,1.1458333077219625,nws_retro_v30
1986-08-17,1.1383333078896005,nws_retro_v30
1986-08-18,1.1299999747425318,nws_retro_v30
1986-08-19,1.120833308280756,nws_retro_v30
1986-08-20,1.1137499751057476,nws_retro_v30
1986-08-21,1.1066666419307392,nws_retro_v30
1986-08-22,1.0995833087557305,nws_retro_v30
1986-08-23,1.0899999756366014,nws_retro_v30
1986-08-24,1.082916642461593,nws_retro_v30
1986-08-25,1.0766666426012914,nws_retro_v30
1986-08-26,1.0699999760836365,nws_retro_v30
1986-08-27,1.0604166429645072,nws_retro_v30
1986-08-28,1.0541666431042056,nws_retro_v30
1986-08-29,1.0483333099012573,nws_retro_v30
1986-08-30,1.0399999767541883,nws_retro_v30
1986-08-31,1.0324999769218266,nws_retro_v30
1986-09-01,1.0270833103762318,nws_retro_v30
1986-09-02,1.0199999772012234,nws_retro_v30
1986-09-03,1.0116666440541546,nws_retro_v30
1986-09-04,1.0066666441659133,nws_retro_v30
1986-09-05,0.9999999776482582,nws_retro_v30
1986-09-06,0.9916666445011894,nws_retro_v30
1986-09-07,0.9870833112703016,nws_retro_v30
1986-09-08,0.979999978095293,nws_retro_v30
1986-09-09,0.9729166449202844,nws_retro_v30
1986-09-10,0.96874997834675,nws_retro_v30
1986-09-11,0.959999978542328,nws_retro_v30
1986-09-12,0.9545833119967332,nws_retro_v30
1986-09-13,0.9499999787658452,nws_retro_v30
1986-09-14,0.9408333123040697,nws_retro_v30
1986-09-15,0.9374999790452421,nws_retro_v30
1986-09-16,0.92999997921288,nws_retro_v30
1986-09-17,0.9241666460099319,nws_retro_v30
1986-09-18,0.9199999794363976,nws_retro_v30
1986-09-19,0.9112499796319753,nws_retro_v30
1986-09-20,0.9087499796878546,nws_retro_v30
1986-09-21,0.8999999798834324,nws_retro_v30
1986-09-22,0.8962499799672514,nws_retro_v30
1986-09-23,0.8899999801069498,nws_retro_v30
1986-09-24,1.5733332981665928,nws_retro_v30
1986-09-25,1.2191666394161682,nws_retro_v30
1986-09-26,0.9145833128908029,nws_retro_v30
1986-09-27,0.9016666465128461,nws_retro_v30
1986-09-28,0.8624999807216227,nws_retro_v30
1986-09-29,0.8587499808054417,nws_retro_v30
1986-09-30,0.8499999810010195,nws_retro_v30
1986-10-01,0.8479166477142522,nws_retro_v30
1986-10-02,0.8399999812245369,nws_retro_v30
1986-10-03,0.8374999812804163,nws_retro_v30
1986-10-04,0.8299999814480543,nws_retro_v30
1986-10-05,0.8270833148465803,nws_retro_v30
1986-10-06,0.8199999816715717,nws_retro_v30
1986-10-07,0.8174999817274511,nws_retro_v30
1986-10-08,0.8099999818950891,nws_retro_v30
1986-10-09,0.8079166486083219,nws_retro_v30
1986-10-10,0.7999999821186066,nws_retro_v30
1986-10-11,0.7987499821465462,nws_retro_v30
1986-10-12,0.789999982342124,nws_retro_v30
1986-10-13,0.789999982342124,nws_retro_v30
1986-10-14,0.7799999825656414,nws_retro_v30
1986-10-15,0.7799999825656414,nws_retro_v30
1986-10-16,0.7716666494185725,nws_retro_v30
1986-10-17,0.7699999827891588,nws_retro_v30
1986-10-18,0.7633333162715038,nws_retro_v30
1986-10-19,0.7599999830126762,nws_retro_v30
1986-10-20,0.7558333164391419,nws_retro_v30
1986-10-21,0.7499999832361937,nws_retro_v30
1986-10-22,0.7483333166067799,nws_retro_v30
1986-10-23,0.7399999834597111,nws_retro_v30
1986-10-24,0.7399999834597111,nws_retro_v30
1986-10-25,0.7316666503126422,nws_retro_v30
1986-10-26,0.7299999836832285,nws_retro_v30
1986-10-27,0.7254166504523406,nws_retro_v30
1986-10-28,0.7199999839067459,nws_retro_v30
1986-10-29,0.7195833172493925,nws_retro_v30
1986-10-30,0.7099999841302633,nws_retro_v30
1986-10-31,0.7099999841302633,nws_retro_v30
1986-11-01,0.7041666509273151,nws_retro_v30
1986-11-02,0.6999999843537807,nws_retro_v30
1986-11-03,0.6995833176964273,nws_retro_v30
1986-11-04,0.6899999845772982,nws_retro_v30
1986-11-05,0.6899999845772982,nws_retro_v30
1986-11-06,0.6849999846890569,nws_retro_v30
1986-11-07,0.6799999848008156,nws_retro_v30
1986-11-08,0.6799999848008156,nws_retro_v30
1986-11-09,0.6712499849963933,nws_retro_v30
1986-11-10,0.669999985024333,nws_retro_v30
1986-11-11,0.6679166517375658,nws_retro_v30
1986-11-12,0.6599999852478504,nws_retro_v30
1986-11-13,0.6599999852478504,nws_retro_v30
1986-11-14,0.6549999853596091,nws_retro_v30
1986-11-15,0.6499999854713678,nws_retro_v30
1986-11-16,0.6499999854713678,nws_retro_v30
1986-11-17,0.6429166522963593,nws_retro_v30
1986-11-18,0.6399999856948853,nws_retro_v30
1986-11-19,0.6399999856948853,nws_retro_v30
1986-11-20,0.631249985890463,nws_retro_v30
1986-11-21,0.6299999859184027,nws_retro_v30
1986-11-22,0.6299999859184027,nws_retro_v30
1986-11-23,0.6204166527992735,nws_retro_v30
1986-11-24,0.6199999861419201,nws_retro_v30
1986-11-25,0.6199999861419201,nws_retro_v30
1986-11-26,0.6099999863654375,nws_retro_v30
1986-11-27,0.6099999863654375,nws_retro_v30
1986-11-28,0.6099999863654375,nws_retro_v30
1986-11-29,0.5999999865889549,nws_retro_v30
1986-11-30,0.5999999865889549,nws_retro_v30
1986-12-01,0.5999999865889549,nws_retro_v30
1986-12-02,0.5912499867845327,nws_retro_v30
1986-12-03,0.5899999868124723,nws_retro_v30
1986-12-04,0.5899999868124723,nws_retro_v30
1986-12-05,0.6333333191772302,nws_retro_v30
1986-12-06,0.5799999870359898,nws_retro_v30
1986-12-07,0.5799999870359898,nws_retro_v30
1986-12-08,0.5754166538051019,nws_retro_v30
1986-12-09,0.5699999872595072,nws_retro_v30
1986-12-10,0.5699999872595072,nws_retro_v30
1986-12-11,0.5683333206300935,nws_retro_v30
1986-12-12,0.5599999874830246,nws_retro_v30
1986-12-13,0.5599999874830246,nws_retro_v30
1986-12-14,0.5599999874830246,nws_retro_v30
1986-12-15,0.5520833209933093,nws_retro_v30
1986-12-16,0.549999987706542,nws_retro_v30
1986-12-17,0.549999987706542,nws_retro_v30
1986-12-18,0.5704166539168606,nws_retro_v30
1986-12-19,0.5412499879021198,nws_retro_v30
1986-12-20,0.543333321188887,nws_retro_v30
1986-12-21,0.5399999879300594,nws_retro_v30
1986-12-22,0.5324999880976975,nws_retro_v30
1986-12-23,0.5299999881535769,nws_retro_v30
1986-12-24,0.5299999881535769,nws_retro_v30
1986-12-25,0.5295833214962234,nws_retro_v30
1986-12-26,0.5199999883770943,nws_retro_v30
1986-12-27,0.5199999883770943,nws_retro_v30
1986-12-28,0.5199999883770943,nws_retro_v30
1986-12-29,0.5166666551182667,nws_retro_v30
1986-12-30,0.5099999886006117,nws_retro_v30
1986-12-31,0.5099999886006117,nws_retro_v30
1987-01-01,0.5099999886006117,nws_retro_v30
1987-01-02,0.5129166552020857,nws_retro_v30
1987-01-03,0.5274999882094562,nws_retro_v30
1987-01-04,0.5437499878462404,nws_retro_v30
1987-01-05,0.4999999888241291,nws_retro_v30
1987-01-06,0.5870833202109983,nws_retro_v30
1987-01-07,0.5024999887682498,nws_retro_v30
1987-01-08,0.4899999890476465,nws_retro_v30
1987-01-09,0.4899999890476465,nws_retro_v30
1987-01-10,0.486666655788819,nws_retro_v30
1987-01-11,0.4799999892711639,nws_retro_v30
1987-01-12,0.4799999892711639,nws_retro_v30
1987-01-13,0.4799999892711639,nws_retro_v30
1987-01-14,0.47916665595645697,nws_retro_v30
1987-01-15,0.4699999894946813,nws_retro_v30
1987-01-16,0.4699999894946813,nws_retro_v30
1987-01-17,0.4699999894946813,nws_retro_v30
1987-01-18,0.4699999894946813,nws_retro_v30
1987-01-19,0.46374998963437974,nws_retro_v30
1987-01-20,0.4599999897181988,nws_retro_v30
1987-01-21,0.4599999897181988,nws_retro_v30
1987-01-22,0.4599999897181988,nws_retro_v30
1987-01-23,0.5737499871756881,nws_retro_v30
1987-01-24,0.4579166564314316,nws_retro_v30
1987-01-25,0.4499999899417162,nws_retro_v30
1987-01-26,0.4499999899417162,nws_retro_v30
1987-01-27,0.4499999899417162,nws_retro_v30
1987-01-28,0.6333333191772302,nws_retro_v30
1987-01-29,0.4499999899417162,nws_retro_v30
1987-01-30,0.6870833179758241,nws_retro_v30
1987-01-31,0.525416654922689,nws_retro_v30
1987-02-01,0.5016666554535428,nws_retro_v30
1987-02-02,0.5229166549785683,nws_retro_v30
1987-02-03,0.500833322138836,nws_retro_v30
1987-02-04,0.4333333236475785,nws_retro_v30
1987-02-05,0.4654166562637935,nws_retro_v30
1987-02-06,0.46666665623585385,nws_retro_v30
1987-02-07,0.458333323088785,nws_retro_v30
1987-02-08,0.4483333233123024,nws_retro_v30
1987-02-09,0.4462499900255352,nws_retro_v30
1987-02-10,0.46041665637555224,nws_retro_v30
1987-02-11,0.8520833142877867,nws_retro_v30
1987-02-12,1.960833289505293,nws_retro_v30
1987-02-13,39.58208244860483,nws_retro_v30
1987-02-14,4.539999898523092,nws_retro_v30
1987-02-15,2.3920832798661045,nws_retro_v30
1987-02-16,1.2754166381588827,nws_retro_v30
1987-02-17,0.871249980526045,nws_retro_v30
1987-02-18,0.6591666519331435,nws_retro_v30
1987-02-19,0.5324999880976975,nws_retro_v30
1987-02-20,0.49624998890794814,nws_retro_v30
1987-02-21,0.539583321272706,nws_retro_v30
1987-02-22,0.5099999886006117,nws_retro_v30
1987-02-23,0.5233333216359218,nws_retro_v30
1987-02-24,0.5341666547271112,nws_retro_v30
1987-02-25,0.49333332230647403,nws_retro_v30
1987-02-26,0.4720833227814485,nws_retro_v30
1987-02-27,0.48833332241823274,nws_retro_v30
1987-02-28,0.4858333224741121,nws_retro_v30
1987-03-01,0.47791665598439664,nws_retro_v30
1987-03-02,0.4799999892711639,nws_retro_v30
1987-03-03,0.4683333228652676,nws_retro_v30
1987-03-04,0.4645833229490866,nws_retro_v30
1987-03-05,14.172083016562587,nws_retro_v30
1987-03-06,2.927499934565276,nws_retro_v30
1987-03-07,1.0799999758601189,nws_retro_v30
1987-03-08,0.892083313393717,nws_retro_v30
1987-03-09,0.9170833128349235,nws_retro_v30
1987-03-10,1.0041666442217927,nws_retro_v30
1987-03-11,2.6437499409075826,nws_retro_v30
1987-03-12,1.670833295987298,nws_retro_v30
1987-03-13,3.6849999176338315,nws_retro_v30
1987-03-14,5.718749872175977,nws_retro_v30
1987-03-15,2.691249939845875,nws_retro_v30
1987-03-16,1.4162499683443457,nws_retro_v30
1987-03-17,1.2337499724235386,nws_retro_v30
1987-03-18,1.7733332936962445,nws_retro_v30
1987-03-19,1.5783332980548341,nws_retro_v30
1987-03-20,1.2437499722000211,nws_retro_v30
1987-03-21,14.398749678162858,nws_retro_v30
1987-03-22,4.226249905535951,nws_retro_v30
1987-03-23,4.8312498920131475,nws_retro_v30
1987-03-24,2.6712499402929097,nws_retro_v30
1987-03-25,1.8016666263962786,nws_retro_v30
1987-03-26,1.7816666268433135,nws_retro_v30
1987-03-27,1.586666631201903,nws_retro_v30
1987-03-28,1.206666639695565,nws_retro_v30
1987-03-29,1.0974999754689634,nws_retro_v30
1987-03-30,1.1174999750219285,nws_retro_v30
1987-03-31,1.0891666423218946,nws_retro_v30
1987-04-01,1.0304166436350595,nws_retro_v30
1987-04-02,0.9616666451717416,nws_retro_v30
1987-04-03,0.9658333117452761,nws_retro_v30
1987-04-04,0.9720833116055777,nws_retro_v30
1987-04-05,0.8254166482171664,nws_retro_v30
1987-04-06,0.7279166503964613,nws_retro_v30
1987-04-07,0.6879166512905309,nws_retro_v30
1987-04-08,0.663333318506678,nws_retro_v30
1987-04-09,0.6383333190654715,nws_retro_v30
1987-04-10,0.6237499860581011,nws_retro_v30
1987-04-11,0.6220833194286873,nws_retro_v30
1987-04-12,0.6179166528551528,nws_retro_v30
1987-04-13,0.6012499865610152,nws_retro_v30
1987-04-14,0.6016666532183687,nws_retro_v30
1987-04-15,0.6012499865610152,nws_retro_v30
1987-04-16,0.595416653358067,nws_retro_v30
1987-04-17,0.5929166534139464,nws_retro_v30
1987-04-18,0.5841666536095241,nws_retro_v30
1987-04-19,0.5829166536374638,nws_retro_v30
1987-04-20,0.5774999870918691,nws_retro_v30
1987-04-21,0.5729166538609812,nws_retro_v30
1987-04-22,0.5699999872595072,nws_retro_v30
1987-04-23,0.5699999872595072,nws_retro_v30
1987-04-24,0.5695833206021538,nws_retro_v30
1987-04-25,0.5599999874830246,nws_retro_v30
1987-04-26,0.5599999874830246,nws_retro_v30
1987-04-27,0.5599999874830246,nws_retro_v30
1987-04-28,0.5599999874830246,nws_retro_v30
1987-04-29,0.5558333209094902,nws_retro_v30
1987-04-30,0.7091666508155564,nws_retro_v30
1987-05-01,0.5608333207977315,nws_retro_v30
1987-05-02,0.549999987706542,nws_retro_v30
1987-05-03,0.5474999877624214,nws_retro_v30
1987-05-04,0.5399999879300594,nws_retro_v30
1987-05-05,0.5399999879300594,nws_retro_v30
1987-05-06,0.5399999879300594,nws_retro_v30
1987-05-07,0.5370833213285854,nws_retro_v30
1987-05-08,0.5299999881535769,nws_retro_v30
1987-05-09,0.5299999881535769,nws_retro_v30
1987-05-10,0.5299999881535769,nws_retro_v30
1987-05-11,0.5249999882653356,nws_retro_v30
1987-05-12,0.5199999883770943,nws_retro_v30
1987-05-13,0.5199999883770943,nws_retro_v30
1987-05-14,0.5199999883770943,nws_retro_v30
1987-05-15,0.5120833218873789,nws_retro_v30
1987-05-16,0.5099999886006117,nws_retro_v30
1987-05-17,0.5099999886006117,nws_retro_v30
1987-05-18,0.5091666552859048,nws_retro_v30
1987-05-19,0.4999999888241291,nws_retro_v30
1987-05-20,0.4999999888241291,nws_retro_v30
1987-05-21,0.4999999888241291,nws_retro_v30
1987-05-22,0.49624998890794814,nws_retro_v30
1987-05-23,0.4899999890476465,nws_retro_v30
1987-05-24,0.4899999890476465,nws_retro_v30
1987-05-25,0.4899999890476465,nws_retro_v30
1987-05-26,0.48416665584469837,nws_retro_v30
1987-05-27,0.4799999892711639,nws_retro_v30
1987-05-28,0.4799999892711639,nws_retro_v30
1987-05-29,0.4799999892711639,nws_retro_v30
1987-05-30,0.47249998943880195,nws_retro_v30
1987-05-31,0.4699999894946813,nws_retro_v30
1987-06-01,0.4699999894946813,nws_retro_v30
1987-06-02,0.4699999894946813,nws_retro_v30
1987-06-03,0.46166665634761256,nws_retro_v30
1987-06-04,0.4599999897181988,nws_retro_v30
1987-06-05,0.4599999897181988,nws_retro_v30
1987-06-06,0.4599999897181988,nws_retro_v30
1987-06-07,0.4512499899137765,nws_retro_v30
1987-06-08,0.4499999899417162,nws_retro_v30
1987-06-09,0.4499999899417162,nws_retro_v30
1987-06-10,0.4499999899417162,nws_retro_v30
1987-06-11,0.4420833234520008,nws_retro_v30
1987-06-12,0.4399999901652336,nws_retro_v30
1987-06-13,0.4399999901652336,nws_retro_v30
1987-06-14,0.4399999901652336,nws_retro_v30
1987-06-15,0.43416665696228546,nws_retro_v30
1987-06-16,0.429999990388751,nws_retro_v30
1987-06-17,0.429999990388751,nws_retro_v30
1987-06-18,0.429999990388751,nws_retro_v30
1987-06-19,0.42749999044463033,nws_retro_v30
1987-06-20,0.4199999906122684,nws_retro_v30
1987-06-21,0.4199999906122684,nws_retro_v30
1987-06-22,0.4199999906122684,nws_retro_v30
1987-06-23,0.4199999906122684,nws_retro_v30
1987-06-24,0.412083324122553,nws_retro_v30
1987-06-25,0.4099999908357858,nws_retro_v30
1987-06-26,0.4099999908357858,nws_retro_v30
1987-06-27,0.4099999908357858,nws_retro_v30
1987-06-28,0.40791665754901857,nws_retro_v30
1987-06-29,0.3999999910593033,nws_retro_v30
1987-06-30,0.3999999910593033,nws_retro_v30
1987-07-01,0.3999999910593033,nws_retro_v30
1987-07-02,0.3999999910593033,nws_retro_v30
1987-07-03,0.39583332448576886,nws_retro_v30
1987-07-04,0.3899999912828207,nws_retro_v30
1987-07-05,0.3899999912828207,nws_retro_v30
1987-07-06,0.3899999912828207,nws_retro_v30
1987-07-07,0.3899999912828207,nws_retro_v30
1987-07-08,0.3849999913945794,nws_retro_v30
1987-07-09,0.3799999915063381,nws_retro_v30
1987-07-10,0.3799999915063381,nws_retro_v30
1987-07-11,0.3799999915063381,nws_retro_v30
1987-07-12,0.3799999915063381,nws_retro_v30
1987-07-13,0.3758333249328037,nws_retro_v30
1987-07-14,0.3699999917298555,nws_retro_v30
1987-07-15,0.3699999917298555,nws_retro_v30
1987-07-16,0.3699999917298555,nws_retro_v30
1987-07-17,0.3699999917298555,nws_retro_v30
1987-07-18,0.36874999175779516,nws_retro_v30
1987-07-19,0.3599999919533729,nws_retro_v30
1987-07-20,0.3599999919533729,nws_retro_v30
1987-07-21,0.3599999919533729,nws_retro_v30
1987-07-22,0.3599999919533729,nws_retro_v30
1987-07-23,0.3599999919533729,nws_retro_v30
1987-07-24,0.35374999209307134,nws_retro_v30
1987-07-25,0.3499999921768904,nws_retro_v30
1987-07-26,0.3499999921768904,nws_retro_v30
1987-07-27,0.3499999921768904,nws_retro_v30
1987-07-28,0.3499999921768904,nws_retro_v30
1987-07-29,0.3499999921768904,nws_retro_v30
1987-07-30,0.34083332571511465,nws_retro_v30
1987-07-31,0.3399999924004078,nws_retro_v30
1987-08-01,0.3399999924004078,nws_retro_v30
1987-08-02,0.3399999924004078,nws_retro_v30
1987-08-03,0.3399999924004078,nws_retro_v30
1987-08-04,0.3399999924004078,nws_retro_v30
1987-08-05,0.3299999926239252,nws_retro_v30
1987-08-06,0.3299999926239252,nws_retro_v30
1987-08-07,0.3299999926239252,nws_retro_v30
1987-08-08,0.3299999926239252,nws_retro_v30
1987-08-09,0.3299999926239252,nws_retro_v30
1987-08-10,0.3299999926239252,nws_retro_v30
1987-08-11,0.3216666594768564,nws_retro_v30
1987-08-12,0.3199999928474426,nws_retro_v30
1987-08-13,0.3199999928474426,nws_retro_v30
1987-08-14,0.3199999928474426,nws_retro_v30
1987-08-15,0.3199999928474426,nws_retro_v30
1987-08-16,0.3199999928474426,nws_retro_v30
1987-08-17,0.3158333262739082,nws_retro_v30
1987-08-18,0.30999999307096,nws_retro_v30
1987-08-19,0.30999999307096,nws_retro_v30
1987-08-20,0.30999999307096,nws_retro_v30
1987-08-21,0.30999999307096,nws_retro_v30
1987-08-22,0.30999999307096,nws_retro_v30
1987-08-23,0.30999999307096,nws_retro_v30
1987-08-24,0.30291665989595146,nws_retro_v30
1987-08-25,0.2999999932944774,nws_retro_v30
1987-08-26,0.2999999932944774,nws_retro_v30
1987-08-27,0.2999999932944774,nws_retro_v30
1987-08-28,0.2999999932944774,nws_retro_v30
1987-08-29,0.2999999932944774,nws_retro_v30
1987-08-30,0.2999999932944774,nws_retro_v30
1987-08-31,0.292916660119469,nws_retro_v30
1987-09-01,0.2899999935179949,nws_retro_v30
1987-09-02,0.2899999935179949,nws_retro_v30
1987-09-03,0.2899999935179949,nws_retro_v30
1987-09-04,0.2899999935179949,nws_retro_v30
1987-09-05,0.2899999935179949,nws_retro_v30
1987-09-06,0.2899999935179949,nws_retro_v30
1987-09-07,0.28583332694446045,nws_retro_v30
1987-09-08,0.2799999937415123,nws_retro_v30
1987-09-09,0.2799999937415123,nws_retro_v30
1987-09-10,0.2799999937415123,nws_retro_v30
1987-09-11,0.2799999937415123,nws_retro_v30
1987-09-12,0.2799999937415123,nws_retro_v30
1987-09-13,0.2799999937415123,nws_retro_v30
1987-09-14,0.2799999937415123,nws_retro_v30
1987-09-15,0.27249999390915036,nws_retro_v30
1987-09-16,0.2699999939650297,nws_retro_v30
1987-09-17,0.2699999939650297,nws_retro_v30
1987-09-18,0.2699999939650297,nws_retro_v30
1987-09-19,0.2699999939650297,nws_retro_v30
1987-09-20,0.2699999939650297,nws_retro_v30
1987-09-21,0.2699999939650297,nws_retro_v30
1987-09-22,0.2699999939650297,nws_retro_v30
1987-09-23,0.2624999941326677,nws_retro_v30
1987-09-24,0.2599999941885471,nws_retro_v30
1987-09-25,0.2599999941885471,nws_retro_v30
1987-09-26,0.2599999941885471,nws_retro_v30
1987-09-27,0.2599999941885471,nws_retro_v30
1987-09-28,0.2599999941885471,nws_retro_v30
1987-09-29,0.2599999941885471,nws_retro_v30
1987-09-30,0.2599999941885471,nws_retro_v30
1987-10-01,0.2562499942723661,nws_retro_v30
1987-10-02,0.24999999441206447,nws_retro_v30
1987-10-03,0.24999999441206447,nws_retro_v30
1987-10-04,0.24999999441206447,nws_retro_v30
1987-10-05,0.24999999441206447,nws_retro_v30
1987-10-06,0.24999999441206447,nws_retro_v30
1987-10-07,0.24999999441206447,nws_retro_v30
1987-10-08,0.24999999441206447,nws_retro_v30
1987-10-09,0.24999999441206447,nws_retro_v30
1987-10-10,0.24458332786646975,nws_retro_v30
1987-10-11,0.2399999946355819,nws_retro_v30
1987-10-12,0.2399999946355819,nws_retro_v30
1987-10-13,0.2399999946355819,nws_retro_v30
1987-10-14,0.2399999946355819,nws_retro_v30
1987-10-15,0.2399999946355819,nws_retro_v30
1987-10-16,0.2399999946355819,nws_retro_v30
1987-10-17,0.2399999946355819,nws_retro_v30
1987-10-18,0.2399999946355819,nws_retro_v30
1987-10-19,0.2370833280341078,nws_retro_v30
1987-10-20,0.2299999948590994,nws_retro_v30
1987-10-21,0.2299999948590994,nws_retro_v30
1987-10-22,0.2299999948590994,nws_retro_v30
1987-10-23,0.2299999948590994,nws_retro_v30
1987-10-24,0.2299999948590994,nws_retro_v30
1987-10-25,0.2299999948590994,nws_retro_v30
1987-10-26,0.2299999948590994,nws_retro_v30
1987-10-27,0.41499999072402716,nws_retro_v30
1987-10-28,1.2262499725911766,nws_retro_v30
1987-10-29,0.36791665844308835,nws_retro_v30
1987-10-30,0.23374999477528033,nws_retro_v30
1987-10-31,0.22041666173997024,nws_retro_v30
1987-11-01,0.22041666173997024,nws_retro_v30
1987-11-02,0.22166666171203056,nws_retro_v30
1987-11-03,0.2199999950826168,nws_retro_v30
1987-11-04,0.2199999950826168,nws_retro_v30
1987-11-05,0.2199999950826168,nws_retro_v30
1987-11-06,0.2199999950826168,nws_retro_v30
1987-11-07,0.2199999950826168,nws_retro_v30
1987-11-08,0.2179166617958496,nws_retro_v30
1987-11-09,0.2099999953061342,nws_retro_v30
1987-11-10,0.2099999953061342,nws_retro_v30
1987-11-11,0.2099999953061342,nws_retro_v30
1987-11-12,0.2099999953061342,nws_retro_v30
1987-11-13,0.2374999946914613,nws_retro_v30
1987-11-14,0.2099999953061342,nws_retro_v30
1987-11-15,0.2099999953061342,nws_retro_v30
1987-11-16,0.2099999953061342,nws_retro_v30
1987-11-17,0.8612499807495624,nws_retro_v30
1987-11-18,0.5591666541683177,nws_retro_v30
1987-11-19,0.22833332822968558,nws_retro_v30
1987-11-20,0.20666666204730666,nws_retro_v30
1987-11-21,0.19999999552965156,nws_retro_v30
1987-11-22,0.19999999552965156,nws_retro_v30
1987-11-23,0.19999999552965156,nws_retro_v30
1987-11-24,0.19999999552965156,nws_retro_v30
1987-11-25,0.19999999552965156,nws_retro_v30
1987-11-26,0.19999999552965156,nws_retro_v30
1987-11-27,0.19999999552965156,nws_retro_v30
1987-11-28,0.19999999552965156,nws_retro_v30
1987-11-29,0.19999999552965156,nws_retro_v30
1987-11-30,0.27166666059444344,nws_retro_v30
1987-12-01,0.24624999449588356,nws_retro_v30
1987-12-02,0.19958332887229813,nws_retro_v30
1987-12-03,0.20541666207524634,nws_retro_v30
1987-12-04,0.37458332496074337,nws_retro_v30
1987-12-05,1.9720832892538358,nws_retro_v30
1987-12-06,1.1841666401984792,nws_retro_v30
1987-12-07,0.338333325770994,nws_retro_v30
1987-12-08,3.443333256368836,nws_retro_v30
1987-12-09,1.3379166367618989,nws_retro_v30
1987-12-10,0.6570833186463764,nws_retro_v30
1987-12-11,0.37791665821957093,nws_retro_v30
1987-12-12,0.29416666009152925,nws_retro_v30
1987-12-13,0.28124999371357257,nws_retro_v30
1987-12-14,0.23291666146057344,nws_retro_v30
1987-12-15,0.45374998985789716,nws_retro_v30
1987-12-16,0.43458332361963886,nws_retro_v30
1987-12-17,0.3608333252680798,nws_retro_v30
1987-12-18,0.2974999933503568,nws_retro_v30
1987-12-19,0.25458332764295233,nws_retro_v30
1987-12-20,0.23583332806204751,nws_retro_v30
1987-12-21,0.22374999499879777,nws_retro_v30
1987-12-22,0.38916665796811384,nws_retro_v30
1987-12-23,0.2879166602312277,nws_retro_v30
1987-12-24,0.24958332775471107,nws_retro_v30
1987-12-25,0.22124999505467713,nws_retro_v30
1987-12-26,0.21874999511055648,nws_retro_v30
1987-12-27,0.24041666129293537,nws_retro_v30
1987-12-28,3.1158332636890314,nws_retro_v30
1987-12-29,1.4395833011561383,nws_retro_v30
1987-12-30,0.7945833155730119,nws_retro_v30
1987-12-31,0.48791665576087934,nws_retro_v30
1988-01-01,0.43083332370345784,nws_retro_v30
1988-01-02,0.46041665637555224,nws_retro_v30
1988-01-03,0.5812499870080501,nws_retro_v30
1988-01-04,0.8470833143995454,nws_retro_v30
1988-01-05,0.6174999861977994,nws_retro_v30
1988-01-06,0.4162499906960875,nws_retro_v30
1988-01-07,0.3695833250725021,nws_retro_v30
1988-01-08,0.8604166474348555,nws_retro_v30
1988-01-09,0.4579166564314316,nws_retro_v30
1988-01-10,0.3999999910593033,nws_retro_v30
1988-01-11,0.6545833187022557,nws_retro_v30
1988-01-12,0.42958332373139757,nws_retro_v30
1988-01-13,0.33124999259598553,nws_retro_v30
1988-01-14,0.35166665880630416,nws_retro_v30
1988-01-15,2.820833270282795,nws_retro_v30
1988-01-16,6.819166514246414,nws_retro_v30
1988-01-17,9.582916452471787,nws_retro_v30
1988-01-18,3.345416591890777,nws_retro_v30
1988-01-19,1.8270832924948384,nws_retro_v30
1988-01-20,1.7258332947579522,nws_retro_v30
1988-01-21,1.5691666315930586,nws_retro_v30
1988-01-22,1.5870832978592564,nws_retro_v30
1988-01-23,1.6429166299446176,nws_retro_v30
1988-01-24,1.4529166341914486,nws_retro_v30
1988-01-25,1.3745833026090015,nws_retro_v30
1988-01-26,1.3516666364545624,nws_retro_v30
1988-01-27,1.283333304648598,nws_retro_v30
1988-01-28,1.2524999720044434,nws_retro_v30
1988-01-29,3.2029165950759,nws_retro_v30
1988-01-30,2.6895832732164613,nws_retro_v30
1988-01-31,1.5945832976916183,nws_retro_v30
1988-02-01,1.4387499678414315,nws_retro_v30
1988-02-02,1.3416666366780798,nws_retro_v30
1988-02-03,1.2324999724514782,nws_retro_v30
1988-02-04,1.0833333091189463,nws_retro_v30
1988-02-05,1.0179166439144562,nws_retro_v30
1988-02-06,0.9445833122202506,nws_retro_v30
1988-02-07,0.8458333144274851,nws_retro_v30
1988-02-08,0.7629166496141503,nws_retro_v30
1988-02-09,0.6970833177523067,nws_retro_v30
1988-02-10,0.6716666516537467,nws_retro_v30
1988-02-11,0.5870833202109983,nws_retro_v30
1988-02-12,0.5654166540286193,nws_retro_v30
1988-02-13,0.5312499881256372,nws_retro_v30
1988-02-14,0.525416654922689,nws_retro_v30
1988-02-15,0.5245833216079822,nws_retro_v30
1988-02-16,0.5012499887961894,nws_retro_v30
1988-02-17,0.4758333226976295,nws_retro_v30
1988-02-18,0.4691666561799745,nws_retro_v30
1988-02-19,0.4624999896623194,nws_retro_v30
1988-02-20,0.45749998977407813,nws_retro_v30
1988-02-21,0.4641666562917332,nws_retro_v30
1988-02-22,0.4591666564034919,nws_retro_v30
1988-02-23,0.45541665648731094,nws_retro_v30
1988-02-24,0.46708332289320725,nws_retro_v30
1988-02-25,0.46708332289320725,nws_retro_v30
1988-02-26,0.4591666564034919,nws_retro_v30
1988-02-27,0.46374998963437974,nws_retro_v30
1988-02-28,1.3954166354766737,nws_retro_v30
1988-02-29,0.8079166486083219,nws_retro_v30
1988-03-01,0.5349999880418181,nws_retro_v30
1988-03-02,0.48124998924322426,nws_retro_v30
1988-03-03,0.4749999893829226,nws_retro_v30
1988-03-04,0.45583332314466435,nws_retro_v30
1988-03-05,0.44041665682258707,nws_retro_v30
1988-03-06,0.4358333235916992,nws_retro_v30
1988-03-07,0.42874999041669065,nws_retro_v30
1988-03-08,0.4183333239828546,nws_retro_v30
1988-03-09,0.4212499905843287,nws_retro_v30
1988-03-10,0.4095833241784324,nws_retro_v30
1988-03-11,0.3966666578004758,nws_retro_v30
1988-03-12,0.3899999912828207,nws_retro_v30
1988-03-13,0.38958332462546724,nws_retro_v30
1988-03-14,0.38958332462546724,nws_retro_v30
1988-03-15,0.3883333246534069,nws_retro_v30
1988-03-16,0.38458332473722595,nws_retro_v30
1988-03-17,0.3799999915063381,nws_retro_v30
1988-03-18,0.3799999915063381,nws_retro_v30
1988-03-19,0.3799999915063381,nws_retro_v30
1988-03-20,0.3799999915063381,nws_retro_v30
1988-03-21,0.3774999915622175,nws_retro_v30
1988-03-22,0.3699999917298555,nws_retro_v30
1988-03-23,0.3699999917298555,nws_retro_v30
1988-03-24,0.3699999917298555,nws_retro_v30
1988-03-25,0.3699999917298555,nws_retro_v30
1988-03-26,0.3699999917298555,nws_retro_v30
1988-03-27,0.3699999917298555,nws_retro_v30
1988-03-28,0.3620833252401401,nws_retro_v30
1988-03-29,0.3599999919533729,nws_retro_v30
1988-03-30,0.3599999919533729,nws_retro_v30
1988-03-31,0.3599999919533729,nws_retro_v30
1988-04-01,0.3599999919533729,nws_retro_v30
1988-04-02,0.3599999919533729,nws_retro_v30
1988-04-03,0.3545833254077782,nws_retro_v30
1988-04-04,0.3499999921768904,nws_retro_v30
1988-04-05,0.3499999921768904,nws_retro_v30
1988-04-06,0.3499999921768904,nws_retro_v30
1988-04-07,0.3499999921768904,nws_retro_v30
1988-04-08,0.3499999921768904,nws_retro_v30
1988-04-09,0.3416666590298216,nws_retro_v30
1988-04-10,0.3399999924004078,nws_retro_v30
1988-04-11,0.3399999924004078,nws_retro_v30
1988-04-12,0.3399999924004078,nws_retro_v30
1988-04-13,0.3474999922327697,nws_retro_v30
1988-04-14,0.33916665908570093,nws_retro_v30
1988-04-15,0.3299999926239252,nws_retro_v30
1988-04-16,0.3299999926239252,nws_retro_v30
1988-04-17,0.3299999926239252,nws_retro_v30
1988-04-18,0.3299999926239252,nws_retro_v30
1988-04-19,2.9841665999653437,nws_retro_v30
1988-04-20,1.310833304033925,nws_retro_v30
1988-04-21,0.3966666578004758,nws_retro_v30
1988-04-22,0.327916659337158,nws_retro_v30
1988-04-23,1.1404166411763679,nws_retro_v30
1988-04-24,0.4858333224741121,nws_retro_v30
1988-04-25,0.3254166593930374,nws_retro_v30
1988-04-26,0.3199999928474426,nws_retro_v30
1988-04-27,0.3108333263856669,nws_retro_v30
1988-04-28,0.30999999307096,nws_retro_v30
1988-04-29,0.30999999307096,nws_retro_v30
1988-04-30,0.30999999307096,nws_retro_v30
1988-05-01,0.30999999307096,nws_retro_v30
1988-05-02,0.30999999307096,nws_retro_v30
1988-05-03,0.30999999307096,nws_retro_v30
1988-05-04,0.30999999307096,nws_retro_v30
1988-05-05,0.30749999312683934,nws_retro_v30
1988-05-06,0.3004166599518308,nws_retro_v30
1988-05-07,0.4674999895505607,nws_retro_v30
1988-05-08,0.3554166587224851,nws_retro_v30
1988-05-09,0.30291665989595146,nws_retro_v30
1988-05-10,0.2999999932944774,nws_retro_v30
1988-05-11,0.2999999932944774,nws_retro_v30
1988-05-12,0.2999999932944774,nws_retro_v30
1988-05-13,0.29624999337829644,nws_retro_v30
1988-05-14,0.2899999935179949,nws_retro_v30
1988-05-15,0.2899999935179949,nws_retro_v30
1988-05-16,0.2899999935179949,nws_retro_v30
1988-05-17,0.2899999935179949,nws_retro_v30
1988-05-18,0.2899999935179949,nws_retro_v30
1988-05-19,0.2899999935179949,nws_retro_v30
1988-05-20,0.2899999935179949,nws_retro_v30
1988-05-21,0.2862499936018139,nws_retro_v30
1988-05-22,0.2799999937415123,nws_retro_v30
1988-05-23,0.2799999937415123,nws_retro_v30
1988-05-24,0.2799999937415123,nws_retro_v30
1988-05-25,0.2799999937415123,nws_retro_v30
1988-05-26,0.2799999937415123,nws_retro_v30
1988-05-27,0.2799999937415123,nws_retro_v30
1988-05-28,0.2799999937415123,nws_retro_v30
1988-05-29,0.2729166605665038,nws_retro_v30
1988-05-30,0.2699999939650297,nws_retro_v30
1988-05-31,0.2699999939650297,nws_retro_v30
1988-06-01,0.2699999939650297,nws_retro_v30
1988-06-02,0.2699999939650297,nws_retro_v30
1988-06-03,0.2699999939650297,nws_retro_v30
1988-06-04,0.2699999939650297,nws_retro_v30
1988-06-05,0.26791666067826253,nws_retro_v30
1988-06-06,0.2599999941885471,nws_retro_v30
1988-06-07,0.2599999941885471,nws_retro_v30
1988-06-08,0.2599999941885471,nws_retro_v30
1988-06-09,0.2599999941885471,nws_retro_v30
1988-06-10,0.2599999941885471,nws_retro_v30
1988-06-11,0.2599999941885471,nws_retro_v30
1988-06-12,0.2599999941885471,nws_retro_v30
1988-06-13,0.253333327670892,nws_retro_v30
1988-06-14,0.24999999441206447,nws_retro_v30
1988-06-15,0.24999999441206447,nws_retro_v30
1988-06-16,0.24999999441206447,nws_retro_v30
1988-06-17,0.24999999441206447,nws_retro_v30
1988-06-18,0.24999999441206447,nws_retro_v30
1988-06-19,0.24999999441206447,nws_retro_v30
1988-06-20,0.24999999441206447,nws_retro_v30
1988-06-21,0.2412499946076422,nws_retro_v30
1988-06-22,0.2399999946355819,nws_retro_v30
1988-06-23,0.2399999946355819,nws_retro_v30
1988-06-24,0.2399999946355819,nws_retro_v30
1988-06-25,0.2399999946355819,nws_retro_v30
1988-06-26,0.2399999946355819,nws_retro_v30
1988-06-27,0.2399999946355819,nws_retro_v30
1988-06-28,0.2399999946355819,nws_retro_v30
1988-06-29,0.23291666146057344,nws_retro_v30
1988-06-30,0.2299999948590994,nws_retro_v30
1988-07-01,0.2299999948590994,nws_retro_v30
1988-07-02,0.2299999948590994,nws_retro_v30
1988-07-03,0.2299999948590994,nws_retro_v30
1988-07-04,0.2299999948590994,nws_retro_v30
1988-07-05,0.2299999948590994,nws_retro_v30
1988-07-06,0.2299999948590994,nws_retro_v30
1988-07-07,0.2291666615443925,nws_retro_v30
1988-07-08,0.2199999950826168,nws_retro_v30
1988-07-09,0.2199999950826168,nws_retro_v30
1988-07-10,0.2199999950826168,nws_retro_v30
1988-07-11,0.2199999950826168,nws_retro_v30
1988-07-12,0.2199999950826168,nws_retro_v30
1988-07-13,0.2199999950826168,nws_retro_v30
1988-07-14,0.2199999950826168,nws_retro_v30
1988-07-15,0.2199999950826168,nws_retro_v30
1988-07-16,0.2199999950826168,nws_retro_v30
1988-07-17,0.21041666196348763,nws_retro_v30
1988-07-18,0.2099999953061342,nws_retro_v30
1988-07-19,0.2099999953061342,nws_retro_v30
1988-07-20,0.2099999953061342,nws_retro_v30
1988-07-21,0.2099999953061342,nws_retro_v30
1988-07-22,0.2099999953061342,nws_retro_v30
1988-07-23,0.2099999953061342,nws_retro_v30
1988-07-24,0.2099999953061342,nws_retro_v30
1988-07-25,0.2099999953061342,nws_retro_v30
1988-07-26,0.20749999536201355,nws_retro_v30
1988-07-27,0.19999999552965156,nws_retro_v30
1988-07-28,0.19999999552965156,nws_retro_v30
1988-07-29,0.19999999552965156,nws_retro_v30
1988-07-30,0.19999999552965156,nws_retro_v30
1988-07-31,0.19999999552965156,nws_retro_v30
1988-08-01,0.19999999552965156,nws_retro_v30
1988-08-02,0.19999999552965156,nws_retro_v30
1988-08-03,0.19999999552965156,nws_retro_v30
1988-08-04,0.19999999552965156,nws_retro_v30
1988-08-05,0.19999999552965156,nws_retro_v30
1988-08-06,0.1912499957252293,nws_retro_v30
1988-08-07,0.18999999575316898,nws_retro_v30
1988-08-08,0.18999999575316898,nws_retro_v30
1988-08-09,0.18999999575316898,nws_retro_v30
1988-08-10,0.18999999575316898,nws_retro_v30
1988-08-11,0.18999999575316898,nws_retro_v30
1988-08-12,0.18999999575316898,nws_retro_v30
1988-08-13,0.18999999575316898,nws_retro_v30
1988-08-14,0.18999999575316898,nws_retro_v30
1988-08-15,0.18999999575316898,nws_retro_v30
1988-08-16,0.18999999575316898,nws_retro_v30
1988-08-17,0.18249999592080704,nws_retro_v30
1988-08-18,0.1799999959766864,nws_retro_v30
1988-08-19,0.1799999959766864,nws_retro_v30
1988-08-20,0.1799999959766864,nws_retro_v30
1988-08-21,0.1799999959766864,nws_retro_v30
1988-08-22,0.1799999959766864,nws_retro_v30
1988-08-23,0.1799999959766864,nws_retro_v30
1988-08-24,0.1799999959766864,nws_retro_v30
1988-08-25,0.1799999959766864,nws_retro_v30
1988-08-26,0.1799999959766864,nws_retro_v30
1988-08-27,0.1799999959766864,nws_retro_v30
1988-08-28,0.1799999959766864,nws_retro_v30
1988-08-29,0.1720833294869711,nws_retro_v30
1988-08-30,0.1699999962002039,nws_retro_v30
1988-08-31,0.1699999962002039,nws_retro_v30
1988-09-01,0.1699999962002039,nws_retro_v30
1988-09-02,0.1699999962002039,nws_retro_v30
1988-09-03,0.1699999962002039,nws_retro_v30
1988-09-04,0.1699999962002039,nws_retro_v30
1988-09-05,0.1699999962002039,nws_retro_v30
1988-09-06,0.1699999962002039,nws_retro_v30
1988-09-07,0.1699999962002039,nws_retro_v30
1988-09-08,0.1699999962002039,nws_retro_v30
1988-09-09,0.1699999962002039,nws_retro_v30
1988-09-10,0.1699999962002039,nws_retro_v30
1988-09-11,0.1608333297384282,nws_retro_v30
1988-09-12,0.1599999964237213,nws_retro_v30
1988-09-13,0.1599999964237213,nws_retro_v30
1988-09-14,0.1599999964237213,nws_retro_v30
1988-09-15,0.1599999964237213,nws_retro_v30
1988-09-16,0.1599999964237213,nws_retro_v30
1988-09-17,0.1599999964237213,nws_retro_v30
1988-09-18,0.1599999964237213,nws_retro_v30
1988-09-19,0.1599999964237213,nws_retro_v30
1988-09-20,0.1599999964237213,nws_retro_v30
1988-09-21,0.1599999964237213,nws_retro_v30
1988-09-22,0.1599999964237213,nws_retro_v30
1988-09-23,0.1599999964237213,nws_retro_v30
1988-09-24,0.1599999964237213,nws_retro_v30
1988-09-25,0.1499999966472387,nws_retro_v30
1988-09-26,0.1499999966472387,nws_retro_v30
1988-09-27,0.1499999966472387,nws_retro_v30
1988-09-28,0.1499999966472387,nws_retro_v30
1988-09-29,0.1499999966472387,nws_retro_v30
1988-09-30,0.1499999966472387,nws_retro_v30
1988-10-01,0.1499999966472387,nws_retro_v30
1988-10-02,0.1499999966472387,nws_retro_v30
1988-10-03,0.1499999966472387,nws_retro_v30
1988-10-04,0.1499999966472387,nws_retro_v30
1988-10-05,0.1499999966472387,nws_retro_v30
1988-10-06,0.1499999966472387,nws_retro_v30
1988-10-07,0.1499999966472387,nws_retro_v30
1988-10-08,0.1499999966472387,nws_retro_v30
1988-10-09,0.1499999966472387,nws_retro_v30
1988-10-10,0.14124999684281642,nws_retro_v30
1988-10-11,0.1399999968707561,nws_retro_v30
1988-10-12,0.1399999968707561,nws_retro_v30
1988-10-13,0.1399999968707561,nws_retro_v30
1988-10-14,0.1399999968707561,nws_retro_v30
1988-10-15,0.1399999968707561,nws_retro_v30
1988-10-16,0.1399999968707561,nws_retro_v30
1988-10-17,0.1399999968707561,nws_retro_v30
1988-10-18,0.1399999968707561,nws_retro_v30
1988-10-19,0.1399999968707561,nws_retro_v30
1988-10-20,0.1399999968707561,nws_retro_v30
1988-10-21,0.1399999968707561,nws_retro_v30
1988-10-22,0.1399999968707561,nws_retro_v30
1988-10-23,0.1399999968707561,nws_retro_v30
1988-10-24,0.1399999968707561,nws_retro_v30
1988-10-25,0.1399999968707561,nws_retro_v30
1988-10-26,0.1358333302972217,nws_retro_v30
1988-10-27,0.1299999970942735,nws_retro_v30
1988-10-28,0.1299999970942735,nws_retro_v30
1988-10-29,0.1299999970942735,nws_retro_v30
1988-10-30,0.1299999970942735,nws_retro_v30
1988-10-31,0.1299999970942735,nws_retro_v30
1988-11-01,0.1299999970942735,nws_retro_v30
1988-11-02,0.1299999970942735,nws_retro_v30
1988-11-03,0.1299999970942735,nws_retro_v30
1988-11-04,0.1299999970942735,nws_retro_v30
1988-11-05,0.1299999970942735,nws_retro_v30
1988-11-06,0.1299999970942735,nws_retro_v30
1988-11-07,0.1299999970942735,nws_retro_v30
1988-11-08,0.1299999970942735,nws_retro_v30
1988-11-09,0.1299999970942735,nws_retro_v30
1988-11-10,0.1929166623546431,nws_retro_v30
1988-11-11,0.13958333021340266,nws_retro_v30
1988-11-12,0.1299999970942735,nws_retro_v30
1988-11-13,0.1299999970942735,nws_retro_v30
1988-11-14,0.12124999728985124,nws_retro_v30
1988-11-15,0.11999999731779092,nws_retro_v30
1988-11-16,0.14458333010164395,nws_retro_v30
1988-11-17,0.12458333054867876,nws_retro_v30
1988-11-18,0.11999999731779092,nws_retro_v30
1988-11-19,0.11999999731779092,nws_retro_v30
1988-11-20,0.11999999731779092,nws_retro_v30
1988-11-21,0.11999999731779092,nws_retro_v30
1988-11-22,0.15958332976636783,nws_retro_v30
1988-11-23,0.7449999833479524,nws_retro_v30
1988-11-24,0.6254166526875148,nws_retro_v30
1988-11-25,0.17874999600462613,nws_retro_v30
1988-11-26,0.12374999723397188,nws_retro_v30
1988-11-27,0.11999999731779092,nws_retro_v30
1988-11-28,0.11999999731779092,nws_retro_v30
1988-11-29,0.11999999731779092,nws_retro_v30
1988-11-30,0.11999999731779092,nws_retro_v30
1988-12-01,0.11999999731779092,nws_retro_v30
1988-12-02,0.11999999731779092,nws_retro_v30
1988-12-03,0.11999999731779092,nws_retro_v30
1988-12-04,0.1154166640869031,nws_retro_v30
1988-12-05,0.1099999975413084,nws_retro_v30
1988-12-06,0.1099999975413084,nws_retro_v30
1988-12-07,0.1099999975413084,nws_retro_v30
1988-12-08,0.1099999975413084,nws_retro_v30
1988-12-09,0.1099999975413084,nws_retro_v30
1988-12-10,0.1099999975413084,nws_retro_v30
1988-12-11,0.1099999975413084,nws_retro_v30
1988-12-12,0.1099999975413084,nws_retro_v30
1988-12-13,0.1099999975413084,nws_retro_v30
1988-12-14,0.1099999975413084,nws_retro_v30
1988-12-15,0.1099999975413084,nws_retro_v30
1988-12-16,0.1099999975413084,nws_retro_v30
1988-12-17,0.1099999975413084,nws_retro_v30
1988-12-18,0.15749999647960064,nws_retro_v30
1988-12-19,0.22874999488703904,nws_retro_v30
1988-12-20,0.16999999620020387,nws_retro_v30
1988-12-21,0.8474999810568988,nws_retro_v30
1988-12-22,0.7374999835155904,nws_retro_v30
1988-12-23,0.3170833262459685,nws_retro_v30
1988-12-24,7.704166494465123,nws_retro_v30
1988-12-25,2.3941666131528714,nws_retro_v30
1988-12-26,0.9474999788217247,nws_retro_v30
1988-12-27,0.7337499835994095,nws_retro_v30
1988-12-28,0.6099999863654375,nws_retro_v30
1988-12-29,0.3399999924004078,nws_retro_v30
1988-12-30,0.37791665821957093,nws_retro_v30
1988-12-31,1.357083303000157,nws_retro_v30
1989-01-01,0.4429166567667077,nws_retro_v30
1989-01-02,0.21249999525025484,nws_retro_v30
1989-01-03,0.2262499949429184,nws_retro_v30
1989-01-04,0.15708332982224718,nws_retro_v30
1989-01-05,1.0329166435791801,nws_retro_v30
1989-01-06,0.5666666540006796,nws_retro_v30
1989-01-07,0.43458332361963886,nws_retro_v30
1989-01-08,0.30249999323859805,nws_retro_v30
1989-01-09,0.2708333272797366,nws_retro_v30
1989-01-10,0.23374999477528033,nws_retro_v30
1989-01-11,0.1958333289561172,nws_retro_v30
1989-01-12,0.1608333297384282,nws_retro_v30
1989-01-13,0.14666666338841117,nws_retro_v30
1989-01-14,0.13666666361192856,nws_retro_v30
1989-01-15,0.13541666363986823,nws_retro_v30
1989-01-16,0.14124999684281642,nws_retro_v30
1989-01-17,0.1399999968707561,nws_retro_v30
1989-01-18,0.1399999968707561,nws_retro_v30
1989-01-19,0.1299999970942735,nws_retro_v30
1989-01-20,0.1299999970942735,nws_retro_v30
1989-01-21,0.1299999970942735,nws_retro_v30
1989-01-22,0.13124999706633383,nws_retro_v30
1989-01-23,0.23083332817380622,nws_retro_v30
1989-01-24,0.1970833289281775,nws_retro_v30
1989-01-25,0.1491666633325318,nws_retro_v30
1989-01-26,0.1399999968707561,nws_retro_v30
1989-01-27,0.14541666341635084,nws_retro_v30
1989-01-28,0.1499999966472387,nws_retro_v30
1989-01-29,0.16208332971048853,nws_retro_v30
1989-01-30,0.17374999611638484,nws_retro_v30
1989-01-31,0.1799999959766864,nws_retro_v30
1989-02-01,0.18958332909581554,nws_retro_v30
1989-02-02,0.2033333287884791,nws_retro_v30
1989-02-03,0.3870833246813466,nws_retro_v30
1989-02-04,0.47999998927116394,nws_retro_v30
1989-02-05,0.29666666003564995,nws_retro_v30
1989-02-06,0.22166666171203053,nws_retro_v30
1989-02-07,0.2545833276429524,nws_retro_v30
1989-02-08,0.32791665933715797,nws_retro_v30
1989-02-09,0.8237499815877527,nws_retro_v30
1989-02-10,0.42999999038875103,nws_retro_v30
1989-02-11,0.30958332641360653,nws_retro_v30
1989-02-12,0.29083332683270174,nws_retro_v30
1989-02-13,0.2658333273914953,nws_retro_v30
1989-02-14,0.24791666112529728,nws_retro_v30
1989-02-15,0.23916666132087502,nws_retro_v30
1989-02-16,0.2399999946355819,nws_retro_v30
1989-02-17,0.23416666143263376,nws_retro_v30
1989-02-18,0.2529166610135386,nws_retro_v30
1989-02-19,0.28666666025916737,nws_retro_v30
1989-02-20,0.2679166606782625,nws_retro_v30
1989-02-21,0.25374999432824547,nws_retro_v30
1989-02-22,0.23874999466352162,nws_retro_v30
1989-02-23,0.24499999452382318,nws_retro_v30
1989-02-24,0.2529166610135386,nws_retro_v30
1989-02-25,0.24499999452382318,nws_retro_v30
1989-02-26,0.24166666126499567,nws_retro_v30
1989-02-27,0.23833332800616816,nws_retro_v30
1989-02-28,0.21208332859290138,nws_retro_v30
1989-03-01,0.20333332878847912,nws_retro_v30
1989-03-02,8.477499810513109,nws_retro_v30
1989-03-03,1.8566666251669328,nws_retro_v30
1989-03-04,0.5879166535257051,nws_retro_v30
1989-03-05,0.5899999868124723,nws_retro_v30
1989-03-06,0.6508333187860748,nws_retro_v30
1989-03-07,0.557499987538904,nws_retro_v30
1989-03-08,1.7437499610241503,nws_retro_v30
1989-03-09,1.0958333088395495,nws_retro_v30
1989-03-10,10.386666434506575,nws_retro_v30
1989-03-11,11.88041640111866,nws_retro_v30
1989-03-12,3.482499922160059,nws_retro_v30
1989-03-13,2.9537499339785427,nws_retro_v30
1989-03-14,2.6474999408237636,nws_retro_v30
1989-03-15,2.397499946411699,nws_retro_v30
1989-03-16,18.41791625499415,nws_retro_v30
1989-03-17,5.841249869437888,nws_retro_v30
1989-03-18,4.655416562609996,nws_retro_v30
1989-03-19,6.040833198310186,nws_retro_v30
1989-03-20,3.3533332583804927,nws_retro_v30
1989-03-21,2.3529166140748807,nws_retro_v30
1989-03-22,2.214999950490892,nws_retro_v30
1989-03-23,2.099166619746635,nws_retro_v30
1989-03-24,19.32999956794083,nws_retro_v30
1989-03-25,11.497916409668202,nws_retro_v30
1989-03-26,5.564583208955203,nws_retro_v30
1989-03-27,4.374583235553776,nws_retro_v30
1989-03-28,4.433333234240611,nws_retro_v30
1989-03-29,4.592499897349626,nws_retro_v30
1989-03-30,2.785833271065106,nws_retro_v30
1989-03-31,2.2449999498203397,nws_retro_v30
1989-04-01,2.551666609632472,nws_retro_v30
1989-04-02,2.1483332853143415,nws_retro_v30
1989-04-03,2.4570832784132413,nws_retro_v30
1989-04-04,1.5320832990886022,nws_retro_v30
1989-04-05,1.0249999770894647,nws_retro_v30
1989-04-06,0.822083314958339,nws_retro_v30
1989-04-07,0.7174999839626253,nws_retro_v30
1989-04-08,0.6324999858625233,nws_retro_v30
1989-04-09,0.5841666536095241,nws_retro_v30
1989-04-10,0.5854166535815845,nws_retro_v30
1989-04-11,0.6070833197639635,nws_retro_v30
1989-04-12,0.6149999862536788,nws_retro_v30
1989-04-13,0.6254166526875148,nws_retro_v30
1989-04-14,0.631249985890463,nws_retro_v30
1989-04-15,0.6137499862816185,nws_retro_v30
1989-04-16,0.5758333204624554,nws_retro_v30
1989-04-17,0.5608333207977315,nws_retro_v30
1989-04-18,0.553749987622723,nws_retro_v30
1989-04-19,0.5362499880138785,nws_retro_v30
1989-04-20,0.5204166550344477,nws_retro_v30
1989-04-21,0.539583321272706,nws_retro_v30
1989-04-22,0.5366666546712319,nws_retro_v30
1989-04-23,0.715416650675858,nws_retro_v30
1989-04-24,0.6991666510390738,nws_retro_v30
1989-04-25,0.6529166520728419,nws_retro_v30
1989-04-26,0.6074999864213169,nws_retro_v30
1989-04-27,0.5387499879579991,nws_retro_v30
1989-04-28,0.5204166550344477,nws_retro_v30
1989-04-29,0.5129166552020857,nws_retro_v30
1989-04-30,0.504583322055017,nws_retro_v30
1989-05-01,0.5079166553138444,nws_retro_v30
1989-05-02,0.511249988572672,nws_retro_v30
1989-05-03,0.5029166554256032,nws_retro_v30
1989-05-04,0.4954166555932413,nws_retro_v30
1989-05-05,0.49333332230647403,nws_retro_v30
1989-05-06,0.4899999890476465,nws_retro_v30
1989-05-07,0.4899999890476465,nws_retro_v30
1989-05-08,0.4870833224461724,nws_retro_v30
1989-05-09,0.4799999892711639,nws_retro_v30
1989-05-10,0.4799999892711639,nws_retro_v30
1989-05-11,0.4799999892711639,nws_retro_v30
1989-05-12,0.4799999892711639,nws_retro_v30
1989-05-13,0.47458332272556913,nws_retro_v30
1989-05-14,0.4699999894946813,nws_retro_v30
1989-05-15,0.4699999894946813,nws_retro_v30
1989-05-16,0.4699999894946813,nws_retro_v30
1989-05-17,0.4662499895785004,nws_retro_v30
1989-05-18,0.4599999897181988,nws_retro_v30
1989-05-19,0.4599999897181988,nws_retro_v30
1989-05-20,0.4599999897181988,nws_retro_v30
1989-05-21,0.4549999898299575,nws_retro_v30
1989-05-22,0.4499999899417162,nws_retro_v30
1989-05-23,0.4499999899417162,nws_retro_v30
1989-05-24,0.4499999899417162,nws_retro_v30
1989-05-25,0.44249999010935426,nws_retro_v30
1989-05-26,0.4399999901652336,nws_retro_v30
1989-05-27,0.4399999901652336,nws_retro_v30
1989-05-28,0.4399999901652336,nws_retro_v30
1989-05-29,0.4304166570461044,nws_retro_v30
1989-05-30,0.429999990388751,nws_retro_v30
1989-05-31,0.429999990388751,nws_retro_v30
1989-06-01,0.4283333237593372,nws_retro_v30
1989-06-02,0.4199999906122684,nws_retro_v30
1989-06-03,0.4199999906122684,nws_retro_v30
1989-06-04,0.4199999906122684,nws_retro_v30
1989-06-05,0.4162499906960874,nws_retro_v30
1989-06-06,0.4099999908357858,nws_retro_v30
1989-06-07,0.4099999908357858,nws_retro_v30
1989-06-08,0.4099999908357858,nws_retro_v30
1989-06-09,0.40541665760489803,nws_retro_v30
1989-06-10,0.3999999910593033,nws_retro_v30
1989-06-11,0.3999999910593033,nws_retro_v30
1989-06-12,0.3999999910593033,nws_retro_v30
1989-06-13,0.39541665782841545,nws_retro_v30
1989-06-14,0.3899999912828207,nws_retro_v30
1989-06-15,0.3899999912828207,nws_retro_v30
1989-06-16,0.3899999912828207,nws_retro_v30
1989-06-17,0.38624999136663973,nws_retro_v30
1989-06-18,0.3799999915063381,nws_retro_v30
1989-06-19,0.3799999915063381,nws_retro_v30
1989-06-20,0.3799999915063381,nws_retro_v30
1989-06-21,0.3787499915342778,nws_retro_v30
1989-06-22,0.3699999917298555,nws_retro_v30
1989-06-23,0.3699999917298555,nws_retro_v30
1989-06-24,0.3699999917298555,nws_retro_v30
1989-06-25,0.3699999917298555,nws_retro_v30
1989-06-26,0.36249999189749355,nws_retro_v30
1989-06-27,0.3599999919533729,nws_retro_v30
1989-06-28,0.3599999919533729,nws_retro_v30
1989-06-29,0.3599999919533729,nws_retro_v30
1989-06-30,0.3583333253239591,nws_retro_v30
1989-07-01,0.3499999921768904,nws_retro_v30
1989-07-02,0.3499999921768904,nws_retro_v30
1989-07-03,0.3499999921768904,nws_retro_v30
1989-07-04,0.3499999921768904,nws_retro_v30
1989-07-05,0.34583332560335595,nws_retro_v30
1989-07-06,0.3399999924004078,nws_retro_v30
1989-07-07,0.3399999924004078,nws_retro_v30
1989-07-08,0.3399999924004078,nws_retro_v30
1989-07-09,0.3399999924004078,nws_retro_v30
1989-07-10,0.33583332582687336,nws_retro_v30
1989-07-11,0.3299999926239252,nws_retro_v30
1989-07-12,0.3299999926239252,nws_retro_v30
1989-07-13,0.3299999926239252,nws_retro_v30
1989-07-14,0.3299999926239252,nws_retro_v30
1989-07-15,0.327916659337158,nws_retro_v30
1989-07-16,0.3199999928474426,nws_retro_v30
1989-07-17,0.3199999928474426,nws_retro_v30
1989-07-18,0.3199999928474426,nws_retro_v30
1989-07-19,0.3199999928474426,nws_retro_v30
1989-07-20,0.3199999928474426,nws_retro_v30
1989-07-21,0.31249999301508063,nws_retro_v30
1989-07-22,0.30999999307096,nws_retro_v30
1989-07-23,0.30999999307096,nws_retro_v30
1989-07-24,0.30999999307096,nws_retro_v30
1989-07-25,0.30999999307096,nws_retro_v30
1989-07-26,0.30999999307096,nws_retro_v30
1989-07-27,0.2999999932944774,nws_retro_v30
1989-07-28,0.2999999932944774,nws_retro_v30
1989-07-29,0.2999999932944774,nws_retro_v30
1989-07-30,0.2999999932944774,nws_retro_v30
1989-07-31,0.2999999932944774,nws_retro_v30
1989-08-01,0.2999999932944774,nws_retro_v30
1989-08-02,0.2899999935179949,nws_retro_v30
1989-08-03,0.2899999935179949,nws_retro_v30
1989-08-04,0.2899999935179949,nws_retro_v30
1989-08-05,0.2899999935179949,nws_retro_v30
1989-08-06,0.2899999935179949,nws_retro_v30
1989-08-07,0.2899999935179949,nws_retro_v30
1989-08-08,0.2833333270003398,nws_retro_v30
1989-08-09,0.2799999937415123,nws_retro_v30
1989-08-10,0.2799999937415123,nws_retro_v30
1989-08-11,0.2799999937415123,nws_retro_v30
1989-08-12,0.2799999937415123,nws_retro_v30
1989-08-13,0.2799999937415123,nws_retro_v30
1989-08-14,0.2799999937415123,nws_retro_v30
1989-08-15,0.2699999939650297,nws_retro_v30
1989-08-16,0.2699999939650297,nws_retro_v30
1989-08-17,0.2699999939650297,nws_retro_v30
1989-08-18,0.2699999939650297,nws_retro_v30
1989-08-19,0.2699999939650297,nws_retro_v30
1989-08-20,0.2699999939650297,nws_retro_v30
1989-08-21,0.2699999939650297,nws_retro_v30
1989-08-22,0.26041666084590054,nws_retro_v30
1989-08-23,0.2599999941885471,nws_retro_v30
1989-08-24,0.2599999941885471,nws_retro_v30
1989-08-25,0.2599999941885471,nws_retro_v30
1989-08-26,0.2599999941885471,nws_retro_v30
1989-08-27,0.2599999941885471,nws_retro_v30
1989-08-28,0.2599999941885471,nws_retro_v30
1989-08-29,0.25458332764295233,nws_retro_v30
1989-08-30,0.24999999441206447,nws_retro_v30
1989-08-31,0.24999999441206447,nws_retro_v30
1989-09-01,0.24999999441206447,nws_retro_v30
1989-09-02,0.24999999441206447,nws_retro_v30
1989-09-03,0.24999999441206447,nws_retro_v30
1989-09-04,0.24999999441206447,nws_retro_v30
1989-09-05,0.24999999441206447,nws_retro_v30
1989-09-06,0.242916661237056,nws_retro_v30
1989-09-07,0.2399999946355819,nws_retro_v30
1989-09-08,0.2399999946355819,nws_retro_v30
1989-09-09,0.2399999946355819,nws_retro_v30
1989-09-10,0.2399999946355819,nws_retro_v30
1989-09-11,0.2399999946355819,nws_retro_v30
1989-09-12,0.2399999946355819,nws_retro_v30
1989-09-13,0.2399999946355819,nws_retro_v30
1989-09-14,0.23583332806204751,nws_retro_v30
1989-09-15,0.2299999948590994,nws_retro_v30
1989-09-16,0.5145833218314996,nws_retro_v30
1989-09-17,0.3479166588901232,nws_retro_v30
1989-09-18,0.2408333279502888,nws_retro_v30
1989-09-19,0.2299999948590994,nws_retro_v30
1989-09-20,0.2299999948590994,nws_retro_v30
1989-09-21,0.2299999948590994,nws_retro_v30
1989-09-22,0.2299999948590994,nws_retro_v30
1989-09-23,0.22374999499879777,nws_retro_v30
1989-09-24,0.2199999950826168,nws_retro_v30
1989-09-25,0.2199999950826168,nws_retro_v30
1989-09-26,0.2199999950826168,nws_retro_v30
1989-09-27,0.2199999950826168,nws_retro_v30
1989-09-28,0.2199999950826168,nws_retro_v30
1989-09-29,0.2199999950826168,nws_retro_v30
1989-09-30,0.2199999950826168,nws_retro_v30
1989-10-01,0.2199999950826168,nws_retro_v30
1989-10-02,0.21708332848114273,nws_retro_v30
1989-10-03,0.2099999953061342,nws_retro_v30
1989-10-04,0.2099999953061342,nws_retro_v30
1989-10-05,0.2099999953061342,nws_retro_v30
1989-10-06,0.2099999953061342,nws_retro_v30
1989-10-07,0.2099999953061342,nws_retro_v30
1989-10-08,0.2099999953061342,nws_retro_v30
1989-10-09,0.2099999953061342,nws_retro_v30
1989-10-10,0.2099999953061342,nws_retro_v30
1989-10-11,0.2099999953061342,nws_retro_v30
1989-10-12,0.20666666204730666,nws_retro_v30
1989-10-13,0.19999999552965156,nws_retro_v30
1989-10-14,0.19999999552965156,nws_retro_v30
1989-10-15,0.19999999552965156,nws_retro_v30
1989-10-16,0.19999999552965156,nws_retro_v30
1989-10-17,0.19999999552965156,nws_retro_v30
1989-10-18,0.19999999552965156,nws_retro_v30
1989-10-19,0.19999999552965156,nws_retro_v30
1989-10-20,0.19999999552965156,nws_retro_v30
1989-10-21,0.22749999491497871,nws_retro_v30
1989-10-22,0.19999999552965156,nws_retro_v30
1989-10-23,2.1729166180981943,nws_retro_v30
1989-10-24,0.9741666448923448,nws_retro_v30
1989-10-25,0.2487499944400042,nws_retro_v30
1989-10-26,0.19583332895611716,nws_retro_v30
1989-10-27,0.18999999575316898,nws_retro_v30
1989-10-28,0.18999999575316898,nws_retro_v30
1989-10-29,0.18999999575316898,nws_retro_v30
1989-10-30,0.18999999575316898,nws_retro_v30
1989-10-31,0.18999999575316898,nws_retro_v30
1989-11-01,0.18999999575316898,nws_retro_v30
1989-11-02,0.18999999575316898,nws_retro_v30
1989-11-03,0.18999999575316898,nws_retro_v30
1989-11-04,0.1829166625781605,nws_retro_v30
1989-11-05,0.1799999959766864,nws_retro_v30
1989-11-06,0.1799999959766864,nws_retro_v30
1989-11-07,0.1799999959766864,nws_retro_v30
1989-11-08,0.1799999959766864,nws_retro_v30
1989-11-09,0.1799999959766864,nws_retro_v30
1989-11-10,0.1799999959766864,nws_retro_v30
1989-11-11,0.1799999959766864,nws_retro_v30
1989-11-12,0.1799999959766864,nws_retro_v30
1989-11-13,0.1799999959766864,nws_retro_v30
1989-11-14,0.1799999959766864,nws_retro_v30
1989-11-15,0.1799999959766864,nws_retro_v30
1989-11-16,0.17958332931933296,nws_retro_v30
1989-11-17,0.1699999962002039,nws_retro_v30
1989-11-18,0.1699999962002039,nws_retro_v30
1989-11-19,0.1699999962002039,nws_retro_v30
1989-11-20,0.1699999962002039,nws_retro_v30
1989-11-21,0.1699999962002039,nws_retro_v30
1989-11-22,0.1699999962002039,nws_retro_v30
1989-11-23,0.1699999962002039,nws_retro_v30
1989-11-24,0.17749999603256583,nws_retro_v30
1989-11-25,0.17291666280167795,nws_retro_v30
1989-11-26,0.32999999262392515,nws_retro_v30
1989-11-27,0.17291666280167795,nws_retro_v30
1989-11-28,0.1699999962002039,nws_retro_v30
1989-11-29,0.1699999962002039,nws_retro_v30
1989-11-30,0.16249999636784196,nws_retro_v30
1989-12-01,0.1599999964237213,nws_retro_v30
1989-12-02,0.1599999964237213,nws_retro_v30
1989-12-03,0.1599999964237213,nws_retro_v30
1989-12-04,0.1599999964237213,nws_retro_v30
1989-12-05,0.1599999964237213,nws_retro_v30
1989-12-06,0.1599999964237213,nws_retro_v30
1989-12-07,0.1599999964237213,nws_retro_v30
1989-12-08,0.1599999964237213,nws_retro_v30
1989-12-09,0.1599999964237213,nws_retro_v30
1989-12-10,0.1599999964237213,nws_retro_v30
1989-12-11,0.1599999964237213,nws_retro_v30
1989-12-12,0.1599999964237213,nws_retro_v30
1989-12-13,0.1599999964237213,nws_retro_v30
1989-12-14,0.1599999964237213,nws_retro_v30
1989-12-15,0.15249999659135935,nws_retro_v30
1989-12-16,0.1499999966472387,nws_retro_v30
1989-12-17,0.1499999966472387,nws_retro_v30
1989-12-18,0.1499999966472387,nws_retro_v30
1989-12-19,0.1499999966472387,nws_retro_v30
1989-12-20,0.1499999966472387,nws_retro_v30
1989-12-21,0.1499999966472387,nws_retro_v30
1989-12-22,0.1499999966472387,nws_retro_v30
1989-12-23,0.1499999966472387,nws_retro_v30
1989-12-24,0.1499999966472387,nws_retro_v30
1989-12-25,0.1499999966472387,nws_retro_v30
1989-12-26,0.1499999966472387,nws_retro_v30
1989-12-27,0.1499999966472387,nws_retro_v30
1989-12-28,0.1499999966472387,nws_retro_v30
1989-12-29,0.1499999966472387,nws_retro_v30
1989-12-30,0.14624999673105774,nws_retro_v30
1989-12-31,0.1399999968707561,nws_retro_v30
1990-01-01,0.1399999968707561,nws_retro_v30
1990-01-02,0.1399999968707561,nws_retro_v30
1990-01-03,0.1399999968707561,nws_retro_v30
1990-01-04,0.1399999968707561,nws_retro_v30
1990-01-05,0.1399999968707561,nws_retro_v30
1990-01-06,0.1399999968707561,nws_retro_v30
1990-01-07,0.1399999968707561,nws_retro_v30
1990-01-08,0.1399999968707561,nws_retro_v30
1990-01-09,0.1399999968707561,nws_retro_v30
1990-01-10,0.1399999968707561,nws_retro_v30
1990-01-11,0.1399999968707561,nws_retro_v30
1990-01-12,0.1624999963678419,nws_retro_v30
1990-01-13,0.26541666073414183,nws_retro_v30
1990-01-14,0.18499999586492774,nws_retro_v30
1990-01-15,0.20124999550171194,nws_retro_v30
1990-01-16,0.16999999620020387,nws_retro_v30
1990-01-17,0.14166666350016985,nws_retro_v30
1990-01-18,0.1399999968707561,nws_retro_v30
1990-01-19,0.1479166633604715,nws_retro_v30
1990-01-20,0.14166666350016985,nws_retro_v30
1990-01-21,0.13958333021340266,nws_retro_v30
1990-01-22,0.16708332959872976,nws_retro_v30
1990-01-23,0.14166666350016985,nws_retro_v30
1990-01-24,0.1299999970942735,nws_retro_v30
1990-01-25,0.1299999970942735,nws_retro_v30
1990-01-26,0.1299999970942735,nws_retro_v30
1990-01-27,0.1299999970942735,nws_retro_v30
1990-01-28,0.1299999970942735,nws_retro_v30
1990-01-29,0.1299999970942735,nws_retro_v30
1990-01-30,0.13374999701045448,nws_retro_v30
1990-01-31,0.1329166636957476,nws_retro_v30
1990-02-01,0.17999999597668645,nws_retro_v30
1990-02-02,0.14874999667517835,nws_retro_v30
1990-02-03,0.1658333296266695,nws_retro_v30
1990-02-04,0.8079166486083219,nws_retro_v30
1990-02-05,0.2699999939650297,nws_retro_v30
1990-02-06,0.22083332839732364,nws_retro_v30
1990-02-07,0.1533333299060662,nws_retro_v30
1990-02-08,0.17958332931933296,nws_retro_v30
1990-02-09,0.16958332954285046,nws_retro_v30
1990-02-10,0.15583332985018689,nws_retro_v30
1990-02-11,0.1399999968707561,nws_retro_v30
1990-02-12,0.1299999970942735,nws_retro_v30
1990-02-13,0.12374999723397188,nws_retro_v30
1990-02-14,0.11999999731779092,nws_retro_v30
1990-02-15,0.11999999731779092,nws_retro_v30
1990-02-16,2.187499951105565,nws_retro_v30
1990-02-17,1.1029166420145582,nws_retro_v30
1990-02-18,0.5524999876506627,nws_retro_v30
1990-02-19,0.2508333277267714,nws_retro_v30
1990-02-20,0.26333332744737464,nws_retro_v30
1990-02-21,0.22458332831350467,nws_retro_v30
1990-02-22,0.17958332931933296,nws_retro_v30
1990-02-23,0.1499999966472387,nws_retro_v30
1990-02-24,0.1391666635560492,nws_retro_v30
1990-02-25,0.12208333060455812,nws_retro_v30
1990-02-26,0.11999999731779092,nws_retro_v30
1990-02-27,0.11999999731779092,nws_retro_v30
1990-02-28,0.11999999731779092,nws_retro_v30
1990-03-01,0.13999999687075607,nws_retro_v30
1990-03-02,0.6724999849684536,nws_retro_v30
1990-03-03,0.7533333164950212,nws_retro_v30
1990-03-04,0.43458332361963886,nws_retro_v30
1990-03-05,0.31916665953273576,nws_retro_v30
1990-03-06,0.2020833288164188,nws_retro_v30
1990-03-07,0.20333332878847912,nws_retro_v30
1990-03-08,0.25708332758707303,nws_retro_v30
1990-03-09,0.19958332887229815,nws_retro_v30
1990-03-10,0.25749999424442643,nws_retro_v30
1990-03-11,0.33541665916951996,nws_retro_v30
1990-03-12,0.28124999371357257,nws_retro_v30
1990-03-13,0.23249999480322,nws_retro_v30
1990-03-14,0.20749999536201355,nws_retro_v30
1990-03-15,0.21749999513849616,nws_retro_v30
1990-03-16,0.18208332926345364,nws_retro_v30
1990-03-17,0.16708332959872982,nws_retro_v30
1990-03-18,0.1699999962002039,nws_retro_v30
1990-03-19,0.16874999622814357,nws_retro_v30
1990-03-20,0.15666666316489378,nws_retro_v30
1990-03-21,0.14666666338841117,nws_retro_v30
1990-03-22,0.14333333012958363,nws_retro_v30
1990-03-23,0.1399999968707561,nws_retro_v30
1990-03-24,0.1399999968707561,nws_retro_v30
1990-03-25,0.13833333024134234,nws_retro_v30
1990-03-26,0.1299999970942735,nws_retro_v30
1990-03-27,0.1299999970942735,nws_retro_v30
1990-03-28,0.1299999970942735,nws_retro_v30
1990-03-29,0.1299999970942735,nws_retro_v30
1990-03-30,0.1299999970942735,nws_retro_v30
1990-03-31,0.1299999970942735,nws_retro_v30
1990-04-01,0.1299999970942735,nws_retro_v30
1990-04-02,0.12958333043692008,nws_retro_v30
1990-04-03,0.11999999731779092,nws_retro_v30
1990-04-04,0.11999999731779092,nws_retro_v30
1990-04-05,0.11999999731779092,nws_retro_v30
1990-04-06,0.11999999731779092,nws_retro_v30
1990-04-07,0.11999999731779092,nws_retro_v30
1990-04-08,0.11999999731779092,nws_retro_v30
1990-04-09,0.11999999731779092,nws_retro_v30
1990-04-10,0.11999999731779092,nws_retro_v30
1990-04-11,0.11999999731779092,nws_retro_v30
1990-04-12,0.11999999731779092,nws_retro_v30
1990-04-13,0.11999999731779092,nws_retro_v30
1990-04-14,0.11999999731779092,nws_retro_v30
1990-04-15,0.11999999731779092,nws_retro_v30
1990-04-16,0.11999999731779092,nws_retro_v30
1990-04-17,0.11999999731779092,nws_retro_v30
1990-04-18,0.11999999731779092,nws_retro_v30
1990-04-19,0.11999999731779092,nws_retro_v30
1990-04-20,0.11999999731779092,nws_retro_v30
1990-04-21,0.11999999731779092,nws_retro_v30
1990-04-22,0.11999999731779092,nws_retro_v30
1990-04-23,0.1499999966472387,nws_retro_v30
1990-04-24,0.15791666313695407,nws_retro_v30
1990-04-25,0.12333333057661844,nws_retro_v30
1990-04-26,0.11999999731779092,nws_retro_v30
1990-04-27,0.11999999731779092,nws_retro_v30
1990-04-28,0.1166666640589634,nws_retro_v30
1990-04-29,0.1099999975413084,nws_retro_v30
1990-04-30,0.1099999975413084,nws_retro_v30
1990-05-01,0.1099999975413084,nws_retro_v30
1990-05-02,0.1099999975413084,nws_retro_v30
1990-05-03,0.1099999975413084,nws_retro_v30
1990-05-04,0.1099999975413084,nws_retro_v30
1990-05-05,0.1099999975413084,nws_retro_v30
1990-05-06,0.1099999975413084,nws_retro_v30
1990-05-07,0.1099999975413084,nws_retro_v30
1990-05-08,0.1099999975413084,nws_retro_v30
1990-05-09,0.1099999975413084,nws_retro_v30
1990-05-10,0.1099999975413084,nws_retro_v30
1990-05-11,0.1099999975413084,nws_retro_v30
1990-05-12,0.1099999975413084,nws_retro_v30
1990-05-13,0.1099999975413084,nws_retro_v30
1990-05-14,0.1099999975413084,nws_retro_v30
1990-05-15,0.1099999975413084,nws_retro_v30
1990-05-16,0.1099999975413084,nws_retro_v30
1990-05-17,0.1099999975413084,nws_retro_v30
1990-05-18,0.1099999975413084,nws_retro_v30
1990-05-19,0.1099999975413084,nws_retro_v30
1990-05-20,0.1508333299619456,nws_retro_v30
1990-05-21,0.11208333082807559,nws_retro_v30
1990-05-22,0.10749999759718776,nws_retro_v30
1990-05-23,0.4354166569343458,nws_retro_v30
1990-05-24,0.1754166627457986,nws_retro_v30
1990-05-25,0.1133333308001359,nws_retro_v30
1990-05-26,0.10249999770894645,nws_retro_v30
1990-05-27,0.704999984242022,nws_retro_v30
1990-05-28,2.1095832861804715,nws_retro_v30
1990-05-29,0.4241666571858029,nws_retro_v30
1990-05-30,0.17416666277373827,nws_retro_v30
1990-05-31,0.1420833301575233,nws_retro_v30
1990-06-01,0.12541666386338565,nws_retro_v30
1990-06-02,0.11624999740160996,nws_retro_v30
1990-06-03,0.10124999773688613,nws_retro_v30
1990-06-04,0.09999999776482578,nws_retro_v30
1990-06-05,0.09999999776482578,nws_retro_v30
1990-06-06,0.09999999776482578,nws_retro_v30
1990-06-07,0.09999999776482578,nws_retro_v30
1990-06-08,0.09999999776482578,nws_retro_v30
1990-06-09,0.09999999776482578,nws_retro_v30
1990-06-10,0.09999999776482578,nws_retro_v30
1990-06-11,0.09999999776482578,nws_retro_v30
1990-06-12,0.09999999776482578,nws_retro_v30
1990-06-13,0.09999999776482578,nws_retro_v30
1990-06-14,0.09999999776482578,nws_retro_v30
1990-06-15,0.09999999776482578,nws_retro_v30
1990-06-16,0.09999999776482578,nws_retro_v30
1990-06-17,0.09999999776482578,nws_retro_v30
1990-06-18,0.09999999776482578,nws_retro_v30
1990-06-19,0.09999999776482578,nws_retro_v30
1990-06-20,0.09999999776482578,nws_retro_v30
1990-06-21,0.09999999776482578,nws_retro_v30
1990-06-22,0.09999999776482578,nws_retro_v30
1990-06-23,0.09999999776482578,nws_retro_v30
1990-06-24,0.09999999776482578,nws_retro_v30
1990-06-25,0.09999999776482578,nws_retro_v30
1990-06-26,0.09999999776482578,nws_retro_v30
1990-06-27,0.09999999776482578,nws_retro_v30
1990-06-28,0.0991666644501189,nws_retro_v30
1990-06-29,0.0899999979883432,nws_retro_v30
1990-06-30,0.0899999979883432,nws_retro_v30
1990-07-01,0.0899999979883432,nws_retro_v30
1990-07-02,0.0899999979883432,nws_retro_v30
1990-07-03,0.0899999979883432,nws_retro_v30
1990-07-04,0.0899999979883432,nws_retro_v30
1990-07-05,0.0899999979883432,nws_retro_v30
1990-07-06,0.0899999979883432,nws_retro_v30
1990-07-07,0.0899999979883432,nws_retro_v30
1990-07-08,0.0899999979883432,nws_retro_v30
1990-07-09,0.0899999979883432,nws_retro_v30
1990-07-10,0.0899999979883432,nws_retro_v30
1990-07-11,0.0899999979883432,nws_retro_v30
1990-07-12,0.0899999979883432,nws_retro_v30
1990-07-13,0.0899999979883432,nws_retro_v30
1990-07-14,0.0899999979883432,nws_retro_v30
1990-07-15,0.0899999979883432,nws_retro_v30
1990-07-16,0.0899999979883432,nws_retro_v30
1990-07-17,0.0899999979883432,nws_retro_v30
1990-07-18,0.0899999979883432,nws_retro_v30
1990-07-19,0.0899999979883432,nws_retro_v30
1990-07-20,0.0899999979883432,nws_retro_v30
1990-07-21,0.0899999979883432,nws_retro_v30
1990-07-22,0.0899999979883432,nws_retro_v30
1990-07-23,0.0899999979883432,nws_retro_v30
1990-07-24,0.0899999979883432,nws_retro_v30
1990-07-25,0.0899999979883432,nws_retro_v30
1990-07-26,0.0799999982118606,nws_retro_v30
1990-07-27,0.0799999982118606,nws_retro_v30
1990-07-28,0.0799999982118606,nws_retro_v30
1990-07-29,0.0799999982118606,nws_retro_v30
1990-07-30,0.0799999982118606,nws_retro_v30
1990-07-31,0.0799999982118606,nws_retro_v30
1990-08-01,0.0799999982118606,nws_retro_v30
1990-08-02,0.0799999982118606,nws_retro_v30
1990-08-03,0.0799999982118606,nws_retro_v30
1990-08-04,0.0799999982118606,nws_retro_v30
1990-08-05,0.0799999982118606,nws_retro_v30
1990-08-06,0.0799999982118606,nws_retro_v30
1990-08-07,0.0799999982118606,nws_retro_v30
1990-08-08,0.0799999982118606,nws_retro_v30
1990-08-09,0.0799999982118606,nws_retro_v30
1990-08-10,0.0799999982118606,nws_retro_v30
1990-08-11,0.0799999982118606,nws_retro_v30
1990-08-12,0.0799999982118606,nws_retro_v30
1990-08-13,0.0799999982118606,nws_retro_v30
1990-08-14,0.0799999982118606,nws_retro_v30
1990-08-15,0.0799999982118606,nws_retro_v30
1990-08-16,0.0799999982118606,nws_retro_v30
1990-08-17,0.0799999982118606,nws_retro_v30
1990-08-18,0.0799999982118606,nws_retro_v30
1990-08-19,0.0799999982118606,nws_retro_v30
1990-08-20,0.0799999982118606,nws_retro_v30
1990-08-21,0.0799999982118606,nws_retro_v30
1990-08-22,0.0799999982118606,nws_retro_v30
1990-08-23,0.0799999982118606,nws_retro_v30
1990-08-24,0.0799999982118606,nws_retro_v30
1990-08-25,0.069999998435378,nws_retro_v30
1990-08-26,0.069999998435378,nws_retro_v30
1990-08-27,0.069999998435378,nws_retro_v30
1990-08-28,0.069999998435378,nws_retro_v30
1990-08-29,0.069999998435378,nws_retro_v30
1990-08-30,0.069999998435378,nws_retro_v30
1990-08-31,0.069999998435378,nws_retro_v30
1990-09-01,0.069999998435378,nws_retro_v30
1990-09-02,0.069999998435378,nws_retro_v30
1990-09-03,0.069999998435378,nws_retro_v30
1990-09-04,0.069999998435378,nws_retro_v30
1990-09-05,0.069999998435378,nws_retro_v30
1990-09-06,0.069999998435378,nws_retro_v30
1990-09-07,0.069999998435378,nws_retro_v30
1990-09-08,0.069999998435378,nws_retro_v30
1990-09-09,0.069999998435378,nws_retro_v30
1990-09-10,0.069999998435378,nws_retro_v30
1990-09-11,0.069999998435378,nws_retro_v30
1990-09-12,0.069999998435378,nws_retro_v30
1990-09-13,0.069999998435378,nws_retro_v30
1990-09-14,0.069999998435378,nws_retro_v30
1990-09-15,0.069999998435378,nws_retro_v30
1990-09-16,0.069999998435378,nws_retro_v30
1990-09-17,0.069999998435378,nws_retro_v30
1990-09-18,0.069999998435378,nws_retro_v30
1990-09-19,0.069999998435378,nws_retro_v30
1990-09-20,0.069999998435378,nws_retro_v30
1990-09-21,0.069999998435378,nws_retro_v30
1990-09-22,0.069999998435378,nws_retro_v30
1990-09-23,0.069999998435378,nws_retro_v30
1990-09-24,0.069999998435378,nws_retro_v30
1990-09-25,0.069999998435378,nws_retro_v30
1990-09-26,0.069999998435378,nws_retro_v30
1990-09-27,0.069999998435378,nws_retro_v30
1990-09-28,0.069999998435378,nws_retro_v30
1990-09-29,0.062499998603016055,nws_retro_v30
1990-09-30,0.0599999986588954,nws_retro_v30
1990-10-01,0.0599999986588954,nws_retro_v30
1990-10-02,0.0599999986588954,nws_retro_v30
1990-10-03,0.0599999986588954,nws_retro_v30
1990-10-04,0.0599999986588954,nws_retro_v30
1990-10-05,0.0599999986588954,nws_retro_v30
1990-10-06,0.0599999986588954,nws_retro_v30
1990-10-07,0.0599999986588954,nws_retro_v30
1990-10-08,0.0599999986588954,nws_retro_v30
1990-10-09,0.0599999986588954,nws_retro_v30
1990-10-10,0.0599999986588954,nws_retro_v30
1990-10-11,0.0599999986588954,nws_retro_v30
1990-10-12,0.0599999986588954,nws_retro_v30
1990-10-13,0.0599999986588954,nws_retro_v30
1990-10-14,0.0599999986588954,nws_retro_v30
1990-10-15,0.0599999986588954,nws_retro_v30
1990-10-16,0.0599999986588954,nws_retro_v30
1990-10-17,0.0599999986588954,nws_retro_v30
1990-10-18,0.0599999986588954,nws_retro_v30
1990-10-19,0.0599999986588954,nws_retro_v30
1990-10-20,0.0599999986588954,nws_retro_v30
1990-10-21,0.0599999986588954,nws_retro_v30
1990-10-22,0.0599999986588954,nws_retro_v30
1990-10-23,0.0599999986588954,nws_retro_v30
1990-10-24,0.0599999986588954,nws_retro_v30
1990-10-25,0.0599999986588954,nws_retro_v30
1990-10-26,0.0599999986588954,nws_retro_v30
1990-10-27,0.0599999986588954,nws_retro_v30
1990-10-28,0.0599999986588954,nws_retro_v30
1990-10-29,0.0599999986588954,nws_retro_v30
1990-10-30,0.0599999986588954,nws_retro_v30
1990-10-31,0.12041666397514435,nws_retro_v30
1990-11-01,0.062499998603016055,nws_retro_v30
1990-11-02,0.0599999986588954,nws_retro_v30
1990-11-03,0.0599999986588954,nws_retro_v30
1990-11-04,0.0599999986588954,nws_retro_v30
1990-11-05,0.0599999986588954,nws_retro_v30
1990-11-06,0.0599999986588954,nws_retro_v30
1990-11-07,0.0599999986588954,nws_retro_v30
1990-11-08,0.0599999986588954,nws_retro_v30
1990-11-09,0.0599999986588954,nws_retro_v30
1990-11-10,0.055416665428007585,nws_retro_v30
1990-11-11,0.04999999888241289,nws_retro_v30
1990-11-12,0.04999999888241289,nws_retro_v30
1990-11-13,0.04999999888241289,nws_retro_v30
1990-11-14,0.04999999888241289,nws_retro_v30
1990-11-15,0.04999999888241289,nws_retro_v30
1990-11-16,0.04999999888241289,nws_retro_v30
1990-11-17,0.04999999888241289,nws_retro_v30
1990-11-18,0.04999999888241289,nws_retro_v30
1990-11-19,0.04999999888241289,nws_retro_v30
1990-11-20,0.04999999888241289,nws_retro_v30
1990-11-21,0.04999999888241289,nws_retro_v30
1990-11-22,0.04999999888241289,nws_retro_v30
1990-11-23,0.04999999888241289,nws_retro_v30
1990-11-24,0.04999999888241289,nws_retro_v30
1990-11-25,0.04999999888241289,nws_retro_v30
1990-11-26,0.04999999888241289,nws_retro_v30
1990-11-27,0.04999999888241289,nws_retro_v30
1990-11-28,0.04999999888241289,nws_retro_v30
1990-11-29,0.04999999888241289,nws_retro_v30
1990-11-30,0.04999999888241289,nws_retro_v30
1990-12-01,0.04999999888241289,nws_retro_v30
1990-12-02,0.04999999888241289,nws_retro_v30
1990-12-03,0.04999999888241289,nws_retro_v30
1990-12-04,0.04999999888241289,nws_retro_v30
1990-12-05,0.04999999888241289,nws_retro_v30
1990-12-06,0.04999999888241289,nws_retro_v30
1990-12-07,0.04999999888241289,nws_retro_v30
1990-12-08,0.04999999888241289,nws_retro_v30
1990-12-09,0.04999999888241289,nws_retro_v30
1990-12-10,0.04999999888241289,nws_retro_v30
1990-12-11,0.04999999888241289,nws_retro_v30
1990-12-12,0.04999999888241289,nws_retro_v30
1990-12-13,0.04999999888241289,nws_retro_v30
1990-12-14,0.04999999888241289,nws_retro_v30
1990-12-15,0.14624999673105774,nws_retro_v30
1990-12-16,0.0749999983236193,nws_retro_v30
1990-12-17,0.05583333208536103,nws_retro_v30
1990-12-18,0.04999999888241289,nws_retro_v30
1990-12-19,0.05291666548388696,nws_retro_v30
1990-12-20,0.04999999888241289,nws_retro_v30
1990-12-21,0.04999999888241289,nws_retro_v30
1990-12-22,0.04999999888241289,nws_retro_v30
1990-12-23,0.04999999888241289,nws_retro_v30
1990-12-24,0.050416665539766335,nws_retro_v30
1990-12-25,0.051666665511826644,nws_retro_v30
1990-12-26,0.04999999888241289,nws_retro_v30
1990-12-27,0.04999999888241289,nws_retro_v30
1990-12-28,0.04999999888241289,nws_retro_v30
1990-12-29,0.04999999888241289,nws_retro_v30
1990-12-30,0.04999999888241289,nws_retro_v30
1990-12-31,0.04999999888241289,nws_retro_v30
1991-01-01,0.04999999888241289,nws_retro_v30
1991-01-02,0.04999999888241289,nws_retro_v30
1991-01-03,0.047499998938292244,nws_retro_v30
1991-01-04,0.0399999991059303,nws_retro_v30
1991-01-05,0.0399999991059303,nws_retro_v30
1991-01-06,0.0399999991059303,nws_retro_v30
1991-01-07,0.043749999022111276,nws_retro_v30
1991-01-08,0.0399999991059303,nws_retro_v30
1991-01-09,0.07916666489715374,nws_retro_v30
1991-01-10,0.04749999893829224,nws_retro_v30
1991-01-11,0.0399999991059303,nws_retro_v30
1991-01-12,0.0399999991059303,nws_retro_v30
1991-01-13,0.0399999991059303,nws_retro_v30
1991-01-14,0.0399999991059303,nws_retro_v30
1991-01-15,0.0399999991059303,nws_retro_v30
1991-01-16,0.0399999991059303,nws_retro_v30
1991-01-17,0.0399999991059303,nws_retro_v30
1991-01-18,0.0399999991059303,nws_retro_v30
1991-01-19,0.0399999991059303,nws_retro_v30
1991-01-20,0.0399999991059303,nws_retro_v30
1991-01-21,0.0399999991059303,nws_retro_v30
1991-01-22,0.0399999991059303,nws_retro_v30
1991-01-23,0.0399999991059303,nws_retro_v30
1991-01-24,0.0399999991059303,nws_retro_v30
1991-01-25,0.0399999991059303,nws_retro_v30
1991-01-26,0.0399999991059303,nws_retro_v30
1991-01-27,0.0399999991059303,nws_retro_v30
1991-01-28,0.0399999991059303,nws_retro_v30
1991-01-29,0.0399999991059303,nws_retro_v30
1991-01-30,0.0399999991059303,nws_retro_v30
1991-01-31,0.0399999991059303,nws_retro_v30
1991-02-01,0.0399999991059303,nws_retro_v30
1991-02-02,0.41791665732550126,nws_retro_v30
1991-02-03,0.09249999793246383,nws_retro_v30
1991-02-04,0.05208333216918009,nws_retro_v30
1991-02-05,0.26666666070620215,nws_retro_v30
1991-02-06,0.05999999865889543,nws_retro_v30
1991-02-07,0.04583333230887848,nws_retro_v30
1991-02-08,0.0399999991059303,nws_retro_v30
1991-02-09,0.0399999991059303,nws_retro_v30
1991-02-10,0.0399999991059303,nws_retro_v30
1991-02-11,0.0399999991059303,nws_retro_v30
1991-02-12,0.0399999991059303,nws_retro_v30
1991-02-13,0.0399999991059303,nws_retro_v30
1991-02-14,0.0399999991059303,nws_retro_v30
1991-02-15,0.0399999991059303,nws_retro_v30
1991-02-16,0.0399999991059303,nws_retro_v30
1991-02-17,0.0399999991059303,nws_retro_v30
1991-02-18,0.0399999991059303,nws_retro_v30
1991-02-19,0.0399999991059303,nws_retro_v30
1991-02-20,0.0399999991059303,nws_retro_v30
1991-02-21,0.0399999991059303,nws_retro_v30
1991-02-22,0.0399999991059303,nws_retro_v30
1991-02-23,0.0399999991059303,nws_retro_v30
1991-02-24,0.0399999991059303,nws_retro_v30
1991-02-25,0.0399999991059303,nws_retro_v30
1991-02-26,0.0399999991059303,nws_retro_v30
1991-02-27,0.285416660287107,nws_retro_v30
1991-02-28,0.5333333214124044,nws_retro_v30
1991-03-01,0.4966666555653016,nws_retro_v30
1991-03-02,0.21458332853702203,nws_retro_v30
1991-03-03,11.274166414669404,nws_retro_v30
1991-03-04,6.409999856725335,nws_retro_v30
1991-03-05,1.6058332974401612,nws_retro_v30
1991-03-06,0.8341666480215887,nws_retro_v30
1991-03-07,0.6212499861139804,nws_retro_v30
1991-03-08,0.24458332786646977,nws_retro_v30
1991-03-09,0.3349999925121665,nws_retro_v30
1991-03-10,0.6587499852757901,nws_retro_v30
1991-03-11,0.7637499829288572,nws_retro_v30
1991-03-12,0.4041666576328377,nws_retro_v30
1991-03-13,2.309583281710123,nws_retro_v30
1991-03-14,0.9583333119129142,nws_retro_v30
1991-03-15,0.9124999796040356,nws_retro_v30
1991-03-16,0.4316666570181648,nws_retro_v30
1991-03-17,11.979999732226133,nws_retro_v30
1991-03-18,4.14249990740791,nws_retro_v30
1991-03-19,1.9104166239655267,nws_retro_v30
1991-03-20,12.408749722642824,nws_retro_v30
1991-03-21,5.331249880837277,nws_retro_v30
1991-03-22,3.3487499251496047,nws_retro_v30
1991-03-23,5.487916544002171,nws_retro_v30
1991-03-24,60.354165317645915,nws_retro_v30
1991-03-25,21.424166187799226,nws_retro_v30
1991-03-26,36.31958252152739,nws_retro_v30
1991-03-27,15.266666325430075,nws_retro_v30
1991-03-28,13.02458304221121,nws_retro_v30
1991-03-29,12.489166387512038,nws_retro_v30
1991-03-30,10.738749759970233,nws_retro_v30
1991-03-31,9.759166448532293,nws_retro_v30
1991-04-01,9.274583126030242,nws_retro_v30
1991-04-02,7.017916509804006,nws_retro_v30
1991-04-03,4.832083225327854,nws_retro_v30
1991-04-04,3.5308332544130585,nws_retro_v30
1991-04-05,2.969999933615327,nws_retro_v30
1991-04-06,3.017499932553619,nws_retro_v30
1991-04-07,2.8591666027593114,nws_retro_v30
1991-04-08,1.9991666219818096,nws_retro_v30
1991-04-09,1.6704166293299447,nws_retro_v30
1991-04-10,1.4570833007649828,nws_retro_v30
1991-04-11,1.0533333097894986,nws_retro_v30
1991-04-12,0.7841666491391758,nws_retro_v30
1991-04-13,0.7674999828450382,nws_retro_v30
1991-04-14,0.796666648859779,nws_retro_v30
1991-04-15,0.8137499818112701,nws_retro_v30
1991-04-16,0.8024999820627272,nws_retro_v30
1991-04-17,0.7399999834597111,nws_retro_v30
1991-04-18,0.7204166505640993,nws_retro_v30
1991-04-19,0.7054166508993754,nws_retro_v30
1991-04-20,2.129166619076083,nws_retro_v30
1991-04-21,1.589583297803377,nws_retro_v30
1991-04-22,0.8866666468481222,nws_retro_v30
1991-04-23,0.7495833165788403,nws_retro_v30
1991-04-24,0.7291666503685216,nws_retro_v30
1991-04-25,0.7499999832361937,nws_retro_v30
1991-04-26,0.7924999822862446,nws_retro_v30
1991-04-27,0.6724999849684536,nws_retro_v30
1991-04-28,0.5770833204345157,nws_retro_v30
1991-04-29,0.5508333210212489,nws_retro_v30
1991-04-30,0.5441666545035938,nws_retro_v30
1991-05-01,0.546249987790361,nws_retro_v30
1991-05-02,0.5637499873992056,nws_retro_v30
1991-05-03,0.5541666542800764,nws_retro_v30
1991-05-04,0.5483333210771283,nws_retro_v30
1991-05-05,0.5362499880138785,nws_retro_v30
1991-05-06,0.5212499883491546,nws_retro_v30
1991-05-07,0.5145833218314996,nws_retro_v30
1991-05-08,0.5099999886006117,nws_retro_v30
1991-05-09,0.5099999886006117,nws_retro_v30
1991-05-10,0.5099999886006117,nws_retro_v30
1991-05-11,0.5099999886006117,nws_retro_v30
1991-05-12,0.5099999886006117,nws_retro_v30
1991-05-13,0.5016666554535428,nws_retro_v30
1991-05-14,0.4999999888241291,nws_retro_v30
1991-05-15,0.4999999888241291,nws_retro_v30
1991-05-16,0.4999999888241291,nws_retro_v30
1991-05-17,0.4999999888241291,nws_retro_v30
1991-05-18,0.4979166555373619,nws_retro_v30
1991-05-19,0.4899999890476465,nws_retro_v30
1991-05-20,0.4899999890476465,nws_retro_v30
1991-05-21,0.4899999890476465,nws_retro_v30
1991-05-22,0.4899999890476465,nws_retro_v30
1991-05-23,0.48416665584469837,nws_retro_v30
1991-05-24,0.4799999892711639,nws_retro_v30
1991-05-25,0.4799999892711639,nws_retro_v30
1991-05-26,0.4799999892711639,nws_retro_v30
1991-05-27,0.4766666560123363,nws_retro_v30
1991-05-28,0.4699999894946813,nws_retro_v30
1991-05-29,0.4699999894946813,nws_retro_v30
1991-05-30,0.4699999894946813,nws_retro_v30
1991-05-31,0.46791665620791406,nws_retro_v30
1991-06-01,0.4599999897181988,nws_retro_v30
1991-06-02,0.4599999897181988,nws_retro_v30
1991-06-03,0.4599999897181988,nws_retro_v30
1991-06-04,0.4579166564314316,nws_retro_v30
1991-06-05,0.4499999899417162,nws_retro_v30
1991-06-06,0.4499999899417162,nws_retro_v30
1991-06-07,0.4499999899417162,nws_retro_v30
1991-06-08,0.447916656654949,nws_retro_v30
1991-06-09,0.4399999901652336,nws_retro_v30
1991-06-10,0.4399999901652336,nws_retro_v30
1991-06-11,0.4399999901652336,nws_retro_v30
1991-06-12,0.4379166568784664,nws_retro_v30
1991-06-13,0.429999990388751,nws_retro_v30
1991-06-14,0.429999990388751,nws_retro_v30
1991-06-15,0.429999990388751,nws_retro_v30
1991-06-16,0.42916665707404406,nws_retro_v30
1991-06-17,0.4199999906122684,nws_retro_v30
1991-06-18,0.4199999906122684,nws_retro_v30
1991-06-19,0.4199999906122684,nws_retro_v30
1991-06-20,0.4199999906122684,nws_retro_v30
1991-06-21,0.4104166574931392,nws_retro_v30
1991-06-22,0.4099999908357858,nws_retro_v30
1991-06-23,0.4099999908357858,nws_retro_v30
1991-06-24,0.4099999908357858,nws_retro_v30
1991-06-25,0.4033333243181308,nws_retro_v30
1991-06-26,0.3999999910593033,nws_retro_v30
1991-06-27,0.3999999910593033,nws_retro_v30
1991-06-28,0.40541665760489803,nws_retro_v30
1991-06-29,0.3995833244019498,nws_retro_v30
1991-06-30,0.3899999912828207,nws_retro_v30
1991-07-01,0.3899999912828207,nws_retro_v30
1991-07-02,0.3899999912828207,nws_retro_v30
1991-07-03,0.3899999912828207,nws_retro_v30
1991-07-04,0.3829166581078122,nws_retro_v30
1991-07-05,0.3799999915063381,nws_retro_v30
1991-07-06,0.3799999915063381,nws_retro_v30
1991-07-07,0.3799999915063381,nws_retro_v30
1991-07-08,0.3799999915063381,nws_retro_v30
1991-07-09,0.3699999917298555,nws_retro_v30
1991-07-10,0.3699999917298555,nws_retro_v30
1991-07-11,0.3699999917298555,nws_retro_v30
1991-07-12,0.3699999917298555,nws_retro_v30
1991-07-13,0.36874999175779516,nws_retro_v30
1991-07-14,0.3599999919533729,nws_retro_v30
1991-07-15,0.3599999919533729,nws_retro_v30
1991-07-16,0.3599999919533729,nws_retro_v30
1991-07-17,0.3599999919533729,nws_retro_v30
1991-07-18,0.35958332529601944,nws_retro_v30
1991-07-19,0.3499999921768904,nws_retro_v30
1991-07-20,0.3499999921768904,nws_retro_v30
1991-07-21,0.3499999921768904,nws_retro_v30
1991-07-22,0.3499999921768904,nws_retro_v30
1991-07-23,0.3499999921768904,nws_retro_v30
1991-07-24,0.342083325687175,nws_retro_v30
1991-07-25,0.3399999924004078,nws_retro_v30
1991-07-26,0.3399999924004078,nws_retro_v30
1991-07-27,0.3399999924004078,nws_retro_v30
1991-07-28,0.3399999924004078,nws_retro_v30
1991-07-29,0.3370833257989337,nws_retro_v30
1991-07-30,0.3299999926239252,nws_retro_v30
1991-07-31,0.3299999926239252,nws_retro_v30
1991-08-01,0.3299999926239252,nws_retro_v30
1991-08-02,0.3299999926239252,nws_retro_v30
1991-08-03,0.3299999926239252,nws_retro_v30
1991-08-04,0.32416665942097705,nws_retro_v30
1991-08-05,0.3199999928474426,nws_retro_v30
1991-08-06,0.3199999928474426,nws_retro_v30
1991-08-07,0.3199999928474426,nws_retro_v30
1991-08-08,0.3199999928474426,nws_retro_v30
1991-08-09,0.3199999928474426,nws_retro_v30
1991-08-10,0.3141666596444944,nws_retro_v30
1991-08-11,0.30999999307096,nws_retro_v30
1991-08-12,0.30999999307096,nws_retro_v30
1991-08-13,0.30999999307096,nws_retro_v30
1991-08-14,0.30999999307096,nws_retro_v30
1991-08-15,0.30999999307096,nws_retro_v30
1991-08-16,0.3066666598121324,nws_retro_v30
1991-08-17,0.2999999932944774,nws_retro_v30
1991-08-18,0.2999999932944774,nws_retro_v30
1991-08-19,0.2999999932944774,nws_retro_v30
1991-08-20,0.2999999932944774,nws_retro_v30
1991-08-21,0.2999999932944774,nws_retro_v30
1991-08-22,0.2999999932944774,nws_retro_v30
1991-08-23,0.29166666014740866,nws_retro_v30
1991-08-24,0.2899999935179949,nws_retro_v30
1991-08-25,0.2899999935179949,nws_retro_v30
1991-08-26,0.2899999935179949,nws_retro_v30
1991-08-27,0.2899999935179949,nws_retro_v30
1991-08-28,0.2899999935179949,nws_retro_v30
1991-08-29,0.2899999935179949,nws_retro_v30
1991-08-30,0.28041666039886576,nws_retro_v30
1991-08-31,0.2799999937415123,nws_retro_v30
1991-09-01,0.2799999937415123,nws_retro_v30
1991-09-02,0.2799999937415123,nws_retro_v30
1991-09-03,0.2799999937415123,nws_retro_v30
1991-09-04,0.2799999937415123,nws_retro_v30
1991-09-05,0.2799999937415123,nws_retro_v30
1991-09-06,0.2720833272517969,nws_retro_v30
1991-09-07,0.2699999939650297,nws_retro_v30
1991-09-08,0.2699999939650297,nws_retro_v30
1991-09-09,0.2699999939650297,nws_retro_v30
1991-09-10,0.2699999939650297,nws_retro_v30
1991-09-11,0.2699999939650297,nws_retro_v30
1991-09-12,0.2699999939650297,nws_retro_v30
1991-09-13,0.26749999402090907,nws_retro_v30
1991-09-14,0.2599999941885471,nws_retro_v30
1991-09-15,0.2599999941885471,nws_retro_v30
1991-09-16,0.2599999941885471,nws_retro_v30
1991-09-17,0.2599999941885471,nws_retro_v30
1991-09-18,0.2599999941885471,nws_retro_v30
1991-09-19,0.2599999941885471,nws_retro_v30
1991-09-20,0.2599999941885471,nws_retro_v30
1991-09-21,0.257083327587073,nws_retro_v30
1991-09-22,0.24999999441206447,nws_retro_v30
1991-09-23,0.24999999441206447,nws_retro_v30
1991-09-24,0.24999999441206447,nws_retro_v30
1991-09-25,0.24999999441206447,nws_retro_v30
1991-09-26,0.24999999441206447,nws_retro_v30
1991-09-27,0.24999999441206447,nws_retro_v30
1991-09-28,0.24999999441206447,nws_retro_v30
1991-09-29,0.24999999441206447,nws_retro_v30
1991-09-30,0.24041666129293535,nws_retro_v30
1991-10-01,0.2399999946355819,nws_retro_v30
1991-10-02,0.2399999946355819,nws_retro_v30
1991-10-03,0.2399999946355819,nws_retro_v30
1991-10-04,0.2399999946355819,nws_retro_v30
1991-10-05,0.2399999946355819,nws_retro_v30
1991-10-06,0.2399999946355819,nws_retro_v30
1991-10-07,0.2399999946355819,nws_retro_v30
1991-10-08,0.23833332800616813,nws_retro_v30
1991-10-09,0.2299999948590994,nws_retro_v30
1991-10-10,0.2299999948590994,nws_retro_v30
1991-10-11,0.2299999948590994,nws_retro_v30
1991-10-12,0.2299999948590994,nws_retro_v30
1991-10-13,0.2299999948590994,nws_retro_v30
1991-10-14,0.2299999948590994,nws_retro_v30
1991-10-15,0.2299999948590994,nws_retro_v30
1991-10-16,0.2299999948590994,nws_retro_v30
1991-10-17,0.2299999948590994,nws_retro_v30
1991-10-18,0.22124999505467713,nws_retro_v30
1991-10-19,0.2199999950826168,nws_retro_v30
1991-10-20,0.2199999950826168,nws_retro_v30
1991-10-21,0.2199999950826168,nws_retro_v30
1991-10-22,0.2199999950826168,nws_retro_v30
1991-10-23,0.2199999950826168,nws_retro_v30
1991-10-24,0.2199999950826168,nws_retro_v30
1991-10-25,0.22749999491497874,nws_retro_v30
1991-10-26,5.00833322138836,nws_retro_v30
1991-10-27,1.4124999684281647,nws_retro_v30
1991-10-28,0.30208332658124465,nws_retro_v30
1991-10-29,0.21958332842526337,nws_retro_v30
1991-10-30,0.2099999953061342,nws_retro_v30
1991-10-31,0.2099999953061342,nws_retro_v30
1991-11-01,0.2099999953061342,nws_retro_v30
1991-11-02,0.2099999953061342,nws_retro_v30
1991-11-03,0.2099999953061342,nws_retro_v30
1991-11-04,0.2099999953061342,nws_retro_v30
1991-11-05,0.2099999953061342,nws_retro_v30
1991-11-06,0.2099999953061342,nws_retro_v30
1991-11-07,0.20624999538995323,nws_retro_v30
1991-11-08,0.19999999552965156,nws_retro_v30
1991-11-09,0.19999999552965156,nws_retro_v30
1991-11-10,0.19999999552965156,nws_retro_v30
1991-11-11,0.19999999552965156,nws_retro_v30
1991-11-12,0.19999999552965156,nws_retro_v30
1991-11-13,0.19999999552965156,nws_retro_v30
1991-11-14,0.19999999552965156,nws_retro_v30
1991-11-15,0.19999999552965156,nws_retro_v30
1991-11-16,0.19999999552965156,nws_retro_v30
1991-11-17,0.3308333259386321,nws_retro_v30
1991-11-18,0.21249999525025484,nws_retro_v30
1991-11-19,0.19583332895611716,nws_retro_v30
1991-11-20,0.18999999575316898,nws_retro_v30
1991-11-21,0.18999999575316898,nws_retro_v30
1991-11-22,0.18999999575316898,nws_retro_v30
1991-11-23,0.18999999575316898,nws_retro_v30
1991-11-24,0.18999999575316898,nws_retro_v30
1991-11-25,0.18999999575316898,nws_retro_v30
1991-11-26,0.18999999575316898,nws_retro_v30
1991-11-27,0.18999999575316898,nws_retro_v30
1991-11-28,0.18999999575316898,nws_retro_v30
1991-11-29,0.18999999575316898,nws_retro_v30
1991-11-30,0.18999999575316898,nws_retro_v30
1991-12-01,0.18458332920757425,nws_retro_v30
1991-12-02,0.1799999959766864,nws_retro_v30
1991-12-03,0.1799999959766864,nws_retro_v30
1991-12-04,0.1799999959766864,nws_retro_v30
1991-12-05,0.1799999959766864,nws_retro_v30
1991-12-06,0.1799999959766864,nws_retro_v30
1991-12-07,0.19499999564141032,nws_retro_v30
1991-12-08,0.1799999959766864,nws_retro_v30
1991-12-09,0.1799999959766864,nws_retro_v30
1991-12-10,0.1799999959766864,nws_retro_v30
1991-12-11,0.1799999959766864,nws_retro_v30
1991-12-12,0.1799999959766864,nws_retro_v30
1991-12-13,0.1799999959766864,nws_retro_v30
1991-12-14,0.17666666271785889,nws_retro_v30
1991-12-15,0.1699999962002039,nws_retro_v30
1991-12-16,0.1699999962002039,nws_retro_v30
1991-12-17,0.1699999962002039,nws_retro_v30
1991-12-18,0.179583329319333,nws_retro_v30
1991-12-19,0.1699999962002039,nws_retro_v30
1991-12-20,0.1699999962002039,nws_retro_v30
1991-12-21,0.1699999962002039,nws_retro_v30
1991-12-22,0.1699999962002039,nws_retro_v30
1991-12-23,0.1699999962002039,nws_retro_v30
1991-12-24,0.1699999962002039,nws_retro_v30
1991-12-25,0.1699999962002039,nws_retro_v30
1991-12-26,0.1699999962002039,nws_retro_v30
1991-12-27,0.17291666280167795,nws_retro_v30
1991-12-28,0.44958332328436273,nws_retro_v30
1991-12-29,7.0233331763496,nws_retro_v30
1991-12-30,1.585833297887196,nws_retro_v30
1991-12-31,0.3920833245695879,nws_retro_v30
1992-01-01,0.30833332644154626,nws_retro_v30
1992-01-02,0.32124999281950295,nws_retro_v30
1992-01-03,0.281666660370926,nws_retro_v30
1992-01-04,0.2783333271120985,nws_retro_v30
1992-01-05,3.8445832474001995,nws_retro_v30
1992-01-06,1.6991666286873321,nws_retro_v30
1992-01-07,2.433333278944095,nws_retro_v30
1992-01-08,1.3199999704957008,nws_retro_v30
1992-01-09,0.46166665634761256,nws_retro_v30
1992-01-10,0.33124999259598553,nws_retro_v30
1992-01-11,0.42208332389903563,nws_retro_v30
1992-01-12,0.21999999508261678,nws_retro_v30
1992-01-13,0.2595833275311937,nws_retro_v30
1992-01-14,0.2624999941326677,nws_retro_v30
1992-01-15,0.22833332822968563,nws_retro_v30
1992-01-16,0.21333332856496176,nws_retro_v30
1992-01-17,0.1912499957252293,nws_retro_v30
1992-01-18,0.19708332892817748,nws_retro_v30
1992-01-19,0.18999999575316898,nws_retro_v30
1992-01-20,0.18999999575316898,nws_retro_v30
1992-01-21,0.19874999555759124,nws_retro_v30
1992-01-22,0.19999999552965156,nws_retro_v30
1992-01-23,0.19999999552965156,nws_retro_v30
1992-01-24,0.20249999547377226,nws_retro_v30
1992-01-25,0.21666666182378927,nws_retro_v30
1992-01-26,0.2249999949708581,nws_retro_v30
1992-01-27,0.2299999948590994,nws_retro_v30
1992-01-28,0.5249999882653356,nws_retro_v30
1992-01-29,0.41291665743725997,nws_retro_v30
1992-01-30,0.24041666129293537,nws_retro_v30
1992-01-31,0.2299999948590994,nws_retro_v30
1992-02-01,1.3383333034192522,nws_retro_v30
1992-02-02,0.7212499838788062,nws_retro_v30
1992-02-03,0.306249993154779,nws_retro_v30
1992-02-04,0.24958332775471104,nws_retro_v30
1992-02-05,0.2704166606223832,nws_retro_v30
1992-02-06,0.4199999906122684,nws_retro_v30
1992-02-07,0.3879166579960534,nws_retro_v30
1992-02-08,0.35041665883424383,nws_retro_v30
1992-02-09,0.3687499917577952,nws_retro_v30
1992-02-10,8.298749814508483,nws_retro_v30
1992-02-11,11.619583073615408,nws_retro_v30
1992-02-12,36.78833251105001,nws_retro_v30
1992-02-13,27.58583271674191,nws_retro_v30
1992-02-14,17.770832936124254,nws_retro_v30
1992-02-15,58.56166535771141,nws_retro_v30
1992-02-16,35.12249921495095,nws_retro_v30
1992-02-17,23.387082810591284,nws_retro_v30
1992-02-18,20.440832876445103,nws_retro_v30
1992-02-19,38.67541580220374,nws_retro_v30
1992-02-20,52.087915502411,nws_retro_v30
1992-02-21,18.541249585570768,nws_retro_v30
1992-02-22,16.497082964594785,nws_retro_v30
1992-02-23,12.633749717613682,nws_retro_v30
1992-02-24,10.734583093396699,nws_retro_v30
1992-02-25,10.125833107003322,nws_retro_v30
1992-02-26,9.425416455992186,nws_retro_v30
1992-02-27,8.71374980523251,nws_retro_v30
1992-02-28,7.883333157127102,nws_retro_v30
1992-02-29,7.030416509524609,nws_retro_v30
1992-03-01,9.994166443279633,nws_retro_v30
1992-03-02,11.024583086914694,nws_retro_v30
1992-03-03,7.891249823616818,nws_retro_v30
1992-03-04,5.668749873293564,nws_retro_v30
1992-03-05,24.17958279287753,nws_retro_v30
1992-03-06,24.37666612180571,nws_retro_v30
1992-03-07,10.549999764189124,nws_retro_v30
1992-03-08,8.199999816715717,nws_retro_v30
1992-03-09,7.520833165229608,nws_retro_v30
1992-03-10,7.259583171069001,nws_retro_v30
1992-03-11,5.801666536989312,nws_retro_v30
1992-03-12,4.882499890867621,nws_retro_v30
1992-03-13,5.389999879524112,nws_retro_v30
1992-03-14,11.867916401398057,nws_retro_v30
1992-03-15,11.08458308557359,nws_retro_v30
1992-03-16,12.342083057466274,nws_retro_v30
1992-03-17,6.293333192666371,nws_retro_v30
1992-03-18,5.0195832211369025,nws_retro_v30
1992-03-19,4.513333232452472,nws_retro_v30
1992-03-20,7.168333173108597,nws_retro_v30
1992-03-21,10.499999765306711,nws_retro_v30
1992-03-22,11.666249739238992,nws_retro_v30
1992-03-23,13.059999708086252,nws_retro_v30
1992-03-24,5.775833204233398,nws_retro_v30
1992-03-25,4.927916556519146,nws_retro_v30
1992-03-26,5.297083214934294,nws_retro_v30
1992-03-27,4.013333243628343,nws_retro_v30
1992-03-28,3.524166587895403,nws_retro_v30
1992-03-29,3.3020832595260194,nws_retro_v30
1992-03-30,3.950833245025327,nws_retro_v30
1992-03-31,4.10374990827404,nws_retro_v30
1992-04-01,2.9104166016137847,nws_retro_v30
1992-04-02,2.4604166116720685,nws_retro_v30
1992-04-03,2.2945832820453993,nws_retro_v30
1992-04-04,2.1191666192996004,nws_retro_v30
1992-04-05,1.9370832900361468,nws_retro_v30
1992-04-06,1.8699999582022429,nws_retro_v30
1992-04-07,1.7966666265080373,nws_retro_v30
1992-04-08,1.7479166275976847,nws_retro_v30
1992-04-09,1.7199999615550041,nws_retro_v30
1992-04-10,1.7191666282402973,nws_retro_v30
1992-04-11,1.7129166283799957,nws_retro_v30
1992-04-12,2.773749938001856,nws_retro_v30
1992-04-13,2.343749947613105,nws_retro_v30
1992-04-14,1.7558332940874,nws_retro_v30
1992-04-15,1.6429166299446176,nws_retro_v30
1992-04-16,1.6383332967137296,nws_retro_v30
1992-04-17,1.6837499623652548,nws_retro_v30
1992-04-18,1.5758332981107135,nws_retro_v30
1992-04-19,1.4833333001782496,nws_retro_v30
1992-04-20,1.446666634331147,nws_retro_v30
1992-04-21,1.4462499676737934,nws_retro_v30
1992-04-22,1.4329166346384834,nws_retro_v30
1992-04-23,1.4149999683722854,nws_retro_v30
1992-04-24,1.4045833019384493,nws_retro_v30
1992-04-25,1.3983333020781477,nws_retro_v30
1992-04-26,1.3858333023575444,nws_retro_v30
1992-04-27,1.3758333025810618,nws_retro_v30
1992-04-28,1.3662499694619328,nws_retro_v30
1992-04-29,1.3566666363428037,nws_retro_v30
1992-04-30,1.3470833032236744,nws_retro_v30
1992-05-01,1.3370833034471918,nws_retro_v30
1992-05-02,1.3279166369854163,nws_retro_v30
1992-05-03,1.3179166372089337,nws_retro_v30
1992-05-04,1.3083333040898046,nws_retro_v30
1992-05-05,1.2983333043133218,nws_retro_v30
1992-05-06,1.2887499711941928,nws_retro_v30
1992-05-07,1.2787499714177102,nws_retro_v30
1992-05-08,1.2687499716412276,nws_retro_v30
1992-05-09,1.2591666385220983,nws_retro_v30
1992-05-10,1.249166638745616,nws_retro_v30
1992-05-11,1.2395833056264867,nws_retro_v30
1992-05-12,1.2299999725073576,nws_retro_v30
1992-05-13,1.219999972730875,nws_retro_v30
1992-05-14,1.210416639611746,nws_retro_v30
1992-05-15,1.2008333064926169,nws_retro_v30
1992-05-16,1.1912499733734876,nws_retro_v30
1992-05-17,1.182083306911712,nws_retro_v30
1992-05-18,1.1729166404499363,nws_retro_v30
1992-05-19,1.1637499739881605,nws_retro_v30
1992-05-20,1.1545833075263847,nws_retro_v30
1992-05-21,1.1454166410646092,nws_retro_v30
1992-05-22,1.136666641260187,nws_retro_v30
1992-05-23,1.1279166414557646,nws_retro_v30
1992-05-24,1.1195833083086957,nws_retro_v30
1992-05-25,1.1099999751895666,nws_retro_v30
1992-05-26,1.1008333087277908,nws_retro_v30
1992-05-27,1.0929166422380756,nws_retro_v30
1992-05-28,1.0845833090910066,nws_retro_v30
1992-05-29,1.0766666426012914,nws_retro_v30
1992-05-30,1.0687499761115762,nws_retro_v30
1992-05-31,1.0599999763071537,nws_retro_v30
1992-06-01,1.0512499765027314,nws_retro_v30
1992-06-02,1.0437499766703693,nws_retro_v30
1992-06-03,1.0362499768380073,nws_retro_v30
1992-06-04,1.0291666436629991,nws_retro_v30
1992-06-05,1.0199999772012234,nws_retro_v30
1992-06-06,1.012083310711508,nws_retro_v30
1992-06-07,1.005416644193853,nws_retro_v30
1992-06-08,0.9987499776761979,nws_retro_v30
1992-06-09,0.9899999778717756,nws_retro_v30
1992-06-10,0.9824999780394137,nws_retro_v30
1992-06-11,0.9762499781791121,nws_retro_v30
1992-06-12,0.9699999783188104,nws_retro_v30
1992-06-13,0.9604166451996815,nws_retro_v30
1992-06-14,0.9549999786540866,nws_retro_v30
1992-06-15,0.9491666454511383,nws_retro_v30
1992-06-16,0.9399999789893628,nws_retro_v30
1992-06-17,0.9341666457864145,nws_retro_v30
1992-06-18,0.9291666458981731,nws_retro_v30
1992-06-19,0.9199999794363976,nws_retro_v30
1992-06-20,0.9133333129187425,nws_retro_v30
1992-06-21,0.9087499796878546,nws_retro_v30
1992-06-22,0.8999999798834324,nws_retro_v30
1992-06-23,0.8945833133378377,nws_retro_v30
1992-06-24,0.8899999801069498,nws_retro_v30
1992-06-25,0.8808333136451741,nws_retro_v30
1992-06-26,0.8770833137289932,nws_retro_v30
1992-06-27,0.8699999805539846,nws_retro_v30
1992-06-28,0.863749980693683,nws_retro_v30
1992-06-29,0.8599999807775021,nws_retro_v30
1992-06-30,1.5079166329621028,nws_retro_v30
1992-07-01,0.9545833119967332,nws_retro_v30
1992-07-02,0.8499999810010195,nws_retro_v30
1992-07-03,0.8358333146510025,nws_retro_v30
1992-07-04,0.8299999814480543,nws_retro_v30
1992-07-05,0.8233333149303993,nws_retro_v30
1992-07-06,0.8199999816715717,nws_retro_v30
1992-07-07,0.8112499818671495,nws_retro_v30
1992-07-08,0.8099999818950891,nws_retro_v30
1992-07-09,0.7999999821186066,nws_retro_v30
1992-07-10,0.7987499821465462,nws_retro_v30
1992-07-11,0.789999982342124,nws_retro_v30
1992-07-12,0.7883333157127103,nws_retro_v30
1992-07-13,0.7799999825656414,nws_retro_v30
1992-07-14,0.7779166492788742,nws_retro_v30
1992-07-15,0.7699999827891588,nws_retro_v30
1992-07-16,0.7674999828450382,nws_retro_v30
1992-07-17,0.7599999830126762,nws_retro_v30
1992-07-18,0.757916649725909,nws_retro_v30
1992-07-19,0.7499999832361937,nws_retro_v30
1992-07-20,0.7487499832641333,nws_retro_v30
1992-07-21,0.7399999834597111,nws_retro_v30
1992-07-22,0.7399999834597111,nws_retro_v30
1992-07-23,0.7299999836832285,nws_retro_v30
1992-07-24,0.7299999836832285,nws_retro_v30
1992-07-25,0.7216666505361596,nws_retro_v30
1992-07-26,0.7199999839067459,nws_retro_v30
1992-07-27,0.7137499840464443,nws_retro_v30
1992-07-28,0.7099999841302633,nws_retro_v30
1992-07-29,0.7066666508714358,nws_retro_v30
1992-07-30,0.6999999843537807,nws_retro_v30
1992-07-31,0.6995833176964273,nws_retro_v30
1992-08-01,0.6899999845772982,nws_retro_v30
1992-08-02,0.6899999845772982,nws_retro_v30
1992-08-03,0.6833333180596431,nws_retro_v30
1992-08-04,0.6799999848008156,nws_retro_v30
1992-08-05,0.6774999848566949,nws_retro_v30
1992-08-06,0.669999985024333,nws_retro_v30
1992-08-07,0.669999985024333,nws_retro_v30
1992-08-08,0.6620833185346177,nws_retro_v30
1992-08-09,0.6599999852478504,nws_retro_v30
1992-08-10,0.6570833186463764,nws_retro_v30
1992-08-11,0.6499999854713678,nws_retro_v30
1992-08-12,0.6499999854713678,nws_retro_v30
1992-08-13,0.6429166522963593,nws_retro_v30
1992-08-14,0.6399999856948853,nws_retro_v30
1992-08-15,0.6395833190375318,nws_retro_v30
1992-08-16,0.6299999859184027,nws_retro_v30
1992-08-17,0.6299999859184027,nws_retro_v30
1992-08-18,0.6262499860022217,nws_retro_v30
1992-08-19,0.6199999861419201,nws_retro_v30
1992-08-20,0.6199999861419201,nws_retro_v30
1992-08-21,0.6141666529389719,nws_retro_v30
1992-08-22,0.6099999863654375,nws_retro_v30
1992-08-23,0.6099999863654375,nws_retro_v30
1992-08-24,0.6020833198757222,nws_retro_v30
1992-08-25,0.5999999865889549,nws_retro_v30
1992-08-26,0.5999999865889549,nws_retro_v30
1992-08-27,0.5912499867845327,nws_retro_v30
1992-08-28,0.5899999868124723,nws_retro_v30
1992-08-29,0.5899999868124723,nws_retro_v30
1992-08-30,0.5808333203506967,nws_retro_v30
1992-08-31,0.5799999870359898,nws_retro_v30
1992-09-01,0.5799999870359898,nws_retro_v30
1992-09-02,0.5712499872315675,nws_retro_v30
1992-09-03,0.5699999872595072,nws_retro_v30
1992-09-04,0.5699999872595072,nws_retro_v30
1992-09-05,0.5624999874271452,nws_retro_v30
1992-09-06,0.5599999874830246,nws_retro_v30
1992-09-07,0.5599999874830246,nws_retro_v30
1992-09-08,0.5541666542800764,nws_retro_v30
1992-09-09,0.549999987706542,nws_retro_v30
1992-09-10,0.549999987706542,nws_retro_v30
1992-09-11,0.547083321105068,nws_retro_v30
1992-09-12,0.5399999879300594,nws_retro_v30
1992-09-13,0.5399999879300594,nws_retro_v30
1992-09-14,0.5399999879300594,nws_retro_v30
1992-09-15,0.5304166548109303,nws_retro_v30
1992-09-16,0.5299999881535769,nws_retro_v30
1992-09-17,0.5299999881535769,nws_retro_v30
1992-09-18,0.5241666549506286,nws_retro_v30
1992-09-19,0.5199999883770943,nws_retro_v30
1992-09-20,0.5199999883770943,nws_retro_v30
1992-09-21,0.5195833217197409,nws_retro_v30
1992-09-22,0.5099999886006117,nws_retro_v30
1992-09-23,0.5099999886006117,nws_retro_v30
1992-09-24,0.5099999886006117,nws_retro_v30
1992-09-25,0.5062499886844307,nws_retro_v30
1992-09-26,0.4999999888241291,nws_retro_v30
1992-09-27,0.4999999888241291,nws_retro_v30
1992-09-28,0.4999999888241291,nws_retro_v30
1992-09-29,0.49333332230647403,nws_retro_v30
1992-09-30,0.4899999890476465,nws_retro_v30
1992-10-01,0.4899999890476465,nws_retro_v30
1992-10-02,0.4899999890476465,nws_retro_v30
1992-10-03,0.4816666559005776,nws_retro_v30
1992-10-04,0.4799999892711639,nws_retro_v30
1992-10-05,0.4799999892711639,nws_retro_v30
1992-10-06,0.4799999892711639,nws_retro_v30
1992-10-07,0.4712499894667416,nws_retro_v30
1992-10-08,0.4699999894946813,nws_retro_v30
1992-10-09,0.4699999894946813,nws_retro_v30
1992-10-10,0.4699999894946813,nws_retro_v30
1992-10-11,0.46166665634761256,nws_retro_v30
1992-10-12,0.4599999897181988,nws_retro_v30
1992-10-13,0.4599999897181988,nws_retro_v30
1992-10-14,0.4599999897181988,nws_retro_v30
1992-10-15,0.4533333232005437,nws_retro_v30
1992-10-16,0.4499999899417162,nws_retro_v30
1992-10-17,0.4499999899417162,nws_retro_v30
1992-10-18,0.4499999899417162,nws_retro_v30
1992-10-19,0.4462499900255352,nws_retro_v30
1992-10-20,0.4399999901652336,nws_retro_v30
1992-10-21,0.4399999901652336,nws_retro_v30
1992-10-22,0.4399999901652336,nws_retro_v30
1992-10-23,0.4399999901652336,nws_retro_v30
1992-10-24,0.4304166570461044,nws_retro_v30
1992-10-25,0.429999990388751,nws_retro_v30
1992-10-26,0.429999990388751,nws_retro_v30
1992-10-27,0.429999990388751,nws_retro_v30
1992-10-28,0.4295833237313975,nws_retro_v30
1992-10-29,2.37458328025726,nws_retro_v30
1992-10-30,0.6970833177523067,nws_retro_v30
1992-10-31,0.4333333236475785,nws_retro_v30
1992-11-01,0.4199999906122684,nws_retro_v30
1992-11-02,0.4133333240946133,nws_retro_v30
1992-11-03,0.4099999908357858,nws_retro_v30
1992-11-04,0.4099999908357858,nws_retro_v30
1992-11-05,0.4099999908357858,nws_retro_v30
1992-11-06,0.4099999908357858,nws_retro_v30
1992-11-07,0.40208332434607047,nws_retro_v30
1992-11-08,0.3999999910593033,nws_retro_v30
1992-11-09,0.3999999910593033,nws_retro_v30
1992-11-10,0.3999999910593033,nws_retro_v30
1992-11-11,0.3999999910593033,nws_retro_v30
1992-11-12,0.39249999122694135,nws_retro_v30
1992-11-13,0.3899999912828207,nws_retro_v30
1992-11-14,0.3899999912828207,nws_retro_v30
1992-11-15,0.3899999912828207,nws_retro_v30
1992-11-16,0.3899999912828207,nws_retro_v30
1992-11-17,0.38458332473722595,nws_retro_v30
1992-11-18,0.3799999915063381,nws_retro_v30
1992-11-19,0.3799999915063381,nws_retro_v30
1992-11-20,0.3799999915063381,nws_retro_v30
1992-11-21,0.3799999915063381,nws_retro_v30
1992-11-22,0.380833324821045,nws_retro_v30
1992-11-23,0.3699999917298555,nws_retro_v30
1992-11-24,0.3699999917298555,nws_retro_v30
1992-11-25,0.3699999917298555,nws_retro_v30
1992-11-26,0.3699999917298555,nws_retro_v30
1992-11-27,0.3699999917298555,nws_retro_v30
1992-11-28,0.36416665852690727,nws_retro_v30
1992-11-29,0.3599999919533729,nws_retro_v30
1992-11-30,0.3599999919533729,nws_retro_v30
1992-12-01,0.3599999919533729,nws_retro_v30
1992-12-02,0.3662499918136745,nws_retro_v30
1992-12-03,0.4304166570461045,nws_retro_v30
1992-12-04,0.3554166587224851,nws_retro_v30
1992-12-05,0.3512499921489507,nws_retro_v30
1992-12-06,1.4066666352252166,nws_retro_v30
1992-12-07,2.111249952809885,nws_retro_v30
1992-12-08,0.6141666529389719,nws_retro_v30
1992-12-09,2.9129166015579053,nws_retro_v30
1992-12-10,2.2637499494012445,nws_retro_v30
1992-12-11,2.444583278692638,nws_retro_v30
1992-12-12,1.134999974630773,nws_retro_v30
1992-12-13,0.6974999844096601,nws_retro_v30
1992-12-14,0.5791666537212828,nws_retro_v30
1992-12-15,0.4466666566828887,nws_retro_v30
1992-12-16,0.39833332442988945,nws_retro_v30
1992-12-17,0.9633333118011554,nws_retro_v30
1992-12-18,0.6574999853037298,nws_retro_v30
1992-12-19,0.504583322055017,nws_retro_v30
1992-12-20,0.4270833237872769,nws_retro_v30
1992-12-21,0.44541665671082836,nws_retro_v30
1992-12-22,0.4049999909475446,nws_retro_v30
1992-12-23,0.3799999915063381,nws_retro_v30
1992-12-24,0.3699999917298555,nws_retro_v30
1992-12-25,0.3558333253798385,nws_retro_v30
1992-12-26,0.359166658638666,nws_retro_v30
1992-12-27,0.36791665844308824,nws_retro_v30
1992-12-28,2.057083287353938,nws_retro_v30
1992-12-29,2.506249943980947,nws_retro_v30
1992-12-30,1.2829166379912447,nws_retro_v30
1992-12-31,0.8058333153215548,nws_retro_v30
1993-01-01,10.980833087892583,nws_retro_v30
1993-01-02,3.5537499205674976,nws_retro_v30
1993-01-03,1.4887499667238444,nws_retro_v30
1993-01-04,1.0983333087836702,nws_retro_v30
1993-01-05,1.124583308196937,nws_retro_v30
1993-01-06,5.122083218845849,nws_retro_v30
1993-01-07,21.51541618575963,nws_retro_v30
1993-01-08,10.617499762680382,nws_retro_v30
1993-01-09,6.6308331851226585,nws_retro_v30
1993-01-10,11.293333080907663,nws_retro_v30
1993-01-11,8.361249813111499,nws_retro_v30
1993-01-12,25.347499433439225,nws_retro_v30
1993-01-13,85.65249808551744,nws_retro_v30
1993-01-14,41.811249065445736,nws_retro_v30
1993-01-15,29.461249341489747,nws_retro_v30
1993-01-16,36.70041584634843,nws_retro_v30
1993-01-17,83.0995814759129,nws_retro_v30
1993-01-18,55.53208209209455,nws_retro_v30
1993-01-19,24.82249944517389,nws_retro_v30
1993-01-20,86.55374806537293,nws_retro_v30
1993-01-21,60.10416532323385,nws_retro_v30
1993-01-22,52.03916550350065,nws_retro_v30
1993-01-23,20.817499534692615,nws_retro_v30
1993-01-24,16.448749632341787,nws_retro_v30
1993-01-25,15.999582975714778,nws_retro_v30
1993-01-26,16.38249963382259,nws_retro_v30
1993-01-27,15.315416324340427,nws_retro_v30
1993-01-28,13.813333024581274,nws_retro_v30
1993-01-29,11.752916403968507,nws_retro_v30
1993-01-30,10.229999771341681,nws_retro_v30
1993-01-31,9.220416460574294,nws_retro_v30
1993-02-01,9.157916461971277,nws_retro_v30
1993-02-02,8.832916469235593,nws_retro_v30
1993-02-03,8.036249820375815,nws_retro_v30
1993-02-04,7.445416500248636,nws_retro_v30
1993-02-05,9.569999786093831,nws_retro_v30
1993-02-06,8.209166483177492,nws_retro_v30
1993-02-07,8.58416647479559,nws_retro_v30
1993-02-08,22.151666171538334,nws_retro_v30
1993-02-09,19.8045828906664,nws_retro_v30
1993-02-10,9.29249979229644,nws_retro_v30
1993-02-11,18.022499597165734,nws_retro_v30
1993-02-12,10.030833109126737,nws_retro_v30
1993-02-13,7.52583316511785,nws_retro_v30
1993-02-14,7.49791649907517,nws_retro_v30
1993-02-15,6.784583181686078,nws_retro_v30
1993-02-16,7.4591664999413,nws_retro_v30
1993-02-17,25.81333275636037,nws_retro_v30
1993-02-18,43.55291569318312,nws_retro_v30
1993-02-19,44.88041566351118,nws_retro_v30
1993-02-20,36.073749193688855,nws_retro_v30
1993-02-21,23.019999485462904,nws_retro_v30
1993-02-22,20.413332877059776,nws_retro_v30
1993-02-23,32.671249269740656,nws_retro_v30
1993-02-24,24.172082793045167,nws_retro_v30
1993-02-25,18.89499957766384,nws_retro_v30
1993-02-26,57.39874871703796,nws_retro_v30
1993-02-27,21.36333285582562,nws_retro_v30
1993-02-28,16.92624962166883,nws_retro_v30
1993-03-01,14.518333008823296,nws_retro_v30
1993-03-02,13.471249698894098,nws_retro_v30
1993-03-03,13.319583035617446,nws_retro_v30
1993-03-04,10.924999755807221,nws_retro_v30
1993-03-05,8.944583133406317,nws_retro_v30
1993-03-06,7.95208315559042,nws_retro_v30
1993-03-07,7.607083163301771,nws_retro_v30
1993-03-08,7.054166508993755,nws_retro_v30
1993-03-09,6.799583181350802,nws_retro_v30
1993-03-10,6.600416519135858,nws_retro_v30
1993-03-11,6.4037498568650335,nws_retro_v30
1993-03-12,5.677083206440632,nws_retro_v30
1993-03-13,5.841666536095242,nws_retro_v30
1993-03-14,6.578749852953479,nws_retro_v30
1993-03-15,5.5416665428007645,nws_retro_v30
1993-03-16,5.299583214878415,nws_retro_v30
1993-03-17,10.180833105773976,nws_retro_v30
1993-03-18,6.6399998515844345,nws_retro_v30
1993-03-19,5.059583220242833,nws_retro_v30
1993-03-20,4.627916563224669,nws_retro_v30
1993-03-21,4.167083240191762,nws_retro_v30
1993-03-22,3.8712499134708196,nws_retro_v30
1993-03-23,4.452916567136223,nws_retro_v30
1993-03-24,14.264999681152403,nws_retro_v30
1993-03-25,6.149583195879434,nws_retro_v30
1993-03-26,22.930832820789266,nws_retro_v30
1993-03-27,8.66541647297951,nws_retro_v30
1993-03-28,7.482916499410446,nws_retro_v30
1993-03-29,6.467083188782756,nws_retro_v30
1993-03-30,6.342083191576724,nws_retro_v30
1993-03-31,6.336249858373776,nws_retro_v30
1993-04-01,9.405833123096576,nws_retro_v30
1993-04-02,6.0666665310661,nws_retro_v30
1993-04-03,5.331249880837277,nws_retro_v30
1993-04-04,4.854166558167587,nws_retro_v30
1993-04-05,4.678749895421788,nws_retro_v30
1993-04-06,4.051249909447506,nws_retro_v30
1993-04-07,3.8691665801840522,nws_retro_v30
1993-04-08,3.621249919058755,nws_retro_v30
1993-04-09,3.561666587057213,nws_retro_v30
1993-04-10,3.3437499252613634,nws_retro_v30
1993-04-11,3.1924999286420643,nws_retro_v30
1993-04-12,3.0620832648904375,nws_retro_v30
1993-04-13,3.005416599490369,nws_retro_v30
1993-04-14,3.0029165995462486,nws_retro_v30
1993-04-15,2.9649999337270856,nws_retro_v30
1993-04-16,2.9112499349284917,nws_retro_v30
1993-04-17,8.853749802103266,nws_retro_v30
1993-04-18,4.370833235637595,nws_retro_v30
1993-04-19,2.95583326726531,nws_retro_v30
1993-04-20,2.8641666026475527,nws_retro_v30
1993-04-21,2.858749936101958,nws_retro_v30
1993-04-22,2.7708332714003823,nws_retro_v30
1993-04-23,2.6816666067267456,nws_retro_v30
1993-04-24,2.8129166037930795,nws_retro_v30
1993-04-25,2.691666606503228,nws_retro_v30
1993-04-26,2.6416666076208153,nws_retro_v30
1993-04-27,2.564583276010429,nws_retro_v30
1993-04-28,2.5154166104427227,nws_retro_v30
1993-04-29,2.4820832778544477,nws_retro_v30
1993-04-30,2.4458332786646984,nws_retro_v30
1993-05-01,2.419166612594078,nws_retro_v30
1993-05-02,2.3924999465234578,nws_retro_v30
1993-05-03,2.3679166137396046,nws_retro_v30
1993-05-04,2.344583280927812,nws_retro_v30
1993-05-05,2.3220832814307264,nws_retro_v30
1993-05-06,2.297916615304227,nws_retro_v30
1993-05-07,2.27291661586302,nws_retro_v30
1993-05-08,2.250833283023288,nws_retro_v30
1993-05-09,2.2274999502114947,nws_retro_v30
1993-05-10,2.2041666173997023,nws_retro_v30
1993-05-11,2.1816666179026165,nws_retro_v30
1993-05-12,2.1595832850628844,nws_retro_v30
1993-05-13,2.1379166188805057,nws_retro_v30
1993-05-14,2.1162499526981264,nws_retro_v30
1993-05-15,2.0949999531731014,nws_retro_v30
1993-05-16,2.0737499536480755,nws_retro_v30
1993-05-17,2.0529166207804033,nws_retro_v30
1993-05-18,2.0320832879127315,nws_retro_v30
1993-05-19,2.0116666217024126,nws_retro_v30
1993-05-20,1.9916666221494477,nws_retro_v30
1993-05-21,1.9716666225964827,nws_retro_v30
1993-05-22,1.9520832897008706,nws_retro_v30
1993-05-23,1.9329166234626125,nws_retro_v30
1993-05-24,1.9141666238817072,nws_retro_v30
1993-05-25,1.8958332909581561,nws_retro_v30
1993-05-26,1.8762499580625445,nws_retro_v30
1993-05-27,1.8579166251389931,nws_retro_v30
1993-05-28,1.8404166255301486,nws_retro_v30
1993-05-29,1.8233332925786574,nws_retro_v30
1993-05-30,1.8054166263124596,nws_retro_v30
1993-05-31,1.7891666266756754,nws_retro_v30
1993-06-01,1.7724999603815377,nws_retro_v30
1993-06-02,1.7549999607726932,nws_retro_v30
1993-06-03,1.7391666277932625,nws_retro_v30
1993-06-04,1.7591666273462276,nws_retro_v30
1993-06-05,1.7108332950932283,nws_retro_v30
1993-06-06,1.6920832955123235,nws_retro_v30
1993-06-07,1.675416629218186,nws_retro_v30
1993-06-08,1.6608332962108154,nws_retro_v30
1993-06-09,1.6458332965460916,nws_retro_v30
1993-06-10,1.6316666301960747,nws_retro_v30
1993-06-11,1.6162499638739973,nws_retro_v30
1993-06-12,1.6033332974960406,nws_retro_v30
1993-06-13,1.5879166311739634,nws_retro_v30
1993-06-14,1.5745832981386532,nws_retro_v30
1993-06-15,1.5608332984459896,nws_retro_v30
1993-06-16,1.5466666320959728,nws_retro_v30
1993-06-17,1.533749965718016,nws_retro_v30
1993-06-18,1.5208332993400593,nws_retro_v30
1993-06-19,1.5066666329900424,nws_retro_v30
1993-06-20,1.4945832999267925,nws_retro_v30
1993-06-21,1.4824999668635426,nws_retro_v30
1993-06-22,1.4687499671708792,nws_retro_v30
1993-06-23,1.456249967450276,nws_retro_v30
1993-06-24,1.4445833010443796,nws_retro_v30
1993-06-25,1.4329166346384834,nws_retro_v30
1993-06-26,1.420833301575234,nws_retro_v30
1993-06-27,1.4083333018546302,nws_retro_v30
1993-06-28,1.396666635448734,nws_retro_v30
1993-06-29,1.3854166357001911,nws_retro_v30
1993-06-30,1.3741666359516482,nws_retro_v30
1993-07-01,1.3633333028604586,nws_retro_v30
1993-07-02,1.3520833031119157,nws_retro_v30
1993-07-03,1.3412499700207263,nws_retro_v30
1993-07-04,1.3308333035868902,nws_retro_v30
1993-07-05,1.3195833038383473,nws_retro_v30
1993-07-06,1.3091666374045114,nws_retro_v30
1993-07-07,1.2987499709706753,nws_retro_v30
1993-07-08,1.2883333045368393,nws_retro_v30
1993-07-09,1.2783333047603567,nws_retro_v30
1993-07-10,1.268333304983874,nws_retro_v30
1993-07-11,1.2587499718647448,nws_retro_v30
1993-07-12,1.249166638745616,nws_retro_v30
1993-07-13,1.2395833056264867,nws_retro_v30
1993-07-14,1.2299999725073576,nws_retro_v30
1993-07-15,1.219999972730875,nws_retro_v30
1993-07-16,1.2108333062690992,nws_retro_v30
1993-07-17,1.2016666398073237,nws_retro_v30
1993-07-18,1.192499973345548,nws_retro_v30
1993-07-19,1.1837499735411259,nws_retro_v30
1993-07-20,1.1749999737367036,nws_retro_v30
1993-07-21,1.1662499739322811,nws_retro_v30
1993-07-22,1.1579166407852124,nws_retro_v30
1993-07-23,1.1495833076381434,nws_retro_v30
1993-07-24,1.1399999745190144,nws_retro_v30
1993-07-25,1.1316666413719456,nws_retro_v30
1993-07-26,1.1237499748822302,nws_retro_v30
1993-07-27,1.1158333083925147,nws_retro_v30
1993-07-28,1.1083333085601528,nws_retro_v30
1993-07-29,1.099999975413084,nws_retro_v30
1993-07-30,1.0908333089513083,nws_retro_v30
1993-07-31,1.0837499757762998,nws_retro_v30
1993-08-01,1.0766666426012914,nws_retro_v30
1993-08-02,1.069583309426283,nws_retro_v30
1993-08-03,1.0599999763071537,nws_retro_v30
1993-08-04,1.0529166431321453,nws_retro_v30
1993-08-05,1.0466666432718437,nws_retro_v30
1993-08-06,1.0399999767541883,nws_retro_v30
1993-08-07,1.0304166436350595,nws_retro_v30
1993-08-08,1.0241666437747579,nws_retro_v30
1993-08-09,1.0183333105718095,nws_retro_v30
1993-08-10,1.0099999774247408,nws_retro_v30
1993-08-11,1.0024999775923789,nws_retro_v30
1993-08-12,0.9970833110467842,nws_retro_v30
1993-08-13,0.9899999778717756,nws_retro_v30
1993-08-14,0.9820833113820603,nws_retro_v30
1993-08-15,0.977083311493819,nws_retro_v30
1993-08-16,0.9699999783188104,nws_retro_v30
1993-08-17,0.9624999784864485,nws_retro_v30
1993-08-18,0.9579166452555606,nws_retro_v30
1993-08-19,0.9499999787658452,nws_retro_v30
1993-08-20,0.9433333122481903,nws_retro_v30
1993-08-21,0.9395833123320094,nws_retro_v30
1993-08-22,0.92999997921288,nws_retro_v30
1993-08-23,0.9258333126393458,nws_retro_v30
1993-08-24,0.9199999794363976,nws_retro_v30
1993-08-25,0.9120833129466822,nws_retro_v30
1993-08-26,0.909166646345208,nws_retro_v30
1993-08-27,0.8999999798834324,nws_retro_v30
1993-08-28,0.8954166466525445,nws_retro_v30
1993-08-29,0.8899999801069498,nws_retro_v30
1993-08-30,0.8824999802745879,nws_retro_v30
1993-08-31,0.8799999803304672,nws_retro_v30
1993-09-01,0.8699999805539846,nws_retro_v30
1993-09-02,0.8679166472672174,nws_retro_v30
1993-09-03,0.8599999807775021,nws_retro_v30
1993-09-04,0.8562499808613211,nws_retro_v30
1993-09-05,0.8499999810010195,nws_retro_v30
1993-09-06,0.8445833144554248,nws_retro_v30
1993-09-07,0.8399999812245369,nws_retro_v30
1993-09-08,0.8333333147068819,nws_retro_v30
1993-09-09,0.8299999814480543,nws_retro_v30
1993-09-10,0.8229166482730458,nws_retro_v30
1993-09-11,0.8199999816715717,nws_retro_v30
1993-09-12,0.8120833151818564,nws_retro_v30
1993-09-13,0.8099999818950891,nws_retro_v30
1993-09-14,0.8020833154053738,nws_retro_v30
1993-09-15,0.7999999821186066,nws_retro_v30
1993-09-16,0.7924999822862446,nws_retro_v30
1993-09-17,0.789999982342124,nws_retro_v30
1993-09-18,0.7829166491671155,nws_retro_v30
1993-09-19,0.7799999825656414,nws_retro_v30
1993-09-20,0.7741666493626932,nws_retro_v30
1993-09-21,0.7699999827891588,nws_retro_v30
1993-09-22,0.7649999829009175,nws_retro_v30
1993-09-23,0.7599999830126762,nws_retro_v30
1993-09-24,0.7566666497538487,nws_retro_v30
1993-09-25,0.7499999832361937,nws_retro_v30
1993-09-26,0.7491666499214867,nws_retro_v30
1993-09-27,0.7399999834597111,nws_retro_v30
1993-09-28,0.7399999834597111,nws_retro_v30
1993-09-29,0.7316666503126422,nws_retro_v30
1993-09-30,0.7299999836832285,nws_retro_v30
1993-10-01,0.7245833171376338,nws_retro_v30
1993-10-02,0.7199999839067459,nws_retro_v30
1993-10-03,0.7183333172773322,nws_retro_v30
1993-10-04,0.7099999841302633,nws_retro_v30
1993-10-05,0.7099999841302633,nws_retro_v30
1993-10-06,0.7024999842979014,nws_retro_v30
1993-10-07,0.6999999843537807,nws_retro_v30
1993-10-08,0.6966666510949532,nws_retro_v30
1993-10-09,0.6899999845772982,nws_retro_v30
1993-10-10,0.6899999845772982,nws_retro_v30
1993-10-11,0.6816666514302293,nws_retro_v30
1993-10-12,0.6799999848008156,nws_retro_v30
1993-10-13,0.6774999848566949,nws_retro_v30
1993-10-14,0.669999985024333,nws_retro_v30
1993-10-15,0.7304166503405819,nws_retro_v30
1993-10-16,0.6933333178361257,nws_retro_v30
1993-10-17,0.6616666518772641,nws_retro_v30
1993-10-18,0.6599999852478504,nws_retro_v30
1993-10-19,0.6499999854713678,nws_retro_v30
1993-10-20,0.6499999854713678,nws_retro_v30
1993-10-21,0.6470833188698938,nws_retro_v30
1993-10-22,0.6399999856948853,nws_retro_v30
1993-10-23,0.6399999856948853,nws_retro_v30
1993-10-24,0.634999985806644,nws_retro_v30
1993-10-25,0.6299999859184027,nws_retro_v30
1993-10-26,0.6299999859184027,nws_retro_v30
1993-10-27,0.6233333194007477,nws_retro_v30
1993-10-28,0.6199999861419201,nws_retro_v30
1993-10-29,0.6199999861419201,nws_retro_v30
1993-10-30,0.6120833196522047,nws_retro_v30
1993-10-31,0.6099999863654375,nws_retro_v30
1993-11-01,0.6099999863654375,nws_retro_v30
1993-11-02,0.6020833198757222,nws_retro_v30
1993-11-03,0.5999999865889549,nws_retro_v30
1993-11-04,0.5999999865889549,nws_retro_v30
1993-11-05,0.5920833200992396,nws_retro_v30
1993-11-06,0.5899999868124723,nws_retro_v30
1993-11-07,0.5899999868124723,nws_retro_v30
1993-11-08,0.5833333202948173,nws_retro_v30
1993-11-09,0.5799999870359898,nws_retro_v30
1993-11-10,0.5799999870359898,nws_retro_v30
1993-11-11,1.0449999766424298,nws_retro_v30
1993-11-12,0.628333319288989,nws_retro_v30
1993-11-13,0.5724999872036278,nws_retro_v30
1993-11-14,0.5679166539727399,nws_retro_v30
1993-11-15,0.5599999874830246,nws_retro_v30
1993-11-16,0.5599999874830246,nws_retro_v30
1993-11-17,0.5599999874830246,nws_retro_v30
1993-11-18,0.5508333210212489,nws_retro_v30
1993-11-19,0.549999987706542,nws_retro_v30
1993-11-20,0.549999987706542,nws_retro_v30
1993-11-21,0.5449999878183007,nws_retro_v30
1993-11-22,0.5399999879300594,nws_retro_v30
1993-11-23,0.5399999879300594,nws_retro_v30
1993-11-24,0.5399999879300594,nws_retro_v30
1993-11-25,0.5299999881535769,nws_retro_v30
1993-11-26,0.5299999881535769,nws_retro_v30
1993-11-27,0.5299999881535769,nws_retro_v30
1993-11-28,0.5524999876506627,nws_retro_v30
1993-11-29,0.5533333209653696,nws_retro_v30
1993-11-30,0.5199999883770943,nws_retro_v30
1993-12-01,0.5199999883770943,nws_retro_v30
1993-12-02,0.5120833218873789,nws_retro_v30
1993-12-03,0.5099999886006117,nws_retro_v30
1993-12-04,0.5099999886006117,nws_retro_v30
1993-12-05,0.5099999886006117,nws_retro_v30
1993-12-06,0.4999999888241291,nws_retro_v30
1993-12-07,0.4999999888241291,nws_retro_v30
1993-12-08,0.5012499887961894,nws_retro_v30
1993-12-09,0.8412499811965972,nws_retro_v30
1993-12-10,0.553749987622723,nws_retro_v30
1993-12-11,3.2287499278318137,nws_retro_v30
1993-12-12,1.4433333010723193,nws_retro_v30
1993-12-13,0.5762499871198088,nws_retro_v30
1993-12-14,1.435416634582604,nws_retro_v30
1993-12-15,0.712499984074384,nws_retro_v30
1993-12-16,0.5245833216079822,nws_retro_v30
1993-12-17,0.5558333209094902,nws_retro_v30
1993-12-18,0.5629166540844986,nws_retro_v30
1993-12-19,0.508333321971198,nws_retro_v30
1993-12-20,0.5212499883491546,nws_retro_v30
1993-12-21,0.5120833218873789,nws_retro_v30
1993-12-22,0.4954166555932413,nws_retro_v30
1993-12-23,0.47874998929910356,nws_retro_v30
1993-12-24,0.4699999894946813,nws_retro_v30
1993-12-25,0.46749998955056066,nws_retro_v30
1993-12-26,0.4599999897181988,nws_retro_v30
1993-12-27,0.46374998963437974,nws_retro_v30
1993-12-28,0.4591666564034919,nws_retro_v30
1993-12-29,0.4499999899417162,nws_retro_v30
1993-12-30,0.4499999899417162,nws_retro_v30
1993-12-31,0.4499999899417162,nws_retro_v30
1994-01-01,0.4499999899417162,nws_retro_v30
1994-01-02,0.4399999901652336,nws_retro_v30
1994-01-03,0.4399999901652336,nws_retro_v30
1994-01-04,0.4399999901652336,nws_retro_v30
1994-01-05,0.4399999901652336,nws_retro_v30
1994-01-06,0.4399999901652336,nws_retro_v30
1994-01-07,0.43083332370345784,nws_retro_v30
1994-01-08,0.429999990388751,nws_retro_v30
1994-01-09,0.429999990388751,nws_retro_v30
1994-01-10,0.429999990388751,nws_retro_v30
1994-01-11,0.429999990388751,nws_retro_v30
1994-01-12,0.4233333238710959,nws_retro_v30
1994-01-13,0.4199999906122684,nws_retro_v30
1994-01-14,0.4199999906122684,nws_retro_v30
1994-01-15,0.4199999906122684,nws_retro_v30
1994-01-16,0.4199999906122684,nws_retro_v30
1994-01-17,0.4162499906960874,nws_retro_v30
1994-01-18,0.4099999908357858,nws_retro_v30
1994-01-19,0.4099999908357858,nws_retro_v30
1994-01-20,0.4099999908357858,nws_retro_v30
1994-01-21,0.4099999908357858,nws_retro_v30
1994-01-22,0.4099999908357858,nws_retro_v30
1994-01-23,1.6304166302240144,nws_retro_v30
1994-01-24,1.8833332912375529,nws_retro_v30
1994-01-25,1.1858333068278928,nws_retro_v30
1994-01-26,0.9124999796040356,nws_retro_v30
1994-01-27,0.7604166496700296,nws_retro_v30
1994-01-28,0.5354166546991715,nws_retro_v30
1994-01-29,0.5408333212447664,nws_retro_v30
1994-01-30,0.507499988656491,nws_retro_v30
1994-01-31,0.45249998988583684,nws_retro_v30
1994-02-01,0.4316666570181647,nws_retro_v30
1994-02-02,0.4191666572975615,nws_retro_v30
1994-02-03,0.4099999908357858,nws_retro_v30
1994-02-04,0.40083332437401015,nws_retro_v30
1994-02-05,0.3999999910593033,nws_retro_v30
1994-02-06,1.1974999732337892,nws_retro_v30
1994-02-07,6.717916516509528,nws_retro_v30
1994-02-08,2.3254166146895536,nws_retro_v30
1994-02-09,1.2158333061573405,nws_retro_v30
1994-02-10,1.4399999678134918,nws_retro_v30
1994-02-11,1.3129166373206924,nws_retro_v30
1994-02-12,0.7545833164670815,nws_retro_v30
1994-02-13,0.6237499860581011,nws_retro_v30
1994-02-14,0.6249999860301614,nws_retro_v30
1994-02-15,0.5779166537492225,nws_retro_v30
1994-02-16,0.5808333203506967,nws_retro_v30
1994-02-17,10.862499757204205,nws_retro_v30
1994-02-18,10.687916427773112,nws_retro_v30
1994-02-19,8.99583313226079,nws_retro_v30
1994-02-20,15.757082981135076,nws_retro_v30
1994-02-21,5.681249873014167,nws_retro_v30
1994-02-22,6.181249861838296,nws_retro_v30
1994-02-23,5.749166538162778,nws_retro_v30
1994-02-24,5.7004165392524255,nws_retro_v30
1994-02-25,5.440833211721231,nws_retro_v30
1994-02-26,7.248333171320458,nws_retro_v30
1994-02-27,6.8745831796744215,nws_retro_v30
1994-02-28,4.632083229798202,nws_retro_v30
1994-03-01,3.934166578731189,nws_retro_v30
1994-03-02,3.3137499259319156,nws_retro_v30
1994-03-03,2.7099999394267797,nws_retro_v30
1994-03-04,2.5633332760383687,nws_retro_v30
1994-03-05,2.7741666046592095,nws_retro_v30
1994-03-06,2.7012499396223575,nws_retro_v30
1994-03-07,2.172499951440841,nws_retro_v30
1994-03-08,1.759583294003581,nws_retro_v30
1994-03-09,1.6824999623931944,nws_retro_v30
1994-03-10,1.8579166251389931,nws_retro_v30
1994-03-11,1.6683332960431774,nws_retro_v30
1994-03-12,1.301249970914796,nws_retro_v30
1994-03-13,1.0749999759718776,nws_retro_v30
1994-03-14,1.0558333097336192,nws_retro_v30
1994-03-15,1.0041666442217927,nws_retro_v30
1994-03-16,1.0929166422380756,nws_retro_v30
1994-03-17,1.1999999731779099,nws_retro_v30
1994-03-18,1.0020833109350253,nws_retro_v30
1994-03-19,0.9991666443335513,nws_retro_v30
1994-03-20,0.9037499797996134,nws_retro_v30
1994-03-21,0.86458331400839,nws_retro_v30
1994-03-22,0.8999999798834324,nws_retro_v30
1994-03-23,0.8724999804981053,nws_retro_v30
1994-03-24,2.439166612147043,nws_retro_v30
1994-03-25,2.3187499481718987,nws_retro_v30
1994-03-26,1.0145833106556286,nws_retro_v30
1994-03-27,0.8583333141480883,nws_retro_v30
1994-03-28,0.8487499810289592,nws_retro_v30
1994-03-29,0.8358333146510025,nws_retro_v30
1994-03-30,0.8191666483568648,nws_retro_v30
1994-03-31,0.793749982258305,nws_retro_v30
1994-04-01,0.7554166497817884,nws_retro_v30
1994-04-02,0.7387499834876508,nws_retro_v30
1994-04-03,0.7383333168302973,nws_retro_v30
1994-04-04,0.7412499834317714,nws_retro_v30
1994-04-05,0.7237499838229269,nws_retro_v30
1994-04-06,0.704999984242022,nws_retro_v30
1994-04-07,0.7145833173611512,nws_retro_v30
1994-04-08,0.7187499839346856,nws_retro_v30
1994-04-09,2.8674999359063804,nws_retro_v30
1994-04-10,1.1691666405337553,nws_retro_v30
1994-04-11,0.754166649809728,nws_retro_v30
1994-04-12,0.715416650675858,nws_retro_v30
1994-04-13,0.7083333175008496,nws_retro_v30
1994-04-14,0.7004166510111342,nws_retro_v30
1994-04-15,0.6933333178361257,nws_retro_v30
1994-04-16,0.6866666513184706,nws_retro_v30
1994-04-17,0.6799999848008156,nws_retro_v30
1994-04-18,0.6741666515978674,nws_retro_v30
1994-04-19,0.669999985024333,nws_retro_v30
1994-04-20,0.669999985024333,nws_retro_v30
1994-04-21,0.6666666517655054,nws_retro_v30
1994-04-22,0.6599999852478504,nws_retro_v30
1994-04-23,1.6041666308107476,nws_retro_v30
1994-04-24,1.1808333069396515,nws_retro_v30
1994-04-25,2.897083268578475,nws_retro_v30
1994-04-26,1.40708330188257,nws_retro_v30
1994-04-27,0.7454166500053058,nws_retro_v30
1994-04-28,0.6720833183111002,nws_retro_v30
1994-04-29,0.6695833183669796,nws_retro_v30
1994-04-30,0.6587499852757901,nws_retro_v30
1994-05-01,0.6466666522125403,nws_retro_v30
1994-05-02,0.6399999856948853,nws_retro_v30
1994-05-03,0.6399999856948853,nws_retro_v30
1994-05-04,0.6399999856948853,nws_retro_v30
1994-05-05,0.6399999856948853,nws_retro_v30
1994-05-06,0.6970833177523067,nws_retro_v30
1994-05-07,3.171249929117039,nws_retro_v30
1994-05-08,1.6312499635387212,nws_retro_v30
1994-05-09,0.7495833165788403,nws_retro_v30
1994-05-10,0.6591666519331435,nws_retro_v30
1994-05-11,0.6395833190375318,nws_retro_v30
1994-05-12,0.6229166527433941,nws_retro_v30
1994-05-13,0.6199999861419201,nws_retro_v30
1994-05-14,0.617083319540446,nws_retro_v30
1994-05-15,0.6116666529948512,nws_retro_v30
1994-05-16,0.6120833196522047,nws_retro_v30
1994-05-17,0.6641666518213848,nws_retro_v30
1994-05-18,0.6604166519052038,nws_retro_v30
1994-05-19,0.6058333197919031,nws_retro_v30
1994-05-20,0.5999999865889549,nws_retro_v30
1994-05-21,0.5999999865889549,nws_retro_v30
1994-05-22,0.5929166534139464,nws_retro_v30
1994-05-23,0.5899999868124723,nws_retro_v30
1994-05-24,0.5899999868124723,nws_retro_v30
1994-05-25,0.5899999868124723,nws_retro_v30
1994-05-26,0.585833320238938,nws_retro_v30
1994-05-27,0.5799999870359898,nws_retro_v30
1994-05-28,0.5799999870359898,nws_retro_v30
1994-05-29,0.5799999870359898,nws_retro_v30
1994-05-30,0.5745833204903951,nws_retro_v30
1994-05-31,0.5699999872595072,nws_retro_v30
1994-06-01,0.5699999872595072,nws_retro_v30
1994-06-02,0.5699999872595072,nws_retro_v30
1994-06-03,0.560416654140378,nws_retro_v30
1994-06-04,0.5599999874830246,nws_retro_v30
1994-06-05,0.5599999874830246,nws_retro_v30
1994-06-06,0.5541666542800764,nws_retro_v30
1994-06-07,0.549999987706542,nws_retro_v30
1994-06-08,0.549999987706542,nws_retro_v30
1994-06-09,0.5479166544197748,nws_retro_v30
1994-06-10,0.5399999879300594,nws_retro_v30
1994-06-11,0.5399999879300594,nws_retro_v30
1994-06-12,0.5399999879300594,nws_retro_v30
1994-06-13,0.5308333214682838,nws_retro_v30
1994-06-14,0.5299999881535769,nws_retro_v30
1994-06-15,0.5299999881535769,nws_retro_v30
1994-06-16,0.5233333216359218,nws_retro_v30
1994-06-17,0.5199999883770943,nws_retro_v30
1994-06-18,0.5199999883770943,nws_retro_v30
1994-06-19,0.5166666551182667,nws_retro_v30
1994-06-20,0.5099999886006117,nws_retro_v30
1994-06-21,0.5099999886006117,nws_retro_v30
1994-06-22,0.5099999886006117,nws_retro_v30
1994-06-23,0.5004166554814825,nws_retro_v30
1994-06-24,0.4999999888241291,nws_retro_v30
1994-06-25,0.4999999888241291,nws_retro_v30
1994-06-26,0.4949999889358878,nws_retro_v30
1994-06-27,0.4899999890476465,nws_retro_v30
1994-06-28,0.4899999890476465,nws_retro_v30
1994-06-29,0.4899999890476465,nws_retro_v30
1994-06-30,0.4804166559285173,nws_retro_v30
1994-07-01,0.4799999892711639,nws_retro_v30
1994-07-02,0.4799999892711639,nws_retro_v30
1994-07-03,0.4770833226696898,nws_retro_v30
1994-07-04,0.4699999894946813,nws_retro_v30
1994-07-05,0.4699999894946813,nws_retro_v30
1994-07-06,0.4699999894946813,nws_retro_v30
1994-07-07,0.4641666562917332,nws_retro_v30
1994-07-08,0.4599999897181988,nws_retro_v30
1994-07-09,0.4599999897181988,nws_retro_v30
1994-07-10,0.4599999897181988,nws_retro_v30
1994-07-11,0.45249998988583684,nws_retro_v30
1994-07-12,0.4499999899417162,nws_retro_v30
1994-07-13,0.4499999899417162,nws_retro_v30
1994-07-14,0.4499999899417162,nws_retro_v30
1994-07-15,0.44249999010935426,nws_retro_v30
1994-07-16,0.4399999901652336,nws_retro_v30
1994-07-17,0.4399999901652336,nws_retro_v30
1994-07-18,0.4399999901652336,nws_retro_v30
1994-07-19,0.43333332364757854,nws_retro_v30
1994-07-20,0.429999990388751,nws_retro_v30
1994-07-21,0.429999990388751,nws_retro_v30
1994-07-22,0.429999990388751,nws_retro_v30
1994-07-23,0.42583332381521655,nws_retro_v30
1994-07-24,0.4199999906122684,nws_retro_v30
1994-07-25,0.4199999906122684,nws_retro_v30
1994-07-26,0.4199999906122684,nws_retro_v30
1994-07-27,0.41958332395491493,nws_retro_v30
1994-07-28,0.4099999908357858,nws_retro_v30
1994-07-29,0.4099999908357858,nws_retro_v30
1994-07-30,0.4099999908357858,nws_retro_v30
1994-07-31,0.4099999908357858,nws_retro_v30
1994-08-01,0.4049999909475446,nws_retro_v30
1994-08-02,0.3999999910593033,nws_retro_v30
1994-08-03,0.3999999910593033,nws_retro_v30
1994-08-04,0.3999999910593033,nws_retro_v30
1994-08-05,0.3999999910593033,nws_retro_v30
1994-08-06,0.3916666579122345,nws_retro_v30
1994-08-07,0.3899999912828207,nws_retro_v30
1994-08-08,0.3899999912828207,nws_retro_v30
1994-08-09,0.3899999912828207,nws_retro_v30
1994-08-10,0.3899999912828207,nws_retro_v30
1994-08-11,0.3804166581636916,nws_retro_v30
1994-08-12,0.3799999915063381,nws_retro_v30
1994-08-13,0.3799999915063381,nws_retro_v30
1994-08-14,0.3799999915063381,nws_retro_v30
1994-08-15,0.3799999915063381,nws_retro_v30
1994-08-16,0.37083332504456235,nws_retro_v30
1994-08-17,0.3699999917298555,nws_retro_v30
1994-08-18,0.3699999917298555,nws_retro_v30
1994-08-19,0.3699999917298555,nws_retro_v30
1994-08-20,0.3699999917298555,nws_retro_v30
1994-08-21,0.3633333252122004,nws_retro_v30
1994-08-22,0.3599999919533729,nws_retro_v30
1994-08-23,0.3599999919533729,nws_retro_v30
1994-08-24,0.3599999919533729,nws_retro_v30
1994-08-25,0.3599999919533729,nws_retro_v30
1994-08-26,0.35749999200925225,nws_retro_v30
1994-08-27,0.3499999921768904,nws_retro_v30
1994-08-28,0.3499999921768904,nws_retro_v30
1994-08-29,0.3499999921768904,nws_retro_v30
1994-08-30,0.3499999921768904,nws_retro_v30
1994-08-31,0.3499999921768904,nws_retro_v30
1994-09-01,0.3441666589739422,nws_retro_v30
1994-09-02,0.3399999924004078,nws_retro_v30
1994-09-03,0.3399999924004078,nws_retro_v30
1994-09-04,0.3399999924004078,nws_retro_v30
1994-09-05,0.3399999924004078,nws_retro_v30
1994-09-06,0.3399999924004078,nws_retro_v30
1994-09-07,0.3329166592253993,nws_retro_v30
1994-09-08,0.3299999926239252,nws_retro_v30
1994-09-09,0.3299999926239252,nws_retro_v30
1994-09-10,0.3299999926239252,nws_retro_v30
1994-09-11,0.3299999926239252,nws_retro_v30
1994-09-12,0.3299999926239252,nws_retro_v30
1994-09-13,0.32416665942097705,nws_retro_v30
1994-09-14,0.3199999928474426,nws_retro_v30
1994-09-15,0.3199999928474426,nws_retro_v30
1994-09-16,0.3199999928474426,nws_retro_v30
1994-09-17,0.3199999928474426,nws_retro_v30
1994-09-18,0.3199999928474426,nws_retro_v30
1994-09-19,0.31791665956067544,nws_retro_v30
1994-09-20,0.30999999307096,nws_retro_v30
1994-09-21,0.30999999307096,nws_retro_v30
1994-09-22,0.30999999307096,nws_retro_v30
1994-09-23,0.30999999307096,nws_retro_v30
1994-09-24,0.30999999307096,nws_retro_v30
1994-09-25,0.30999999307096,nws_retro_v30
1994-09-26,0.3041666598680118,nws_retro_v30
1994-09-27,0.2999999932944774,nws_retro_v30
1994-09-28,0.2999999932944774,nws_retro_v30
1994-09-29,0.2999999932944774,nws_retro_v30
1994-09-30,0.2999999932944774,nws_retro_v30
1994-10-01,0.2999999932944774,nws_retro_v30
1994-10-02,0.2999999932944774,nws_retro_v30
1994-10-03,0.2937499934341758,nws_retro_v30
1994-10-04,0.29041666017534834,nws_retro_v30
1994-10-05,0.33458332585481304,nws_retro_v30
1994-10-06,0.2899999935179949,nws_retro_v30
1994-10-07,0.2899999935179949,nws_retro_v30
1994-10-08,0.2899999935179949,nws_retro_v30
1994-10-09,0.2899999935179949,nws_retro_v30
1994-10-10,0.2862499936018139,nws_retro_v30
1994-10-11,0.2799999937415123,nws_retro_v30
1994-10-12,0.2799999937415123,nws_retro_v30
1994-10-13,0.2799999937415123,nws_retro_v30
1994-10-14,0.2799999937415123,nws_retro_v30
1994-10-15,0.2799999937415123,nws_retro_v30
1994-10-16,0.2799999937415123,nws_retro_v30
1994-10-17,0.2799999937415123,nws_retro_v30
1994-10-18,0.2720833272517969,nws_retro_v30
1994-10-19,0.2699999939650297,nws_retro_v30
1994-10-20,0.2699999939650297,nws_retro_v30
1994-10-21,0.2699999939650297,nws_retro_v30
1994-10-22,0.2699999939650297,nws_retro_v30
1994-10-23,0.2699999939650297,nws_retro_v30
1994-10-24,0.2699999939650297,nws_retro_v30
1994-10-25,0.2699999939650297,nws_retro_v30
1994-10-26,0.26166666081796086,nws_retro_v30
1994-10-27,0.2599999941885471,nws_retro_v30
1994-10-28,0.2599999941885471,nws_retro_v30
1994-10-29,0.2599999941885471,nws_retro_v30
1994-10-30,0.2599999941885471,nws_retro_v30
1994-10-31,0.2599999941885471,nws_retro_v30
1994-11-01,0.2599999941885471,nws_retro_v30
1994-11-02,0.2599999941885471,nws_retro_v30
1994-11-03,0.2549999943003058,nws_retro_v30
1994-11-04,0.24999999441206447,nws_retro_v30
1994-11-05,0.8274999815039337,nws_retro_v30
1994-11-06,0.6483333188419541,nws_retro_v30
1994-11-07,0.3024999932385981,nws_retro_v30
1994-11-08,0.267499994020909,nws_retro_v30
1994-11-09,0.43833332353581983,nws_retro_v30
1994-11-10,0.5374999879859388,nws_retro_v30
1994-11-11,0.26541666073414183,nws_retro_v30
1994-11-12,0.24999999441206447,nws_retro_v30
1994-11-13,0.2399999946355819,nws_retro_v30
1994-11-14,0.24499999452382318,nws_retro_v30
1994-11-15,0.28583332694446045,nws_retro_v30
1994-11-16,0.2695833273076762,nws_retro_v30
1994-11-17,0.24083332795028878,nws_retro_v30
1994-11-18,0.2399999946355819,nws_retro_v30
1994-11-19,0.2399999946355819,nws_retro_v30
1994-11-20,0.2399999946355819,nws_retro_v30
1994-11-21,0.2399999946355819,nws_retro_v30
1994-11-22,0.23624999471940097,nws_retro_v30
1994-11-23,0.2299999948590994,nws_retro_v30
1994-11-24,0.2299999948590994,nws_retro_v30
1994-11-25,0.6758333182272812,nws_retro_v30
1994-11-26,0.4062499909196049,nws_retro_v30
1994-11-27,0.28874999354593456,nws_retro_v30
1994-11-28,0.32958332596657175,nws_retro_v30
1994-11-29,0.27583332716797787,nws_retro_v30
1994-11-30,0.24208332792234913,nws_retro_v30
1994-12-01,0.2516666610414783,nws_retro_v30
1994-12-02,0.25666666092971957,nws_retro_v30
1994-12-03,0.3224999927915632,nws_retro_v30
1994-12-04,0.40666665757695836,nws_retro_v30
1994-12-05,0.35999999195337296,nws_retro_v30
1994-12-06,0.3299999926239252,nws_retro_v30
1994-12-07,0.2670833273635556,nws_retro_v30
1994-12-08,0.23166666148851314,nws_retro_v30
1994-12-09,0.2716666605944435,nws_retro_v30
1994-12-10,0.2516666610414782,nws_retro_v30
1994-12-11,0.24541666118117664,nws_retro_v30
1994-12-12,1.3558333030280967,nws_retro_v30
1994-12-13,1.4904166333532582,nws_retro_v30
1994-12-14,1.5154166327944647,nws_retro_v30
1994-12-15,0.5941666533860067,nws_retro_v30
1994-12-16,0.40208332434607047,nws_retro_v30
1994-12-17,0.4174999906681478,nws_retro_v30
1994-12-18,0.37416665830338997,nws_retro_v30
1994-12-19,0.3116666597003738,nws_retro_v30
1994-12-20,0.260833327503254,nws_retro_v30
1994-12-21,0.23666666137675438,nws_retro_v30
1994-12-22,0.2299999948590994,nws_retro_v30
1994-12-23,0.23416666143263376,nws_retro_v30
1994-12-24,3.057083265002196,nws_retro_v30
1994-12-25,1.2462499721441418,nws_retro_v30
1994-12-26,0.45583332314466435,nws_retro_v30
1994-12-27,0.37958332484898466,nws_retro_v30
1994-12-28,0.37499999161809683,nws_retro_v30
1994-12-29,0.32333332610627014,nws_retro_v30
1994-12-30,0.31791665956067544,nws_retro_v30
1994-12-31,0.35291665877836437,nws_retro_v30
1995-01-01,0.3412499923724681,nws_retro_v30
1995-01-02,0.28583332694446045,nws_retro_v30
1995-01-03,11.044999753125012,nws_retro_v30
1995-01-04,5.727083205323045,nws_retro_v30
1995-01-05,4.90416655705,nws_retro_v30
1995-01-06,2.3179166148571917,nws_retro_v30
1995-01-07,17.695832937800635,nws_retro_v30
1995-01-08,16.886666289220255,nws_retro_v30
1995-01-09,20.757916202691074,nws_retro_v30
1995-01-10,126.09833051481594,nws_retro_v30
1995-01-11,36.88333250892659,nws_retro_v30
1995-01-12,46.810832287029676,nws_retro_v30
1995-01-13,41.05291574906247,nws_retro_v30
1995-01-14,67.64874848793261,nws_retro_v30
1995-01-15,54.269165453656264,nws_retro_v30
1995-01-16,35.646249203244224,nws_retro_v30
1995-01-17,20.13874954986386,nws_retro_v30
1995-01-18,17.83458293469933,nws_retro_v30
1995-01-19,18.66124958288856,nws_retro_v30
1995-01-20,29.328749344451353,nws_retro_v30
1995-01-21,41.52208240524245,nws_retro_v30
1995-01-22,45.213748989393935,nws_retro_v30
1995-01-23,52.42749882815406,nws_retro_v30
1995-01-24,46.28374896547757,nws_retro_v30
1995-01-25,25.143749437993392,nws_retro_v30
1995-01-26,23.049166151477646,nws_retro_v30
1995-01-27,104.98541432005975,nws_retro_v30
1995-01-28,50.67791553392696,nws_retro_v30
1995-01-29,26.872082732695464,nws_retro_v30
1995-01-30,22.961666153433423,nws_retro_v30
1995-01-31,20.054166218421113,nws_retro_v30
1995-02-01,16.861249623121694,nws_retro_v30
1995-02-02,14.689166338338206,nws_retro_v30
1995-02-03,12.46041638815465,nws_retro_v30
1995-02-04,11.777499736752361,nws_retro_v30
1995-02-05,11.347916413020963,nws_retro_v30
1995-02-06,10.67541642805251,nws_retro_v30
1995-02-07,11.058749752817675,nws_retro_v30
1995-02-08,18.003332930927474,nws_retro_v30
1995-02-09,13.669166361136982,nws_retro_v30
1995-02-10,9.084583130277073,nws_retro_v30
1995-02-11,7.839999824762344,nws_retro_v30
1995-02-12,7.619583163022374,nws_retro_v30
1995-02-13,7.5516664978737635,nws_retro_v30
1995-02-14,8.217916482981915,nws_retro_v30
1995-02-15,5.916249867761508,nws_retro_v30
1995-02-16,5.284583215213691,nws_retro_v30
1995-02-17,5.2129165501489,nws_retro_v30
1995-02-18,5.0620832201869534,nws_retro_v30
1995-02-19,4.642083229574685,nws_retro_v30
1995-02-20,4.175416573338832,nws_retro_v30
1995-02-21,3.957916578200335,nws_retro_v30
1995-02-22,3.853749913861975,nws_retro_v30
1995-02-23,3.8049999149516225,nws_retro_v30
1995-02-24,3.844166580742846,nws_retro_v30
1995-02-25,3.6587499182205647,nws_retro_v30
1995-02-26,3.570833253518989,nws_retro_v30
1995-02-27,3.617083252485221,nws_retro_v30
1995-02-28,4.172083240080004,nws_retro_v30
1995-03-01,4.229999905452132,nws_retro_v30
1995-03-02,6.834166513911138,nws_retro_v30
1995-03-03,8.972499799448997,nws_retro_v30
1995-03-04,5.003333221500118,nws_retro_v30
1995-03-05,8.922083133909231,nws_retro_v30
1995-03-06,4.466666566828887,nws_retro_v30
1995-03-07,3.97666657778124,nws_retro_v30
1995-03-08,15.650832983509948,nws_retro_v30
1995-03-09,136.30333028671643,nws_retro_v30
1995-03-10,72.02999839000404,nws_retro_v30
1995-03-11,47.072498947847635,nws_retro_v30
1995-03-12,34.20958256868956,nws_retro_v30
1995-03-13,28.770832690255094,nws_retro_v30
1995-03-14,27.807916045111295,nws_retro_v30
1995-03-15,28.740416024268296,nws_retro_v30
1995-03-16,15.845416312494004,nws_retro_v30
1995-03-17,13.77791635870623,nws_retro_v30
1995-03-18,14.82041633540454,nws_retro_v30
1995-03-19,13.884999689646065,nws_retro_v30
1995-03-20,44.26416567728544,nws_retro_v30
1995-03-21,35.60333253753682,nws_retro_v30
1995-03-22,54.34249878535047,nws_retro_v30
1995-03-23,52.77416548707212,nws_retro_v30
1995-03-24,22.334582834116492,nws_retro_v30
1995-03-25,17.927916265946504,nws_retro_v30
1995-03-26,16.310832968757797,nws_retro_v30
1995-03-27,14.839583001642799,nws_retro_v30
1995-03-28,12.77291638116973,nws_retro_v30
1995-03-29,11.348333079678318,nws_retro_v30
1995-03-30,10.19458310546664,nws_retro_v30
1995-03-31,9.485416454651082,nws_retro_v30
1995-04-01,8.37833314606299,nws_retro_v30
1995-04-02,7.118749840883538,nws_retro_v30
1995-04-03,6.422083189788585,nws_retro_v30
1995-04-04,6.176249861950055,nws_retro_v30
1995-04-05,5.808333203506966,nws_retro_v30
1995-04-06,7.865833157518257,nws_retro_v30
1995-04-07,8.64833314002802,nws_retro_v30
1995-04-08,8.448749811155722,nws_retro_v30
1995-04-09,5.882916535173233,nws_retro_v30
1995-04-10,4.670833228932072,nws_retro_v30
1995-04-11,4.355833235972871,nws_retro_v30
1995-04-12,4.3162499035242945,nws_retro_v30
1995-04-13,6.820833180875828,nws_retro_v30
1995-04-14,5.3387498806696385,nws_retro_v30
1995-04-15,5.250416549310709,nws_retro_v30
1995-04-16,6.634999851696193,nws_retro_v30
1995-04-17,4.771666560011606,nws_retro_v30
1995-04-18,5.703749872511253,nws_retro_v30
1995-04-19,4.411666568058233,nws_retro_v30
1995-04-20,4.925833223232378,nws_retro_v30
1995-04-21,4.330416569874312,nws_retro_v30
1995-04-22,3.7491665828662613,nws_retro_v30
1995-04-23,3.5912499197293073,nws_retro_v30
1995-04-24,3.5137499214615673,nws_retro_v30
1995-04-25,3.443749923026189,nws_retro_v30
1995-04-26,3.419166590242336,nws_retro_v30
1995-04-27,8.058333153215548,nws_retro_v30
1995-04-28,7.486666499326627,nws_retro_v30
1995-04-29,16.91999962180853,nws_retro_v30
1995-04-30,6.406249856809154,nws_retro_v30
1995-05-01,9.916666445011893,nws_retro_v30
1995-05-02,6.147083195935314,nws_retro_v30
1995-05-03,5.12458321878997,nws_retro_v30
1995-05-04,5.220416549981262,nws_retro_v30
1995-05-05,5.090833219544341,nws_retro_v30
1995-05-06,4.911666556882362,nws_retro_v30
1995-05-07,4.746666560570399,nws_retro_v30
1995-05-08,4.36291656914788,nws_retro_v30
1995-05-09,4.0854165753504885,nws_retro_v30
1995-05-10,4.156666573757927,nws_retro_v30
1995-05-11,3.606249919394031,nws_retro_v30
1995-05-12,3.5304165877557048,nws_retro_v30
1995-05-13,6.4499998558312654,nws_retro_v30
1995-05-14,4.885833224126448,nws_retro_v30
1995-05-15,4.33749990304932,nws_retro_v30
1995-05-16,4.775416559927787,nws_retro_v30
1995-05-17,3.57458325343517,nws_retro_v30
1995-05-18,3.4333332565923533,nws_retro_v30
1995-05-19,3.3362499254290015,nws_retro_v30
1995-05-20,3.245416594125951,nws_retro_v30
1995-05-21,3.1887499287258834,nws_retro_v30
1995-05-22,3.144166596389065,nws_retro_v30
1995-05-23,3.053333265086015,nws_retro_v30
1995-05-24,2.9695832669579736,nws_retro_v30
1995-05-25,2.908749934984371,nws_retro_v30
1995-05-26,2.8524999362416565,nws_retro_v30
1995-05-27,2.792499937582761,nws_retro_v30
1995-05-28,2.753749938448891,nws_retro_v30
1995-05-29,2.7124999393709004,nws_retro_v30
1995-05-30,2.67249994026497,nws_retro_v30
1995-05-31,2.634583274445807,nws_retro_v30
1995-06-01,2.6020832751722387,nws_retro_v30
1995-06-02,2.571666609185437,nws_retro_v30
1995-06-03,2.5466666097442308,nws_retro_v30
1995-06-04,2.5199999436736107,nws_retro_v30
1995-06-05,2.489583277686809,nws_retro_v30
1995-06-06,2.462916611616189,nws_retro_v30
1995-06-07,2.437083278860276,nws_retro_v30
1995-06-08,2.4099999461323023,nws_retro_v30
1995-06-09,2.383333280061682,nws_retro_v30
1995-06-10,2.3591666139351823,nws_retro_v30
1995-06-11,2.3337499478366226,nws_retro_v30
1995-06-12,2.3099999483674765,nws_retro_v30
1995-06-13,2.2862499488983308,nws_retro_v30
1995-06-14,2.3108332816821835,nws_retro_v30
1995-06-15,2.319166614829252,nws_retro_v30
1995-06-16,3.0783332645272217,nws_retro_v30
1995-06-17,2.5983332752560577,nws_retro_v30
1995-06-18,2.1949999509379268,nws_retro_v30
1995-06-19,2.1504166186011084,nws_retro_v30
1995-06-20,2.127083285789316,nws_retro_v30
1995-06-21,2.105416619606937,nws_retro_v30
1995-06-22,2.084166620081912,nws_retro_v30
1995-06-23,2.063749953871593,nws_retro_v30
1995-06-24,2.0433332876612744,nws_retro_v30
1995-06-25,2.0233332881083093,nws_retro_v30
1995-06-26,2.0037499552126974,nws_retro_v30
1995-06-27,1.9841666223170857,nws_retro_v30
1995-06-28,1.9649999560788274,nws_retro_v30
1995-06-29,1.945833289840569,nws_retro_v30
1995-06-30,1.9270832902596642,nws_retro_v30
1995-07-01,1.9087499573361126,nws_retro_v30
1995-07-02,1.8904166244125615,nws_retro_v30
1995-07-03,1.872916624803717,nws_retro_v30
1995-07-04,1.8545832918801655,nws_retro_v30
1995-07-05,1.8366666256139677,nws_retro_v30
1995-07-06,1.81999995931983,nws_retro_v30
1995-07-07,1.8033332930256922,nws_retro_v30
1995-07-08,1.7854166267594944,nws_retro_v30
1995-07-09,1.7687499604653567,nws_retro_v30
1995-07-10,1.7533332941432793,nws_retro_v30
1995-07-11,1.7358332945344348,nws_retro_v30
1995-07-12,1.720833294869711,nws_retro_v30
1995-07-13,1.7049999618902802,nws_retro_v30
1995-07-14,1.6891666289108496,nws_retro_v30
1995-07-15,1.674583295903479,nws_retro_v30
1995-07-16,1.6591666295814018,nws_retro_v30
1995-07-17,1.6445832965740312,nws_retro_v30
1995-07-18,1.6295832969093074,nws_retro_v30
1995-07-19,1.614999963901937,nws_retro_v30
1995-07-20,1.6012499642092735,nws_retro_v30
1995-07-21,1.5862499645445496,nws_retro_v30
1995-07-22,1.5737499648239464,nws_retro_v30
1995-07-23,1.559166631816576,nws_retro_v30
1995-07-24,1.5458332987812657,nws_retro_v30
1995-07-25,1.5333332990606625,nws_retro_v30
1995-07-26,1.519583299367999,nws_retro_v30
1995-07-27,1.506249966332689,nws_retro_v30
1995-07-28,1.4941666332694392,nws_retro_v30
1995-07-29,1.482083300206189,nws_retro_v30
1995-07-30,1.4683333005135257,nws_retro_v30
1995-07-31,1.4566666341076295,nws_retro_v30
1995-08-01,1.4449999677017331,nws_retro_v30
1995-08-02,1.4333333012958367,nws_retro_v30
1995-08-03,1.4216666348899407,nws_retro_v30
1995-08-04,1.4091666351693373,nws_retro_v30
1995-08-05,1.3979166354207944,nws_retro_v30
1995-08-06,1.3866666356722515,nws_retro_v30
1995-08-07,1.3754166359237086,nws_retro_v30
1995-08-08,1.364583302832519,nws_retro_v30
1995-08-09,1.3537499697413296,nws_retro_v30
1995-08-10,1.3433333033074935,nws_retro_v30
1995-08-11,1.332499970216304,nws_retro_v30
1995-08-12,1.322083303782468,nws_retro_v30
1995-08-13,1.311666637348632,nws_retro_v30
1995-08-14,1.3016666375721495,nws_retro_v30
1995-08-15,1.2912499711383134,nws_retro_v30
1995-08-16,1.2812499713618308,nws_retro_v30
1995-08-17,1.2716666382427018,nws_retro_v30
1995-08-18,1.261666638466219,nws_retro_v30
1995-08-19,1.25208330534709,nws_retro_v30
1995-08-20,1.2424999722279608,nws_retro_v30
1995-08-21,1.233333305766185,nws_retro_v30
1995-08-22,1.2241666393044095,nws_retro_v30
1995-08-23,1.2149999728426337,nws_retro_v30
1995-08-24,1.2058333063808582,nws_retro_v30
1995-08-25,1.197083306576436,nws_retro_v30
1995-08-26,1.1883333067720134,nws_retro_v30
1995-08-27,1.179999973624945,nws_retro_v30
1995-08-28,1.169999973848462,nws_retro_v30
1995-08-29,1.1616666407013934,nws_retro_v30
1995-08-30,1.1533333075543244,nws_retro_v30
1995-08-31,1.1454166410646092,nws_retro_v30
1995-09-01,1.1374999745748937,nws_retro_v30
1995-09-02,1.1299999747425318,nws_retro_v30
1995-09-03,1.1199999749660492,nws_retro_v30
1995-09-04,1.1124999751336873,nws_retro_v30
1995-09-05,1.1049999753013253,nws_retro_v30
1995-09-06,1.097916642126317,nws_retro_v30
1995-09-07,1.0899999756366014,nws_retro_v30
1995-09-08,1.0808333091748257,nws_retro_v30
1995-09-09,1.0737499759998175,nws_retro_v30
1995-09-10,1.0674999761395159,nws_retro_v30
1995-09-11,1.0599999763071537,nws_retro_v30
1995-09-12,1.050833309845378,nws_retro_v30
1995-09-13,1.0445833099850763,nws_retro_v30
1995-09-14,1.038749976782128,nws_retro_v30
1995-09-15,1.029999976977706,nws_retro_v30
1995-09-16,1.0229166438026975,nws_retro_v30
1995-09-17,1.0170833105997492,nws_retro_v30
1995-09-18,1.0099999774247408,nws_retro_v30
1995-09-19,1.001666644277672,nws_retro_v30
1995-09-20,0.9962499777320772,nws_retro_v30
1995-09-21,0.9899999778717756,nws_retro_v30
1995-09-22,0.9816666447247068,nws_retro_v30
1995-09-23,0.9766666448364655,nws_retro_v30
1995-09-24,0.9699999783188104,nws_retro_v30
1995-09-25,0.9620833118290951,nws_retro_v30
1995-09-26,0.9579166452555606,nws_retro_v30
1995-09-27,0.9499999787658452,nws_retro_v30
1995-09-28,0.9437499789055437,nws_retro_v30
1995-09-29,0.9399999789893628,nws_retro_v30
1995-09-30,0.92999997921288,nws_retro_v30
1995-10-01,0.9266666459540526,nws_retro_v30
1995-10-02,0.9199999794363976,nws_retro_v30
1995-10-03,0.9133333129187425,nws_retro_v30
1995-10-04,0.909999979659915,nws_retro_v30
1995-10-05,0.9004166465407858,nws_retro_v30
1995-10-06,0.8974999799393117,nws_retro_v30
1995-10-07,0.8899999801069498,nws_retro_v30
1995-10-08,0.8841666469040016,nws_retro_v30
1995-10-09,0.8799999803304672,nws_retro_v30
1995-10-10,0.8720833138407519,nws_retro_v30
1995-10-11,0.8699999805539846,nws_retro_v30
1995-10-12,0.8599999807775021,nws_retro_v30
1995-10-13,0.8587499808054417,nws_retro_v30
1995-10-14,0.8499999810010195,nws_retro_v30
1995-10-15,0.8474999810568988,nws_retro_v30
1995-10-16,0.8399999812245369,nws_retro_v30
1995-10-17,0.8366666479657093,nws_retro_v30
1995-10-18,0.8299999814480543,nws_retro_v30
1995-10-19,0.8258333148745199,nws_retro_v30
1995-10-20,0.8199999816715717,nws_retro_v30
1995-10-21,0.8158333150980374,nws_retro_v30
1995-10-22,0.8099999818950891,nws_retro_v30
1995-10-23,0.8058333153215548,nws_retro_v30
1995-10-24,0.7999999821186066,nws_retro_v30
1995-10-25,0.7962499822024256,nws_retro_v30
1995-10-26,0.789999982342124,nws_retro_v30
1995-10-27,0.7874999823980033,nws_retro_v30
1995-10-28,0.7799999825656414,nws_retro_v30
1995-10-29,0.7787499825935811,nws_retro_v30
1995-10-30,0.7699999827891588,nws_retro_v30
1995-10-31,0.7695833161318054,nws_retro_v30
1995-11-01,0.7683333161597451,nws_retro_v30
1995-11-02,0.7599999830126762,nws_retro_v30
1995-11-03,0.7516666498656074,nws_retro_v30
1995-11-04,0.7499999832361937,nws_retro_v30
1995-11-05,0.7441666500332454,nws_retro_v30
1995-11-06,0.7399999834597111,nws_retro_v30
1995-11-07,0.737083316858237,nws_retro_v30
1995-11-08,0.7299999836832285,nws_retro_v30
1995-11-09,0.7299999836832285,nws_retro_v30
1995-11-10,0.7204166505640993,nws_retro_v30
1995-11-11,0.7199999839067459,nws_retro_v30
1995-11-12,0.7141666507037977,nws_retro_v30
1995-11-13,0.7099999841302633,nws_retro_v30
1995-11-14,0.7083333175008496,nws_retro_v30
1995-11-15,0.6999999843537807,nws_retro_v30
1995-11-16,0.6999999843537807,nws_retro_v30
1995-11-17,0.6933333178361257,nws_retro_v30
1995-11-18,0.6899999845772982,nws_retro_v30
1995-11-19,0.6883333179478844,nws_retro_v30
1995-11-20,0.6799999848008156,nws_retro_v30
1995-11-21,0.6799999848008156,nws_retro_v30
1995-11-22,0.6741666515978674,nws_retro_v30
1995-11-23,0.669999985024333,nws_retro_v30
1995-11-24,0.669999985024333,nws_retro_v30
1995-11-25,0.6604166519052038,nws_retro_v30
1995-11-26,0.6599999852478504,nws_retro_v30
1995-11-27,0.6574999853037298,nws_retro_v30
1995-11-28,0.6499999854713678,nws_retro_v30
1995-11-29,0.6499999854713678,nws_retro_v30
1995-11-30,0.6445833189257731,nws_retro_v30
1995-12-01,0.6399999856948853,nws_retro_v30
1995-12-02,0.6399999856948853,nws_retro_v30
1995-12-03,0.6329166525198767,nws_retro_v30
1995-12-04,0.6320833192051699,nws_retro_v30
1995-12-05,0.6299999859184027,nws_retro_v30
1995-12-06,0.6212499861139804,nws_retro_v30
1995-12-07,0.6199999861419201,nws_retro_v30
1995-12-08,0.6199999861419201,nws_retro_v30
1995-12-09,0.6104166530227909,nws_retro_v30
1995-12-10,0.6099999863654375,nws_retro_v30
1995-12-11,1.9387499566655606,nws_retro_v30
1995-12-12,13.82499969098717,nws_retro_v30
1995-12-13,2.285833282240977,nws_retro_v30
1995-12-14,0.7770833159641674,nws_retro_v30
1995-12-15,0.793749982258305,nws_retro_v30
1995-12-16,0.7624999829567969,nws_retro_v30
1995-12-17,0.7670833161876848,nws_retro_v30
1995-12-18,0.9549999786540866,nws_retro_v30
1995-12-19,0.8058333153215548,nws_retro_v30
1995-12-20,0.6787499848287553,nws_retro_v30
1995-12-21,0.6758333182272812,nws_retro_v30
1995-12-22,1.0712499760556966,nws_retro_v30
1995-12-23,0.930833312527587,nws_retro_v30
1995-12-24,0.6887499846052378,nws_retro_v30
1995-12-25,0.6295833192610493,nws_retro_v30
1995-12-26,0.602916653190429,nws_retro_v30
1995-12-27,0.5966666533301274,nws_retro_v30
1995-12-28,0.5866666535536448,nws_retro_v30
1995-12-29,0.7716666494185725,nws_retro_v30
1995-12-30,0.7495833165788403,nws_retro_v30
1995-12-31,0.634166652491937,nws_retro_v30
1996-01-01,0.6058333197919031,nws_retro_v30
1996-01-02,0.5662499873433262,nws_retro_v30
1996-01-03,0.5879166535257051,nws_retro_v30
1996-01-04,0.585833320238938,nws_retro_v30
1996-01-05,0.5699999872595072,nws_retro_v30
1996-01-06,0.5654166540286193,nws_retro_v30
1996-01-07,0.5524999876506627,nws_retro_v30
1996-01-08,0.5399999879300594,nws_retro_v30
1996-01-09,0.5387499879579991,nws_retro_v30
1996-01-10,0.5299999881535769,nws_retro_v30
1996-01-11,0.5299999881535769,nws_retro_v30
1996-01-12,0.5299999881535769,nws_retro_v30
1996-01-13,0.5262499882373959,nws_retro_v30
1996-01-14,0.5199999883770943,nws_retro_v30
1996-01-15,1.3999999687075615,nws_retro_v30
1996-01-16,9.004999798722565,nws_retro_v30
1996-01-17,3.27916659337158,nws_retro_v30
1996-01-18,9.904583111948645,nws_retro_v30
1996-01-19,4.770833226696898,nws_retro_v30
1996-01-20,1.4849999668076634,nws_retro_v30
1996-01-21,10.698749760864303,nws_retro_v30
1996-01-22,3.5420832541616014,nws_retro_v30
1996-01-23,2.8216666035975018,nws_retro_v30
1996-01-24,8.492916476835186,nws_retro_v30
1996-01-25,23.209166147901367,nws_retro_v30
1996-01-26,6.680833184005071,nws_retro_v30
1996-01-27,49.23958223274288,nws_retro_v30
1996-01-28,17.949999598786235,nws_retro_v30
1996-01-29,13.875416356526936,nws_retro_v30
1996-01-30,20.348749545169994,nws_retro_v30
1996-01-31,90.59208130844247,nws_retro_v30
1996-02-01,23.41791614323544,nws_retro_v30
1996-02-02,17.094999617896974,nws_retro_v30
1996-02-03,28.9104160204685,nws_retro_v30
1996-02-04,73.76749835116789,nws_retro_v30
1996-02-05,49.18416556731487,nws_retro_v30
1996-02-06,20.77833286890139,nws_retro_v30
1996-02-07,16.192916304726776,nws_retro_v30
1996-02-08,14.93791633277821,nws_retro_v30
1996-02-09,14.644999672658741,nws_retro_v30
1996-02-10,13.689583027347302,nws_retro_v30
1996-02-11,12.489999720826745,nws_retro_v30
1996-02-12,10.357916435149187,nws_retro_v30
1996-02-13,8.960416466385746,nws_retro_v30
1996-02-14,8.94374980009161,nws_retro_v30
1996-02-15,9.893749778857455,nws_retro_v30
1996-02-16,23.819582800924156,nws_retro_v30
1996-02-17,12.268749725772068,nws_retro_v30
1996-02-18,9.759583115189647,nws_retro_v30
1996-02-19,78.56166491067658,nws_retro_v30
1996-02-20,51.40708218429548,nws_retro_v30
1996-02-21,57.5549987135455,nws_retro_v30
1996-02-22,35.897082530971,nws_retro_v30
1996-02-23,23.11624948331155,nws_retro_v30
1996-02-24,27.064166061735403,nws_retro_v30
1996-02-25,23.861666133316856,nws_retro_v30
1996-02-26,19.814582890442882,nws_retro_v30
1996-02-27,37.64458249191133,nws_retro_v30
1996-02-28,30.935832641863573,nws_retro_v30
1996-02-29,33.368332587492965,nws_retro_v30
1996-03-01,19.317499568220228,nws_retro_v30
1996-03-02,14.123749684309587,nws_retro_v30
1996-03-03,22.55916616243,nws_retro_v30
1996-03-04,28.03624937334098,nws_retro_v30
1996-03-05,26.769166068329167,nws_retro_v30
1996-03-06,14.252916348089153,nws_retro_v30
1996-03-07,11.601666407349208,nws_retro_v30
1996-03-08,10.440833099962523,nws_retro_v30
1996-03-09,9.093749796738848,nws_retro_v30
1996-03-10,12.26416639254118,nws_retro_v30
1996-03-11,21.934166176399838,nws_retro_v30
1996-03-12,69.20749845309183,nws_retro_v30
1996-03-13,20.65666620495419,nws_retro_v30
1996-03-14,13.222499704454094,nws_retro_v30
1996-03-15,12.793749714037403,nws_retro_v30
1996-03-16,12.136249728733674,nws_retro_v30
1996-03-17,10.355416435205067,nws_retro_v30
1996-03-18,9.063333130752047,nws_retro_v30
1996-03-19,8.089999819174409,nws_retro_v30
1996-03-20,6.817916514274354,nws_retro_v30
1996-03-21,6.417083189900343,nws_retro_v30
1996-03-22,6.363333191101749,nws_retro_v30
1996-03-23,6.382916523997362,nws_retro_v30
1996-03-24,5.654583206943546,nws_retro_v30
1996-03-25,5.5491665426331265,nws_retro_v30
1996-03-26,4.992916555066283,nws_retro_v30
1996-03-27,4.983333221947153,nws_retro_v30
1996-03-28,7.612083163190012,nws_retro_v30
1996-03-29,5.06041655355754,nws_retro_v30
1996-03-30,4.47916656654949,nws_retro_v30
1996-03-31,4.737499894108623,nws_retro_v30
1996-04-01,18.666666249434154,nws_retro_v30
1996-04-02,7.818333158579965,nws_retro_v30
1996-04-03,5.074583219907557,nws_retro_v30
1996-04-04,4.656249895924702,nws_retro_v30
1996-04-05,4.187916573059435,nws_retro_v30
1996-04-06,3.895416579597319,nws_retro_v30
1996-04-07,3.664583251423513,nws_retro_v30
1996-04-08,3.565416586973394,nws_retro_v30
1996-04-09,3.5691665868895748,nws_retro_v30
1996-04-10,3.4749999223276973,nws_retro_v30
1996-04-11,3.325416592337812,nws_retro_v30
1996-04-12,3.2354165943494686,nws_retro_v30
1996-04-13,3.1116665971154966,nws_retro_v30
1996-04-14,3.056249931687489,nws_retro_v30
1996-04-15,3.1541665961655476,nws_retro_v30
1996-04-16,4.37749990215525,nws_retro_v30
1996-04-17,3.5620832537145666,nws_retro_v30
1996-04-18,5.672499873209745,nws_retro_v30
1996-04-19,3.2599999271333218,nws_retro_v30
1996-04-20,3.242083260867124,nws_retro_v30
1996-04-21,3.0579165983169028,nws_retro_v30
1996-04-22,3.0216665991271534,nws_retro_v30
1996-04-23,2.922916601334388,nws_retro_v30
1996-04-24,2.8474999363534153,nws_retro_v30
1996-04-25,2.7966666041562953,nws_retro_v30
1996-04-26,2.730833272294452,nws_retro_v30
1996-04-27,2.679999940097332,nws_retro_v30
1996-04-28,2.6462499408517033,nws_retro_v30
1996-04-29,2.6120832749487213,nws_retro_v30
1996-04-30,2.5766666090736785,nws_retro_v30
1996-05-01,2.5499999430030584,nws_retro_v30
1996-05-02,2.5224999436177313,nws_retro_v30
1996-05-03,2.4949999442324042,nws_retro_v30
1996-05-04,2.4687499448191375,nws_retro_v30
1996-05-05,2.440833278776457,nws_retro_v30
1996-05-06,2.4141666127058365,nws_retro_v30
1996-05-07,2.3883332799499235,nws_retro_v30
1996-05-08,2.361666613879303,nws_retro_v30
1996-05-09,2.3362499477807432,nws_retro_v30
1996-05-10,2.31166661499689,nws_retro_v30
1996-05-11,2.287499948870391,nws_retro_v30
1996-05-12,2.2624999494291846,nws_retro_v30
1996-05-13,2.2399999499320984,nws_retro_v30
1996-05-14,2.216249950462952,nws_retro_v30
1996-05-15,3.942499911878258,nws_retro_v30
1996-05-16,17.948749598814175,nws_retro_v30
1996-05-17,3.3391665920304754,nws_retro_v30
1996-05-18,2.5383332765971622,nws_retro_v30
1996-05-19,2.214166617176185,nws_retro_v30
1996-05-20,2.136666618908445,nws_retro_v30
1996-05-21,2.289583282157158,nws_retro_v30
1996-05-22,2.269166615946839,nws_retro_v30
1996-05-23,2.068333287102481,nws_retro_v30
1996-05-24,2.0541666207524636,nws_retro_v30
1996-05-25,2.024166621423016,nws_retro_v30
1996-05-26,2.0112499550450593,nws_retro_v30
1996-05-27,2.002499955240637,nws_retro_v30
1996-05-28,1.980833289058258,nws_retro_v30
1996-05-29,1.9574999562464654,nws_retro_v30
1996-05-30,1.9395832899802674,nws_retro_v30
1996-05-31,1.9216666237140696,nws_retro_v30
1996-06-01,1.905416624077285,nws_retro_v30
1996-06-02,1.8883332911257942,nws_retro_v30
1996-06-03,1.8737499581184238,nws_retro_v30
1996-06-04,1.8566666251669328,nws_retro_v30
1996-06-05,1.8395832922154416,nws_retro_v30
1996-06-06,1.8241666258933644,nws_retro_v30
1996-06-07,1.8074999595992267,nws_retro_v30
1996-06-08,1.7929166265918564,nws_retro_v30
1996-06-09,1.7758332936403651,nws_retro_v30
1996-06-10,1.7612499606329948,nws_retro_v30
1996-06-11,1.745416627653564,nws_retro_v30
1996-06-12,1.7308332946461935,nws_retro_v30
1996-06-13,1.7149999616667628,nws_retro_v30
1996-06-14,1.7004166286593925,nws_retro_v30
1996-06-15,1.6854166289946686,nws_retro_v30
1996-06-16,1.670833295987298,nws_retro_v30
1996-06-17,1.6558332963225741,nws_retro_v30
1996-06-18,1.642083296629911,nws_retro_v30
1996-06-19,1.6266666303078334,nws_retro_v30
1996-06-20,1.6137499639298767,nws_retro_v30
1996-06-21,1.5987499642651528,nws_retro_v30
1996-06-22,1.5854166312298428,nws_retro_v30
1996-06-23,1.572499964851886,nws_retro_v30
1996-06-24,1.5574999651871622,nws_retro_v30
1996-06-25,1.544999965466559,nws_retro_v30
1996-06-26,1.5324999657459557,nws_retro_v30
1996-06-27,1.5183332993959386,nws_retro_v30
1996-06-28,1.5058332996753354,nws_retro_v30
1996-06-29,1.4937499666120857,nws_retro_v30
1996-06-30,1.4812499668914823,nws_retro_v30
1996-07-01,1.467499967198819,nws_retro_v30
1996-07-02,1.4558333007929225,nws_retro_v30
1996-07-03,1.4441666343870263,nws_retro_v30
1996-07-04,1.4324999679811299,nws_retro_v30
1996-07-05,1.4204166349178804,nws_retro_v30
1996-07-06,1.407916635197277,nws_retro_v30
1996-07-07,1.396666635448734,nws_retro_v30
1996-07-08,1.3854166357001911,nws_retro_v30
1996-07-09,1.3745833026090015,nws_retro_v30
1996-07-10,1.3633333028604586,nws_retro_v30
1996-07-11,1.3524999697692692,nws_retro_v30
1996-07-12,1.3416666366780798,nws_retro_v30
1996-07-13,1.3312499702442437,nws_retro_v30
1996-07-14,1.3208333038104076,nws_retro_v30
1996-07-15,1.3099999707192185,nws_retro_v30
1996-07-16,1.2995833042853822,nws_retro_v30
1996-07-17,1.2895833045088996,nws_retro_v30
1996-07-18,1.279583304732417,nws_retro_v30
1996-07-19,1.2695833049559344,nws_retro_v30
1996-07-20,1.2599999718368051,nws_retro_v30
1996-07-21,1.2499999720603228,nws_retro_v30
1996-07-22,1.2404166389411937,nws_retro_v30
1996-07-23,1.2308333058220644,nws_retro_v30
1996-07-24,1.2216666393602889,nws_retro_v30
1996-07-25,1.2120833062411596,nws_retro_v30
1996-07-26,1.2033333064367375,nws_retro_v30
1996-07-27,1.1941666399749618,nws_retro_v30
1996-07-28,1.1854166401705395,nws_retro_v30
1996-07-29,1.1766666403661172,nws_retro_v30
1996-07-30,1.1683333072190483,nws_retro_v30
1996-07-31,1.1599999740719795,nws_retro_v30
1996-08-01,1.149999974295497,nws_retro_v30
1996-08-02,1.1420833078057815,nws_retro_v30
1996-08-03,1.1337499746587127,nws_retro_v30
1996-08-04,1.1262499748263508,nws_retro_v30
1996-08-05,1.1183333083366354,nws_retro_v30
1996-08-06,1.1099999751895666,nws_retro_v30
1996-08-07,1.1008333087277908,nws_retro_v30
1996-08-08,1.0937499755527824,nws_retro_v30
1996-08-09,1.0862499757204205,nws_retro_v30
1996-08-10,1.0795833092027654,nws_retro_v30
1996-08-11,1.0699999760836365,nws_retro_v30
1996-08-12,1.0624999762512743,nws_retro_v30
1996-08-13,1.0562499763909727,nws_retro_v30
1996-08-14,1.0495833098733176,nws_retro_v30
1996-08-15,1.0399999767541883,nws_retro_v30
1996-08-16,1.0333333102365334,nws_retro_v30
1996-08-17,1.0274999770335853,nws_retro_v30
1996-08-18,1.0199999772012234,nws_retro_v30
1996-08-19,1.0116666440541546,nws_retro_v30
1996-08-20,1.0062499775085598,nws_retro_v30
1996-08-21,0.9999999776482582,nws_retro_v30
1996-08-22,0.9908333111864825,nws_retro_v30
1996-08-23,0.9858333112982413,nws_retro_v30
1996-08-24,0.979999978095293,nws_retro_v30
1996-08-25,0.9708333116335172,nws_retro_v30
1996-08-26,0.9662499784026295,nws_retro_v30
1996-08-27,0.959999978542328,nws_retro_v30
1996-08-28,0.951666645395259,nws_retro_v30
1996-08-29,0.9474999788217247,nws_retro_v30
1996-08-30,0.9399999789893628,nws_retro_v30
1996-08-31,0.9337499791290611,nws_retro_v30
1996-09-01,0.92999997921288,nws_retro_v30
1996-09-02,0.9199999794363976,nws_retro_v30
1996-09-03,0.91666664617757,nws_retro_v30
1996-09-04,0.909999979659915,nws_retro_v30
1996-09-05,0.9029166464849064,nws_retro_v30
1996-09-06,0.899583313226079,nws_retro_v30
1996-09-07,0.8899999801069498,nws_retro_v30
1996-09-08,0.8866666468481222,nws_retro_v30
1996-09-09,0.8799999803304672,nws_retro_v30
1996-09-10,0.8745833137848725,nws_retro_v30
1996-09-11,0.8699999805539846,nws_retro_v30
1996-09-12,0.8624999807216227,nws_retro_v30
1996-09-13,0.8599999807775021,nws_retro_v30
1996-09-14,0.8508333143157264,nws_retro_v30
1996-09-15,0.8495833143436661,nws_retro_v30
1996-09-16,0.8399999812245369,nws_retro_v30
1996-09-17,0.8383333145951232,nws_retro_v30
1996-09-18,0.8299999814480543,nws_retro_v30
1996-09-19,0.8279166481612871,nws_retro_v30
1996-09-20,0.8199999816715717,nws_retro_v30
1996-09-21,0.8174999817274511,nws_retro_v30
1996-09-22,0.8099999818950891,nws_retro_v30
1996-09-23,0.8074999819509685,nws_retro_v30
1996-09-24,0.7999999821186066,nws_retro_v30
1996-09-25,0.7979166488318393,nws_retro_v30
1996-09-26,0.789999982342124,nws_retro_v30
1996-09-27,0.7883333157127103,nws_retro_v30
1996-09-28,0.7799999825656414,nws_retro_v30
1996-09-29,0.779583315908288,nws_retro_v30
1996-09-30,0.7699999827891588,nws_retro_v30
1996-10-01,0.7699999827891588,nws_retro_v30
1996-10-02,0.7604166496700296,nws_retro_v30
1996-10-03,0.7599999830126762,nws_retro_v30
1996-10-04,0.7524999831803143,nws_retro_v30
1996-10-05,0.7499999832361937,nws_retro_v30
1996-10-06,0.7449999833479524,nws_retro_v30
1996-10-07,0.7399999834597111,nws_retro_v30
1996-10-08,0.7374999835155904,nws_retro_v30
1996-10-09,0.7299999836832285,nws_retro_v30
1996-10-10,0.7299999836832285,nws_retro_v30
1996-10-11,0.7208333172214528,nws_retro_v30
1996-10-12,0.7199999839067459,nws_retro_v30
1996-10-13,0.7141666507037977,nws_retro_v30
1996-10-14,0.7099999841302633,nws_retro_v30
1996-10-15,0.7083333175008496,nws_retro_v30
1996-10-16,0.6999999843537807,nws_retro_v30
1996-10-17,0.6999999843537807,nws_retro_v30
1996-10-18,0.6929166511787722,nws_retro_v30
1996-10-19,0.6899999845772982,nws_retro_v30
1996-10-20,0.6879166512905309,nws_retro_v30
1996-10-21,0.6799999848008156,nws_retro_v30
1996-10-22,0.6799999848008156,nws_retro_v30
1996-10-23,0.673749984940514,nws_retro_v30
1996-10-24,0.669999985024333,nws_retro_v30
1996-10-25,0.669999985024333,nws_retro_v30
1996-10-26,0.6599999852478504,nws_retro_v30
1996-10-27,0.6599999852478504,nws_retro_v30
1996-10-28,0.6566666519890229,nws_retro_v30
1996-10-29,3.965833244690051,nws_retro_v30
1996-10-30,1.8058332929698129,nws_retro_v30
1996-10-31,0.7520833165229609,nws_retro_v30
1996-11-01,0.6466666522125403,nws_retro_v30
1996-11-02,0.6399999856948853,nws_retro_v30
1996-11-03,0.6316666525478164,nws_retro_v30
1996-11-04,0.6299999859184027,nws_retro_v30
1996-11-05,0.6299999859184027,nws_retro_v30
1996-11-06,0.6199999861419201,nws_retro_v30
1996-11-07,0.6199999861419201,nws_retro_v30
1996-11-08,0.6191666528272132,nws_retro_v30
1996-11-09,0.6099999863654375,nws_retro_v30
1996-11-10,0.6099999863654375,nws_retro_v30
1996-11-11,0.6091666530507306,nws_retro_v30
1996-11-12,0.5999999865889549,nws_retro_v30
1996-11-13,0.5999999865889549,nws_retro_v30
1996-11-14,0.5995833199316015,nws_retro_v30
1996-11-15,0.5899999868124723,nws_retro_v30
1996-11-16,0.5899999868124723,nws_retro_v30
1996-11-17,8.309166480942318,nws_retro_v30
1996-11-18,3.1916665953273573,nws_retro_v30
1996-11-19,1.5862499645445496,nws_retro_v30
1996-11-20,0.7908333156568309,nws_retro_v30
1996-11-21,0.9645833117732158,nws_retro_v30
1996-11-22,0.9708333116335174,nws_retro_v30
1996-11-23,0.8370833146230628,nws_retro_v30
1996-11-24,0.7729166493906329,nws_retro_v30
1996-11-25,0.7066666508714358,nws_retro_v30
1996-11-26,0.7033333176126083,nws_retro_v30
1996-11-27,0.667083318422859,nws_retro_v30
1996-11-28,0.6316666525478164,nws_retro_v30
1996-11-29,0.6033333198477825,nws_retro_v30
1996-11-30,0.5879166535257051,nws_retro_v30
1996-12-01,0.620833319456627,nws_retro_v30
1996-12-02,0.596249986672774,nws_retro_v30
1996-12-03,0.5691666539448003,nws_retro_v30
1996-12-04,0.564166654056559,nws_retro_v30
1996-12-05,8.46916647736604,nws_retro_v30
1996-12-06,2.784166604435692,nws_retro_v30
1996-12-07,1.3237499704118818,nws_retro_v30
1996-12-08,0.9687499783467501,nws_retro_v30
1996-12-09,9.319999791681767,nws_retro_v30
1996-12-10,59.31874867412262,nws_retro_v30
1996-12-11,10.888333089960119,nws_retro_v30
1996-12-12,17.31374961300753,nws_retro_v30
1996-12-13,10.24916643757994,nws_retro_v30
1996-12-14,6.357083191241448,nws_retro_v30
1996-12-15,6.422499856445938,nws_retro_v30
1996-12-16,6.676249850774184,nws_retro_v30
1996-12-17,5.780833204121639,nws_retro_v30
1996-12-18,5.322083214375501,nws_retro_v30
1996-12-19,5.422916545455034,nws_retro_v30
1996-12-20,6.285833192834009,nws_retro_v30
1996-12-21,69.94708176989418,nws_retro_v30
1996-12-22,44.33624900900759,nws_retro_v30
1996-12-23,17.42249961057678,nws_retro_v30
1996-12-24,16.004999642260373,nws_retro_v30
1996-12-25,14.504583009130632,nws_retro_v30
1996-12-26,24.569999450817704,nws_retro_v30
1996-12-27,31.071249305503443,nws_retro_v30
1996-12-28,17.21791628181624,nws_retro_v30
1996-12-29,41.9699990618974,nws_retro_v30
1996-12-30,65.84416519493486,nws_retro_v30
1996-12-31,47.36666560793916,nws_retro_v30
1997-01-01,104.23041433693531,nws_retro_v30
1997-01-02,114.24833077968408,nws_retro_v30
1997-01-03,53.86583212933814,nws_retro_v30
1997-01-04,29.03041601778629,nws_retro_v30
1997-01-05,35.00249921763316,nws_retro_v30
1997-01-06,22.093749506166205,nws_retro_v30
1997-01-07,17.4554162765077,nws_retro_v30
1997-01-08,17.023749619489536,nws_retro_v30
1997-01-09,16.04458297470895,nws_retro_v30
1997-01-10,14.275416347586239,nws_retro_v30
1997-01-11,13.255416370385015,nws_retro_v30
1997-01-12,18.35999958962202,nws_retro_v30
1997-01-13,14.743333003794154,nws_retro_v30
1997-01-14,12.604999718256295,nws_retro_v30
1997-01-15,32.33291594396966,nws_retro_v30
1997-01-16,13.865833023407808,nws_retro_v30
1997-01-17,11.394999745301902,nws_retro_v30
1997-01-18,10.523333098118504,nws_retro_v30
1997-01-19,9.583749785786495,nws_retro_v30
1997-01-20,31.91499928664416,nws_retro_v30
1997-01-21,33.825415910609685,nws_retro_v30
1997-01-22,62.144581944293655,nws_retro_v30
1997-01-23,50.019582215308525,nws_retro_v30
1997-01-24,24.097916128036257,nws_retro_v30
1997-01-25,97.55999781936407,nws_retro_v30
1997-01-26,63.89583190515017,nws_retro_v30
1997-01-27,30.59249931620434,nws_retro_v30
1997-01-28,25.46708276409966,nws_retro_v30
1997-01-29,23.749999469146132,nws_retro_v30
1997-01-30,20.44249954307452,nws_retro_v30
1997-01-31,17.9091662663656,nws_retro_v30
1997-02-01,16.274166302910697,nws_retro_v30
1997-02-02,13.683333027487,nws_retro_v30
1997-02-03,11.99791639849233,nws_retro_v30
1997-02-04,13.797916358259195,nws_retro_v30
1997-02-05,11.432916411121065,nws_retro_v30
1997-02-06,10.124166440373907,nws_retro_v30
1997-02-07,9.936249777907506,nws_retro_v30
1997-02-08,9.658333117452761,nws_retro_v30
1997-02-09,8.107916485440606,nws_retro_v30
1997-02-10,8.019583154081678,nws_retro_v30
1997-02-11,7.394166501394163,nws_retro_v30
1997-02-12,7.1937498392071575,nws_retro_v30
1997-02-13,6.006666532407205,nws_retro_v30
1997-02-14,5.527916543108101,nws_retro_v30
1997-02-15,5.514999876730144,nws_retro_v30
1997-02-16,5.514166543415437,nws_retro_v30
1997-02-17,6.399583190291499,nws_retro_v30
1997-02-18,5.710833205686261,nws_retro_v30
1997-02-19,4.8254165588102,nws_retro_v30
1997-02-20,5.023333221053083,nws_retro_v30
1997-02-21,4.4454165673038615,nws_retro_v30
1997-02-22,4.286249904194847,nws_retro_v30
1997-02-23,4.193333239605029,nws_retro_v30
1997-02-24,3.8599999137222767,nws_retro_v30
1997-02-25,3.629583252205824,nws_retro_v30
1997-02-26,3.6970832506970814,nws_retro_v30
1997-02-27,3.707083250473564,nws_retro_v30
1997-02-28,3.6191665857719877,nws_retro_v30
1997-03-01,3.5366665876160064,nws_retro_v30
1997-03-02,4.202916572724159,nws_retro_v30
1997-03-03,3.965416578032697,nws_retro_v30
1997-03-04,3.528333254468938,nws_retro_v30
1997-03-05,3.378333257821699,nws_retro_v30
1997-03-06,3.332083258855467,nws_retro_v30
1997-03-07,3.282916593287761,nws_retro_v30
1997-03-08,3.2170832614259175,nws_retro_v30
1997-03-09,3.121249930234626,nws_retro_v30
1997-03-10,3.0395832653933517,nws_retro_v30
1997-03-11,2.9933332664271197,nws_retro_v30
1997-03-12,2.950416600719715,nws_retro_v30
1997-03-13,2.9029166017814227,nws_retro_v30
1997-03-14,2.8629166026754924,nws_retro_v30
1997-03-15,2.828333270115157,nws_retro_v30
1997-03-16,2.961666600468258,nws_retro_v30
1997-03-17,5.829583203031992,nws_retro_v30
1997-03-18,2.9287499345373362,nws_retro_v30
1997-03-19,2.746249938616529,nws_retro_v30
1997-03-20,2.715416605972375,nws_retro_v30
1997-03-21,2.6862499399576336,nws_retro_v30
1997-03-22,2.659999940544367,nws_retro_v30
1997-03-23,2.6399999409914017,nws_retro_v30
1997-03-24,2.616666608179609,nws_retro_v30
1997-03-25,2.5762499424163257,nws_retro_v30
1997-03-26,2.5466666097442308,nws_retro_v30
1997-03-27,2.5195832770162574,nws_retro_v30
1997-03-28,2.4949999442324042,nws_retro_v30
1997-03-29,2.471249944763258,nws_retro_v30
1997-03-30,2.4462499453220516,nws_retro_v30
1997-03-31,2.420416612566138,nws_retro_v30
1997-04-01,2.3949999464675784,nws_retro_v30
1997-04-02,2.3724999469704926,nws_retro_v30
1997-04-03,2.3491666141586998,nws_retro_v30
1997-04-04,2.3224999480880797,nws_retro_v30
1997-04-05,2.2991666152762873,nws_retro_v30
1997-04-06,2.2758332824644945,nws_retro_v30
1997-04-07,2.2529166163100554,nws_retro_v30
1997-04-08,2.230416616812969,nws_retro_v30
1997-04-09,2.20874995063059,nws_retro_v30
1997-04-10,2.187083284448211,nws_retro_v30
1997-04-11,2.1654166182658323,nws_retro_v30
1997-04-12,2.143749952083454,nws_retro_v30
1997-04-13,2.1229166192157813,nws_retro_v30
1997-04-14,2.1020832863481096,nws_retro_v30
1997-04-15,2.0816666201377907,nws_retro_v30
1997-04-16,2.0616666205848255,nws_retro_v30
1997-04-17,2.0408332877171538,nws_retro_v30
1997-04-18,2.021666621478895,nws_retro_v30
1997-04-19,2.2549999495968223,nws_retro_v30
1997-04-20,2.0045832885274044,nws_retro_v30
1997-04-21,1.9649999560788274,nws_retro_v30
1997-04-22,1.9449999565258622,nws_retro_v30
1997-04-23,1.9254166236302506,nws_retro_v30
1997-04-24,1.9079166240214056,nws_retro_v30
1997-04-25,1.889999957755208,nws_retro_v30
1997-04-26,1.8724999581463635,nws_retro_v30
1997-04-27,1.854999958537519,nws_retro_v30
1997-04-28,1.8374999589286745,nws_retro_v30
1997-04-29,1.8208332926345367,nws_retro_v30
1997-04-30,1.8041666263403993,nws_retro_v30
1997-05-01,1.7866666267315547,nws_retro_v30
1997-05-02,1.7712499604094774,nws_retro_v30
1997-05-03,1.7549999607726932,nws_retro_v30
1997-05-04,1.738749961135909,nws_retro_v30
1997-05-05,1.723749961471185,nws_retro_v30
1997-05-06,1.7070832951770474,nws_retro_v30
1997-05-07,1.6933332954843838,nws_retro_v30
1997-05-08,1.6766666291902463,nws_retro_v30
1997-05-09,1.663333296154936,nws_retro_v30
1997-05-10,1.6474999631755054,nws_retro_v30
1997-05-11,1.6341666301401954,nws_retro_v30
1997-05-12,1.618749963818118,nws_retro_v30
1997-05-13,1.6049999641254544,nws_retro_v30
1997-05-14,1.5920832977474977,nws_retro_v30
1997-05-15,1.5770832980827738,nws_retro_v30
1997-05-16,1.5641666317048173,nws_retro_v30
1997-05-17,1.550833298669507,nws_retro_v30
1997-05-18,1.5370832989768435,nws_retro_v30
1997-05-19,1.5245832992562403,nws_retro_v30
1997-05-20,1.5124999661929905,nws_retro_v30
1997-05-21,1.4987499665003268,nws_retro_v30
1997-05-22,1.4862499667797238,nws_retro_v30
1997-05-23,1.5266666325430076,nws_retro_v30
1997-05-24,1.5124999661929905,nws_retro_v30
1997-05-25,1.4558333007929225,nws_retro_v30
1997-05-26,1.4379166345267247,nws_retro_v30
1997-05-27,1.4262499681208283,nws_retro_v30
1997-05-28,1.4145833017149319,nws_retro_v30
1997-05-29,1.403333301966389,nws_retro_v30
1997-05-30,1.3924999688751996,nws_retro_v30
1997-05-31,1.3812499691266567,nws_retro_v30
1997-06-01,1.3699999693781135,nws_retro_v30
1997-06-02,1.3587499696295708,nws_retro_v30
1997-06-03,1.3479166365383815,nws_retro_v30
1997-06-04,1.3379166367618989,nws_retro_v30
1997-06-05,1.3270833036707093,nws_retro_v30
1997-06-06,1.3166666372368734,nws_retro_v30
1997-06-07,1.3066666374603908,nws_retro_v30
1997-06-08,1.2962499710265547,nws_retro_v30
1997-06-09,1.2862499712500721,nws_retro_v30
1997-06-10,1.276666638130943,nws_retro_v30
1997-06-11,1.2670833050118138,nws_retro_v30
1997-06-12,1.2574999718926845,nws_retro_v30
1997-06-13,1.2479166387735556,nws_retro_v30
1997-06-14,1.2383333056544263,nws_retro_v30
1997-06-15,1.2291666391926508,nws_retro_v30
1997-06-16,1.219999972730875,nws_retro_v30
1997-06-17,1.210416639611746,nws_retro_v30
1997-06-18,1.2012499731499704,nws_retro_v30
1997-06-19,1.192499973345548,nws_retro_v30
1997-06-20,1.1837499735411259,nws_retro_v30
1997-06-21,1.175416640394057,nws_retro_v30
1997-06-22,1.167083307246988,nws_retro_v30
1997-06-23,1.1587499740999192,nws_retro_v30
1997-06-24,1.149999974295497,nws_retro_v30
1997-06-25,1.1408333078337212,nws_retro_v30
1997-06-26,1.132916641344006,nws_retro_v30
1997-06-27,1.125416641511644,nws_retro_v30
1997-06-28,1.117916641679282,nws_retro_v30
1997-06-29,1.1099999751895666,nws_retro_v30
1997-06-30,1.1004166420704375,nws_retro_v30
1997-07-01,1.093333308895429,nws_retro_v30
1997-07-02,1.0862499757204205,nws_retro_v30
1997-07-03,1.0795833092027654,nws_retro_v30
1997-07-04,1.0699999760836365,nws_retro_v30
1997-07-05,1.0629166429086279,nws_retro_v30
1997-07-06,1.0566666430483262,nws_retro_v30
1997-07-07,1.0499999765306711,nws_retro_v30
1997-07-08,1.0404166434115418,nws_retro_v30
1997-07-09,1.0341666435512402,nws_retro_v30
1997-07-10,1.0283333103482921,nws_retro_v30
1997-07-11,1.0199999772012234,nws_retro_v30
1997-07-12,1.012916644026215,nws_retro_v30
1997-07-13,1.0074999774806201,nws_retro_v30
1997-07-14,0.9999999776482582,nws_retro_v30
1997-07-15,0.9920833111585429,nws_retro_v30
1997-07-16,0.9870833112703016,nws_retro_v30
1997-07-17,0.979999978095293,nws_retro_v30
1997-07-18,0.972499978262931,nws_retro_v30
1997-07-19,0.9679166450320432,nws_retro_v30
1997-07-20,0.959999978542328,nws_retro_v30
1997-07-21,0.9537499786820263,nws_retro_v30
1997-07-22,0.9495833121084917,nws_retro_v30
1997-07-23,0.9399999789893628,nws_retro_v30
1997-07-24,0.9358333124158283,nws_retro_v30
1997-07-25,0.92999997921288,nws_retro_v30
1997-07-26,0.9224999793805182,nws_retro_v30
1997-07-27,0.9191666461216906,nws_retro_v30
1997-07-28,0.909999979659915,nws_retro_v30
1997-07-29,0.9054166464290271,nws_retro_v30
1997-07-30,0.8999999798834324,nws_retro_v30
1997-07-31,0.8924999800510705,nws_retro_v30
1997-08-01,0.8899999801069498,nws_retro_v30
1997-08-02,0.8799999803304672,nws_retro_v30
1997-08-03,0.8779166470437,nws_retro_v30
1997-08-04,0.8699999805539846,nws_retro_v30
1997-08-05,0.8658333139804503,nws_retro_v30
1997-08-06,0.8599999807775021,nws_retro_v30
1997-08-07,0.8545833142319074,nws_retro_v30
1997-08-08,0.8499999810010195,nws_retro_v30
1997-08-09,0.8433333144833645,nws_retro_v30
1997-08-10,0.8399999812245369,nws_retro_v30
1997-08-11,0.832499981392175,nws_retro_v30
1997-08-12,0.8299999814480543,nws_retro_v30
1997-08-13,0.822083314958339,nws_retro_v30
1997-08-14,0.8199999816715717,nws_retro_v30
1997-08-15,0.8116666485245029,nws_retro_v30
1997-08-16,0.8099999818950891,nws_retro_v30
1997-08-17,0.8016666487480203,nws_retro_v30
1997-08-18,0.7999999821186066,nws_retro_v30
1997-08-19,0.7924999822862446,nws_retro_v30
1997-08-20,0.8108333152097961,nws_retro_v30
1997-08-21,0.7991666488038996,nws_retro_v30
1997-08-22,0.7799999825656414,nws_retro_v30
1997-08-23,0.7745833160200467,nws_retro_v30
1997-08-24,0.7699999827891588,nws_retro_v30
1997-08-25,0.7658333162156244,nws_retro_v30
1997-08-26,0.7599999830126762,nws_retro_v30
1997-08-27,0.757916649725909,nws_retro_v30
1997-08-28,0.7499999832361937,nws_retro_v30
1997-08-29,0.7499999832361937,nws_retro_v30
1997-08-30,0.7404166501170645,nws_retro_v30
1997-08-31,0.7399999834597111,nws_retro_v30
1997-09-01,0.7333333169420561,nws_retro_v30
1997-09-02,0.7299999836832285,nws_retro_v30
1997-09-03,0.7266666504244009,nws_retro_v30
1997-09-04,0.7199999839067459,nws_retro_v30
1997-09-05,0.7199999839067459,nws_retro_v30
1997-09-06,0.7104166507876167,nws_retro_v30
1997-09-07,0.7099999841302633,nws_retro_v30
1997-09-08,0.7045833175846686,nws_retro_v30
1997-09-09,0.6999999843537807,nws_retro_v30
1997-09-10,0.6991666510390738,nws_retro_v30
1997-09-11,0.6899999845772982,nws_retro_v30
1997-09-12,0.6899999845772982,nws_retro_v30
1997-09-13,0.6845833180317035,nws_retro_v30
1997-09-14,0.6799999848008156,nws_retro_v30
1997-09-15,0.6799999848008156,nws_retro_v30
1997-09-16,0.6704166516816864,nws_retro_v30
1997-09-17,0.669999985024333,nws_retro_v30
1997-09-18,0.6666666517655054,nws_retro_v30
1997-09-19,0.6599999852478504,nws_retro_v30
1997-09-20,0.6599999852478504,nws_retro_v30
1997-09-21,0.6533333187301954,nws_retro_v30
1997-09-22,0.6499999854713678,nws_retro_v30
1997-09-23,0.6499999854713678,nws_retro_v30
1997-09-24,0.6408333190095922,nws_retro_v30
1997-09-25,0.6399999856948853,nws_retro_v30
1997-09-26,0.6387499857228249,nws_retro_v30
1997-09-27,0.6299999859184027,nws_retro_v30
1997-09-28,0.6299999859184027,nws_retro_v30
1997-09-29,0.627499985974282,nws_retro_v30
1997-09-30,0.6199999861419201,nws_retro_v30
1997-10-01,0.6199999861419201,nws_retro_v30
1997-10-02,0.6166666528830925,nws_retro_v30
1997-10-03,0.6099999863654375,nws_retro_v30
1997-10-04,0.6099999863654375,nws_retro_v30
1997-10-05,0.6066666531066099,nws_retro_v30
1997-10-06,0.5999999865889549,nws_retro_v30
1997-10-07,0.5999999865889549,nws_retro_v30
1997-10-08,0.5974999866448343,nws_retro_v30
1997-10-09,0.6087499863933772,nws_retro_v30
1997-10-10,0.5929166534139464,nws_retro_v30
1997-10-11,0.588749986840412,nws_retro_v30
1997-10-12,0.5799999870359898,nws_retro_v30
1997-10-13,0.5799999870359898,nws_retro_v30
1997-10-14,0.5799999870359898,nws_retro_v30
1997-10-15,0.5708333205742141,nws_retro_v30
1997-10-16,0.5699999872595072,nws_retro_v30
1997-10-17,0.5699999872595072,nws_retro_v30
1997-10-18,0.5633333207418522,nws_retro_v30
1997-10-19,0.5599999874830246,nws_retro_v30
1997-10-20,0.5599999874830246,nws_retro_v30
1997-10-21,0.5570833208815505,nws_retro_v30
1997-10-22,0.549999987706542,nws_retro_v30
1997-10-23,0.549999987706542,nws_retro_v30
1997-10-24,0.549999987706542,nws_retro_v30
1997-10-25,0.5412499879021198,nws_retro_v30
1997-10-26,0.5399999879300594,nws_retro_v30
1997-10-27,0.5399999879300594,nws_retro_v30
1997-10-28,0.5366666546712319,nws_retro_v30
1997-10-29,0.5299999881535769,nws_retro_v30
1997-10-30,0.5299999881535769,nws_retro_v30
1997-10-31,0.5299999881535769,nws_retro_v30
1997-11-01,0.5220833216638615,nws_retro_v30
1997-11-02,0.5199999883770943,nws_retro_v30
1997-11-03,0.5199999883770943,nws_retro_v30
1997-11-04,0.518749988405034,nws_retro_v30
1997-11-05,0.5099999886006117,nws_retro_v30
1997-11-06,0.5099999886006117,nws_retro_v30
1997-11-07,0.5099999886006117,nws_retro_v30
1997-11-08,0.5070833219991376,nws_retro_v30
1997-11-09,0.4999999888241291,nws_retro_v30
1997-11-10,0.5995833199316015,nws_retro_v30
1997-11-11,0.5224999883212149,nws_retro_v30
1997-11-12,0.497083322222655,nws_retro_v30
1997-11-13,0.6141666529389719,nws_retro_v30
1997-11-14,0.7016666509831945,nws_retro_v30
1997-11-15,0.8829166469319413,nws_retro_v30
1997-11-16,0.7033333176126083,nws_retro_v30
1997-11-17,0.4954166555932413,nws_retro_v30
1997-11-18,0.4799999892711639,nws_retro_v30
1997-11-19,0.5670833206580331,nws_retro_v30
1997-11-20,0.48624998913146555,nws_retro_v30
1997-11-21,0.4704166561520347,nws_retro_v30
1997-11-22,0.4699999894946813,nws_retro_v30
1997-11-23,0.47583332269762946,nws_retro_v30
1997-11-24,0.4699999894946813,nws_retro_v30
1997-11-25,0.48416665584469837,nws_retro_v30
1997-11-26,8.552083142179375,nws_retro_v30
1997-11-27,2.211249950574711,nws_retro_v30
1997-11-28,0.6429166522963593,nws_retro_v30
1997-11-29,0.5562499875668436,nws_retro_v30
1997-11-30,1.839999958872795,nws_retro_v30
1997-12-01,0.8466666477421919,nws_retro_v30
1997-12-02,0.6212499861139804,nws_retro_v30
1997-12-03,0.5695833206021538,nws_retro_v30
1997-12-04,0.5391666546153525,nws_retro_v30
1997-12-05,1.0645833095380415,nws_retro_v30
1997-12-06,0.6216666527713338,nws_retro_v30
1997-12-07,1.8445832921036829,nws_retro_v30
1997-12-08,1.142499974463135,nws_retro_v30
1997-12-09,0.8162499817553908,nws_retro_v30
1997-12-10,0.5837499869521707,nws_retro_v30
1997-12-11,0.4870833224461724,nws_retro_v30
1997-12-12,0.5808333203506967,nws_retro_v30
1997-12-13,0.4379166568784663,nws_retro_v30
1997-12-14,3.982083244326835,nws_retro_v30
1997-12-15,1.816249959403649,nws_retro_v30
1997-12-16,0.9866666446129481,nws_retro_v30
1997-12-17,0.7433333167185386,nws_retro_v30
1997-12-18,0.5720833205462744,nws_retro_v30
1997-12-19,0.5699999872595072,nws_retro_v30
1997-12-20,0.5166666551182667,nws_retro_v30
1997-12-21,0.5220833216638615,nws_retro_v30
1997-12-22,0.4929166556491206,nws_retro_v30
1997-12-23,0.46791665620791406,nws_retro_v30
1997-12-24,0.45083332325642306,nws_retro_v30
1997-12-25,0.4399999901652336,nws_retro_v30
1997-12-26,0.4416666567946474,nws_retro_v30
1997-12-27,0.4387499901931733,nws_retro_v30
1997-12-28,0.4312499903608113,nws_retro_v30
1997-12-29,0.42874999041669065,nws_retro_v30
1997-12-30,0.4199999906122684,nws_retro_v30
1997-12-31,0.4199999906122684,nws_retro_v30
1998-01-01,0.429999990388751,nws_retro_v30
1998-01-02,4.822916558866079,nws_retro_v30
1998-01-03,2.4516666118676462,nws_retro_v30
1998-01-04,6.6770831840888905,nws_retro_v30
1998-01-05,2.574166609129558,nws_retro_v30
1998-01-06,1.2099999729543924,nws_retro_v30
1998-01-07,2.5583332761501274,nws_retro_v30
1998-01-08,1.52333329928418,nws_retro_v30
1998-01-09,2.6279166079281517,nws_retro_v30
1998-01-10,9.802083114239698,nws_retro_v30
1998-01-11,6.2191665276574595,nws_retro_v30
1998-01-12,37.94583248517787,nws_retro_v30
1998-01-13,20.077499551232904,nws_retro_v30
1998-01-14,13.031249708728865,nws_retro_v30
1998-01-15,52.888748817844316,nws_retro_v30
1998-01-16,24.18583279273783,nws_retro_v30
1998-01-17,22.660416160166886,nws_retro_v30
1998-01-18,24.65458278226045,nws_retro_v30
1998-01-19,37.94291581857639,nws_retro_v30
1998-01-20,18.193749593337998,nws_retro_v30
1998-01-21,14.710416337863231,nws_retro_v30
1998-01-22,13.084999707527459,nws_retro_v30
1998-01-23,12.215833060288181,nws_retro_v30
1998-01-24,11.028333086830875,nws_retro_v30
1998-01-25,11.180833083422234,nws_retro_v30
1998-01-26,10.64874976198189,nws_retro_v30
1998-01-27,27.260832724006224,nws_retro_v30
1998-01-28,15.955416310035313,nws_retro_v30
1998-01-29,64.45624855929054,nws_retro_v30
1998-01-30,19.04291624102431,nws_retro_v30
1998-01-31,47.01083228255933,nws_retro_v30
1998-02-01,59.774165330609925,nws_retro_v30
1998-02-02,63.722498575691134,nws_retro_v30
1998-02-03,198.93707888674302,nws_retro_v30
1998-02-04,53.91249879496172,nws_retro_v30
1998-02-05,73.68083168643837,nws_retro_v30
1998-02-06,140.6974968551658,nws_retro_v30
1998-02-07,117.93166403068851,nws_retro_v30
1998-02-08,82.59708148714465,nws_retro_v30
1998-02-09,40.09583243712162,nws_retro_v30
1998-02-10,28.54374936199747,nws_retro_v30
1998-02-11,27.80624937848188,nws_retro_v30
1998-02-12,27.389999387785792,nws_retro_v30
1998-02-13,24.896666110182803,nws_retro_v30
1998-02-14,63.962081903669365,nws_retro_v30
1998-02-15,34.07541590502175,nws_retro_v30
1998-02-16,31.46208263010097,nws_retro_v30
1998-02-17,33.212499257642776,nws_retro_v30
1998-02-18,19.65583289399122,nws_retro_v30
1998-02-19,56.75083206485336,nws_retro_v30
1998-02-20,31.632499292958528,nws_retro_v30
1998-02-21,65.40458187142697,nws_retro_v30
1998-02-22,62.38708193887336,nws_retro_v30
1998-02-23,36.51833251708498,nws_retro_v30
1998-02-24,27.35916605514164,nws_retro_v30
1998-02-25,18.322916257117566,nws_retro_v30
1998-02-26,18.188332926792402,nws_retro_v30
1998-02-27,16.791249624686316,nws_retro_v30
1998-02-28,15.403749655699357,nws_retro_v30
1998-03-01,13.798749691573903,nws_retro_v30
1998-03-02,12.722499715629965,nws_retro_v30
1998-03-03,12.493749720742926,nws_retro_v30
1998-03-04,10.382083101275688,nws_retro_v30
1998-03-05,13.529166364266226,nws_retro_v30
1998-03-06,22.56208282903147,nws_retro_v30
1998-03-07,10.932916422296936,nws_retro_v30
1998-03-08,11.183333083366355,nws_retro_v30
1998-03-09,9.297083125527328,nws_retro_v30
1998-03-10,7.764583159781371,nws_retro_v30
1998-03-11,6.980416510642196,nws_retro_v30
1998-03-12,7.762083159837251,nws_retro_v30
1998-03-13,26.509999407455325,nws_retro_v30
1998-03-14,14.129999684169888,nws_retro_v30
1998-03-15,8.64833314002802,nws_retro_v30
1998-03-16,8.842499802354723,nws_retro_v30
1998-03-17,8.323333147292336,nws_retro_v30
1998-03-18,7.656666495526831,nws_retro_v30
1998-03-19,7.2712498374748975,nws_retro_v30
1998-03-20,6.767499848734587,nws_retro_v30
1998-03-21,6.41541652327093,nws_retro_v30
1998-03-22,7.532916498292859,nws_retro_v30
1998-03-23,8.644999806769192,nws_retro_v30
1998-03-24,28.21291603605884,nws_retro_v30
1998-03-25,13.897499689366668,nws_retro_v30
1998-03-26,9.469583121671652,nws_retro_v30
1998-03-27,8.04291648689347,nws_retro_v30
1998-03-28,10.461666432830194,nws_retro_v30
1998-03-29,8.364166479712972,nws_retro_v30
1998-03-30,6.54624985367991,nws_retro_v30
1998-03-31,14.103749684756622,nws_retro_v30
1998-04-01,12.38291638988691,nws_retro_v30
1998-04-02,8.079583152740573,nws_retro_v30
1998-04-03,20.46833287583043,nws_retro_v30
1998-04-04,15.494999653659761,nws_retro_v30
1998-04-05,9.735833115720501,nws_retro_v30
1998-04-06,8.539583142458772,nws_retro_v30
1998-04-07,10.170833105997493,nws_retro_v30
1998-04-08,6.767499848734587,nws_retro_v30
1998-04-09,6.840833180428793,nws_retro_v30
1998-04-10,6.022499865386635,nws_retro_v30
1998-04-11,8.371666479545334,nws_retro_v30
1998-04-12,7.028749842895195,nws_retro_v30
1998-04-13,14.305833013573041,nws_retro_v30
1998-04-14,9.309999791905284,nws_retro_v30
1998-04-15,7.546666497985522,nws_retro_v30
1998-04-16,5.87291653539675,nws_retro_v30
1998-04-17,5.0249998876824975,nws_retro_v30
1998-04-18,4.737916560765977,nws_retro_v30
1998-04-19,4.445833233961214,nws_retro_v30
1998-04-20,4.286249904194847,nws_retro_v30
1998-04-21,4.095833241784324,nws_retro_v30
1998-04-22,4.0262499100063,nws_retro_v30
1998-04-23,4.872499891091138,nws_retro_v30
1998-04-24,4.742916560654218,nws_retro_v30
1998-04-25,4.074999908916652,nws_retro_v30
1998-04-26,3.837916580882544,nws_retro_v30
1998-04-27,3.664583251423513,nws_retro_v30
1998-04-28,3.5887499197851866,nws_retro_v30
1998-04-29,3.5491665873366096,nws_retro_v30
1998-04-30,3.9474999117664993,nws_retro_v30
1998-05-01,5.19124988396652,nws_retro_v30
1998-05-02,4.49124989961274,nws_retro_v30
1998-05-03,3.5016665883983173,nws_retro_v30
1998-05-04,3.88583324647819,nws_retro_v30
1998-05-05,7.494166499158989,nws_retro_v30
1998-05-06,4.934166556379448,nws_retro_v30
1998-05-07,3.592916586358721,nws_retro_v30
1998-05-08,3.5120832548321537,nws_retro_v30
1998-05-09,3.3741665912481644,nws_retro_v30
1998-05-10,3.2341665943774083,nws_retro_v30
1998-05-11,3.1945832619288317,nws_retro_v30
1998-05-12,7.201249839039519,nws_retro_v30
1998-05-13,4.855416558139647,nws_retro_v30
1998-05-14,3.5112499215174466,nws_retro_v30
1998-05-15,3.3466665918628373,nws_retro_v30
1998-05-16,3.2445832608112446,nws_retro_v30
1998-05-17,3.128749930066988,nws_retro_v30
1998-05-18,3.0033332662036023,nws_retro_v30
1998-05-19,2.9991665996300676,nws_retro_v30
1998-05-20,2.9829165999932834,nws_retro_v30
1998-05-21,2.915416601502026,nws_retro_v30
1998-05-22,2.85416660287107,nws_retro_v30
1998-05-23,2.815833270394554,nws_retro_v30
1998-05-24,2.777499937918037,nws_retro_v30
1998-05-25,2.750833271847417,nws_retro_v30
1998-05-26,2.7266666057209172,nws_retro_v30
1998-05-27,2.869999935850501,nws_retro_v30
1998-05-28,5.215833216750373,nws_retro_v30
1998-05-29,6.028749865246937,nws_retro_v30
1998-05-30,3.0433332653095326,nws_retro_v30
1998-05-31,2.7020832729370645,nws_retro_v30
1998-06-01,2.698749939678237,nws_retro_v30
1998-06-02,2.6891666065591076,nws_retro_v30
1998-06-03,2.6541666073414185,nws_retro_v30
1998-06-04,2.629999941214919,nws_retro_v30
1998-06-05,2.5783332757030926,nws_retro_v30
1998-06-06,2.5320832767368606,nws_retro_v30
1998-06-07,2.5149999437853694,nws_retro_v30
1998-06-08,2.4829166111691543,nws_retro_v30
1998-06-09,2.4462499453220516,nws_retro_v30
1998-06-10,2.4083332795028887,nws_retro_v30
1998-06-11,2.382083280089622,nws_retro_v30
1998-06-12,2.357916613963122,nws_retro_v30
1998-06-13,2.3299999479204416,nws_retro_v30
1998-06-14,2.308333281738063,nws_retro_v30
1998-06-15,2.2866666155556836,nws_retro_v30
1998-06-16,2.2633332827438912,nws_retro_v30
1998-06-17,2.2420832832188657,nws_retro_v30
1998-06-18,2.2195832837217795,nws_retro_v30
1998-06-19,2.198333284196754,nws_retro_v30
1998-06-20,2.177083284671729,nws_retro_v30
1998-06-21,2.154583285174643,nws_retro_v30
1998-06-22,2.1341666189643247,nws_retro_v30
1998-06-23,2.114166619411359,nws_retro_v30
1998-06-24,2.0941666198583944,nws_retro_v30
1998-06-25,2.0741666203054288,nws_retro_v30
1998-06-26,2.0545832874098173,nws_retro_v30
1998-06-27,2.0349999545142055,nws_retro_v30
1998-06-28,2.0154166216185936,nws_retro_v30
1998-06-29,1.9962499553803355,nws_retro_v30
1998-06-30,1.9774999557994308,nws_retro_v30
1998-07-01,1.9587499562185258,nws_retro_v30
1998-07-02,1.9404166232949744,nws_retro_v30
1998-07-03,1.922083290371423,nws_retro_v30
1998-07-04,1.9045832907625782,nws_retro_v30
1998-07-05,1.8854166245243202,nws_retro_v30
1998-07-06,1.868333291572829,nws_retro_v30
1998-07-07,1.8508332919639845,nws_retro_v30
1998-07-08,1.834166625669847,nws_retro_v30
1998-07-09,1.8158332927462955,nws_retro_v30
1998-07-10,1.7999999597668648,nws_retro_v30
1998-07-11,1.784166626787434,nws_retro_v30
1998-07-12,1.766249960521236,nws_retro_v30
1998-07-13,1.7512499608565122,nws_retro_v30
1998-07-14,1.734999961219728,nws_retro_v30
1998-07-15,1.7187499615829438,nws_retro_v30
1998-07-16,1.7041666285755734,nws_retro_v30
1998-07-17,1.6879166289387892,nws_retro_v30
1998-07-18,1.6737499625887722,nws_retro_v30
1998-07-19,1.6579166296093415,nws_retro_v30
1998-07-20,1.644166629916678,nws_retro_v30
1998-07-21,1.629166630251954,nws_retro_v30
1998-07-22,1.614999963901937,nws_retro_v30
1998-07-23,1.6012499642092735,nws_retro_v30
1998-07-24,1.586666631201903,nws_retro_v30
1998-07-25,1.5737499648239464,nws_retro_v30
1998-07-26,1.5599999651312828,nws_retro_v30
1998-07-27,1.5462499654386193,nws_retro_v30
1998-07-28,1.533749965718016,nws_retro_v30
1998-07-29,1.5208332993400593,nws_retro_v30
1998-07-30,1.5070832996473957,nws_retro_v30
1998-07-31,1.494999966584146,nws_retro_v30
1998-08-01,1.4829166335208959,nws_retro_v30
1998-08-02,1.4708333004576464,nws_retro_v30
1998-08-03,1.4574999674223363,nws_retro_v30
1998-08-04,1.4462499676737934,nws_retro_v30
1998-08-05,1.434583301267897,nws_retro_v30
1998-08-06,1.422916634862001,nws_retro_v30
1998-08-07,1.411666635113458,nws_retro_v30
1998-08-08,1.399583302050208,nws_retro_v30
1998-08-09,1.388333302301665,nws_retro_v30
1998-08-10,1.3774999692104757,nws_retro_v30
1998-08-11,1.3666666361192863,nws_retro_v30
1998-08-12,1.3558333030280967,nws_retro_v30
1998-08-13,1.3449999699369073,nws_retro_v30
1998-08-14,1.3345833035030712,nws_retro_v30
1998-08-15,1.3241666370692353,nws_retro_v30
1998-08-16,1.3141666372927527,nws_retro_v30
1998-08-17,1.3037499708589169,nws_retro_v30
1998-08-18,1.293749971082434,nws_retro_v30
1998-08-19,1.2837499713059515,nws_retro_v30
1998-08-20,1.2741666381868224,nws_retro_v30
1998-08-21,1.2645833050676931,nws_retro_v30
1998-08-22,1.2549999719485638,nws_retro_v30
1998-08-23,1.245416638829435,nws_retro_v30
1998-08-24,1.2362499723676592,nws_retro_v30
1998-08-25,1.2270833059058834,nws_retro_v30
1998-08-26,1.2179166394441079,nws_retro_v30
1998-08-27,1.2091666396396856,nws_retro_v30
1998-08-28,1.19999997317791,nws_retro_v30
1998-08-29,1.1904166400587808,nws_retro_v30
1998-08-30,1.1816666402543585,nws_retro_v30
1998-08-31,1.1733333071072896,nws_retro_v30
1998-09-01,1.1649999739602208,nws_retro_v30
1998-09-02,1.1570833074705054,nws_retro_v30
1998-09-03,1.1491666409807901,nws_retro_v30
1998-09-04,1.1399999745190144,nws_retro_v30
1998-09-05,1.131249974714592,nws_retro_v30
1998-09-06,1.1237499748822302,nws_retro_v30
1998-09-07,1.1162499750498682,nws_retro_v30
1998-09-08,1.1087499752175063,nws_retro_v30
1998-09-09,1.099999975413084,nws_retro_v30
1998-09-10,1.0916666422660153,nws_retro_v30
1998-09-11,1.0849999757483602,nws_retro_v30
1998-09-12,1.078333309230705,nws_retro_v30
1998-09-13,1.0699999760836365,nws_retro_v30
1998-09-14,1.0616666429365675,nws_retro_v30
1998-09-15,1.055416643076266,nws_retro_v30
1998-09-16,1.0491666432159643,nws_retro_v30
1998-09-17,1.0399999767541883,nws_retro_v30
1998-09-18,1.0329166435791801,nws_retro_v30
1998-09-19,1.0274999770335853,nws_retro_v30
1998-09-20,1.0199999772012234,nws_retro_v30
1998-09-21,1.0116666440541546,nws_retro_v30
1998-09-22,1.0062499775085598,nws_retro_v30
1998-09-23,0.9999999776482582,nws_retro_v30
1998-09-24,0.991249977843836,nws_retro_v30
1998-09-25,0.9862499779555947,nws_retro_v30
1998-09-26,0.979999978095293,nws_retro_v30
1998-09-27,0.9716666449482241,nws_retro_v30
1998-09-28,0.9674999783746898,nws_retro_v30
1998-09-29,0.959999978542328,nws_retro_v30
1998-09-30,0.9533333120246729,nws_retro_v30
1998-10-01,0.9491666454511383,nws_retro_v30
1998-10-02,0.9399999789893628,nws_retro_v30
1998-10-03,0.9354166457584748,nws_retro_v30
1998-10-04,0.92999997921288,nws_retro_v30
1998-10-05,0.9220833127231648,nws_retro_v30
1998-10-06,0.9187499794643372,nws_retro_v30
1998-10-07,0.909999979659915,nws_retro_v30
1998-10-08,0.9054166464290271,nws_retro_v30
1998-10-09,0.8999999798834324,nws_retro_v30
1998-10-10,0.8924999800510705,nws_retro_v30
1998-10-11,0.8899999801069498,nws_retro_v30
1998-10-12,0.8799999803304672,nws_retro_v30
1998-10-13,0.8779166470437,nws_retro_v30
1998-10-14,0.8699999805539846,nws_retro_v30
1998-10-15,0.8662499806378037,nws_retro_v30
1998-10-16,0.8599999807775021,nws_retro_v30
1998-10-17,0.8545833142319074,nws_retro_v30
1998-10-18,0.8499999810010195,nws_retro_v30
1998-10-19,0.8437499811407179,nws_retro_v30
1998-10-20,0.8399999812245369,nws_retro_v30
1998-10-21,0.8329166480495284,nws_retro_v30
1998-10-22,0.8299999814480543,nws_retro_v30
1998-10-23,0.8224999816156924,nws_retro_v30
1998-10-24,1.2220833060176421,nws_retro_v30
1998-10-25,0.9924999778158963,nws_retro_v30
1998-10-26,0.824999981559813,nws_retro_v30
1998-10-27,0.8041666486921409,nws_retro_v30
1998-10-28,0.7999999821186066,nws_retro_v30
1998-10-29,0.792916648943598,nws_retro_v30
1998-10-30,0.789999982342124,nws_retro_v30
1998-10-31,0.7841666491391758,nws_retro_v30
1998-11-01,0.7799999825656414,nws_retro_v30
1998-11-02,0.7754166493347535,nws_retro_v30
1998-11-03,0.7699999827891588,nws_retro_v30
1998-11-04,0.7666666495303313,nws_retro_v30
1998-11-05,0.7599999830126762,nws_retro_v30
1998-11-06,0.7633333162715038,nws_retro_v30
1998-11-07,1.1429166411204885,nws_retro_v30
1998-11-08,0.9924999778158963,nws_retro_v30
1998-11-09,0.7649999829009175,nws_retro_v30
1998-11-10,0.7412499834317714,nws_retro_v30
1998-11-11,0.7345833169141164,nws_retro_v30
1998-11-12,0.7299999836832285,nws_retro_v30
1998-11-13,0.7279166503964613,nws_retro_v30
1998-11-14,0.7199999839067459,nws_retro_v30
1998-11-15,0.7199999839067459,nws_retro_v30
1998-11-16,0.711666650759677,nws_retro_v30
1998-11-17,0.712499984074384,nws_retro_v30
1998-11-18,0.7062499842140824,nws_retro_v30
1998-11-19,0.6999999843537807,nws_retro_v30
1998-11-20,0.6999999843537807,nws_retro_v30
1998-11-21,0.6916666512067119,nws_retro_v30
1998-11-22,0.7362499835435301,nws_retro_v30
1998-11-23,0.7704166494465122,nws_retro_v30
1998-11-24,0.6912499845493585,nws_retro_v30
1998-11-25,0.7033333176126083,nws_retro_v30
1998-11-26,0.6758333182272812,nws_retro_v30
1998-11-27,0.6820833180875828,nws_retro_v30
1998-11-28,0.8033333153774341,nws_retro_v30
1998-11-29,3.0312499322462827,nws_retro_v30
1998-11-30,3.349999925121665,nws_retro_v30
1998-12-01,1.1866666401425998,nws_retro_v30
1998-12-02,0.793749982258305,nws_retro_v30
1998-12-03,0.9762499781791121,nws_retro_v30
1998-12-04,0.8012499820906669,nws_retro_v30
1998-12-05,0.7029166509552548,nws_retro_v30
1998-12-06,0.9145833128908029,nws_retro_v30
1998-12-07,0.7599999830126762,nws_retro_v30
1998-12-08,0.7933333156009515,nws_retro_v30
1998-12-09,0.7358333168861767,nws_retro_v30
1998-12-10,0.6741666515978674,nws_retro_v30
1998-12-11,0.6487499854993075,nws_retro_v30
1998-12-12,0.6399999856948853,nws_retro_v30
1998-12-13,0.6445833189257731,nws_retro_v30
1998-12-14,0.6441666522684196,nws_retro_v30
1998-12-15,0.627499985974282,nws_retro_v30
1998-12-16,0.6149999862536788,nws_retro_v30
1998-12-17,0.6099999863654375,nws_retro_v30
1998-12-18,0.6020833198757222,nws_retro_v30
1998-12-19,0.5999999865889549,nws_retro_v30
1998-12-20,0.5999999865889549,nws_retro_v30
1998-12-21,0.5974999866448343,nws_retro_v30
1998-12-22,0.5912499867845327,nws_retro_v30
1998-12-23,0.5916666534418861,nws_retro_v30
1998-12-24,0.5916666534418861,nws_retro_v30
1998-12-25,0.5870833202109983,nws_retro_v30
1998-12-26,0.5799999870359898,nws_retro_v30
1998-12-27,0.5799999870359898,nws_retro_v30
1998-12-28,0.5799999870359898,nws_retro_v30
1998-12-29,0.5712499872315675,nws_retro_v30
1998-12-30,0.5699999872595072,nws_retro_v30
1998-12-31,0.5699999872595072,nws_retro_v30
1999-01-01,0.5691666539448003,nws_retro_v30
1999-01-02,0.5599999874830246,nws_retro_v30
1999-01-03,0.5599999874830246,nws_retro_v30
1999-01-04,0.5599999874830246,nws_retro_v30
1999-01-05,0.5616666541124383,nws_retro_v30
1999-01-06,0.556666654224197,nws_retro_v30
1999-01-07,0.549999987706542,nws_retro_v30
1999-01-08,0.549999987706542,nws_retro_v30
1999-01-09,0.547083321105068,nws_retro_v30
1999-01-10,0.5399999879300594,nws_retro_v30
1999-01-11,0.5399999879300594,nws_retro_v30
1999-01-12,0.5399999879300594,nws_retro_v30
1999-01-13,0.5358333213565251,nws_retro_v30
1999-01-14,0.5299999881535769,nws_retro_v30
1999-01-15,0.5299999881535769,nws_retro_v30
1999-01-16,0.5299999881535769,nws_retro_v30
1999-01-17,0.5262499882373959,nws_retro_v30
1999-01-18,2.6095832750046006,nws_retro_v30
1999-01-19,2.378749946830794,nws_retro_v30
1999-01-20,9.824583113736784,nws_retro_v30
1999-01-21,8.500416476667548,nws_retro_v30
1999-01-22,2.658333273914953,nws_retro_v30
1999-01-23,10.265833103874078,nws_retro_v30
1999-01-24,4.491666566270093,nws_retro_v30
1999-01-25,2.5962499419692904,nws_retro_v30
1999-01-26,6.5495831869387375,nws_retro_v30
1999-01-27,5.450833211497714,nws_retro_v30
1999-01-28,3.759999915957451,nws_retro_v30
1999-01-29,3.3791665911364057,nws_retro_v30
1999-01-30,3.2645832603642098,nws_retro_v30
1999-01-31,23.207916147929307,nws_retro_v30
1999-02-01,8.315833147459974,nws_retro_v30
1999-02-02,4.68499989528209,nws_retro_v30
1999-02-03,4.392499901819974,nws_retro_v30
1999-02-04,8.023333153997859,nws_retro_v30
1999-02-05,5.7816665374363465,nws_retro_v30
1999-02-06,7.93999982252717,nws_retro_v30
1999-02-07,37.082082504484184,nws_retro_v30
1999-02-08,21.28416619092847,nws_retro_v30
1999-02-09,49.23166556625316,nws_retro_v30
1999-02-10,18.88083291131382,nws_retro_v30
1999-02-11,14.157916350212568,nws_retro_v30
1999-02-12,13.965416354515279,nws_retro_v30
1999-02-13,12.526666386673847,nws_retro_v30
1999-02-14,15.19333299373587,nws_retro_v30
1999-02-15,12.931249710964039,nws_retro_v30
1999-02-16,10.532916431237632,nws_retro_v30
1999-02-17,34.1241659039321,nws_retro_v30
1999-02-18,16.00708297554714,nws_retro_v30
1999-02-19,19.03916624110813,nws_retro_v30
1999-02-20,9.871666446017722,nws_retro_v30
1999-02-21,20.31083287935083,nws_retro_v30
1999-02-22,19.092082906592015,nws_retro_v30
1999-02-23,11.390833078728368,nws_retro_v30
1999-02-24,8.336666480327645,nws_retro_v30
1999-02-25,13.92916635532553,nws_retro_v30
1999-02-26,10.523749764775857,nws_retro_v30
1999-02-27,7.47499983292073,nws_retro_v30
1999-02-28,7.1504165068424,nws_retro_v30
1999-03-01,7.343749835854396,nws_retro_v30
1999-03-02,4.678749895421788,nws_retro_v30
1999-03-03,8.923333133881291,nws_retro_v30
1999-03-04,7.270833170817544,nws_retro_v30
1999-03-05,4.860416558027889,nws_retro_v30
1999-03-06,4.863749891286716,nws_retro_v30
1999-03-07,6.884999846108258,nws_retro_v30
1999-03-08,5.515833210044851,nws_retro_v30
1999-03-09,18.25833292522778,nws_retro_v30
1999-03-10,7.662083162072425,nws_retro_v30
1999-03-11,6.299583192526673,nws_retro_v30
1999-03-12,5.487916544002171,nws_retro_v30
1999-03-13,4.774999893270433,nws_retro_v30
1999-03-14,4.717499894555658,nws_retro_v30
1999-03-15,20.302499546203762,nws_retro_v30
1999-03-16,10.411666433947781,nws_retro_v30
1999-03-17,5.8445832026967155,nws_retro_v30
1999-03-18,5.555416542493428,nws_retro_v30
1999-03-19,8.130416484937692,nws_retro_v30
1999-03-20,9.024583131618177,nws_retro_v30
1999-03-21,7.563749830937013,nws_retro_v30
1999-03-22,6.432499856222421,nws_retro_v30
1999-03-23,11.708749738289043,nws_retro_v30
1999-03-24,7.289999837055802,nws_retro_v30
1999-03-25,27.873749376973137,nws_retro_v30
1999-03-26,10.492083098816996,nws_retro_v30
1999-03-27,6.593749852618203,nws_retro_v30
1999-03-28,5.352499880362302,nws_retro_v30
1999-03-29,4.804583225942527,nws_retro_v30
1999-03-30,4.7074998947791755,nws_retro_v30
1999-03-31,8.048749820096418,nws_retro_v30
1999-04-01,6.183749861782417,nws_retro_v30
1999-04-02,4.071249909000471,nws_retro_v30
1999-04-03,3.4183332569276295,nws_retro_v30
1999-04-04,2.9599999338388443,nws_retro_v30
1999-04-05,6.040833198310186,nws_retro_v30
1999-04-06,12.092916396368915,nws_retro_v30
1999-04-07,7.21833317199101,nws_retro_v30
1999-04-08,9.79499978106469,nws_retro_v30
1999-04-09,7.9116664898271365,nws_retro_v30
1999-04-10,4.504166565990697,nws_retro_v30
1999-04-11,17.679999604821205,nws_retro_v30
1999-04-12,11.323333080237111,nws_retro_v30
1999-04-13,6.265416526623691,nws_retro_v30
1999-04-14,4.960833222450067,nws_retro_v30
1999-04-15,4.164583240247642,nws_retro_v30
1999-04-16,4.108749908162281,nws_retro_v30
1999-04-17,3.8662499135825783,nws_retro_v30
1999-04-18,3.2929165930642434,nws_retro_v30
1999-04-19,2.9254166012785086,nws_retro_v30
1999-04-20,2.7595832716518394,nws_retro_v30
1999-04-21,2.5895832754516355,nws_retro_v30
1999-04-22,2.4949999442324042,nws_retro_v30
1999-04-23,2.3770832802013806,nws_retro_v30
1999-04-24,2.3099999483674765,nws_retro_v30
1999-04-25,2.332083281207209,nws_retro_v30
1999-04-26,2.354166614046941,nws_retro_v30
1999-04-27,2.3612499472219497,nws_retro_v30
1999-04-28,2.2791666157233217,nws_retro_v30
1999-04-29,2.2079166173158833,nws_retro_v30
1999-04-30,2.1595832850628844,nws_retro_v30
1999-05-01,2.1395832855099193,nws_retro_v30
1999-05-02,2.1212499525863677,nws_retro_v30
1999-05-03,2.113749952754006,nws_retro_v30
1999-05-04,2.112083286124592,nws_retro_v30
1999-05-05,2.059166620640705,nws_retro_v30
1999-05-06,2.0270832880244902,nws_retro_v30
1999-05-07,2.0074999551288784,nws_retro_v30
1999-05-08,1.98833328889062,nws_retro_v30
1999-05-09,1.9687499559950086,nws_retro_v30
1999-05-10,1.94958328975675,nws_retro_v30
1999-05-11,1.9283332902317245,nws_retro_v30
1999-05-12,1.9095832906508194,nws_retro_v30
1999-05-13,1.8912499577272683,nws_retro_v30
1999-05-14,1.8733332914610703,nws_retro_v30
1999-05-15,1.854999958537519,nws_retro_v30
1999-05-16,1.8362499589566141,nws_retro_v30
1999-05-17,1.8187499593477696,nws_retro_v30
1999-05-18,1.801249959738925,nws_retro_v30
1999-05-19,1.784166626787434,nws_retro_v30
1999-05-20,1.7658332938638825,nws_retro_v30
1999-05-21,1.749166627569745,nws_retro_v30
1999-05-22,1.7324999612756073,nws_retro_v30
1999-05-23,1.7149999616667628,nws_retro_v30
1999-05-24,1.6983332953726251,nws_retro_v30
1999-05-25,1.682916629050548,nws_retro_v30
1999-05-26,1.6658332960990567,nws_retro_v30
1999-05-27,1.6504166297769796,nws_retro_v30
1999-05-28,1.6345832967975487,nws_retro_v30
1999-05-29,1.6183332971607645,nws_retro_v30
1999-05-30,1.6041666308107476,nws_retro_v30
1999-05-31,1.58749996451661,nws_retro_v30
1999-06-01,1.5737499648239464,nws_retro_v30
1999-06-02,1.558333298501869,nws_retro_v30
1999-06-03,1.5499999653548002,nws_retro_v30
1999-06-04,1.5349999656900764,nws_retro_v30
1999-06-05,1.515833299451818,nws_retro_v30
1999-06-06,1.502916633073861,nws_retro_v30
1999-06-07,1.487499966751784,nws_retro_v30
1999-06-08,1.4745833003738273,nws_retro_v30
1999-06-09,1.4620833006532241,nws_retro_v30
1999-06-10,1.4474999676458538,nws_retro_v30
1999-06-11,1.435416634582604,nws_retro_v30
1999-06-12,1.422916634862001,nws_retro_v30
1999-06-13,1.409999968484044,nws_retro_v30
1999-06-14,1.3970833021060873,nws_retro_v30
1999-06-15,1.3854166357001911,nws_retro_v30
1999-06-16,1.3733333026369412,nws_retro_v30
1999-06-17,1.361666636231045,nws_retro_v30
1999-06-18,1.3491666365104418,nws_retro_v30
1999-06-19,1.3374999701045454,nws_retro_v30
1999-06-20,1.3262499703560024,nws_retro_v30
1999-06-21,1.3149999706074598,nws_retro_v30
1999-06-22,1.3041666375162702,nws_retro_v30
1999-06-23,1.2933333044250805,nws_retro_v30
1999-06-24,1.2824999713338912,nws_retro_v30
1999-06-25,1.2716666382427018,nws_retro_v30
1999-06-26,1.2612499718088654,nws_retro_v30
1999-06-27,1.2508333053750296,nws_retro_v30
1999-06-28,1.2404166389411937,nws_retro_v30
1999-06-29,1.2299999725073576,nws_retro_v30
1999-06-30,1.219999972730875,nws_retro_v30
1999-07-01,1.2099999729543924,nws_retro_v30
1999-07-02,1.2004166398352634,nws_retro_v30
1999-07-03,1.190833306716134,nws_retro_v30
1999-07-04,1.1812499735970052,nws_retro_v30
1999-07-05,1.171666640477876,nws_retro_v30
1999-07-06,1.1624999740161002,nws_retro_v30
1999-07-07,1.1533333075543244,nws_retro_v30
1999-07-08,1.1445833077499021,nws_retro_v30
1999-07-09,1.1358333079454799,nws_retro_v30
1999-07-10,1.1270833081410576,nws_retro_v30
1999-07-11,1.1187499749939889,nws_retro_v30
1999-07-12,1.1099999751895666,nws_retro_v30
1999-07-13,1.1004166420704375,nws_retro_v30
1999-07-14,1.0920833089233686,nws_retro_v30
1999-07-15,1.0841666424336533,nws_retro_v30
1999-07-16,1.0766666426012914,nws_retro_v30
1999-07-17,1.0691666427689295,nws_retro_v30
1999-07-18,1.0599999763071537,nws_retro_v30
1999-07-19,1.051666643160085,nws_retro_v30
1999-07-20,1.0445833099850763,nws_retro_v30
1999-07-21,1.0374999768100677,nws_retro_v30
1999-07-22,1.029999976977706,nws_retro_v30
1999-07-23,1.0208333105159302,nws_retro_v30
1999-07-24,1.0141666439982753,nws_retro_v30
1999-07-25,1.0074999774806201,nws_retro_v30
1999-07-26,0.9999999776482582,nws_retro_v30
1999-07-27,0.9916666445011894,nws_retro_v30
1999-07-28,0.9854166446408877,nws_retro_v30
1999-07-29,0.979999978095293,nws_retro_v30
1999-07-30,0.9699999783188104,nws_retro_v30
1999-07-31,0.9645833117732158,nws_retro_v30
1999-08-01,0.9591666452276212,nws_retro_v30
1999-08-02,0.9499999787658452,nws_retro_v30
1999-08-03,0.9441666455628971,nws_retro_v30
1999-08-04,0.9395833123320094,nws_retro_v30
1999-08-05,0.92999997921288,nws_retro_v30
1999-08-06,0.9237499793525785,nws_retro_v30
1999-08-07,0.9195833127790441,nws_retro_v30
1999-08-08,0.909999979659915,nws_retro_v30
1999-08-09,0.9058333130863806,nws_retro_v30
1999-08-10,0.8999999798834324,nws_retro_v30
1999-08-11,0.892083313393717,nws_retro_v30
1999-08-12,0.8887499801348895,nws_retro_v30
1999-08-13,0.8799999803304672,nws_retro_v30
1999-08-14,0.8754166470995793,nws_retro_v30
1999-08-15,0.8699999805539846,nws_retro_v30
1999-08-16,0.8624999807216227,nws_retro_v30
1999-08-17,0.8599999807775021,nws_retro_v30
1999-08-18,0.8499999810010195,nws_retro_v30
1999-08-19,0.8479166477142522,nws_retro_v30
1999-08-20,0.8399999812245369,nws_retro_v30
1999-08-21,0.8358333146510025,nws_retro_v30
1999-08-22,0.8299999814480543,nws_retro_v30
1999-08-23,0.8245833149024596,nws_retro_v30
1999-08-24,0.8199999816715717,nws_retro_v30
1999-08-25,0.8133333151539167,nws_retro_v30
1999-08-26,0.8099999818950891,nws_retro_v30
1999-08-27,0.8024999820627272,nws_retro_v30
1999-08-28,0.7999999821186066,nws_retro_v30
1999-08-29,0.7916666489715377,nws_retro_v30
1999-08-30,0.789999982342124,nws_retro_v30
1999-08-31,0.7816666491950551,nws_retro_v30
1999-09-01,0.7799999825656414,nws_retro_v30
1999-09-02,0.7720833160759261,nws_retro_v30
1999-09-03,0.7699999827891588,nws_retro_v30
1999-09-04,0.7620833162994435,nws_retro_v30
1999-09-05,0.7599999830126762,nws_retro_v30
1999-09-06,0.7533333164950212,nws_retro_v30
1999-09-07,0.7499999832361937,nws_retro_v30
1999-09-08,0.744583316690599,nws_retro_v30
1999-09-09,0.7399999834597111,nws_retro_v30
1999-09-10,0.7362499835435301,nws_retro_v30
1999-09-11,0.7299999836832285,nws_retro_v30
1999-09-12,0.7287499837111682,nws_retro_v30
1999-09-13,0.7199999839067459,nws_retro_v30
1999-09-14,0.7199999839067459,nws_retro_v30
1999-09-15,0.711666650759677,nws_retro_v30
1999-09-16,0.7099999841302633,nws_retro_v30
1999-09-17,0.7045833175846686,nws_retro_v30
1999-09-18,0.6999999843537807,nws_retro_v30
1999-09-19,0.698333317724367,nws_retro_v30
1999-09-20,0.6899999845772982,nws_retro_v30
1999-09-21,0.6899999845772982,nws_retro_v30
1999-09-22,0.6824999847449362,nws_retro_v30
1999-09-23,0.6799999848008156,nws_retro_v30
1999-09-24,0.6774999848566949,nws_retro_v30
1999-09-25,0.669999985024333,nws_retro_v30
1999-09-26,0.669999985024333,nws_retro_v30
1999-09-27,0.6624999851919711,nws_retro_v30
1999-09-28,0.6599999852478504,nws_retro_v30
1999-09-29,0.6583333186184367,nws_retro_v30
1999-09-30,0.6499999854713678,nws_retro_v30
1999-10-01,0.6499999854713678,nws_retro_v30
1999-10-02,0.6449999855831265,nws_retro_v30
1999-10-03,0.6399999856948853,nws_retro_v30
1999-10-04,0.6399999856948853,nws_retro_v30
1999-10-05,0.6316666525478164,nws_retro_v30
1999-10-06,0.6299999859184027,nws_retro_v30
1999-10-07,0.6291666526036958,nws_retro_v30
1999-10-08,0.6199999861419201,nws_retro_v30
1999-10-09,0.6199999861419201,nws_retro_v30
1999-10-10,0.6174999861977994,nws_retro_v30
1999-10-11,0.6099999863654375,nws_retro_v30
1999-10-12,0.6099999863654375,nws_retro_v30
1999-10-13,0.6062499864492565,nws_retro_v30
1999-10-14,0.5999999865889549,nws_retro_v30
1999-10-15,0.5999999865889549,nws_retro_v30
1999-10-16,0.5958333200154206,nws_retro_v30
1999-10-17,0.5899999868124723,nws_retro_v30
1999-10-18,0.5899999868124723,nws_retro_v30
1999-10-19,0.5862499868962914,nws_retro_v30
1999-10-20,0.5799999870359898,nws_retro_v30
1999-10-21,0.5799999870359898,nws_retro_v30
1999-10-22,0.5770833204345157,nws_retro_v30
1999-10-23,0.5699999872595072,nws_retro_v30
1999-10-24,0.5699999872595072,nws_retro_v30
1999-10-25,0.5687499872874469,nws_retro_v30
1999-10-26,0.5599999874830246,nws_retro_v30
1999-10-27,0.5599999874830246,nws_retro_v30
1999-10-28,0.5599999874830246,nws_retro_v30
1999-10-29,0.5512499876786023,nws_retro_v30
1999-10-30,0.549999987706542,nws_retro_v30
1999-10-31,0.549999987706542,nws_retro_v30
1999-11-01,0.5445833211609473,nws_retro_v30
1999-11-02,0.5399999879300594,nws_retro_v30
1999-11-03,0.5399999879300594,nws_retro_v30
1999-11-04,0.5379166546432922,nws_retro_v30
1999-11-05,0.5299999881535769,nws_retro_v30
1999-11-06,0.588749986840412,nws_retro_v30
1999-11-07,0.5474999877624214,nws_retro_v30
1999-11-08,5.023749887710437,nws_retro_v30
1999-11-09,0.9066666464010874,nws_retro_v30
1999-11-10,0.546249987790361,nws_retro_v30
1999-11-11,0.5195833217197409,nws_retro_v30
1999-11-12,0.5099999886006117,nws_retro_v30
1999-11-13,0.5099999886006117,nws_retro_v30
1999-11-14,0.5099999886006117,nws_retro_v30
1999-11-15,0.5058333220270773,nws_retro_v30
1999-11-16,0.5004166554814825,nws_retro_v30
1999-11-17,0.5174999884329736,nws_retro_v30
1999-11-18,0.4999999888241291,nws_retro_v30
1999-11-19,0.5987499866168946,nws_retro_v30
1999-11-20,1.014999977312982,nws_retro_v30
1999-11-21,0.5316666547829906,nws_retro_v30
1999-11-22,0.4899999890476465,nws_retro_v30
1999-11-23,0.48333332252999145,nws_retro_v30
1999-11-24,0.4799999892711639,nws_retro_v30
1999-11-25,0.4799999892711639,nws_retro_v30
1999-11-26,0.4799999892711639,nws_retro_v30
1999-11-27,0.47374998941086227,nws_retro_v30
1999-11-28,0.4699999894946813,nws_retro_v30
1999-11-29,0.4699999894946813,nws_retro_v30
1999-11-30,0.4812499892432242,nws_retro_v30
1999-12-01,0.4754166560402761,nws_retro_v30
1999-12-02,0.4599999897181988,nws_retro_v30
1999-12-03,0.4599999897181988,nws_retro_v30
1999-12-04,0.4599999897181988,nws_retro_v30
1999-12-05,0.4579166564314316,nws_retro_v30
1999-12-06,0.4499999899417162,nws_retro_v30
1999-12-07,0.4499999899417162,nws_retro_v30
1999-12-08,0.4499999899417162,nws_retro_v30
1999-12-09,0.4983333221947153,nws_retro_v30
1999-12-10,0.46208332300496596,nws_retro_v30
1999-12-11,0.4399999901652336,nws_retro_v30
1999-12-12,0.4399999901652336,nws_retro_v30
1999-12-13,0.4399999901652336,nws_retro_v30
1999-12-14,0.43749999022111297,nws_retro_v30
1999-12-15,0.429999990388751,nws_retro_v30
1999-12-16,0.429999990388751,nws_retro_v30
1999-12-17,0.429999990388751,nws_retro_v30
1999-12-18,0.429999990388751,nws_retro_v30
1999-12-19,0.4245833238431562,nws_retro_v30
1999-12-20,0.4199999906122684,nws_retro_v30
1999-12-21,0.4199999906122684,nws_retro_v30
1999-12-22,0.4199999906122684,nws_retro_v30
1999-12-23,0.4199999906122684,nws_retro_v30
1999-12-24,0.4133333240946133,nws_retro_v30
1999-12-25,0.4099999908357858,nws_retro_v30
1999-12-26,0.4099999908357858,nws_retro_v30
1999-12-27,0.4099999908357858,nws_retro_v30
1999-12-28,0.4099999908357858,nws_retro_v30
1999-12-29,0.4033333243181308,nws_retro_v30
1999-12-30,0.3999999910593033,nws_retro_v30
1999-12-31,0.3999999910593033,nws_retro_v30
2000-01-01,0.3999999910593033,nws_retro_v30
2000-01-02,0.3999999910593033,nws_retro_v30
2000-01-03,0.39458332451370853,nws_retro_v30
2000-01-04,0.3899999912828207,nws_retro_v30
2000-01-05,0.3899999912828207,nws_retro_v30
2000-01-06,0.3899999912828207,nws_retro_v30
2000-01-07,0.3899999912828207,nws_retro_v30
2000-01-08,0.38749999133870006,nws_retro_v30
2000-01-09,0.3799999915063381,nws_retro_v30
2000-01-10,0.4224999905563891,nws_retro_v30
2000-01-11,0.40041665771665674,nws_retro_v30
2000-01-12,0.47624998935498297,nws_retro_v30
2000-01-13,0.3799999915063381,nws_retro_v30
2000-01-14,0.3724999916739761,nws_retro_v30
2000-01-15,0.3699999917298555,nws_retro_v30
2000-01-16,0.7991666488038996,nws_retro_v30
2000-01-17,0.4304166570461045,nws_retro_v30
2000-01-18,3.001249932916835,nws_retro_v30
2000-01-19,1.5133332995076973,nws_retro_v30
2000-01-20,1.0662499761674553,nws_retro_v30
2000-01-21,0.6316666525478164,nws_retro_v30
2000-01-22,0.5320833214403441,nws_retro_v30
2000-01-23,7.864999824203551,nws_retro_v30
2000-01-24,22.13416617192949,nws_retro_v30
2000-01-25,44.247499010991305,nws_retro_v30
2000-01-26,8.717499805148691,nws_retro_v30
2000-01-27,6.1249998630955815,nws_retro_v30
2000-01-28,5.840416536123182,nws_retro_v30
2000-01-29,5.761249871226028,nws_retro_v30
2000-01-30,13.825833024301877,nws_retro_v30
2000-01-31,11.253333081801733,nws_retro_v30
2000-02-01,6.097916530367608,nws_retro_v30
2000-02-02,5.195833217197408,nws_retro_v30
2000-02-03,6.729166516258071,nws_retro_v30
2000-02-04,16.004166308945667,nws_retro_v30
2000-02-05,7.693333161373933,nws_retro_v30
2000-02-06,8.361666479768852,nws_retro_v30
2000-02-07,5.695833206021537,nws_retro_v30
2000-02-08,5.310833214626958,nws_retro_v30
2000-02-09,5.09666655274729,nws_retro_v30
2000-02-10,13.867916356694574,nws_retro_v30
2000-02-11,23.400832810283948,nws_retro_v30
2000-02-12,56.756248731398955,nws_retro_v30
2000-02-13,83.5104148000634,nws_retro_v30
2000-02-14,90.08333131981392,nws_retro_v30
2000-02-15,34.92541588602277,nws_retro_v30
2000-02-16,31.454999296925962,nws_retro_v30
2000-02-17,31.284582634068403,nws_retro_v30
2000-02-18,21.019999530166388,nws_retro_v30
2000-02-19,17.42249961057678,nws_retro_v30
2000-02-20,14.693749671569094,nws_retro_v30
2000-02-21,44.38166567465911,nws_retro_v30
2000-02-22,22.09208283953679,nws_retro_v30
2000-02-23,76.4387482914608,nws_retro_v30
2000-02-24,35.921665863754846,nws_retro_v30
2000-02-25,20.23791621431398,nws_retro_v30
2000-02-26,16.90958295537469,nws_retro_v30
2000-02-27,59.57458200173763,nws_retro_v30
2000-02-28,31.737499290611595,nws_retro_v30
2000-02-29,26.00083275216942,nws_retro_v30
2000-03-01,21.535832851969946,nws_retro_v30
2000-03-02,14.998749664751813,nws_retro_v30
2000-03-03,14.87374966754578,nws_retro_v30
2000-03-04,11.247083081941431,nws_retro_v30
2000-03-05,22.689166159524273,nws_retro_v30
2000-03-06,17.81124960188754,nws_retro_v30
2000-03-07,12.31874972465448,nws_retro_v30
2000-03-08,24.873332777371008,nws_retro_v30
2000-03-09,30.511665984677773,nws_retro_v30
2000-03-10,14.800416335851574,nws_retro_v30
2000-03-11,10.627499762456864,nws_retro_v30
2000-03-12,8.747916471135492,nws_retro_v30
2000-03-13,7.69291649471658,nws_retro_v30
2000-03-14,7.5758331640002625,nws_retro_v30
2000-03-15,6.849166513575862,nws_retro_v30
2000-03-16,5.5841665418508155,nws_retro_v30
2000-03-17,4.887083224098508,nws_retro_v30
2000-03-18,4.221666572305064,nws_retro_v30
2000-03-19,4.437499900814146,nws_retro_v30
2000-03-20,4.062499909196049,nws_retro_v30
2000-03-21,3.349166591806958,nws_retro_v30
2000-03-22,3.4791665889012315,nws_retro_v30
2000-03-23,3.644166585213194,nws_retro_v30
2000-03-24,3.4345832565644137,nws_retro_v30
2000-03-25,3.443749923026189,nws_retro_v30
2000-03-26,3.3220832590789846,nws_retro_v30
2000-03-27,3.2833332599451146,nws_retro_v30
2000-03-28,3.117499930318445,nws_retro_v30
2000-03-29,2.9145832681873194,nws_retro_v30
2000-03-30,2.7666666048268476,nws_retro_v30
2000-03-31,2.5416666098559895,nws_retro_v30
2000-04-01,2.4158332793352506,nws_retro_v30
2000-04-02,2.4062499462161213,nws_retro_v30
2000-04-03,2.424583279139673,nws_retro_v30
2000-04-04,2.4008332796705267,nws_retro_v30
2000-04-05,2.3883332799499235,nws_retro_v30
2000-04-06,2.3529166140748807,nws_retro_v30
2000-04-07,2.3129166149689504,nws_retro_v30
2000-04-08,2.2795832823806754,nws_retro_v30
2000-04-09,2.249166616393874,nws_retro_v30
2000-04-10,2.22083328369384,nws_retro_v30
2000-04-11,2.1904166177070388,nws_retro_v30
2000-04-12,2.167916618209953,nws_retro_v30
2000-04-13,2.8254166035136827,nws_retro_v30
2000-04-14,3.031666598903636,nws_retro_v30
2000-04-15,2.6520832740546516,nws_retro_v30
2000-04-16,2.269583282604193,nws_retro_v30
2000-04-17,16.221666304084163,nws_retro_v30
2000-04-18,3.970833244578292,nws_retro_v30
2000-04-19,2.3679166137396046,nws_retro_v30
2000-04-20,2.385833280005803,nws_retro_v30
2000-04-21,2.355833280676355,nws_retro_v30
2000-04-22,2.339166614382217,nws_retro_v30
2000-04-23,2.3612499472219497,nws_retro_v30
2000-04-24,2.19541661759528,nws_retro_v30
2000-04-25,2.1099999528378253,nws_retro_v30
2000-04-26,2.0612499539274722,nws_retro_v30
2000-04-27,2.0208332881641886,nws_retro_v30
2000-04-28,1.9949999554082751,nws_retro_v30
2000-04-29,1.9716666225964825,nws_retro_v30
2000-04-30,1.9424999565817416,nws_retro_v30
2000-05-01,1.9208332903993626,nws_retro_v30
2000-05-02,1.9037499574478713,nws_retro_v30
2000-05-03,1.8887499577831475,nws_retro_v30
2000-05-04,1.8745832914331306,nws_retro_v30
2000-05-05,1.8574999584816396,nws_retro_v30
2000-05-06,1.841666625502209,nws_retro_v30
2000-05-07,1.8249999592080712,nws_retro_v30
2000-05-08,1.9899999555200338,nws_retro_v30
2000-05-09,1.911666623937587,nws_retro_v30
2000-05-10,1.787083293388908,nws_retro_v30
2000-05-11,1.764166627234469,nws_retro_v30
2000-05-12,1.748333294255038,nws_retro_v30
2000-05-13,1.7345832945623745,nws_retro_v30
2000-05-14,1.7195832948976504,nws_retro_v30
2000-05-15,1.7054166285476338,nws_retro_v30
2000-05-16,1.6987499620299786,nws_retro_v30
2000-05-17,1.731249961303547,nws_retro_v30
2000-05-18,1.6637499628122896,nws_retro_v30
2000-05-19,1.6487499631475657,nws_retro_v30
2000-05-20,1.6354166301122557,nws_retro_v30
2000-05-21,1.622499963734299,nws_retro_v30
2000-05-22,1.6074999640695748,nws_retro_v30
2000-05-23,1.5945832976916183,nws_retro_v30
2000-05-24,1.5816666313136618,nws_retro_v30
2000-05-25,1.5670832983062912,nws_retro_v30
2000-05-26,1.554583298585688,nws_retro_v30
2000-05-27,1.5424999655224383,nws_retro_v30
2000-05-28,1.5274999658577144,nws_retro_v30
2000-05-29,1.5154166327944647,nws_retro_v30
2000-05-30,1.5033332997312148,nws_retro_v30
2000-05-31,1.4904166333532582,nws_retro_v30
2000-06-01,1.4770833003179478,nws_retro_v30
2000-06-02,1.4649999672546983,nws_retro_v30
2000-06-03,1.4533333008488019,nws_retro_v30
2000-06-04,1.4416666344429057,nws_retro_v30
2000-06-05,1.4283333014075954,nws_retro_v30
2000-06-06,1.4166666350016992,nws_retro_v30
2000-06-07,1.4049999685958028,nws_retro_v30
2000-06-08,1.4029166353090357,nws_retro_v30
2000-06-09,1.3979166354207944,nws_retro_v30
2000-06-10,1.3895833022737254,nws_retro_v30
2000-06-11,1.3620833028883983,nws_retro_v30
2000-06-12,1.3483333031957347,nws_retro_v30
2000-06-13,1.3370833034471918,nws_retro_v30
2000-06-14,1.326666637013356,nws_retro_v30
2000-06-15,1.3158333039221666,nws_retro_v30
2000-06-16,1.3054166374883305,nws_retro_v30
2000-06-17,1.2945833043971409,nws_retro_v30
2000-06-18,1.2845833046206583,nws_retro_v30
2000-06-19,1.2741666381868224,nws_retro_v30
2000-06-20,1.2641666384103396,nws_retro_v30
2000-06-21,1.254166638633857,nws_retro_v30
2000-06-22,1.2441666388573747,nws_retro_v30
2000-06-23,1.2345833057382454,nws_retro_v30
2000-06-24,1.2249999726191163,nws_retro_v30
2000-06-25,1.2154166394999872,nws_retro_v30
2000-06-26,1.2058333063808582,nws_retro_v30
2000-06-27,1.1966666399190824,nws_retro_v30
2000-06-28,1.1879166401146601,nws_retro_v30
2000-06-29,1.1787499736528846,nws_retro_v30
2000-06-30,1.169999973848462,nws_retro_v30
2000-07-01,1.1599999740719795,nws_retro_v30
2000-07-02,1.1512499742675573,nws_retro_v30
2000-07-03,1.1429166411204885,nws_retro_v30
2000-07-04,1.1345833079734196,nws_retro_v30
2000-07-05,1.1262499748263508,nws_retro_v30
2000-07-06,1.1183333083366354,nws_retro_v30
2000-07-07,1.1099999751895666,nws_retro_v30
2000-07-08,1.1004166420704375,nws_retro_v30
2000-07-09,1.0929166422380756,nws_retro_v30
2000-07-10,1.0854166424057137,nws_retro_v30
2000-07-11,1.078333309230705,nws_retro_v30
2000-07-12,1.0699999760836365,nws_retro_v30
2000-07-13,1.061249976279214,nws_retro_v30
2000-07-14,1.0541666431042056,nws_retro_v30
2000-07-15,1.0474999765865505,nws_retro_v30
2000-07-16,1.0399999767541883,nws_retro_v30
2000-07-17,1.0308333102924128,nws_retro_v30
2000-07-18,1.0245833104321111,nws_retro_v30
2000-07-19,1.0183333105718095,nws_retro_v30
2000-07-20,1.0099999774247408,nws_retro_v30
2000-07-21,1.0024999775923789,nws_retro_v30
2000-07-22,0.9966666443894306,nws_retro_v30
2000-07-23,0.9899999778717756,nws_retro_v30
2000-07-24,0.9812499780673534,nws_retro_v30
2000-07-25,0.9758333115217587,nws_retro_v30
2000-07-26,0.9699999783188104,nws_retro_v30
2000-07-27,0.9608333118570349,nws_retro_v30
2000-07-28,0.9562499786261469,nws_retro_v30
2000-07-29,0.9499999787658452,nws_retro_v30
2000-07-30,0.9416666456187764,nws_retro_v30
2000-07-31,0.9374999790452421,nws_retro_v30
2000-08-01,0.92999997921288,nws_retro_v30
2000-08-02,0.9233333126952251,nws_retro_v30
2000-08-03,0.9187499794643372,nws_retro_v30
2000-08-04,0.909999979659915,nws_retro_v30
2000-08-05,0.9049999797716737,nws_retro_v30
2000-08-06,0.8999999798834324,nws_retro_v30
2000-08-07,0.8916666467363635,nws_retro_v30
2000-08-08,0.8887499801348895,nws_retro_v30
2000-08-09,0.8799999803304672,nws_retro_v30
2000-08-10,0.8762499804142863,nws_retro_v30
2000-08-11,0.8699999805539846,nws_retro_v30
2000-08-12,0.863749980693683,nws_retro_v30
2000-08-13,0.8599999807775021,nws_retro_v30
2000-08-14,0.8516666476304332,nws_retro_v30
2000-08-15,0.8499999810010195,nws_retro_v30
2000-08-16,0.8399999812245369,nws_retro_v30
2000-08-17,0.8387499812524766,nws_retro_v30
2000-08-18,0.8299999814480543,nws_retro_v30
2000-08-19,0.8274999815039337,nws_retro_v30
2000-08-20,0.8199999816715717,nws_retro_v30
2000-08-21,0.8166666484127442,nws_retro_v30
2000-08-22,0.8099999818950891,nws_retro_v30
2000-08-23,0.8062499819789082,nws_retro_v30
2000-08-24,0.7999999821186066,nws_retro_v30
2000-08-25,0.7962499822024256,nws_retro_v30
2000-08-26,0.789999982342124,nws_retro_v30
2000-08-27,0.7866666490832964,nws_retro_v30
2000-08-28,0.7799999825656414,nws_retro_v30
2000-08-29,0.7774999826215208,nws_retro_v30
2000-08-30,0.7699999827891588,nws_retro_v30
2000-08-31,0.7679166495023916,nws_retro_v30
2000-09-01,0.7599999830126762,nws_retro_v30
2000-09-02,0.7595833163553228,nws_retro_v30
2000-09-03,0.7499999832361937,nws_retro_v30
2000-09-04,0.7499999832361937,nws_retro_v30
2000-09-05,0.7416666500891248,nws_retro_v30
2000-09-06,0.7399999834597111,nws_retro_v30
2000-09-07,0.7337499835994095,nws_retro_v30
2000-09-08,0.7299999836832285,nws_retro_v30
2000-09-09,0.7266666504244009,nws_retro_v30
2000-09-10,0.7199999839067459,nws_retro_v30
2000-09-11,0.7199999839067459,nws_retro_v30
2000-09-12,0.7099999841302633,nws_retro_v30
2000-09-13,0.7099999841302633,nws_retro_v30
2000-09-14,0.7037499842699617,nws_retro_v30
2000-09-15,0.6999999843537807,nws_retro_v30
2000-09-16,0.6979166510670135,nws_retro_v30
2000-09-17,0.6899999845772982,nws_retro_v30
2000-09-18,0.6899999845772982,nws_retro_v30
2000-09-19,0.6824999847449362,nws_retro_v30
2000-09-20,0.6799999848008156,nws_retro_v30
2000-09-21,0.6779166515140483,nws_retro_v30
2000-09-22,0.669999985024333,nws_retro_v30
2000-09-23,0.669999985024333,nws_retro_v30
2000-09-24,0.663333318506678,nws_retro_v30
2000-09-25,0.6599999852478504,nws_retro_v30
2000-09-26,0.659583318590497,nws_retro_v30
2000-09-27,0.6499999854713678,nws_retro_v30
2000-09-28,0.6499999854713678,nws_retro_v30
2000-09-29,0.6466666522125403,nws_retro_v30
2000-09-30,0.6399999856948853,nws_retro_v30
2000-10-01,0.6399999856948853,nws_retro_v30
2000-10-02,0.634166652491937,nws_retro_v30
2000-10-03,0.6299999859184027,nws_retro_v30
2000-10-04,0.6299999859184027,nws_retro_v30
2000-10-05,0.6220833194286873,nws_retro_v30
2000-10-06,0.6199999861419201,nws_retro_v30
2000-10-07,0.6199999861419201,nws_retro_v30
2000-10-08,0.6108333196801444,nws_retro_v30
2000-10-09,0.6099999863654375,nws_retro_v30
2000-10-10,0.6179166528551528,nws_retro_v30
2000-10-11,0.6041666531624893,nws_retro_v30
2000-10-12,0.5999999865889549,nws_retro_v30
2000-10-13,0.5999999865889549,nws_retro_v30
2000-10-14,0.5904166534698257,nws_retro_v30
2000-10-15,0.5899999868124723,nws_retro_v30
2000-10-16,0.5899999868124723,nws_retro_v30
2000-10-17,0.5808333203506967,nws_retro_v30
2000-10-18,0.5799999870359898,nws_retro_v30
2000-10-19,0.5799999870359898,nws_retro_v30
2000-10-20,0.5724999872036278,nws_retro_v30
2000-10-21,0.5699999872595072,nws_retro_v30
2000-10-22,0.5699999872595072,nws_retro_v30
2000-10-23,0.5645833207139125,nws_retro_v30
2000-10-24,0.5599999874830246,nws_retro_v30
2000-10-25,0.5612499874550849,nws_retro_v30
2000-10-26,0.6358333191213509,nws_retro_v30
2000-10-27,0.6649999851360917,nws_retro_v30
2000-10-28,0.5616666541124383,nws_retro_v30
2000-10-29,0.757916649725909,nws_retro_v30
2000-10-30,0.6362499857787043,nws_retro_v30
2000-10-31,0.549999987706542,nws_retro_v30
2000-11-01,0.5399999879300594,nws_retro_v30
2000-11-02,0.539583321272706,nws_retro_v30
2000-11-03,0.5337499880697578,nws_retro_v30
2000-11-04,0.5299999881535769,nws_retro_v30
2000-11-05,0.5299999881535769,nws_retro_v30
2000-11-06,0.5233333216359218,nws_retro_v30
2000-11-07,0.5199999883770943,nws_retro_v30
2000-11-08,0.5199999883770943,nws_retro_v30
2000-11-09,0.5199999883770943,nws_retro_v30
2000-11-10,0.5145833218314996,nws_retro_v30
2000-11-11,0.5120833218873789,nws_retro_v30
2000-11-12,0.5099999886006117,nws_retro_v30
2000-11-13,0.5087499886285514,nws_retro_v30
2000-11-14,0.5029166554256032,nws_retro_v30
2000-11-15,0.4999999888241291,nws_retro_v30
2000-11-16,0.5012499887961894,nws_retro_v30
2000-11-17,0.4979166555373619,nws_retro_v30
2000-11-18,0.4899999890476465,nws_retro_v30
2000-11-19,0.4899999890476465,nws_retro_v30
2000-11-20,0.4899999890476465,nws_retro_v30
2000-11-21,0.48833332241823274,nws_retro_v30
2000-11-22,0.4799999892711639,nws_retro_v30
2000-11-23,0.4799999892711639,nws_retro_v30
2000-11-24,0.4799999892711639,nws_retro_v30
2000-11-25,0.4799999892711639,nws_retro_v30
2000-11-26,0.4699999894946813,nws_retro_v30
2000-11-27,0.4699999894946813,nws_retro_v30
2000-11-28,0.4699999894946813,nws_retro_v30
2000-11-29,0.5799999870359898,nws_retro_v30
2000-11-30,0.48958332239029306,nws_retro_v30
2000-12-01,0.4599999897181988,nws_retro_v30
2000-12-02,0.4599999897181988,nws_retro_v30
2000-12-03,0.4599999897181988,nws_retro_v30
2000-12-04,0.45708332311672467,nws_retro_v30
2000-12-05,0.4499999899417162,nws_retro_v30
2000-12-06,0.4499999899417162,nws_retro_v30
2000-12-07,0.4499999899417162,nws_retro_v30
2000-12-08,0.4499999899417162,nws_retro_v30
2000-12-09,0.4433333234240611,nws_retro_v30
2000-12-10,0.4399999901652336,nws_retro_v30
2000-12-11,0.4399999901652336,nws_retro_v30
2000-12-12,0.5029166554256032,nws_retro_v30
2000-12-13,0.447916656654949,nws_retro_v30
2000-12-14,0.45583332314466435,nws_retro_v30
2000-12-15,0.44249999010935426,nws_retro_v30
2000-12-16,0.429999990388751,nws_retro_v30
2000-12-17,0.429999990388751,nws_retro_v30
2000-12-18,0.429999990388751,nws_retro_v30
2000-12-19,0.4204166572696218,nws_retro_v30
2000-12-20,0.4199999906122684,nws_retro_v30
2000-12-21,0.4199999906122684,nws_retro_v30
2000-12-22,0.4199999906122684,nws_retro_v30
2000-12-23,0.4199999906122684,nws_retro_v30
2000-12-24,0.41249999077990646,nws_retro_v30
2000-12-25,0.4099999908357858,nws_retro_v30
2000-12-26,0.4099999908357858,nws_retro_v30
2000-12-27,0.4099999908357858,nws_retro_v30
2000-12-28,0.4099999908357858,nws_retro_v30
2000-12-29,0.40666665757695836,nws_retro_v30
2000-12-30,0.3999999910593033,nws_retro_v30
2000-12-31,0.3999999910593033,nws_retro_v30
2001-01-01,0.3999999910593033,nws_retro_v30
2001-01-02,0.3999999910593033,nws_retro_v30
2001-01-03,0.3999999910593033,nws_retro_v30
2001-01-04,0.3916666579122345,nws_retro_v30
2001-01-05,0.3899999912828207,nws_retro_v30
2001-01-06,0.3899999912828207,nws_retro_v30
2001-01-07,0.3899999912828207,nws_retro_v30
2001-01-08,0.6129166529669116,nws_retro_v30
2001-01-09,0.43916665685052675,nws_retro_v30
2001-01-10,1.2391666389691334,nws_retro_v30
2001-01-11,4.933749889722094,nws_retro_v30
2001-01-12,5.238749882904813,nws_retro_v30
2001-01-13,1.6599999628961086,nws_retro_v30
2001-01-14,0.8991666465687255,nws_retro_v30
2001-01-15,0.8054166486642013,nws_retro_v30
2001-01-16,0.5495833210491886,nws_retro_v30
2001-01-17,0.5237499882932752,nws_retro_v30
2001-01-18,0.4408333234799405,nws_retro_v30
2001-01-19,0.38416665807987255,nws_retro_v30
2001-01-20,0.4683333228652675,nws_retro_v30
2001-01-21,0.4295833237313975,nws_retro_v30
2001-01-22,0.45833332308878494,nws_retro_v30
2001-01-23,0.6733333182831606,nws_retro_v30
2001-01-24,2.62041660809579,nws_retro_v30
2001-01-25,0.944999978877604,nws_retro_v30
2001-01-26,5.164166551238547,nws_retro_v30
2001-01-27,1.5145832994797577,nws_retro_v30
2001-01-28,0.6733333182831606,nws_retro_v30
2001-01-29,0.6404166523522387,nws_retro_v30
2001-01-30,0.6404166523522387,nws_retro_v30
2001-01-31,0.5391666546153525,nws_retro_v30
2001-02-01,0.40166665768871707,nws_retro_v30
2001-02-02,0.3995833244019498,nws_retro_v30
2001-02-03,0.4704166561520348,nws_retro_v30
2001-02-04,0.4429166567667077,nws_retro_v30
2001-02-05,0.40666665757695825,nws_retro_v30
2001-02-06,0.3887499913107604,nws_retro_v30
2001-02-07,0.3866666580239932,nws_retro_v30
2001-02-08,0.40083332437401015,nws_retro_v30
2001-02-09,1.2770833047882963,nws_retro_v30
2001-02-10,2.712083272713547,nws_retro_v30
2001-02-11,3.7916665819163122,nws_retro_v30
2001-02-12,8.09374981909059,nws_retro_v30
2001-02-13,3.53708325427336,nws_retro_v30
2001-02-14,1.635833296769609,nws_retro_v30
2001-02-15,1.5020832997591544,nws_retro_v30
2001-02-16,1.6799999624490738,nws_retro_v30
2001-02-17,1.470416633800293,nws_retro_v30
2001-02-18,3.4679165891526886,nws_retro_v30
2001-02-19,13.980416354180003,nws_retro_v30
2001-02-20,12.510416387037063,nws_retro_v30
2001-02-21,7.66749982861802,nws_retro_v30
2001-02-22,8.654583139888322,nws_retro_v30
2001-02-23,16.478749631671235,nws_retro_v30
2001-02-24,22.29666616829733,nws_retro_v30
2001-02-25,18.673332915951807,nws_retro_v30
2001-02-26,11.168333083701631,nws_retro_v30
2001-02-27,9.169583128377175,nws_retro_v30
2001-02-28,7.982083154919867,nws_retro_v30
2001-03-01,7.7899998258799314,nws_retro_v30
2001-03-02,11.322499746922404,nws_retro_v30
2001-03-03,9.28166645920525,nws_retro_v30
2001-03-04,36.09541585987123,nws_retro_v30
2001-03-05,40.09041577057602,nws_retro_v30
2001-03-06,19.373332900305588,nws_retro_v30
2001-03-07,13.535833030783882,nws_retro_v30
2001-03-08,10.75291642632025,nws_retro_v30
2001-03-09,10.439583099990463,nws_retro_v30
2001-03-10,8.79374980344437,nws_retro_v30
2001-03-11,7.554583164475237,nws_retro_v30
2001-03-12,7.089583174868797,nws_retro_v30
2001-03-13,6.28708319280607,nws_retro_v30
2001-03-14,5.200416550428296,nws_retro_v30
2001-03-15,4.287083237509553,nws_retro_v30
2001-03-16,4.377083235497897,nws_retro_v30
2001-03-17,3.712916583676512,nws_retro_v30
2001-03-18,3.1341665966125825,nws_retro_v30
2001-03-19,2.704583272881185,nws_retro_v30
2001-03-20,2.532499943394214,nws_retro_v30
2001-03-21,2.6741666068943837,nws_retro_v30
2001-03-22,2.548749943030998,nws_retro_v30
2001-03-23,2.4533332784970603,nws_retro_v30
2001-03-24,2.2799999490380287,nws_retro_v30
2001-03-25,4.686666561911504,nws_retro_v30
2001-03-26,2.661249940516427,nws_retro_v30
2001-03-27,1.8704166248595964,nws_retro_v30
2001-03-28,1.6183332971607645,nws_retro_v30
2001-03-29,1.52333329928418,nws_retro_v30
2001-03-30,1.463749967282638,nws_retro_v30
2001-03-31,1.3545833030560364,nws_retro_v30
2001-04-01,1.307083304117744,nws_retro_v30
2001-04-02,1.3199999704957008,nws_retro_v30
2001-04-03,1.2787499714177102,nws_retro_v30
2001-04-04,1.2674999716691673,nws_retro_v30
2001-04-05,1.293749971082434,nws_retro_v30
2001-04-06,1.310833304033925,nws_retro_v30
2001-04-07,1.7674999604932964,nws_retro_v30
2001-04-08,1.4662499672267586,nws_retro_v30
2001-04-09,1.4412499677855521,nws_retro_v30
2001-04-10,1.4499999675899744,nws_retro_v30
2001-04-11,1.311666637348632,nws_retro_v30
2001-04-12,1.330416636929537,nws_retro_v30
2001-04-13,1.2791666380750637,nws_retro_v30
2001-04-14,1.2249999726191163,nws_retro_v30
2001-04-15,1.1987499732058495,nws_retro_v30
2001-04-16,1.1866666401425998,nws_retro_v30
2001-04-17,1.1704166405058156,nws_retro_v30
2001-04-18,1.1545833075263847,nws_retro_v30
2001-04-19,1.1545833075263847,nws_retro_v30
2001-04-20,2.184999951161444,nws_retro_v30
2001-04-21,4.331666569846372,nws_retro_v30
2001-04-22,1.3974999687634408,nws_retro_v30
2001-04-23,1.1770833070234705,nws_retro_v30
2001-04-24,1.1445833077499021,nws_retro_v30
2001-04-25,1.1354166412881266,nws_retro_v30
2001-04-26,1.1191666416513424,nws_retro_v30
2001-04-27,1.1070833085880925,nws_retro_v30
2001-04-28,1.0991666420983772,nws_retro_v30
2001-04-29,1.0883333090071876,nws_retro_v30
2001-04-30,1.0762499759439381,nws_retro_v30
2001-05-01,1.0699999760836365,nws_retro_v30
2001-05-02,1.063749976223335,nws_retro_v30
2001-05-03,1.0583333096777399,nws_retro_v30
2001-05-04,1.0499999765306711,nws_retro_v30
2001-05-05,1.0412499767262486,nws_retro_v30
2001-05-06,1.035833310180654,nws_retro_v30
2001-05-07,1.029999976977706,nws_retro_v30
2001-05-08,1.0204166438585769,nws_retro_v30
2001-05-09,1.0162499772850424,nws_retro_v30
2001-05-10,1.0099999774247408,nws_retro_v30
2001-05-11,1.001666644277672,nws_retro_v30
2001-05-12,0.9970833110467842,nws_retro_v30
2001-05-13,0.9899999778717756,nws_retro_v30
2001-05-14,0.9820833113820603,nws_retro_v30
2001-05-15,0.9774999781511724,nws_retro_v30
2001-05-16,0.9699999783188104,nws_retro_v30
2001-05-17,0.9612499785143883,nws_retro_v30
2001-05-18,0.9566666452835003,nws_retro_v30
2001-05-19,0.9499999787658452,nws_retro_v30
2001-05-20,0.9416666456187764,nws_retro_v30
2001-05-21,0.9370833123878887,nws_retro_v30
2001-05-22,0.92999997921288,nws_retro_v30
2001-05-23,0.9220833127231648,nws_retro_v30
2001-05-24,0.9174999794922769,nws_retro_v30
2001-05-25,0.909999979659915,nws_retro_v30
2001-05-26,0.90333331314226,nws_retro_v30
2001-05-27,0.8991666465687255,nws_retro_v30
2001-05-28,0.8899999801069498,nws_retro_v30
2001-05-29,0.8849999802187085,nws_retro_v30
2001-05-30,0.8799999803304672,nws_retro_v30
2001-05-31,0.871249980526045,nws_retro_v30
2001-06-01,0.867499980609864,nws_retro_v30
2001-06-02,0.8599999807775021,nws_retro_v30
2001-06-03,0.8541666475745539,nws_retro_v30
2001-06-04,0.8499999810010195,nws_retro_v30
2001-06-05,0.8412499811965972,nws_retro_v30
2001-06-06,0.8383333145951232,nws_retro_v30
2001-06-07,0.8299999814480543,nws_retro_v30
2001-06-08,0.8254166482171664,nws_retro_v30
2001-06-09,0.8199999816715717,nws_retro_v30
2001-06-10,0.8133333151539167,nws_retro_v30
2001-06-11,0.8099999818950891,nws_retro_v30
2001-06-12,0.8012499820906669,nws_retro_v30
2001-06-13,0.7995833154612532,nws_retro_v30
2001-06-14,0.789999982342124,nws_retro_v30
2001-06-15,0.7879166490553567,nws_retro_v30
2001-06-16,0.7799999825656414,nws_retro_v30
2001-06-17,0.7770833159641674,nws_retro_v30
2001-06-18,0.7699999827891588,nws_retro_v30
2001-06-19,0.7658333162156244,nws_retro_v30
2001-06-20,0.7599999830126762,nws_retro_v30
2001-06-21,0.7554166497817884,nws_retro_v30
2001-06-22,0.7499999832361937,nws_retro_v30
2001-06-23,0.7458333166626593,nws_retro_v30
2001-06-24,0.7399999834597111,nws_retro_v30
2001-06-25,0.7362499835435301,nws_retro_v30
2001-06-26,0.7299999836832285,nws_retro_v30
2001-06-27,0.7270833170817544,nws_retro_v30
2001-06-28,0.7199999839067459,nws_retro_v30
2001-06-29,0.7187499839346856,nws_retro_v30
2001-06-30,0.7099999841302633,nws_retro_v30
2001-07-01,0.7099999841302633,nws_retro_v30
2001-07-02,0.7004166510111342,nws_retro_v30
2001-07-03,0.6999999843537807,nws_retro_v30
2001-07-04,0.6929166511787722,nws_retro_v30
2001-07-05,0.6899999845772982,nws_retro_v30
2001-07-06,0.6854166513464103,nws_retro_v30
2001-07-07,0.6799999848008156,nws_retro_v30
2001-07-08,0.6787499848287553,nws_retro_v30
2001-07-09,0.669999985024333,nws_retro_v30
2001-07-10,0.669999985024333,nws_retro_v30
2001-07-11,0.6629166518493245,nws_retro_v30
2001-07-12,0.6599999852478504,nws_retro_v30
2001-07-13,0.6570833186463764,nws_retro_v30
2001-07-14,0.6499999854713678,nws_retro_v30
2001-07-15,0.6499999854713678,nws_retro_v30
2001-07-16,0.6420833189816525,nws_retro_v30
2001-07-17,0.6399999856948853,nws_retro_v30
2001-07-18,0.6374999857507646,nws_retro_v30
2001-07-19,0.6299999859184027,nws_retro_v30
2001-07-20,0.6299999859184027,nws_retro_v30
2001-07-21,0.6237499860581011,nws_retro_v30
2001-07-22,0.6199999861419201,nws_retro_v30
2001-07-23,0.6199999861419201,nws_retro_v30
2001-07-24,0.6104166530227909,nws_retro_v30
2001-07-25,0.6099999863654375,nws_retro_v30
2001-07-26,0.6079166530786703,nws_retro_v30
2001-07-27,0.5999999865889549,nws_retro_v30
2001-07-28,0.5999999865889549,nws_retro_v30
2001-07-29,0.596249986672774,nws_retro_v30
2001-07-30,0.5899999868124723,nws_retro_v30
2001-07-31,0.5899999868124723,nws_retro_v30
2001-08-01,0.584999986924231,nws_retro_v30
2001-08-02,0.5799999870359898,nws_retro_v30
2001-08-03,0.5799999870359898,nws_retro_v30
2001-08-04,0.5745833204903951,nws_retro_v30
2001-08-05,0.5699999872595072,nws_retro_v30
2001-08-06,0.5699999872595072,nws_retro_v30
2001-08-07,0.5645833207139125,nws_retro_v30
2001-08-08,0.5599999874830246,nws_retro_v30
2001-08-09,0.5599999874830246,nws_retro_v30
2001-08-10,0.5558333209094902,nws_retro_v30
2001-08-11,0.549999987706542,nws_retro_v30
2001-08-12,0.549999987706542,nws_retro_v30
2001-08-13,0.547083321105068,nws_retro_v30
2001-08-14,0.5399999879300594,nws_retro_v30
2001-08-15,0.5399999879300594,nws_retro_v30
2001-08-16,0.539583321272706,nws_retro_v30
2001-08-17,0.5299999881535769,nws_retro_v30
2001-08-18,0.5299999881535769,nws_retro_v30
2001-08-19,0.5299999881535769,nws_retro_v30
2001-08-20,0.5233333216359218,nws_retro_v30
2001-08-21,0.5199999883770943,nws_retro_v30
2001-08-22,0.5199999883770943,nws_retro_v30
2001-08-23,0.5174999884329736,nws_retro_v30
2001-08-24,0.5099999886006117,nws_retro_v30
2001-08-25,0.5099999886006117,nws_retro_v30
2001-08-26,0.5099999886006117,nws_retro_v30
2001-08-27,0.5033333220829567,nws_retro_v30
2001-08-28,0.4999999888241291,nws_retro_v30
2001-08-29,0.4999999888241291,nws_retro_v30
2001-08-30,0.49958332216677565,nws_retro_v30
2001-08-31,0.4899999890476465,nws_retro_v30
2001-09-01,0.4899999890476465,nws_retro_v30
2001-09-02,0.4899999890476465,nws_retro_v30
2001-09-03,0.4870833224461724,nws_retro_v30
2001-09-04,0.4799999892711639,nws_retro_v30
2001-09-05,0.4799999892711639,nws_retro_v30
2001-09-06,0.4799999892711639,nws_retro_v30
2001-09-07,0.47583332269762946,nws_retro_v30
2001-09-08,0.4699999894946813,nws_retro_v30
2001-09-09,0.4699999894946813,nws_retro_v30
2001-09-10,0.4699999894946813,nws_retro_v30
2001-09-11,0.4654166562637935,nws_retro_v30
2001-09-12,0.4599999897181988,nws_retro_v30
2001-09-13,0.4599999897181988,nws_retro_v30
2001-09-14,0.4599999897181988,nws_retro_v30
2001-09-15,0.4562499898020178,nws_retro_v30
2001-09-16,0.4499999899417162,nws_retro_v30
2001-09-17,0.4499999899417162,nws_retro_v30
2001-09-18,0.4499999899417162,nws_retro_v30
2001-09-19,0.4483333233123024,nws_retro_v30
2001-09-20,0.4399999901652336,nws_retro_v30
2001-09-21,0.4399999901652336,nws_retro_v30
2001-09-22,0.4399999901652336,nws_retro_v30
2001-09-23,0.4399999901652336,nws_retro_v30
2001-09-24,0.4316666570181647,nws_retro_v30
2001-09-25,0.429999990388751,nws_retro_v30
2001-09-26,0.429999990388751,nws_retro_v30
2001-09-27,0.429999990388751,nws_retro_v30
2001-09-28,0.4266666571299234,nws_retro_v30
2001-09-29,0.4199999906122684,nws_retro_v30
2001-09-30,0.4199999906122684,nws_retro_v30
2001-10-01,0.4199999906122684,nws_retro_v30
2001-10-02,0.4199999906122684,nws_retro_v30
2001-10-03,0.41291665743725986,nws_retro_v30
2001-10-04,0.4099999908357858,nws_retro_v30
2001-10-05,0.4099999908357858,nws_retro_v30
2001-10-06,0.4099999908357858,nws_retro_v30
2001-10-07,0.4099999908357858,nws_retro_v30
2001-10-08,0.40041665771665674,nws_retro_v30
2001-10-09,0.3999999910593033,nws_retro_v30
2001-10-10,0.3999999910593033,nws_retro_v30
2001-10-11,0.3999999910593033,nws_retro_v30
2001-10-12,0.3999999910593033,nws_retro_v30
2001-10-13,0.3899999912828207,nws_retro_v30
2001-10-14,0.3899999912828207,nws_retro_v30
2001-10-15,0.3899999912828207,nws_retro_v30
2001-10-16,0.3899999912828207,nws_retro_v30
2001-10-17,0.3899999912828207,nws_retro_v30
2001-10-18,0.380833324821045,nws_retro_v30
2001-10-19,0.3799999915063381,nws_retro_v30
2001-10-20,0.3799999915063381,nws_retro_v30
2001-10-21,0.3799999915063381,nws_retro_v30
2001-10-22,0.3799999915063381,nws_retro_v30
2001-10-23,0.3737499916460365,nws_retro_v30
2001-10-24,0.3699999917298555,nws_retro_v30
2001-10-25,0.3699999917298555,nws_retro_v30
2001-10-26,0.3699999917298555,nws_retro_v30
2001-10-27,0.3699999917298555,nws_retro_v30
2001-10-28,0.3683333251004417,nws_retro_v30
2001-10-29,0.3599999919533729,nws_retro_v30
2001-10-30,0.7666666495303313,nws_retro_v30
2001-10-31,0.8424999811686575,nws_retro_v30
2001-11-01,0.38958332462546724,nws_retro_v30
2001-11-02,0.3599999919533729,nws_retro_v30
2001-11-03,0.3554166587224851,nws_retro_v30
2001-11-04,0.3499999921768904,nws_retro_v30
2001-11-05,0.3499999921768904,nws_retro_v30
2001-11-06,0.3499999921768904,nws_retro_v30
2001-11-07,0.3499999921768904,nws_retro_v30
2001-11-08,0.3499999921768904,nws_retro_v30
2001-11-09,0.3441666589739422,nws_retro_v30
2001-11-10,0.34083332571511465,nws_retro_v30
2001-11-11,0.3991666577445963,nws_retro_v30
2001-11-12,2.4337499456014484,nws_retro_v30
2001-11-13,2.8020832707018903,nws_retro_v30
2001-11-14,0.5416666545594732,nws_retro_v30
2001-11-15,0.3449999922886491,nws_retro_v30
2001-11-16,0.33124999259598553,nws_retro_v30
2001-11-17,0.3299999926239252,nws_retro_v30
2001-11-18,0.3299999926239252,nws_retro_v30
2001-11-19,0.3299999926239252,nws_retro_v30
2001-11-20,0.3299999926239252,nws_retro_v30
2001-11-21,0.3299999926239252,nws_retro_v30
2001-11-22,0.3416666590298216,nws_retro_v30
2001-11-23,0.32291665944891673,nws_retro_v30
2001-11-24,0.7941666489156584,nws_retro_v30
2001-11-25,0.6499999854713678,nws_retro_v30
2001-11-26,0.3370833257989337,nws_retro_v30
2001-11-27,0.3199999928474426,nws_retro_v30
2001-11-28,0.3199999928474426,nws_retro_v30
2001-11-29,5.010416554675127,nws_retro_v30
2001-11-30,1.8883332911257942,nws_retro_v30
2001-12-01,0.68416665137435,nws_retro_v30
2001-12-02,19.371249567018822,nws_retro_v30
2001-12-03,7.3174998364411294,nws_retro_v30
2001-12-04,1.9320832901479055,nws_retro_v30
2001-12-05,1.3704166360354673,nws_retro_v30
2001-12-06,2.3554166140190014,nws_retro_v30
2001-12-07,0.9379166457025955,nws_retro_v30
2001-12-08,0.6799999848008156,nws_retro_v30
2001-12-09,1.1145833084204544,nws_retro_v30
2001-12-10,0.9816666447247068,nws_retro_v30
2001-12-11,0.6483333188419541,nws_retro_v30
2001-12-12,0.5695833206021538,nws_retro_v30
2001-12-13,0.5658333206859728,nws_retro_v30
2001-12-14,12.17208306126607,nws_retro_v30
2001-12-15,2.6870832732723406,nws_retro_v30
2001-12-16,1.4379166345267247,nws_retro_v30
2001-12-17,5.42249987879768,nws_retro_v30
2001-12-18,3.6879165842353054,nws_retro_v30
2001-12-19,1.7749999603256583,nws_retro_v30
2001-12-20,10.204583105243122,nws_retro_v30
2001-12-21,23.017499485518783,nws_retro_v30
2001-12-22,12.700833049447587,nws_retro_v30
2001-12-23,14.238333015081784,nws_retro_v30
2001-12-24,7.921666489603619,nws_retro_v30
2001-12-25,7.284999837167561,nws_retro_v30
2001-12-26,7.968333155227204,nws_retro_v30
2001-12-27,7.484999832697213,nws_retro_v30
2001-12-28,15.57708298515839,nws_retro_v30
2001-12-29,38.85583246483778,nws_retro_v30
2001-12-30,20.14124954980798,nws_retro_v30
2001-12-31,28.98833268539359,nws_retro_v30
2002-01-01,12.724166382259378,nws_retro_v30
2002-01-02,59.96833199293663,nws_retro_v30
2002-01-03,44.062082348469026,nws_retro_v30
2002-01-04,17.612499606329948,nws_retro_v30
2002-01-05,15.84958297906754,nws_retro_v30
2002-01-06,15.183332993959388,nws_retro_v30
2002-01-07,13.694166360578189,nws_retro_v30
2002-01-08,11.882083067748075,nws_retro_v30
2002-01-09,11.468333076996108,nws_retro_v30
2002-01-10,9.935416444592798,nws_retro_v30
2002-01-11,8.710416471973682,nws_retro_v30
2002-01-12,8.207916483205432,nws_retro_v30
2002-01-13,7.000833176852514,nws_retro_v30
2002-01-14,6.339583191632603,nws_retro_v30
2002-01-15,5.9274998675100505,nws_retro_v30
2002-01-16,5.07374988659285,nws_retro_v30
2002-01-17,4.91749989008531,nws_retro_v30
2002-01-18,4.97083322222655,nws_retro_v30
2002-01-19,4.63166656314085,nws_retro_v30
2002-01-20,4.3162499035242945,nws_retro_v30
2002-01-21,3.895416579597319,nws_retro_v30
2002-01-22,4.7149998946115375,nws_retro_v30
2002-01-23,3.5441665874483683,nws_retro_v30
2002-01-24,3.1895832620405904,nws_retro_v30
2002-01-25,3.28041659334364,nws_retro_v30
2002-01-26,6.4370831894533085,nws_retro_v30
2002-01-27,9.585416452415908,nws_retro_v30
2002-01-28,4.9012498904485255,nws_retro_v30
2002-01-29,6.740416516006614,nws_retro_v30
2002-01-30,3.7491665828662613,nws_retro_v30
2002-01-31,3.5462499207351357,nws_retro_v30
2002-02-01,3.7708332490486405,nws_retro_v30
2002-02-02,3.6541665849896767,nws_retro_v30
2002-02-03,3.3599999248981476,nws_retro_v30
2002-02-04,3.032499932218343,nws_retro_v30
2002-02-05,2.8524999362416565,nws_retro_v30
2002-02-06,2.7054166061958917,nws_retro_v30
2002-02-07,2.8391666032063463,nws_retro_v30
2002-02-08,16.027916308414813,nws_retro_v30
2002-02-09,3.718333250222107,nws_retro_v30
2002-02-10,3.1008332640243075,nws_retro_v30
2002-02-11,3.171249929117039,nws_retro_v30
2002-02-12,3.0604165982610234,nws_retro_v30
2002-02-13,2.773749938001856,nws_retro_v30
2002-02-14,2.842499936465174,nws_retro_v30
2002-02-15,2.7108332727414868,nws_retro_v30
2002-02-16,2.6387499410193413,nws_retro_v30
2002-02-17,17.279582947104547,nws_retro_v30
2002-02-18,5.267083215604846,nws_retro_v30
2002-02-19,3.918749912409112,nws_retro_v30
2002-02-20,5.622083207669978,nws_retro_v30
2002-02-21,3.899999912828207,nws_retro_v30
2002-02-22,3.6120832525969795,nws_retro_v30
2002-02-23,3.462499922607094,nws_retro_v30
2002-02-24,3.1691665958302715,nws_retro_v30
2002-02-25,2.873749935766682,nws_retro_v30
2002-02-26,2.51749994372949,nws_retro_v30
2002-02-27,2.3749999469146132,nws_retro_v30
2002-02-28,2.2404166165894517,nws_retro_v30
2002-03-01,2.0520832874656967,nws_retro_v30
2002-03-02,1.9129166239096473,nws_retro_v30
2002-03-03,1.8983332909022768,nws_retro_v30
2002-03-04,1.9708332892817755,nws_retro_v30
2002-03-05,1.9624999561347067,nws_retro_v30
2002-03-06,3.467083255837982,nws_retro_v30
2002-03-07,12.798333047268292,nws_retro_v30
2002-03-08,5.482499877456576,nws_retro_v30
2002-03-09,2.948333267432948,nws_retro_v30
2002-03-10,8.552499808836728,nws_retro_v30
2002-03-11,5.734999871812761,nws_retro_v30
2002-03-12,3.849999913945794,nws_retro_v30
2002-03-13,3.5716665868336954,nws_retro_v30
2002-03-14,3.3608332582128546,nws_retro_v30
2002-03-15,3.13749992987141,nws_retro_v30
2002-03-16,3.1149999303743243,nws_retro_v30
2002-03-17,5.856666535759966,nws_retro_v30
2002-03-18,6.564166519946109,nws_retro_v30
2002-03-19,3.0708332646948597,nws_retro_v30
2002-03-20,3.00791659943449,nws_retro_v30
2002-03-21,2.8362499366048723,nws_retro_v30
2002-03-22,3.0745832646110407,nws_retro_v30
2002-03-23,15.344999657012522,nws_retro_v30
2002-03-24,7.429166500611852,nws_retro_v30
2002-03-25,4.00333324385186,nws_retro_v30
2002-03-26,4.05291657607692,nws_retro_v30
2002-03-27,3.849583247288441,nws_retro_v30
2002-03-28,3.439166589795301,nws_retro_v30
2002-03-29,3.400833257318785,nws_retro_v30
2002-03-30,3.118333263633152,nws_retro_v30
2002-03-31,2.8637499359901994,nws_retro_v30
2002-04-01,2.6029166084869453,nws_retro_v30
2002-04-02,2.4766666113088527,nws_retro_v30
2002-04-03,2.3758332802293203,nws_retro_v30
2002-04-04,2.2720832825483135,nws_retro_v30
2002-04-05,2.1745832847276083,nws_retro_v30
2002-04-06,2.14208328545404,nws_retro_v30
2002-04-07,2.025416621395076,nws_retro_v30
2002-04-08,1.9558332896170516,nws_retro_v30
2002-04-09,1.9045832907625784,nws_retro_v30
2002-04-10,1.9195832904273022,nws_retro_v30
2002-04-11,1.8495832919919242,nws_retro_v30
2002-04-12,1.7858332934168477,nws_retro_v30
2002-04-13,1.766249960521236,nws_retro_v30
2002-04-14,1.7354166278770815,nws_retro_v30
2002-04-15,1.71708329495353,nws_retro_v30
2002-04-16,1.702083295288806,nws_retro_v30
2002-04-17,1.706666628519694,nws_retro_v30
2002-04-18,1.6816666290784876,nws_retro_v30
2002-04-19,1.6549999630078673,nws_retro_v30
2002-04-20,1.635833296769609,nws_retro_v30
2002-04-21,1.6204166304475318,nws_retro_v30
2002-04-22,1.609166630698989,nws_retro_v30
2002-04-23,1.593333297719558,nws_retro_v30
2002-04-24,1.5745832981386532,nws_retro_v30
2002-04-25,1.5641666317048173,nws_retro_v30
2002-04-26,1.5499999653548002,nws_retro_v30
2002-04-27,1.5345832990327228,nws_retro_v30
2002-04-28,1.5229166326268266,nws_retro_v30
2002-04-29,1.516666632766525,nws_retro_v30
2002-04-30,1.50999996624887,nws_retro_v30
2002-05-01,1.4837499668356031,nws_retro_v30
2002-05-02,1.4679166338561724,nws_retro_v30
2002-05-03,1.4545833008208622,nws_retro_v30
2002-05-04,1.4424999677576125,nws_retro_v30
2002-05-05,1.4295833013796557,nws_retro_v30
2002-05-06,1.417083301659053,nws_retro_v30
2002-05-07,1.4049999685958028,nws_retro_v30
2002-05-08,1.3933333021899064,nws_retro_v30
2002-05-09,1.3816666357840102,nws_retro_v30
2002-05-10,1.3683333027486997,nws_retro_v30
2002-05-11,1.3566666363428037,nws_retro_v30
2002-05-12,1.3454166365942608,nws_retro_v30
2002-05-13,1.3337499701883644,nws_retro_v30
2002-05-14,1.3224999704398215,nws_retro_v30
2002-05-15,1.3112499706912788,nws_retro_v30
2002-05-16,1.2991666376280289,nws_retro_v30
2002-05-17,1.287916637879486,nws_retro_v30
2002-05-18,1.2770833047882963,nws_retro_v30
2002-05-19,1.2845833046206583,nws_retro_v30
2002-05-20,1.3945833021619667,nws_retro_v30
2002-05-21,1.2658333050397534,nws_retro_v30
2002-05-22,1.2358333057103057,nws_retro_v30
2002-05-23,1.2241666393044095,nws_retro_v30
2002-05-24,1.2137499728705734,nws_retro_v30
2002-05-25,1.203749973094091,nws_retro_v30
2002-05-26,1.1937499733176085,nws_retro_v30
2002-05-27,1.1837499735411259,nws_retro_v30
2002-05-28,1.1741666404219966,nws_retro_v30
2002-05-29,1.1645833073028673,nws_retro_v30
2002-05-30,1.1549999741837382,nws_retro_v30
2002-05-31,1.1454166410646092,nws_retro_v30
2002-06-01,1.1362499746028334,nws_retro_v30
2002-06-02,1.1270833081410576,nws_retro_v30
2002-06-03,1.1183333083366354,nws_retro_v30
2002-06-04,1.109583308532213,nws_retro_v30
2002-06-05,1.099999975413084,nws_retro_v30
2002-06-06,1.0908333089513083,nws_retro_v30
2002-06-07,1.082083309146886,nws_retro_v30
2002-06-08,1.0737499759998175,nws_retro_v30
2002-06-09,1.065833309510102,nws_retro_v30
2002-06-10,1.057499976363033,nws_retro_v30
2002-06-11,1.0499999765306711,nws_retro_v30
2002-06-12,1.0399999767541883,nws_retro_v30
2002-06-13,1.032083310264473,nws_retro_v30
2002-06-14,1.0245833104321111,nws_retro_v30
2002-06-15,1.0174999772571027,nws_retro_v30
2002-06-16,1.0099999774247408,nws_retro_v30
2002-06-17,1.0004166443056117,nws_retro_v30
2002-06-18,0.9933333111306032,nws_retro_v30
2002-06-19,0.9866666446129481,nws_retro_v30
2002-06-20,0.979999978095293,nws_retro_v30
2002-06-21,0.9704166449761638,nws_retro_v30
2002-06-22,0.9641666451158623,nws_retro_v30
2002-06-23,0.9579166452555606,nws_retro_v30
2002-06-24,0.9499999787658452,nws_retro_v30
2002-06-25,0.94208331227613,nws_retro_v30
2002-06-26,0.9358333124158283,nws_retro_v30
2002-06-27,0.92999997921288,nws_retro_v30
2002-06-28,0.920416646093751,nws_retro_v30
2002-06-29,0.9154166462055097,nws_retro_v30
2002-06-30,0.909999979659915,nws_retro_v30
2002-07-01,0.9004166465407858,nws_retro_v30
2002-07-02,0.895833313309898,nws_retro_v30
2002-07-03,0.8899999801069498,nws_retro_v30
2002-07-04,0.881666646959881,nws_retro_v30
2002-07-05,0.8779166470437,nws_retro_v30
2002-07-06,0.8699999805539846,nws_retro_v30
2002-07-07,0.8641666473510364,nws_retro_v30
2002-07-08,0.8599999807775021,nws_retro_v30
2002-07-09,0.8508333143157264,nws_retro_v30
2002-07-10,0.8474999810568988,nws_retro_v30
2002-07-11,0.8399999812245369,nws_retro_v30
2002-07-12,0.8345833146789422,nws_retro_v30
2002-07-13,0.8299999814480543,nws_retro_v30
2002-07-14,0.8224999816156924,nws_retro_v30
2002-07-15,0.8199999816715717,nws_retro_v30
2002-07-16,0.8104166485524426,nws_retro_v30
2002-07-17,0.8083333152656754,nws_retro_v30
2002-07-18,0.7999999821186066,nws_retro_v30
2002-07-19,0.7970833155171325,nws_retro_v30
2002-07-20,0.789999982342124,nws_retro_v30
2002-07-21,0.7858333157685896,nws_retro_v30
2002-07-22,0.7799999825656414,nws_retro_v30
2002-07-23,0.7754166493347535,nws_retro_v30
2002-07-24,0.7699999827891588,nws_retro_v30
2002-07-25,0.7645833162435641,nws_retro_v30
2002-07-26,0.7599999830126762,nws_retro_v30
2002-07-27,0.7545833164670815,nws_retro_v30
2002-07-28,0.7499999832361937,nws_retro_v30
2002-07-29,0.7449999833479524,nws_retro_v30
2002-07-30,0.7399999834597111,nws_retro_v30
2002-07-31,0.7362499835435301,nws_retro_v30
2002-08-01,0.7299999836832285,nws_retro_v30
2002-08-02,0.7274999837391078,nws_retro_v30
2002-08-03,0.7199999839067459,nws_retro_v30
2002-08-04,0.719166650592039,nws_retro_v30
2002-08-05,0.7099999841302633,nws_retro_v30
2002-08-06,0.7099999841302633,nws_retro_v30
2002-08-07,0.7016666509831945,nws_retro_v30
2002-08-08,0.6999999843537807,nws_retro_v30
2002-08-09,0.6941666511508325,nws_retro_v30
2002-08-10,0.6899999845772982,nws_retro_v30
2002-08-11,0.6874999846331775,nws_retro_v30
2002-08-12,0.6799999848008156,nws_retro_v30
2002-08-13,0.6799999848008156,nws_retro_v30
2002-08-14,0.6712499849963933,nws_retro_v30
2002-08-15,0.669999985024333,nws_retro_v30
2002-08-16,0.6654166517934451,nws_retro_v30
2002-08-17,0.6599999852478504,nws_retro_v30
2002-08-18,0.6599999852478504,nws_retro_v30
2002-08-19,0.6504166521287212,nws_retro_v30
2002-08-20,0.6499999854713678,nws_retro_v30
2002-08-21,0.6458333188978335,nws_retro_v30
2002-08-22,0.6399999856948853,nws_retro_v30
2002-08-23,0.6399999856948853,nws_retro_v30
2002-08-24,0.6316666525478164,nws_retro_v30
2002-08-25,0.6299999859184027,nws_retro_v30
2002-08-26,0.628333319288989,nws_retro_v30
2002-08-27,0.6199999861419201,nws_retro_v30
2002-08-28,0.6199999861419201,nws_retro_v30
2002-08-29,0.6158333195683857,nws_retro_v30
2002-08-30,0.6099999863654375,nws_retro_v30
2002-08-31,0.6099999863654375,nws_retro_v30
2002-09-01,0.6033333198477825,nws_retro_v30
2002-09-02,0.5999999865889549,nws_retro_v30
2002-09-03,0.5999999865889549,nws_retro_v30
2002-09-04,0.5920833200992396,nws_retro_v30
2002-09-05,0.5899999868124723,nws_retro_v30
2002-09-06,0.5899999868124723,nws_retro_v30
2002-09-07,0.5812499870080501,nws_retro_v30
2002-09-08,0.5799999870359898,nws_retro_v30
2002-09-09,0.5799999870359898,nws_retro_v30
2002-09-10,0.5712499872315675,nws_retro_v30
2002-09-11,0.5699999872595072,nws_retro_v30
2002-09-12,0.5699999872595072,nws_retro_v30
2002-09-13,0.5620833207697918,nws_retro_v30
2002-09-14,0.5599999874830246,nws_retro_v30
2002-09-15,0.5599999874830246,nws_retro_v30
2002-09-16,0.5533333209653696,nws_retro_v30
2002-09-17,0.549999987706542,nws_retro_v30
2002-09-18,0.549999987706542,nws_retro_v30
2002-09-19,0.5454166544756541,nws_retro_v30
2002-09-20,0.5399999879300594,nws_retro_v30
2002-09-21,0.5399999879300594,nws_retro_v30
2002-09-22,0.5379166546432922,nws_retro_v30
2002-09-23,0.5299999881535769,nws_retro_v30
2002-09-24,0.5299999881535769,nws_retro_v30
2002-09-25,0.5299999881535769,nws_retro_v30
2002-09-26,0.5220833216638615,nws_retro_v30
2002-09-27,0.5199999883770943,nws_retro_v30
2002-09-28,0.5199999883770943,nws_retro_v30
2002-09-29,0.5170833217756202,nws_retro_v30
2002-09-30,0.5099999886006117,nws_retro_v30
2002-10-01,0.5099999886006117,nws_retro_v30
2002-10-02,0.5099999886006117,nws_retro_v30
2002-10-03,0.5029166554256032,nws_retro_v30
2002-10-04,0.4999999888241291,nws_retro_v30
2002-10-05,0.4999999888241291,nws_retro_v30
2002-10-06,0.49958332216677565,nws_retro_v30
2002-10-07,0.4899999890476465,nws_retro_v30
2002-10-08,0.4899999890476465,nws_retro_v30
2002-10-09,0.4899999890476465,nws_retro_v30
2002-10-10,0.4874999891035259,nws_retro_v30
2002-10-11,0.4799999892711639,nws_retro_v30
2002-10-12,0.4799999892711639,nws_retro_v30
2002-10-13,0.4799999892711639,nws_retro_v30
2002-10-14,0.4766666560123363,nws_retro_v30
2002-10-15,0.4699999894946813,nws_retro_v30
2002-10-16,0.4699999894946813,nws_retro_v30
2002-10-17,0.4699999894946813,nws_retro_v30
2002-10-18,0.46666665623585385,nws_retro_v30
2002-10-19,0.4599999897181988,nws_retro_v30
2002-10-20,0.4599999897181988,nws_retro_v30
2002-10-21,0.4599999897181988,nws_retro_v30
2002-10-22,0.45749998977407813,nws_retro_v30
2002-10-23,0.4499999899417162,nws_retro_v30
2002-10-24,0.4499999899417162,nws_retro_v30
2002-10-25,0.4499999899417162,nws_retro_v30
2002-10-26,0.4499999899417162,nws_retro_v30
2002-10-27,0.4399999901652336,nws_retro_v30
2002-10-28,0.4399999901652336,nws_retro_v30
2002-10-29,0.4399999901652336,nws_retro_v30
2002-10-30,0.4399999901652336,nws_retro_v30
2002-10-31,0.433749990304932,nws_retro_v30
2002-11-01,0.429999990388751,nws_retro_v30
2002-11-02,0.429999990388751,nws_retro_v30
2002-11-03,0.429999990388751,nws_retro_v30
2002-11-04,0.42916665707404406,nws_retro_v30
2002-11-05,0.4199999906122684,nws_retro_v30
2002-11-06,0.4199999906122684,nws_retro_v30
2002-11-07,0.4379166568784663,nws_retro_v30
2002-11-08,5.692083206105356,nws_retro_v30
2002-11-09,3.091249930905178,nws_retro_v30
2002-11-10,0.6291666526036958,nws_retro_v30
2002-11-11,0.4220833238990356,nws_retro_v30
2002-11-12,0.4099999908357858,nws_retro_v30
2002-11-13,0.4099999908357858,nws_retro_v30
2002-11-14,0.40583332426225144,nws_retro_v30
2002-11-15,0.3999999910593033,nws_retro_v30
2002-11-16,0.3999999910593033,nws_retro_v30
2002-11-17,0.3999999910593033,nws_retro_v30
2002-11-18,0.3999999910593033,nws_retro_v30
2002-11-19,0.3966666578004758,nws_retro_v30
2002-11-20,0.3899999912828207,nws_retro_v30
2002-11-21,0.3899999912828207,nws_retro_v30
2002-11-22,0.3899999912828207,nws_retro_v30
2002-11-23,0.3899999912828207,nws_retro_v30
2002-11-24,0.3899999912828207,nws_retro_v30
2002-11-25,0.3799999915063381,nws_retro_v30
2002-11-26,0.3799999915063381,nws_retro_v30
2002-11-27,0.3799999915063381,nws_retro_v30
2002-11-28,0.3799999915063381,nws_retro_v30
2002-11-29,0.3799999915063381,nws_retro_v30
2002-11-30,0.37291665833132953,nws_retro_v30
2002-12-01,0.3699999917298555,nws_retro_v30
2002-12-02,0.3699999917298555,nws_retro_v30
2002-12-03,0.3699999917298555,nws_retro_v30
2002-12-04,0.3699999917298555,nws_retro_v30
2002-12-05,0.36916665841514856,nws_retro_v30
2002-12-06,0.3599999919533729,nws_retro_v30
2002-12-07,0.3599999919533729,nws_retro_v30
2002-12-08,0.3599999919533729,nws_retro_v30
2002-12-09,0.3599999919533729,nws_retro_v30
2002-12-10,0.3599999919533729,nws_retro_v30
2002-12-11,0.35666665869454545,nws_retro_v30
2002-12-12,0.3499999921768904,nws_retro_v30
2002-12-13,0.6829166514022896,nws_retro_v30
2002-12-14,8.690416472420717,nws_retro_v30
2002-12-15,30.102082660499338,nws_retro_v30
2002-12-16,41.17583241298174,nws_retro_v30
2002-12-17,16.281249636085704,nws_retro_v30
2002-12-18,6.462083188894515,nws_retro_v30
2002-12-19,11.530833075599125,nws_retro_v30
2002-12-20,45.100832325251154,nws_retro_v30
2002-12-21,24.231249458389357,nws_retro_v30
2002-12-22,13.637499695178121,nws_retro_v30
2002-12-23,13.362916367982203,nws_retro_v30
2002-12-24,13.59249969618395,nws_retro_v30
2002-12-25,12.717499715741724,nws_retro_v30
2002-12-26,13.307083035896843,nws_retro_v30
2002-12-27,14.114999684505165,nws_retro_v30
2002-12-28,24.080832795084763,nws_retro_v30
2002-12-29,55.445832094022386,nws_retro_v30
2002-12-30,14.092083018350726,nws_retro_v30
2002-12-31,36.19916585755224,nws_retro_v30
2003-01-01,17.367499611806124,nws_retro_v30
2003-01-02,12.512083053666478,nws_retro_v30
2003-01-03,11.142083084288364,nws_retro_v30
2003-01-04,10.31208310284031,nws_retro_v30
2003-01-05,9.658333117452761,nws_retro_v30
2003-01-06,8.034999820403755,nws_retro_v30
2003-01-07,7.484999832697213,nws_retro_v30
2003-01-08,7.084166508323203,nws_retro_v30
2003-01-09,7.134999840520322,nws_retro_v30
2003-01-10,38.787082466374464,nws_retro_v30
2003-01-11,12.174999727867544,nws_retro_v30
2003-01-12,9.068749797297642,nws_retro_v30
2003-01-13,8.339999813586473,nws_retro_v30
2003-01-14,8.18458315039364,nws_retro_v30
2003-01-15,7.582499830517918,nws_retro_v30
2003-01-16,6.369583190962051,nws_retro_v30
2003-01-17,5.866249868879095,nws_retro_v30
2003-01-18,5.533749876311049,nws_retro_v30
2003-01-19,5.147083218287055,nws_retro_v30
2003-01-20,5.031666554200153,nws_retro_v30
2003-01-21,5.47458321096686,nws_retro_v30
2003-01-22,5.71666653888921,nws_retro_v30
2003-01-23,6.613333185513814,nws_retro_v30
2003-01-24,4.785416559704269,nws_retro_v30
2003-01-25,4.107916574847574,nws_retro_v30
2003-01-26,3.592916586358721,nws_retro_v30
2003-01-27,3.234583261034762,nws_retro_v30
2003-01-28,3.147916596305246,nws_retro_v30
2003-01-29,2.9720832669020942,nws_retro_v30
2003-01-30,2.6729166069223234,nws_retro_v30
2003-01-31,2.5224999436177313,nws_retro_v30
2003-02-01,2.451249945210293,nws_retro_v30
2003-02-02,2.2979166153042265,nws_retro_v30
2003-02-03,2.101666619690756,nws_retro_v30
2003-02-04,2.0491666208642223,nws_retro_v30
2003-02-05,2.0391666210877397,nws_retro_v30
2003-02-06,2.027916621339197,nws_retro_v30
2003-02-07,2.042083287689214,nws_retro_v30
2003-02-08,1.9924999554641545,nws_retro_v30
2003-02-09,1.963749956106767,nws_retro_v30
2003-02-10,2.0116666217024126,nws_retro_v30
2003-02-11,1.9937499554362148,nws_retro_v30
2003-02-12,7.558333164391418,nws_retro_v30
2003-02-13,5.288333215129872,nws_retro_v30
2003-02-14,2.2829166156395027,nws_retro_v30
2003-02-15,2.107499952893704,nws_retro_v30
2003-02-16,11.99416639857615,nws_retro_v30
2003-02-17,3.48624992207624,nws_retro_v30
2003-02-18,2.3749999469146132,nws_retro_v30
2003-02-19,2.397499946411699,nws_retro_v30
2003-02-20,2.5574999428354204,nws_retro_v30
2003-02-21,2.243333283190926,nws_retro_v30
2003-02-22,2.149999951943755,nws_retro_v30
2003-02-23,2.062916620556886,nws_retro_v30
2003-02-24,2.0437499543186277,nws_retro_v30
2003-02-25,5.787083203981941,nws_retro_v30
2003-02-26,2.9366666010270515,nws_retro_v30
2003-02-27,4.233749905368313,nws_retro_v30
2003-02-28,2.727083272378271,nws_retro_v30
2003-03-01,2.2091666172879436,nws_retro_v30
2003-03-02,2.115833286040773,nws_retro_v30
2003-03-03,2.0549999540671706,nws_retro_v30
2003-03-04,2.044166620975981,nws_retro_v30
2003-03-05,1.963749956106767,nws_retro_v30
2003-03-06,1.889999957755208,nws_retro_v30
2003-03-07,1.822083292606597,nws_retro_v30
2003-03-08,1.7374999611638486,nws_retro_v30
2003-03-09,1.7112499617505819,nws_retro_v30
2003-03-10,1.674583295903479,nws_retro_v30
2003-03-11,1.6312499635387212,nws_retro_v30
2003-03-12,1.5983332976077993,nws_retro_v30
2003-03-13,1.585833297887196,nws_retro_v30
2003-03-14,1.967499956022948,nws_retro_v30
2003-03-15,13.689999694004655,nws_retro_v30
2003-03-16,4.502083232703929,nws_retro_v30
2003-03-17,3.277083260084813,nws_retro_v30
2003-03-18,2.0766666202495494,nws_retro_v30
2003-03-19,2.0404166210598,nws_retro_v30
2003-03-20,2.2466666164497533,nws_retro_v30
2003-03-21,2.1358332855937383,nws_retro_v30
2003-03-22,1.97499995585531,nws_retro_v30
2003-03-23,1.9566666229317586,nws_retro_v30
2003-03-24,1.9316666234905522,nws_retro_v30
2003-03-25,1.720833294869711,nws_retro_v30
2003-03-26,1.62624996365048,nws_retro_v30
2003-03-27,1.5870832978592564,nws_retro_v30
2003-03-28,1.5154166327944647,nws_retro_v30
2003-03-29,1.4720833004297067,nws_retro_v30
2003-03-30,1.4512499675620347,nws_retro_v30
2003-03-31,1.4441666343870263,nws_retro_v30
2003-04-01,1.438333301184078,nws_retro_v30
2003-04-02,1.4974999665282667,nws_retro_v30
2003-04-03,1.4708333004576464,nws_retro_v30
2003-04-04,2.7912499376107007,nws_retro_v30
2003-04-05,2.1616666183496513,nws_retro_v30
2003-04-06,1.4662499672267586,nws_retro_v30
2003-04-07,1.3999999687075615,nws_retro_v30
2003-04-08,1.388333302301665,nws_retro_v30
2003-04-09,1.378749969182536,nws_retro_v30
2003-04-10,1.365416636147226,nws_retro_v30
2003-04-11,1.3516666364545624,nws_retro_v30
2003-04-12,2.590416608766342,nws_retro_v30
2003-04-13,21.44874952058308,nws_retro_v30
2003-04-14,4.031666576551895,nws_retro_v30
2003-04-15,1.879583291321372,nws_retro_v30
2003-04-16,1.7979166264800976,nws_retro_v30
2003-04-17,1.8699999582022429,nws_retro_v30
2003-04-18,1.8845832912096132,nws_retro_v30
2003-04-19,1.7266666280726592,nws_retro_v30
2003-04-20,1.7545832941153396,nws_retro_v30
2003-04-21,1.7199999615550041,nws_retro_v30
2003-04-22,1.9224999570287764,nws_retro_v30
2003-04-23,1.7887499600183219,nws_retro_v30
2003-04-24,10.483749765669927,nws_retro_v30
2003-04-25,4.9087498902808875,nws_retro_v30
2003-04-26,3.1612499293405563,nws_retro_v30
2003-04-27,1.965416622736181,nws_retro_v30
2003-04-28,7.211249838816002,nws_retro_v30
2003-04-29,3.616666585827867,nws_retro_v30
2003-04-30,2.9062499350402504,nws_retro_v30
2003-05-01,2.3212499481160194,nws_retro_v30
2003-05-02,2.9495832674050084,nws_retro_v30
2003-05-03,9.390416456774497,nws_retro_v30
2003-05-04,4.3179165701537086,nws_retro_v30
2003-05-05,2.5841666089060404,nws_retro_v30
2003-05-06,2.316249948227778,nws_retro_v30
2003-05-07,2.524166610247145,nws_retro_v30
2003-05-08,2.3479166141866394,nws_retro_v30
2003-05-09,2.374166613599906,nws_retro_v30
2003-05-10,1.8820832912654926,nws_retro_v30
2003-05-11,1.6937499621417373,nws_retro_v30
2003-05-12,1.6033332974960406,nws_retro_v30
2003-05-13,1.5462499654386193,nws_retro_v30
2003-05-14,1.554583298585688,nws_retro_v30
2003-05-15,1.547083298753326,nws_retro_v30
2003-05-16,1.494999966584146,nws_retro_v30
2003-05-17,1.4329166346384834,nws_retro_v30
2003-05-18,1.392083302217846,nws_retro_v30
2003-05-19,1.360833302916338,nws_retro_v30
2003-05-20,1.3462499699089676,nws_retro_v30
2003-05-21,1.334166636845718,nws_retro_v30
2003-05-22,1.322916637097175,nws_retro_v30
2003-05-23,1.3120833040059856,nws_retro_v30
2003-05-24,1.3016666375721495,nws_retro_v30
2003-05-25,1.2912499711383134,nws_retro_v30
2003-05-26,1.2808333047044773,nws_retro_v30
2003-05-27,1.2708333049279947,nws_retro_v30
2003-05-28,1.2608333051515122,nws_retro_v30
2003-05-29,1.2508333053750296,nws_retro_v30
2003-05-30,1.240833305598547,nws_retro_v30
2003-05-31,1.231249972479418,nws_retro_v30
2003-06-01,1.2212499727029353,nws_retro_v30
2003-06-02,1.212499972898513,nws_retro_v30
2003-06-03,1.2033333064367375,nws_retro_v30
2003-06-04,1.1945833066323153,nws_retro_v30
2003-06-05,1.185833306827893,nws_retro_v30
2003-06-06,1.1766666403661172,nws_retro_v30
2003-06-07,1.167916640561695,nws_retro_v30
2003-06-08,1.1591666407572727,nws_retro_v30
2003-06-09,1.149999974295497,nws_retro_v30
2003-06-10,1.1404166411763679,nws_retro_v30
2003-06-11,1.1316666413719456,nws_retro_v30
2003-06-12,1.1229166415675234,nws_retro_v30
2003-06-13,1.1145833084204544,nws_retro_v30
2003-06-14,1.1062499752733856,nws_retro_v30
2003-06-15,1.097916642126317,nws_retro_v30
2003-06-16,1.089583308979248,nws_retro_v30
2003-06-17,1.0799999758601189,nws_retro_v30
2003-06-18,1.0716666427130501,nws_retro_v30
2003-06-19,1.063749976223335,nws_retro_v30
2003-06-20,1.0562499763909727,nws_retro_v30
2003-06-21,1.0483333099012573,nws_retro_v30
2003-06-22,1.0399999767541883,nws_retro_v30
2003-06-23,1.0308333102924128,nws_retro_v30
2003-06-24,1.0237499771174043,nws_retro_v30
2003-06-25,1.016666643942396,nws_retro_v30
2003-06-26,1.0095833107673873,nws_retro_v30
2003-06-27,0.9999999776482582,nws_retro_v30
2003-06-28,0.9929166444732497,nws_retro_v30
2003-06-29,0.9862499779555947,nws_retro_v30
2003-06-30,0.979999978095293,nws_retro_v30
2003-07-01,0.9699999783188104,nws_retro_v30
2003-07-02,0.9637499784585088,nws_retro_v30
2003-07-03,0.9579166452555606,nws_retro_v30
2003-07-04,0.9499999787658452,nws_retro_v30
2003-07-05,0.94208331227613,nws_retro_v30
2003-07-06,0.9366666457305352,nws_retro_v30
2003-07-07,0.92999997921288,nws_retro_v30
2003-07-08,0.9216666460658113,nws_retro_v30
2003-07-09,0.9154166462055097,nws_retro_v30
2003-07-10,0.909999979659915,nws_retro_v30
2003-07-11,0.9008333131981393,nws_retro_v30
2003-07-12,0.8962499799672514,nws_retro_v30
2003-07-13,0.8899999801069498,nws_retro_v30
2003-07-14,0.8820833136172345,nws_retro_v30
2003-07-15,0.8783333137010535,nws_retro_v30
2003-07-16,0.8699999805539846,nws_retro_v30
2003-07-17,0.86458331400839,nws_retro_v30
2003-07-18,0.8599999807775021,nws_retro_v30
2003-07-19,0.8512499809730798,nws_retro_v30
2003-07-20,0.8483333143716058,nws_retro_v30
2003-07-21,0.8399999812245369,nws_retro_v30
2003-07-22,0.835416647993649,nws_retro_v30
2003-07-23,0.8299999814480543,nws_retro_v30
2003-07-24,0.8229166482730458,nws_retro_v30
2003-07-25,0.8199999816715717,nws_retro_v30
2003-07-26,0.8112499818671495,nws_retro_v30
2003-07-27,0.8091666485803822,nws_retro_v30
2003-07-28,0.7999999821186066,nws_retro_v30
2003-07-29,0.7979166488318393,nws_retro_v30
2003-07-30,0.789999982342124,nws_retro_v30
2003-07-31,0.7870833157406499,nws_retro_v30
2003-08-01,0.7799999825656414,nws_retro_v30
2003-08-02,0.7762499826494604,nws_retro_v30
2003-08-03,0.7699999827891588,nws_retro_v30
2003-08-04,0.7658333162156244,nws_retro_v30
2003-08-05,0.7599999830126762,nws_retro_v30
2003-08-06,0.7558333164391419,nws_retro_v30
2003-08-07,0.7499999832361937,nws_retro_v30
2003-08-08,0.7462499833200127,nws_retro_v30
2003-08-09,0.7399999834597111,nws_retro_v30
2003-08-10,0.7374999835155904,nws_retro_v30
2003-08-11,0.7299999836832285,nws_retro_v30
2003-08-12,0.7287499837111682,nws_retro_v30
2003-08-13,0.7199999839067459,nws_retro_v30
2003-08-14,0.7199999839067459,nws_retro_v30
2003-08-15,0.7108333174449702,nws_retro_v30
2003-08-16,0.7099999841302633,nws_retro_v30
2003-08-17,0.7029166509552548,nws_retro_v30
2003-08-18,0.6999999843537807,nws_retro_v30
2003-08-19,0.6958333177802464,nws_retro_v30
2003-08-20,0.6899999845772982,nws_retro_v30
2003-08-21,0.6891666512625912,nws_retro_v30
2003-08-22,0.6799999848008156,nws_retro_v30
2003-08-23,0.6799999848008156,nws_retro_v30
2003-08-24,0.672916651625807,nws_retro_v30
2003-08-25,0.669999985024333,nws_retro_v30
2003-08-26,0.6674999850802124,nws_retro_v30
2003-08-27,0.6599999852478504,nws_retro_v30
2003-08-28,0.6599999852478504,nws_retro_v30
2003-08-29,0.6520833187581351,nws_retro_v30
2003-08-30,0.6499999854713678,nws_retro_v30
2003-08-31,0.6479166521846006,nws_retro_v30
2003-09-01,0.6399999856948853,nws_retro_v30
2003-09-02,0.6399999856948853,nws_retro_v30
2003-09-03,0.6337499858345836,nws_retro_v30
2003-09-04,0.6299999859184027,nws_retro_v30
2003-09-05,0.6299999859184027,nws_retro_v30
2003-09-06,0.6204166527992735,nws_retro_v30
2003-09-07,0.6199999861419201,nws_retro_v30
2003-09-08,0.6179166528551528,nws_retro_v30
2003-09-09,0.6099999863654375,nws_retro_v30
2003-09-10,0.6099999863654375,nws_retro_v30
2003-09-11,0.6058333197919031,nws_retro_v30
2003-09-12,0.5999999865889549,nws_retro_v30
2003-09-13,0.5999999865889549,nws_retro_v30
2003-09-14,0.5945833200433602,nws_retro_v30
2003-09-15,0.5899999868124723,nws_retro_v30
2003-09-16,0.5899999868124723,nws_retro_v30
2003-09-17,0.5837499869521707,nws_retro_v30
2003-09-18,0.5799999870359898,nws_retro_v30
2003-09-19,0.5799999870359898,nws_retro_v30
2003-09-20,0.5737499871756881,nws_retro_v30
2003-09-21,0.5699999872595072,nws_retro_v30
2003-09-22,0.5699999872595072,nws_retro_v30
2003-09-23,0.5645833207139125,nws_retro_v30
2003-09-24,0.5599999874830246,nws_retro_v30
2003-09-25,0.5599999874830246,nws_retro_v30
2003-09-26,0.5562499875668436,nws_retro_v30
2003-09-27,0.549999987706542,nws_retro_v30
2003-09-28,0.549999987706542,nws_retro_v30
2003-09-29,0.5483333210771283,nws_retro_v30
2003-09-30,0.5399999879300594,nws_retro_v30
2003-10-01,0.5399999879300594,nws_retro_v30
2003-10-02,0.5399999879300594,nws_retro_v30
2003-10-03,0.5316666547829906,nws_retro_v30
2003-10-04,0.5299999881535769,nws_retro_v30
2003-10-05,0.5299999881535769,nws_retro_v30
2003-10-06,0.5249999882653356,nws_retro_v30
2003-10-07,0.5199999883770943,nws_retro_v30
2003-10-08,0.5199999883770943,nws_retro_v30
2003-10-09,0.5199999883770943,nws_retro_v30
2003-10-10,0.5104166552579651,nws_retro_v30
2003-10-11,0.5099999886006117,nws_retro_v30
2003-10-12,0.5099999886006117,nws_retro_v30
2003-10-13,0.5062499886844307,nws_retro_v30
2003-10-14,0.4999999888241291,nws_retro_v30
2003-10-15,0.4999999888241291,nws_retro_v30
2003-10-16,0.4999999888241291,nws_retro_v30
2003-10-17,0.49333332230647403,nws_retro_v30
2003-10-18,0.4899999890476465,nws_retro_v30
2003-10-19,0.4899999890476465,nws_retro_v30
2003-10-20,0.4899999890476465,nws_retro_v30
2003-10-21,0.4812499892432242,nws_retro_v30
2003-10-22,0.4799999892711639,nws_retro_v30
2003-10-23,0.4799999892711639,nws_retro_v30
2003-10-24,0.4799999892711639,nws_retro_v30
2003-10-25,0.4704166561520347,nws_retro_v30
2003-10-26,0.4699999894946813,nws_retro_v30
2003-10-27,0.4699999894946813,nws_retro_v30
2003-10-28,0.4699999894946813,nws_retro_v30
2003-10-29,0.46041665637555224,nws_retro_v30
2003-10-30,0.4599999897181988,nws_retro_v30
2003-10-31,0.5358333213565251,nws_retro_v30
2003-11-01,0.486666655788819,nws_retro_v30
2003-11-02,0.4549999898299575,nws_retro_v30
2003-11-03,1.5016666331018012,nws_retro_v30
2003-11-04,0.8574999808333814,nws_retro_v30
2003-11-05,0.4754166560402761,nws_retro_v30
2003-11-06,0.4462499900255352,nws_retro_v30
2003-11-07,0.486666655788819,nws_retro_v30
2003-11-08,0.46708332289320725,nws_retro_v30
2003-11-09,3.1587499293964356,nws_retro_v30
2003-11-10,1.1487499743234366,nws_retro_v30
2003-11-11,0.48791665576087934,nws_retro_v30
2003-11-12,0.4324999903328716,nws_retro_v30
2003-11-13,0.429999990388751,nws_retro_v30
2003-11-14,0.429999990388751,nws_retro_v30
2003-11-15,0.43083332370345784,nws_retro_v30
2003-11-16,0.4233333238710959,nws_retro_v30
2003-11-17,0.4199999906122684,nws_retro_v30
2003-11-18,0.4199999906122684,nws_retro_v30
2003-11-19,0.4199999906122684,nws_retro_v30
2003-11-20,0.41166665746519954,nws_retro_v30
2003-11-21,0.4099999908357858,nws_retro_v30
2003-11-22,0.4099999908357858,nws_retro_v30
2003-11-23,0.4099999908357858,nws_retro_v30
2003-11-24,0.4099999908357858,nws_retro_v30
2003-11-25,0.40083332437401015,nws_retro_v30
2003-11-26,0.3999999910593033,nws_retro_v30
2003-11-27,0.3999999910593033,nws_retro_v30
2003-11-28,0.3999999910593033,nws_retro_v30
2003-11-29,0.3999999910593033,nws_retro_v30
2003-11-30,0.4045833242901911,nws_retro_v30
2003-12-01,0.5529166543080161,nws_retro_v30
2003-12-02,0.6124999863095582,nws_retro_v30
2003-12-03,0.3962499911431223,nws_retro_v30
2003-12-04,0.3899999912828207,nws_retro_v30
2003-12-05,0.4366666569064061,nws_retro_v30
2003-12-06,0.3879166579960535,nws_retro_v30
2003-12-07,0.9524999787099659,nws_retro_v30
2003-12-08,0.42999999038875103,nws_retro_v30
2003-12-09,0.4245833238431563,nws_retro_v30
2003-12-10,1.7374999611638486,nws_retro_v30
2003-12-11,0.9783333114658793,nws_retro_v30
2003-12-12,0.508333321971198,nws_retro_v30
2003-12-13,0.5424999878741801,nws_retro_v30
2003-12-14,2.4933332776029906,nws_retro_v30
2003-12-15,1.3308333035868902,nws_retro_v30
2003-12-16,0.5816666536654035,nws_retro_v30
2003-12-17,0.48624998913146555,nws_retro_v30
2003-12-18,0.5195833217197409,nws_retro_v30
2003-12-19,0.46083332303290564,nws_retro_v30
2003-12-20,2.217916617092366,nws_retro_v30
2003-12-21,4.116249907994643,nws_retro_v30
2003-12-22,1.3058333041456838,nws_retro_v30
2003-12-23,2.080833286823084,nws_retro_v30
2003-12-24,6.176249861950055,nws_retro_v30
2003-12-25,4.715833227926244,nws_retro_v30
2003-12-26,2.028749954653904,nws_retro_v30
2003-12-27,1.0666666428248088,nws_retro_v30
2003-12-28,0.9016666465128461,nws_retro_v30
2003-12-29,22.824999489821494,nws_retro_v30
2003-12-30,48.3399989195168,nws_retro_v30
2003-12-31,7.690833161429812,nws_retro_v30
2004-01-01,67.30541516227338,nws_retro_v30
2004-01-02,37.347915831875675,nws_retro_v30
2004-01-03,19.881249555619434,nws_retro_v30
2004-01-04,16.614166295311104,nws_retro_v30
2004-01-05,15.670832983062914,nws_retro_v30
2004-01-06,14.18708301622731,nws_retro_v30
2004-01-07,12.349999723955989,nws_retro_v30
2004-01-08,11.266666414837042,nws_retro_v30
2004-01-09,8.485833143660178,nws_retro_v30
2004-01-10,15.679999649524689,nws_retro_v30
2004-01-11,9.48041645476284,nws_retro_v30
2004-01-12,8.207916483205432,nws_retro_v30
2004-01-13,7.434166500500093,nws_retro_v30
2004-01-14,6.989166510446618,nws_retro_v30
2004-01-15,7.095416508071746,nws_retro_v30
2004-01-16,5.903333201383551,nws_retro_v30
2004-01-17,5.138749885139987,nws_retro_v30
2004-01-18,4.603333230440815,nws_retro_v30
2004-01-19,4.165416573562349,nws_retro_v30
2004-01-20,3.9704165779209384,nws_retro_v30
2004-01-21,3.451249922858551,nws_retro_v30
2004-01-22,3.2045832617053143,nws_retro_v30
2004-01-23,3.0045832661756626,nws_retro_v30
2004-01-24,5.9699998665601015,nws_retro_v30
2004-01-25,4.9529165559603525,nws_retro_v30
2004-01-26,3.2549999272450805,nws_retro_v30
2004-01-27,4.8791665576087935,nws_retro_v30
2004-01-28,5.033333220829566,nws_retro_v30
2004-01-29,3.365833258101096,nws_retro_v30
2004-01-30,3.015416599266852,nws_retro_v30
2004-01-31,2.7704166047430285,nws_retro_v30
2004-02-01,2.4449999453499913,nws_retro_v30
2004-02-02,13.02208304226709,nws_retro_v30
2004-02-03,17.691666271227103,nws_retro_v30
2004-02-04,6.092083197164659,nws_retro_v30
2004-02-05,4.112916574735816,nws_retro_v30
2004-02-06,4.2054165726682795,nws_retro_v30
2004-02-07,4.497499899473041,nws_retro_v30
2004-02-08,3.840416580826665,nws_retro_v30
2004-02-09,3.6199999190866947,nws_retro_v30
2004-02-10,3.179583262264108,nws_retro_v30
2004-02-11,3.2245832612582794,nws_retro_v30
2004-02-12,3.179999928921461,nws_retro_v30
2004-02-13,2.7608332716238997,nws_retro_v30
2004-02-14,2.489166611029456,nws_retro_v30
2004-02-15,2.477916611280913,nws_retro_v30
2004-02-16,8.687916472476596,nws_retro_v30
2004-02-17,5.753333204736312,nws_retro_v30
2004-02-18,39.247499122750014,nws_retro_v30
2004-02-19,6.722499849740416,nws_retro_v30
2004-02-20,5.9183332010482745,nws_retro_v30
2004-02-21,7.042499842587858,nws_retro_v30
2004-02-22,9.916666445011893,nws_retro_v30
2004-02-23,8.173333150645098,nws_retro_v30
2004-02-24,11.259583081662035,nws_retro_v30
2004-02-25,64.64124855515547,nws_retro_v30
2004-02-26,40.4324990962632,nws_retro_v30
2004-02-27,18.052916263152536,nws_retro_v30
2004-02-28,14.86874966765754,nws_retro_v30
2004-02-29,13.055416374855364,nws_retro_v30
2004-03-01,16.148332972389955,nws_retro_v30
2004-03-02,16.833749623736367,nws_retro_v30
2004-03-03,9.949166444285462,nws_retro_v30
2004-03-04,8.586249808082357,nws_retro_v30
2004-03-05,7.529166498376678,nws_retro_v30
2004-03-06,7.173333172996839,nws_retro_v30
2004-03-07,6.033333198477824,nws_retro_v30
2004-03-08,5.192083217281227,nws_retro_v30
2004-03-09,4.872083224433784,nws_retro_v30
2004-03-10,3.9316665787870684,nws_retro_v30
2004-03-11,3.1587499293964356,nws_retro_v30
2004-03-12,3.13624992989935,nws_retro_v30
2004-03-13,3.050416598484541,nws_retro_v30
2004-03-14,2.96916660030062,nws_retro_v30
2004-03-15,2.777499937918037,nws_retro_v30
2004-03-16,2.5395832765692226,nws_retro_v30
2004-03-17,2.4108332794470093,nws_retro_v30
2004-03-18,2.3566666139910617,nws_retro_v30
2004-03-19,2.3808332801175616,nws_retro_v30
2004-03-20,2.3062499484512955,nws_retro_v30
2004-03-21,2.2908332821292183,nws_retro_v30
2004-03-22,2.1833332845320306,nws_retro_v30
2004-03-23,2.1474999519996345,nws_retro_v30
2004-03-24,2.102499953005463,nws_retro_v30
2004-03-25,2.090416619942213,nws_retro_v30
2004-03-26,9.853749779751524,nws_retro_v30
2004-03-27,2.536249943310395,nws_retro_v30
2004-03-28,2.122499952558428,nws_retro_v30
2004-03-29,2.0654166205010065,nws_retro_v30
2004-03-30,2.0387499544303864,nws_retro_v30
2004-03-31,1.996666622037689,nws_retro_v30
2004-04-01,1.9512499563861638,nws_retro_v30
2004-04-02,1.8745832914331306,nws_retro_v30
2004-04-03,1.8287499591242522,nws_retro_v30
2004-04-04,1.8187499593477696,nws_retro_v30
2004-04-05,1.802083293053632,nws_retro_v30
2004-04-06,1.787916626703615,nws_retro_v30
2004-04-07,1.764166627234469,nws_retro_v30
2004-04-08,1.7429166277094434,nws_retro_v30
2004-04-09,1.7249999614432454,nws_retro_v30
2004-04-10,1.707499961834401,nws_retro_v30
2004-04-11,1.6933332954843838,nws_retro_v30
2004-04-12,1.6787499624770135,nws_retro_v30
2004-04-13,1.6645832961269964,nws_retro_v30
2004-04-14,1.6474999631755054,nws_retro_v30
2004-04-15,1.6345832967975487,nws_retro_v30
2004-04-16,1.6204166304475318,nws_retro_v30
2004-04-17,1.6062499640975147,nws_retro_v30
2004-04-18,1.5949999643489718,nws_retro_v30
2004-04-19,1.579999964684248,nws_retro_v30
2004-04-20,1.6029166308386873,nws_retro_v30
2004-04-21,1.570416631565119,nws_retro_v30
2004-04-22,1.5416666322077315,nws_retro_v30
2004-04-23,1.526249965885654,nws_retro_v30
2004-04-24,1.5141666328224044,nws_retro_v30
2004-04-25,1.5020832997591542,nws_retro_v30
2004-04-26,1.4879166334091376,nws_retro_v30
2004-04-27,1.4762499670032412,nws_retro_v30
2004-04-28,1.4641666339399915,nws_retro_v30
2004-04-29,1.4520833008767415,nws_retro_v30
2004-04-30,1.4387499678414315,nws_retro_v30
2004-05-01,1.4266666347781818,nws_retro_v30
2004-05-02,1.4149999683722854,nws_retro_v30
2004-05-03,1.403333301966389,nws_retro_v30
2004-05-04,1.3916666355604927,nws_retro_v30
2004-05-05,1.3783333025251825,nws_retro_v30
2004-05-06,1.3670833027766394,nws_retro_v30
2004-05-07,1.3554166363707434,nws_retro_v30
2004-05-08,1.3441666366222005,nws_retro_v30
2004-05-09,1.3329166368736576,nws_retro_v30
2004-05-10,1.3216666371251147,nws_retro_v30
2004-05-11,1.3104166373765718,nws_retro_v30
2004-05-12,1.2987499709706753,nws_retro_v30
2004-05-13,1.287916637879486,nws_retro_v30
2004-05-14,1.2770833047882963,nws_retro_v30
2004-05-15,1.2666666383544605,nws_retro_v30
2004-05-16,1.2562499719206242,nws_retro_v30
2004-05-17,1.2458333054867883,nws_retro_v30
2004-05-18,1.2354166390529524,nws_retro_v30
2004-05-19,1.2254166392764698,nws_retro_v30
2004-05-20,1.2154166394999872,nws_retro_v30
2004-05-21,1.2054166397235047,nws_retro_v30
2004-05-22,1.1958333066043756,nws_retro_v30
2004-05-23,1.1862499734852465,nws_retro_v30
2004-05-24,1.1766666403661172,nws_retro_v30
2004-05-25,1.167083307246988,nws_retro_v30
2004-05-26,1.1579166407852124,nws_retro_v30
2004-05-27,1.1491666409807901,nws_retro_v30
2004-05-28,1.1399999745190144,nws_retro_v30
2004-05-29,1.1299999747425318,nws_retro_v30
2004-05-30,1.1212499749381095,nws_retro_v30
2004-05-31,1.1124999751336873,nws_retro_v30
2004-06-01,1.1041666419866185,nws_retro_v30
2004-06-02,1.0958333088395495,nws_retro_v30
2004-06-03,1.0874999756924808,nws_retro_v30
2004-06-04,1.0795833092027654,nws_retro_v30
2004-06-05,1.0699999760836365,nws_retro_v30
2004-06-06,1.0616666429365675,nws_retro_v30
2004-06-07,1.0541666431042056,nws_retro_v30
2004-06-08,1.0466666432718437,nws_retro_v30
2004-06-09,1.0391666434394815,nws_retro_v30
2004-06-10,1.029999976977706,nws_retro_v30
2004-06-11,1.0220833104879905,nws_retro_v30
2004-06-12,1.0154166439703356,nws_retro_v30
2004-06-13,1.0087499774526805,nws_retro_v30
2004-06-14,0.9999999776482582,nws_retro_v30
2004-06-15,0.9920833111585429,nws_retro_v30
2004-06-16,0.9858333112982413,nws_retro_v30
2004-06-17,0.979999978095293,nws_retro_v30
2004-06-18,0.9699999783188104,nws_retro_v30
2004-06-19,0.9641666451158623,nws_retro_v30
2004-06-20,0.9583333119129142,nws_retro_v30
2004-06-21,0.9499999787658452,nws_retro_v30
2004-06-22,0.9429166455908368,nws_retro_v30
2004-06-23,0.9379166457025955,nws_retro_v30
2004-06-24,0.92999997921288,nws_retro_v30
2004-06-25,0.9220833127231648,nws_retro_v30
2004-06-26,0.9174999794922769,nws_retro_v30
2004-06-27,0.909999979659915,nws_retro_v30
2004-06-28,0.9029166464849064,nws_retro_v30
2004-06-29,0.8991666465687255,nws_retro_v30
2004-06-30,0.8899999801069498,nws_retro_v30
2004-07-01,0.8849999802187085,nws_retro_v30
2004-07-02,0.8799999803304672,nws_retro_v30
2004-07-03,0.8716666471833984,nws_retro_v30
2004-07-04,0.8683333139245709,nws_retro_v30
2004-07-05,0.8599999807775021,nws_retro_v30
2004-07-06,0.8554166475466142,nws_retro_v30
2004-07-07,0.8499999810010195,nws_retro_v30
2004-07-08,0.842916647826011,nws_retro_v30
2004-07-09,0.8399999812245369,nws_retro_v30
2004-07-10,0.8304166481054077,nws_retro_v30
2004-07-11,0.828749981475994,nws_retro_v30
2004-07-12,0.8199999816715717,nws_retro_v30
2004-07-13,0.8170833150700977,nws_retro_v30
2004-07-14,0.8099999818950891,nws_retro_v30
2004-07-15,0.8058333153215548,nws_retro_v30
2004-07-16,0.7999999821186066,nws_retro_v30
2004-07-17,0.7945833155730119,nws_retro_v30
2004-07-18,0.789999982342124,nws_retro_v30
2004-07-19,0.7841666491391758,nws_retro_v30
2004-07-20,0.7799999825656414,nws_retro_v30
2004-07-21,0.7737499827053398,nws_retro_v30
2004-07-22,0.7699999827891588,nws_retro_v30
2004-07-23,0.7637499829288572,nws_retro_v30
2004-07-24,0.7599999830126762,nws_retro_v30
2004-07-25,0.754166649809728,nws_retro_v30
2004-07-26,0.7499999832361937,nws_retro_v30
2004-07-27,0.7454166500053058,nws_retro_v30
2004-07-28,0.7399999834597111,nws_retro_v30
2004-07-29,0.7366666502008835,nws_retro_v30
2004-07-30,0.7299999836832285,nws_retro_v30
2004-07-31,0.7283333170538148,nws_retro_v30
2004-08-01,0.7199999839067459,nws_retro_v30
2004-08-02,0.7199999839067459,nws_retro_v30
2004-08-03,0.7108333174449702,nws_retro_v30
2004-08-04,0.7099999841302633,nws_retro_v30
2004-08-05,0.7037499842699617,nws_retro_v30
2004-08-06,0.6999999843537807,nws_retro_v30
2004-08-07,0.6966666510949532,nws_retro_v30
2004-08-08,0.6899999845772982,nws_retro_v30
2004-08-09,0.6899999845772982,nws_retro_v30
2004-08-10,0.680416651458169,nws_retro_v30
2004-08-11,0.6799999848008156,nws_retro_v30
2004-08-12,0.6749999849125743,nws_retro_v30
2004-08-13,0.669999985024333,nws_retro_v30
2004-08-14,0.6695833183669796,nws_retro_v30
2004-08-15,0.6599999852478504,nws_retro_v30
2004-08-16,0.6599999852478504,nws_retro_v30
2004-08-17,0.6549999853596091,nws_retro_v30
2004-08-18,0.6499999854713678,nws_retro_v30
2004-08-19,0.6499999854713678,nws_retro_v30
2004-08-20,0.6408333190095922,nws_retro_v30
2004-08-21,0.6399999856948853,nws_retro_v30
2004-08-22,0.6374999857507646,nws_retro_v30
2004-08-23,0.6299999859184027,nws_retro_v30
2004-08-24,0.6299999859184027,nws_retro_v30
2004-08-25,0.624583319372808,nws_retro_v30
2004-08-26,0.6199999861419201,nws_retro_v30
2004-08-27,0.6199999861419201,nws_retro_v30
2004-08-28,0.6120833196522047,nws_retro_v30
2004-08-29,0.6099999863654375,nws_retro_v30
2004-08-30,0.6099999863654375,nws_retro_v30
2004-08-31,0.6004166532463083,nws_retro_v30
2004-09-01,0.5999999865889549,nws_retro_v30
2004-09-02,0.5995833199316015,nws_retro_v30
2004-09-03,0.5899999868124723,nws_retro_v30
2004-09-04,0.5899999868124723,nws_retro_v30
2004-09-05,0.5891666534977654,nws_retro_v30
2004-09-06,0.5799999870359898,nws_retro_v30
2004-09-07,0.5799999870359898,nws_retro_v30
2004-09-08,0.5799999870359898,nws_retro_v30
2004-09-09,0.5699999872595072,nws_retro_v30
2004-09-10,0.5699999872595072,nws_retro_v30
2004-09-11,0.5699999872595072,nws_retro_v30
2004-09-12,0.5608333207977315,nws_retro_v30
2004-09-13,0.5599999874830246,nws_retro_v30
2004-09-14,0.5599999874830246,nws_retro_v30
2004-09-15,0.5529166543080161,nws_retro_v30
2004-09-16,0.549999987706542,nws_retro_v30
2004-09-17,0.549999987706542,nws_retro_v30
2004-09-18,0.5458333211330076,nws_retro_v30
2004-09-19,0.5399999879300594,nws_retro_v30
2004-09-20,0.5399999879300594,nws_retro_v30
2004-09-21,0.5391666546153525,nws_retro_v30
2004-09-22,0.5299999881535769,nws_retro_v30
2004-09-23,0.5299999881535769,nws_retro_v30
2004-09-24,0.5299999881535769,nws_retro_v30
2004-09-25,0.5233333216359218,nws_retro_v30
2004-09-26,0.5199999883770943,nws_retro_v30
2004-09-27,0.5199999883770943,nws_retro_v30
2004-09-28,0.518749988405034,nws_retro_v30
2004-09-29,0.5099999886006117,nws_retro_v30
2004-09-30,0.5099999886006117,nws_retro_v30
2004-10-01,0.5099999886006117,nws_retro_v30
2004-10-02,0.5049999887123704,nws_retro_v30
2004-10-03,0.4999999888241291,nws_retro_v30
2004-10-04,0.4999999888241291,nws_retro_v30
2004-10-05,0.4999999888241291,nws_retro_v30
2004-10-06,0.49249998899176717,nws_retro_v30
2004-10-07,0.4899999890476465,nws_retro_v30
2004-10-08,0.4899999890476465,nws_retro_v30
2004-10-09,0.4899999890476465,nws_retro_v30
2004-10-10,0.48083332258587075,nws_retro_v30
2004-10-11,0.4799999892711639,nws_retro_v30
2004-10-12,0.4799999892711639,nws_retro_v30
2004-10-13,0.4799999892711639,nws_retro_v30
2004-10-14,0.4704166561520347,nws_retro_v30
2004-10-15,0.4699999894946813,nws_retro_v30
2004-10-16,0.4699999894946813,nws_retro_v30
2004-10-17,0.4883333224182327,nws_retro_v30
2004-10-18,0.7754166493347535,nws_retro_v30
2004-10-19,4.706666561464469,nws_retro_v30
2004-10-20,3.6033332527925572,nws_retro_v30
2004-10-21,0.6966666510949532,nws_retro_v30
2004-10-22,0.46874998952262104,nws_retro_v30
2004-10-23,0.4499999899417162,nws_retro_v30
2004-10-24,0.4499999899417162,nws_retro_v30
2004-10-25,0.45166665657113,nws_retro_v30
2004-10-26,1.4754166336885344,nws_retro_v30
2004-10-27,0.8099999818950891,nws_retro_v30
2004-10-28,0.4683333228652676,nws_retro_v30
2004-10-29,0.4399999901652336,nws_retro_v30
2004-10-30,0.4399999901652336,nws_retro_v30
2004-10-31,0.43333332364757854,nws_retro_v30
2004-11-01,0.429999990388751,nws_retro_v30
2004-11-02,0.429999990388751,nws_retro_v30
2004-11-03,0.429999990388751,nws_retro_v30
2004-11-04,0.429999990388751,nws_retro_v30
2004-11-05,0.42791665710198373,nws_retro_v30
2004-11-06,0.4199999906122684,nws_retro_v30
2004-11-07,0.4199999906122684,nws_retro_v30
2004-11-08,0.4199999906122684,nws_retro_v30
2004-11-09,0.4199999906122684,nws_retro_v30
2004-11-10,0.42291665721374244,nws_retro_v30
2004-11-11,0.8512499809730798,nws_retro_v30
2004-11-12,0.6124999863095582,nws_retro_v30
2004-11-13,0.44541665671082836,nws_retro_v30
2004-11-14,0.4754166560402761,nws_retro_v30
2004-11-15,0.4966666555653016,nws_retro_v30
2004-11-16,0.43958332350788015,nws_retro_v30
2004-11-17,0.40208332434607047,nws_retro_v30
2004-11-18,0.3999999910593033,nws_retro_v30
2004-11-19,0.3999999910593033,nws_retro_v30
2004-11-20,0.3999999910593033,nws_retro_v30
2004-11-21,0.39541665782841545,nws_retro_v30
2004-11-22,0.3899999912828207,nws_retro_v30
2004-11-23,0.3899999912828207,nws_retro_v30
2004-11-24,0.3899999912828207,nws_retro_v30
2004-11-25,0.3899999912828207,nws_retro_v30
2004-11-26,0.3899999912828207,nws_retro_v30
2004-11-27,0.9054166464290271,nws_retro_v30
2004-11-28,0.582083320322757,nws_retro_v30
2004-11-29,0.40583332426225144,nws_retro_v30
2004-11-30,0.42624999047257,nws_retro_v30
2004-12-01,0.4070833242343117,nws_retro_v30
2004-12-02,0.3933333245416482,nws_retro_v30
2004-12-03,0.3883333246534069,nws_retro_v30
2004-12-04,0.3816666581357519,nws_retro_v30
2004-12-05,0.37916665819163126,nws_retro_v30
2004-12-06,0.3699999917298555,nws_retro_v30
2004-12-07,3.7154165836206325,nws_retro_v30
2004-12-08,17.68166627145062,nws_retro_v30
2004-12-09,6.5570831867710995,nws_retro_v30
2004-12-10,2.0012499552685767,nws_retro_v30
2004-12-11,1.2270833059058834,nws_retro_v30
2004-12-12,0.9266666459540526,nws_retro_v30
2004-12-13,0.743749983375892,nws_retro_v30
2004-12-14,0.6279166526316354,nws_retro_v30
2004-12-15,0.5258333215800425,nws_retro_v30
2004-12-16,0.5324999880976975,nws_retro_v30
2004-12-17,0.5741666538330416,nws_retro_v30
2004-12-18,0.500833322138836,nws_retro_v30
2004-12-19,0.539583321272706,nws_retro_v30
2004-12-20,0.5037499887403101,nws_retro_v30
2004-12-21,0.48624998913146555,nws_retro_v30
2004-12-22,0.44749998999759555,nws_retro_v30
2004-12-23,0.42083332392697526,nws_retro_v30
2004-12-24,0.4162499906960874,nws_retro_v30
2004-12-25,0.4154166573813805,nws_retro_v30
2004-12-26,0.4191666572975615,nws_retro_v30
2004-12-27,8.394999812357128,nws_retro_v30
2004-12-28,14.489583009465909,nws_retro_v30
2004-12-29,7.598749830154702,nws_retro_v30
2004-12-30,23.51249947445467,nws_retro_v30
2004-12-31,30.934999308548868,nws_retro_v30
2005-01-01,17.51708294179601,nws_retro_v30
2005-01-02,15.363749656593427,nws_retro_v30
2005-01-03,29.78624933422543,nws_retro_v30
2005-01-04,20.017916219231363,nws_retro_v30
2005-01-05,13.902916355912263,nws_retro_v30
2005-01-06,13.07791637435245,nws_retro_v30
2005-01-07,39.9304157741523,nws_retro_v30
2005-01-08,64.2024985649623,nws_retro_v30
2005-01-09,30.524999317713082,nws_retro_v30
2005-01-10,20.512082874852542,nws_retro_v30
2005-01-11,62.38708193887336,nws_retro_v30
2005-01-12,26.012499418575317,nws_retro_v30
2005-01-13,17.197082948948566,nws_retro_v30
2005-01-14,15.865832978704324,nws_retro_v30
2005-01-15,13.900833022625497,nws_retro_v30
2005-01-16,12.501249720575288,nws_retro_v30
2005-01-17,10.904583089596903,nws_retro_v30
2005-01-18,9.99499977659434,nws_retro_v30
2005-01-19,9.336666457975904,nws_retro_v30
2005-01-20,9.201249794336036,nws_retro_v30
2005-01-21,8.721666471722225,nws_retro_v30
2005-01-22,8.010833154277256,nws_retro_v30
2005-01-23,7.360416502148534,nws_retro_v30
2005-01-24,6.640833184899141,nws_retro_v30
2005-01-25,5.777083204205458,nws_retro_v30
2005-01-26,19.65166622741769,nws_retro_v30
2005-01-27,16.17041630522969,nws_retro_v30
2005-01-28,28.067082705985133,nws_retro_v30
2005-01-29,11.661249739350751,nws_retro_v30
2005-01-30,7.795833159082879,nws_retro_v30
2005-01-31,7.872083157378559,nws_retro_v30
2005-02-01,7.613333163162072,nws_retro_v30
2005-02-02,7.013749843230471,nws_retro_v30
2005-02-03,6.783333181714018,nws_retro_v30
2005-02-04,6.294166525981079,nws_retro_v30
2005-02-05,5.870416535452629,nws_retro_v30
2005-02-06,5.156249884748831,nws_retro_v30
2005-02-07,5.9737498664762825,nws_retro_v30
2005-02-08,6.627499851863831,nws_retro_v30
2005-02-09,5.1191665522443754,nws_retro_v30
2005-02-10,4.562916564677532,nws_retro_v30
2005-02-11,4.076666575546066,nws_retro_v30
2005-02-12,5.870833202109982,nws_retro_v30
2005-02-13,4.474583233318602,nws_retro_v30
2005-02-14,4.211249905871227,nws_retro_v30
2005-02-15,23.012499485630542,nws_retro_v30
2005-02-16,23.44458280930606,nws_retro_v30
2005-02-17,7.707916494381304,nws_retro_v30
2005-02-18,24.20999945886433,nws_retro_v30
2005-02-19,13.739999692887068,nws_retro_v30
2005-02-20,21.649166182770085,nws_retro_v30
2005-02-21,13.388333034080764,nws_retro_v30
2005-02-22,14.518333008823296,nws_retro_v30
2005-02-23,12.824583046681559,nws_retro_v30
2005-02-24,10.086249774554744,nws_retro_v30
2005-02-25,9.475833121531954,nws_retro_v30
2005-02-26,8.647916473370666,nws_retro_v30
2005-02-27,7.998749821214005,nws_retro_v30
2005-02-28,45.03583232670402,nws_retro_v30
2005-03-01,11.45541641061815,nws_retro_v30
2005-03-02,27.174582725934062,nws_retro_v30
2005-03-03,12.823749713366851,nws_retro_v30
2005-03-04,37.80166582173357,nws_retro_v30
2005-03-05,22.6683328266566,nws_retro_v30
2005-03-06,12.680833049894622,nws_retro_v30
2005-03-07,11.46624974370934,nws_retro_v30
2005-03-08,10.489583098872876,nws_retro_v30
2005-03-09,9.272916459400827,nws_retro_v30
2005-03-10,7.319583169727896,nws_retro_v30
2005-03-11,5.9349998673424125,nws_retro_v30
2005-03-12,5.9958331993160146,nws_retro_v30
2005-03-13,6.186249861726537,nws_retro_v30
2005-03-14,5.625833207586159,nws_retro_v30
2005-03-15,4.645833229490866,nws_retro_v30
2005-03-16,4.554999898187816,nws_retro_v30
2005-03-17,4.4712499000597745,nws_retro_v30
2005-03-18,4.696666561687986,nws_retro_v30
2005-03-19,14.925832999714961,nws_retro_v30
2005-03-20,17.111666284191113,nws_retro_v30
2005-03-21,11.605833073922744,nws_retro_v30
2005-03-22,56.76249873125926,nws_retro_v30
2005-03-23,35.607082537453,nws_retro_v30
2005-03-24,17.400416277737047,nws_retro_v30
2005-03-25,15.392916322608167,nws_retro_v30
2005-03-26,14.40874967793934,nws_retro_v30
2005-03-27,14.425833010890832,nws_retro_v30
2005-03-28,20.322916212414082,nws_retro_v30
2005-03-29,16.613332961996395,nws_retro_v30
2005-03-30,14.697083004827922,nws_retro_v30
2005-03-31,8.743749804561958,nws_retro_v30
2005-04-01,7.743333160256346,nws_retro_v30
2005-04-02,7.401249834569171,nws_retro_v30
2005-04-03,6.099583196997021,nws_retro_v30
2005-04-04,21.538332851914067,nws_retro_v30
2005-04-05,7.8341664915593965,nws_retro_v30
2005-04-06,6.164583195544158,nws_retro_v30
2005-04-07,12.021666397961477,nws_retro_v30
2005-04-08,16.2141663042518,nws_retro_v30
2005-04-09,17.36666627849142,nws_retro_v30
2005-04-10,7.376249835127965,nws_retro_v30
2005-04-11,5.8833332018305855,nws_retro_v30
2005-04-12,5.2649998823180795,nws_retro_v30
2005-04-13,4.706249894807115,nws_retro_v30
2005-04-14,4.435416567527379,nws_retro_v30
2005-04-15,4.010833243684222,nws_retro_v30
2005-04-16,3.907499912660569,nws_retro_v30
2005-04-17,3.877083246673768,nws_retro_v30
2005-04-18,3.757083249355977,nws_retro_v30
2005-04-19,3.4741665890129902,nws_retro_v30
2005-04-20,3.4754165889850506,nws_retro_v30
2005-04-21,3.455833256089439,nws_retro_v30
2005-04-22,3.3199999257922173,nws_retro_v30
2005-04-23,6.283333192889889,nws_retro_v30
2005-04-24,4.499583232759808,nws_retro_v30
2005-04-25,3.4687499224673957,nws_retro_v30
2005-04-26,3.352916591723139,nws_retro_v30
2005-04-27,3.2704165935671576,nws_retro_v30
2005-04-28,5.941666533860068,nws_retro_v30
2005-04-29,4.496249899500981,nws_retro_v30
2005-04-30,3.249166594042132,nws_retro_v30
2005-05-01,3.2020832617611936,nws_retro_v30
2005-05-02,3.112916597087557,nws_retro_v30
2005-05-03,2.9487499340903014,nws_retro_v30
2005-05-04,2.9029166017814227,nws_retro_v30
2005-05-05,3.688333250892659,nws_retro_v30
2005-05-06,3.2833332599451146,nws_retro_v30
2005-05-07,2.895416601949061,nws_retro_v30
2005-05-08,3.04666659856836,nws_retro_v30
2005-05-09,4.919583223372077,nws_retro_v30
2005-05-10,3.1491665962773063,nws_retro_v30
2005-05-11,2.8154166037372,nws_retro_v30
2005-05-12,2.729999938979745,nws_retro_v30
2005-05-13,2.675416606866444,nws_retro_v30
2005-05-14,2.6245832746693245,nws_retro_v30
2005-05-15,2.5745832757869116,nws_retro_v30
2005-05-16,2.54291660982805,nws_retro_v30
2005-05-17,2.5083332772677145,nws_retro_v30
2005-05-18,2.492916610945637,nws_retro_v30
2005-05-19,5.210416550204779,nws_retro_v30
2005-05-20,2.8495832696401826,nws_retro_v30
2005-05-21,2.440833278776457,nws_retro_v30
2005-05-22,2.381666613432268,nws_retro_v30
2005-05-23,2.3566666139910617,nws_retro_v30
2005-05-24,2.331249947892502,nws_retro_v30
2005-05-25,2.305833281793942,nws_retro_v30
2005-05-26,2.2845832822689167,nws_retro_v30
2005-05-27,2.261249949457124,nws_retro_v30
2005-05-28,2.238749949960038,nws_retro_v30
2005-05-29,2.2112499505747105,nws_retro_v30
2005-05-30,2.1899999510496855,nws_retro_v30
2005-05-31,2.1683332848673067,nws_retro_v30
2005-06-01,2.146666618684928,nws_retro_v30
2005-06-02,2.123333285873135,nws_retro_v30
2005-06-03,2.1012499530334026,nws_retro_v30
2005-06-04,2.079583286851024,nws_retro_v30
2005-06-05,2.0583332873259983,nws_retro_v30
2005-06-06,2.038333287773033,nws_retro_v30
2005-06-07,2.017499954905361,nws_retro_v30
2005-06-08,1.9974999553523958,nws_retro_v30
2005-06-09,1.9795832890861982,nws_retro_v30
2005-06-10,1.9591666228758793,nws_retro_v30
2005-06-11,1.938333290008207,nws_retro_v30
2005-06-12,1.9187499571125954,nws_retro_v30
2005-06-13,1.8999999575316904,nws_retro_v30
2005-06-14,1.8812499579507858,nws_retro_v30
2005-06-15,1.8629166250272344,nws_retro_v30
2005-06-16,1.8499999586492777,nws_retro_v30
2005-06-17,2.647916607481117,nws_retro_v30
2005-06-18,1.9245832903155435,nws_retro_v30
2005-06-19,1.7995832931095113,nws_retro_v30
2005-06-20,1.7745832936683048,nws_retro_v30
2005-06-21,1.7562499607447535,nws_retro_v30
2005-06-22,1.7399999611079693,nws_retro_v30
2005-06-23,1.7241666281285386,nws_retro_v30
2005-06-24,1.706666628519694,nws_retro_v30
2005-06-25,1.6912499621976167,nws_retro_v30
2005-06-26,1.675416629218186,nws_retro_v30
2005-06-27,1.6599999628961086,nws_retro_v30
2005-06-28,1.6445832965740312,nws_retro_v30
2005-06-29,1.629166630251954,nws_retro_v30
2005-06-30,1.6145832972445835,nws_retro_v30
2005-07-01,1.5991666309225063,nws_retro_v30
2005-07-02,1.5849999645724893,nws_retro_v30
2005-07-03,1.5708332982224722,nws_retro_v30
2005-07-04,1.5558332985577483,nws_retro_v30
2005-07-05,1.5429166321797918,nws_retro_v30
2005-07-06,1.527916632515068,nws_retro_v30
2005-07-07,1.5149999661371112,nws_retro_v30
2005-07-08,1.5024999664165077,nws_retro_v30
2005-07-09,1.487499966751784,nws_retro_v30
2005-07-10,1.4749999670311809,nws_retro_v30
2005-07-11,1.4629166339679311,nws_retro_v30
2005-07-12,1.4495833009326209,nws_retro_v30
2005-07-13,1.4366666345546644,nws_retro_v30
2005-07-14,1.4245833014914144,nws_retro_v30
2005-07-15,1.4129166350855182,nws_retro_v30
2005-07-16,1.4008333020222683,nws_retro_v30
2005-07-17,1.388333302301665,nws_retro_v30
2005-07-18,1.3766666358957689,nws_retro_v30
2005-07-19,1.365416636147226,nws_retro_v30
2005-07-20,1.354166636398683,nws_retro_v30
2005-07-21,1.3433333033074935,nws_retro_v30
2005-07-22,1.3320833035589505,nws_retro_v30
2005-07-23,1.3212499704677612,nws_retro_v30
2005-07-24,1.3104166373765718,nws_retro_v30
2005-07-25,1.2991666376280289,nws_retro_v30
2005-07-26,1.2887499711941928,nws_retro_v30
2005-07-27,1.2787499714177102,nws_retro_v30
2005-07-28,1.268333304983874,nws_retro_v30
2005-07-29,1.2583333052073915,nws_retro_v30
2005-07-30,1.248333305430909,nws_retro_v30
2005-07-31,1.2387499723117799,nws_retro_v30
2005-08-01,1.2287499725352973,nws_retro_v30
2005-08-02,1.2191666394161682,nws_retro_v30
2005-08-03,1.2099999729543924,nws_retro_v30
2005-08-04,1.19999997317791,nws_retro_v30
2005-08-05,1.190833306716134,nws_retro_v30
2005-08-06,1.1816666402543585,nws_retro_v30
2005-08-07,1.1724999737925828,nws_retro_v30
2005-08-08,1.1637499739881605,nws_retro_v30
2005-08-09,1.1554166408410917,nws_retro_v30
2005-08-10,1.1466666410366695,nws_retro_v30
2005-08-11,1.1383333078896005,nws_retro_v30
2005-08-12,1.1299999747425318,nws_retro_v30
2005-08-13,1.1204166416234027,nws_retro_v30
2005-08-14,1.1120833084763337,nws_retro_v30
2005-08-15,1.1041666419866185,nws_retro_v30
2005-08-16,1.0966666421542566,nws_retro_v30
2005-08-17,1.0891666423218946,nws_retro_v30
2005-08-18,1.0799999758601189,nws_retro_v30
2005-08-19,1.0720833093704036,nws_retro_v30
2005-08-20,1.0649999761953952,nws_retro_v30
2005-08-21,1.0579166430203866,nws_retro_v30
2005-08-22,1.0499999765306711,nws_retro_v30
2005-08-23,1.0412499767262486,nws_retro_v30
2005-08-24,1.0345833102085937,nws_retro_v30
2005-08-25,1.0283333103482921,nws_retro_v30
2005-08-26,1.0199999772012234,nws_retro_v30
2005-08-27,1.012083310711508,nws_retro_v30
2005-08-28,1.0062499775085598,nws_retro_v30
2005-08-29,0.9999999776482582,nws_retro_v30
2005-08-30,0.990416644529129,nws_retro_v30
2005-08-31,0.9849999779835343,nws_retro_v30
2005-09-01,0.9795833114379396,nws_retro_v30
2005-09-02,0.9699999783188104,nws_retro_v30
2005-09-03,0.9645833117732158,nws_retro_v30
2005-09-04,0.959999978542328,nws_retro_v30
2005-09-05,0.9499999787658452,nws_retro_v30
2005-09-06,0.9454166455349574,nws_retro_v30
2005-09-07,0.9399999789893628,nws_retro_v30
2005-09-08,0.9312499791849403,nws_retro_v30
2005-09-09,0.9270833126114059,nws_retro_v30
2005-09-10,0.9199999794363976,nws_retro_v30
2005-09-11,0.9133333129187425,nws_retro_v30
2005-09-12,0.9087499796878546,nws_retro_v30
2005-09-13,0.8999999798834324,nws_retro_v30
2005-09-14,0.8954166466525445,nws_retro_v30
2005-09-15,0.8899999801069498,nws_retro_v30
2005-09-16,0.8824999802745879,nws_retro_v30
2005-09-17,0.8799999803304672,nws_retro_v30
2005-09-18,0.8699999805539846,nws_retro_v30
2005-09-19,0.867499980609864,nws_retro_v30
2005-09-20,0.8599999807775021,nws_retro_v30
2005-09-21,0.8554166475466142,nws_retro_v30
2005-09-22,0.8499999810010195,nws_retro_v30
2005-09-23,0.8437499811407179,nws_retro_v30
2005-09-24,0.8470833143995454,nws_retro_v30
2005-09-25,0.8337499813642353,nws_retro_v30
2005-09-26,0.8299999814480543,nws_retro_v30
2005-09-27,0.821249981643632,nws_retro_v30
2005-09-28,0.8199999816715717,nws_retro_v30
2005-09-29,0.8104166485524426,nws_retro_v30
2005-09-30,0.8099999818950891,nws_retro_v30
2005-10-01,0.7999999821186066,nws_retro_v30
2005-10-02,0.7999999821186066,nws_retro_v30
2005-10-03,0.789999982342124,nws_retro_v30
2005-10-04,0.789999982342124,nws_retro_v30
2005-10-05,0.7804166492229948,nws_retro_v30
2005-10-06,0.7799999825656414,nws_retro_v30
2005-10-07,0.7712499827612191,nws_retro_v30
2005-10-08,0.7699999827891588,nws_retro_v30
2005-10-09,0.76166664964209,nws_retro_v30
2005-10-10,0.7599999830126762,nws_retro_v30
2005-10-11,0.7533333164950212,nws_retro_v30
2005-10-12,0.7499999832361937,nws_retro_v30
2005-10-13,0.7449999833479524,nws_retro_v30
2005-10-14,0.7399999834597111,nws_retro_v30
2005-10-15,0.7374999835155904,nws_retro_v30
2005-10-16,0.7299999836832285,nws_retro_v30
2005-10-17,0.7299999836832285,nws_retro_v30
2005-10-18,0.7199999839067459,nws_retro_v30
2005-10-19,0.7199999839067459,nws_retro_v30
2005-10-20,0.7133333173890909,nws_retro_v30
2005-10-21,0.7099999841302633,nws_retro_v30
2005-10-22,0.7070833175287893,nws_retro_v30
2005-10-23,0.6999999843537807,nws_retro_v30
2005-10-24,0.6999999843537807,nws_retro_v30
2005-10-25,0.6912499845493585,nws_retro_v30
2005-10-26,0.6899999845772982,nws_retro_v30
2005-10-27,0.6858333180037638,nws_retro_v30
2005-10-28,0.6799999848008156,nws_retro_v30
2005-10-29,0.6799999848008156,nws_retro_v30
2005-10-30,0.6712499849963933,nws_retro_v30
2005-10-31,0.669999985024333,nws_retro_v30
2005-11-01,0.6666666517655054,nws_retro_v30
2005-11-02,0.6599999852478504,nws_retro_v30
2005-11-03,0.6599999852478504,nws_retro_v30
2005-11-04,0.6529166520728419,nws_retro_v30
2005-11-05,0.6499999854713678,nws_retro_v30
2005-11-06,0.6499999854713678,nws_retro_v30
2005-11-07,0.6399999856948853,nws_retro_v30
2005-11-08,0.6433333189537128,nws_retro_v30
2005-11-09,0.6391666523801783,nws_retro_v30
2005-11-10,0.6299999859184027,nws_retro_v30
2005-11-11,0.6299999859184027,nws_retro_v30
2005-11-12,0.6254166526875148,nws_retro_v30
2005-11-13,0.6199999861419201,nws_retro_v30
2005-11-14,0.6199999861419201,nws_retro_v30
2005-11-15,0.6137499862816185,nws_retro_v30
2005-11-16,0.6099999863654375,nws_retro_v30
2005-11-17,0.6099999863654375,nws_retro_v30
2005-11-18,0.6033333198477825,nws_retro_v30
2005-11-19,0.5999999865889549,nws_retro_v30
2005-11-20,0.5999999865889549,nws_retro_v30
2005-11-21,0.5933333200712999,nws_retro_v30
2005-11-22,0.5899999868124723,nws_retro_v30
2005-11-23,0.5899999868124723,nws_retro_v30
2005-11-24,0.5837499869521707,nws_retro_v30
2005-11-25,0.7070833175287893,nws_retro_v30
2005-11-26,0.7329166502847025,nws_retro_v30
2005-11-27,0.5862499868962914,nws_retro_v30
2005-11-28,0.5708333205742141,nws_retro_v30
2005-11-29,0.667083318422859,nws_retro_v30
2005-11-30,0.5791666537212828,nws_retro_v30
2005-12-01,0.9145833128908029,nws_retro_v30
2005-12-02,6.550416520253445,nws_retro_v30
2005-12-03,1.0249999770894647,nws_retro_v30
2005-12-04,0.5908333201271793,nws_retro_v30
2005-12-05,0.553749987622723,nws_retro_v30
2005-12-06,0.5529166543080161,nws_retro_v30
2005-12-07,0.5487499877344817,nws_retro_v30
2005-12-08,0.5399999879300594,nws_retro_v30
2005-12-09,0.5399999879300594,nws_retro_v30
2005-12-10,0.5399999879300594,nws_retro_v30
2005-12-11,0.5354166546991715,nws_retro_v30
2005-12-12,0.5374999879859388,nws_retro_v30
2005-12-13,0.5299999881535769,nws_retro_v30
2005-12-14,0.5299999881535769,nws_retro_v30
2005-12-15,0.5204166550344477,nws_retro_v30
2005-12-16,0.5199999883770943,nws_retro_v30
2005-12-17,0.521666655006508,nws_retro_v30
2005-12-18,14.681666338505844,nws_retro_v30
2005-12-19,13.172499705571681,nws_retro_v30
2005-12-20,2.6470832741664103,nws_retro_v30
2005-12-21,4.509166565878938,nws_retro_v30
2005-12-22,14.694583004883802,nws_retro_v30
2005-12-23,14.338749679503962,nws_retro_v30
2005-12-24,4.364583235777293,nws_retro_v30
2005-12-25,4.404999901540577,nws_retro_v30
2005-12-26,43.510832360790424,nws_retro_v30
2005-12-27,11.169166417016337,nws_retro_v30
2005-12-28,33.249999256804585,nws_retro_v30
2005-12-29,18.469166253848623,nws_retro_v30
2005-12-30,15.349166323586056,nws_retro_v30
2005-12-31,98.27249780343845,nws_retro_v30
2006-01-01,31.767915956598397,nws_retro_v30
2006-01-02,58.1241653674903,nws_retro_v30
2006-01-03,57.2104153879142,nws_retro_v30
2006-01-04,21.271666191207867,nws_retro_v30
2006-01-05,20.569582873567317,nws_retro_v30
2006-01-06,18.88666624451677,nws_retro_v30
2006-01-07,23.02041615212026,nws_retro_v30
2006-01-08,17.87708293374938,nws_retro_v30
2006-01-09,13.106249707052484,nws_retro_v30
2006-01-10,11.517499742563814,nws_retro_v30
2006-01-11,11.476249743485823,nws_retro_v30
2006-01-12,10.780833092362931,nws_retro_v30
2006-01-13,9.230416460350776,nws_retro_v30
2006-01-14,20.279999546706676,nws_retro_v30
2006-01-15,22.701666159244876,nws_retro_v30
2006-01-16,9.11458312960652,nws_retro_v30
2006-01-17,9.304999792017043,nws_retro_v30
2006-01-18,22.110416172460344,nws_retro_v30
2006-01-19,13.717499693389982,nws_retro_v30
2006-01-20,8.746249804506078,nws_retro_v30
2006-01-21,8.914583134076869,nws_retro_v30
2006-01-22,8.769583137317872,nws_retro_v30
2006-01-23,6.777083181853716,nws_retro_v30
2006-01-24,6.397499857004732,nws_retro_v30
2006-01-25,6.17208319537652,nws_retro_v30
2006-01-26,7.8674998241476715,nws_retro_v30
2006-01-27,6.524583187497531,nws_retro_v30
2006-01-28,6.006666532407205,nws_retro_v30
2006-01-29,6.899999845772982,nws_retro_v30
2006-01-30,5.901249868096784,nws_retro_v30
2006-01-31,5.637916540649409,nws_retro_v30
2006-02-01,4.653749895980582,nws_retro_v30
2006-02-02,5.568749875528738,nws_retro_v30
2006-02-03,5.167499884497374,nws_retro_v30
2006-02-04,4.950416556016232,nws_retro_v30
2006-02-05,4.337083236391966,nws_retro_v30
2006-02-06,3.3079165927289673,nws_retro_v30
2006-02-07,3.142083263102298,nws_retro_v30
2006-02-08,3.097916597422833,nws_retro_v30
2006-02-09,3.089166597618411,nws_retro_v30
2006-02-10,3.0924999308772385,nws_retro_v30
2006-02-11,3.0254165990433344,nws_retro_v30
2006-02-12,2.865416602619613,nws_retro_v30
2006-02-13,2.6824999400414526,nws_retro_v30
2006-02-14,2.5199999436736107,nws_retro_v30
2006-02-15,2.420833279223492,nws_retro_v30
2006-02-16,2.4770832779662064,nws_retro_v30
2006-02-17,2.5216666103030243,nws_retro_v30
2006-02-18,3.335833258771648,nws_retro_v30
2006-02-19,3.122083263549333,nws_retro_v30
2006-02-20,3.020416599155093,nws_retro_v30
2006-02-21,2.5579166094927737,nws_retro_v30
2006-02-22,2.4179166126220175,nws_retro_v30
2006-02-23,2.3912499465513974,nws_retro_v30
2006-02-24,2.330416614577795,nws_retro_v30
2006-02-25,2.2945832820453993,nws_retro_v30
2006-02-26,2.6133332749207816,nws_retro_v30
2006-02-27,17.495416275613632,nws_retro_v30
2006-02-28,31.708749291254207,nws_retro_v30
2006-03-01,11.612499740440398,nws_retro_v30
2006-03-02,13.868333023351928,nws_retro_v30
2006-03-03,23.13958281612334,nws_retro_v30
2006-03-04,16.7108329598171,nws_retro_v30
2006-03-05,10.783333092307052,nws_retro_v30
2006-03-06,54.51666544812421,nws_retro_v30
2006-03-07,23.924582798577223,nws_retro_v30
2006-03-08,21.57624951773323,nws_retro_v30
2006-03-09,14.850833001391342,nws_retro_v30
2006-03-10,15.774999647401273,nws_retro_v30
2006-03-11,19.577499562408775,nws_retro_v30
2006-03-12,21.578332851019997,nws_retro_v30
2006-03-13,20.10499955061823,nws_retro_v30
2006-03-14,48.79583224266147,nws_retro_v30
2006-03-15,21.369166189028572,nws_retro_v30
2006-03-16,15.927499643992633,nws_retro_v30
2006-03-17,33.91791590854215,nws_retro_v30
2006-03-18,18.892916244377073,nws_retro_v30
2006-03-19,11.135416417770708,nws_retro_v30
2006-03-20,24.930416109428432,nws_retro_v30
2006-03-21,35.687915868979566,nws_retro_v30
2006-03-22,15.835832979374876,nws_retro_v30
2006-03-23,13.320416368932152,nws_retro_v30
2006-03-24,11.626249740133062,nws_retro_v30
2006-03-25,43.786249021301046,nws_retro_v30
2006-03-26,19.767499558161944,nws_retro_v30
2006-03-27,12.972083043384677,nws_retro_v30
2006-03-28,43.90291568536001,nws_retro_v30
2006-03-29,50.604582202232756,nws_retro_v30
2006-03-30,24.407916121107217,nws_retro_v30
2006-03-31,23.29333281268676,nws_retro_v30
2006-04-01,34.4445825634369,nws_retro_v30
2006-04-02,15.498332986918589,nws_retro_v30
2006-04-03,118.6029140156849,nws_retro_v30
2006-04-04,95.04124787566252,nws_retro_v30
2006-04-05,56.88416539520646,nws_retro_v30
2006-04-06,31.543749294942245,nws_retro_v30
2006-04-07,26.178332748201985,nws_retro_v30
2006-04-08,44.02041568273368,nws_retro_v30
2006-04-09,22.142916171733912,nws_retro_v30
2006-04-10,23.15749948238954,nws_retro_v30
2006-04-11,39.914582441172875,nws_retro_v30
2006-04-12,48.57208224766267,nws_retro_v30
2006-04-13,30.09749932726845,nws_retro_v30
2006-04-14,17.67708293821973,nws_retro_v30
2006-04-15,19.78499955777079,nws_retro_v30
2006-04-16,31.489165962828945,nws_retro_v30
2006-04-17,26.12166608280192,nws_retro_v30
2006-04-18,13.049166374995062,nws_retro_v30
2006-04-19,10.423333100353679,nws_retro_v30
2006-04-20,9.910416445151592,nws_retro_v30
2006-04-21,10.217083104963725,nws_retro_v30
2006-04-22,10.617083096023029,nws_retro_v30
2006-04-23,9.870416446045661,nws_retro_v30
2006-04-24,10.475833099180212,nws_retro_v30
2006-04-25,9.15083312879627,nws_retro_v30
2006-04-26,8.921249800594524,nws_retro_v30
2006-04-27,7.076666508490841,nws_retro_v30
2006-04-28,6.264166526651631,nws_retro_v30
2006-04-29,6.100833196969082,nws_retro_v30
2006-04-30,5.5029165436668945,nws_retro_v30
2006-05-01,4.970416555569197,nws_retro_v30
2006-05-02,4.665416562386478,nws_retro_v30
2006-05-03,4.56874989788048,nws_retro_v30
2006-05-04,4.54458323175398,nws_retro_v30
2006-05-05,4.572083231139307,nws_retro_v30
2006-05-06,4.487083233039205,nws_retro_v30
2006-05-07,4.357916569259639,nws_retro_v30
2006-05-08,4.187499906402081,nws_retro_v30
2006-05-09,4.024166576719533,nws_retro_v30
2006-05-10,3.949166578395913,nws_retro_v30
2006-05-11,3.897083246226733,nws_retro_v30
2006-05-12,3.8341665809663628,nws_retro_v30
2006-05-13,3.7583332493280373,nws_retro_v30
2006-05-14,3.694583250752961,nws_retro_v30
2006-05-15,3.64124991861172,nws_retro_v30
2006-05-16,3.5912499197293073,nws_retro_v30
2006-05-17,3.5441665874483683,nws_retro_v30
2006-05-18,3.4962499218527228,nws_retro_v30
2006-05-19,3.4495832562291375,nws_retro_v30
2006-05-20,3.4016665906334915,nws_retro_v30
2006-05-21,3.3595832582407943,nws_retro_v30
2006-05-22,3.480416588873292,nws_retro_v30
2006-05-23,3.2854165932318815,nws_retro_v30
2006-05-24,3.2295832611465207,nws_retro_v30
2006-05-25,3.1854165954670557,nws_retro_v30
2006-05-26,3.144999929703772,nws_retro_v30
2006-05-27,3.1049999305978417,nws_retro_v30
2006-05-28,3.0654165981492647,nws_retro_v30
2006-05-29,3.0270832656727484,nws_retro_v30
2006-05-30,2.9895832665109388,nws_retro_v30
2006-05-31,2.9529166006638357,nws_retro_v30
2006-06-01,2.9158332681593797,nws_retro_v30
2006-06-02,2.880416602284337,nws_retro_v30
2006-06-03,2.8449999364092946,nws_retro_v30
2006-06-04,2.8108332705063126,nws_retro_v30
2006-06-05,2.776249937945977,nws_retro_v30
2006-06-06,2.7429166053577014,nws_retro_v30
2006-06-07,2.7099999394267797,nws_retro_v30
2006-06-08,2.677083273495858,nws_retro_v30
2006-06-09,2.64583327419435,nws_retro_v30
2006-06-10,2.614583274892842,nws_retro_v30
2006-06-11,2.583749942248687,nws_retro_v30
2006-06-12,2.5537499429192394,nws_retro_v30
2006-06-13,2.5237499435897917,nws_retro_v30
2006-06-14,2.4949999442324042,nws_retro_v30
2006-06-15,2.46666661153237,nws_retro_v30
2006-06-16,2.4387499454896897,nws_retro_v30
2006-06-17,2.4108332794470093,nws_retro_v30
2006-06-18,2.3837499467190355,nws_retro_v30
2006-06-19,2.357916613963122,nws_retro_v30
2006-06-20,2.331249947892502,nws_retro_v30
2006-06-21,2.305833281793942,nws_retro_v30
2006-06-22,2.2808332823527357,nws_retro_v30
2006-06-23,2.256249949568883,nws_retro_v30
2006-06-24,2.2316666167850294,nws_retro_v30
2006-06-25,2.2083332839732366,nws_retro_v30
2006-06-26,2.1845832845040905,nws_retro_v30
2006-06-27,2.161249951692298,nws_retro_v30
2006-06-28,2.139166618852566,nws_retro_v30
2006-06-29,2.1170832860128335,nws_retro_v30
2006-06-30,2.0949999531731014,nws_retro_v30
2006-07-01,2.073333286990722,nws_retro_v30
2006-07-02,2.0520832874656967,nws_retro_v30
2006-07-03,2.031666621255378,nws_retro_v30
2006-07-04,2.010833288387706,nws_retro_v30
2006-07-05,1.9908332888347406,nws_retro_v30
2006-07-06,1.9712499559391292,nws_retro_v30
2006-07-07,1.9520832897008706,nws_retro_v30
2006-07-08,1.9329166234626125,nws_retro_v30
2006-07-09,1.9141666238817077,nws_retro_v30
2006-07-10,1.8954166243008028,nws_retro_v30
2006-07-11,1.8770832913772513,nws_retro_v30
2006-07-12,1.8591666251110535,nws_retro_v30
2006-07-13,1.841666625502209,nws_retro_v30
2006-07-14,1.8245832925507177,nws_retro_v30
2006-07-15,1.80666662628452,nws_retro_v30
2006-07-16,1.7904166266477357,nws_retro_v30
2006-07-17,1.7741666270109515,nws_retro_v30
2006-07-18,1.7570832940594603,nws_retro_v30
2006-07-19,1.7420832943947364,nws_retro_v30
2006-07-20,1.725416628100599,nws_retro_v30
2006-07-21,1.7099999617785215,nws_retro_v30
2006-07-22,1.6945832954564441,nws_retro_v30
2006-07-23,1.679166629134367,nws_retro_v30
2006-07-24,1.6645832961269964,nws_retro_v30
2006-07-25,1.6495832964622725,nws_retro_v30
2006-07-26,1.6349999634549022,nws_retro_v30
2006-07-27,1.6212499637622386,nws_retro_v30
2006-07-28,1.6062499640975147,nws_retro_v30
2006-07-29,1.593333297719558,nws_retro_v30
2006-07-30,1.5787499647121876,nws_retro_v30
2006-07-31,1.5654166316768776,nws_retro_v30
2006-08-01,1.5529166319562744,nws_retro_v30
2006-08-02,1.5387499656062573,nws_retro_v30
2006-08-03,1.5258332992283006,nws_retro_v30
2006-08-04,1.5137499661650509,nws_retro_v30
2006-08-05,1.5012499664444474,nws_retro_v30
2006-08-06,1.4879166334091376,nws_retro_v30
2006-08-07,1.4758333003458877,nws_retro_v30
2006-08-08,1.4641666339399915,nws_retro_v30
2006-08-09,1.452499967534095,nws_retro_v30
2006-08-10,1.4404166344708453,nws_retro_v30
2006-08-11,1.427916634750242,nws_retro_v30
2006-08-12,1.4166666350016992,nws_retro_v30
2006-08-13,1.4054166352531563,nws_retro_v30
2006-08-14,1.3945833021619667,nws_retro_v30
2006-08-15,1.3837499690707773,nws_retro_v30
2006-08-16,1.3724999693222342,nws_retro_v30
2006-08-17,1.3620833028883983,nws_retro_v30
2006-08-18,1.351249969797209,nws_retro_v30
2006-08-19,1.3408333033633728,nws_retro_v30
2006-08-20,1.330416636929537,nws_retro_v30
2006-08-21,1.3195833038383473,nws_retro_v30
2006-08-22,1.309583304061865,nws_retro_v30
2006-08-23,1.2995833042853822,nws_retro_v30
2006-08-24,1.2895833045088996,nws_retro_v30
2006-08-25,1.2799999713897705,nws_retro_v30
2006-08-26,1.269999971613288,nws_retro_v30
2006-08-27,1.2604166384941586,nws_retro_v30
2006-08-28,1.2508333053750296,nws_retro_v30
2006-08-29,1.241666638913254,nws_retro_v30
2006-08-30,1.2324999724514782,nws_retro_v30
2006-08-31,1.2233333059897025,nws_retro_v30
2006-09-01,1.214166639527927,nws_retro_v30
2006-09-02,1.2054166397235047,nws_retro_v30
2006-09-03,1.1966666399190824,nws_retro_v30
2006-09-04,1.1883333067720134,nws_retro_v30
2006-09-05,1.179999973624945,nws_retro_v30
2006-09-06,1.169999973848462,nws_retro_v30
2006-09-07,1.1616666407013934,nws_retro_v30
2006-09-08,1.153749974211678,nws_retro_v30
2006-09-09,1.1458333077219625,nws_retro_v30
2006-09-10,1.1383333078896005,nws_retro_v30
2006-09-11,1.1299999747425318,nws_retro_v30
2006-09-12,1.1204166416234027,nws_retro_v30
2006-09-13,1.113333308448394,nws_retro_v30
2006-09-14,1.1058333086160321,nws_retro_v30
2006-09-15,1.0987499754410237,nws_retro_v30
2006-09-16,1.0899999756366014,nws_retro_v30
2006-09-17,1.082083309146886,nws_retro_v30
2006-09-18,1.075416642629231,nws_retro_v30
2006-09-19,1.0687499761115762,nws_retro_v30
2006-09-20,1.0599999763071537,nws_retro_v30
2006-09-21,1.0524999764747918,nws_retro_v30
2006-09-22,1.0466666432718437,nws_retro_v30
2006-09-23,1.0399999767541883,nws_retro_v30
2006-09-24,1.0304166436350595,nws_retro_v30
2006-09-25,1.0249999770894647,nws_retro_v30
2006-09-26,1.0191666438865166,nws_retro_v30
2006-09-27,1.0099999774247408,nws_retro_v30
2006-09-28,1.0041666442217927,nws_retro_v30
2006-09-29,0.9991666443335513,nws_retro_v30
2006-09-30,0.9899999778717756,nws_retro_v30
2006-10-01,0.9841666446688274,nws_retro_v30
2006-10-02,0.9795833114379396,nws_retro_v30
2006-10-03,0.9699999783188104,nws_retro_v30
2006-10-04,0.9649999784305692,nws_retro_v30
2006-10-05,1.4258333014634748,nws_retro_v30
2006-10-06,1.0445833099850763,nws_retro_v30
2006-10-07,0.9574999785982072,nws_retro_v30
2006-10-08,0.9412499789614232,nws_retro_v30
2006-10-09,0.9337499791290611,nws_retro_v30
2006-10-10,0.92999997921288,nws_retro_v30
2006-10-11,0.9199999794363976,nws_retro_v30
2006-10-12,0.9170833128349235,nws_retro_v30
2006-10-13,0.909999979659915,nws_retro_v30
2006-10-14,0.9041666464569668,nws_retro_v30
2006-10-15,0.8999999798834324,nws_retro_v30
2006-10-16,0.8904166467643032,nws_retro_v30
2006-10-17,0.8883333134775361,nws_retro_v30
2006-10-18,0.8799999803304672,nws_retro_v30
2006-10-19,0.8762499804142863,nws_retro_v30
2006-10-20,0.8699999805539846,nws_retro_v30
2006-10-21,0.86458331400839,nws_retro_v30
2006-10-22,0.8599999807775021,nws_retro_v30
2006-10-23,0.853333314259847,nws_retro_v30
2006-10-24,0.8499999810010195,nws_retro_v30
2006-10-25,0.8420833145113041,nws_retro_v30
2006-10-26,0.8399999812245369,nws_retro_v30
2006-10-27,0.8312499814201146,nws_retro_v30
2006-10-28,0.8299999814480543,nws_retro_v30
2006-10-29,0.8208333149862787,nws_retro_v30
2006-10-30,0.8199999816715717,nws_retro_v30
2006-10-31,0.8108333152097961,nws_retro_v30
2006-11-01,0.8099999818950891,nws_retro_v30
2006-11-02,0.8370833146230628,nws_retro_v30
2006-11-03,1.009166644110034,nws_retro_v30
2006-11-04,0.8195833150142183,nws_retro_v30
2006-11-05,0.7904166489994774,nws_retro_v30
2006-11-06,0.7829166491671155,nws_retro_v30
2006-11-07,0.7799999825656414,nws_retro_v30
2006-11-08,0.7741666493626932,nws_retro_v30
2006-11-09,0.7699999827891588,nws_retro_v30
2006-11-10,0.7654166495582709,nws_retro_v30
2006-11-11,0.7724999827332795,nws_retro_v30
2006-11-12,0.7583333163832625,nws_retro_v30
2006-11-13,0.7499999832361937,nws_retro_v30
2006-11-14,0.7520833165229609,nws_retro_v30
2006-11-15,0.7404166501170645,nws_retro_v30
2006-11-16,0.7399999834597111,nws_retro_v30
2006-11-17,0.7337499835994095,nws_retro_v30
2006-11-18,0.7299999836832285,nws_retro_v30
2006-11-19,0.7270833170817544,nws_retro_v30
2006-11-20,0.7199999839067459,nws_retro_v30
2006-11-21,0.7199999839067459,nws_retro_v30
2006-11-22,0.7112499841023237,nws_retro_v30
2006-11-23,0.7099999841302633,nws_retro_v30
2006-11-24,0.7054166508993754,nws_retro_v30
2006-11-25,0.6999999843537807,nws_retro_v30
2006-11-26,0.7008333176684877,nws_retro_v30
2006-11-27,0.72291665050822,nws_retro_v30
2006-11-28,0.6899999845772982,nws_retro_v30
2006-11-29,0.6858333180037638,nws_retro_v30
2006-11-30,0.6799999848008156,nws_retro_v30
2006-12-01,0.6799999848008156,nws_retro_v30
2006-12-02,0.6720833183111002,nws_retro_v30
2006-12-03,0.669999985024333,nws_retro_v30
2006-12-04,0.6687499850522727,nws_retro_v30
2006-12-05,0.6599999852478504,nws_retro_v30
2006-12-06,0.6599999852478504,nws_retro_v30
2006-12-07,0.655833318674316,nws_retro_v30
2006-12-08,0.6524999854154885,nws_retro_v30
2006-12-09,1.0816666424895327,nws_retro_v30
2006-12-10,1.7866666267315547,nws_retro_v30
2006-12-11,0.8087499819230288,nws_retro_v30
2006-12-12,0.9270833126114061,nws_retro_v30
2006-12-13,0.7179166506199787,nws_retro_v30
2006-12-14,0.6345833191492906,nws_retro_v30
2006-12-15,0.6358333191213509,nws_retro_v30
2006-12-16,0.6287499859463423,nws_retro_v30
2006-12-17,0.6224999860860407,nws_retro_v30
2006-12-18,0.6199999861419201,nws_retro_v30
2006-12-19,0.6129166529669116,nws_retro_v30
2006-12-20,0.6212499861139804,nws_retro_v30
2006-12-21,0.6504166521287212,nws_retro_v30
2006-12-22,0.9324999791570008,nws_retro_v30
2006-12-23,0.631249985890463,nws_retro_v30
2006-12-24,0.6770833181993415,nws_retro_v30
2006-12-25,0.6299999859184027,nws_retro_v30
2006-12-26,0.6104166530227909,nws_retro_v30
2006-12-27,1.4358333012399573,nws_retro_v30
2006-12-28,0.7233333171655735,nws_retro_v30
2006-12-29,0.6970833177523067,nws_retro_v30
2006-12-30,0.6762499848846346,nws_retro_v30
2006-12-31,0.6295833192610493,nws_retro_v30
2007-01-01,0.6066666531066099,nws_retro_v30
2007-01-02,0.5866666535536448,nws_retro_v30
2007-01-03,0.5729166538609812,nws_retro_v30
2007-01-04,0.6437499856110662,nws_retro_v30
2007-01-05,0.5920833200992396,nws_retro_v30
2007-01-06,0.5791666537212828,nws_retro_v30
2007-01-07,0.5691666539448003,nws_retro_v30
2007-01-08,0.5599999874830246,nws_retro_v30
2007-01-09,0.5524999876506627,nws_retro_v30
2007-01-10,0.549999987706542,nws_retro_v30
2007-01-11,0.549999987706542,nws_retro_v30
2007-01-12,0.5483333210771283,nws_retro_v30
2007-01-13,0.5399999879300594,nws_retro_v30
2007-01-14,0.5399999879300594,nws_retro_v30
2007-01-15,0.5399999879300594,nws_retro_v30
2007-01-16,0.5366666546712319,nws_retro_v30
2007-01-17,0.5308333214682838,nws_retro_v30
2007-01-18,0.5299999881535769,nws_retro_v30
2007-01-19,0.5299999881535769,nws_retro_v30
2007-01-20,0.5258333215800425,nws_retro_v30
2007-01-21,0.5199999883770943,nws_retro_v30
2007-01-22,0.5199999883770943,nws_retro_v30
2007-01-23,0.5199999883770943,nws_retro_v30
2007-01-24,0.5166666551182667,nws_retro_v30
2007-01-25,0.5099999886006117,nws_retro_v30
2007-01-26,0.5204166550344477,nws_retro_v30
2007-01-27,0.5987499866168946,nws_retro_v30
2007-01-28,0.6924999845214188,nws_retro_v30
2007-01-29,0.5195833217197409,nws_retro_v30
2007-01-30,0.4999999888241291,nws_retro_v30
2007-01-31,0.4999999888241291,nws_retro_v30
2007-02-01,0.4999999888241291,nws_retro_v30
2007-02-02,0.49124998901970685,nws_retro_v30
2007-02-03,0.4899999890476465,nws_retro_v30
2007-02-04,0.4899999890476465,nws_retro_v30
2007-02-05,0.4899999890476465,nws_retro_v30
2007-02-06,0.4858333224741121,nws_retro_v30
2007-02-07,0.4804166559285173,nws_retro_v30
2007-02-08,0.5629166540844986,nws_retro_v30
2007-02-09,1.5633332983901103,nws_retro_v30
2007-02-10,4.812916559089596,nws_retro_v30
2007-02-11,5.1358332185385125,nws_retro_v30
2007-02-12,1.5070832996473957,nws_retro_v30
2007-02-13,2.9233332679917416,nws_retro_v30
2007-02-14,1.1862499734852463,nws_retro_v30
2007-02-15,0.8458333144274851,nws_retro_v30
2007-02-16,0.6516666521007816,nws_retro_v30
2007-02-17,0.5316666547829906,nws_retro_v30
2007-02-18,0.5416666545594732,nws_retro_v30
2007-02-19,0.5270833215521028,nws_retro_v30
2007-02-20,0.5495833210491886,nws_retro_v30
2007-02-21,0.525416654922689,nws_retro_v30
2007-02-22,4.296249903971329,nws_retro_v30
2007-02-23,2.129166619076083,nws_retro_v30
2007-02-24,0.8670833139525106,nws_retro_v30
2007-02-25,2.9174999347887933,nws_retro_v30
2007-02-26,1.6654166294417034,nws_retro_v30
2007-02-27,5.117916552272315,nws_retro_v30
2007-02-28,1.8816666246081393,nws_retro_v30
2007-03-01,1.1024999753572047,nws_retro_v30
2007-03-02,1.1249999748542905,nws_retro_v30
2007-03-03,1.1933333066602547,nws_retro_v30
2007-03-04,1.132083308029299,nws_retro_v30
2007-03-05,1.0362499768380076,nws_retro_v30
2007-03-06,0.9266666459540526,nws_retro_v30
2007-03-07,0.8791666470157603,nws_retro_v30
2007-03-08,0.9304166458702335,nws_retro_v30
2007-03-09,0.8029166487200806,nws_retro_v30
2007-03-10,0.7424999834038317,nws_retro_v30
2007-03-11,0.6895833179199448,nws_retro_v30
2007-03-12,0.6516666521007816,nws_retro_v30
2007-03-13,0.6149999862536788,nws_retro_v30
2007-03-14,0.5829166536374638,nws_retro_v30
2007-03-15,0.5691666539448003,nws_retro_v30
2007-03-16,0.5674999873153865,nws_retro_v30
2007-03-17,0.5733333205183347,nws_retro_v30
2007-03-18,0.5683333206300935,nws_retro_v30
2007-03-19,0.5779166537492225,nws_retro_v30
2007-03-20,0.5662499873433262,nws_retro_v30
2007-03-21,0.5754166538051019,nws_retro_v30
2007-03-22,0.5591666541683177,nws_retro_v30
2007-03-23,0.553749987622723,nws_retro_v30
2007-03-24,0.5483333210771283,nws_retro_v30
2007-03-25,0.5441666545035938,nws_retro_v30
2007-03-26,0.5429166545315335,nws_retro_v30
2007-03-27,0.775833315992107,nws_retro_v30
2007-03-28,0.5737499871756881,nws_retro_v30
2007-03-29,0.5437499878462404,nws_retro_v30
2007-03-30,0.5416666545594732,nws_retro_v30
2007-03-31,0.5379166546432922,nws_retro_v30
2007-04-01,0.5362499880138785,nws_retro_v30
2007-04-02,0.5341666547271112,nws_retro_v30
2007-04-03,0.5324999880976975,nws_retro_v30
2007-04-04,0.5299999881535769,nws_retro_v30
2007-04-05,0.5299999881535769,nws_retro_v30
2007-04-06,0.5266666548947493,nws_retro_v30
2007-04-07,0.5208333216918012,nws_retro_v30
2007-04-08,0.5199999883770943,nws_retro_v30
2007-04-09,0.5199999883770943,nws_retro_v30
2007-04-10,0.5199999883770943,nws_retro_v30
2007-04-11,0.6091666530507306,nws_retro_v30
2007-04-12,0.5662499873433262,nws_retro_v30
2007-04-13,0.5129166552020857,nws_retro_v30
2007-04-14,0.6333333191772302,nws_retro_v30
2007-04-15,0.7374999835155904,nws_retro_v30
2007-04-16,0.5220833216638615,nws_retro_v30
2007-04-17,0.5012499887961894,nws_retro_v30
2007-04-18,0.4999999888241291,nws_retro_v30
2007-04-19,0.4999999888241291,nws_retro_v30
2007-04-20,0.6062499864492565,nws_retro_v30
2007-04-21,0.5716666538889209,nws_retro_v30
2007-04-22,1.3283333036427696,nws_retro_v30
2007-04-23,0.7958333155450722,nws_retro_v30
2007-04-24,0.5054166553697238,nws_retro_v30
2007-04-25,0.48791665576087934,nws_retro_v30
2007-04-26,0.4799999892711639,nws_retro_v30
2007-04-27,0.4799999892711639,nws_retro_v30
2007-04-28,0.4799999892711639,nws_retro_v30
2007-04-29,0.4799999892711639,nws_retro_v30
2007-04-30,0.4770833226696898,nws_retro_v30
2007-05-01,0.4699999894946813,nws_retro_v30
2007-05-02,0.4699999894946813,nws_retro_v30
2007-05-03,0.4699999894946813,nws_retro_v30
2007-05-04,0.4699999894946813,nws_retro_v30
2007-05-05,0.46583332292114693,nws_retro_v30
2007-05-06,0.4599999897181988,nws_retro_v30
2007-05-07,0.4599999897181988,nws_retro_v30
2007-05-08,0.4599999897181988,nws_retro_v30
2007-05-09,0.4599999897181988,nws_retro_v30
2007-05-10,0.4533333232005437,nws_retro_v30
2007-05-11,0.4499999899417162,nws_retro_v30
2007-05-12,0.4499999899417162,nws_retro_v30
2007-05-13,0.4499999899417162,nws_retro_v30
2007-05-14,0.4499999899417162,nws_retro_v30
2007-05-15,0.4408333234799405,nws_retro_v30
2007-05-16,0.4399999901652336,nws_retro_v30
2007-05-17,0.4399999901652336,nws_retro_v30
2007-05-18,0.4399999901652336,nws_retro_v30
2007-05-19,0.43833332353581983,nws_retro_v30
2007-05-20,0.429999990388751,nws_retro_v30
2007-05-21,0.429999990388751,nws_retro_v30
2007-05-22,0.429999990388751,nws_retro_v30
2007-05-23,0.429999990388751,nws_retro_v30
2007-05-24,0.4249999905005097,nws_retro_v30
2007-05-25,0.4199999906122684,nws_retro_v30
2007-05-26,0.4199999906122684,nws_retro_v30
2007-05-27,0.4199999906122684,nws_retro_v30
2007-05-28,0.4199999906122684,nws_retro_v30
2007-05-29,0.412083324122553,nws_retro_v30
2007-05-30,0.4099999908357858,nws_retro_v30
2007-05-31,0.4099999908357858,nws_retro_v30
2007-06-01,0.4099999908357858,nws_retro_v30
2007-06-02,0.4091666575210789,nws_retro_v30
2007-06-03,0.3999999910593033,nws_retro_v30
2007-06-04,0.3999999910593033,nws_retro_v30
2007-06-05,0.3999999910593033,nws_retro_v30
2007-06-06,0.3999999910593033,nws_retro_v30
2007-06-07,0.39749999111518264,nws_retro_v30
2007-06-08,0.3899999912828207,nws_retro_v30
2007-06-09,0.3899999912828207,nws_retro_v30
2007-06-10,0.3899999912828207,nws_retro_v30
2007-06-11,0.3899999912828207,nws_retro_v30
2007-06-12,0.3870833246813466,nws_retro_v30
2007-06-13,0.3799999915063381,nws_retro_v30
2007-06-14,0.3799999915063381,nws_retro_v30
2007-06-15,0.3799999915063381,nws_retro_v30
2007-06-16,0.3799999915063381,nws_retro_v30
2007-06-17,0.37833332487692434,nws_retro_v30
2007-06-18,0.3699999917298555,nws_retro_v30
2007-06-19,0.3699999917298555,nws_retro_v30
2007-06-20,0.3699999917298555,nws_retro_v30
2007-06-21,0.3699999917298555,nws_retro_v30
2007-06-22,0.3699999917298555,nws_retro_v30
2007-06-23,0.3612499919254332,nws_retro_v30
2007-06-24,0.3599999919533729,nws_retro_v30
2007-06-25,0.3599999919533729,nws_retro_v30
2007-06-26,0.3599999919533729,nws_retro_v30
2007-06-27,0.3599999919533729,nws_retro_v30
2007-06-28,0.3558333253798385,nws_retro_v30
2007-06-29,0.3499999921768904,nws_retro_v30
2007-06-30,0.3499999921768904,nws_retro_v30
2007-07-01,0.3499999921768904,nws_retro_v30
2007-07-02,0.3499999921768904,nws_retro_v30
2007-07-03,0.3499999921768904,nws_retro_v30
2007-07-04,0.34249999234452844,nws_retro_v30
2007-07-05,0.3399999924004078,nws_retro_v30
2007-07-06,0.3399999924004078,nws_retro_v30
2007-07-07,0.3399999924004078,nws_retro_v30
2007-07-08,0.3399999924004078,nws_retro_v30
2007-07-09,0.3399999924004078,nws_retro_v30
2007-07-10,0.33124999259598553,nws_retro_v30
2007-07-11,0.3299999926239252,nws_retro_v30
2007-07-12,0.3299999926239252,nws_retro_v30
2007-07-13,0.3299999926239252,nws_retro_v30
2007-07-14,0.3299999926239252,nws_retro_v30
2007-07-15,0.3299999926239252,nws_retro_v30
2007-07-16,0.3224999927915633,nws_retro_v30
2007-07-17,0.3199999928474426,nws_retro_v30
2007-07-18,0.3199999928474426,nws_retro_v30
2007-07-19,0.3199999928474426,nws_retro_v30
2007-07-20,0.3199999928474426,nws_retro_v30
2007-07-21,0.3199999928474426,nws_retro_v30
2007-07-22,0.3162499929312616,nws_retro_v30
2007-07-23,0.30999999307096,nws_retro_v30
2007-07-24,0.30999999307096,nws_retro_v30
2007-07-25,0.30999999307096,nws_retro_v30
2007-07-26,0.30999999307096,nws_retro_v30
2007-07-27,0.30999999307096,nws_retro_v30
2007-07-28,0.30999999307096,nws_retro_v30
2007-07-29,0.30249999323859805,nws_retro_v30
2007-07-30,0.2999999932944774,nws_retro_v30
2007-07-31,0.2999999932944774,nws_retro_v30
2007-08-01,0.2999999932944774,nws_retro_v30
2007-08-02,0.2999999932944774,nws_retro_v30
2007-08-03,0.2999999932944774,nws_retro_v30
2007-08-04,0.2999999932944774,nws_retro_v30
2007-08-05,0.29208332680476207,nws_retro_v30
2007-08-06,0.2899999935179949,nws_retro_v30
2007-08-07,0.2899999935179949,nws_retro_v30
2007-08-08,0.2899999935179949,nws_retro_v30
2007-08-09,0.2899999935179949,nws_retro_v30
2007-08-10,0.2899999935179949,nws_retro_v30
2007-08-11,0.2899999935179949,nws_retro_v30
2007-08-12,0.28458332697240013,nws_retro_v30
2007-08-13,0.2799999937415123,nws_retro_v30
2007-08-14,0.2799999937415123,nws_retro_v30
2007-08-15,0.2799999937415123,nws_retro_v30
2007-08-16,0.2799999937415123,nws_retro_v30
2007-08-17,0.2799999937415123,nws_retro_v30
2007-08-18,0.2799999937415123,nws_retro_v30
2007-08-19,0.2799999937415123,nws_retro_v30
2007-08-20,0.2704166606223832,nws_retro_v30
2007-08-21,0.2699999939650297,nws_retro_v30
2007-08-22,0.2699999939650297,nws_retro_v30
2007-08-23,0.2699999939650297,nws_retro_v30
2007-08-24,0.2699999939650297,nws_retro_v30
2007-08-25,0.2699999939650297,nws_retro_v30
2007-08-26,0.2699999939650297,nws_retro_v30
2007-08-27,0.2699999939650297,nws_retro_v30
2007-08-28,0.2599999941885471,nws_retro_v30
2007-08-29,0.2599999941885471,nws_retro_v30
2007-08-30,0.2599999941885471,nws_retro_v30
2007-08-31,0.2599999941885471,nws_retro_v30
2007-09-01,0.2599999941885471,nws_retro_v30
2007-09-02,0.2599999941885471,nws_retro_v30
2007-09-03,0.2599999941885471,nws_retro_v30
2007-09-04,0.2599999941885471,nws_retro_v30
2007-09-05,0.25374999432824547,nws_retro_v30
2007-09-06,0.24999999441206447,nws_retro_v30
2007-09-07,0.24999999441206447,nws_retro_v30
2007-09-08,0.24999999441206447,nws_retro_v30
2007-09-09,0.24999999441206447,nws_retro_v30
2007-09-10,0.24999999441206447,nws_retro_v30
2007-09-11,0.24999999441206447,nws_retro_v30
2007-09-12,0.24999999441206447,nws_retro_v30
2007-09-13,0.24999999441206447,nws_retro_v30
2007-09-14,0.2412499946076422,nws_retro_v30
2007-09-15,0.2399999946355819,nws_retro_v30
2007-09-16,0.2399999946355819,nws_retro_v30
2007-09-17,0.2399999946355819,nws_retro_v30
2007-09-18,0.2399999946355819,nws_retro_v30
2007-09-19,0.2399999946355819,nws_retro_v30
2007-09-20,0.2399999946355819,nws_retro_v30
2007-09-21,0.2399999946355819,nws_retro_v30
2007-09-22,0.2679166606782624,nws_retro_v30
2007-09-23,0.27458332719591755,nws_retro_v30
2007-09-24,0.23833332800616813,nws_retro_v30
2007-09-25,0.2299999948590994,nws_retro_v30
2007-09-26,0.2299999948590994,nws_retro_v30
2007-09-27,0.2299999948590994,nws_retro_v30
2007-09-28,0.2299999948590994,nws_retro_v30
2007-09-29,0.2299999948590994,nws_retro_v30
2007-09-30,0.2299999948590994,nws_retro_v30
2007-10-01,0.2299999948590994,nws_retro_v30
2007-10-02,0.2299999948590994,nws_retro_v30
2007-10-03,0.22124999505467713,nws_retro_v30
2007-10-04,0.2199999950826168,nws_retro_v30
2007-10-05,0.2199999950826168,nws_retro_v30
2007-10-06,0.2199999950826168,nws_retro_v30
2007-10-07,0.2199999950826168,nws_retro_v30
2007-10-08,0.2199999950826168,nws_retro_v30
2007-10-09,0.2199999950826168,nws_retro_v30
2007-10-10,0.9233333126952251,nws_retro_v30
2007-10-11,0.4533333232005437,nws_retro_v30
2007-10-12,0.25041666106941796,nws_retro_v30
2007-10-13,0.2179166617958496,nws_retro_v30
2007-10-14,0.2099999953061342,nws_retro_v30
2007-10-15,0.2099999953061342,nws_retro_v30
2007-10-16,0.2099999953061342,nws_retro_v30
2007-10-17,0.21749999513849613,nws_retro_v30
2007-10-18,0.2099999953061342,nws_retro_v30
2007-10-19,0.2099999953061342,nws_retro_v30
2007-10-20,0.2099999953061342,nws_retro_v30
2007-10-21,0.2099999953061342,nws_retro_v30
2007-10-22,0.2099999953061342,nws_retro_v30
2007-10-23,0.2099999953061342,nws_retro_v30
2007-10-24,0.20333332878847912,nws_retro_v30
2007-10-25,0.19999999552965156,nws_retro_v30
2007-10-26,0.19999999552965156,nws_retro_v30
2007-10-27,0.19999999552965156,nws_retro_v30
2007-10-28,0.19999999552965156,nws_retro_v30
2007-10-29,0.19999999552965156,nws_retro_v30
2007-10-30,0.19999999552965156,nws_retro_v30
2007-10-31,0.19999999552965156,nws_retro_v30
2007-11-01,0.19999999552965156,nws_retro_v30
2007-11-02,0.19999999552965156,nws_retro_v30
2007-11-03,0.19999999552965156,nws_retro_v30
2007-11-04,0.1991666622149447,nws_retro_v30
2007-11-05,0.18999999575316898,nws_retro_v30
2007-11-06,0.18999999575316898,nws_retro_v30
2007-11-07,0.18999999575316898,nws_retro_v30
2007-11-08,0.18999999575316898,nws_retro_v30
2007-11-09,0.18999999575316898,nws_retro_v30
2007-11-10,0.18999999575316898,nws_retro_v30
2007-11-11,0.19291666235464308,nws_retro_v30
2007-11-12,0.18999999575316898,nws_retro_v30
2007-11-13,0.18999999575316898,nws_retro_v30
2007-11-14,0.18999999575316898,nws_retro_v30
2007-11-15,0.18999999575316898,nws_retro_v30
2007-11-16,0.18999999575316898,nws_retro_v30
2007-11-17,0.18249999592080704,nws_retro_v30
2007-11-18,0.1799999959766864,nws_retro_v30
2007-11-19,0.1799999959766864,nws_retro_v30
2007-11-20,0.1799999959766864,nws_retro_v30
2007-11-21,0.1799999959766864,nws_retro_v30
2007-11-22,0.1799999959766864,nws_retro_v30
2007-11-23,0.1799999959766864,nws_retro_v30
2007-11-24,0.1799999959766864,nws_retro_v30
2007-11-25,0.1799999959766864,nws_retro_v30
2007-11-26,0.1799999959766864,nws_retro_v30
2007-11-27,0.1799999959766864,nws_retro_v30
2007-11-28,0.1799999959766864,nws_retro_v30
2007-11-29,0.1799999959766864,nws_retro_v30
2007-11-30,0.17374999611638484,nws_retro_v30
2007-12-01,0.1699999962002039,nws_retro_v30
2007-12-02,0.1699999962002039,nws_retro_v30
2007-12-03,0.1699999962002039,nws_retro_v30
2007-12-04,0.17374999611638486,nws_retro_v30
2007-12-05,0.17166666282961765,nws_retro_v30
2007-12-06,0.1741666627737383,nws_retro_v30
2007-12-07,0.2070833287046601,nws_retro_v30
2007-12-08,0.1699999962002039,nws_retro_v30
2007-12-09,0.1699999962002039,nws_retro_v30
2007-12-10,0.1699999962002039,nws_retro_v30
2007-12-11,0.1699999962002039,nws_retro_v30
2007-12-12,0.1699999962002039,nws_retro_v30
2007-12-13,0.1699999962002039,nws_retro_v30
2007-12-14,0.16666666294137636,nws_retro_v30
2007-12-15,0.1599999964237213,nws_retro_v30
2007-12-16,0.1599999964237213,nws_retro_v30
2007-12-17,0.20458332876053945,nws_retro_v30
2007-12-18,1.2166666394720476,nws_retro_v30
2007-12-19,1.3941666355046134,nws_retro_v30
2007-12-20,0.458333323088785,nws_retro_v30
2007-12-21,0.19374999566935,nws_retro_v30
2007-12-22,0.16249999636784196,nws_retro_v30
2007-12-23,0.1599999964237213,nws_retro_v30
2007-12-24,0.1599999964237213,nws_retro_v30
2007-12-25,0.1599999964237213,nws_retro_v30
2007-12-26,0.1599999964237213,nws_retro_v30
2007-12-27,0.1599999964237213,nws_retro_v30
2007-12-28,0.1641666629972557,nws_retro_v30
2007-12-29,0.1641666629972557,nws_retro_v30
2007-12-30,0.1599999964237213,nws_retro_v30
2007-12-31,0.1599999964237213,nws_retro_v30
2008-01-01,0.1499999966472387,nws_retro_v30
2008-01-02,0.1499999966472387,nws_retro_v30
2008-01-03,0.16166666305313504,nws_retro_v30
2008-01-04,45.8879156409918,nws_retro_v30
2008-01-05,31.70541595799538,nws_retro_v30
2008-01-06,4.550416564956929,nws_retro_v30
2008-01-07,1.6695832960152377,nws_retro_v30
2008-01-08,1.0795833092027654,nws_retro_v30
2008-01-09,2.376666613544027,nws_retro_v30
2008-01-10,0.9145833128908029,nws_retro_v30
2008-01-11,0.6054166531345496,nws_retro_v30
2008-01-12,0.42166665724168223,nws_retro_v30
2008-01-13,0.4041666576328377,nws_retro_v30
2008-01-14,0.4949999889358878,nws_retro_v30
2008-01-15,0.4512499899137765,nws_retro_v30
2008-01-16,0.40874999086372554,nws_retro_v30
2008-01-17,0.380833324821045,nws_retro_v30
2008-01-18,0.38124999147839844,nws_retro_v30
2008-01-19,0.36249999189749355,nws_retro_v30
2008-01-20,0.3495833255195369,nws_retro_v30
2008-01-21,0.37124999170191586,nws_retro_v30
2008-01-22,1.240833305598547,nws_retro_v30
2008-01-23,4.583749897545204,nws_retro_v30
2008-01-24,1.799166626452158,nws_retro_v30
2008-01-25,24.237916124907013,nws_retro_v30
2008-01-26,51.78791550911652,nws_retro_v30
2008-01-27,26.12208274945927,nws_retro_v30
2008-01-28,32.05999928340316,nws_retro_v30
2008-01-29,16.074582974038396,nws_retro_v30
2008-01-30,22.062499506864697,nws_retro_v30
2008-01-31,16.282499636057764,nws_retro_v30
2008-02-01,38.72749913437292,nws_retro_v30
2008-02-02,14.491666342752675,nws_retro_v30
2008-02-03,64.92833188207199,nws_retro_v30
2008-02-04,19.154999571852386,nws_retro_v30
2008-02-05,13.085833040842166,nws_retro_v30
2008-02-06,12.414166389188418,nws_retro_v30
2008-02-07,10.9529164218499,nws_retro_v30
2008-02-08,10.190833105550459,nws_retro_v30
2008-02-09,8.48958314357636,nws_retro_v30
2008-02-10,7.775416492872561,nws_retro_v30
2008-02-11,6.986666510502498,nws_retro_v30
2008-02-12,6.354166524639974,nws_retro_v30
2008-02-13,5.680833206356813,nws_retro_v30
2008-02-14,4.3179165701537086,nws_retro_v30
2008-02-15,3.306666592756907,nws_retro_v30
2008-02-16,3.6808332510602972,nws_retro_v30
2008-02-17,3.8483332473163805,nws_retro_v30
2008-02-18,3.720416583508874,nws_retro_v30
2008-02-19,3.728749916655943,nws_retro_v30
2008-02-20,12.188749727560207,nws_retro_v30
2008-02-21,5.94916653369243,nws_retro_v30
2008-02-22,7.819166491894673,nws_retro_v30
2008-02-23,6.279166526316355,nws_retro_v30
2008-02-24,33.476665918404855,nws_retro_v30
2008-02-25,15.584582984990751,nws_retro_v30
2008-02-26,6.926249845186248,nws_retro_v30
2008-02-27,6.640833184899141,nws_retro_v30
2008-02-28,6.184583195097123,nws_retro_v30
2008-02-29,5.894583201579128,nws_retro_v30
2008-03-01,5.688333206189175,nws_retro_v30
2008-03-02,4.339999902993441,nws_retro_v30
2008-03-03,3.663749918108806,nws_retro_v30
2008-03-04,3.4679165891526886,nws_retro_v30
2008-03-05,3.1566665961096683,nws_retro_v30
2008-03-06,2.7212499391753227,nws_retro_v30
2008-03-07,2.7170832726017884,nws_retro_v30
2008-03-08,2.524166610247145,nws_retro_v30
2008-03-09,2.202916617427642,nws_retro_v30
2008-03-10,2.0391666210877397,nws_retro_v30
2008-03-11,2.0354166211715587,nws_retro_v30
2008-03-12,1.830416625753666,nws_retro_v30
2008-03-13,1.7741666270109515,nws_retro_v30
2008-03-14,1.862499958369881,nws_retro_v30
2008-03-15,1.9179166237978886,nws_retro_v30
2008-03-16,1.9441666232111554,nws_retro_v30
2008-03-17,1.605416630782808,nws_retro_v30
2008-03-18,1.4579166340796899,nws_retro_v30
2008-03-19,1.4529166341914486,nws_retro_v30
2008-03-20,1.4812499668914825,nws_retro_v30
2008-03-21,1.4299999680370092,nws_retro_v30
2008-03-22,1.347499969881028,nws_retro_v30
2008-03-23,1.32958330361483,nws_retro_v30
2008-03-24,1.3158333039221664,nws_retro_v30
2008-03-25,1.3104166373765718,nws_retro_v30
2008-03-26,1.2999999709427357,nws_retro_v30
2008-03-27,1.2862499712500721,nws_retro_v30
2008-03-28,1.2670833050118138,nws_retro_v30
2008-03-29,1.3237499704118818,nws_retro_v30
2008-03-30,1.279583304732417,nws_retro_v30
2008-03-31,1.2420833055706073,nws_retro_v30
2008-04-01,1.2249999726191163,nws_retro_v30
2008-04-02,1.2220833060176421,nws_retro_v30
2008-04-03,1.2329166391088318,nws_retro_v30
2008-04-04,1.2112499729264528,nws_retro_v30
2008-04-05,1.195416639947022,nws_retro_v30
2008-04-06,1.189583306744074,nws_retro_v30
2008-04-07,1.1829166402264188,nws_retro_v30
2008-04-08,1.17458330707935,nws_retro_v30
2008-04-09,1.1645833073028673,nws_retro_v30
2008-04-10,1.156666640813152,nws_retro_v30
2008-04-11,1.149999974295497,nws_retro_v30
2008-04-12,1.1433333077778418,nws_retro_v30
2008-04-13,1.1341666413160663,nws_retro_v30
2008-04-14,1.1274999747984111,nws_retro_v30
2008-04-15,1.1199999749660492,nws_retro_v30
2008-04-16,1.1108333085042734,nws_retro_v30
2008-04-17,1.1041666419866185,nws_retro_v30
2008-04-18,1.0970833088116099,nws_retro_v30
2008-04-19,1.0899999756366014,nws_retro_v30
2008-04-20,1.0804166425174724,nws_retro_v30
2008-04-21,1.073333309342464,nws_retro_v30
2008-04-22,1.0666666428248088,nws_retro_v30
2008-04-23,1.3524999697692692,nws_retro_v30
2008-04-24,1.1724999737925828,nws_retro_v30
2008-04-25,1.0587499763350934,nws_retro_v30
2008-04-26,1.0379166434674212,nws_retro_v30
2008-04-27,1.029999976977706,nws_retro_v30
2008-04-28,1.0204166438585769,nws_retro_v30
2008-04-29,1.0137499773409218,nws_retro_v30
2008-04-30,1.0074999774806201,nws_retro_v30
2008-05-01,0.9999999776482582,nws_retro_v30
2008-05-02,0.991249977843836,nws_retro_v30
2008-05-03,0.9845833113261809,nws_retro_v30
2008-05-04,0.9783333114658793,nws_retro_v30
2008-05-05,0.9699999783188104,nws_retro_v30
2008-05-06,0.9624999784864485,nws_retro_v30
2008-05-07,0.9566666452835003,nws_retro_v30
2008-05-08,0.9499999787658452,nws_retro_v30
2008-05-09,0.9412499789614232,nws_retro_v30
2008-05-10,0.9358333124158283,nws_retro_v30
2008-05-11,0.92999997921288,nws_retro_v30
2008-05-12,0.9208333127511045,nws_retro_v30
2008-05-13,0.9158333128628632,nws_retro_v30
2008-05-14,0.909999979659915,nws_retro_v30
2008-05-15,0.9012499798554927,nws_retro_v30
2008-05-16,0.8966666466246048,nws_retro_v30
2008-05-17,0.8899999801069498,nws_retro_v30
2008-05-18,0.8824999802745879,nws_retro_v30
2008-05-19,0.8787499803584069,nws_retro_v30
2008-05-20,0.8699999805539846,nws_retro_v30
2008-05-21,0.8649999806657434,nws_retro_v30
2008-05-22,0.8599999807775021,nws_retro_v30
2008-05-23,0.8516666476304332,nws_retro_v30
2008-05-24,0.8483333143716058,nws_retro_v30
2008-05-25,0.8399999812245369,nws_retro_v30
2008-05-26,0.835416647993649,nws_retro_v30
2008-05-27,0.8299999814480543,nws_retro_v30
2008-05-28,0.8229166482730458,nws_retro_v30
2008-05-29,0.8199999816715717,nws_retro_v30
2008-05-30,0.8108333152097961,nws_retro_v30
2008-05-31,0.8087499819230288,nws_retro_v30
2008-06-01,0.7999999821186066,nws_retro_v30
2008-06-02,0.7970833155171325,nws_retro_v30
2008-06-03,0.789999982342124,nws_retro_v30
2008-06-04,0.7858333157685896,nws_retro_v30
2008-06-05,0.7799999825656414,nws_retro_v30
2008-06-06,0.7749999826774001,nws_retro_v30
2008-06-07,0.7699999827891588,nws_retro_v30
2008-06-08,0.7637499829288572,nws_retro_v30
2008-06-09,0.7599999830126762,nws_retro_v30
2008-06-10,0.7537499831523746,nws_retro_v30
2008-06-11,0.7499999832361937,nws_retro_v30
2008-06-12,0.743749983375892,nws_retro_v30
2008-06-13,0.7399999834597111,nws_retro_v30
2008-06-14,0.7341666502567629,nws_retro_v30
2008-06-15,0.7299999836832285,nws_retro_v30
2008-06-16,0.7254166504523406,nws_retro_v30
2008-06-17,0.7199999839067459,nws_retro_v30
2008-06-18,0.7166666506479183,nws_retro_v30
2008-06-19,0.7099999841302633,nws_retro_v30
2008-06-20,0.708749984158203,nws_retro_v30
2008-06-21,0.6999999843537807,nws_retro_v30
2008-06-22,0.6999999843537807,nws_retro_v30
2008-06-23,0.6912499845493585,nws_retro_v30
2008-06-24,0.6899999845772982,nws_retro_v30
2008-06-25,0.6837499847169966,nws_retro_v30
2008-06-26,0.6799999848008156,nws_retro_v30
2008-06-27,0.6770833181993415,nws_retro_v30
2008-06-28,0.669999985024333,nws_retro_v30
2008-06-29,0.669999985024333,nws_retro_v30
2008-06-30,0.6612499852199107,nws_retro_v30
2008-07-01,0.6599999852478504,nws_retro_v30
2008-07-02,0.6554166520169625,nws_retro_v30
2008-07-03,0.6499999854713678,nws_retro_v30
2008-07-04,0.6499999854713678,nws_retro_v30
2008-07-05,0.6404166523522387,nws_retro_v30
2008-07-06,0.6399999856948853,nws_retro_v30
2008-07-07,0.6362499857787043,nws_retro_v30
2008-07-08,0.6299999859184027,nws_retro_v30
2008-07-09,0.6299999859184027,nws_retro_v30
2008-07-10,0.6220833194286873,nws_retro_v30
2008-07-11,0.6199999861419201,nws_retro_v30
2008-07-12,0.6187499861698598,nws_retro_v30
2008-07-13,0.6099999863654375,nws_retro_v30
2008-07-14,0.6099999863654375,nws_retro_v30
2008-07-15,0.6062499864492565,nws_retro_v30
2008-07-16,0.5999999865889549,nws_retro_v30
2008-07-17,0.5999999865889549,nws_retro_v30
2008-07-18,0.5941666533860067,nws_retro_v30
2008-07-19,0.5899999868124723,nws_retro_v30
2008-07-20,0.5899999868124723,nws_retro_v30
2008-07-21,0.5829166536374638,nws_retro_v30
2008-07-22,0.5799999870359898,nws_retro_v30
2008-07-23,0.5799999870359898,nws_retro_v30
2008-07-24,0.5724999872036278,nws_retro_v30
2008-07-25,0.5699999872595072,nws_retro_v30
2008-07-26,0.5699999872595072,nws_retro_v30
2008-07-27,0.5629166540844986,nws_retro_v30
2008-07-28,0.5599999874830246,nws_retro_v30
2008-07-29,0.5599999874830246,nws_retro_v30
2008-07-30,0.5529166543080161,nws_retro_v30
2008-07-31,0.549999987706542,nws_retro_v30
2008-08-01,0.549999987706542,nws_retro_v30
2008-08-02,0.5449999878183007,nws_retro_v30
2008-08-03,0.5399999879300594,nws_retro_v30
2008-08-04,0.5399999879300594,nws_retro_v30
2008-08-05,0.5374999879859388,nws_retro_v30
2008-08-06,0.5299999881535769,nws_retro_v30
2008-08-07,0.5299999881535769,nws_retro_v30
2008-08-08,0.5299999881535769,nws_retro_v30
2008-08-09,0.5208333216918012,nws_retro_v30
2008-08-10,0.5199999883770943,nws_retro_v30
2008-08-11,0.5199999883770943,nws_retro_v30
2008-08-12,0.5154166551462064,nws_retro_v30
2008-08-13,0.5099999886006117,nws_retro_v30
2008-08-14,0.5099999886006117,nws_retro_v30
2008-08-15,0.5099999886006117,nws_retro_v30
2008-08-16,0.500833322138836,nws_retro_v30
2008-08-17,0.4999999888241291,nws_retro_v30
2008-08-18,0.4999999888241291,nws_retro_v30
2008-08-19,0.497083322222655,nws_retro_v30
2008-08-20,0.4899999890476465,nws_retro_v30
2008-08-21,0.4899999890476465,nws_retro_v30
2008-08-22,0.4899999890476465,nws_retro_v30
2008-08-23,0.48458332250205177,nws_retro_v30
2008-08-24,0.4799999892711639,nws_retro_v30
2008-08-25,0.4799999892711639,nws_retro_v30
2008-08-26,0.4799999892711639,nws_retro_v30
2008-08-27,0.47291665609615535,nws_retro_v30
2008-08-28,0.4699999894946813,nws_retro_v30
2008-08-29,0.4699999894946813,nws_retro_v30
2008-08-30,0.4699999894946813,nws_retro_v30
2008-08-31,0.4624999896623194,nws_retro_v30
2008-09-01,0.4599999897181988,nws_retro_v30
2008-09-02,0.4599999897181988,nws_retro_v30
2008-09-03,0.4599999897181988,nws_retro_v30
2008-09-04,0.4533333232005437,nws_retro_v30
2008-09-05,0.4499999899417162,nws_retro_v30
2008-09-06,0.4499999899417162,nws_retro_v30
2008-09-07,0.4499999899417162,nws_retro_v30
2008-09-08,0.4449999900534749,nws_retro_v30
2008-09-09,0.4399999901652336,nws_retro_v30
2008-09-10,0.4399999901652336,nws_retro_v30
2008-09-11,0.4399999901652336,nws_retro_v30
2008-09-12,0.43833332353581983,nws_retro_v30
2008-09-13,0.429999990388751,nws_retro_v30
2008-09-14,0.429999990388751,nws_retro_v30
2008-09-15,0.429999990388751,nws_retro_v30
2008-09-16,0.429999990388751,nws_retro_v30
2008-09-17,0.4233333238710959,nws_retro_v30
2008-09-18,0.4199999906122684,nws_retro_v30
2008-09-19,0.4199999906122684,nws_retro_v30
2008-09-20,0.4199999906122684,nws_retro_v30
2008-09-21,0.4191666572975615,nws_retro_v30
2008-09-22,0.4099999908357858,nws_retro_v30
2008-09-23,0.4099999908357858,nws_retro_v30
2008-09-24,0.4099999908357858,nws_retro_v30
2008-09-25,0.4099999908357858,nws_retro_v30
2008-09-26,0.4070833242343117,nws_retro_v30
2008-09-27,0.3999999910593033,nws_retro_v30
2008-09-28,0.3999999910593033,nws_retro_v30
2008-09-29,0.3999999910593033,nws_retro_v30
2008-09-30,0.3999999910593033,nws_retro_v30
2008-10-01,0.3962499911431223,nws_retro_v30
2008-10-02,0.3899999912828207,nws_retro_v30
2008-10-03,0.3899999912828207,nws_retro_v30
2008-10-04,1.6241666303637128,nws_retro_v30
2008-10-05,0.7970833155171325,nws_retro_v30
2008-10-06,0.4095833241784324,nws_retro_v30
2008-10-07,0.38333332476516563,nws_retro_v30
2008-10-08,0.3799999915063381,nws_retro_v30
2008-10-09,0.3799999915063381,nws_retro_v30
2008-10-10,0.3799999915063381,nws_retro_v30
2008-10-11,0.37958332484898466,nws_retro_v30
2008-10-12,0.3699999917298555,nws_retro_v30
2008-10-13,0.3699999917298555,nws_retro_v30
2008-10-14,0.3699999917298555,nws_retro_v30
2008-10-15,0.3699999917298555,nws_retro_v30
2008-10-16,0.3699999917298555,nws_retro_v30
2008-10-17,0.36416665852690727,nws_retro_v30
2008-10-18,0.3599999919533729,nws_retro_v30
2008-10-19,0.3599999919533729,nws_retro_v30
2008-10-20,0.3599999919533729,nws_retro_v30
2008-10-21,0.3599999919533729,nws_retro_v30
2008-10-22,0.3599999919533729,nws_retro_v30
2008-10-23,0.35083332549159724,nws_retro_v30
2008-10-24,0.3499999921768904,nws_retro_v30
2008-10-25,0.3499999921768904,nws_retro_v30
2008-10-26,0.3499999921768904,nws_retro_v30
2008-10-27,0.3499999921768904,nws_retro_v30
2008-10-28,0.3495833255195369,nws_retro_v30
2008-10-29,0.3399999924004078,nws_retro_v30
2008-10-30,0.3399999924004078,nws_retro_v30
2008-10-31,0.34708332557541627,nws_retro_v30
2008-11-01,0.4470833233402421,nws_retro_v30
2008-11-02,1.0629166429086279,nws_retro_v30
2008-11-03,0.4162499906960875,nws_retro_v30
2008-11-04,0.504583322055017,nws_retro_v30
2008-11-05,0.34583332560335595,nws_retro_v30
2008-11-06,0.3299999926239252,nws_retro_v30
2008-11-07,0.3299999926239252,nws_retro_v30
2008-11-08,0.3299999926239252,nws_retro_v30
2008-11-09,0.3299999926239252,nws_retro_v30
2008-11-10,0.3283333259945114,nws_retro_v30
2008-11-11,0.3199999928474426,nws_retro_v30
2008-11-12,0.3199999928474426,nws_retro_v30
2008-11-13,0.3199999928474426,nws_retro_v30
2008-11-14,0.3199999928474426,nws_retro_v30
2008-11-15,0.3199999928474426,nws_retro_v30
2008-11-16,0.3199999928474426,nws_retro_v30
2008-11-17,0.31333332632978755,nws_retro_v30
2008-11-18,0.30999999307096,nws_retro_v30
2008-11-19,0.30999999307096,nws_retro_v30
2008-11-20,0.30999999307096,nws_retro_v30
2008-11-21,0.30999999307096,nws_retro_v30
2008-11-22,0.30999999307096,nws_retro_v30
2008-11-23,0.30999999307096,nws_retro_v30
2008-11-24,0.3037499932106584,nws_retro_v30
2008-11-25,0.2999999932944774,nws_retro_v30
2008-11-26,0.30083332660918427,nws_retro_v30
2008-11-27,0.2999999932944774,nws_retro_v30
2008-11-28,0.2999999932944774,nws_retro_v30
2008-11-29,0.2999999932944774,nws_retro_v30
2008-11-30,0.2999999932944774,nws_retro_v30
2008-12-01,0.29708332669300336,nws_retro_v30
2008-12-02,0.2899999935179949,nws_retro_v30
2008-12-03,0.2899999935179949,nws_retro_v30
2008-12-04,0.2899999935179949,nws_retro_v30
2008-12-05,0.2899999935179949,nws_retro_v30
2008-12-06,0.2899999935179949,nws_retro_v30
2008-12-07,0.2899999935179949,nws_retro_v30
2008-12-08,0.2899999935179949,nws_retro_v30
2008-12-09,0.2820833270282795,nws_retro_v30
2008-12-10,0.2799999937415123,nws_retro_v30
2008-12-11,0.2799999937415123,nws_retro_v30
2008-12-12,0.2799999937415123,nws_retro_v30
2008-12-13,0.2799999937415123,nws_retro_v30
2008-12-14,0.2799999937415123,nws_retro_v30
2008-12-15,0.35166665880630416,nws_retro_v30
2008-12-16,0.28041666039886576,nws_retro_v30
2008-12-17,0.27458332719591755,nws_retro_v30
2008-12-18,0.2699999939650297,nws_retro_v30
2008-12-19,0.2974999933503568,nws_retro_v30
2008-12-20,0.2708333272797366,nws_retro_v30
2008-12-21,0.2812499937135726,nws_retro_v30
2008-12-22,0.3929166578842948,nws_retro_v30
2008-12-23,0.2699999939650297,nws_retro_v30
2008-12-24,0.2720833272517969,nws_retro_v30
2008-12-25,1.3599999696016312,nws_retro_v30
2008-12-26,0.5720833205462744,nws_retro_v30
2008-12-27,0.2941666600915293,nws_retro_v30
2008-12-28,0.28249999368563294,nws_retro_v30
2008-12-29,0.2799999937415123,nws_retro_v30
2008-12-30,0.3054166598400722,nws_retro_v30
2008-12-31,0.2999999932944774,nws_retro_v30
2009-01-01,0.26374999410472805,nws_retro_v30
2009-01-02,0.28541666028710705,nws_retro_v30
2009-01-03,0.28749999357387424,nws_retro_v30
2009-01-04,0.2699999939650297,nws_retro_v30
2009-01-05,0.2687499939929694,nws_retro_v30
2009-01-06,0.2704166606223832,nws_retro_v30
2009-01-07,0.2599999941885471,nws_retro_v30
2009-01-08,0.25874999421648676,nws_retro_v30
2009-01-09,0.24999999441206447,nws_retro_v30
2009-01-10,0.24999999441206447,nws_retro_v30
2009-01-11,0.24999999441206447,nws_retro_v30
2009-01-12,0.24999999441206447,nws_retro_v30
2009-01-13,0.24999999441206447,nws_retro_v30
2009-01-14,0.24999999441206447,nws_retro_v30
2009-01-15,0.24583332783853007,nws_retro_v30
2009-01-16,0.2399999946355819,nws_retro_v30
2009-01-17,0.24166666126499567,nws_retro_v30
2009-01-18,0.2399999946355819,nws_retro_v30
2009-01-19,0.2399999946355819,nws_retro_v30
2009-01-20,0.2399999946355819,nws_retro_v30
2009-01-21,0.2399999946355819,nws_retro_v30
2009-01-22,0.352499992121011,nws_retro_v30
2009-01-23,0.24166666126499567,nws_retro_v30
2009-01-24,0.2595833275311937,nws_retro_v30
2009-01-25,0.2708333272797365,nws_retro_v30
2009-01-26,0.26166666081796086,nws_retro_v30
2009-01-27,0.23249999480322,nws_retro_v30
2009-01-28,0.2299999948590994,nws_retro_v30
2009-01-29,0.2299999948590994,nws_retro_v30
2009-01-30,0.2299999948590994,nws_retro_v30
2009-01-31,0.2299999948590994,nws_retro_v30
2009-02-01,0.2299999948590994,nws_retro_v30
2009-02-02,0.2299999948590994,nws_retro_v30
2009-02-03,0.2299999948590994,nws_retro_v30
2009-02-04,0.2299999948590994,nws_retro_v30
2009-02-05,0.39083332459752756,nws_retro_v30
2009-02-06,0.35708332535189885,nws_retro_v30
2009-02-07,0.5133333218594393,nws_retro_v30
2009-02-08,0.2883333268885811,nws_retro_v30
2009-02-09,0.6599999852478504,nws_retro_v30
2009-02-10,0.33291665922539926,nws_retro_v30
2009-02-11,0.5791666537212828,nws_retro_v30
2009-02-12,0.4541666565152506,nws_retro_v30
2009-02-13,1.315416637264813,nws_retro_v30
2009-02-14,0.9595833118849745,nws_retro_v30
2009-02-15,5.984583199567472,nws_retro_v30
2009-02-16,31.807499289046973,nws_retro_v30
2009-02-17,6.639583184927081,nws_retro_v30
2009-02-18,5.636249874019995,nws_retro_v30
2009-02-19,2.3524999474175274,nws_retro_v30
2009-02-20,2.1783332846437893,nws_retro_v30
2009-02-21,2.227499950211495,nws_retro_v30
2009-02-22,9.676666450376311,nws_retro_v30
2009-02-23,38.71541580130967,nws_retro_v30
2009-02-24,15.273332991947731,nws_retro_v30
2009-02-25,8.646666473398605,nws_retro_v30
2009-02-26,11.922499733511358,nws_retro_v30
2009-02-27,10.472083099264031,nws_retro_v30
2009-02-28,7.892083156931524,nws_retro_v30
2009-03-01,10.114999773912132,nws_retro_v30
2009-03-02,23.513332807769377,nws_retro_v30
2009-03-03,22.90333282140394,nws_retro_v30
2009-03-04,30.748332646054525,nws_retro_v30
2009-03-05,16.38749963371083,nws_retro_v30
2009-03-06,11.927916400056953,nws_retro_v30
2009-03-07,8.927916467112178,nws_retro_v30
2009-03-08,8.551249808864668,nws_retro_v30
2009-03-09,7.445416500248636,nws_retro_v30
2009-03-10,6.126249863067642,nws_retro_v30
2009-03-11,5.692083206105356,nws_retro_v30
2009-03-12,5.516666543359558,nws_retro_v30
2009-03-13,5.159583218007659,nws_retro_v30
2009-03-14,4.502499899361283,nws_retro_v30
2009-03-15,4.418333234575887,nws_retro_v30
2009-03-16,5.52416654319192,nws_retro_v30
2009-03-17,4.902499890420586,nws_retro_v30
2009-03-18,3.141249929787591,nws_retro_v30
2009-03-19,2.2779166157512614,nws_retro_v30
2009-03-20,1.959999956190586,nws_retro_v30
2009-03-21,1.9354166234067331,nws_retro_v30
2009-03-22,9.67041645051601,nws_retro_v30
2009-03-23,3.921666579010586,nws_retro_v30
2009-03-24,2.2258332835820815,nws_retro_v30
2009-03-25,2.0416666210318604,nws_retro_v30
2009-03-26,1.8129166261448215,nws_retro_v30
2009-03-27,1.5624999650754035,nws_retro_v30
2009-03-28,1.395833302134027,nws_retro_v30
2009-03-29,1.389999968931079,nws_retro_v30
2009-03-30,1.2583333052073915,nws_retro_v30
2009-03-31,1.1479166410087298,nws_retro_v30
2009-04-01,1.1412499744910747,nws_retro_v30
2009-04-02,1.0770833092586447,nws_retro_v30
2009-04-03,1.0333333102365334,nws_retro_v30
2009-04-04,1.0066666441659133,nws_retro_v30
2009-04-05,0.9783333114658793,nws_retro_v30
2009-04-06,0.990416644529129,nws_retro_v30
2009-04-07,1.7512499608565122,nws_retro_v30
2009-04-08,2.094999953173101,nws_retro_v30
2009-04-09,1.1862499734852463,nws_retro_v30
2009-04-10,1.1687499738764018,nws_retro_v30
2009-04-11,1.0741666426571708,nws_retro_v30
2009-04-12,0.9945833111026635,nws_retro_v30
2009-04-13,0.9691666450041035,nws_retro_v30
2009-04-14,0.9504166454231987,nws_retro_v30
2009-04-15,0.9312499791849405,nws_retro_v30
2009-04-16,0.9108333129746219,nws_retro_v30
2009-04-17,0.9045833131143203,nws_retro_v30
2009-04-18,0.9029166464849064,nws_retro_v30
2009-04-19,0.8954166466525445,nws_retro_v30
2009-04-20,0.8924999800510705,nws_retro_v30
2009-04-21,0.8874999801628292,nws_retro_v30
2009-04-22,0.8799999803304672,nws_retro_v30
2009-04-23,0.8799999803304672,nws_retro_v30
2009-04-24,0.8699999805539846,nws_retro_v30
2009-04-25,0.8699999805539846,nws_retro_v30
2009-04-26,0.8633333140363296,nws_retro_v30
2009-04-27,0.8599999807775021,nws_retro_v30
2009-04-28,0.8549999808892608,nws_retro_v30
2009-04-29,0.8499999810010195,nws_retro_v30
2009-04-30,0.8462499810848385,nws_retro_v30
2009-05-01,0.9424999789334834,nws_retro_v30
2009-05-02,1.4179166349737595,nws_retro_v30
2009-05-03,0.8795833136731138,nws_retro_v30
2009-05-04,0.8341666480215887,nws_retro_v30
2009-05-05,0.8274999815039337,nws_retro_v30
2009-05-06,0.8291666481333474,nws_retro_v30
2009-05-07,0.8124999818392098,nws_retro_v30
2009-05-08,0.8099999818950891,nws_retro_v30
2009-05-09,0.80041664877596,nws_retro_v30
2009-05-10,0.7999999821186066,nws_retro_v30
2009-05-11,0.792916648943598,nws_retro_v30
2009-05-12,0.789999982342124,nws_retro_v30
2009-05-13,0.7854166491112361,nws_retro_v30
2009-05-14,0.7799999825656414,nws_retro_v30
2009-05-15,0.7774999826215208,nws_retro_v30
2009-05-16,0.7699999827891588,nws_retro_v30
2009-05-17,0.7687499828170985,nws_retro_v30
2009-05-18,0.7599999830126762,nws_retro_v30
2009-05-19,0.7599999830126762,nws_retro_v30
2009-05-20,0.7504166498935471,nws_retro_v30
2009-05-21,0.7499999832361937,nws_retro_v30
2009-05-22,0.7420833167464783,nws_retro_v30
2009-05-23,0.7399999834597111,nws_retro_v30
2009-05-24,0.7337499835994095,nws_retro_v30
2009-05-25,0.7299999836832285,nws_retro_v30
2009-05-26,0.7249999837949872,nws_retro_v30
2009-05-27,0.7199999839067459,nws_retro_v30
2009-05-28,0.7170833173052719,nws_retro_v30
2009-05-29,0.7099999841302633,nws_retro_v30
2009-05-30,0.7091666508155564,nws_retro_v30
2009-05-31,0.6999999843537807,nws_retro_v30
2009-06-01,0.6999999843537807,nws_retro_v30
2009-06-02,0.6916666512067119,nws_retro_v30
2009-06-03,0.6899999845772982,nws_retro_v30
2009-06-04,0.68416665137435,nws_retro_v30
2009-06-05,0.6799999848008156,nws_retro_v30
2009-06-06,0.6774999848566949,nws_retro_v30
2009-06-07,0.669999985024333,nws_retro_v30
2009-06-08,0.669999985024333,nws_retro_v30
2009-06-09,0.6608333185625573,nws_retro_v30
2009-06-10,0.6599999852478504,nws_retro_v30
2009-06-11,0.6549999853596091,nws_retro_v30
2009-06-12,0.6499999854713678,nws_retro_v30
2009-06-13,0.6491666521566609,nws_retro_v30
2009-06-14,0.6399999856948853,nws_retro_v30
2009-06-15,0.6399999856948853,nws_retro_v30
2009-06-16,0.634166652491937,nws_retro_v30
2009-06-17,0.6299999859184027,nws_retro_v30
2009-06-18,0.6295833192610493,nws_retro_v30
2009-06-19,0.6199999861419201,nws_retro_v30
2009-06-20,0.6199999861419201,nws_retro_v30
2009-06-21,0.6154166529110322,nws_retro_v30
2009-06-22,0.6099999863654375,nws_retro_v30
2009-06-23,0.6099999863654375,nws_retro_v30
2009-06-24,0.6020833198757222,nws_retro_v30
2009-06-25,0.5999999865889549,nws_retro_v30
2009-06-26,0.599166653274248,nws_retro_v30
2009-06-27,0.5899999868124723,nws_retro_v30
2009-06-28,0.5899999868124723,nws_retro_v30
2009-06-29,0.5866666535536448,nws_retro_v30
2009-06-30,0.5799999870359898,nws_retro_v30
2009-07-01,0.5799999870359898,nws_retro_v30
2009-07-02,0.5754166538051019,nws_retro_v30
2009-07-03,0.5699999872595072,nws_retro_v30
2009-07-04,0.5699999872595072,nws_retro_v30
2009-07-05,0.5645833207139125,nws_retro_v30
2009-07-06,0.5599999874830246,nws_retro_v30
2009-07-07,0.5599999874830246,nws_retro_v30
2009-07-08,0.553749987622723,nws_retro_v30
2009-07-09,0.549999987706542,nws_retro_v30
2009-07-10,0.549999987706542,nws_retro_v30
2009-07-11,0.5445833211609473,nws_retro_v30
2009-07-12,0.5399999879300594,nws_retro_v30
2009-07-13,0.5399999879300594,nws_retro_v30
2009-07-14,0.5358333213565251,nws_retro_v30
2009-07-15,0.5299999881535769,nws_retro_v30
2009-07-16,0.5299999881535769,nws_retro_v30
2009-07-17,0.5283333215241631,nws_retro_v30
2009-07-18,0.5199999883770943,nws_retro_v30
2009-07-19,0.5199999883770943,nws_retro_v30
2009-07-20,0.5199999883770943,nws_retro_v30
2009-07-21,0.5116666552300254,nws_retro_v30
2009-07-22,0.5099999886006117,nws_retro_v30
2009-07-23,0.5099999886006117,nws_retro_v30
2009-07-24,0.5062499886844307,nws_retro_v30
2009-07-25,0.4999999888241291,nws_retro_v30
2009-07-26,0.4999999888241291,nws_retro_v30
2009-07-27,0.4999999888241291,nws_retro_v30
2009-07-28,0.49124998901970685,nws_retro_v30
2009-07-29,0.4899999890476465,nws_retro_v30
2009-07-30,0.4899999890476465,nws_retro_v30
2009-07-31,0.4874999891035259,nws_retro_v30
2009-08-01,0.4799999892711639,nws_retro_v30
2009-08-02,0.4799999892711639,nws_retro_v30
2009-08-03,0.4799999892711639,nws_retro_v30
2009-08-04,0.4749999893829226,nws_retro_v30
2009-08-05,0.4699999894946813,nws_retro_v30
2009-08-06,0.4699999894946813,nws_retro_v30
2009-08-07,0.4699999894946813,nws_retro_v30
2009-08-08,0.4633333229770263,nws_retro_v30
2009-08-09,0.4599999897181988,nws_retro_v30
2009-08-10,0.4599999897181988,nws_retro_v30
2009-08-11,0.4599999897181988,nws_retro_v30
2009-08-12,0.4529166565431903,nws_retro_v30
2009-08-13,0.4499999899417162,nws_retro_v30
2009-08-14,0.4499999899417162,nws_retro_v30
2009-08-15,0.4499999899417162,nws_retro_v30
2009-08-16,0.4437499900814146,nws_retro_v30
2009-08-17,0.4399999901652336,nws_retro_v30
2009-08-18,0.4399999901652336,nws_retro_v30
2009-08-19,0.4399999901652336,nws_retro_v30
2009-08-20,0.4358333235916992,nws_retro_v30
2009-08-21,0.429999990388751,nws_retro_v30
2009-08-22,0.429999990388751,nws_retro_v30
2009-08-23,0.429999990388751,nws_retro_v30
2009-08-24,0.4295833237313975,nws_retro_v30
2009-08-25,0.4199999906122684,nws_retro_v30
2009-08-26,0.4199999906122684,nws_retro_v30
2009-08-27,0.4199999906122684,nws_retro_v30
2009-08-28,0.4199999906122684,nws_retro_v30
2009-08-29,0.41458332406667364,nws_retro_v30
2009-08-30,0.4099999908357858,nws_retro_v30
2009-08-31,0.4099999908357858,nws_retro_v30
2009-09-01,0.4099999908357858,nws_retro_v30
2009-09-02,0.4099999908357858,nws_retro_v30
2009-09-03,0.4012499910313636,nws_retro_v30
2009-09-04,0.3999999910593033,nws_retro_v30
2009-09-05,0.3999999910593033,nws_retro_v30
2009-09-06,0.3999999910593033,nws_retro_v30
2009-09-07,0.3991666577445964,nws_retro_v30
2009-09-08,0.3899999912828207,nws_retro_v30
2009-09-09,0.3899999912828207,nws_retro_v30
2009-09-10,0.3899999912828207,nws_retro_v30
2009-09-11,0.3899999912828207,nws_retro_v30
2009-09-12,0.38916665796811384,nws_retro_v30
2009-09-13,0.3799999915063381,nws_retro_v30
2009-09-14,0.40166665768871707,nws_retro_v30
2009-09-15,0.38458332473722595,nws_retro_v30
2009-09-16,0.3799999915063381,nws_retro_v30
2009-09-17,0.3799999915063381,nws_retro_v30
2009-09-18,0.3704166583872089,nws_retro_v30
2009-09-19,0.3699999917298555,nws_retro_v30
2009-09-20,0.3699999917298555,nws_retro_v30
2009-09-21,0.3699999917298555,nws_retro_v30
2009-09-22,0.3699999917298555,nws_retro_v30
2009-09-23,0.36416665852690727,nws_retro_v30
2009-09-24,0.3599999919533729,nws_retro_v30
2009-09-25,0.3599999919533729,nws_retro_v30
2009-09-26,0.3599999919533729,nws_retro_v30
2009-09-27,0.3599999919533729,nws_retro_v30
2009-09-28,0.35958332529601944,nws_retro_v30
2009-09-29,0.3499999921768904,nws_retro_v30
2009-09-30,0.3499999921768904,nws_retro_v30
2009-10-01,0.3499999921768904,nws_retro_v30
2009-10-02,0.3499999921768904,nws_retro_v30
2009-10-03,0.3499999921768904,nws_retro_v30
2009-10-04,0.34708332557541627,nws_retro_v30
2009-10-05,0.3399999924004078,nws_retro_v30
2009-10-06,0.3399999924004078,nws_retro_v30
2009-10-07,0.3399999924004078,nws_retro_v30
2009-10-08,0.3399999924004078,nws_retro_v30
2009-10-09,0.3399999924004078,nws_retro_v30
2009-10-10,0.3366666591415803,nws_retro_v30
2009-10-11,0.3299999926239252,nws_retro_v30
2009-10-12,0.3299999926239252,nws_retro_v30
2009-10-13,10.112083107310658,nws_retro_v30
2009-10-14,21.211249525891617,nws_retro_v30
2009-10-15,0.9820833113820603,nws_retro_v30
2009-10-16,0.36833332510044176,nws_retro_v30
2009-10-17,0.3287499926518649,nws_retro_v30
2009-10-18,0.32749999267980456,nws_retro_v30
2009-10-19,0.33583332582687336,nws_retro_v30
2009-10-20,0.3237499927636236,nws_retro_v30
2009-10-21,0.3199999928474426,nws_retro_v30
2009-10-22,0.33416665919745964,nws_retro_v30
2009-10-23,0.327916659337158,nws_retro_v30
2009-10-24,0.33541665916951996,nws_retro_v30
2009-10-25,0.3158333262739082,nws_retro_v30
2009-10-26,0.30999999307096,nws_retro_v30
2009-10-27,0.30999999307096,nws_retro_v30
2009-10-28,0.30999999307096,nws_retro_v30
2009-10-29,0.30999999307096,nws_retro_v30
2009-10-30,0.30999999307096,nws_retro_v30
2009-10-31,0.30999999307096,nws_retro_v30
2009-11-01,0.30999999307096,nws_retro_v30
2009-11-02,0.30249999323859805,nws_retro_v30
2009-11-03,0.2999999932944774,nws_retro_v30
2009-11-04,0.2999999932944774,nws_retro_v30
2009-11-05,0.2999999932944774,nws_retro_v30
2009-11-06,0.2999999932944774,nws_retro_v30
2009-11-07,0.2999999932944774,nws_retro_v30
2009-11-08,0.2999999932944774,nws_retro_v30
2009-11-09,0.2999999932944774,nws_retro_v30
2009-11-10,0.292916660119469,nws_retro_v30
2009-11-11,0.2899999935179949,nws_retro_v30
2009-11-12,0.2899999935179949,nws_retro_v30
2009-11-13,0.2899999935179949,nws_retro_v30
2009-11-14,0.2899999935179949,nws_retro_v30
2009-11-15,0.2899999935179949,nws_retro_v30
2009-11-16,0.2899999935179949,nws_retro_v30
2009-11-17,0.2899999935179949,nws_retro_v30
2009-11-18,0.2833333270003398,nws_retro_v30
2009-11-19,0.2799999937415123,nws_retro_v30
2009-11-20,0.2829166603429864,nws_retro_v30
2009-11-21,0.28874999354593456,nws_retro_v30
2009-11-22,0.2799999937415123,nws_retro_v30
2009-11-23,0.2799999937415123,nws_retro_v30
2009-11-24,0.2799999937415123,nws_retro_v30
2009-11-25,0.2799999937415123,nws_retro_v30
2009-11-26,0.2766666604826848,nws_retro_v30
2009-11-27,0.2699999939650297,nws_retro_v30
2009-11-28,0.2699999939650297,nws_retro_v30
2009-11-29,0.2699999939650297,nws_retro_v30
2009-11-30,0.2699999939650297,nws_retro_v30
2009-12-01,0.2699999939650297,nws_retro_v30
2009-12-02,0.2699999939650297,nws_retro_v30
2009-12-03,0.2699999939650297,nws_retro_v30
2009-12-04,0.2699999939650297,nws_retro_v30
2009-12-05,0.2620833274753143,nws_retro_v30
2009-12-06,0.2599999941885471,nws_retro_v30
2009-12-07,0.48333332252999145,nws_retro_v30
2009-12-08,0.2924999934621155,nws_retro_v30
2009-12-09,0.260833327503254,nws_retro_v30
2009-12-10,0.2599999941885471,nws_retro_v30
2009-12-11,0.3479166588901232,nws_retro_v30
2009-12-12,0.8399999812245369,nws_retro_v30
2009-12-13,1.6699999626725912,nws_retro_v30
2009-12-14,0.8858333135334154,nws_retro_v30
2009-12-15,0.7070833175287893,nws_retro_v30
2009-12-16,0.46791665620791417,nws_retro_v30
2009-12-17,0.42249999055638904,nws_retro_v30
2009-12-18,0.38124999147839844,nws_retro_v30
2009-12-19,0.3320833259106924,nws_retro_v30
2009-12-20,0.2999999932944774,nws_retro_v30
2009-12-21,0.2829166603429864,nws_retro_v30
2009-12-22,0.3066666598121325,nws_retro_v30
2009-12-23,0.2799999937415123,nws_retro_v30
2009-12-24,0.2708333272797366,nws_retro_v30
2009-12-25,0.2699999939650297,nws_retro_v30
2009-12-26,0.26749999402090907,nws_retro_v30
2009-12-27,0.8937499800231308,nws_retro_v30
2009-12-28,0.40166665768871707,nws_retro_v30
2009-12-29,0.34708332557541627,nws_retro_v30
2009-12-30,0.5004166554814825,nws_retro_v30
2009-12-31,0.33874999242834747,nws_retro_v30
2010-01-01,0.2733333272238572,nws_retro_v30
2010-01-02,0.3058333264974256,nws_retro_v30
2010-01-03,0.30208332658124465,nws_retro_v30
2010-01-04,0.289166660203288,nws_retro_v30
2010-01-05,0.27916666042680544,nws_retro_v30
2010-01-06,0.26916666065032285,nws_retro_v30
2010-01-07,0.25916666087384016,nws_retro_v30
2010-01-08,0.24999999441206447,nws_retro_v30
2010-01-09,0.2491666610973576,nws_retro_v30
2010-01-10,0.2399999946355819,nws_retro_v30
2010-01-11,0.2399999946355819,nws_retro_v30
2010-01-12,1.5087499662768096,nws_retro_v30
2010-01-13,3.059166598288963,nws_retro_v30
2010-01-14,1.0495833098733176,nws_retro_v30
2010-01-15,0.41291665743725997,nws_retro_v30
2010-01-16,0.3883333246534069,nws_retro_v30
2010-01-17,0.702083317640548,nws_retro_v30
2010-01-18,7.534166498264919,nws_retro_v30
2010-01-19,15.86666631201903,nws_retro_v30
2010-01-20,57.32333205205699,nws_retro_v30
2010-01-21,31.02624930650927,nws_retro_v30
2010-01-22,25.413332765301067,nws_retro_v30
2010-01-23,25.75624942430295,nws_retro_v30
2010-01-24,19.30958290173051,nws_retro_v30
2010-01-25,18.001666264298063,nws_retro_v30
2010-01-26,39.45916578468556,nws_retro_v30
2010-01-27,23.148749482585117,nws_retro_v30
2010-01-28,13.02333304223915,nws_retro_v30
2010-01-29,12.103749729460105,nws_retro_v30
2010-01-30,24.034999462775886,nws_retro_v30
2010-01-31,12.358749723760411,nws_retro_v30
2010-02-01,10.853749757399783,nws_retro_v30
2010-02-02,10.009999776259065,nws_retro_v30
2010-02-03,9.886666445682446,nws_retro_v30
2010-02-04,8.587083141397065,nws_retro_v30
2010-02-05,77.28583160586034,nws_retro_v30
2010-02-06,33.23708259042663,nws_retro_v30
2010-02-07,18.213749592890963,nws_retro_v30
2010-02-08,13.187083038579052,nws_retro_v30
2010-02-09,21.37499952223152,nws_retro_v30
2010-02-10,15.567082985381907,nws_retro_v30
2010-02-11,12.100416396201277,nws_retro_v30
2010-02-12,13.241249704034999,nws_retro_v30
2010-02-13,12.026666397849718,nws_retro_v30
2010-02-14,9.045833131143203,nws_retro_v30
2010-02-15,7.096249841386452,nws_retro_v30
2010-02-16,6.054166531345497,nws_retro_v30
2010-02-17,5.542499876115471,nws_retro_v30
2010-02-18,5.443749878322706,nws_retro_v30
2010-02-19,5.618333207753797,nws_retro_v30
2010-02-20,5.721249872120097,nws_retro_v30
2010-02-21,6.060833197863151,nws_retro_v30
2010-02-22,9.872916445989782,nws_retro_v30
2010-02-23,7.355416502260293,nws_retro_v30
2010-02-24,34.992082551199324,nws_retro_v30
2010-02-25,9.679166450320432,nws_retro_v30
2010-02-26,8.227916482758397,nws_retro_v30
2010-02-27,37.311249166028574,nws_retro_v30
2010-02-28,13.677083027626699,nws_retro_v30
2010-03-01,9.775833114826431,nws_retro_v30
2010-03-02,20.989582864179585,nws_retro_v30
2010-03-03,34.377082564945646,nws_retro_v30
2010-03-04,20.928749532205984,nws_retro_v30
2010-03-05,11.72541640458318,nws_retro_v30
2010-03-06,11.209583082779622,nws_retro_v30
2010-03-07,10.317916436043257,nws_retro_v30
2010-03-08,9.34458312446562,nws_retro_v30
2010-03-09,11.189583083226657,nws_retro_v30
2010-03-10,12.532499719876796,nws_retro_v30
2010-03-11,8.296249814564362,nws_retro_v30
2010-03-12,8.961666466357807,nws_retro_v30
2010-03-13,28.299999367445707,nws_retro_v30
2010-03-14,7.969583155199264,nws_retro_v30
2010-03-15,6.795416514777268,nws_retro_v30
2010-03-16,6.509999854490161,nws_retro_v30
2010-03-17,5.3258332142916815,nws_retro_v30
2010-03-18,4.260833238096287,nws_retro_v30
2010-03-19,3.5612499203998595,nws_retro_v30
2010-03-20,3.779166582195709,nws_retro_v30
2010-03-21,3.7095832504176847,nws_retro_v30
2010-03-22,3.7104165837323912,nws_retro_v30
2010-03-23,3.392499924171716,nws_retro_v30
2010-03-24,3.1466665963331857,nws_retro_v30
2010-03-25,3.376249924534932,nws_retro_v30
2010-03-26,3.2333332610627017,nws_retro_v30
2010-03-27,2.8845832688578716,nws_retro_v30
2010-03-28,2.757499938365072,nws_retro_v30
2010-03-29,2.6758332735237977,nws_retro_v30
2010-03-30,4.988333221835394,nws_retro_v30
2010-03-31,4.0808332421196,nws_retro_v30
2010-04-01,8.416666478539506,nws_retro_v30
2010-04-02,3.5649999203160405,nws_retro_v30
2010-04-03,5.847083202640836,nws_retro_v30
2010-04-04,3.4487499229144305,nws_retro_v30
2010-04-05,22.609999494627118,nws_retro_v30
2010-04-06,5.267916548919554,nws_retro_v30
2010-04-07,4.0541665760489805,nws_retro_v30
2010-04-08,3.8987499128561467,nws_retro_v30
2010-04-09,3.519166588007162,nws_retro_v30
2010-04-10,3.5470832540498427,nws_retro_v30
2010-04-11,9.561249786289409,nws_retro_v30
2010-04-12,25.63749942695722,nws_retro_v30
2010-04-13,8.482916477058703,nws_retro_v30
2010-04-14,5.917083201076214,nws_retro_v30
2010-04-15,5.7891665372687084,nws_retro_v30
2010-04-16,5.459583211302136,nws_retro_v30
2010-04-17,4.992916555066283,nws_retro_v30
2010-04-18,4.14374990737997,nws_retro_v30
2010-04-19,3.804583248294269,nws_retro_v30
2010-04-20,9.251666459875802,nws_retro_v30
2010-04-21,6.066249864408746,nws_retro_v30
2010-04-22,4.845416558363165,nws_retro_v30
2010-04-23,3.812083248126631,nws_retro_v30
2010-04-24,3.342499925289303,nws_retro_v30
2010-04-25,2.835833269947519,nws_retro_v30
2010-04-26,2.5783332757030926,nws_retro_v30
2010-04-27,3.400416590661431,nws_retro_v30
2010-04-28,4.329583236559604,nws_retro_v30
2010-04-29,3.0933332641919455,nws_retro_v30
2010-04-30,2.6691666070061424,nws_retro_v30
2010-05-01,2.4612499449867755,nws_retro_v30
2010-05-02,2.3479166141866394,nws_retro_v30
2010-05-03,2.2562499495688826,nws_retro_v30
2010-05-04,2.234583283386504,nws_retro_v30
2010-05-05,2.219166617064426,nws_retro_v30
2010-05-06,2.187916617762918,nws_retro_v30
2010-05-07,2.1624999516643584,nws_retro_v30
2010-05-08,2.1295832857334367,nws_retro_v30
2010-05-09,2.1020832863481096,nws_retro_v30
2010-05-10,2.10333328632017,nws_retro_v30
2010-05-11,2.1562499518040568,nws_retro_v30
2010-05-12,2.0566666206965842,nws_retro_v30
2010-05-13,2.029166621311257,nws_retro_v30
2010-05-14,2.007083288471525,nws_retro_v30
2010-05-15,1.984166622317086,nws_retro_v30
2010-05-16,1.9624999561347067,nws_retro_v30
2010-05-17,1.9408332899523277,nws_retro_v30
2010-05-18,1.9283332902317245,nws_retro_v30
2010-05-19,1.9066666240493457,nws_retro_v30
2010-05-20,1.8829166245801996,nws_retro_v30
2010-05-21,1.8662499582860619,nws_retro_v30
2010-05-22,1.8487499586772174,nws_retro_v30
2010-05-23,1.8299999590963125,nws_retro_v30
2010-05-24,1.8116666261727612,nws_retro_v30
2010-05-25,1.8145832927742351,nws_retro_v30
2010-05-26,2.212083283889418,nws_retro_v30
2010-05-27,1.8441666254463296,nws_retro_v30
2010-05-28,1.7712499604094774,nws_retro_v30
2010-05-29,1.72916662801678,nws_retro_v30
2010-05-30,1.7120832950652887,nws_retro_v30
2010-05-31,1.6954166287711512,nws_retro_v30
2010-06-01,1.6795832957917203,nws_retro_v30
2010-06-02,1.6645832961269964,nws_retro_v30
2010-06-03,1.6483332964902122,nws_retro_v30
2010-06-04,1.6341666301401954,nws_retro_v30
2010-06-05,1.6174999638460577,nws_retro_v30
2010-06-06,1.603749964153394,nws_retro_v30
2010-06-07,1.5883332978313167,nws_retro_v30
2010-06-08,1.5741666314812999,nws_retro_v30
2010-06-09,1.5595832984739293,nws_retro_v30
2010-06-10,1.544999965466559,nws_retro_v30
2010-06-11,1.5312499657738954,nws_retro_v30
2010-06-12,1.5162499661091715,nws_retro_v30
2010-06-13,1.5037499663885683,nws_retro_v30
2010-06-14,1.489166633381198,nws_retro_v30
2010-06-15,1.4758333003458877,nws_retro_v30
2010-06-16,1.4633333006252844,nws_retro_v30
2010-06-17,1.4491666342752676,nws_retro_v30
2010-06-18,1.4362499678973109,nws_retro_v30
2010-06-19,1.4241666348340611,nws_retro_v30
2010-06-20,1.4120833017708112,nws_retro_v30
2010-06-21,1.3979166354207944,nws_retro_v30
2010-06-22,1.386249969014898,nws_retro_v30
2010-06-23,1.3741666359516482,nws_retro_v30
2010-06-24,1.3624999695457518,nws_retro_v30
2010-06-25,1.3508333031398554,nws_retro_v30
2010-06-26,1.3383333034192522,nws_retro_v30
2010-06-27,1.3270833036707093,nws_retro_v30
2010-06-28,1.3158333039221666,nws_retro_v30
2010-06-29,1.3045833041736237,nws_retro_v30
2010-06-30,1.293749971082434,nws_retro_v30
2010-07-01,1.2829166379912447,nws_retro_v30
2010-07-02,1.2724999715574086,nws_retro_v30
2010-07-03,1.261666638466219,nws_retro_v30
2010-07-04,1.251249972032383,nws_retro_v30
2010-07-05,1.240833305598547,nws_retro_v30
2010-07-06,1.2304166391647111,nws_retro_v30
2010-07-07,1.2204166393882285,nws_retro_v30
2010-07-08,1.210416639611746,nws_retro_v30
2010-07-09,1.2008333064926169,nws_retro_v30
2010-07-10,1.1912499733734876,nws_retro_v30
2010-07-11,1.1816666402543585,nws_retro_v30
2010-07-12,1.1720833071352292,nws_retro_v30
2010-07-13,1.1629166406734537,nws_retro_v30
2010-07-14,1.153749974211678,nws_retro_v30
2010-07-15,1.1445833077499021,nws_retro_v30
2010-07-16,1.1358333079454799,nws_retro_v30
2010-07-17,1.1274999747984111,nws_retro_v30
2010-07-18,1.1187499749939889,nws_retro_v30
2010-07-19,1.1099999751895666,nws_retro_v30
2010-07-20,1.1004166420704375,nws_retro_v30
2010-07-21,1.092499975580722,nws_retro_v30
2010-07-22,1.0845833090910066,nws_retro_v30
2010-07-23,1.0766666426012914,nws_retro_v30
2010-07-24,1.0691666427689295,nws_retro_v30
2010-07-25,1.0599999763071537,nws_retro_v30
2010-07-26,1.051666643160085,nws_retro_v30
2010-07-27,1.0441666433277228,nws_retro_v30
2010-07-28,1.0374999768100677,nws_retro_v30
2010-07-29,1.029999976977706,nws_retro_v30
2010-07-30,1.0204166438585769,nws_retro_v30
2010-07-31,1.0137499773409218,nws_retro_v30
2010-08-01,1.0074999774806201,nws_retro_v30
2010-08-02,0.9999999776482582,nws_retro_v30
2010-08-03,0.991249977843836,nws_retro_v30
2010-08-04,0.9854166446408877,nws_retro_v30
2010-08-05,0.9795833114379396,nws_retro_v30
2010-08-06,0.9699999783188104,nws_retro_v30
2010-08-07,0.9641666451158623,nws_retro_v30
2010-08-08,0.9587499785702677,nws_retro_v30
2010-08-09,0.9499999787658452,nws_retro_v30
2010-08-10,0.9437499789055437,nws_retro_v30
2010-08-11,0.9387499790173025,nws_retro_v30
2010-08-12,0.92999997921288,nws_retro_v30
2010-08-13,0.9241666460099319,nws_retro_v30
2010-08-14,0.9191666461216906,nws_retro_v30
2010-08-15,0.909999979659915,nws_retro_v30
2010-08-16,0.9049999797716737,nws_retro_v30
2010-08-17,0.8999999798834324,nws_retro_v30
2010-08-18,0.8912499800790101,nws_retro_v30
2010-08-19,0.8874999801628292,nws_retro_v30
2010-08-20,0.8799999803304672,nws_retro_v30
2010-08-21,0.8745833137848725,nws_retro_v30
2010-08-22,0.8699999805539846,nws_retro_v30
2010-08-23,0.8616666474069158,nws_retro_v30
2010-08-24,0.8591666474627951,nws_retro_v30
2010-08-25,0.8499999810010195,nws_retro_v30
2010-08-26,0.8466666477421919,nws_retro_v30
2010-08-27,0.8399999812245369,nws_retro_v30
2010-08-28,0.8349999813362956,nws_retro_v30
2010-08-29,0.8299999814480543,nws_retro_v30
2010-08-30,0.8233333149303993,nws_retro_v30
2010-08-31,0.8199999816715717,nws_retro_v30
2010-09-01,0.8120833151818564,nws_retro_v30
2010-09-02,0.8099999818950891,nws_retro_v30
2010-09-03,0.8008333154333135,nws_retro_v30
2010-09-04,0.7999999821186066,nws_retro_v30
2010-09-05,0.7904166489994774,nws_retro_v30
2010-09-06,0.789999982342124,nws_retro_v30
2010-09-07,0.7804166492229948,nws_retro_v30
2010-09-08,0.7799999825656414,nws_retro_v30
2010-09-09,0.7704166494465122,nws_retro_v30
2010-09-10,0.7699999827891588,nws_retro_v30
2010-09-11,0.7604166496700296,nws_retro_v30
2010-09-12,0.7599999830126762,nws_retro_v30
2010-09-13,0.751249983208254,nws_retro_v30
2010-09-14,0.7499999832361937,nws_retro_v30
2010-09-15,0.7429166500611851,nws_retro_v30
2010-09-16,0.7399999834597111,nws_retro_v30
2010-09-17,0.7345833169141164,nws_retro_v30
2010-09-18,0.7299999836832285,nws_retro_v30
2010-09-19,0.7266666504244009,nws_retro_v30
2010-09-20,0.7199999839067459,nws_retro_v30
2010-09-21,0.7195833172493925,nws_retro_v30
2010-09-22,0.7099999841302633,nws_retro_v30
2010-09-23,0.7099999841302633,nws_retro_v30
2010-09-24,0.7024999842979014,nws_retro_v30
2010-09-25,0.6999999843537807,nws_retro_v30
2010-09-26,0.6962499844375998,nws_retro_v30
2010-09-27,0.6899999845772982,nws_retro_v30
2010-09-28,0.6899999845772982,nws_retro_v30
2010-09-29,0.680416651458169,nws_retro_v30
2010-09-30,0.6799999848008156,nws_retro_v30
2010-10-01,0.6749999849125743,nws_retro_v30
2010-10-02,0.669999985024333,nws_retro_v30
2010-10-03,0.669999985024333,nws_retro_v30
2010-10-04,0.6604166519052038,nws_retro_v30
2010-10-05,0.6599999852478504,nws_retro_v30
2010-10-06,0.655833318674316,nws_retro_v30
2010-10-07,0.6499999854713678,nws_retro_v30
2010-10-08,0.6499999854713678,nws_retro_v30
2010-10-09,0.6420833189816525,nws_retro_v30
2010-10-10,0.6399999856948853,nws_retro_v30
2010-10-11,0.6391666523801783,nws_retro_v30
2010-10-12,0.6299999859184027,nws_retro_v30
2010-10-13,0.6299999859184027,nws_retro_v30
2010-10-14,0.6266666526595751,nws_retro_v30
2010-10-15,0.6199999861419201,nws_retro_v30
2010-10-16,0.6199999861419201,nws_retro_v30
2010-10-17,0.6154166529110322,nws_retro_v30
2010-10-18,0.6108333196801444,nws_retro_v30
2010-10-19,0.6099999863654375,nws_retro_v30
2010-10-20,0.6033333198477825,nws_retro_v30
2010-10-21,0.5999999865889549,nws_retro_v30
2010-10-22,0.6045833198198428,nws_retro_v30
2010-10-23,0.5945833200433602,nws_retro_v30
2010-10-24,0.6099999863654375,nws_retro_v30
2010-10-25,0.860833314092209,nws_retro_v30
2010-10-26,0.6224999860860407,nws_retro_v30
2010-10-27,0.5829166536374638,nws_retro_v30
2010-10-28,0.5799999870359898,nws_retro_v30
2010-10-29,0.5737499871756881,nws_retro_v30
2010-10-30,0.5762499871198088,nws_retro_v30
2010-10-31,0.5720833205462744,nws_retro_v30
2010-11-01,0.5654166540286193,nws_retro_v30
2010-11-02,0.5599999874830246,nws_retro_v30
2010-11-03,0.5599999874830246,nws_retro_v30
2010-11-04,0.5579166541962574,nws_retro_v30
2010-11-05,0.549999987706542,nws_retro_v30
2010-11-06,0.549999987706542,nws_retro_v30
2010-11-07,0.5741666538330416,nws_retro_v30
2010-11-08,0.5491666543918351,nws_retro_v30
2010-11-09,0.5399999879300594,nws_retro_v30
2010-11-10,0.5399999879300594,nws_retro_v30
2010-11-11,0.5354166546991715,nws_retro_v30
2010-11-12,0.5299999881535769,nws_retro_v30
2010-11-13,0.5299999881535769,nws_retro_v30
2010-11-14,0.5299999881535769,nws_retro_v30
2010-11-15,0.5204166550344477,nws_retro_v30
2010-11-16,0.5199999883770943,nws_retro_v30
2010-11-17,0.5199999883770943,nws_retro_v30
2010-11-18,0.5166666551182667,nws_retro_v30
2010-11-19,0.5099999886006117,nws_retro_v30
2010-11-20,0.5616666541124383,nws_retro_v30
2010-11-21,1.3141666372927527,nws_retro_v30
2010-11-22,0.6424999856390059,nws_retro_v30
2010-11-23,0.5387499879579991,nws_retro_v30
2010-11-24,0.5062499886844307,nws_retro_v30
2010-11-25,0.4999999888241291,nws_retro_v30
2010-11-26,0.49249998899176717,nws_retro_v30
2010-11-27,0.5554166542521367,nws_retro_v30
2010-11-28,0.5295833214962234,nws_retro_v30
2010-11-29,0.4899999890476465,nws_retro_v30
2010-11-30,0.48249998921528453,nws_retro_v30
2010-12-01,0.4799999892711639,nws_retro_v30
2010-12-02,0.4799999892711639,nws_retro_v30
2010-12-03,0.4799999892711639,nws_retro_v30
2010-12-04,0.47583332269762946,nws_retro_v30
2010-12-05,0.49083332236235333,nws_retro_v30
2010-12-06,0.8758333137569329,nws_retro_v30
2010-12-07,0.48083332258587075,nws_retro_v30
2010-12-08,0.486666655788819,nws_retro_v30
2010-12-09,0.6187499861698598,nws_retro_v30
2010-12-10,0.5162499884609133,nws_retro_v30
2010-12-11,0.47916665595645697,nws_retro_v30
2010-12-12,0.4629166563196729,nws_retro_v30
2010-12-13,0.46208332300496596,nws_retro_v30
2010-12-14,0.4699999894946813,nws_retro_v30
2010-12-15,0.5183333217476805,nws_retro_v30
2010-12-16,0.4699999894946813,nws_retro_v30
2010-12-17,0.5129166552020857,nws_retro_v30
2010-12-18,4.784583226389562,nws_retro_v30
2010-12-19,15.142082994881397,nws_retro_v30
2010-12-20,5.118749885587022,nws_retro_v30
2010-12-21,2.009166621758292,nws_retro_v30
2010-12-22,3.6812499177176505,nws_retro_v30
2010-12-23,1.480833300234129,nws_retro_v30
2010-12-24,0.959166645227621,nws_retro_v30
2010-12-25,1.3054166374883305,nws_retro_v30
2010-12-26,7.049166509105514,nws_retro_v30
2010-12-27,1.6099999640136957,nws_retro_v30
2010-12-28,1.1470833076940228,nws_retro_v30
2010-12-29,23.209166147901367,nws_retro_v30
2010-12-30,3.9174999124370515,nws_retro_v30
2010-12-31,3.05874993163161,nws_retro_v30
2011-01-01,6.022499865386635,nws_retro_v30
2011-01-02,14.180833016367009,nws_retro_v30
2011-01-03,7.216666505361597,nws_retro_v30
2011-01-04,5.187916550707693,nws_retro_v30
2011-01-05,5.494166543862472,nws_retro_v30
2011-01-06,5.490416543946291,nws_retro_v30
2011-01-07,5.400416545957948,nws_retro_v30
2011-01-08,5.230833216415097,nws_retro_v30
2011-01-09,4.979166555373619,nws_retro_v30
2011-01-10,4.3199999034404755,nws_retro_v30
2011-01-11,4.186666573087375,nws_retro_v30
2011-01-12,4.204999906010926,nws_retro_v30
2011-01-13,3.872916580100233,nws_retro_v30
2011-01-14,4.359583235889052,nws_retro_v30
2011-01-15,3.068333264750739,nws_retro_v30
2011-01-16,2.457916611727948,nws_retro_v30
2011-01-17,2.231249950127676,nws_retro_v30
2011-01-18,2.022083288136249,nws_retro_v30
2011-01-19,1.7316666279609005,nws_retro_v30
2011-01-20,1.6929166288270305,nws_retro_v30
2011-01-21,1.777499960269779,nws_retro_v30
2011-01-22,1.7091666284638147,nws_retro_v30
2011-01-23,1.5712499648798257,nws_retro_v30
2011-01-24,1.5699999649077654,nws_retro_v30
2011-01-25,1.4633333006252844,nws_retro_v30
2011-01-26,1.365416636147226,nws_retro_v30
2011-01-27,1.3470833032236744,nws_retro_v30
2011-01-28,1.3708333026928206,nws_retro_v30
2011-01-29,1.3237499704118818,nws_retro_v30
2011-01-30,8.119583151846504,nws_retro_v30
2011-01-31,4.891666557329397,nws_retro_v30
2011-02-01,1.879583291321372,nws_retro_v30
2011-02-02,1.6533332963784535,nws_retro_v30
2011-02-03,1.8383332922433813,nws_retro_v30
2011-02-04,1.8429166254742693,nws_retro_v30
2011-02-05,1.6491666298049192,nws_retro_v30
2011-02-06,1.389999968931079,nws_retro_v30
2011-02-07,1.1820833069117118,nws_retro_v30
2011-02-08,1.1166666417072217,nws_retro_v30
2011-02-09,1.0258333104041715,nws_retro_v30
2011-02-10,1.068749976111576,nws_retro_v30
2011-02-11,1.125416641511644,nws_retro_v30
2011-02-12,1.114999975077808,nws_retro_v30
2011-02-13,1.1062499752733856,nws_retro_v30
2011-02-14,1.2883333045368395,nws_retro_v30
2011-02-15,2.037083287800973,nws_retro_v30
2011-02-16,15.010416331157709,nws_retro_v30
2011-02-17,8.686249805847183,nws_retro_v30
2011-02-18,28.02541604024979,nws_retro_v30
2011-02-19,19.383749566739425,nws_retro_v30
2011-02-20,15.680416316182042,nws_retro_v30
2011-02-21,10.829583091273284,nws_retro_v30
2011-02-22,11.445833077499023,nws_retro_v30
2011-02-23,10.659999761730433,nws_retro_v30
2011-02-24,9.494999787770212,nws_retro_v30
2011-02-25,62.23874860885553,nws_retro_v30
2011-02-26,19.111249572830275,nws_retro_v30
2011-02-27,13.605416362561906,nws_retro_v30
2011-02-28,12.784999714232981,nws_retro_v30
2011-03-01,11.250833081857612,nws_retro_v30
2011-03-02,20.89541619961771,nws_retro_v30
2011-03-03,21.075832862251747,nws_retro_v30
2011-03-04,11.556249741697684,nws_retro_v30
2011-03-05,8.970833132819584,nws_retro_v30
2011-03-06,9.277499792631716,nws_retro_v30
2011-03-07,12.889583045228695,nws_retro_v30
2011-03-08,7.364166502064715,nws_retro_v30
2011-03-09,6.712916516621287,nws_retro_v30
2011-03-10,5.980833199651291,nws_retro_v30
2011-03-11,6.112083196717625,nws_retro_v30
2011-03-12,4.819999892264605,nws_retro_v30
2011-03-13,4.742083227339511,nws_retro_v30
2011-03-14,11.958333066043755,nws_retro_v30
2011-03-15,6.414583189956223,nws_retro_v30
2011-03-16,8.029166487200806,nws_retro_v30
2011-03-17,5.560416542381669,nws_retro_v30
2011-03-18,5.7466665382186575,nws_retro_v30
2011-03-19,18.09833292880406,nws_retro_v30
2011-03-20,51.50916551534707,nws_retro_v30
2011-03-21,14.310416346803928,nws_retro_v30
2011-03-22,12.413749722531065,nws_retro_v30
2011-03-23,38.7187491345685,nws_retro_v30
2011-03-24,68.64958179889557,nws_retro_v30
2011-03-25,53.68749879999086,nws_retro_v30
2011-03-26,62.12124861148186,nws_retro_v30
2011-03-27,32.362499276641756,nws_retro_v30
2011-03-28,23.608749472303316,nws_retro_v30
2011-03-29,18.90374957746826,nws_retro_v30
2011-03-30,15.464999654330313,nws_retro_v30
2011-03-31,12.481249721022323,nws_retro_v30
2011-04-01,10.516666431600848,nws_retro_v30
2011-04-02,9.1666664617757,nws_retro_v30
2011-04-03,7.994583154640471,nws_retro_v30
2011-04-04,6.812499847728759,nws_retro_v30
2011-04-05,6.344999858178198,nws_retro_v30
2011-04-06,5.507499876897782,nws_retro_v30
2011-04-07,4.976666555429499,nws_retro_v30
2011-04-08,5.479999877512455,nws_retro_v30
2011-04-09,4.983333221947153,nws_retro_v30
2011-04-10,4.495833232843627,nws_retro_v30
2011-04-11,4.23458323868302,nws_retro_v30
2011-04-12,3.8608332470369837,nws_retro_v30
2011-04-13,3.7041665838720896,nws_retro_v30
2011-04-14,3.720416583508874,nws_retro_v30
2011-04-15,3.358333258268734,nws_retro_v30
2011-04-16,3.24166659420977,nws_retro_v30
2011-04-17,2.974166600188861,nws_retro_v30
2011-04-18,2.9104166016137847,nws_retro_v30
2011-04-19,3.077916597869868,nws_retro_v30
2011-04-20,2.862083269360786,nws_retro_v30
2011-04-21,3.3670832580731562,nws_retro_v30
2011-04-22,3.0420832653374723,nws_retro_v30
2011-04-23,2.784999937750399,nws_retro_v30
2011-04-24,3.094583264164006,nws_retro_v30
2011-04-25,2.901249935152009,nws_retro_v30
2011-04-26,2.7670832714842013,nws_retro_v30
2011-04-27,2.516666610414783,nws_retro_v30
2011-04-28,2.4266666124264398,nws_retro_v30
2011-04-29,2.388749946607277,nws_retro_v30
2011-04-30,2.347083280871933,nws_retro_v30
2011-05-01,2.31166661499689,nws_retro_v30
2011-05-02,2.2866666155556836,nws_retro_v30
2011-05-03,2.2599999494850636,nws_retro_v30
2011-05-04,2.2354166167012104,nws_retro_v30
2011-05-05,2.2116666172320643,nws_retro_v30
2011-05-06,2.1908332843643925,nws_retro_v30
2011-05-07,2.16874995152466,nws_retro_v30
2011-05-08,2.147499951999635,nws_retro_v30
2011-05-09,2.1245832858451954,nws_retro_v30
2011-05-10,2.103749952977523,nws_retro_v30
2011-05-11,2.082499953452498,nws_retro_v30
2011-05-12,2.0616666205848255,nws_retro_v30
2011-05-13,2.0408332877171538,nws_retro_v30
2011-05-14,2.0199999548494816,nws_retro_v30
2011-05-15,3.087499930988997,nws_retro_v30
2011-05-16,2.1745832847276083,nws_retro_v30
2011-05-17,2.4874999444000423,nws_retro_v30
2011-05-18,2.269166615946839,nws_retro_v30
2011-05-19,2.0179166215627142,nws_retro_v30
2011-05-20,1.91208329059494,nws_retro_v30
2011-05-21,1.8883332911257942,nws_retro_v30
2011-05-22,1.8704166248595964,nws_retro_v30
2011-05-23,1.8524999585933983,nws_retro_v30
2011-05-24,1.8354166256419073,nws_retro_v30
2011-05-25,1.826666625837485,nws_retro_v30
2011-05-26,1.818333292690416,nws_retro_v30
2011-05-27,1.7891666266756754,nws_retro_v30
2011-05-28,1.7729166270388912,nws_retro_v30
2011-05-29,1.7558332940874,nws_retro_v30
2011-05-30,1.7412499610800296,nws_retro_v30
2011-05-31,1.7283332947020729,nws_retro_v30
2011-06-01,1.7220832948417713,nws_retro_v30
2011-06-02,1.696249962085858,nws_retro_v30
2011-06-03,1.6808332957637806,nws_retro_v30
2011-06-04,9.446249788859859,nws_retro_v30
2011-06-05,4.3845832353302585,nws_retro_v30
2011-06-06,1.8154166260889422,nws_retro_v30
2011-06-07,1.6741666292461257,nws_retro_v30
2011-06-08,1.6454166298887383,nws_retro_v30
2011-06-09,1.625416630335773,nws_retro_v30
2011-06-10,1.6220832970769454,nws_retro_v30
2011-06-11,1.6070832974122216,nws_retro_v30
2011-06-12,1.5920832977474977,nws_retro_v30
2011-06-13,1.5679166316209983,nws_retro_v30
2011-06-14,1.547916632068033,nws_retro_v30
2011-06-15,1.5308332991165419,nws_retro_v30
2011-06-16,1.5174999660812318,nws_retro_v30
2011-06-17,1.506249966332689,nws_retro_v30
2011-06-18,1.494999966584146,nws_retro_v30
2011-06-19,1.4833333001782496,nws_retro_v30
2011-06-20,1.4720833004297067,nws_retro_v30
2011-06-21,1.459999967366457,nws_retro_v30
2011-06-22,1.4479166343032073,nws_retro_v30
2011-06-23,1.4366666345546644,nws_retro_v30
2011-06-24,1.4254166348061215,nws_retro_v30
2011-06-25,1.4141666350575786,nws_retro_v30
2011-06-26,1.4029166353090357,nws_retro_v30
2011-06-27,1.3916666355604927,nws_retro_v30
2011-06-28,1.3866666356722515,nws_retro_v30
2011-06-29,1.5145832994797577,nws_retro_v30
2011-06-30,1.378749969182536,nws_retro_v30
2011-07-01,1.349583303167795,nws_retro_v30
2011-07-02,1.3366666367898385,nws_retro_v30
2011-07-03,1.325833303698649,nws_retro_v30
2011-07-04,1.3149999706074598,nws_retro_v30
2011-07-05,1.3045833041736237,nws_retro_v30
2011-07-06,1.2941666377397876,nws_retro_v30
2011-07-07,1.284166637963305,nws_retro_v30
2011-07-08,1.273749971529469,nws_retro_v30
2011-07-09,1.263749971752986,nws_retro_v30
2011-07-10,1.2537499719765035,nws_retro_v30
2011-07-11,1.2437499722000211,nws_retro_v30
2011-07-12,1.2337499724235386,nws_retro_v30
2011-07-13,1.2241666393044095,nws_retro_v30
2011-07-14,1.2145833061852802,nws_retro_v30
2011-07-15,1.2049999730661514,nws_retro_v30
2011-07-16,1.1958333066043756,nws_retro_v30
2011-07-17,1.1866666401425998,nws_retro_v30
2011-07-18,1.1774999736808243,nws_retro_v30
2011-07-19,1.1687499738764018,nws_retro_v30
2011-07-20,1.1599999740719795,nws_retro_v30
2011-07-21,1.149999974295497,nws_retro_v30
2011-07-22,1.1412499744910747,nws_retro_v30
2011-07-23,1.1324999746866524,nws_retro_v30
2011-07-24,1.1241666415395837,nws_retro_v30
2011-07-25,1.1162499750498682,nws_retro_v30
2011-07-26,1.1083333085601528,nws_retro_v30
2011-07-27,1.099999975413084,nws_retro_v30
2011-07-28,1.090416642293955,nws_retro_v30
2011-07-29,1.0824999758042395,nws_retro_v30
2011-07-30,1.0749999759718778,nws_retro_v30
2011-07-31,1.0679166427968692,nws_retro_v30
2011-08-01,1.0599999763071537,nws_retro_v30
2011-08-02,1.050833309845378,nws_retro_v30
2011-08-03,1.0437499766703693,nws_retro_v30
2011-08-04,1.0370833101527144,nws_retro_v30
2011-08-05,1.029999976977706,nws_retro_v30
2011-08-06,1.0204166438585769,nws_retro_v30
2011-08-07,1.0141666439982753,nws_retro_v30
2011-08-08,1.0079166441379737,nws_retro_v30
2011-08-09,0.9999999776482582,nws_retro_v30
2011-08-10,0.9920833111585429,nws_retro_v30
2011-08-11,0.9862499779555947,nws_retro_v30
2011-08-12,0.979999978095293,nws_retro_v30
2011-08-13,0.9708333116335172,nws_retro_v30
2011-08-14,0.9654166450879226,nws_retro_v30
2011-08-15,0.959999978542328,nws_retro_v30
2011-08-16,0.9504166454231986,nws_retro_v30
2011-08-17,0.9458333121923109,nws_retro_v30
2011-08-18,0.9399999789893628,nws_retro_v30
2011-08-19,0.9304166458702334,nws_retro_v30
2011-08-20,0.9258333126393458,nws_retro_v30
2011-08-21,0.9199999794363976,nws_retro_v30
2011-08-22,0.9116666462893287,nws_retro_v30
2011-08-23,0.9079166463731477,nws_retro_v30
2011-08-24,0.8999999798834324,nws_retro_v30
2011-08-25,0.8945833133378377,nws_retro_v30
2011-08-26,0.8899999801069498,nws_retro_v30
2011-08-27,0.8812499803025275,nws_retro_v30
2011-08-28,0.8783333137010535,nws_retro_v30
2011-08-29,0.8699999805539846,nws_retro_v30
2011-08-30,0.8658333139804503,nws_retro_v30
2011-08-31,0.8599999807775021,nws_retro_v30
2011-09-01,0.853333314259847,nws_retro_v30
2011-09-02,0.8499999810010195,nws_retro_v30
2011-09-03,0.8412499811965972,nws_retro_v30
2011-09-04,0.8395833145671835,nws_retro_v30
2011-09-05,0.8299999814480543,nws_retro_v30
2011-09-06,0.8283333148186406,nws_retro_v30
2011-09-07,0.8199999816715717,nws_retro_v30
2011-09-08,0.8170833150700977,nws_retro_v30
2011-09-09,0.8099999818950891,nws_retro_v30
2011-09-10,0.8066666486362616,nws_retro_v30
2011-09-11,0.7999999821186066,nws_retro_v30
2011-09-12,0.7962499822024256,nws_retro_v30
2011-09-13,0.789999982342124,nws_retro_v30
2011-09-14,0.786249982425943,nws_retro_v30
2011-09-15,0.7799999825656414,nws_retro_v30
2011-09-16,0.7766666493068138,nws_retro_v30
2011-09-17,0.7699999827891588,nws_retro_v30
2011-09-18,0.7670833161876848,nws_retro_v30
2011-09-19,0.7599999830126762,nws_retro_v30
2011-09-20,0.7583333163832625,nws_retro_v30
2011-09-21,0.7499999832361937,nws_retro_v30
2011-09-22,0.7495833165788403,nws_retro_v30
2011-09-23,0.7399999834597111,nws_retro_v30
2011-09-24,0.7399999834597111,nws_retro_v30
2011-09-25,0.7316666503126422,nws_retro_v30
2011-09-26,0.7299999836832285,nws_retro_v30
2011-09-27,0.7241666504802803,nws_retro_v30
2011-09-28,0.7199999839067459,nws_retro_v30
2011-09-29,0.7170833173052719,nws_retro_v30
2011-09-30,0.7099999841302633,nws_retro_v30
2011-10-01,0.7099999841302633,nws_retro_v30
2011-10-02,0.7004166510111342,nws_retro_v30
2011-10-03,0.7029166509552548,nws_retro_v30
2011-10-04,0.8641666473510364,nws_retro_v30
2011-10-05,1.4670833005414654,nws_retro_v30
2011-10-06,0.9787499781232327,nws_retro_v30
2011-10-07,0.7041666509273151,nws_retro_v30
2011-10-08,0.6799999848008156,nws_retro_v30
2011-10-09,0.6741666515978674,nws_retro_v30
2011-10-10,0.669999985024333,nws_retro_v30
2011-10-11,0.6695833183669796,nws_retro_v30
2011-10-12,0.6599999852478504,nws_retro_v30
2011-10-13,0.6599999852478504,nws_retro_v30
2011-10-14,0.655833318674316,nws_retro_v30
2011-10-15,0.6499999854713678,nws_retro_v30
2011-10-16,0.6499999854713678,nws_retro_v30
2011-10-17,0.6424999856390059,nws_retro_v30
2011-10-18,0.6399999856948853,nws_retro_v30
2011-10-19,0.6395833190375318,nws_retro_v30
2011-10-20,0.6299999859184027,nws_retro_v30
2011-10-21,0.6299999859184027,nws_retro_v30
2011-10-22,0.6270833193169286,nws_retro_v30
2011-10-23,0.6199999861419201,nws_retro_v30
2011-10-24,0.6199999861419201,nws_retro_v30
2011-10-25,0.6158333195683857,nws_retro_v30
2011-10-26,0.6099999863654375,nws_retro_v30
2011-10-27,0.6099999863654375,nws_retro_v30
2011-10-28,0.6045833198198428,nws_retro_v30
2011-10-29,0.5999999865889549,nws_retro_v30
2011-10-30,0.5999999865889549,nws_retro_v30
2011-10-31,0.5945833200433602,nws_retro_v30
2011-11-01,0.5899999868124723,nws_retro_v30
2011-11-02,0.5899999868124723,nws_retro_v30
2011-11-03,0.584999986924231,nws_retro_v30
2011-11-04,0.5799999870359898,nws_retro_v30
2011-11-05,0.5799999870359898,nws_retro_v30
2011-11-06,0.6812499847728759,nws_retro_v30
2011-11-07,0.5766666537771622,nws_retro_v30
2011-11-08,0.5699999872595072,nws_retro_v30
2011-11-09,0.5679166539727399,nws_retro_v30
2011-11-10,0.5599999874830246,nws_retro_v30
2011-11-11,0.564166654056559,nws_retro_v30
2011-11-12,0.5624999874271452,nws_retro_v30
2011-11-13,0.5512499876786023,nws_retro_v30
2011-11-14,0.549999987706542,nws_retro_v30
2011-11-15,0.549999987706542,nws_retro_v30
2011-11-16,0.5449999878183007,nws_retro_v30
2011-11-17,0.5399999879300594,nws_retro_v30
2011-11-18,0.5399999879300594,nws_retro_v30
2011-11-19,0.5391666546153525,nws_retro_v30
2011-11-20,0.7187499839346856,nws_retro_v30
2011-11-21,0.5708333205742141,nws_retro_v30
2011-11-22,0.5299999881535769,nws_retro_v30
2011-11-23,0.5245833216079822,nws_retro_v30
2011-11-24,0.5199999883770943,nws_retro_v30
2011-11-25,0.5199999883770943,nws_retro_v30
2011-11-26,0.5199999883770943,nws_retro_v30
2011-11-27,0.5116666552300254,nws_retro_v30
2011-11-28,0.5099999886006117,nws_retro_v30
2011-11-29,0.5099999886006117,nws_retro_v30
2011-11-30,0.5099999886006117,nws_retro_v30
2011-12-01,0.4999999888241291,nws_retro_v30
2011-12-02,0.4999999888241291,nws_retro_v30
2011-12-03,0.4999999888241291,nws_retro_v30
2011-12-04,0.49916665550942224,nws_retro_v30
2011-12-05,0.4899999890476465,nws_retro_v30
2011-12-06,0.4899999890476465,nws_retro_v30
2011-12-07,0.4899999890476465,nws_retro_v30
2011-12-08,0.48958332239029306,nws_retro_v30
2011-12-09,0.4799999892711639,nws_retro_v30
2011-12-10,0.4799999892711639,nws_retro_v30
2011-12-11,0.4799999892711639,nws_retro_v30
2011-12-12,0.4799999892711639,nws_retro_v30
2011-12-13,0.47083332280938817,nws_retro_v30
2011-12-14,0.4699999894946813,nws_retro_v30
2011-12-15,0.4699999894946813,nws_retro_v30
2011-12-16,0.4699999894946813,nws_retro_v30
2011-12-17,0.4629166563196729,nws_retro_v30
2011-12-18,0.4599999897181988,nws_retro_v30
2011-12-19,0.4599999897181988,nws_retro_v30
2011-12-20,0.4599999897181988,nws_retro_v30
2011-12-21,0.45583332314466435,nws_retro_v30
2011-12-22,0.4499999899417162,nws_retro_v30
2011-12-23,0.4499999899417162,nws_retro_v30
2011-12-24,0.4499999899417162,nws_retro_v30
2011-12-25,0.4499999899417162,nws_retro_v30
2011-12-26,0.4399999901652336,nws_retro_v30
2011-12-27,0.4399999901652336,nws_retro_v30
2011-12-28,0.4399999901652336,nws_retro_v30
2011-12-29,0.4399999901652336,nws_retro_v30
2011-12-30,0.4354166569343458,nws_retro_v30
2011-12-31,0.429999990388751,nws_retro_v30
2012-01-01,0.429999990388751,nws_retro_v30
2012-01-02,0.429999990388751,nws_retro_v30
2012-01-03,0.429999990388751,nws_retro_v30
2012-01-04,0.4220833238990356,nws_retro_v30
2012-01-05,0.4199999906122684,nws_retro_v30
2012-01-06,0.4199999906122684,nws_retro_v30
2012-01-07,0.4199999906122684,nws_retro_v30
2012-01-08,0.4199999906122684,nws_retro_v30
2012-01-09,0.4104166574931392,nws_retro_v30
2012-01-10,0.4099999908357858,nws_retro_v30
2012-01-11,0.4099999908357858,nws_retro_v30
2012-01-12,0.4099999908357858,nws_retro_v30
2012-01-13,0.4099999908357858,nws_retro_v30
2012-01-14,0.3999999910593033,nws_retro_v30
2012-01-15,0.3999999910593033,nws_retro_v30
2012-01-16,0.3999999910593033,nws_retro_v30
2012-01-17,0.3999999910593033,nws_retro_v30
2012-01-18,0.3999999910593033,nws_retro_v30
2012-01-19,0.391249991254881,nws_retro_v30
2012-01-20,0.4104166574931393,nws_retro_v30
2012-01-21,14.70416633800293,nws_retro_v30
2012-01-22,1.9941666220935683,nws_retro_v30
2012-01-23,6.3170831921355175,nws_retro_v30
2012-01-24,2.257916616198296,nws_retro_v30
2012-01-25,1.0970833088116099,nws_retro_v30
2012-01-26,0.8699999805539846,nws_retro_v30
2012-01-27,0.6458333188978335,nws_retro_v30
2012-01-28,0.4462499900255352,nws_retro_v30
2012-01-29,0.4249999905005097,nws_retro_v30
2012-01-30,0.3995833244019498,nws_retro_v30
2012-01-31,0.3799999915063381,nws_retro_v30
2012-02-01,0.4791666559564571,nws_retro_v30
2012-02-02,0.4354166569343458,nws_retro_v30
2012-02-03,0.40749999089166516,nws_retro_v30
2012-02-04,0.39749999111518264,nws_retro_v30
2012-02-05,0.38749999133870006,nws_retro_v30
2012-02-06,0.37916665819163126,nws_retro_v30
2012-02-07,0.4049999909475446,nws_retro_v30
2012-02-08,0.391249991254881,nws_retro_v30
2012-02-09,0.37958332484898466,nws_retro_v30
2012-02-10,0.3699999917298555,nws_retro_v30
2012-02-11,0.3766666582475106,nws_retro_v30
2012-02-12,0.38333332476516563,nws_retro_v30
2012-02-13,0.5204166550344477,nws_retro_v30
2012-02-14,0.6420833189816525,nws_retro_v30
2012-02-15,0.4466666566828887,nws_retro_v30
2012-02-16,0.3708333250445624,nws_retro_v30
2012-02-17,0.37791665821957093,nws_retro_v30
2012-02-18,0.37416665830338997,nws_retro_v30
2012-02-19,0.36083332526807976,nws_retro_v30
2012-02-20,0.3599999919533729,nws_retro_v30
2012-02-21,0.3599999919533729,nws_retro_v30
2012-02-22,0.359166658638666,nws_retro_v30
2012-02-23,0.3499999921768904,nws_retro_v30
2012-02-24,0.3499999921768904,nws_retro_v30
2012-02-25,0.3499999921768904,nws_retro_v30
2012-02-26,0.3499999921768904,nws_retro_v30
2012-02-27,0.3499999921768904,nws_retro_v30
2012-02-28,0.3499999921768904,nws_retro_v30
2012-02-29,1.8895832910978545,nws_retro_v30
2012-03-01,1.043333310013016,nws_retro_v30
2012-03-02,0.4629166563196729,nws_retro_v30
2012-03-03,0.4162499906960874,nws_retro_v30
2012-03-04,0.4079166575490187,nws_retro_v30
2012-03-05,0.3737499916460365,nws_retro_v30
2012-03-06,0.3929166578842948,nws_retro_v30
2012-03-07,0.36791665844308824,nws_retro_v30
2012-03-08,0.34583332560335595,nws_retro_v30
2012-03-09,0.3512499921489507,nws_retro_v30
2012-03-10,0.34041665905776125,nws_retro_v30
2012-03-11,0.3399999924004078,nws_retro_v30
2012-03-12,0.3399999924004078,nws_retro_v30
2012-03-13,2.937083267684405,nws_retro_v30
2012-03-14,11.479999743402004,nws_retro_v30
2012-03-15,11.374999745748937,nws_retro_v30
2012-03-16,4.5137498991098255,nws_retro_v30
2012-03-17,26.155416082047548,nws_retro_v30
2012-03-18,6.603749852394685,nws_retro_v30
2012-03-19,6.216666527713339,nws_retro_v30
2012-03-20,5.955416533552731,nws_retro_v30
2012-03-21,5.563333208983143,nws_retro_v30
2012-03-22,5.033333220829566,nws_retro_v30
2012-03-23,3.9362499120179564,nws_retro_v30
2012-03-24,3.4524999228306115,nws_retro_v30
2012-03-25,19.65833289393534,nws_retro_v30
2012-03-26,5.7708332043451565,nws_retro_v30
2012-03-27,4.069583242371057,nws_retro_v30
2012-03-28,37.84249915415421,nws_retro_v30
2012-03-29,8.31416648083056,nws_retro_v30
2012-03-30,6.498333188084264,nws_retro_v30
2012-03-31,8.845416468956197,nws_retro_v30
2012-04-01,13.663749694591388,nws_retro_v30
2012-04-02,4.638749896315858,nws_retro_v30
2012-04-03,3.312083259302502,nws_retro_v30
2012-04-04,3.248749927384779,nws_retro_v30
2012-04-05,2.8866666021446385,nws_retro_v30
2012-04-06,2.46666661153237,nws_retro_v30
2012-04-07,2.4420832787485174,nws_retro_v30
2012-04-08,2.4045832795867077,nws_retro_v30
2012-04-09,2.4604166116720685,nws_retro_v30
2012-04-10,2.5229166102750846,nws_retro_v30
2012-04-11,7.249166504635165,nws_retro_v30
2012-04-12,8.728333138239881,nws_retro_v30
2012-04-13,25.77416609056915,nws_retro_v30
2012-04-14,6.625416518577064,nws_retro_v30
2012-04-15,3.6566665849337974,nws_retro_v30
2012-04-16,3.457916589376206,nws_retro_v30
2012-04-17,3.3483332584922514,nws_retro_v30
2012-04-18,3.140416596472884,nws_retro_v30
2012-04-19,2.299166615276287,nws_retro_v30
2012-04-20,1.8883332911257942,nws_retro_v30
2012-04-21,1.4758333003458877,nws_retro_v30
2012-04-22,1.2933333044250805,nws_retro_v30
2012-04-23,1.2891666378515463,nws_retro_v30
2012-04-24,1.3095833040618647,nws_retro_v30
2012-04-25,1.310833304033925,nws_retro_v30
2012-04-26,1.4404166344708453,nws_retro_v30
2012-04-27,1.446666634331147,nws_retro_v30
2012-04-28,1.160416640729333,nws_retro_v30
2012-04-29,1.0220833104879905,nws_retro_v30
2012-04-30,0.979999978095293,nws_retro_v30
2012-05-01,0.9883333112423619,nws_retro_v30
2012-05-02,0.991249977843836,nws_retro_v30
2012-05-03,0.9849999779835343,nws_retro_v30
2012-05-04,0.9749999782070518,nws_retro_v30
2012-05-05,0.9687499783467501,nws_retro_v30
2012-05-06,0.9537499786820263,nws_retro_v30
2012-05-07,0.9437499789055437,nws_retro_v30
2012-05-08,0.9358333124158283,nws_retro_v30
2012-05-09,0.92999997921288,nws_retro_v30
2012-05-10,0.9254166459819922,nws_retro_v30
2012-05-11,0.9199999794363976,nws_retro_v30
2012-05-12,0.9149999795481563,nws_retro_v30
2012-05-13,0.909999979659915,nws_retro_v30
2012-05-14,0.9020833131701996,nws_retro_v30
2012-05-15,0.8999999798834324,nws_retro_v30
2012-05-16,0.8924999800510705,nws_retro_v30
2012-05-17,0.8899999801069498,nws_retro_v30
2012-05-18,0.881666646959881,nws_retro_v30
2012-05-19,0.8799999803304672,nws_retro_v30
2012-05-20,0.870416647211338,nws_retro_v30
2012-05-21,0.8687499805819243,nws_retro_v30
2012-05-22,0.8599999807775021,nws_retro_v30
2012-05-23,0.857083314176028,nws_retro_v30
2012-05-24,0.8499999810010195,nws_retro_v30
2012-05-25,0.8449999811127782,nws_retro_v30
2012-05-26,0.8399999812245369,nws_retro_v30
2012-05-27,0.8329166480495284,nws_retro_v30
2012-05-28,0.8299999814480543,nws_retro_v30
2012-05-29,0.821249981643632,nws_retro_v30
2012-05-30,0.8195833150142183,nws_retro_v30
2012-05-31,0.8099999818950891,nws_retro_v30
2012-06-01,0.8074999819509685,nws_retro_v30
2012-06-02,0.7999999821186066,nws_retro_v30
2012-06-03,0.7962499822024256,nws_retro_v30
2012-06-04,0.7945833155730119,nws_retro_v30
2012-06-05,0.8349999813362956,nws_retro_v30
2012-06-06,0.7858333157685896,nws_retro_v30
2012-06-07,0.7741666493626932,nws_retro_v30
2012-06-08,0.7699999827891588,nws_retro_v30
2012-06-09,0.7620833162994435,nws_retro_v30
2012-06-10,0.7599999830126762,nws_retro_v30
2012-06-11,0.7516666498656074,nws_retro_v30
2012-06-12,0.7499999832361937,nws_retro_v30
2012-06-13,0.7412499834317714,nws_retro_v30
2012-06-14,0.7399999834597111,nws_retro_v30
2012-06-15,0.7312499836552888,nws_retro_v30
2012-06-16,0.7299999836832285,nws_retro_v30
2012-06-17,0.7216666505361596,nws_retro_v30
2012-06-18,0.7199999839067459,nws_retro_v30
2012-06-19,0.712499984074384,nws_retro_v30
2012-06-20,0.7099999841302633,nws_retro_v30
2012-06-21,0.7033333176126083,nws_retro_v30
2012-06-22,0.6999999843537807,nws_retro_v30
2012-06-23,0.6949999844655395,nws_retro_v30
2012-06-24,0.6899999845772982,nws_retro_v30
2012-06-25,0.6870833179758241,nws_retro_v30
2012-06-26,0.6799999848008156,nws_retro_v30
2012-06-27,0.6791666514861087,nws_retro_v30
2012-06-28,0.669999985024333,nws_retro_v30
2012-06-29,0.669999985024333,nws_retro_v30
2012-06-30,0.6620833185346177,nws_retro_v30
2012-07-01,0.6599999852478504,nws_retro_v30
2012-07-02,0.655833318674316,nws_retro_v30
2012-07-03,0.6499999854713678,nws_retro_v30
2012-07-04,0.6495833188140144,nws_retro_v30
2012-07-05,0.6399999856948853,nws_retro_v30
2012-07-06,0.6399999856948853,nws_retro_v30
2012-07-07,0.634166652491937,nws_retro_v30
2012-07-08,0.6299999859184027,nws_retro_v30
2012-07-09,0.6291666526036958,nws_retro_v30
2012-07-10,0.6199999861419201,nws_retro_v30
2012-07-11,0.6199999861419201,nws_retro_v30
2012-07-12,0.6149999862536788,nws_retro_v30
2012-07-13,0.6099999863654375,nws_retro_v30
2012-07-14,0.6099999863654375,nws_retro_v30
2012-07-15,0.6012499865610152,nws_retro_v30
2012-07-16,0.5999999865889549,nws_retro_v30
2012-07-17,0.5979166533021877,nws_retro_v30
2012-07-18,0.5899999868124723,nws_retro_v30
2012-07-19,0.5899999868124723,nws_retro_v30
2012-07-20,0.585833320238938,nws_retro_v30
2012-07-21,0.5799999870359898,nws_retro_v30
2012-07-22,0.5799999870359898,nws_retro_v30
2012-07-23,0.5741666538330416,nws_retro_v30
2012-07-24,0.5699999872595072,nws_retro_v30
2012-07-25,0.5699999872595072,nws_retro_v30
2012-07-26,0.5624999874271452,nws_retro_v30
2012-07-27,0.5599999874830246,nws_retro_v30
2012-07-28,0.5599999874830246,nws_retro_v30
2012-07-29,0.5524999876506627,nws_retro_v30
2012-07-30,0.549999987706542,nws_retro_v30
2012-07-31,0.549999987706542,nws_retro_v30
2012-08-01,0.5429166545315335,nws_retro_v30
2012-08-02,0.5399999879300594,nws_retro_v30
2012-08-03,0.5399999879300594,nws_retro_v30
2012-08-04,0.5345833213844647,nws_retro_v30
2012-08-05,0.5299999881535769,nws_retro_v30
2012-08-06,0.5299999881535769,nws_retro_v30
2012-08-07,0.5270833215521028,nws_retro_v30
2012-08-08,0.5199999883770943,nws_retro_v30
2012-08-09,0.5199999883770943,nws_retro_v30
2012-08-10,0.5199999883770943,nws_retro_v30
2012-08-11,0.5104166552579651,nws_retro_v30
2012-08-12,0.5099999886006117,nws_retro_v30
2012-08-13,0.5099999886006117,nws_retro_v30
2012-08-14,0.504583322055017,nws_retro_v30
2012-08-15,0.4999999888241291,nws_retro_v30
2012-08-16,0.4999999888241291,nws_retro_v30
2012-08-17,0.4999999888241291,nws_retro_v30
2012-08-18,0.4899999890476465,nws_retro_v30
2012-08-19,0.4899999890476465,nws_retro_v30
2012-08-20,0.4899999890476465,nws_retro_v30
2012-08-21,0.48624998913146555,nws_retro_v30
2012-08-22,0.4799999892711639,nws_retro_v30
2012-08-23,0.4799999892711639,nws_retro_v30
2012-08-24,0.4799999892711639,nws_retro_v30
2012-08-25,0.4733333227535088,nws_retro_v30
2012-08-26,0.4699999894946813,nws_retro_v30
2012-08-27,0.4699999894946813,nws_retro_v30
2012-08-28,0.4699999894946813,nws_retro_v30
2012-08-29,0.46208332300496596,nws_retro_v30
2012-08-30,0.4599999897181988,nws_retro_v30
2012-08-31,0.4599999897181988,nws_retro_v30
2012-09-01,0.4599999897181988,nws_retro_v30
2012-09-02,0.4512499899137765,nws_retro_v30
2012-09-03,0.4499999899417162,nws_retro_v30
2012-09-04,0.4499999899417162,nws_retro_v30
2012-09-05,0.4499999899417162,nws_retro_v30
2012-09-06,0.4420833234520008,nws_retro_v30
2012-09-07,0.4399999901652336,nws_retro_v30
2012-09-08,0.4399999901652336,nws_retro_v30
2012-09-09,0.4399999901652336,nws_retro_v30
2012-09-10,0.43458332361963886,nws_retro_v30
2012-09-11,0.429999990388751,nws_retro_v30
2012-09-12,0.429999990388751,nws_retro_v30
2012-09-13,0.429999990388751,nws_retro_v30
2012-09-14,0.42791665710198373,nws_retro_v30
2012-09-15,0.4199999906122684,nws_retro_v30
2012-09-16,0.4199999906122684,nws_retro_v30
2012-09-17,0.4199999906122684,nws_retro_v30
2012-09-18,0.4199999906122684,nws_retro_v30
2012-09-19,0.41291665743725986,nws_retro_v30
2012-09-20,0.4099999908357858,nws_retro_v30
2012-09-21,0.4099999908357858,nws_retro_v30
2012-09-22,0.4099999908357858,nws_retro_v30
2012-09-23,0.40958332417843235,nws_retro_v30
2012-09-24,0.3999999910593033,nws_retro_v30
2012-09-25,0.3999999910593033,nws_retro_v30
2012-09-26,0.3999999910593033,nws_retro_v30
2012-09-27,0.3999999910593033,nws_retro_v30
2012-09-28,0.3979166577725361,nws_retro_v30
2012-09-29,0.3899999912828207,nws_retro_v30
2012-09-30,0.3899999912828207,nws_retro_v30
2012-10-01,0.3899999912828207,nws_retro_v30
2012-10-02,0.3899999912828207,nws_retro_v30
2012-10-03,0.38749999133870006,nws_retro_v30
2012-10-04,0.3799999915063381,nws_retro_v30
2012-10-05,0.3799999915063381,nws_retro_v30
2012-10-06,0.3799999915063381,nws_retro_v30
2012-10-07,0.3799999915063381,nws_retro_v30
2012-10-08,0.37916665819163126,nws_retro_v30
2012-10-09,0.3699999917298555,nws_retro_v30
2012-10-10,0.37083332504456235,nws_retro_v30
2012-10-11,0.3699999917298555,nws_retro_v30
2012-10-12,0.3699999917298555,nws_retro_v30
2012-10-13,0.3699999917298555,nws_retro_v30
2012-10-14,0.36249999189749355,nws_retro_v30
2012-10-15,0.3599999919533729,nws_retro_v30
2012-10-16,0.3599999919533729,nws_retro_v30
2012-10-17,0.3599999919533729,nws_retro_v30
2012-10-18,0.3599999919533729,nws_retro_v30
2012-10-19,0.35791665866660566,nws_retro_v30
2012-10-20,0.3499999921768904,nws_retro_v30
2012-10-21,0.3499999921768904,nws_retro_v30
2012-10-22,0.7220833171935132,nws_retro_v30
2012-10-23,0.9891666445570687,nws_retro_v30
2012-10-24,0.4483333233123024,nws_retro_v30
2012-10-25,0.3512499921489507,nws_retro_v30
2012-10-26,0.3399999924004078,nws_retro_v30
2012-10-27,0.3399999924004078,nws_retro_v30
2012-10-28,0.3399999924004078,nws_retro_v30
2012-10-29,0.3399999924004078,nws_retro_v30
2012-10-30,0.3399999924004078,nws_retro_v30
2012-10-31,0.33541665916951996,nws_retro_v30
2012-11-01,0.3299999926239252,nws_retro_v30
2012-11-02,0.3299999926239252,nws_retro_v30
2012-11-03,0.3299999926239252,nws_retro_v30
2012-11-04,0.3299999926239252,nws_retro_v30
2012-11-05,0.3299999926239252,nws_retro_v30
2012-11-06,0.32749999267980456,nws_retro_v30
2012-11-07,0.3199999928474426,nws_retro_v30
2012-11-08,0.3199999928474426,nws_retro_v30
2012-11-09,0.3199999928474426,nws_retro_v30
2012-11-10,0.3199999928474426,nws_retro_v30
2012-11-11,0.3199999928474426,nws_retro_v30
2012-11-12,0.3199999928474426,nws_retro_v30
2012-11-13,0.31249999301508063,nws_retro_v30
2012-11-14,0.30999999307096,nws_retro_v30
2012-11-15,0.30999999307096,nws_retro_v30
2012-11-16,0.31041665972831345,nws_retro_v30
2012-11-17,0.38624999136663973,nws_retro_v30
2012-11-18,0.35791665866660577,nws_retro_v30
2012-11-19,0.30999999307096,nws_retro_v30
2012-11-20,0.3020833265812446,nws_retro_v30
2012-11-21,0.6845833180317035,nws_retro_v30
2012-11-22,0.6237499860581011,nws_retro_v30
2012-11-23,0.31874999287538225,nws_retro_v30
2012-11-24,0.2999999932944774,nws_retro_v30
2012-11-25,0.2999999932944774,nws_retro_v30
2012-11-26,0.2999999932944774,nws_retro_v30
2012-11-27,0.2933333267768224,nws_retro_v30
2012-11-28,0.45541665648731094,nws_retro_v30
2012-11-29,0.34083332571511465,nws_retro_v30
2012-11-30,18.092082928943757,nws_retro_v30
2012-12-01,6.920833178640653,nws_retro_v30
2012-12-02,15.717499648686498,nws_retro_v30
2012-12-03,8.307083147655552,nws_retro_v30
2012-12-04,1.8374999589286745,nws_retro_v30
2012-12-05,1.688749962253496,nws_retro_v30
2012-12-06,1.3829166357560705,nws_retro_v30
2012-12-07,0.7358333168861767,nws_retro_v30
2012-12-08,0.508333321971198,nws_retro_v30
2012-12-09,0.447916656654949,nws_retro_v30
2012-12-10,0.47291665609615546,nws_retro_v30
2012-12-11,0.3962499911431223,nws_retro_v30
2012-12-12,0.5749999871477485,nws_retro_v30
2012-12-13,0.5666666540006796,nws_retro_v30
2012-12-14,0.5104166552579651,nws_retro_v30
2012-12-15,0.5049999887123704,nws_retro_v30
2012-12-16,0.7274999837391078,nws_retro_v30
2012-12-17,3.2349999276921153,nws_retro_v30
2012-12-18,1.7399999611079693,nws_retro_v30
2012-12-19,0.7420833167464783,nws_retro_v30
2012-12-20,0.7179166506199787,nws_retro_v30
2012-12-21,3.0383332654212913,nws_retro_v30
2012-12-22,9.526666453729073,nws_retro_v30
2012-12-23,34.03583257257318,nws_retro_v30
2012-12-24,35.86041586512389,nws_retro_v30
2012-12-25,10.686666427801052,nws_retro_v30
2012-12-26,26.91124939848669,nws_retro_v30
2012-12-27,14.533749675145373,nws_retro_v30
2012-12-28,12.275416392289722,nws_retro_v30
2012-12-29,17.580416273713734,nws_retro_v30
2012-12-30,11.76541640368911,nws_retro_v30
2012-12-31,9.26833312616994,nws_retro_v30
2013-01-01,8.615416474097097,nws_retro_v30
2013-01-02,7.495416499131049,nws_retro_v30
2013-01-03,6.888749846024439,nws_retro_v30
2013-01-04,6.521666520896058,nws_retro_v30
2013-01-05,6.071666530954341,nws_retro_v30
2013-01-06,15.313749657711014,nws_retro_v30
2013-01-07,7.244999838061631,nws_retro_v30
2013-01-08,5.880416535229112,nws_retro_v30
2013-01-09,5.118333218929668,nws_retro_v30
2013-01-10,5.013749887933955,nws_retro_v30
2013-01-11,4.376666568840544,nws_retro_v30
2013-01-12,3.9829165776415416,nws_retro_v30
2013-01-13,3.481666588845352,nws_retro_v30
2013-01-14,3.1970832618729523,nws_retro_v30
2013-01-15,2.9262499345932156,nws_retro_v30
2013-01-16,2.8420832698078207,nws_retro_v30
2013-01-17,2.754583271763598,nws_retro_v30
2013-01-18,2.7608332716238997,nws_retro_v30
2013-01-19,2.655416607313479,nws_retro_v30
2013-01-20,2.54416660980011,nws_retro_v30
2013-01-21,2.4187499459367245,nws_retro_v30
2013-01-22,2.3174999481998384,nws_retro_v30
2013-01-23,2.129166619076083,nws_retro_v30
2013-01-24,2.4970832775191716,nws_retro_v30
2013-01-25,5.6266665409008665,nws_retro_v30
2013-01-26,2.8174999370239675,nws_retro_v30
2013-01-27,2.0787499535363168,nws_retro_v30
2013-01-28,1.8820832912654926,nws_retro_v30
2013-01-29,1.7999999597668648,nws_retro_v30
2013-01-30,1.6804166291064273,nws_retro_v30
2013-01-31,1.618749963818118,nws_retro_v30
2013-02-01,1.6487499631475657,nws_retro_v30
2013-02-02,1.6399999633431435,nws_retro_v30
2013-02-03,1.6608332962108154,nws_retro_v30
2013-02-04,1.5637499650474638,nws_retro_v30
2013-02-05,1.5474999654106796,nws_retro_v30
2013-02-06,1.5049999663606286,nws_retro_v30
2013-02-07,1.4620833006532241,nws_retro_v30
2013-02-08,1.5645832983621706,nws_retro_v30
2013-02-09,1.568749964935705,nws_retro_v30
2013-02-10,1.3987499687355012,nws_retro_v30
2013-02-11,1.3441666366222005,nws_retro_v30
2013-02-12,1.3129166373206924,nws_retro_v30
2013-02-13,1.287916637879486,nws_retro_v30
2013-02-14,1.2320833057941247,nws_retro_v30
2013-02-15,1.1545833075263847,nws_retro_v30
2013-02-16,1.124583308196937,nws_retro_v30
2013-02-17,1.1183333083366354,nws_retro_v30
2013-02-18,1.1070833085880925,nws_retro_v30
2013-02-19,1.3520833031119157,nws_retro_v30
2013-02-20,1.954166622987638,nws_retro_v30
2013-02-21,1.1883333067720134,nws_retro_v30
2013-02-22,1.0737499759998173,nws_retro_v30
2013-02-23,1.057499976363033,nws_retro_v30
2013-02-24,1.0408333100688953,nws_retro_v30
2013-02-25,1.016666643942396,nws_retro_v30
2013-02-26,1.012916644026215,nws_retro_v30
2013-02-27,1.0058333108512063,nws_retro_v30
2013-02-28,0.9966666443894306,nws_retro_v30
2013-03-01,0.9870833112703016,nws_retro_v30
2013-03-02,0.9791666447805861,nws_retro_v30
2013-03-03,0.973333311577638,nws_retro_v30
2013-03-04,0.9708333116335172,nws_retro_v30
2013-03-05,0.9662499784026295,nws_retro_v30
2013-03-06,5.022083221081023,nws_retro_v30
2013-03-07,1.865416624971355,nws_retro_v30
2013-03-08,1.4324999679811299,nws_retro_v30
2013-03-09,1.1308333080572386,nws_retro_v30
2013-03-10,0.9766666448364655,nws_retro_v30
2013-03-11,0.9591666452276212,nws_retro_v30
2013-03-12,0.9624999784864485,nws_retro_v30
2013-03-13,0.9637499784585088,nws_retro_v30
2013-03-14,0.9574999785982072,nws_retro_v30
2013-03-15,0.9474999788217247,nws_retro_v30
2013-03-16,0.9324999791570008,nws_retro_v30
2013-03-17,0.9224999793805182,nws_retro_v30
2013-03-18,0.9145833128908029,nws_retro_v30
2013-03-19,0.906249979743734,nws_retro_v30
2013-03-20,0.9029166464849064,nws_retro_v30
2013-03-21,0.8962499799672514,nws_retro_v30
2013-03-22,0.8949999799951911,nws_retro_v30
2013-03-23,0.8879166468201826,nws_retro_v30
2013-03-24,0.8799999803304672,nws_retro_v30
2013-03-25,0.8749999804422259,nws_retro_v30
2013-03-26,0.8695833138966312,nws_retro_v30
2013-03-27,0.8599999807775021,nws_retro_v30
2013-03-28,0.8599999807775021,nws_retro_v30
2013-03-29,0.8504166476583729,nws_retro_v30
2013-03-30,0.8499999810010195,nws_retro_v30
2013-03-31,0.9974999777041376,nws_retro_v30
2013-04-01,0.8754166470995793,nws_retro_v30
2013-04-02,0.8366666479657093,nws_retro_v30
2013-04-03,0.8299999814480543,nws_retro_v30
2013-04-04,0.9704166449761639,nws_retro_v30
2013-04-05,0.9470833121643712,nws_retro_v30
2013-04-06,0.822083314958339,nws_retro_v30
2013-04-07,0.8099999818950891,nws_retro_v30
2013-04-08,0.8012499820906669,nws_retro_v30
2013-04-09,0.7999999821186066,nws_retro_v30
2013-04-10,0.7924999822862446,nws_retro_v30
2013-04-11,0.789999982342124,nws_retro_v30
2013-04-12,0.7837499824818224,nws_retro_v30
2013-04-13,0.7799999825656414,nws_retro_v30
2013-04-14,0.7749999826774001,nws_retro_v30
2013-04-15,0.7699999827891588,nws_retro_v30
2013-04-16,0.7658333162156244,nws_retro_v30
2013-04-17,0.7599999830126762,nws_retro_v30
2013-04-18,0.7566666497538487,nws_retro_v30
2013-04-19,0.7499999832361937,nws_retro_v30
2013-04-20,0.7479166499494264,nws_retro_v30
2013-04-21,0.7399999834597111,nws_retro_v30
2013-04-22,0.7391666501450042,nws_retro_v30
2013-04-23,0.7299999836832285,nws_retro_v30
2013-04-24,0.7299999836832285,nws_retro_v30
2013-04-25,0.7208333172214528,nws_retro_v30
2013-04-26,0.7199999839067459,nws_retro_v30
2013-04-27,0.712499984074384,nws_retro_v30
2013-04-28,0.7099999841302633,nws_retro_v30
2013-04-29,0.7041666509273151,nws_retro_v30
2013-04-30,0.6999999843537807,nws_retro_v30
2013-05-01,0.6962499844375998,nws_retro_v30
2013-05-02,0.6899999845772982,nws_retro_v30
2013-05-03,0.6887499846052378,nws_retro_v30
2013-05-04,0.6799999848008156,nws_retro_v30
2013-05-05,0.6799999848008156,nws_retro_v30
2013-05-06,0.6716666516537467,nws_retro_v30
2013-05-07,0.669999985024333,nws_retro_v30
2013-05-08,0.6649999851360917,nws_retro_v30
2013-05-09,0.6599999852478504,nws_retro_v30
2013-05-10,0.6587499852757901,nws_retro_v30
2013-05-11,0.6499999854713678,nws_retro_v30
2013-05-12,0.6499999854713678,nws_retro_v30
2013-05-13,0.6429166522963593,nws_retro_v30
2013-05-14,0.6399999856948853,nws_retro_v30
2013-05-15,0.6374999857507646,nws_retro_v30
2013-05-16,0.6299999859184027,nws_retro_v30
2013-05-17,0.6299999859184027,nws_retro_v30
2013-05-18,0.6224999860860407,nws_retro_v30
2013-05-19,0.6199999861419201,nws_retro_v30
2013-05-20,0.6183333195125064,nws_retro_v30
2013-05-21,0.6099999863654375,nws_retro_v30
2013-05-22,0.6099999863654375,nws_retro_v30
2013-05-23,0.6045833198198428,nws_retro_v30
2013-05-24,0.5999999865889549,nws_retro_v30
2013-05-25,0.5999999865889549,nws_retro_v30
2013-05-26,0.5912499867845327,nws_retro_v30
2013-05-27,0.5899999868124723,nws_retro_v30
2013-05-28,0.588749986840412,nws_retro_v30
2013-05-29,0.5799999870359898,nws_retro_v30
2013-05-30,0.5799999870359898,nws_retro_v30
2013-05-31,0.5762499871198088,nws_retro_v30
2013-06-01,0.5699999872595072,nws_retro_v30
2013-06-02,0.5699999872595072,nws_retro_v30
2013-06-03,0.5649999873712659,nws_retro_v30
2013-06-04,0.5599999874830246,nws_retro_v30
2013-06-05,0.5599999874830246,nws_retro_v30
2013-06-06,0.5545833209374299,nws_retro_v30
2013-06-07,0.549999987706542,nws_retro_v30
2013-06-08,0.549999987706542,nws_retro_v30
2013-06-09,0.5449999878183007,nws_retro_v30
2013-06-10,0.5399999879300594,nws_retro_v30
2013-06-11,0.5399999879300594,nws_retro_v30
2013-06-12,0.5358333213565251,nws_retro_v30
2013-06-13,0.5299999881535769,nws_retro_v30
2013-06-14,0.5299999881535769,nws_retro_v30
2013-06-15,0.5279166548668096,nws_retro_v30
2013-06-16,0.5199999883770943,nws_retro_v30
2013-06-17,0.5199999883770943,nws_retro_v30
2013-06-18,0.5199999883770943,nws_retro_v30
2013-06-19,0.5108333219153186,nws_retro_v30
2013-06-20,0.5099999886006117,nws_retro_v30
2013-06-21,0.5099999886006117,nws_retro_v30
2013-06-22,0.504583322055017,nws_retro_v30
2013-06-23,0.4999999888241291,nws_retro_v30
2013-06-24,0.4999999888241291,nws_retro_v30
2013-06-25,0.49916665550942224,nws_retro_v30
2013-06-26,0.4899999890476465,nws_retro_v30
2013-06-27,0.4899999890476465,nws_retro_v30
2013-06-28,0.4899999890476465,nws_retro_v30
2013-06-29,0.48499998915940523,nws_retro_v30
2013-06-30,0.4799999892711639,nws_retro_v30
2013-07-01,0.4799999892711639,nws_retro_v30
2013-07-02,0.4799999892711639,nws_retro_v30
2013-07-03,0.47166665612409503,nws_retro_v30
2013-07-04,0.4699999894946813,nws_retro_v30
2013-07-05,0.4699999894946813,nws_retro_v30
2013-07-06,0.46958332283732784,nws_retro_v30
2013-07-07,0.4599999897181988,nws_retro_v30
2013-07-08,0.4599999897181988,nws_retro_v30
2013-07-09,0.4599999897181988,nws_retro_v30
2013-07-10,0.458333323088785,nws_retro_v30
2013-07-11,0.4499999899417162,nws_retro_v30
2013-07-12,0.4499999899417162,nws_retro_v30
2013-07-13,0.4499999899417162,nws_retro_v30
2013-07-14,0.44874998996965587,nws_retro_v30
2013-07-15,0.4399999901652336,nws_retro_v30
2013-07-16,0.4399999901652336,nws_retro_v30
2013-07-17,0.4399999901652336,nws_retro_v30
2013-07-18,0.4399999901652336,nws_retro_v30
2013-07-19,0.4304166570461044,nws_retro_v30
2013-07-20,0.429999990388751,nws_retro_v30
2013-07-21,0.429999990388751,nws_retro_v30
2013-07-22,0.429999990388751,nws_retro_v30
2013-07-23,0.4233333238710959,nws_retro_v30
2013-07-24,0.4199999906122684,nws_retro_v30
2013-07-25,0.4199999906122684,nws_retro_v30
2013-07-26,0.4199999906122684,nws_retro_v30
2013-07-27,0.41749999066814775,nws_retro_v30
2013-07-28,0.4099999908357858,nws_retro_v30
2013-07-29,0.4099999908357858,nws_retro_v30
2013-07-30,0.4099999908357858,nws_retro_v30
2013-07-31,0.4099999908357858,nws_retro_v30
2013-08-01,0.4033333243181308,nws_retro_v30
2013-08-02,0.3999999910593033,nws_retro_v30
2013-08-03,0.3999999910593033,nws_retro_v30
2013-08-04,0.3999999910593033,nws_retro_v30
2013-08-05,0.3999999910593033,nws_retro_v30
2013-08-06,0.39083332459752756,nws_retro_v30
2013-08-07,0.3899999912828207,nws_retro_v30
2013-08-08,0.3899999912828207,nws_retro_v30
2013-08-09,0.3899999912828207,nws_retro_v30
2013-08-10,0.3899999912828207,nws_retro_v30
2013-08-11,0.3799999915063381,nws_retro_v30
2013-08-12,0.3799999915063381,nws_retro_v30
2013-08-13,0.3799999915063381,nws_retro_v30
2013-08-14,0.3799999915063381,nws_retro_v30
2013-08-15,0.3799999915063381,nws_retro_v30
2013-08-16,0.3712499917019158,nws_retro_v30
2013-08-17,0.3699999917298555,nws_retro_v30
2013-08-18,0.3699999917298555,nws_retro_v30
2013-08-19,0.3699999917298555,nws_retro_v30
2013-08-20,0.3699999917298555,nws_retro_v30
2013-08-21,0.36374999186955387,nws_retro_v30
2013-08-22,0.3599999919533729,nws_retro_v30
2013-08-23,0.3599999919533729,nws_retro_v30
2013-08-24,0.3599999919533729,nws_retro_v30
2013-08-25,0.3599999919533729,nws_retro_v30
2013-08-26,0.3587499919813126,nws_retro_v30
2013-08-27,0.3499999921768904,nws_retro_v30
2013-08-28,0.3499999921768904,nws_retro_v30
2013-08-29,0.3499999921768904,nws_retro_v30
2013-08-30,0.3499999921768904,nws_retro_v30
2013-08-31,0.3499999921768904,nws_retro_v30
2013-09-01,0.34541665894600254,nws_retro_v30
2013-09-02,0.3399999924004078,nws_retro_v30
2013-09-03,0.3399999924004078,nws_retro_v30
2013-09-04,0.3399999924004078,nws_retro_v30
2013-09-05,0.3399999924004078,nws_retro_v30
2013-09-06,0.3399999924004078,nws_retro_v30
2013-09-07,0.33458332585481304,nws_retro_v30
2013-09-08,0.3299999926239252,nws_retro_v30
2013-09-09,0.3299999926239252,nws_retro_v30
2013-09-10,0.3299999926239252,nws_retro_v30
2013-09-11,0.3299999926239252,nws_retro_v30
2013-09-12,0.3299999926239252,nws_retro_v30
2013-09-13,0.3258333260503908,nws_retro_v30
2013-09-14,0.3199999928474426,nws_retro_v30
2013-09-15,0.3199999928474426,nws_retro_v30
2013-09-16,0.3199999928474426,nws_retro_v30
2013-09-17,0.3199999928474426,nws_retro_v30
2013-09-18,0.3199999928474426,nws_retro_v30
2013-09-19,0.3199999928474426,nws_retro_v30
2013-09-20,0.30999999307096,nws_retro_v30
2013-09-21,0.32458332607833046,nws_retro_v30
2013-09-22,0.3687499917577952,nws_retro_v30
2013-09-23,0.31541665961655474,nws_retro_v30
2013-09-24,0.30999999307096,nws_retro_v30
2013-09-25,0.30999999307096,nws_retro_v30
2013-09-26,0.3066666598121324,nws_retro_v30
2013-09-27,0.2999999932944774,nws_retro_v30
2013-09-28,0.2999999932944774,nws_retro_v30
2013-09-29,0.2999999932944774,nws_retro_v30
2013-09-30,0.2999999932944774,nws_retro_v30
2013-10-01,0.2999999932944774,nws_retro_v30
2013-10-02,0.2999999932944774,nws_retro_v30
2013-10-03,0.29583332672094304,nws_retro_v30
2013-10-04,0.2899999935179949,nws_retro_v30
2013-10-05,0.2899999935179949,nws_retro_v30
2013-10-06,0.2899999935179949,nws_retro_v30
2013-10-07,0.2899999935179949,nws_retro_v30
2013-10-08,0.2899999935179949,nws_retro_v30
2013-10-09,0.2899999935179949,nws_retro_v30
2013-10-10,0.28874999354593456,nws_retro_v30
2013-10-11,0.2799999937415123,nws_retro_v30
2013-10-12,0.2799999937415123,nws_retro_v30
2013-10-13,0.2799999937415123,nws_retro_v30
2013-10-14,0.2799999937415123,nws_retro_v30
2013-10-15,0.2799999937415123,nws_retro_v30
2013-10-16,0.2799999937415123,nws_retro_v30
2013-10-17,0.2799999937415123,nws_retro_v30
2013-10-18,0.27458332719591755,nws_retro_v30
2013-10-19,0.2699999939650297,nws_retro_v30
2013-10-20,0.2699999939650297,nws_retro_v30
2013-10-21,0.2699999939650297,nws_retro_v30
2013-10-22,0.2699999939650297,nws_retro_v30
2013-10-23,0.2699999939650297,nws_retro_v30
2013-10-24,0.2699999939650297,nws_retro_v30
2013-10-25,0.2699999939650297,nws_retro_v30
2013-10-26,0.26374999410472805,nws_retro_v30
2013-10-27,0.2599999941885471,nws_retro_v30
2013-10-28,0.2599999941885471,nws_retro_v30
2013-10-29,0.2599999941885471,nws_retro_v30
2013-10-30,0.2599999941885471,nws_retro_v30
2013-10-31,0.2599999941885471,nws_retro_v30
2013-11-01,0.2599999941885471,nws_retro_v30
2013-11-02,0.2599999941885471,nws_retro_v30
2013-11-03,0.257083327587073,nws_retro_v30
2013-11-04,0.24999999441206447,nws_retro_v30
2013-11-05,0.24999999441206447,nws_retro_v30
2013-11-06,0.24999999441206447,nws_retro_v30
2013-11-07,0.24999999441206447,nws_retro_v30
2013-11-08,0.24999999441206447,nws_retro_v30
2013-11-09,0.24999999441206447,nws_retro_v30
2013-11-10,0.24999999441206447,nws_retro_v30
2013-11-11,0.24999999441206447,nws_retro_v30
2013-11-12,0.24458332786646975,nws_retro_v30
2013-11-13,0.2399999946355819,nws_retro_v30
2013-11-14,0.2399999946355819,nws_retro_v30
2013-11-15,0.2399999946355819,nws_retro_v30
2013-11-16,0.2399999946355819,nws_retro_v30
2013-11-17,0.2399999946355819,nws_retro_v30
2013-11-18,0.2399999946355819,nws_retro_v30
2013-11-19,0.2399999946355819,nws_retro_v30
2013-11-20,0.2399999946355819,nws_retro_v30
2013-11-21,0.2370833280341078,nws_retro_v30
2013-11-22,0.2299999948590994,nws_retro_v30
2013-11-23,0.2299999948590994,nws_retro_v30
2013-11-24,0.2299999948590994,nws_retro_v30
2013-11-25,0.2299999948590994,nws_retro_v30
2013-11-26,0.2299999948590994,nws_retro_v30
2013-11-27,0.2299999948590994,nws_retro_v30
2013-11-28,0.2299999948590994,nws_retro_v30
2013-11-29,0.2299999948590994,nws_retro_v30
2013-11-30,0.2299999948590994,nws_retro_v30
2013-12-01,0.22333332834144434,nws_retro_v30
2013-12-02,0.2199999950826168,nws_retro_v30
2013-12-03,0.2199999950826168,nws_retro_v30
2013-12-04,0.2199999950826168,nws_retro_v30
2013-12-05,0.2199999950826168,nws_retro_v30
2013-12-06,0.2199999950826168,nws_retro_v30
2013-12-07,0.4499999899417162,nws_retro_v30
2013-12-08,0.27458332719591755,nws_retro_v30
2013-12-09,0.22166666171203056,nws_retro_v30
2013-12-10,0.2199999950826168,nws_retro_v30
2013-12-11,0.2158333285090824,nws_retro_v30
2013-12-12,0.2099999953061342,nws_retro_v30
2013-12-13,0.2099999953061342,nws_retro_v30
2013-12-14,0.2099999953061342,nws_retro_v30
2013-12-15,0.2099999953061342,nws_retro_v30
2013-12-16,0.2099999953061342,nws_retro_v30
2013-12-17,0.2099999953061342,nws_retro_v30
2013-12-18,0.2099999953061342,nws_retro_v30
2013-12-19,0.2099999953061342,nws_retro_v30
2013-12-20,0.2099999953061342,nws_retro_v30
2013-12-21,0.2099999953061342,nws_retro_v30
2013-12-22,0.20416666210318601,nws_retro_v30
2013-12-23,0.19999999552965156,nws_retro_v30
2013-12-24,0.19999999552965156,nws_retro_v30
2013-12-25,0.19999999552965156,nws_retro_v30
2013-12-26,0.19999999552965156,nws_retro_v30
2013-12-27,0.19999999552965156,nws_retro_v30
2013-12-28,0.19999999552965156,nws_retro_v30
2013-12-29,0.19999999552965156,nws_retro_v30
2013-12-30,0.19999999552965156,nws_retro_v30
2013-12-31,0.19999999552965156,nws_retro_v30
2014-01-01,0.19999999552965156,nws_retro_v30
2014-01-02,0.19874999555759124,nws_retro_v30
2014-01-03,0.18999999575316898,nws_retro_v30
2014-01-04,0.18999999575316898,nws_retro_v30
2014-01-05,0.18999999575316898,nws_retro_v30
2014-01-06,0.18999999575316898,nws_retro_v30
2014-01-07,0.18999999575316898,nws_retro_v30
2014-01-08,0.18999999575316898,nws_retro_v30
2014-01-09,0.18999999575316898,nws_retro_v30
2014-01-10,0.18999999575316898,nws_retro_v30
2014-01-11,0.18999999575316898,nws_retro_v30
2014-01-12,0.18999999575316898,nws_retro_v30
2014-01-13,0.18999999575316898,nws_retro_v30
2014-01-14,0.18999999575316898,nws_retro_v30
2014-01-15,0.18083332929139329,nws_retro_v30
2014-01-16,0.1799999959766864,nws_retro_v30
2014-01-17,0.1799999959766864,nws_retro_v30
2014-01-18,0.1799999959766864,nws_retro_v30
2014-01-19,0.1799999959766864,nws_retro_v30
2014-01-20,0.1799999959766864,nws_retro_v30
2014-01-21,0.1799999959766864,nws_retro_v30
2014-01-22,0.1799999959766864,nws_retro_v30
2014-01-23,0.1799999959766864,nws_retro_v30
2014-01-24,0.1799999959766864,nws_retro_v30
2014-01-25,0.1799999959766864,nws_retro_v30
2014-01-26,0.1799999959766864,nws_retro_v30
2014-01-27,0.1799999959766864,nws_retro_v30
2014-01-28,0.1708333295149108,nws_retro_v30
2014-01-29,0.1699999962002039,nws_retro_v30
2014-01-30,0.1699999962002039,nws_retro_v30
2014-01-31,0.1699999962002039,nws_retro_v30
2014-02-01,0.1699999962002039,nws_retro_v30
2014-02-02,0.1820833292634537,nws_retro_v30
2014-02-03,0.17249999614432454,nws_retro_v30
2014-02-04,0.1699999962002039,nws_retro_v30
2014-02-05,0.1699999962002039,nws_retro_v30
2014-02-06,0.23749999469146132,nws_retro_v30
2014-02-07,0.1824999959208071,nws_retro_v30
2014-02-08,0.7670833161876848,nws_retro_v30
2014-02-09,1.1166666417072217,nws_retro_v30
2014-02-10,0.3654166584989677,nws_retro_v30
2014-02-11,0.21583332850908235,nws_retro_v30
2014-02-12,0.17041666285755733,nws_retro_v30
2014-02-13,0.1599999964237213,nws_retro_v30
2014-02-14,0.1599999964237213,nws_retro_v30
2014-02-15,0.16458332965460917,nws_retro_v30
2014-02-16,0.16333332968254885,nws_retro_v30
2014-02-17,0.1599999964237213,nws_retro_v30
2014-02-18,0.1599999964237213,nws_retro_v30
2014-02-19,0.1599999964237213,nws_retro_v30
2014-02-20,0.1599999964237213,nws_retro_v30
2014-02-21,0.1599999964237213,nws_retro_v30
2014-02-22,0.1599999964237213,nws_retro_v30
2014-02-23,0.1599999964237213,nws_retro_v30
2014-02-24,0.1599999964237213,nws_retro_v30
2014-02-25,0.1599999964237213,nws_retro_v30
2014-02-26,0.23166666148851314,nws_retro_v30
2014-02-27,0.7137499840464443,nws_retro_v30
2014-02-28,2.0512499541509897,nws_retro_v30
2014-03-01,2.6316666078443327,nws_retro_v30
2014-03-02,1.7004166286593925,nws_retro_v30
2014-03-03,0.8791666470157603,nws_retro_v30
2014-03-04,0.6183333195125064,nws_retro_v30
2014-03-05,0.45041665659906965,nws_retro_v30
2014-03-06,0.4683333228652676,nws_retro_v30
2014-03-07,0.20583332873259977,nws_retro_v30
2014-03-08,0.17874999600462615,nws_retro_v30
2014-03-09,0.1579166631369541,nws_retro_v30
2014-03-10,0.1499999966472387,nws_retro_v30
2014-03-11,0.16416666299725569,nws_retro_v30
2014-03-12,0.21208332859290144,nws_retro_v30
2014-03-13,0.1708333295149108,nws_retro_v30
2014-03-14,0.15166666327665249,nws_retro_v30
2014-03-15,0.1499999966472387,nws_retro_v30
2014-03-16,0.1499999966472387,nws_retro_v30
2014-03-17,0.1499999966472387,nws_retro_v30
2014-03-18,0.1499999966472387,nws_retro_v30
2014-03-19,0.1499999966472387,nws_retro_v30
2014-03-20,0.1499999966472387,nws_retro_v30
2014-03-21,0.1499999966472387,nws_retro_v30
2014-03-22,0.1499999966472387,nws_retro_v30
2014-03-23,0.1499999966472387,nws_retro_v30
2014-03-24,0.1499999966472387,nws_retro_v30
2014-03-25,0.1499999966472387,nws_retro_v30
2014-03-26,0.23624999471940097,nws_retro_v30
2014-03-27,0.1695833295428504,nws_retro_v30
2014-03-28,0.1499999966472387,nws_retro_v30
2014-03-29,0.1583333297943075,nws_retro_v30
2014-03-30,0.2595833275311937,nws_retro_v30
2014-03-31,0.3462499922607094,nws_retro_v30
2014-04-01,0.6820833180875828,nws_retro_v30
2014-04-02,0.4483333233123024,nws_retro_v30
2014-04-03,0.22749999491497871,nws_retro_v30
2014-04-04,0.2787499937694519,nws_retro_v30
2014-04-05,0.28291666034298635,nws_retro_v30
2014-04-06,0.17833332934727267,nws_retro_v30
2014-04-07,0.18374999589286736,nws_retro_v30
2014-04-08,0.14541666341635084,nws_retro_v30
2014-04-09,0.1399999968707561,nws_retro_v30
2014-04-10,0.1399999968707561,nws_retro_v30
2014-04-11,0.1399999968707561,nws_retro_v30
2014-04-12,0.1399999968707561,nws_retro_v30
2014-04-13,0.1399999968707561,nws_retro_v30
2014-04-14,0.1399999968707561,nws_retro_v30
2014-04-15,0.1399999968707561,nws_retro_v30
2014-04-16,0.1399999968707561,nws_retro_v30
2014-04-17,0.1399999968707561,nws_retro_v30
2014-04-18,0.1399999968707561,nws_retro_v30
2014-04-19,0.1399999968707561,nws_retro_v30
2014-04-20,0.1399999968707561,nws_retro_v30
2014-04-21,0.1399999968707561,nws_retro_v30
2014-04-22,0.1399999968707561,nws_retro_v30
2014-04-23,0.1399999968707561,nws_retro_v30
2014-04-24,0.1399999968707561,nws_retro_v30
2014-04-25,0.14333333012958363,nws_retro_v30
2014-04-26,0.15541666319283343,nws_retro_v30
2014-04-27,0.1399999968707561,nws_retro_v30
2014-04-28,0.1399999968707561,nws_retro_v30
2014-04-29,0.1399999968707561,nws_retro_v30
2014-04-30,0.1399999968707561,nws_retro_v30
2014-05-01,0.1399999968707561,nws_retro_v30
2014-05-02,0.1399999968707561,nws_retro_v30
2014-05-03,0.1329166636957476,nws_retro_v30
2014-05-04,0.1299999970942735,nws_retro_v30
2014-05-05,0.1299999970942735,nws_retro_v30
2014-05-06,0.1299999970942735,nws_retro_v30
2014-05-07,0.1299999970942735,nws_retro_v30
2014-05-08,0.1299999970942735,nws_retro_v30
2014-05-09,0.1299999970942735,nws_retro_v30
2014-05-10,0.1299999970942735,nws_retro_v30
2014-05-11,0.1299999970942735,nws_retro_v30
2014-05-12,0.1299999970942735,nws_retro_v30
2014-05-13,0.1299999970942735,nws_retro_v30
2014-05-14,0.1299999970942735,nws_retro_v30
2014-05-15,0.1299999970942735,nws_retro_v30
2014-05-16,0.1299999970942735,nws_retro_v30
2014-05-17,0.1299999970942735,nws_retro_v30
2014-05-18,0.1299999970942735,nws_retro_v30
2014-05-19,0.1299999970942735,nws_retro_v30
2014-05-20,0.1299999970942735,nws_retro_v30
2014-05-21,0.1299999970942735,nws_retro_v30
2014-05-22,0.1299999970942735,nws_retro_v30
2014-05-23,0.1299999970942735,nws_retro_v30
2014-05-24,0.12083333063249779,nws_retro_v30
2014-05-25,0.11999999731779092,nws_retro_v30
2014-05-26,0.11999999731779092,nws_retro_v30
2014-05-27,0.11999999731779092,nws_retro_v30
2014-05-28,0.11999999731779092,nws_retro_v30
2014-05-29,0.11999999731779092,nws_retro_v30
2014-05-30,0.11999999731779092,nws_retro_v30
2014-05-31,0.11999999731779092,nws_retro_v30
2014-06-01,0.11999999731779092,nws_retro_v30
2014-06-02,0.11999999731779092,nws_retro_v30
2014-06-03,0.11999999731779092,nws_retro_v30
2014-06-04,0.11999999731779092,nws_retro_v30
2014-06-05,0.11999999731779092,nws_retro_v30
2014-06-06,0.11999999731779092,nws_retro_v30
2014-06-07,0.11999999731779092,nws_retro_v30
2014-06-08,0.11999999731779092,nws_retro_v30
2014-06-09,0.11999999731779092,nws_retro_v30
2014-06-10,0.11999999731779092,nws_retro_v30
2014-06-11,0.11999999731779092,nws_retro_v30
2014-06-12,0.11999999731779092,nws_retro_v30
2014-06-13,0.1166666640589634,nws_retro_v30
2014-06-14,0.1099999975413084,nws_retro_v30
2014-06-15,0.1099999975413084,nws_retro_v30
2014-06-16,0.1099999975413084,nws_retro_v30
2014-06-17,0.1099999975413084,nws_retro_v30
2014-06-18,0.1099999975413084,nws_retro_v30
2014-06-19,0.1099999975413084,nws_retro_v30
2014-06-20,0.1099999975413084,nws_retro_v30
2014-06-21,0.1099999975413084,nws_retro_v30
2014-06-22,0.1099999975413084,nws_retro_v30
2014-06-23,0.1099999975413084,nws_retro_v30
2014-06-24,0.1099999975413084,nws_retro_v30
2014-06-25,0.1099999975413084,nws_retro_v30
2014-06-26,0.1099999975413084,nws_retro_v30
2014-06-27,0.1099999975413084,nws_retro_v30
2014-06-28,0.1099999975413084,nws_retro_v30
2014-06-29,0.1099999975413084,nws_retro_v30
2014-06-30,0.1099999975413084,nws_retro_v30
2014-07-01,0.1099999975413084,nws_retro_v30
2014-07-02,0.1099999975413084,nws_retro_v30
2014-07-03,0.1099999975413084,nws_retro_v30
2014-07-04,0.1099999975413084,nws_retro_v30
2014-07-05,0.10833333091189463,nws_retro_v30
2014-07-06,0.09999999776482578,nws_retro_v30
2014-07-07,0.09999999776482578,nws_retro_v30
2014-07-08,0.09999999776482578,nws_retro_v30
2014-07-09,0.09999999776482578,nws_retro_v30
2014-07-10,0.09999999776482578,nws_retro_v30
2014-07-11,0.09999999776482578,nws_retro_v30
2014-07-12,0.09999999776482578,nws_retro_v30
2014-07-13,0.09999999776482578,nws_retro_v30
2014-07-14,0.09999999776482578,nws_retro_v30
2014-07-15,0.09999999776482578,nws_retro_v30
2014-07-16,0.09999999776482578,nws_retro_v30
2014-07-17,0.09999999776482578,nws_retro_v30
2014-07-18,0.09999999776482578,nws_retro_v30
2014-07-19,0.09999999776482578,nws_retro_v30
2014-07-20,0.09999999776482578,nws_retro_v30
2014-07-21,0.09999999776482578,nws_retro_v30
2014-07-22,0.09999999776482578,nws_retro_v30
2014-07-23,0.09999999776482578,nws_retro_v30
2014-07-24,0.09999999776482578,nws_retro_v30
2014-07-25,0.09999999776482578,nws_retro_v30
2014-07-26,0.09999999776482578,nws_retro_v30
2014-07-27,0.09999999776482578,nws_retro_v30
2014-07-28,0.09999999776482578,nws_retro_v30
2014-07-29,0.09999999776482578,nws_retro_v30
2014-07-30,0.09541666453393793,nws_retro_v30
2014-07-31,0.0899999979883432,nws_retro_v30
2014-08-01,0.0899999979883432,nws_retro_v30
2014-08-02,0.0899999979883432,nws_retro_v30
2014-08-03,0.0899999979883432,nws_retro_v30
2014-08-04,0.0899999979883432,nws_retro_v30
2014-08-05,0.0899999979883432,nws_retro_v30
2014-08-06,0.0899999979883432,nws_retro_v30
2014-08-07,0.0899999979883432,nws_retro_v30
2014-08-08,0.0899999979883432,nws_retro_v30
2014-08-09,0.0899999979883432,nws_retro_v30
2014-08-10,0.0899999979883432,nws_retro_v30
2014-08-11,0.0899999979883432,nws_retro_v30
2014-08-12,0.0899999979883432,nws_retro_v30
2014-08-13,0.0899999979883432,nws_retro_v30
2014-08-14,0.0899999979883432,nws_retro_v30
2014-08-15,0.0899999979883432,nws_retro_v30
2014-08-16,0.0899999979883432,nws_retro_v30
2014-08-17,0.0899999979883432,nws_retro_v30
2014-08-18,0.0899999979883432,nws_retro_v30
2014-08-19,0.0899999979883432,nws_retro_v30
2014-08-20,0.0899999979883432,nws_retro_v30
2014-08-21,0.0899999979883432,nws_retro_v30
2014-08-22,0.0899999979883432,nws_retro_v30
2014-08-23,0.0899999979883432,nws_retro_v30
2014-08-24,0.0899999979883432,nws_retro_v30
2014-08-25,0.0899999979883432,nws_retro_v30
2014-08-26,0.0899999979883432,nws_retro_v30
2014-08-27,0.08458333144274845,nws_retro_v30
2014-08-28,0.0799999982118606,nws_retro_v30
2014-08-29,0.0799999982118606,nws_retro_v30
2014-08-30,0.0799999982118606,nws_retro_v30
2014-08-31,0.0799999982118606,nws_retro_v30
2014-09-01,0.0799999982118606,nws_retro_v30
2014-09-02,0.0799999982118606,nws_retro_v30
2014-09-03,0.0799999982118606,nws_retro_v30
2014-09-04,0.0799999982118606,nws_retro_v30
2014-09-05,0.0799999982118606,nws_retro_v30
2014-09-06,0.0799999982118606,nws_retro_v30
2014-09-07,0.0799999982118606,nws_retro_v30
2014-09-08,0.0799999982118606,nws_retro_v30
2014-09-09,0.0799999982118606,nws_retro_v30
2014-09-10,0.0799999982118606,nws_retro_v30
2014-09-11,0.0799999982118606,nws_retro_v30
2014-09-12,0.0799999982118606,nws_retro_v30
2014-09-13,0.0799999982118606,nws_retro_v30
2014-09-14,0.0799999982118606,nws_retro_v30
2014-09-15,0.0799999982118606,nws_retro_v30
2014-09-16,0.0799999982118606,nws_retro_v30
2014-09-17,0.0799999982118606,nws_retro_v30
2014-09-18,0.08541666475745534,nws_retro_v30
2014-09-19,0.0799999982118606,nws_retro_v30
2014-09-20,0.0799999982118606,nws_retro_v30
2014-09-21,0.0799999982118606,nws_retro_v30
2014-09-22,0.0799999982118606,nws_retro_v30
2014-09-23,0.0799999982118606,nws_retro_v30
2014-09-24,0.0799999982118606,nws_retro_v30
2014-09-25,0.15541666319283343,nws_retro_v30
2014-09-26,0.11124999751336868,nws_retro_v30
2014-09-27,0.0799999982118606,nws_retro_v30
2014-09-28,0.0799999982118606,nws_retro_v30
2014-09-29,0.07124999840743833,nws_retro_v30
2014-09-30,0.069999998435378,nws_retro_v30
2014-10-01,0.069999998435378,nws_retro_v30
2014-10-02,0.069999998435378,nws_retro_v30
2014-10-03,0.069999998435378,nws_retro_v30
2014-10-04,0.069999998435378,nws_retro_v30
2014-10-05,0.069999998435378,nws_retro_v30
2014-10-06,0.069999998435378,nws_retro_v30
2014-10-07,0.069999998435378,nws_retro_v30
2014-10-08,0.069999998435378,nws_retro_v30
2014-10-09,0.069999998435378,nws_retro_v30
2014-10-10,0.069999998435378,nws_retro_v30
2014-10-11,0.069999998435378,nws_retro_v30
2014-10-12,0.069999998435378,nws_retro_v30
2014-10-13,0.069999998435378,nws_retro_v30
2014-10-14,0.069999998435378,nws_retro_v30
2014-10-15,0.069999998435378,nws_retro_v30
2014-10-16,0.069999998435378,nws_retro_v30
2014-10-17,0.069999998435378,nws_retro_v30
2014-10-18,0.069999998435378,nws_retro_v30
2014-10-19,0.069999998435378,nws_retro_v30
2014-10-20,0.069999998435378,nws_retro_v30
2014-10-21,0.069999998435378,nws_retro_v30
2014-10-22,0.069999998435378,nws_retro_v30
2014-10-23,0.069999998435378,nws_retro_v30
2014-10-24,0.069999998435378,nws_retro_v30
2014-10-25,0.09499999787658447,nws_retro_v30
2014-10-26,0.07249999837949865,nws_retro_v30
2014-10-27,0.069999998435378,nws_retro_v30
2014-10-28,0.069999998435378,nws_retro_v30
2014-10-29,0.069999998435378,nws_retro_v30
2014-10-30,0.069999998435378,nws_retro_v30
2014-10-31,0.07458333166626586,nws_retro_v30
2014-11-01,0.11791666403102374,nws_retro_v30
2014-11-02,0.0820833314986278,nws_retro_v30
2014-11-03,0.069999998435378,nws_retro_v30
2014-11-04,0.069999998435378,nws_retro_v30
2014-11-05,0.062499998603016055,nws_retro_v30
2014-11-06,0.0599999986588954,nws_retro_v30
2014-11-07,0.0599999986588954,nws_retro_v30
2014-11-08,0.0599999986588954,nws_retro_v30
2014-11-09,0.0599999986588954,nws_retro_v30
2014-11-10,0.0599999986588954,nws_retro_v30
2014-11-11,0.0599999986588954,nws_retro_v30
2014-11-12,0.0599999986588954,nws_retro_v30
2014-11-13,0.06458333188978325,nws_retro_v30
2014-11-14,0.0599999986588954,nws_retro_v30
2014-11-15,0.0599999986588954,nws_retro_v30
2014-11-16,0.0599999986588954,nws_retro_v30
2014-11-17,0.0599999986588954,nws_retro_v30
2014-11-18,0.0599999986588954,nws_retro_v30
2014-11-19,0.0599999986588954,nws_retro_v30
2014-11-20,0.06083333197360228,nws_retro_v30
2014-11-21,0.07333333169420554,nws_retro_v30
2014-11-22,0.06166666528830917,nws_retro_v30
2014-11-23,0.0599999986588954,nws_retro_v30
2014-11-24,0.0599999986588954,nws_retro_v30
2014-11-25,0.0599999986588954,nws_retro_v30
2014-11-26,0.0599999986588954,nws_retro_v30
2014-11-27,0.0599999986588954,nws_retro_v30
2014-11-28,0.0599999986588954,nws_retro_v30
2014-11-29,0.08333333147068812,nws_retro_v30
2014-11-30,0.47791665598439664,nws_retro_v30
2014-12-01,0.22874999488703904,nws_retro_v30
2014-12-02,0.6162499862257391,nws_retro_v30
2014-12-03,1.8554166251948725,nws_retro_v30
2014-12-04,1.0741666426571708,nws_retro_v30
2014-12-05,0.5183333217476805,nws_retro_v30
2014-12-06,1.272916638214762,nws_retro_v30
2014-12-07,0.5062499886844307,nws_retro_v30
2014-12-08,0.38749999133870006,nws_retro_v30
2014-12-09,0.2870833269165208,nws_retro_v30
2014-12-10,0.19666666227082408,nws_retro_v30
2014-12-11,1.3829166357560705,nws_retro_v30
2014-12-12,12.350833057270696,nws_retro_v30
2014-12-13,2.4045832795867077,nws_retro_v30
2014-12-14,1.1229166415675234,nws_retro_v30
2014-12-15,2.2554166162541756,nws_retro_v30
2014-12-16,1.7587499606888741,nws_retro_v30
2014-12-17,3.8833332465340695,nws_retro_v30
2014-12-18,1.8395832922154416,nws_retro_v30
2014-12-19,1.589583297803377,nws_retro_v30
2014-12-20,3.4979165884821364,nws_retro_v30
2014-12-21,1.3066666374603908,nws_retro_v30
2014-12-22,0.9408333123040696,nws_retro_v30
2014-12-23,0.7979166488318393,nws_retro_v30
2014-12-24,0.5441666545035938,nws_retro_v30
2014-12-25,0.5745833204903951,nws_retro_v30
2014-12-26,0.3220833261342098,nws_retro_v30
2014-12-27,0.409166657521079,nws_retro_v30
2014-12-28,0.5466666544477145,nws_retro_v30
2014-12-29,0.5233333216359218,nws_retro_v30
2014-12-30,0.433749990304932,nws_retro_v30
2014-12-31,0.2866666602591673,nws_retro_v30
2015-01-01,0.2762499938253313,nws_retro_v30
2015-01-02,0.3249999927356839,nws_retro_v30
2015-01-03,0.342083325687175,nws_retro_v30
2015-01-04,0.3287499926518649,nws_retro_v30
2015-01-05,0.31791665956067544,nws_retro_v30
2015-01-06,0.2862499936018139,nws_retro_v30
2015-01-07,0.27458332719591755,nws_retro_v30
2015-01-08,0.2599999941885471,nws_retro_v30
2015-01-09,0.26791666067826253,nws_retro_v30
2015-01-10,0.3062499931547791,nws_retro_v30
2015-01-11,0.29208332680476207,nws_retro_v30
2015-01-12,0.2658333273914953,nws_retro_v30
2015-01-13,0.25416666098559887,nws_retro_v30
2015-01-14,0.2412499946076422,nws_retro_v30
2015-01-15,0.24666666115323696,nws_retro_v30
2015-01-16,0.25083332772677136,nws_retro_v30
2015-01-17,0.2462499944958835,nws_retro_v30
2015-01-18,0.24041666129293535,nws_retro_v30
2015-01-19,0.2320833281458666,nws_retro_v30
2015-01-20,0.22374999499879777,nws_retro_v30
2015-01-21,0.22749999491497874,nws_retro_v30
2015-01-22,0.22374999499879777,nws_retro_v30
2015-01-23,0.225833328285565,nws_retro_v30
2015-01-24,0.2312499948311597,nws_retro_v30
2015-01-25,0.22666666160027185,nws_retro_v30
2015-01-26,0.2299999948590994,nws_retro_v30
2015-01-27,0.22333332834144434,nws_retro_v30
2015-01-28,0.2199999950826168,nws_retro_v30
2015-01-29,0.21291666190760827,nws_retro_v30
2015-01-30,0.20333332878847912,nws_retro_v30
2015-01-31,0.19999999552965156,nws_retro_v30
2015-02-01,0.19999999552965156,nws_retro_v30
2015-02-02,0.19999999552965156,nws_retro_v30
2015-02-03,0.19999999552965156,nws_retro_v30
2015-02-04,0.19999999552965156,nws_retro_v30
2015-02-05,0.19999999552965156,nws_retro_v30
2015-02-06,0.2820833270282795,nws_retro_v30
2015-02-07,14.185416349597896,nws_retro_v30
2015-02-08,5.961666533413033,nws_retro_v30
2015-02-09,7.026249842951074,nws_retro_v30
2015-02-10,1.643333296601971,nws_retro_v30
2015-02-11,1.452499967534095,nws_retro_v30
2015-02-12,1.4045833019384493,nws_retro_v30
2015-02-13,1.2187499727588147,nws_retro_v30
2015-02-14,1.1474999743513763,nws_retro_v30
2015-02-15,1.0429166433556627,nws_retro_v30
2015-02-16,0.9624999784864485,nws_retro_v30
2015-02-17,0.9283333125834664,nws_retro_v30
2015-02-18,0.8845833135613551,nws_retro_v30
2015-02-19,0.7820833158524086,nws_retro_v30
2015-02-20,0.6324999858625233,nws_retro_v30
2015-02-21,0.5879166535257051,nws_retro_v30
2015-02-22,0.5716666538889209,nws_retro_v30
2015-02-23,0.517916655090327,nws_retro_v30
2015-02-24,0.4433333234240611,nws_retro_v30
2015-02-25,0.47333332275350887,nws_retro_v30
2015-02-26,0.46166665634761256,nws_retro_v30
2015-02-27,0.43458332361963886,nws_retro_v30
2015-02-28,0.5016666554535428,nws_retro_v30
2015-03-01,0.6066666531066099,nws_retro_v30
2015-03-02,0.49249998899176717,nws_retro_v30
2015-03-03,0.4887499890755862,nws_retro_v30
2015-03-04,0.45666665645937127,nws_retro_v30
2015-03-05,0.41749999066814775,nws_retro_v30
2015-03-06,0.3979166577725361,nws_retro_v30
2015-03-07,0.3774999915622175,nws_retro_v30
2015-03-08,0.377083324904864,nws_retro_v30
2015-03-09,0.3720833250166227,nws_retro_v30
2015-03-10,0.3670833251283814,nws_retro_v30
2015-03-11,0.36749999178573484,nws_retro_v30
2015-03-12,0.3816666581357519,nws_retro_v30
2015-03-13,0.3583333253239592,nws_retro_v30
2015-03-14,0.34666665891806286,nws_retro_v30
2015-03-15,0.34083332571511465,nws_retro_v30
2015-03-16,0.34374999231658876,nws_retro_v30
2015-03-17,0.33958332574305433,nws_retro_v30
2015-03-18,0.3366666591415803,nws_retro_v30
2015-03-19,0.33249999256804585,nws_retro_v30
2015-03-20,0.327916659337158,nws_retro_v30
2015-03-21,0.32458332607833046,nws_retro_v30
2015-03-22,0.3224999927915633,nws_retro_v30
2015-03-23,0.3379166591136406,nws_retro_v30
2015-03-24,0.3258333260503908,nws_retro_v30
2015-03-25,0.3170833262459685,nws_retro_v30
2015-03-26,0.3166666595886151,nws_retro_v30
2015-03-27,0.3141666596444944,nws_retro_v30
2015-03-28,0.3141666596444944,nws_retro_v30
2015-03-29,0.3149999929592013,nws_retro_v30
2015-03-30,0.30999999307096,nws_retro_v30
2015-03-31,0.30999999307096,nws_retro_v30
2015-04-01,0.30999999307096,nws_retro_v30
2015-04-02,0.30999999307096,nws_retro_v30
2015-04-03,0.3049999931827187,nws_retro_v30
2015-04-04,0.2999999932944774,nws_retro_v30
2015-04-05,0.2999999932944774,nws_retro_v30
2015-04-06,0.2999999932944774,nws_retro_v30
2015-04-07,2.9679166003285595,nws_retro_v30
2015-04-08,1.2241666393044095,nws_retro_v30
2015-04-09,0.3758333249328037,nws_retro_v30
2015-04-10,0.30166665992389113,nws_retro_v30
2015-04-11,0.2899999935179949,nws_retro_v30
2015-04-12,0.2899999935179949,nws_retro_v30
2015-04-13,0.2899999935179949,nws_retro_v30
2015-04-14,0.2899999935179949,nws_retro_v30
2015-04-15,0.2899999935179949,nws_retro_v30
2015-04-16,0.2899999935179949,nws_retro_v30
2015-04-17,0.28666666025916737,nws_retro_v30
2015-04-18,0.2799999937415123,nws_retro_v30
2015-04-19,0.2799999937415123,nws_retro_v30
2015-04-20,0.2799999937415123,nws_retro_v30
2015-04-21,0.2799999937415123,nws_retro_v30
2015-04-22,0.2799999937415123,nws_retro_v30
2015-04-23,0.2799999937415123,nws_retro_v30
2015-04-24,0.27624999382533133,nws_retro_v30
2015-04-25,0.6241666527154545,nws_retro_v30
2015-04-26,0.3820833247931053,nws_retro_v30
2015-04-27,0.278749993769452,nws_retro_v30
2015-04-28,0.2699999939650297,nws_retro_v30
2015-04-29,0.2699999939650297,nws_retro_v30
2015-04-30,0.2699999939650297,nws_retro_v30
2015-05-01,0.2641666607620815,nws_retro_v30
2015-05-02,0.2599999941885471,nws_retro_v30
2015-05-03,0.2599999941885471,nws_retro_v30
2015-05-04,0.2599999941885471,nws_retro_v30
2015-05-05,0.2599999941885471,nws_retro_v30
2015-05-06,0.2599999941885471,nws_retro_v30
2015-05-07,0.2599999941885471,nws_retro_v30
2015-05-08,0.25291666101353855,nws_retro_v30
2015-05-09,0.24999999441206447,nws_retro_v30
2015-05-10,0.24999999441206447,nws_retro_v30
2015-05-11,0.24999999441206447,nws_retro_v30
2015-05-12,0.24999999441206447,nws_retro_v30
2015-05-13,0.24999999441206447,nws_retro_v30
2015-05-14,0.24999999441206447,nws_retro_v30
2015-05-15,0.242916661237056,nws_retro_v30
2015-05-16,0.2399999946355819,nws_retro_v30
2015-05-17,0.2399999946355819,nws_retro_v30
2015-05-18,0.2399999946355819,nws_retro_v30
2015-05-19,0.2399999946355819,nws_retro_v30
2015-05-20,0.2399999946355819,nws_retro_v30
2015-05-21,0.2399999946355819,nws_retro_v30
2015-05-22,0.2345833280899872,nws_retro_v30
2015-05-23,0.2299999948590994,nws_retro_v30
2015-05-24,0.2299999948590994,nws_retro_v30
2015-05-25,0.2299999948590994,nws_retro_v30
2015-05-26,0.2299999948590994,nws_retro_v30
2015-05-27,0.2299999948590994,nws_retro_v30
2015-05-28,0.2299999948590994,nws_retro_v30
2015-05-29,0.22958332820174596,nws_retro_v30
2015-05-30,0.2199999950826168,nws_retro_v30
2015-05-31,0.2199999950826168,nws_retro_v30
2015-06-01,0.2199999950826168,nws_retro_v30
2015-06-02,0.2199999950826168,nws_retro_v30
2015-06-03,0.2199999950826168,nws_retro_v30
2015-06-04,0.2199999950826168,nws_retro_v30
2015-06-05,0.2199999950826168,nws_retro_v30
2015-06-06,0.21833332845320305,nws_retro_v30
2015-06-07,0.2099999953061342,nws_retro_v30
2015-06-08,0.2099999953061342,nws_retro_v30
2015-06-09,0.2099999953061342,nws_retro_v30
2015-06-10,0.2099999953061342,nws_retro_v30
2015-06-11,0.2099999953061342,nws_retro_v30
2015-06-12,0.2099999953061342,nws_retro_v30
2015-06-13,0.2099999953061342,nws_retro_v30
2015-06-14,0.2099999953061342,nws_retro_v30
2015-06-15,0.2020833288164188,nws_retro_v30
2015-06-16,0.19999999552965156,nws_retro_v30
2015-06-17,0.19999999552965156,nws_retro_v30
2015-06-18,0.19999999552965156,nws_retro_v30
2015-06-19,0.19999999552965156,nws_retro_v30
2015-06-20,0.19999999552965156,nws_retro_v30
2015-06-21,0.19999999552965156,nws_retro_v30
2015-06-22,0.19999999552965156,nws_retro_v30
2015-06-23,0.19999999552965156,nws_retro_v30
2015-06-24,0.1920833290399362,nws_retro_v30
2015-06-25,0.18999999575316898,nws_retro_v30
2015-06-26,0.18999999575316898,nws_retro_v30
2015-06-27,0.18999999575316898,nws_retro_v30
2015-06-28,0.18999999575316898,nws_retro_v30
2015-06-29,0.18999999575316898,nws_retro_v30
2015-06-30,0.18999999575316898,nws_retro_v30
2015-07-01,0.18999999575316898,nws_retro_v30
2015-07-02,0.18999999575316898,nws_retro_v30
2015-07-03,0.1891666624384621,nws_retro_v30
2015-07-04,0.1799999959766864,nws_retro_v30
2015-07-05,0.1799999959766864,nws_retro_v30
2015-07-06,0.1799999959766864,nws_retro_v30
2015-07-07,0.1799999959766864,nws_retro_v30
2015-07-08,0.1799999959766864,nws_retro_v30
2015-07-09,0.1799999959766864,nws_retro_v30
2015-07-10,0.1799999959766864,nws_retro_v30
2015-07-11,0.1799999959766864,nws_retro_v30
2015-07-12,0.1799999959766864,nws_retro_v30
2015-07-13,0.1799999959766864,nws_retro_v30
2015-07-14,0.17374999611638484,nws_retro_v30
2015-07-15,0.1699999962002039,nws_retro_v30
2015-07-16,0.1699999962002039,nws_retro_v30
2015-07-17,0.1699999962002039,nws_retro_v30
2015-07-18,0.1699999962002039,nws_retro_v30
2015-07-19,0.1699999962002039,nws_retro_v30
2015-07-20,0.1699999962002039,nws_retro_v30
2015-07-21,0.1699999962002039,nws_retro_v30
2015-07-22,0.1699999962002039,nws_retro_v30
2015-07-23,0.1699999962002039,nws_retro_v30
2015-07-24,0.1699999962002039,nws_retro_v30
2015-07-25,0.16791666291343668,nws_retro_v30
2015-07-26,0.1599999964237213,nws_retro_v30
2015-07-27,0.1599999964237213,nws_retro_v30
2015-07-28,0.1599999964237213,nws_retro_v30
2015-07-29,0.1599999964237213,nws_retro_v30
2015-07-30,0.1599999964237213,nws_retro_v30
2015-07-31,0.1599999964237213,nws_retro_v30
2015-08-01,0.1599999964237213,nws_retro_v30
2015-08-02,0.1599999964237213,nws_retro_v30
2015-08-03,0.1599999964237213,nws_retro_v30
2015-08-04,0.1599999964237213,nws_retro_v30
2015-08-05,0.1599999964237213,nws_retro_v30
2015-08-06,0.1599999964237213,nws_retro_v30
2015-08-07,0.15208332993400592,nws_retro_v30
2015-08-08,0.1499999966472387,nws_retro_v30
2015-08-09,0.1499999966472387,nws_retro_v30
2015-08-10,0.1499999966472387,nws_retro_v30
2015-08-11,0.1499999966472387,nws_retro_v30
2015-08-12,0.1499999966472387,nws_retro_v30
2015-08-13,0.1499999966472387,nws_retro_v30
2015-08-14,0.1499999966472387,nws_retro_v30
2015-08-15,0.1499999966472387,nws_retro_v30
2015-08-16,0.1499999966472387,nws_retro_v30
2015-08-17,0.1499999966472387,nws_retro_v30
2015-08-18,0.1499999966472387,nws_retro_v30
2015-08-19,0.1499999966472387,nws_retro_v30
2015-08-20,0.14833333001782492,nws_retro_v30
2015-08-21,0.1399999968707561,nws_retro_v30
2015-08-22,0.1399999968707561,nws_retro_v30
2015-08-23,0.1399999968707561,nws_retro_v30
2015-08-24,0.1399999968707561,nws_retro_v30
2015-08-25,0.1399999968707561,nws_retro_v30
2015-08-26,0.1399999968707561,nws_retro_v30
2015-08-27,0.1399999968707561,nws_retro_v30
2015-08-28,0.1399999968707561,nws_retro_v30
2015-08-29,0.1399999968707561,nws_retro_v30
2015-08-30,0.1399999968707561,nws_retro_v30
2015-08-31,0.1399999968707561,nws_retro_v30
2015-09-01,0.1399999968707561,nws_retro_v30
2015-09-02,0.1399999968707561,nws_retro_v30
2015-09-03,0.1399999968707561,nws_retro_v30
2015-09-04,0.13791666358398888,nws_retro_v30
2015-09-05,0.1299999970942735,nws_retro_v30
2015-09-06,0.1299999970942735,nws_retro_v30
2015-09-07,0.1299999970942735,nws_retro_v30
2015-09-08,0.1299999970942735,nws_retro_v30
2015-09-09,0.1299999970942735,nws_retro_v30
2015-09-10,0.1299999970942735,nws_retro_v30
2015-09-11,0.1299999970942735,nws_retro_v30
2015-09-12,0.1299999970942735,nws_retro_v30
2015-09-13,0.1299999970942735,nws_retro_v30
2015-09-14,0.1299999970942735,nws_retro_v30
2015-09-15,0.1299999970942735,nws_retro_v30
2015-09-16,0.1299999970942735,nws_retro_v30
2015-09-17,0.1299999970942735,nws_retro_v30
2015-09-18,0.1299999970942735,nws_retro_v30
2015-09-19,0.1299999970942735,nws_retro_v30
2015-09-20,0.1299999970942735,nws_retro_v30
2015-09-21,0.12291666391926499,nws_retro_v30
2015-09-22,0.11999999731779092,nws_retro_v30
2015-09-23,0.11999999731779092,nws_retro_v30
2015-09-24,0.11999999731779092,nws_retro_v30
2015-09-25,0.11999999731779092,nws_retro_v30
2015-09-26,0.11999999731779092,nws_retro_v30
2015-09-27,0.11999999731779092,nws_retro_v30
2015-09-28,0.11999999731779092,nws_retro_v30
2015-09-29,0.11999999731779092,nws_retro_v30
2015-09-30,0.11999999731779092,nws_retro_v30
2015-10-01,0.11999999731779092,nws_retro_v30
2015-10-02,0.11999999731779092,nws_retro_v30
2015-10-03,0.11999999731779092,nws_retro_v30
2015-10-04,0.11999999731779092,nws_retro_v30
2015-10-05,0.11999999731779092,nws_retro_v30
2015-10-06,0.11999999731779092,nws_retro_v30
2015-10-07,0.11999999731779092,nws_retro_v30
2015-10-08,0.11999999731779092,nws_retro_v30
2015-10-09,0.11624999740160996,nws_retro_v30
2015-10-10,0.1099999975413084,nws_retro_v30
2015-10-11,0.1099999975413084,nws_retro_v30
2015-10-12,0.1099999975413084,nws_retro_v30
2015-10-13,0.1099999975413084,nws_retro_v30
2015-10-14,0.1099999975413084,nws_retro_v30
2015-10-15,0.1099999975413084,nws_retro_v30
2015-10-16,0.1099999975413084,nws_retro_v30
2015-10-17,0.1099999975413084,nws_retro_v30
2015-10-18,0.1099999975413084,nws_retro_v30
2015-10-19,0.1099999975413084,nws_retro_v30
2015-10-20,0.1099999975413084,nws_retro_v30
2015-10-21,0.1099999975413084,nws_retro_v30
2015-10-22,0.1099999975413084,nws_retro_v30
2015-10-23,0.1099999975413084,nws_retro_v30
2015-10-24,0.1099999975413084,nws_retro_v30
2015-10-25,0.1099999975413084,nws_retro_v30
2015-10-26,0.1099999975413084,nws_retro_v30
2015-10-27,0.1099999975413084,nws_retro_v30
2015-10-28,0.1099999975413084,nws_retro_v30
2015-10-29,0.1099999975413084,nws_retro_v30
2015-10-30,0.10124999773688613,nws_retro_v30
2015-10-31,0.09999999776482578,nws_retro_v30
2015-11-01,0.09999999776482578,nws_retro_v30
2015-11-02,0.3754166582754503,nws_retro_v30
2015-11-03,0.28499999362975353,nws_retro_v30
2015-11-04,0.12499999720603222,nws_retro_v30
2015-11-05,0.10541666431042053,nws_retro_v30
2015-11-06,0.09999999776482578,nws_retro_v30
2015-11-07,0.09999999776482578,nws_retro_v30
2015-11-08,0.09999999776482578,nws_retro_v30
2015-11-09,0.11208333082807559,nws_retro_v30
2015-11-10,0.10458333099571364,nws_retro_v30
2015-11-11,0.09999999776482578,nws_retro_v30
2015-11-12,0.09999999776482578,nws_retro_v30
2015-11-13,0.09999999776482578,nws_retro_v30
2015-11-14,0.09999999776482578,nws_retro_v30
2015-11-15,0.12249999726191159,nws_retro_v30
2015-11-16,0.10166666439423955,nws_retro_v30
2015-11-17,0.09999999776482578,nws_retro_v30
2015-11-18,0.09999999776482578,nws_retro_v30
2015-11-19,0.09999999776482578,nws_retro_v30
2015-11-20,0.09999999776482578,nws_retro_v30
2015-11-21,0.09999999776482578,nws_retro_v30
2015-11-22,0.09374999790452417,nws_retro_v30
2015-11-23,0.0899999979883432,nws_retro_v30
2015-11-24,0.09583333119129138,nws_retro_v30
2015-11-25,0.10291666436629987,nws_retro_v30
2015-11-26,0.0899999979883432,nws_retro_v30
2015-11-27,0.0899999979883432,nws_retro_v30
2015-11-28,0.0899999979883432,nws_retro_v30
2015-11-29,0.0899999979883432,nws_retro_v30
2015-11-30,0.0899999979883432,nws_retro_v30
2015-12-01,0.0899999979883432,nws_retro_v30
2015-12-02,0.0899999979883432,nws_retro_v30
2015-12-03,0.102083331051593,nws_retro_v30
2015-12-04,0.10791666425454116,nws_retro_v30
2015-12-05,0.0899999979883432,nws_retro_v30
2015-12-06,0.0899999979883432,nws_retro_v30
2015-12-07,0.0899999979883432,nws_retro_v30
2015-12-08,0.0899999979883432,nws_retro_v30
2015-12-09,0.0899999979883432,nws_retro_v30
2015-12-10,0.09958333110747235,nws_retro_v30
2015-12-11,0.15124999661929903,nws_retro_v30
2015-12-12,0.10666666428248084,nws_retro_v30
2015-12-13,0.1695833295428504,nws_retro_v30
2015-12-14,0.14124999684281644,nws_retro_v30
2015-12-15,0.09374999790452417,nws_retro_v30
2015-12-16,0.0899999979883432,nws_retro_v30
2015-12-17,0.0899999979883432,nws_retro_v30
2015-12-18,0.0899999979883432,nws_retro_v30
2015-12-19,0.0899999979883432,nws_retro_v30
2015-12-20,0.08416666478539502,nws_retro_v30
2015-12-21,0.11041666419866179,nws_retro_v30
2015-12-22,2.9604166004961976,nws_retro_v30
2015-12-23,0.7399999834597111,nws_retro_v30
2015-12-24,0.15624999650754032,nws_retro_v30
2015-12-25,0.12708333049279943,nws_retro_v30
2015-12-26,0.11624999740160996,nws_retro_v30
2015-12-27,0.16499999631196258,nws_retro_v30
2015-12-28,0.17333332945903138,nws_retro_v30
2015-12-29,0.13208333038104073,nws_retro_v30
2015-12-30,0.10166666439423955,nws_retro_v30
2015-12-31,0.11166666417072212,nws_retro_v30
2016-01-01,0.10374999768100678,nws_retro_v30
2016-01-02,0.08874999801628287,nws_retro_v30
2016-01-03,0.0799999982118606,nws_retro_v30
2016-01-04,0.087916664701576,nws_retro_v30
2016-01-05,1.0462499766144902,nws_retro_v30
2016-01-06,2.94249993423,nws_retro_v30
2016-01-07,2.067499953787774,nws_retro_v30
2016-01-08,0.5116666552300254,nws_retro_v30
2016-01-09,0.34249999234452844,nws_retro_v30
2016-01-10,0.30833332644154626,nws_retro_v30
2016-01-11,0.24708332781059042,nws_retro_v30
2016-01-12,0.1916666623825828,nws_retro_v30
2016-01-13,0.43124999036081135,nws_retro_v30
2016-01-14,0.21916666176790991,nws_retro_v30
2016-01-15,0.2791666604268054,nws_retro_v30
2016-01-16,0.3366666591415803,nws_retro_v30
2016-01-17,0.28791666023122764,nws_retro_v30
2016-01-18,5.589999875053763,nws_retro_v30
2016-01-19,3.3749999245628715,nws_retro_v30
2016-01-20,2.6241666080119708,nws_retro_v30
2016-01-21,0.7104166507876167,nws_retro_v30
2016-01-22,0.5316666547829906,nws_retro_v30
2016-01-23,15.353332990159592,nws_retro_v30
2016-01-24,2.152499951887876,nws_retro_v30
2016-01-25,1.1912499733734876,nws_retro_v30
2016-01-26,1.1358333079454799,nws_retro_v30
2016-01-27,1.2774999714456499,nws_retro_v30
2016-01-28,1.508333299619456,nws_retro_v30
2016-01-29,1.609166630698989,nws_retro_v30
2016-01-30,3.3124999259598553,nws_retro_v30
2016-01-31,2.8608332693887255,nws_retro_v30
2016-02-01,2.1662499515805393,nws_retro_v30
2016-02-02,1.3408333033633728,nws_retro_v30
2016-02-03,1.6599999628961086,nws_retro_v30
2016-02-04,1.7787499602418393,nws_retro_v30
2016-02-05,1.7241666281285386,nws_retro_v30
2016-02-06,1.723749961471185,nws_retro_v30
2016-02-07,1.519583299367999,nws_retro_v30
2016-02-08,1.369166636063407,nws_retro_v30
2016-02-09,1.3662499694619328,nws_retro_v30
2016-02-10,1.2883333045368393,nws_retro_v30
2016-02-11,1.1199999749660492,nws_retro_v30
2016-02-12,1.0420833100409557,nws_retro_v30
2016-02-13,0.9145833128908029,nws_retro_v30
2016-02-14,0.7424999834038317,nws_retro_v30
2016-02-15,0.5804166536933432,nws_retro_v30
2016-02-16,0.6304166525757561,nws_retro_v30
2016-02-17,0.5804166536933432,nws_retro_v30
2016-02-18,3.7320832499147705,nws_retro_v30
2016-02-19,1.7704166270947705,nws_retro_v30
2016-02-20,0.9991666443335513,nws_retro_v30
2016-02-21,0.9524999787099659,nws_retro_v30
2016-02-22,0.9266666459540526,nws_retro_v30
2016-02-23,1.0183333105718095,nws_retro_v30
2016-02-24,0.9304166458702335,nws_retro_v30
2016-02-25,0.8133333151539167,nws_retro_v30
2016-02-26,0.7041666509273151,nws_retro_v30
2016-02-27,0.6524999854154885,nws_retro_v30
2016-02-28,0.5929166534139464,nws_retro_v30
2016-02-29,0.5095833219432583,nws_retro_v30
2016-03-01,0.433749990304932,nws_retro_v30
2016-03-02,0.3970833244578292,nws_retro_v30
2016-03-03,0.4274999904446304,nws_retro_v30
2016-03-04,0.6579166519610832,nws_retro_v30
2016-03-05,10.180416439116621,nws_retro_v30
2016-03-06,77.292498272378,nws_retro_v30
2016-03-07,35.23624921240844,nws_retro_v30
2016-03-08,13.495833031677952,nws_retro_v30
2016-03-09,15.861249645473436,nws_retro_v30
2016-03-10,16.110416306570794,nws_retro_v30
2016-03-11,27.628749382449314,nws_retro_v30
2016-03-12,30.003332662706573,nws_retro_v30
2016-03-13,71.75541506280813,nws_retro_v30
2016-03-14,53.307915475141876,nws_retro_v30
2016-03-15,20.122499550227076,nws_retro_v30
2016-03-16,15.621249650837854,nws_retro_v30
2016-03-17,13.683333027487,nws_retro_v30
2016-03-18,12.334999724291265,nws_retro_v30
2016-03-19,11.318749747006223,nws_retro_v30
2016-03-20,10.516249764943495,nws_retro_v30
2016-03-21,18.14916626100118,nws_retro_v30
2016-03-22,20.289166213168453,nws_retro_v30
2016-03-23,10.00083310979729,nws_retro_v30
2016-03-24,6.9612498444039375,nws_retro_v30
2016-03-25,5.585833208480229,nws_retro_v30
2016-03-26,4.7020832282335805,nws_retro_v30
2016-03-27,4.131249907659367,nws_retro_v30
2016-03-28,4.018333243516584,nws_retro_v30
2016-03-29,3.5533332539101443,nws_retro_v30
2016-03-30,3.6262499189469963,nws_retro_v30
2016-03-31,3.644999918527901,nws_retro_v30
2016-04-01,3.2304165944612273,nws_retro_v30
2016-04-02,2.9216666013623276,nws_retro_v30
2016-04-03,2.5537499429192394,nws_retro_v30
2016-04-04,2.261249949457124,nws_retro_v30
2016-04-05,1.8666666249434154,nws_retro_v30
2016-04-06,1.6587499629240483,nws_retro_v30
2016-04-07,1.594166631034265,nws_retro_v30
2016-04-08,1.5454166321239124,nws_retro_v30
2016-04-09,1.8883332911257942,nws_retro_v30
2016-04-10,2.4029166129572936,nws_retro_v30
2016-04-11,2.3995832796984664,nws_retro_v30
2016-04-12,1.9445832898685087,nws_retro_v30
2016-04-13,1.7137499616947025,nws_retro_v30
2016-04-14,1.9449999565258622,nws_retro_v30
2016-04-15,1.8112499595154077,nws_retro_v30
2016-04-16,1.4066666352252166,nws_retro_v30
2016-04-17,1.3141666372927527,nws_retro_v30
2016-04-18,1.3245833037265886,nws_retro_v30
2016-04-19,1.3083333040898044,nws_retro_v30
2016-04-20,1.2762499714735895,nws_retro_v30
2016-04-21,1.2612499718088657,nws_retro_v30
2016-04-22,1.502499966416508,nws_retro_v30
2016-04-23,2.9566666005800166,nws_retro_v30
2016-04-24,1.463749967282638,nws_retro_v30
2016-04-25,1.2695833049559344,nws_retro_v30
2016-04-26,1.2233333059897025,nws_retro_v30
2016-04-27,1.212499972898513,nws_retro_v30
2016-04-28,1.2970833043412615,nws_retro_v30
2016-04-29,1.2316666391367714,nws_retro_v30
2016-04-30,1.1891666400867205,nws_retro_v30
2016-05-01,1.1591666407572727,nws_retro_v30
2016-05-02,1.1337499746587127,nws_retro_v30
2016-05-03,1.1299999747425318,nws_retro_v30
2016-05-04,1.1237499748822302,nws_retro_v30
2016-05-05,1.1199999749660492,nws_retro_v30
2016-05-06,1.120833308280756,nws_retro_v30
2016-05-07,1.1358333079454799,nws_retro_v30
2016-05-08,1.1266666414837043,nws_retro_v30
2016-05-09,1.1066666419307392,nws_retro_v30
2016-05-10,1.0862499757204205,nws_retro_v30
2016-05-11,1.079166642545412,nws_retro_v30
2016-05-12,1.0666666428248088,nws_retro_v30
2016-05-13,1.0599999763071537,nws_retro_v30
2016-05-14,1.0504166431880246,nws_retro_v30
2016-05-15,1.0499999765306711,nws_retro_v30
2016-05-16,1.042499976698309,nws_retro_v30
2016-05-17,1.0337499768938867,nws_retro_v30
2016-05-18,1.0270833103762318,nws_retro_v30
2016-05-19,1.0199999772012234,nws_retro_v30
2016-05-20,1.012083310711508,nws_retro_v30
2016-05-21,1.0074999774806201,nws_retro_v30
2016-05-22,0.9999999776482582,nws_retro_v30
2016-05-23,0.9929166444732497,nws_retro_v30
2016-05-24,0.9883333112423619,nws_retro_v30
2016-05-25,0.979999978095293,nws_retro_v30
2016-05-26,0.973333311577638,nws_retro_v30
2016-05-27,0.96874997834675,nws_retro_v30
2016-05-28,0.959999978542328,nws_retro_v30
2016-05-29,0.9541666453393797,nws_retro_v30
2016-05-30,0.9495833121084917,nws_retro_v30
2016-05-31,0.9399999789893628,nws_retro_v30
2016-06-01,0.9354166457584748,nws_retro_v30
2016-06-02,0.92999997921288,nws_retro_v30
2016-06-03,0.9212499794084579,nws_retro_v30
2016-06-04,0.9170833128349235,nws_retro_v30
2016-06-05,0.909999979659915,nws_retro_v30
2016-06-06,0.9029166464849064,nws_retro_v30
2016-06-07,0.8987499799113721,nws_retro_v30
2016-06-08,0.8899999801069498,nws_retro_v30
2016-06-09,0.8854166468760619,nws_retro_v30
2016-06-10,0.8799999803304672,nws_retro_v30
2016-06-11,0.8716666471833984,nws_retro_v30
2016-06-12,0.8683333139245709,nws_retro_v30
2016-06-13,0.8599999807775021,nws_retro_v30
2016-06-14,0.8541666475745539,nws_retro_v30
2016-06-15,0.8499999810010195,nws_retro_v30
2016-06-16,0.8412499811965972,nws_retro_v30
2016-06-17,0.8387499812524766,nws_retro_v30
2016-06-18,0.8299999814480543,nws_retro_v30
2016-06-19,0.8266666481892267,nws_retro_v30
2016-06-20,0.8199999816715717,nws_retro_v30
2016-06-21,0.8149999817833304,nws_retro_v30
2016-06-22,0.8099999818950891,nws_retro_v30
2016-06-23,0.8033333153774341,nws_retro_v30
2016-06-24,0.7999999821186066,nws_retro_v30
2016-06-25,0.7920833156288912,nws_retro_v30
2016-06-26,0.789999982342124,nws_retro_v30
2016-06-27,0.7812499825377017,nws_retro_v30
2016-06-28,0.7799999825656414,nws_retro_v30
2016-06-29,0.7704166494465122,nws_retro_v30
2016-06-30,0.7699999827891588,nws_retro_v30
2016-07-01,0.7599999830126762,nws_retro_v30
2016-07-02,0.7599999830126762,nws_retro_v30
2016-07-03,0.7499999832361937,nws_retro_v30
2016-07-04,0.7499999832361937,nws_retro_v30
2016-07-05,0.7404166501170645,nws_retro_v30
2016-07-06,0.7399999834597111,nws_retro_v30
2016-07-07,0.7316666503126422,nws_retro_v30
2016-07-08,0.7299999836832285,nws_retro_v30
2016-07-09,0.72291665050822,nws_retro_v30
2016-07-10,0.7199999839067459,nws_retro_v30
2016-07-11,0.7145833173611512,nws_retro_v30
2016-07-12,0.7099999841302633,nws_retro_v30
2016-07-13,0.7070833175287893,nws_retro_v30
2016-07-14,0.6999999843537807,nws_retro_v30
2016-07-15,0.6995833176964273,nws_retro_v30
2016-07-16,0.6899999845772982,nws_retro_v30
2016-07-17,0.6899999845772982,nws_retro_v30
2016-07-18,0.6829166514022896,nws_retro_v30
2016-07-19,0.6799999848008156,nws_retro_v30
2016-07-20,0.676666651541988,nws_retro_v30
2016-07-21,0.669999985024333,nws_retro_v30
2016-07-22,0.669999985024333,nws_retro_v30
2016-07-23,0.6608333185625573,nws_retro_v30
2016-07-24,0.6599999852478504,nws_retro_v30
2016-07-25,0.655833318674316,nws_retro_v30
2016-07-26,0.6499999854713678,nws_retro_v30
2016-07-27,0.6499999854713678,nws_retro_v30
2016-07-28,0.6412499856669456,nws_retro_v30
2016-07-29,0.6399999856948853,nws_retro_v30
2016-07-30,0.6370833190934112,nws_retro_v30
2016-07-31,0.6299999859184027,nws_retro_v30
2016-08-01,0.6299999859184027,nws_retro_v30
2016-08-02,0.6237499860581011,nws_retro_v30
2016-08-03,0.6199999861419201,nws_retro_v30
2016-08-04,0.6199999861419201,nws_retro_v30
2016-08-05,0.6108333196801444,nws_retro_v30
2016-08-06,0.6099999863654375,nws_retro_v30
2016-08-07,0.6087499863933772,nws_retro_v30
2016-08-08,0.5999999865889549,nws_retro_v30
2016-08-09,0.5999999865889549,nws_retro_v30
2016-08-10,0.5970833199874809,nws_retro_v30
2016-08-11,0.5899999868124723,nws_retro_v30
2016-08-12,0.5899999868124723,nws_retro_v30
2016-08-13,0.5862499868962914,nws_retro_v30
2016-08-14,0.5799999870359898,nws_retro_v30
2016-08-15,0.5799999870359898,nws_retro_v30
2016-08-16,0.5762499871198088,nws_retro_v30
2016-08-17,0.5699999872595072,nws_retro_v30
2016-08-18,0.5699999872595072,nws_retro_v30
2016-08-19,0.5670833206580331,nws_retro_v30
2016-08-20,0.5599999874830246,nws_retro_v30
2016-08-21,0.5599999874830246,nws_retro_v30
2016-08-22,0.5583333208536109,nws_retro_v30
2016-08-23,0.549999987706542,nws_retro_v30
2016-08-24,0.549999987706542,nws_retro_v30
2016-08-25,0.549999987706542,nws_retro_v30
2016-08-26,0.5404166545874128,nws_retro_v30
2016-08-27,0.5399999879300594,nws_retro_v30
2016-08-28,0.5399999879300594,nws_retro_v30
2016-08-29,0.5337499880697578,nws_retro_v30
2016-08-30,0.5299999881535769,nws_retro_v30
2016-08-31,0.5299999881535769,nws_retro_v30
2016-09-01,0.5274999882094562,nws_retro_v30
2016-09-02,0.5199999883770943,nws_retro_v30
2016-09-03,0.5199999883770943,nws_retro_v30
2016-09-04,0.5199999883770943,nws_retro_v30
2016-09-05,0.5124999885447323,nws_retro_v30
2016-09-06,0.5099999886006117,nws_retro_v30
2016-09-07,0.5099999886006117,nws_retro_v30
2016-09-08,0.508333321971198,nws_retro_v30
2016-09-09,0.4999999888241291,nws_retro_v30
2016-09-10,0.4999999888241291,nws_retro_v30
2016-09-11,0.4999999888241291,nws_retro_v30
2016-09-12,0.49458332227853435,nws_retro_v30
2016-09-13,0.4899999890476465,nws_retro_v30
2016-09-14,0.4899999890476465,nws_retro_v30
2016-09-15,0.4899999890476465,nws_retro_v30
2016-09-16,0.48249998921528453,nws_retro_v30
2016-09-17,0.4799999892711639,nws_retro_v30
2016-09-18,0.4799999892711639,nws_retro_v30
2016-09-19,0.4799999892711639,nws_retro_v30
2016-09-20,0.4712499894667416,nws_retro_v30
2016-09-21,0.4699999894946813,nws_retro_v30
2016-09-22,0.4699999894946813,nws_retro_v30
2016-09-23,0.4699999894946813,nws_retro_v30
2016-09-24,0.46166665634761256,nws_retro_v30
2016-09-25,0.4599999897181988,nws_retro_v30
2016-09-26,0.4599999897181988,nws_retro_v30
2016-09-27,0.4599999897181988,nws_retro_v30
2016-09-28,0.45249998988583684,nws_retro_v30
2016-09-29,0.4499999899417162,nws_retro_v30
2016-09-30,0.4499999899417162,nws_retro_v30
2016-10-01,0.4499999899417162,nws_retro_v30
2016-10-02,0.4449999900534749,nws_retro_v30
2016-10-03,0.4399999901652336,nws_retro_v30
2016-10-04,0.4399999901652336,nws_retro_v30
2016-10-05,0.4399999901652336,nws_retro_v30
2016-10-06,0.4387499901931733,nws_retro_v30
2016-10-07,0.429999990388751,nws_retro_v30
2016-10-08,0.429999990388751,nws_retro_v30
2016-10-09,0.429999990388751,nws_retro_v30
2016-10-10,0.429999990388751,nws_retro_v30
2016-10-11,0.42416665718580276,nws_retro_v30
2016-10-12,0.4199999906122684,nws_retro_v30
2016-10-13,0.4199999906122684,nws_retro_v30
2016-10-14,0.4479166566549489,nws_retro_v30
2016-10-15,1.7224999614991248,nws_retro_v30
2016-10-16,4.248333238375683,nws_retro_v30
2016-10-17,5.0729165532781435,nws_retro_v30
2016-10-18,0.7308333169979354,nws_retro_v30
2016-10-19,0.4254166571578631,nws_retro_v30
2016-10-20,0.4099999908357858,nws_retro_v30
2016-10-21,0.40083332437401015,nws_retro_v30
2016-10-22,0.3999999910593033,nws_retro_v30
2016-10-23,0.3999999910593033,nws_retro_v30
2016-10-24,0.3999999910593033,nws_retro_v30
2016-10-25,0.3999999910593033,nws_retro_v30
2016-10-26,0.391249991254881,nws_retro_v30
2016-10-27,0.3899999912828207,nws_retro_v30
2016-10-28,0.4654166562637935,nws_retro_v30
2016-10-29,0.40249999100342393,nws_retro_v30
2016-10-30,0.5012499887961894,nws_retro_v30
2016-10-31,0.6512499854434282,nws_retro_v30
2016-11-01,0.4033333243181308,nws_retro_v30
2016-11-02,0.3799999915063381,nws_retro_v30
2016-11-03,0.3799999915063381,nws_retro_v30
2016-11-04,0.3799999915063381,nws_retro_v30
2016-11-05,0.3787499915342778,nws_retro_v30
2016-11-06,0.3699999917298555,nws_retro_v30
2016-11-07,0.3699999917298555,nws_retro_v30
2016-11-08,0.3699999917298555,nws_retro_v30
2016-11-09,0.3699999917298555,nws_retro_v30
2016-11-10,0.3699999917298555,nws_retro_v30
2016-11-11,0.3670833251283814,nws_retro_v30
2016-11-12,0.3599999919533729,nws_retro_v30
2016-11-13,0.3599999919533729,nws_retro_v30
2016-11-14,0.3599999919533729,nws_retro_v30
2016-11-15,0.3599999919533729,nws_retro_v30
2016-11-16,0.3599999919533729,nws_retro_v30
2016-11-17,0.35791665866660566,nws_retro_v30
2016-11-18,0.3499999921768904,nws_retro_v30
2016-11-19,0.35166665880630416,nws_retro_v30
2016-11-20,0.4954166555932413,nws_retro_v30
2016-11-21,0.38541665805193287,nws_retro_v30
2016-11-22,0.3499999921768904,nws_retro_v30
2016-11-23,0.3499999921768904,nws_retro_v30
2016-11-24,0.3416666590298216,nws_retro_v30
2016-11-25,0.34666665891806286,nws_retro_v30
2016-11-26,0.5270833215521028,nws_retro_v30
2016-11-27,0.8616666474069158,nws_retro_v30
2016-11-28,0.40583332426225144,nws_retro_v30
2016-11-29,0.37791665821957093,nws_retro_v30
2016-11-30,0.3495833255195369,nws_retro_v30
2016-12-01,0.33749999245628715,nws_retro_v30
2016-12-02,0.3299999926239252,nws_retro_v30
2016-12-03,0.3299999926239252,nws_retro_v30
2016-12-04,0.3299999926239252,nws_retro_v30
2016-12-05,0.3299999926239252,nws_retro_v30
2016-12-06,0.3299999926239252,nws_retro_v30
2016-12-07,0.3299999926239252,nws_retro_v30
2016-12-08,0.6812499847728759,nws_retro_v30
2016-12-09,1.014999977312982,nws_retro_v30
2016-12-10,1.48458330015031,nws_retro_v30
2016-12-11,4.812916559089596,nws_retro_v30
2016-12-12,1.1129166417910408,nws_retro_v30
2016-12-13,0.6187499861698598,nws_retro_v30
2016-12-14,0.585833320238938,nws_retro_v30
2016-12-15,2.2383332833026848,nws_retro_v30
2016-12-16,35.70333253530165,nws_retro_v30
2016-12-17,4.678749895421788,nws_retro_v30
2016-12-18,5.064166553473721,nws_retro_v30
2016-12-19,5.728749871952459,nws_retro_v30
2016-12-20,5.8204165365702165,nws_retro_v30
2016-12-21,5.431249878602102,nws_retro_v30
2016-12-22,5.193749883910641,nws_retro_v30
2016-12-23,11.362083079370981,nws_retro_v30
2016-12-24,8.605416474320615,nws_retro_v30
2016-12-25,4.910833223567654,nws_retro_v30
2016-12-26,4.7591665602910025,nws_retro_v30
2016-12-27,4.634999896399677,nws_retro_v30
2016-12-28,4.289999904111028,nws_retro_v30
2016-12-29,3.7433332496633134,nws_retro_v30
2016-12-30,3.677916584458823,nws_retro_v30
2016-12-31,3.455833256089439,nws_retro_v30
2017-01-01,3.531666587727765,nws_retro_v30
2017-01-02,4.279583237677191,nws_retro_v30
2017-01-03,9.310416458562637,nws_retro_v30
2017-01-04,84.11416478656854,nws_retro_v30
2017-01-05,18.110832928524662,nws_retro_v30
2017-01-06,14.368333012176057,nws_retro_v30
2017-01-07,31.25999930128455,nws_retro_v30
2017-01-08,85.25583142771696,nws_retro_v30
2017-01-09,107.92624758766033,nws_retro_v30
2017-01-10,68.84458179453698,nws_retro_v30
2017-01-11,144.26499677542597,nws_retro_v30
2017-01-12,43.33249903144315,nws_retro_v30
2017-01-13,29.830415999904897,nws_retro_v30
2017-01-14,24.99416610800351,nws_retro_v30
2017-01-15,21.756666180367272,nws_retro_v30
2017-01-16,19.249166236414265,nws_retro_v30
2017-01-17,18.26041625851455,nws_retro_v30
2017-01-18,20.106666217247646,nws_retro_v30
2017-01-19,65.19791520937967,nws_retro_v30
2017-01-20,76.30499829445034,nws_retro_v30
2017-01-21,39.7729157776727,nws_retro_v30
2017-01-22,87.977914700207,nws_retro_v30
2017-01-23,56.172498744446784,nws_retro_v30
2017-01-24,27.05416606195892,nws_retro_v30
2017-01-25,21.91624951013364,nws_retro_v30
2017-01-26,21.287499524187297,nws_retro_v30
2017-01-27,19.22541623694512,nws_retro_v30
2017-01-28,17.230416281536844,nws_retro_v30
2017-01-29,15.310416324452186,nws_retro_v30
2017-01-30,13.785833025195947,nws_retro_v30
2017-01-31,12.874583045563972,nws_retro_v30
2017-02-01,11.830416402236247,nws_retro_v30
2017-02-02,27.70833271400382,nws_retro_v30
2017-02-03,59.93541532700571,nws_retro_v30
2017-02-04,21.998332841632266,nws_retro_v30
2017-02-05,15.956666310007373,nws_retro_v30
2017-02-06,46.73708228867812,nws_retro_v30
2017-02-07,122.611247259425,nws_retro_v30
2017-02-08,76.35166496007393,nws_retro_v30
2017-02-09,49.042915570472054,nws_retro_v30
2017-02-10,123.20333057952423,nws_retro_v30
2017-02-11,33.330832588331155,nws_retro_v30
2017-02-12,27.65624938183464,nws_retro_v30
2017-02-13,24.88041611054602,nws_retro_v30
2017-02-14,21.93833284297337,nws_retro_v30
2017-02-15,19.56374956271611,nws_retro_v30
2017-02-16,32.65499927010387,nws_retro_v30
2017-02-17,29.506666007141273,nws_retro_v30
2017-02-18,40.08958243726132,nws_retro_v30
2017-02-19,20.381249544443563,nws_retro_v30
2017-02-20,94.78791454799163,nws_retro_v30
2017-02-21,90.23916464966412,nws_retro_v30
2017-02-22,30.05624932819046,nws_retro_v30
2017-02-23,23.867082799862448,nws_retro_v30
2017-02-24,21.63541618307742,nws_retro_v30
2017-02-25,20.514582874796663,nws_retro_v30
2017-02-26,19.12749957246706,nws_retro_v30
2017-02-27,16.236249637091532,nws_retro_v30
2017-02-28,13.8649996900931,nws_retro_v30
2017-03-01,12.42874972219579,nws_retro_v30
2017-03-02,11.391249745385721,nws_retro_v30
2017-03-03,11.091666418748597,nws_retro_v30
2017-03-04,10.712499760556966,nws_retro_v30
2017-03-05,24.507916118872043,nws_retro_v30
2017-03-06,14.06958301885364,nws_retro_v30
2017-03-07,12.437083055342859,nws_retro_v30
2017-03-08,10.461666432830194,nws_retro_v30
2017-03-09,8.960416466385746,nws_retro_v30
2017-03-10,8.284583148158466,nws_retro_v30
2017-03-11,7.677499828394502,nws_retro_v30
2017-03-12,6.564166519946109,nws_retro_v30
2017-03-13,5.8591665357040865,nws_retro_v30
2017-03-14,5.928749867482111,nws_retro_v30
2017-03-15,6.24958319364426,nws_retro_v30
2017-03-16,6.376249857479706,nws_retro_v30
2017-03-17,5.812083203423147,nws_retro_v30
2017-03-18,5.52291654321986,nws_retro_v30
2017-03-19,5.517916543331618,nws_retro_v30
2017-03-20,5.423333212112387,nws_retro_v30
2017-03-21,40.47166576205442,nws_retro_v30
2017-03-22,12.865416379102195,nws_retro_v30
2017-03-23,8.408333145392438,nws_retro_v30
2017-03-24,16.036666308219235,nws_retro_v30
2017-03-25,23.010832819001127,nws_retro_v30
2017-03-26,9.868749779416248,nws_retro_v30
2017-03-27,11.394999745301902,nws_retro_v30
2017-03-28,9.237916460183138,nws_retro_v30
2017-03-29,7.997083154584591,nws_retro_v30
2017-03-30,7.6329164960576845,nws_retro_v30
2017-03-31,6.692916517068322,nws_retro_v30
2017-04-01,5.583749875193462,nws_retro_v30
2017-04-02,5.44541654495212,nws_retro_v30
2017-04-03,5.0508332204384105,nws_retro_v30
2017-04-04,4.704166561520348,nws_retro_v30
2017-04-05,4.690416561827685,nws_retro_v30
2017-04-06,4.808333225858708,nws_retro_v30
2017-04-07,22.534166162988793,nws_retro_v30
2017-04-08,10.344166435456524,nws_retro_v30
2017-04-09,7.24374983808957,nws_retro_v30
2017-04-10,6.166666528830926,nws_retro_v30
2017-04-11,6.469166522069524,nws_retro_v30
2017-04-12,8.939583133518076,nws_retro_v30
2017-04-13,18.033749596914276,nws_retro_v30
2017-04-14,8.766249804059044,nws_retro_v30
2017-04-15,6.710416516677166,nws_retro_v30
2017-04-16,7.56458316425172,nws_retro_v30
2017-04-17,13.315416369043911,nws_retro_v30
2017-04-18,10.532083097922927,nws_retro_v30
2017-04-19,7.932499822694808,nws_retro_v30
2017-04-20,7.407499834429473,nws_retro_v30
2017-04-21,6.005833199092497,nws_retro_v30
2017-04-22,5.028333220941325,nws_retro_v30
2017-04-23,4.889999890699983,nws_retro_v30
2017-04-24,4.649583229407047,nws_retro_v30
2017-04-25,4.809999892488122,nws_retro_v30
2017-04-26,4.615833230161418,nws_retro_v30
2017-04-27,4.637083229686444,nws_retro_v30
2017-04-28,4.09041657523873,nws_retro_v30
2017-04-29,3.826249914476648,nws_retro_v30
2017-04-30,3.764999915845692,nws_retro_v30
2017-05-01,3.687499917577952,nws_retro_v30
2017-05-02,3.5879165864704796,nws_retro_v30
2017-05-03,3.5112499215174466,nws_retro_v30
2017-05-04,3.4666665891806283,nws_retro_v30
2017-05-05,3.4408332564247153,nws_retro_v30
2017-05-06,3.400416590661431,nws_retro_v30
2017-05-07,3.361666591527561,nws_retro_v30
2017-05-08,3.314166592589269,nws_retro_v30
2017-05-09,3.2624999270774424,nws_retro_v30
2017-05-10,3.212916594852383,nws_retro_v30
2017-05-11,3.179999928921461,nws_retro_v30
2017-05-12,3.1429165964170047,nws_retro_v30
2017-05-13,3.0966665974507728,nws_retro_v30
2017-05-14,3.0529165984286615,nws_retro_v30
2017-05-15,3.0179165992109724,nws_retro_v30
2017-05-16,2.9804166000491628,nws_retro_v30
2017-05-17,2.9495832674050084,nws_retro_v30
2017-05-18,2.9083332683270178,nws_retro_v30
2017-05-19,2.8695832691931478,nws_retro_v30
2017-05-20,2.8354166032901653,nws_retro_v30
2017-05-21,2.8024999373592436,nws_retro_v30
2017-05-22,2.768749938113615,nws_retro_v30
2017-05-23,2.7366666054974,nws_retro_v30
2017-05-24,2.704583272881185,nws_retro_v30
2017-05-25,2.673333273579677,nws_retro_v30
2017-05-26,2.6424999409355223,nws_retro_v30
2017-05-27,2.6116666082913675,nws_retro_v30
2017-05-28,2.58166660896192,nws_retro_v30
2017-05-29,2.552499942947179,nws_retro_v30
2017-05-30,2.5233332769324384,nws_retro_v30
2017-05-31,2.4954166108897575,nws_retro_v30
2017-06-01,2.467499944847077,nws_retro_v30
2017-06-02,2.4395832788043967,nws_retro_v30
2017-06-03,2.412499946076423,nws_retro_v30
2017-06-04,2.386249946663156,nws_retro_v30
2017-06-05,2.3604166139072427,nws_retro_v30
2017-06-06,2.3345832811513296,nws_retro_v30
2017-06-07,2.309583281710123,nws_retro_v30
2017-06-08,2.2849999489262705,nws_retro_v30
2017-06-09,2.259999949485064,nws_retro_v30
2017-06-10,2.2366666166732707,nws_retro_v30
2017-06-11,2.212499950546771,nws_retro_v30
2017-06-12,2.189999951049685,nws_retro_v30
2017-06-13,2.1674999515525997,nws_retro_v30
2017-06-14,2.1449999520555143,nws_retro_v30
2017-06-15,2.122499952558428,nws_retro_v30
2017-06-16,2.1012499530334026,nws_retro_v30
2017-06-17,2.079583286851024,nws_retro_v30
2017-06-18,2.0587499539833516,nws_retro_v30
2017-06-19,2.038333287773033,nws_retro_v30
2017-06-20,2.0179166215627142,nws_retro_v30
2017-06-21,1.9979166220097493,nws_retro_v30
2017-06-22,1.9783332891141379,nws_retro_v30
2017-06-23,1.9587499562185258,nws_retro_v30
2017-06-24,1.9395832899802674,nws_retro_v30
2017-06-25,1.921249957056716,nws_retro_v30
2017-06-26,1.9029166241331643,nws_retro_v30
2017-06-27,1.8845832912096132,nws_retro_v30
2017-06-28,1.8662499582860619,nws_retro_v30
2017-06-29,1.8487499586772174,nws_retro_v30
2017-06-30,1.8316666257257264,nws_retro_v30
2017-07-01,1.8145832927742351,nws_retro_v30
2017-07-02,1.7974999598227441,nws_retro_v30
2017-07-03,1.78124996018596,nws_retro_v30
2017-07-04,1.7649999605491757,nws_retro_v30
2017-07-05,1.7487499609123915,nws_retro_v30
2017-07-06,1.7337499612476677,nws_retro_v30
2017-07-07,1.7166666282961767,nws_retro_v30
2017-07-08,1.7024999619461596,nws_retro_v30
2017-07-09,1.6862499623093754,nws_retro_v30
2017-07-10,1.6724999626167119,nws_retro_v30
2017-07-11,1.6562499629799277,nws_retro_v30
2017-07-12,1.643333296601971,nws_retro_v30
2017-07-13,1.6279166302798938,nws_retro_v30
2017-07-14,1.6145832972445835,nws_retro_v30
2017-07-15,1.6004166308945666,nws_retro_v30
2017-07-16,1.5862499645445496,nws_retro_v30
2017-07-17,1.5733332981665928,nws_retro_v30
2017-07-18,1.559166631816576,nws_retro_v30
2017-07-19,1.5462499654386193,nws_retro_v30
2017-07-20,1.533749965718016,nws_retro_v30
2017-07-21,1.5212499659974128,nws_retro_v30
2017-07-22,1.5074999663047493,nws_retro_v30
2017-07-23,1.4954166332414995,nws_retro_v30
2017-07-24,1.4837499668356031,nws_retro_v30
2017-07-25,1.4716666337723534,nws_retro_v30
2017-07-26,1.4583333007370431,nws_retro_v30
2017-07-27,1.4470833009885002,nws_retro_v30
2017-07-28,1.435416634582604,nws_retro_v30
2017-07-29,1.4241666348340611,nws_retro_v30
2017-07-30,1.4129166350855182,nws_retro_v30
2017-07-31,1.4016666353369753,nws_retro_v30
2017-08-01,1.3908333022457857,nws_retro_v30
2017-08-02,1.3791666358398895,nws_retro_v30
2017-08-03,1.3683333027486997,nws_retro_v30
2017-08-04,1.3574999696575105,nws_retro_v30
2017-08-05,1.3470833032236744,nws_retro_v30
2017-08-06,1.3366666367898385,nws_retro_v30
2017-08-07,1.3262499703560024,nws_retro_v30
2017-08-08,1.31624997057952,nws_retro_v30
2017-08-09,1.3062499708030375,nws_retro_v30
2017-08-10,1.2962499710265547,nws_retro_v30
2017-08-11,1.2866666379074256,nws_retro_v30
2017-08-12,1.276666638130943,nws_retro_v30
2017-08-13,1.2670833050118138,nws_retro_v30
2017-08-14,1.257916638550038,nws_retro_v30
2017-08-15,1.248333305430909,nws_retro_v30
2017-08-16,1.2391666389691334,nws_retro_v30
2017-08-17,1.2299999725073576,nws_retro_v30
2017-08-18,1.2204166393882285,nws_retro_v30
2017-08-19,1.2112499729264528,nws_retro_v30
2017-08-20,1.2024999731220307,nws_retro_v30
2017-08-21,1.1941666399749618,nws_retro_v30
2017-08-22,1.1854166401705395,nws_retro_v30
2017-08-23,1.1770833070234707,nws_retro_v30
2017-08-24,1.1691666405337553,nws_retro_v30
2017-08-25,1.1599999740719795,nws_retro_v30
2017-08-26,1.1512499742675573,nws_retro_v30
2017-08-27,1.1433333077778418,nws_retro_v30
2017-08-28,1.1354166412881266,nws_retro_v30
2017-08-29,1.1279166414557646,nws_retro_v30
2017-08-30,1.1199999749660492,nws_retro_v30
2017-08-31,1.1108333085042734,nws_retro_v30
2017-09-01,1.103749975329265,nws_retro_v30
2017-09-02,1.0966666421542566,nws_retro_v30
2017-09-03,1.0899999756366014,nws_retro_v30
2017-09-04,1.0799999758601189,nws_retro_v30
2017-09-05,1.073333309342464,nws_retro_v30
2017-09-06,1.0666666428248088,nws_retro_v30
2017-09-07,1.0599999763071537,nws_retro_v30
2017-09-08,1.0504166431880246,nws_retro_v30
2017-09-09,1.0445833099850763,nws_retro_v30
2017-09-10,1.038749976782128,nws_retro_v30
2017-09-11,1.029999976977706,nws_retro_v30
2017-09-12,1.0229166438026975,nws_retro_v30
2017-09-13,1.0174999772571027,nws_retro_v30
2017-09-14,1.0099999774247408,nws_retro_v30
2017-09-15,1.0024999775923789,nws_retro_v30
2017-09-16,0.9974999777041376,nws_retro_v30
2017-09-17,0.9899999778717756,nws_retro_v30
2017-09-18,0.9824999780394137,nws_retro_v30
2017-09-19,0.9779166448085258,nws_retro_v30
2017-09-20,0.9699999783188104,nws_retro_v30
2017-09-21,0.9637499784585088,nws_retro_v30
2017-09-22,0.9595833118849746,nws_retro_v30
2017-09-23,0.9499999787658452,nws_retro_v30
2017-09-24,0.9458333121923109,nws_retro_v30
2017-09-25,0.9399999789893628,nws_retro_v30
2017-09-26,0.9320833124996474,nws_retro_v30
2017-09-27,0.9287499792408197,nws_retro_v30
2017-09-28,0.9199999794363976,nws_retro_v30
2017-09-29,0.9158333128628632,nws_retro_v30
2017-09-30,0.909999979659915,nws_retro_v30
2017-10-01,0.9029166464849064,nws_retro_v30
2017-10-02,0.8999999798834324,nws_retro_v30
2017-10-03,0.8904166467643032,nws_retro_v30
2017-10-04,0.8883333134775361,nws_retro_v30
2017-10-05,0.8799999803304672,nws_retro_v30
2017-10-06,0.8762499804142863,nws_retro_v30
2017-10-07,0.8699999805539846,nws_retro_v30
2017-10-08,0.863749980693683,nws_retro_v30
2017-10-09,0.8599999807775021,nws_retro_v30
2017-10-10,0.8524999809451401,nws_retro_v30
2017-10-11,0.8499999810010195,nws_retro_v30
2017-10-12,0.8412499811965972,nws_retro_v30
2017-10-13,0.8399999812245369,nws_retro_v30
2017-10-14,0.8308333147627612,nws_retro_v30
2017-10-15,0.8299999814480543,nws_retro_v30
2017-10-16,0.8204166483289251,nws_retro_v30
2017-10-17,0.8199999816715717,nws_retro_v30
2017-10-18,0.8104166485524426,nws_retro_v30
2017-10-19,0.8099999818950891,nws_retro_v30
2017-10-20,0.8029166487200806,nws_retro_v30
2017-10-21,0.8012499820906669,nws_retro_v30
2017-10-22,0.7920833156288912,nws_retro_v30
2017-10-23,0.789999982342124,nws_retro_v30
2017-10-24,0.782499982509762,nws_retro_v30
2017-10-25,0.7799999825656414,nws_retro_v30
2017-10-26,0.7737499827053398,nws_retro_v30
2017-10-27,0.7699999827891588,nws_retro_v30
2017-10-28,0.7654166495582709,nws_retro_v30
2017-10-29,0.7599999830126762,nws_retro_v30
2017-10-30,0.7574999830685556,nws_retro_v30
2017-10-31,0.7499999832361937,nws_retro_v30
2017-11-01,0.7499999832361937,nws_retro_v30
2017-11-02,0.7404166501170645,nws_retro_v30
2017-11-03,0.7399999834597111,nws_retro_v30
2017-11-04,0.7333333169420561,nws_retro_v30
2017-11-05,0.7299999836832285,nws_retro_v30
2017-11-06,0.7270833170817544,nws_retro_v30
2017-11-07,0.7199999839067459,nws_retro_v30
2017-11-08,0.7199999839067459,nws_retro_v30
2017-11-09,0.9558333119687935,nws_retro_v30
2017-11-10,0.8474999810568988,nws_retro_v30
2017-11-11,0.7141666507037977,nws_retro_v30
2017-11-12,0.6999999843537807,nws_retro_v30
2017-11-13,0.6999999843537807,nws_retro_v30
2017-11-14,0.6924999845214188,nws_retro_v30
2017-11-15,0.6899999845772982,nws_retro_v30
2017-11-16,1.0566666430483262,nws_retro_v30
2017-11-17,3.018333265868326,nws_retro_v30
2017-11-18,0.8974999799393117,nws_retro_v30
2017-11-19,0.6887499846052378,nws_retro_v30
2017-11-20,0.669999985024333,nws_retro_v30
2017-11-21,0.6683333183949193,nws_retro_v30
2017-11-22,0.6599999852478504,nws_retro_v30
2017-11-23,0.6599999852478504,nws_retro_v30
2017-11-24,0.655833318674316,nws_retro_v30
2017-11-25,0.6499999854713678,nws_retro_v30
2017-11-26,0.6645833184787383,nws_retro_v30
2017-11-27,0.7733333160479864,nws_retro_v30
2017-11-28,0.6433333189537128,nws_retro_v30
2017-11-29,0.6399999856948853,nws_retro_v30
2017-11-30,0.6329166525198767,nws_retro_v30
2017-12-01,0.6299999859184027,nws_retro_v30
2017-12-02,0.6299999859184027,nws_retro_v30
2017-12-03,0.6216666527713338,nws_retro_v30
2017-12-04,0.6199999861419201,nws_retro_v30
2017-12-05,0.6199999861419201,nws_retro_v30
2017-12-06,0.6112499863374978,nws_retro_v30
2017-12-07,0.6099999863654375,nws_retro_v30
2017-12-08,0.6099999863654375,nws_retro_v30
2017-12-09,0.6016666532183687,nws_retro_v30
2017-12-10,0.5999999865889549,nws_retro_v30
2017-12-11,0.5999999865889549,nws_retro_v30
2017-12-12,0.5929166534139464,nws_retro_v30
2017-12-13,0.5899999868124723,nws_retro_v30
2017-12-14,0.5899999868124723,nws_retro_v30
2017-12-15,0.5845833202668776,nws_retro_v30
2017-12-16,0.5799999870359898,nws_retro_v30
2017-12-17,0.5799999870359898,nws_retro_v30
2017-12-18,0.5770833204345157,nws_retro_v30
2017-12-19,0.5699999872595072,nws_retro_v30
2017-12-20,0.5699999872595072,nws_retro_v30
2017-12-21,0.5699999872595072,nws_retro_v30
2017-12-22,0.5599999874830246,nws_retro_v30
2017-12-23,0.5599999874830246,nws_retro_v30
2017-12-24,0.5599999874830246,nws_retro_v30
2017-12-25,0.553749987622723,nws_retro_v30
2017-12-26,0.549999987706542,nws_retro_v30
2017-12-27,0.549999987706542,nws_retro_v30
2017-12-28,0.5483333210771283,nws_retro_v30
2017-12-29,0.5399999879300594,nws_retro_v30
2017-12-30,0.5399999879300594,nws_retro_v30
2017-12-31,0.5399999879300594,nws_retro_v30
2018-01-01,0.5337499880697578,nws_retro_v30
2018-01-02,0.5299999881535769,nws_retro_v30
2018-01-03,0.5299999881535769,nws_retro_v30
2018-01-04,0.5299999881535769,nws_retro_v30
2018-01-05,0.5362499880138785,nws_retro_v30
2018-01-06,0.525416654922689,nws_retro_v30
2018-01-07,0.5199999883770943,nws_retro_v30
2018-01-08,0.6399999856948853,nws_retro_v30
2018-01-09,5.764166537827502,nws_retro_v30
2018-01-10,1.516666632766525,nws_retro_v30
2018-01-11,0.5929166534139464,nws_retro_v30
2018-01-12,0.5141666551741461,nws_retro_v30
2018-01-13,0.5158333218035599,nws_retro_v30
2018-01-14,0.500833322138836,nws_retro_v30
2018-01-15,0.5070833219991376,nws_retro_v30
2018-01-16,0.5099999886006117,nws_retro_v30
2018-01-17,0.5004166554814825,nws_retro_v30
2018-01-18,0.5308333214682838,nws_retro_v30
2018-01-19,0.5699999872595072,nws_retro_v30
2018-01-20,0.514999988488853,nws_retro_v30
2018-01-21,0.490416655705,nws_retro_v30
2018-01-22,0.5087499886285514,nws_retro_v30
2018-01-23,0.5154166551462064,nws_retro_v30
2018-01-24,0.4899999890476465,nws_retro_v30
2018-01-25,1.0712499760556966,nws_retro_v30
2018-01-26,0.6479166521846006,nws_retro_v30
2018-01-27,0.508333321971198,nws_retro_v30
2018-01-28,0.4899999890476465,nws_retro_v30
2018-01-29,0.48249998921528453,nws_retro_v30
2018-01-30,0.4699999894946813,nws_retro_v30
2018-01-31,0.46166665634761256,nws_retro_v30
2018-02-01,0.4599999897181988,nws_retro_v30
2018-02-02,0.4599999897181988,nws_retro_v30
2018-02-03,0.4599999897181988,nws_retro_v30
2018-02-04,0.4599999897181988,nws_retro_v30
2018-02-05,0.45166665657113,nws_retro_v30
2018-02-06,0.4499999899417162,nws_retro_v30
2018-02-07,0.4499999899417162,nws_retro_v30
2018-02-08,0.4499999899417162,nws_retro_v30
2018-02-09,0.4499999899417162,nws_retro_v30
2018-02-10,0.4466666566828887,nws_retro_v30
2018-02-11,0.4399999901652336,nws_retro_v30
2018-02-12,0.4399999901652336,nws_retro_v30
2018-02-13,0.4399999901652336,nws_retro_v30
2018-02-14,0.4399999901652336,nws_retro_v30
2018-02-15,0.4399999901652336,nws_retro_v30
2018-02-16,0.433749990304932,nws_retro_v30
2018-02-17,0.429999990388751,nws_retro_v30
2018-02-18,0.429999990388751,nws_retro_v30
2018-02-19,0.429999990388751,nws_retro_v30
2018-02-20,0.429999990388751,nws_retro_v30
2018-02-21,0.4283333237593372,nws_retro_v30
2018-02-22,0.4199999906122684,nws_retro_v30
2018-02-23,0.4199999906122684,nws_retro_v30
2018-02-24,0.4199999906122684,nws_retro_v30
2018-02-25,0.4199999906122684,nws_retro_v30
2018-02-26,0.44499999005347485,nws_retro_v30
2018-02-27,0.42624999047257,nws_retro_v30
2018-02-28,0.4104166574931392,nws_retro_v30
2018-03-01,2.0462499542627484,nws_retro_v30
2018-03-02,2.884166602200518,nws_retro_v30
2018-03-03,0.8383333145951232,nws_retro_v30
2018-03-04,0.521666655006508,nws_retro_v30
2018-03-05,0.5133333218594393,nws_retro_v30
2018-03-06,0.4237499905284494,nws_retro_v30
2018-03-07,0.47166665612409503,nws_retro_v30
2018-03-08,0.4533333232005437,nws_retro_v30
2018-03-09,0.43416665696228546,nws_retro_v30
2018-03-10,0.4191666572975615,nws_retro_v30
2018-03-11,0.40958332417843235,nws_retro_v30
2018-03-12,0.3999999910593033,nws_retro_v30
2018-03-13,3.107083263884609,nws_retro_v30
2018-03-14,2.777083271260684,nws_retro_v30
2018-03-15,2.579583275675153,nws_retro_v30
2018-03-16,3.2549999272450805,nws_retro_v30
2018-03-17,1.3004166376000892,nws_retro_v30
2018-03-18,1.1024999753572047,nws_retro_v30
2018-03-19,1.0308333102924128,nws_retro_v30
2018-03-20,1.1383333078896005,nws_retro_v30
2018-03-21,2.5266666101912656,nws_retro_v30
2018-03-22,15.656666316712895,nws_retro_v30
2018-03-23,5.924166534251223,nws_retro_v30
2018-03-24,3.062916598205144,nws_retro_v30
2018-03-25,3.727083250026529,nws_retro_v30
2018-03-26,3.1658332625714443,nws_retro_v30
2018-03-27,2.9287499345373362,nws_retro_v30
2018-03-28,2.78874993766658,nws_retro_v30
2018-03-29,2.612916608263428,nws_retro_v30
2018-03-30,2.4149999460205436,nws_retro_v30
2018-03-31,2.2495832830512277,nws_retro_v30
2018-04-01,2.059166620640705,nws_retro_v30
2018-04-02,1.7362499611917883,nws_retro_v30
2018-04-03,1.5804166313416015,nws_retro_v30
2018-04-04,1.3970833021060873,nws_retro_v30
2018-04-05,1.343749969964847,nws_retro_v30
2018-04-06,2.3516666141028204,nws_retro_v30
2018-04-07,19.18541623783919,nws_retro_v30
2018-04-08,4.652499896008521,nws_retro_v30
2018-04-09,2.4791666112529733,nws_retro_v30
2018-04-10,2.4462499453220516,nws_retro_v30
2018-04-11,2.3829166134043285,nws_retro_v30
2018-04-12,4.006666577110688,nws_retro_v30
2018-04-13,2.7174999392591417,nws_retro_v30
2018-04-14,2.181249951245263,nws_retro_v30
2018-04-15,1.8424999588169158,nws_retro_v30
2018-04-16,2.114583286068713,nws_retro_v30
2018-04-17,2.6087499416898936,nws_retro_v30
2018-04-18,1.7654166272065293,nws_retro_v30
2018-04-19,1.6033332974960406,nws_retro_v30
2018-04-20,1.3895833022737254,nws_retro_v30
2018-04-21,1.2037499730940908,nws_retro_v30
2018-04-22,1.079166642545412,nws_retro_v30
2018-04-23,0.9491666454511384,nws_retro_v30
2018-04-24,0.8879166468201826,nws_retro_v30
2018-04-25,0.857083314176028,nws_retro_v30
2018-04-26,0.8574999808333814,nws_retro_v30
2018-04-27,0.8295833147907009,nws_retro_v30
2018-04-28,0.8187499816995114,nws_retro_v30
2018-04-29,0.8204166483289251,nws_retro_v30
2018-04-30,0.8083333152656754,nws_retro_v30
2018-05-01,0.789999982342124,nws_retro_v30
2018-05-02,0.7733333160479864,nws_retro_v30
2018-05-03,0.747499983292073,nws_retro_v30
2018-05-04,0.7358333168861767,nws_retro_v30
2018-05-05,0.7195833172493925,nws_retro_v30
2018-05-06,0.7137499840464443,nws_retro_v30
2018-05-07,0.7120833174170306,nws_retro_v30
2018-05-08,0.7054166508993754,nws_retro_v30
2018-05-09,0.702083317640548,nws_retro_v30
2018-05-10,0.6999999843537807,nws_retro_v30
2018-05-11,0.694583317808186,nws_retro_v30
2018-05-12,0.6908333178920051,nws_retro_v30
2018-05-13,0.6899999845772982,nws_retro_v30
2018-05-14,0.6849999846890569,nws_retro_v30
2018-05-15,0.6824999847449362,nws_retro_v30
2018-05-16,0.6799999848008156,nws_retro_v30
2018-05-17,0.6795833181434622,nws_retro_v30
2018-05-18,0.669999985024333,nws_retro_v30
2018-05-19,0.669999985024333,nws_retro_v30
2018-05-20,0.669999985024333,nws_retro_v30
2018-05-21,0.6649999851360917,nws_retro_v30
2018-05-22,0.6599999852478504,nws_retro_v30
2018-05-23,0.6599999852478504,nws_retro_v30
2018-05-24,0.6583333186184367,nws_retro_v30
2018-05-25,0.6499999854713678,nws_retro_v30
2018-05-26,0.6499999854713678,nws_retro_v30
2018-05-27,0.6499999854713678,nws_retro_v30
2018-05-28,0.6404166523522387,nws_retro_v30
2018-05-29,0.6399999856948853,nws_retro_v30
2018-05-30,0.6399999856948853,nws_retro_v30
2018-05-31,0.6308333192331096,nws_retro_v30
2018-06-01,0.6299999859184027,nws_retro_v30
2018-06-02,0.6299999859184027,nws_retro_v30
2018-06-03,0.620833319456627,nws_retro_v30
2018-06-04,0.6199999861419201,nws_retro_v30
2018-06-05,0.6199999861419201,nws_retro_v30
2018-06-06,0.6108333196801444,nws_retro_v30
2018-06-07,0.6099999863654375,nws_retro_v30
2018-06-08,0.6099999863654375,nws_retro_v30
2018-06-09,0.6004166532463083,nws_retro_v30
2018-06-10,0.5999999865889549,nws_retro_v30
2018-06-11,0.5999999865889549,nws_retro_v30
2018-06-12,0.5899999868124723,nws_retro_v30
2018-06-13,0.5899999868124723,nws_retro_v30
2018-06-14,0.5899999868124723,nws_retro_v30
2018-06-15,0.5799999870359898,nws_retro_v30
2018-06-16,0.5799999870359898,nws_retro_v30
2018-06-17,0.5799999870359898,nws_retro_v30
2018-06-18,0.5699999872595072,nws_retro_v30
2018-06-19,0.5699999872595072,nws_retro_v30
2018-06-20,0.5699999872595072,nws_retro_v30
2018-06-21,0.5608333207977315,nws_retro_v30
2018-06-22,0.5599999874830246,nws_retro_v30
2018-06-23,0.5599999874830246,nws_retro_v30
2018-06-24,0.5516666543359557,nws_retro_v30
2018-06-25,0.549999987706542,nws_retro_v30
2018-06-26,0.549999987706542,nws_retro_v30
2018-06-27,0.5437499878462404,nws_retro_v30
2018-06-28,0.5399999879300594,nws_retro_v30
2018-06-29,0.5399999879300594,nws_retro_v30
2018-06-30,0.5358333213565251,nws_retro_v30
2018-07-01,0.5299999881535769,nws_retro_v30
2018-07-02,0.5299999881535769,nws_retro_v30
2018-07-03,0.5291666548388699,nws_retro_v30
2018-07-04,0.5199999883770943,nws_retro_v30
2018-07-05,0.5199999883770943,nws_retro_v30
2018-07-06,0.5199999883770943,nws_retro_v30
2018-07-07,0.5129166552020857,nws_retro_v30
2018-07-08,0.5099999886006117,nws_retro_v30
2018-07-09,0.5099999886006117,nws_retro_v30
2018-07-10,0.5079166553138444,nws_retro_v30
2018-07-11,0.4999999888241291,nws_retro_v30
2018-07-12,0.4999999888241291,nws_retro_v30
2018-07-13,0.4999999888241291,nws_retro_v30
2018-07-14,0.49333332230647403,nws_retro_v30
2018-07-15,0.4899999890476465,nws_retro_v30
2018-07-16,0.4899999890476465,nws_retro_v30
2018-07-17,0.4899999890476465,nws_retro_v30
2018-07-18,0.4799999892711639,nws_retro_v30
2018-07-19,0.4799999892711639,nws_retro_v30
2018-07-20,0.4799999892711639,nws_retro_v30
2018-07-21,0.4770833226696898,nws_retro_v30
2018-07-22,0.4699999894946813,nws_retro_v30
2018-07-23,0.4699999894946813,nws_retro_v30
2018-07-24,0.4699999894946813,nws_retro_v30
2018-07-25,0.46583332292114693,nws_retro_v30
2018-07-26,0.4599999897181988,nws_retro_v30
2018-07-27,0.4599999897181988,nws_retro_v30
2018-07-28,0.4599999897181988,nws_retro_v30
2018-07-29,0.45541665648731094,nws_retro_v30
2018-07-30,0.4499999899417162,nws_retro_v30
2018-07-31,0.4499999899417162,nws_retro_v30
2018-08-01,0.4499999899417162,nws_retro_v30
2018-08-02,0.4466666566828887,nws_retro_v30
2018-08-03,0.4399999901652336,nws_retro_v30
2018-08-04,0.4399999901652336,nws_retro_v30
2018-08-05,0.4399999901652336,nws_retro_v30
2018-08-06,0.43916665685052675,nws_retro_v30
2018-08-07,0.429999990388751,nws_retro_v30
2018-08-08,0.429999990388751,nws_retro_v30
2018-08-09,0.429999990388751,nws_retro_v30
2018-08-10,0.429999990388751,nws_retro_v30
2018-08-11,0.42291665721374244,nws_retro_v30
2018-08-12,0.4199999906122684,nws_retro_v30
2018-08-13,0.4199999906122684,nws_retro_v30
2018-08-14,0.4199999906122684,nws_retro_v30
2018-08-15,0.4183333239828546,nws_retro_v30
2018-08-16,0.4099999908357858,nws_retro_v30
2018-08-17,0.4099999908357858,nws_retro_v30
2018-08-18,0.4099999908357858,nws_retro_v30
2018-08-19,0.4099999908357858,nws_retro_v30
2018-08-20,0.4049999909475446,nws_retro_v30
2018-08-21,0.3999999910593033,nws_retro_v30
2018-08-22,0.3999999910593033,nws_retro_v30
2018-08-23,0.3999999910593033,nws_retro_v30
2018-08-24,0.3999999910593033,nws_retro_v30
2018-08-25,0.3933333245416482,nws_retro_v30
2018-08-26,0.3899999912828207,nws_retro_v30
2018-08-27,0.3899999912828207,nws_retro_v30
2018-08-28,0.3899999912828207,nws_retro_v30
2018-08-29,0.3899999912828207,nws_retro_v30
2018-08-30,0.38333332476516563,nws_retro_v30
2018-08-31,0.3799999915063381,nws_retro_v30
2018-09-01,0.3799999915063381,nws_retro_v30
2018-09-02,0.3799999915063381,nws_retro_v30
2018-09-03,0.3799999915063381,nws_retro_v30
2018-09-04,0.3754166582754503,nws_retro_v30
2018-09-05,0.3699999917298555,nws_retro_v30
2018-09-06,0.3699999917298555,nws_retro_v30
2018-09-07,0.3699999917298555,nws_retro_v30
2018-09-08,0.3699999917298555,nws_retro_v30
2018-09-09,0.36916665841514856,nws_retro_v30
2018-09-10,0.3599999919533729,nws_retro_v30
2018-09-11,0.3599999919533729,nws_retro_v30
2018-09-12,0.3599999919533729,nws_retro_v30
2018-09-13,0.3599999919533729,nws_retro_v30
2018-09-14,0.3599999919533729,nws_retro_v30
2018-09-15,0.3545833254077782,nws_retro_v30
2018-09-16,0.3499999921768904,nws_retro_v30
2018-09-17,0.3499999921768904,nws_retro_v30
2018-09-18,0.3499999921768904,nws_retro_v30
2018-09-19,0.3499999921768904,nws_retro_v30
2018-09-20,0.3499999921768904,nws_retro_v30
2018-09-21,0.34249999234452844,nws_retro_v30
2018-09-22,0.3399999924004078,nws_retro_v30
2018-09-23,0.3399999924004078,nws_retro_v30
2018-09-24,0.3399999924004078,nws_retro_v30
2018-09-25,0.3399999924004078,nws_retro_v30
2018-09-26,0.3399999924004078,nws_retro_v30
2018-09-27,0.33249999256804585,nws_retro_v30
2018-09-28,0.3299999926239252,nws_retro_v30
2018-09-29,0.3299999926239252,nws_retro_v30
2018-09-30,0.3299999926239252,nws_retro_v30
2018-10-01,0.3299999926239252,nws_retro_v30
2018-10-02,0.3299999926239252,nws_retro_v30
2018-10-03,0.3249999927356839,nws_retro_v30
2018-10-04,0.3199999928474426,nws_retro_v30
2018-10-05,0.3199999928474426,nws_retro_v30
2018-10-06,0.3199999928474426,nws_retro_v30
2018-10-07,0.3199999928474426,nws_retro_v30
2018-10-08,0.3199999928474426,nws_retro_v30
2018-10-09,0.3199999928474426,nws_retro_v30
2018-10-10,0.30999999307096,nws_retro_v30
2018-10-11,0.30999999307096,nws_retro_v30
2018-10-12,0.30999999307096,nws_retro_v30
2018-10-13,0.30999999307096,nws_retro_v30
2018-10-14,0.30999999307096,nws_retro_v30
2018-10-15,0.30999999307096,nws_retro_v30
2018-10-16,0.30791665978419275,nws_retro_v30
2018-10-17,0.2999999932944774,nws_retro_v30
2018-10-18,0.2999999932944774,nws_retro_v30
2018-10-19,0.2999999932944774,nws_retro_v30
2018-10-20,0.2999999932944774,nws_retro_v30
2018-10-21,0.2999999932944774,nws_retro_v30
2018-10-22,0.2999999932944774,nws_retro_v30
2018-10-23,0.2987499933224171,nws_retro_v30
2018-10-24,0.2899999935179949,nws_retro_v30
2018-10-25,0.2899999935179949,nws_retro_v30
2018-10-26,0.2899999935179949,nws_retro_v30
2018-10-27,0.2899999935179949,nws_retro_v30
2018-10-28,0.2899999935179949,nws_retro_v30
2018-10-29,0.2899999935179949,nws_retro_v30
2018-10-30,0.2899999935179949,nws_retro_v30
2018-10-31,0.28249999368563294,nws_retro_v30
2018-11-01,0.2799999937415123,nws_retro_v30
2018-11-02,0.2799999937415123,nws_retro_v30
2018-11-03,0.2799999937415123,nws_retro_v30
2018-11-04,0.2799999937415123,nws_retro_v30
2018-11-05,0.2799999937415123,nws_retro_v30
2018-11-06,0.2799999937415123,nws_retro_v30
2018-11-07,0.27958332708415884,nws_retro_v30
2018-11-08,0.2699999939650297,nws_retro_v30
2018-11-09,0.2699999939650297,nws_retro_v30
2018-11-10,0.2699999939650297,nws_retro_v30
2018-11-11,0.2699999939650297,nws_retro_v30
2018-11-12,0.2699999939650297,nws_retro_v30
2018-11-13,0.2699999939650297,nws_retro_v30
2018-11-14,0.2699999939650297,nws_retro_v30
2018-11-15,0.2699999939650297,nws_retro_v30
2018-11-16,0.2599999941885471,nws_retro_v30
2018-11-17,0.2599999941885471,nws_retro_v30
2018-11-18,0.2599999941885471,nws_retro_v30
2018-11-19,0.2599999941885471,nws_retro_v30
2018-11-20,0.2599999941885471,nws_retro_v30
2018-11-21,0.4354166569343458,nws_retro_v30
2018-11-22,1.339999970048666,nws_retro_v30
2018-11-23,0.7254166504523406,nws_retro_v30
2018-11-24,0.3266666593650977,nws_retro_v30
2018-11-25,0.2566666609297195,nws_retro_v30
2018-11-26,0.24999999441206447,nws_retro_v30
2018-11-27,0.24999999441206447,nws_retro_v30
2018-11-28,0.267499994020909,nws_retro_v30
2018-11-29,2.824583270198976,nws_retro_v30
2018-11-30,1.2779166381030034,nws_retro_v30
2018-12-01,0.32499999273568386,nws_retro_v30
2018-12-02,0.2512499943841248,nws_retro_v30
2018-12-03,0.24791666112529728,nws_retro_v30
2018-12-04,0.2399999946355819,nws_retro_v30
2018-12-05,0.2529166610135386,nws_retro_v30
2018-12-06,0.2399999946355819,nws_retro_v30
2018-12-07,0.2399999946355819,nws_retro_v30
2018-12-08,0.2399999946355819,nws_retro_v30
2018-12-09,0.2399999946355819,nws_retro_v30
2018-12-10,0.2399999946355819,nws_retro_v30
2018-12-11,0.2399999946355819,nws_retro_v30
2018-12-12,0.2399999946355819,nws_retro_v30
2018-12-13,0.23166666148851314,nws_retro_v30
2018-12-14,0.23083332817380628,nws_retro_v30
2018-12-15,0.23166666148851314,nws_retro_v30
2018-12-16,0.2299999948590994,nws_retro_v30
2018-12-17,1.085833309063067,nws_retro_v30
2018-12-18,0.37791665821957093,nws_retro_v30
2018-12-19,0.2366666613767544,nws_retro_v30
2018-12-20,0.2299999948590994,nws_retro_v30
2018-12-21,0.2299999948590994,nws_retro_v30
2018-12-22,0.2299999948590994,nws_retro_v30
2018-12-23,0.22541666162821153,nws_retro_v30
2018-12-24,0.2199999950826168,nws_retro_v30
2018-12-25,0.39749999111518264,nws_retro_v30
2018-12-26,0.25749999424442643,nws_retro_v30
2018-12-27,0.22249999502673745,nws_retro_v30
2018-12-28,0.2199999950826168,nws_retro_v30
2018-12-29,0.2199999950826168,nws_retro_v30
2018-12-30,0.2199999950826168,nws_retro_v30
2018-12-31,0.2199999950826168,nws_retro_v30
2019-01-01,0.2199999950826168,nws_retro_v30
2019-01-02,0.2199999950826168,nws_retro_v30
2019-01-03,0.2199999950826168,nws_retro_v30
2019-01-04,0.21458332853702208,nws_retro_v30
2019-01-05,0.377083324904864,nws_retro_v30
2019-01-06,2.363333280508717,nws_retro_v30
2019-01-07,22.587499495130032,nws_retro_v30
2019-01-08,1.5966666309783857,nws_retro_v30
2019-01-09,2.3724999469704926,nws_retro_v30
2019-01-10,1.5049999663606286,nws_retro_v30
2019-01-11,0.5170833217756202,nws_retro_v30
2019-01-12,1.047083309929197,nws_retro_v30
2019-01-13,0.5129166552020857,nws_retro_v30
2019-01-14,0.4920833223344137,nws_retro_v30
2019-01-15,4.60874989698641,nws_retro_v30
2019-01-16,13.909999689087272,nws_retro_v30
2019-01-17,40.719165756522365,nws_retro_v30
2019-01-18,8.620416473985339,nws_retro_v30
2019-01-19,8.388333145839473,nws_retro_v30
2019-01-20,9.10833312974622,nws_retro_v30
2019-01-21,18.20124959317036,nws_retro_v30
2019-01-22,9.752499782014638,nws_retro_v30
2019-01-23,8.429999811574817,nws_retro_v30
2019-01-24,7.7879164925931645,nws_retro_v30
2019-01-25,7.197916505780692,nws_retro_v30
2019-01-26,6.773333181937535,nws_retro_v30
2019-01-27,6.053749864688143,nws_retro_v30
2019-01-28,5.368749879999086,nws_retro_v30
2019-01-29,4.837916558530803,nws_retro_v30
2019-01-30,4.564166564649592,nws_retro_v30
2019-01-31,10.516249764943495,nws_retro_v30
2019-02-01,6.276666526372234,nws_retro_v30
2019-02-02,34.39083256463831,nws_retro_v30
2019-02-03,59.32124867406674,nws_retro_v30
2019-02-04,65.42083187106375,nws_retro_v30
2019-02-05,43.54083236011987,nws_retro_v30
2019-02-06,23.56208280667973,nws_retro_v30
2019-02-07,21.531666185396414,nws_retro_v30
2019-02-08,20.75999953597784,nws_retro_v30
2019-02-09,37.06958250476358,nws_retro_v30
2019-02-10,37.29416583307708,nws_retro_v30
2019-02-11,18.899582910894726,nws_retro_v30
2019-02-12,14.458749676821753,nws_retro_v30
2019-02-13,84.02249812195078,nws_retro_v30
2019-02-14,60.99833196991434,nws_retro_v30
2019-02-15,59.806665329883494,nws_retro_v30
2019-02-16,43.84291568670111,nws_retro_v30
2019-02-17,39.93291577409642,nws_retro_v30
2019-02-18,25.927499420475215,nws_retro_v30
2019-02-19,20.153749549528584,nws_retro_v30
2019-02-20,18.561249585123733,nws_retro_v30
2019-02-21,16.01083297546332,nws_retro_v30
2019-02-22,13.132499706465751,nws_retro_v30
2019-02-23,12.056249730521813,nws_retro_v30
2019-02-24,11.539166408746192,nws_retro_v30
2019-02-25,10.966666421542564,nws_retro_v30
2019-02-26,11.563333074872693,nws_retro_v30
2019-02-27,64.67874855431728,nws_retro_v30
2019-02-28,19.127082905809704,nws_retro_v30
2019-03-01,12.619583051263666,nws_retro_v30
2019-03-02,37.26583250037705,nws_retro_v30
2019-03-03,24.18458279276577,nws_retro_v30
2019-03-04,17.11999961733818,nws_retro_v30
2019-03-05,13.990416353956485,nws_retro_v30
2019-03-06,64.02833190218855,nws_retro_v30
2019-03-07,27.414166053912293,nws_retro_v30
2019-03-08,18.353332923104364,nws_retro_v30
2019-03-09,20.294166213056695,nws_retro_v30
2019-03-10,28.201666036310296,nws_retro_v30
2019-03-11,17.203332948808868,nws_retro_v30
2019-03-12,13.272083036679154,nws_retro_v30
2019-03-13,11.818749735830352,nws_retro_v30
2019-03-14,10.7166664271305,nws_retro_v30
2019-03-15,9.599166452108571,nws_retro_v30
2019-03-16,8.737499804701656,nws_retro_v30
2019-03-17,7.713749827584252,nws_retro_v30
2019-03-18,6.899999845772982,nws_retro_v30
2019-03-19,6.357083191241448,nws_retro_v30
2019-03-20,14.412499677855521,nws_retro_v30
2019-03-21,9.609166451885054,nws_retro_v30
2019-03-22,7.402499834541231,nws_retro_v30
2019-03-23,17.347916278910514,nws_retro_v30
2019-03-24,9.001666465463737,nws_retro_v30
2019-03-25,6.946249844739214,nws_retro_v30
2019-03-26,18.10291626203495,nws_retro_v30
2019-03-27,11.915833066993704,nws_retro_v30
2019-03-28,12.526666386673847,nws_retro_v30
2019-03-29,8.141666484686235,nws_retro_v30
2019-03-30,6.936666511620085,nws_retro_v30
2019-03-31,6.120416529864694,nws_retro_v30
2019-04-01,5.521666543247799,nws_retro_v30
2019-04-02,8.397083145643895,nws_retro_v30
2019-04-03,7.249583171292518,nws_retro_v30
2019-04-04,6.511249854462221,nws_retro_v30
2019-04-05,7.60458316335765,nws_retro_v30
2019-04-06,8.281666481556991,nws_retro_v30
2019-04-07,6.411666523354749,nws_retro_v30
2019-04-08,4.987499888520688,nws_retro_v30
2019-04-09,4.379583235442017,nws_retro_v30
2019-04-10,4.06749990908429,nws_retro_v30
2019-04-11,3.8599999137222767,nws_retro_v30
2019-04-12,3.9166665791223445,nws_retro_v30
2019-04-13,3.8741665800722935,nws_retro_v30
2019-04-14,3.640833251954367,nws_retro_v30
2019-04-15,3.5341665876718857,nws_retro_v30
2019-04-16,4.234166572025667,nws_retro_v30
2019-04-17,3.814166581413398,nws_retro_v30
2019-04-18,3.45833325603356,nws_retro_v30
2019-04-19,3.217916594740624,nws_retro_v30
2019-04-20,3.1466665963331857,nws_retro_v30
2019-04-21,3.1545832628229014,nws_retro_v30
2019-04-22,3.054999931715429,nws_retro_v30
2019-04-23,2.9491666007476547,nws_retro_v30
2019-04-24,2.8754166023960956,nws_retro_v30
2019-04-25,2.816249937051907,nws_retro_v30
2019-04-26,2.749583271875357,nws_retro_v30
2019-04-27,2.7129166060282537,nws_retro_v30
2019-04-28,2.7091666061120727,nws_retro_v30
2019-04-29,2.6804166067546853,nws_retro_v30
2019-04-30,2.6454166075369963,nws_retro_v30
2019-05-01,2.60708327506048,nws_retro_v30
2019-05-02,2.5633332760383687,nws_retro_v30
2019-05-03,2.524166610247145,nws_retro_v30
2019-05-04,2.49083327765887,nws_retro_v30
2019-05-05,2.4658332782176635,nws_retro_v30
2019-05-06,2.4383332788323364,nws_retro_v30
2019-05-07,2.4141666127058365,nws_retro_v30
2019-05-08,2.389583279921984,nws_retro_v30
2019-05-09,2.366249947110191,nws_retro_v30
2019-05-10,2.3412499476689845,nws_retro_v30
2019-05-11,2.315833281570425,nws_retro_v30
2019-05-12,2.2899999488145117,nws_retro_v30
2019-05-13,2.266666616002719,nws_retro_v30
2019-05-14,2.2429166165335723,nws_retro_v30
2019-05-15,2.4070832795308283,nws_retro_v30
2019-05-16,6.2433331937839585,nws_retro_v30
2019-05-17,2.580833275647213,nws_retro_v30
2019-05-18,2.188749951077625,nws_retro_v30
2019-05-19,5.099583219348763,nws_retro_v30
2019-05-20,3.0083332660918436,nws_retro_v30
2019-05-21,2.2799999490380287,nws_retro_v30
2019-05-22,2.419166612594078,nws_retro_v30
2019-05-23,2.296666615332166,nws_retro_v30
2019-05-24,2.201249950798228,nws_retro_v30
2019-05-25,2.1945832842805735,nws_retro_v30
2019-05-26,2.2329166167570897,nws_retro_v30
2019-05-27,2.2762499491218477,nws_retro_v30
2019-05-28,2.136666618908445,nws_retro_v30
2019-05-29,2.075833286934843,nws_retro_v30
2019-05-30,2.025416621395076,nws_retro_v30
2019-05-31,1.9774999557994308,nws_retro_v30
2019-06-01,1.9537499563302845,nws_retro_v30
2019-06-02,1.9341666234346728,nws_retro_v30
2019-06-03,1.915833290511121,nws_retro_v30
2019-06-04,1.8970832909302162,nws_retro_v30
2019-06-05,1.8770832913772513,nws_retro_v30
2019-06-06,1.8637499583419412,nws_retro_v30
2019-06-07,1.8487499586772174,nws_retro_v30
2019-06-08,1.8329166256977867,nws_retro_v30
2019-06-09,1.816249959403649,nws_retro_v30
2019-06-10,1.8024999597109854,nws_retro_v30
2019-06-11,1.7862499600742012,nws_retro_v30
2019-06-12,1.7716666270668309,nws_retro_v30
2019-06-13,1.7558332940874,nws_retro_v30
2019-06-14,1.7416666277373831,nws_retro_v30
2019-06-15,1.7258332947579522,nws_retro_v30
2019-06-16,1.7116666284079354,nws_retro_v30
2019-06-17,1.696249962085858,nws_retro_v30
2019-06-18,1.6824999623931944,nws_retro_v30
2019-06-19,1.6666666294137638,nws_retro_v30
2019-06-20,1.6533332963784535,nws_retro_v30
2019-06-21,1.6374999633990228,nws_retro_v30
2019-06-22,1.6241666303637128,nws_retro_v30
2019-06-23,1.609583297356342,nws_retro_v30
2019-06-24,1.5954166310063254,nws_retro_v30
2019-06-25,1.5829166312857221,nws_retro_v30
2019-06-26,1.5674999649636447,nws_retro_v30
2019-06-27,1.554583298585688,nws_retro_v30
2019-06-28,1.5416666322077315,nws_retro_v30
2019-06-29,1.527083299200361,nws_retro_v30
2019-06-30,1.5149999661371112,nws_retro_v30
2019-07-01,1.5024999664165077,nws_retro_v30
2019-07-02,1.488333300066491,nws_retro_v30
2019-07-03,1.4758333003458877,nws_retro_v30
2019-07-04,1.4641666339399915,nws_retro_v30
2019-07-05,1.4520833008767415,nws_retro_v30
2019-07-06,1.438333301184078,nws_retro_v30
2019-07-07,1.4266666347781818,nws_retro_v30
2019-07-08,1.4149999683722854,nws_retro_v30
2019-07-09,1.4037499686237425,nws_retro_v30
2019-07-10,1.392083302217846,nws_retro_v30
2019-07-11,1.3804166358119498,nws_retro_v30
2019-07-12,1.3683333027486997,nws_retro_v30
2019-07-13,1.3574999696575105,nws_retro_v30
2019-07-14,1.3462499699089676,nws_retro_v30
2019-07-15,1.3354166368177782,nws_retro_v30
2019-07-16,1.3245833037265886,nws_retro_v30
2019-07-17,1.3141666372927527,nws_retro_v30
2019-07-18,1.3037499708589169,nws_retro_v30
2019-07-19,1.2929166377677273,nws_retro_v30
2019-07-20,1.2829166379912447,nws_retro_v30
2019-07-21,1.2724999715574086,nws_retro_v30
2019-07-22,1.2624999717809258,nws_retro_v30
2019-07-23,1.2524999720044434,nws_retro_v30
2019-07-24,1.2429166388853143,nws_retro_v30
2019-07-25,1.2329166391088318,nws_retro_v30
2019-07-26,1.2233333059897025,nws_retro_v30
2019-07-27,1.214166639527927,nws_retro_v30
2019-07-28,1.2045833064087978,nws_retro_v30
2019-07-29,1.195416639947022,nws_retro_v30
2019-07-30,1.1866666401425998,nws_retro_v30
2019-07-31,1.1774999736808243,nws_retro_v30
2019-08-01,1.1691666405337553,nws_retro_v30
2019-08-02,1.1599999740719795,nws_retro_v30
2019-08-03,1.1504166409528505,nws_retro_v30
2019-08-04,1.1420833078057815,nws_retro_v30
2019-08-05,1.1337499746587127,nws_retro_v30
2019-08-06,1.1258333081689973,nws_retro_v30
2019-08-07,1.117916641679282,nws_retro_v30
2019-08-08,1.1099999751895666,nws_retro_v30
2019-08-09,1.099999975413084,nws_retro_v30
2019-08-10,1.092499975580722,nws_retro_v30
2019-08-11,1.0849999757483602,nws_retro_v30
2019-08-12,1.0779166425733517,nws_retro_v30
2019-08-13,1.0699999760836365,nws_retro_v30
2019-08-14,1.0608333096218605,nws_retro_v30
2019-08-15,1.053749976446852,nws_retro_v30
2019-08-16,1.047083309929197,nws_retro_v30
2019-08-17,1.0399999767541883,nws_retro_v30
2019-08-18,1.0308333102924128,nws_retro_v30
2019-08-19,1.0245833104321111,nws_retro_v30
2019-08-20,1.0183333105718095,nws_retro_v30
2019-08-21,1.0099999774247408,nws_retro_v30
2019-08-22,1.0024999775923789,nws_retro_v30
2019-08-23,0.9970833110467842,nws_retro_v30
2019-08-24,0.9899999778717756,nws_retro_v30
2019-08-25,0.9816666447247068,nws_retro_v30
2019-08-26,0.9762499781791121,nws_retro_v30
2019-08-27,0.9699999783188104,nws_retro_v30
2019-08-28,0.9612499785143883,nws_retro_v30
2019-08-29,0.9566666452835003,nws_retro_v30
2019-08-30,0.9499999787658452,nws_retro_v30
2019-08-31,0.94208331227613,nws_retro_v30
2019-09-01,0.9379166457025955,nws_retro_v30
2019-09-02,0.92999997921288,nws_retro_v30
2019-09-03,0.9241666460099319,nws_retro_v30
2019-09-04,0.9199999794363976,nws_retro_v30
2019-09-05,0.9104166463172684,nws_retro_v30
2019-09-06,0.9070833130584409,nws_retro_v30
2019-09-07,0.8999999798834324,nws_retro_v30
2019-09-08,0.8937499800231308,nws_retro_v30
2019-09-09,0.8899999801069498,nws_retro_v30
2019-09-10,0.8808333136451741,nws_retro_v30
2019-09-11,0.8774999803863466,nws_retro_v30
2019-09-12,0.8699999805539846,nws_retro_v30
2019-09-13,0.8649999806657434,nws_retro_v30
2019-09-14,0.8599999807775021,nws_retro_v30
2019-09-15,0.8529166476024935,nws_retro_v30
2019-09-16,0.8499999810010195,nws_retro_v30
2019-09-17,0.8412499811965972,nws_retro_v30
2019-09-18,0.8399999812245369,nws_retro_v30
2019-09-19,0.8299999814480543,nws_retro_v30
2019-09-20,0.8291666481333474,nws_retro_v30
2019-09-21,0.8199999816715717,nws_retro_v30
2019-09-22,0.818333315042158,nws_retro_v30
2019-09-23,0.8099999818950891,nws_retro_v30
2019-09-24,0.8079166486083219,nws_retro_v30
2019-09-25,0.7999999821186066,nws_retro_v30
2019-09-26,0.7979166488318393,nws_retro_v30
2019-09-27,0.789999982342124,nws_retro_v30
2019-09-28,0.7883333157127103,nws_retro_v30
2019-09-29,0.7799999825656414,nws_retro_v30
2019-09-30,0.7791666492509345,nws_retro_v30
2019-10-01,0.7699999827891588,nws_retro_v30
2019-10-02,0.7699999827891588,nws_retro_v30
2019-10-03,0.7599999830126762,nws_retro_v30
2019-10-04,0.7599999830126762,nws_retro_v30
2019-10-05,0.7516666498656074,nws_retro_v30
2019-10-06,0.7499999832361937,nws_retro_v30
2019-10-07,0.743749983375892,nws_retro_v30
2019-10-08,0.7399999834597111,nws_retro_v30
2019-10-09,0.7358333168861767,nws_retro_v30
2019-10-10,0.7299999836832285,nws_retro_v30
2019-10-11,0.7287499837111682,nws_retro_v30
2019-10-12,0.7199999839067459,nws_retro_v30
2019-10-13,0.7199999839067459,nws_retro_v30
2019-10-14,0.7120833174170306,nws_retro_v30
2019-10-15,0.7099999841302633,nws_retro_v30
2019-10-16,0.705833317556729,nws_retro_v30
2019-10-17,0.6999999843537807,nws_retro_v30
2019-10-18,0.6999999843537807,nws_retro_v30
2019-10-19,0.6904166512346516,nws_retro_v30
2019-10-20,0.6899999845772982,nws_retro_v30
2019-10-21,0.6849999846890569,nws_retro_v30
2019-10-22,0.6799999848008156,nws_retro_v30
2019-10-23,0.6799999848008156,nws_retro_v30
2019-10-24,0.6704166516816864,nws_retro_v30
2019-10-25,0.669999985024333,nws_retro_v30
2019-10-26,0.666249985108152,nws_retro_v30
2019-10-27,0.6599999852478504,nws_retro_v30
2019-10-28,0.6599999852478504,nws_retro_v30
2019-10-29,0.6524999854154885,nws_retro_v30
2019-10-30,0.6499999854713678,nws_retro_v30
2019-10-31,0.6495833188140144,nws_retro_v30
2019-11-01,0.6399999856948853,nws_retro_v30
2019-11-02,0.6399999856948853,nws_retro_v30
2019-11-03,0.6370833190934112,nws_retro_v30
2019-11-04,0.6299999859184027,nws_retro_v30
2019-11-05,0.6299999859184027,nws_retro_v30
2019-11-06,0.6249999860301614,nws_retro_v30
2019-11-07,0.6199999861419201,nws_retro_v30
2019-11-08,0.6199999861419201,nws_retro_v30
2019-11-09,0.6137499862816185,nws_retro_v30
2019-11-10,0.6099999863654375,nws_retro_v30
2019-11-11,0.6099999863654375,nws_retro_v30
2019-11-12,0.6033333198477825,nws_retro_v30
2019-11-13,0.5999999865889549,nws_retro_v30
2019-11-14,0.5999999865889549,nws_retro_v30
2019-11-15,0.5933333200712999,nws_retro_v30
2019-11-16,0.5899999868124723,nws_retro_v30
2019-11-17,0.5899999868124723,nws_retro_v30
2019-11-18,0.5841666536095241,nws_retro_v30
2019-11-19,0.5799999870359898,nws_retro_v30
2019-11-20,0.5799999870359898,nws_retro_v30
2019-11-21,0.5754166538051019,nws_retro_v30
2019-11-22,0.5699999872595072,nws_retro_v30
2019-11-23,0.5699999872595072,nws_retro_v30
2019-11-24,0.5679166539727399,nws_retro_v30
2019-11-25,0.5599999874830246,nws_retro_v30
2019-11-26,0.5599999874830246,nws_retro_v30
2019-11-27,2.1162499526981264,nws_retro_v30
2019-11-28,0.8583333141480883,nws_retro_v30
2019-11-29,0.5716666538889209,nws_retro_v30
2019-11-30,0.5799999870359898,nws_retro_v30
2019-12-01,0.9699999783188105,nws_retro_v30
2019-12-02,7.202083172354226,nws_retro_v30
2019-12-03,2.2799999490380287,nws_retro_v30
2019-12-04,0.9541666453393797,nws_retro_v30
2019-12-05,0.7829166491671155,nws_retro_v30
2019-12-06,0.5587499875109643,nws_retro_v30
2019-12-07,2.429583279027914,nws_retro_v30
2019-12-08,6.4979165214269115,nws_retro_v30
2019-12-09,1.1654166406175743,nws_retro_v30
2019-12-10,0.6954166511228929,nws_retro_v30
2019-12-11,0.7845833157965293,nws_retro_v30
2019-12-12,0.7462499833200127,nws_retro_v30
2019-12-13,0.6329166525198767,nws_retro_v30
2019-12-14,0.6070833197639635,nws_retro_v30
2019-12-15,0.6399999856948853,nws_retro_v30
2019-12-16,0.5966666533301274,nws_retro_v30
2019-12-17,0.5612499874550849,nws_retro_v30
2019-12-18,1.8904166244125615,nws_retro_v30
2019-12-19,2.5208332769883177,nws_retro_v30
2019-12-20,0.8479166477142522,nws_retro_v30
2019-12-21,0.7274999837391078,nws_retro_v30
2019-12-22,5.167499884497374,nws_retro_v30
2019-12-23,3.0008332662594817,nws_retro_v30
2019-12-24,1.0874999756924808,nws_retro_v30
2019-12-25,1.0966666421542566,nws_retro_v30
2019-12-26,1.384583302385484,nws_retro_v30
2019-12-27,1.0758333092865844,nws_retro_v30
2019-12-28,0.9670833117173364,nws_retro_v30
2019-12-29,0.9991666443335513,nws_retro_v30
2019-12-30,1.8666666249434154,nws_retro_v30
2019-12-31,1.2220833060176421,nws_retro_v30
2020-01-01,1.0666666428248088,nws_retro_v30
2020-01-02,1.0887499756645411,nws_retro_v30
2020-01-03,1.0720833093704036,nws_retro_v30
2020-01-04,1.0583333096777399,nws_retro_v30
2020-01-05,1.0504166431880246,nws_retro_v30
2020-01-06,1.0274999770335853,nws_retro_v30
2020-01-07,0.9891666445570687,nws_retro_v30
2020-01-08,1.015833310627689,nws_retro_v30
2020-01-09,1.4495833009326209,nws_retro_v30
2020-01-10,1.4858333001223702,nws_retro_v30
2020-01-11,1.0679166427968692,nws_retro_v30
2020-01-12,1.0020833109350253,nws_retro_v30
2020-01-13,0.9970833110467842,nws_retro_v30
2020-01-14,1.1608333073866863,nws_retro_v30
2020-01-15,1.0854166424057137,nws_retro_v30
2020-01-16,7.757083159949009,nws_retro_v30
2020-01-17,11.583749741083011,nws_retro_v30
2020-01-18,1.9395832899802674,nws_retro_v30
2020-01-19,1.7583332940315206,nws_retro_v30
2020-01-20,1.9658332893935342,nws_retro_v30
2020-01-21,1.9170832904831816,nws_retro_v30
2020-01-22,3.993333244075378,nws_retro_v30
2020-01-23,2.579583275675153,nws_retro_v30
2020-01-24,2.0633332872142396,nws_retro_v30
2020-01-25,1.9591666228758793,nws_retro_v30
2020-01-26,2.206666617343823,nws_retro_v30
2020-01-27,2.101666619690756,nws_retro_v30
2020-01-28,1.8595832917684068,nws_retro_v30
2020-01-29,1.8120832928301145,nws_retro_v30
2020-01-30,1.686666628966729,nws_retro_v30
2020-01-31,1.6258332969931264,nws_retro_v30
2020-02-01,1.5574999651871622,nws_retro_v30
2020-02-02,1.4920832999826719,nws_retro_v30
2020-02-03,1.32958330361483,nws_retro_v30
2020-02-04,1.2808333047044773,nws_retro_v30
2020-02-05,1.2708333049279947,nws_retro_v30
2020-02-06,1.2245833059617628,nws_retro_v30
2020-02-07,1.1745833070793499,nws_retro_v30
2020-02-08,1.1224999749101698,nws_retro_v30
2020-02-09,1.0716666427130501,nws_retro_v30
2020-02-10,0.9937499777879566,nws_retro_v30
2020-02-11,0.9687499783467501,nws_retro_v30
2020-02-12,0.9491666454511384,nws_retro_v30
2020-02-13,0.9545833119967332,nws_retro_v30
2020-02-14,0.9595833118849745,nws_retro_v30
2020-02-15,0.9524999787099659,nws_retro_v30
2020-02-16,0.9341666457864145,nws_retro_v30
2020-02-17,0.8991666465687255,nws_retro_v30
2020-02-18,0.8433333144833645,nws_retro_v30
2020-02-19,0.8233333149303993,nws_retro_v30
2020-02-20,0.8341666480215887,nws_retro_v30
2020-02-21,0.828749981475994,nws_retro_v30
2020-02-22,0.8195833150142183,nws_retro_v30
2020-02-23,0.8112499818671495,nws_retro_v30
2020-02-24,0.7958333155450722,nws_retro_v30
2020-02-25,0.7879166490553567,nws_retro_v30
2020-02-26,0.7808333158803483,nws_retro_v30
2020-02-27,0.7754166493347535,nws_retro_v30
2020-02-28,0.7708333161038657,nws_retro_v30
2020-02-29,0.7629166496141503,nws_retro_v30
2020-03-01,0.7587499830406159,nws_retro_v30
2020-03-02,0.7520833165229609,nws_retro_v30
2020-03-03,0.743749983375892,nws_retro_v30
2020-03-04,0.7399999834597111,nws_retro_v30
2020-03-05,0.7399999834597111,nws_retro_v30
2020-03-06,0.7399999834597111,nws_retro_v30
2020-03-07,0.7508333165509006,nws_retro_v30
2020-03-08,0.8124999818392098,nws_retro_v30
2020-03-09,0.7424999834038317,nws_retro_v30
2020-03-10,0.7324999836273491,nws_retro_v30
2020-03-11,0.7299999836832285,nws_retro_v30
2020-03-12,0.7299999836832285,nws_retro_v30
2020-03-13,0.7299999836832285,nws_retro_v30
2020-03-14,0.7324999836273491,nws_retro_v30
2020-03-15,9.17749979486689,nws_retro_v30
2020-03-16,2.4149999460205436,nws_retro_v30
2020-03-17,1.2670833050118138,nws_retro_v30
2020-03-18,0.9620833118290951,nws_retro_v30
2020-03-19,0.9316666458422939,nws_retro_v30
2020-03-20,0.9616666451717416,nws_retro_v30
2020-03-21,0.9795833114379396,nws_retro_v30
2020-03-22,1.0087499774526805,nws_retro_v30
2020-03-23,1.0074999774806201,nws_retro_v30
2020-03-24,0.9891666445570687,nws_retro_v30
2020-03-25,1.3954166354766737,nws_retro_v30
2020-03-26,1.0558333097336192,nws_retro_v30
2020-03-27,0.9683333116893967,nws_retro_v30
2020-03-28,0.9366666457305352,nws_retro_v30
2020-03-29,0.9624999784864485,nws_retro_v30
2020-03-30,0.9454166455349574,nws_retro_v30
2020-03-31,0.8824999802745879,nws_retro_v30
2020-04-01,0.8483333143716058,nws_retro_v30
2020-04-02,0.8162499817553908,nws_retro_v30
2020-04-03,0.7908333156568309,nws_retro_v30
2020-04-04,0.7704166494465122,nws_retro_v30
2020-04-05,15.594582984767234,nws_retro_v30
2020-04-06,10.647083095352476,nws_retro_v30
2020-04-07,2.7854166044077524,nws_retro_v30
2020-04-08,2.1758332846996686,nws_retro_v30
2020-04-09,2.5358332766530416,nws_retro_v30
2020-04-10,2.8641666026475527,nws_retro_v30
2020-04-11,2.6029166084869453,nws_retro_v30
2020-04-12,2.462916611616189,nws_retro_v30
2020-04-13,2.3524999474175274,nws_retro_v30
2020-04-14,2.074999953620136,nws_retro_v30
2020-04-15,1.8241666258933644,nws_retro_v30
2020-04-16,1.663333296154936,nws_retro_v30
2020-04-17,1.6637499628122896,nws_retro_v30
2020-04-18,1.5841666312577825,nws_retro_v30
2020-04-19,1.4129166350855182,nws_retro_v30
2020-04-20,1.3774999692104757,nws_retro_v30
2020-04-21,1.371249969350174,nws_retro_v30
2020-04-22,1.2537499719765037,nws_retro_v30
2020-04-23,1.1220833082528163,nws_retro_v30
2020-04-24,1.0270833103762318,nws_retro_v30
2020-04-25,0.9595833118849745,nws_retro_v30
2020-04-26,0.9154166462055097,nws_retro_v30
2020-04-27,0.906249979743734,nws_retro_v30
2020-04-28,0.8808333136451741,nws_retro_v30
2020-04-29,0.8679166472672174,nws_retro_v30
2020-04-30,0.8654166473230968,nws_retro_v30
2020-05-01,0.8616666474069158,nws_retro_v30
2020-05-02,0.8483333143716058,nws_retro_v30
2020-05-03,0.8487499810289592,nws_retro_v30
2020-05-04,0.8545833142319074,nws_retro_v30
2020-05-05,0.8437499811407179,nws_retro_v30
2020-05-06,0.8345833146789422,nws_retro_v30
2020-05-07,0.8241666482451061,nws_retro_v30
2020-05-08,0.8199999816715717,nws_retro_v30
2020-05-09,0.8191666483568648,nws_retro_v30
2020-05-10,0.8137499818112701,nws_retro_v30
2020-05-11,0.8099999818950891,nws_retro_v30
2020-05-12,0.990416644529129,nws_retro_v30
2020-05-13,0.8699999805539846,nws_retro_v30
2020-05-14,0.8054166486642013,nws_retro_v30
2020-05-15,0.7962499822024256,nws_retro_v30
2020-05-16,0.789999982342124,nws_retro_v30
2020-05-17,0.7895833156847706,nws_retro_v30
2020-05-18,2.347499947529286,nws_retro_v30
2020-05-19,1.3758333025810618,nws_retro_v30
2020-05-20,0.8366666479657093,nws_retro_v30
2020-05-21,0.7716666494185725,nws_retro_v30
2020-05-22,0.7637499829288572,nws_retro_v30
2020-05-23,0.7599999830126762,nws_retro_v30
2020-05-24,0.751249983208254,nws_retro_v30
2020-05-25,0.7499999832361937,nws_retro_v30
2020-05-26,0.7466666499773661,nws_retro_v30
2020-05-27,0.7399999834597111,nws_retro_v30
2020-05-28,0.7399999834597111,nws_retro_v30
2020-05-29,0.7308333169979354,nws_retro_v30
2020-05-30,0.7299999836832285,nws_retro_v30
2020-05-31,0.7241666504802803,nws_retro_v30
2020-06-01,0.7199999839067459,nws_retro_v30
2020-06-02,0.7183333172773322,nws_retro_v30
2020-06-03,0.7099999841302633,nws_retro_v30
2020-06-04,0.7099999841302633,nws_retro_v30
2020-06-05,0.7016666509831945,nws_retro_v30
2020-06-06,0.6999999843537807,nws_retro_v30
2020-06-07,0.6949999844655395,nws_retro_v30
2020-06-08,0.6899999845772982,nws_retro_v30
2020-06-09,0.6887499846052378,nws_retro_v30
2020-06-10,0.6799999848008156,nws_retro_v30
2020-06-11,0.6799999848008156,nws_retro_v30
2020-06-12,0.6724999849684536,nws_retro_v30
2020-06-13,0.669999985024333,nws_retro_v30
2020-06-14,0.666249985108152,nws_retro_v30
2020-06-15,0.6599999852478504,nws_retro_v30
2020-06-16,0.6599999852478504,nws_retro_v30
2020-06-17,0.6504166521287212,nws_retro_v30
2020-06-18,0.6499999854713678,nws_retro_v30
2020-06-19,0.6449999855831265,nws_retro_v30
2020-06-20,0.6399999856948853,nws_retro_v30
2020-06-21,0.6395833190375318,nws_retro_v30
2020-06-22,0.6299999859184027,nws_retro_v30
2020-06-23,0.6299999859184027,nws_retro_v30
2020-06-24,0.6249999860301614,nws_retro_v30
2020-06-25,0.6199999861419201,nws_retro_v30
2020-06-26,0.6199999861419201,nws_retro_v30
2020-06-27,0.6108333196801444,nws_retro_v30
2020-06-28,0.6099999863654375,nws_retro_v30
2020-06-29,0.6070833197639635,nws_retro_v30
2020-06-30,0.5999999865889549,nws_retro_v30
2020-07-01,0.5999999865889549,nws_retro_v30
2020-07-02,0.5937499867286533,nws_retro_v30
2020-07-03,0.5899999868124723,nws_retro_v30
2020-07-04,0.5899999868124723,nws_retro_v30
2020-07-05,0.5812499870080501,nws_retro_v30
2020-07-06,0.5799999870359898,nws_retro_v30
2020-07-07,0.5795833203786364,nws_retro_v30
2020-07-08,0.5699999872595072,nws_retro_v30
2020-07-09,0.5699999872595072,nws_retro_v30
2020-07-10,0.5683333206300935,nws_retro_v30
2020-07-11,0.5599999874830246,nws_retro_v30
2020-07-12,0.5599999874830246,nws_retro_v30
2020-07-13,0.5579166541962574,nws_retro_v30
2020-07-14,0.549999987706542,nws_retro_v30
2020-07-15,0.549999987706542,nws_retro_v30
2020-07-16,0.5483333210771283,nws_retro_v30
2020-07-17,0.5399999879300594,nws_retro_v30
2020-07-18,0.5399999879300594,nws_retro_v30
2020-07-19,0.5391666546153525,nws_retro_v30
2020-07-20,0.5299999881535769,nws_retro_v30
2020-07-21,0.5299999881535769,nws_retro_v30
2020-07-22,0.5299999881535769,nws_retro_v30
2020-07-23,0.5212499883491546,nws_retro_v30
2020-07-24,0.5199999883770943,nws_retro_v30
2020-07-25,0.5199999883770943,nws_retro_v30
2020-07-26,0.5133333218594393,nws_retro_v30
2020-07-27,0.5099999886006117,nws_retro_v30
2020-07-28,0.5099999886006117,nws_retro_v30
2020-07-29,0.5070833219991376,nws_retro_v30
2020-07-30,0.4999999888241291,nws_retro_v30
2020-07-31,0.4999999888241291,nws_retro_v30
2020-08-01,0.4999999888241291,nws_retro_v30
2020-08-02,0.4920833223344137,nws_retro_v30
2020-08-03,0.4899999890476465,nws_retro_v30
2020-08-04,0.4899999890476465,nws_retro_v30
2020-08-05,0.4874999891035259,nws_retro_v30
2020-08-06,0.4799999892711639,nws_retro_v30
2020-08-07,0.4799999892711639,nws_retro_v30
2020-08-08,0.4799999892711639,nws_retro_v30
2020-08-09,0.47458332272556913,nws_retro_v30
2020-08-10,0.4699999894946813,nws_retro_v30
2020-08-11,0.4699999894946813,nws_retro_v30
2020-08-12,0.4699999894946813,nws_retro_v30
2020-08-13,0.4624999896623194,nws_retro_v30
2020-08-14,0.4599999897181988,nws_retro_v30
2020-08-15,0.4599999897181988,nws_retro_v30
2020-08-16,0.4599999897181988,nws_retro_v30
2020-08-17,0.4512499899137765,nws_retro_v30
2020-08-18,0.4499999899417162,nws_retro_v30
2020-08-19,0.4499999899417162,nws_retro_v30
2020-08-20,0.4499999899417162,nws_retro_v30
2020-08-21,0.4416666567946474,nws_retro_v30
2020-08-22,0.4399999901652336,nws_retro_v30
2020-08-23,0.4399999901652336,nws_retro_v30
2020-08-24,0.4399999901652336,nws_retro_v30
2020-08-25,0.43333332364757854,nws_retro_v30
2020-08-26,0.429999990388751,nws_retro_v30
2020-08-27,0.429999990388751,nws_retro_v30
2020-08-28,0.429999990388751,nws_retro_v30
2020-08-29,0.42624999047257,nws_retro_v30
2020-08-30,0.4199999906122684,nws_retro_v30
2020-08-31,0.4199999906122684,nws_retro_v30
2020-09-01,0.4199999906122684,nws_retro_v30
2020-09-02,0.4199999906122684,nws_retro_v30
2020-09-03,0.4108333241504927,nws_retro_v30
2020-09-04,0.4099999908357858,nws_retro_v30
2020-09-05,0.4099999908357858,nws_retro_v30
2020-09-06,0.4099999908357858,nws_retro_v30
2020-09-07,0.40666665757695836,nws_retro_v30
2020-09-08,0.3999999910593033,nws_retro_v30
2020-09-09,0.3999999910593033,nws_retro_v30
2020-09-10,0.3999999910593033,nws_retro_v30
2020-09-11,0.3999999910593033,nws_retro_v30
2020-09-12,0.39458332451370853,nws_retro_v30
2020-09-13,0.3899999912828207,nws_retro_v30
2020-09-14,0.3899999912828207,nws_retro_v30
2020-09-15,0.3899999912828207,nws_retro_v30
2020-09-16,0.3899999912828207,nws_retro_v30
2020-09-17,0.3837499914225191,nws_retro_v30
2020-09-18,0.3799999915063381,nws_retro_v30
2020-09-19,0.3799999915063381,nws_retro_v30
2020-09-20,0.3799999915063381,nws_retro_v30
2020-09-21,0.3799999915063381,nws_retro_v30
2020-09-22,0.37458332496074337,nws_retro_v30
2020-09-23,0.3699999917298555,nws_retro_v30
2020-09-24,0.3699999917298555,nws_retro_v30
2020-09-25,0.3699999917298555,nws_retro_v30
2020-09-26,0.3699999917298555,nws_retro_v30
2020-09-27,0.36749999178573484,nws_retro_v30
2020-09-28,0.3599999919533729,nws_retro_v30
2020-09-29,0.3599999919533729,nws_retro_v30
2020-09-30,0.3599999919533729,nws_retro_v30
2020-10-01,0.3599999919533729,nws_retro_v30
2020-10-02,0.3599999919533729,nws_retro_v30
2020-10-03,0.352499992121011,nws_retro_v30
2020-10-04,0.3499999921768904,nws_retro_v30
2020-10-05,0.3499999921768904,nws_retro_v30
2020-10-06,0.3499999921768904,nws_retro_v30
2020-10-07,0.3499999921768904,nws_retro_v30
2020-10-08,0.3495833255195369,nws_retro_v30
2020-10-09,0.3399999924004078,nws_retro_v30
2020-10-10,0.3399999924004078,nws_retro_v30
2020-10-11,0.3399999924004078,nws_retro_v30
2020-10-12,0.3399999924004078,nws_retro_v30
2020-10-13,0.3399999924004078,nws_retro_v30
2020-10-14,0.33874999242834747,nws_retro_v30
2020-10-15,0.3299999926239252,nws_retro_v30
2020-10-16,0.3299999926239252,nws_retro_v30
2020-10-17,0.3299999926239252,nws_retro_v30
2020-10-18,0.3299999926239252,nws_retro_v30
2020-10-19,0.3299999926239252,nws_retro_v30
2020-10-20,0.3299999926239252,nws_retro_v30
2020-10-21,0.3204166595047961,nws_retro_v30
2020-10-22,0.3199999928474426,nws_retro_v30
2020-10-23,0.3199999928474426,nws_retro_v30
2020-10-24,0.3199999928474426,nws_retro_v30
2020-10-25,0.3199999928474426,nws_retro_v30
2020-10-26,0.3199999928474426,nws_retro_v30
2020-10-27,0.3141666596444944,nws_retro_v30
2020-10-28,0.30999999307096,nws_retro_v30
2020-10-29,0.30999999307096,nws_retro_v30
2020-10-30,0.30999999307096,nws_retro_v30
2020-10-31,0.30999999307096,nws_retro_v30
2020-11-01,0.30999999307096,nws_retro_v30
2020-11-02,0.30999999307096,nws_retro_v30
2020-11-03,0.30124999326653773,nws_retro_v30
2020-11-04,0.2999999932944774,nws_retro_v30
2020-11-05,0.2999999932944774,nws_retro_v30
2020-11-06,0.2999999932944774,nws_retro_v30
2020-11-07,0.2999999932944774,nws_retro_v30
2020-11-08,0.2999999932944774,nws_retro_v30
2020-11-09,0.2999999932944774,nws_retro_v30
2020-11-10,0.29083332683270174,nws_retro_v30
2020-11-11,0.2899999935179949,nws_retro_v30
2020-11-12,0.2899999935179949,nws_retro_v30
2020-11-13,0.2899999935179949,nws_retro_v30
2020-11-14,0.2899999935179949,nws_retro_v30
2020-11-15,0.2899999935179949,nws_retro_v30
2020-11-16,0.2899999935179949,nws_retro_v30
2020-11-17,0.28374999365769327,nws_retro_v30
2020-11-18,0.7891666490274171,nws_retro_v30
2020-11-19,0.338333325770994,nws_retro_v30
2020-11-20,0.2829166603429864,nws_retro_v30
2020-11-21,0.2799999937415123,nws_retro_v30
2020-11-22,0.2799999937415123,nws_retro_v30
2020-11-23,0.2799999937415123,nws_retro_v30
2020-11-24,0.27958332708415884,nws_retro_v30
2020-11-25,0.2699999939650297,nws_retro_v30
2020-11-26,0.2699999939650297,nws_retro_v30
2020-11-27,0.2699999939650297,nws_retro_v30
2020-11-28,0.2699999939650297,nws_retro_v30
2020-11-29,0.2699999939650297,nws_retro_v30
2020-11-30,0.2699999939650297,nws_retro_v30
2020-12-01,0.2699999939650297,nws_retro_v30
2020-12-02,0.26958332730767626,nws_retro_v30
2020-12-03,0.2599999941885471,nws_retro_v30
2020-12-04,0.2599999941885471,nws_retro_v30
2020-12-05,0.2599999941885471,nws_retro_v30
2020-12-06,0.2599999941885471,nws_retro_v30
2020-12-07,0.2599999941885471,nws_retro_v30
2020-12-08,0.2599999941885471,nws_retro_v30
2020-12-09,0.2599999941885471,nws_retro_v30
2020-12-10,0.2599999941885471,nws_retro_v30
2020-12-11,0.25291666101353855,nws_retro_v30
2020-12-12,0.2704166606223831,nws_retro_v30
2020-12-13,0.27458332719591755,nws_retro_v30
2020-12-14,0.2599999941885471,nws_retro_v30
2020-12-15,0.24999999441206447,nws_retro_v30
2020-12-16,0.24999999441206447,nws_retro_v30
2020-12-17,0.2562499942723661,nws_retro_v30
2020-12-18,0.24999999441206447,nws_retro_v30
2020-12-19,0.24999999441206447,nws_retro_v30
2020-12-20,0.2412499946076422,nws_retro_v30
2020-12-21,0.2399999946355819,nws_retro_v30
2020-12-22,0.2399999946355819,nws_retro_v30
2020-12-23,0.2399999946355819,nws_retro_v30
2020-12-24,0.2399999946355819,nws_retro_v30
2020-12-25,0.2399999946355819,nws_retro_v30
2020-12-26,0.2491666610973576,nws_retro_v30
2020-12-27,0.2399999946355819,nws_retro_v30
2020-12-28,0.2399999946355819,nws_retro_v30
2020-12-29,0.2345833280899872,nws_retro_v30
2020-12-30,0.2299999948590994,nws_retro_v30
2020-12-31,0.2299999948590994,nws_retro_v30
2021-01-01,0.2299999948590994,nws_retro_v30
2021-01-02,0.2299999948590994,nws_retro_v30
2021-01-03,0.2299999948590994,nws_retro_v30
2021-01-04,0.2779166604547451,nws_retro_v30
2021-01-05,0.3999999910593033,nws_retro_v30
2021-01-06,0.23874999466352162,nws_retro_v30
2021-01-07,0.2299999948590994,nws_retro_v30
2021-01-08,0.22541666162821153,nws_retro_v30
2021-01-09,0.2199999950826168,nws_retro_v30
2021-01-10,0.2199999950826168,nws_retro_v30
2021-01-11,0.2199999950826168,nws_retro_v30
2021-01-12,0.2199999950826168,nws_retro_v30
2021-01-13,0.2199999950826168,nws_retro_v30
2021-01-14,0.2199999950826168,nws_retro_v30
2021-01-15,0.2199999950826168,nws_retro_v30
2021-01-16,0.2199999950826168,nws_retro_v30
2021-01-17,0.2199999950826168,nws_retro_v30
2021-01-18,0.2199999950826168,nws_retro_v30
2021-01-19,0.21208332859290138,nws_retro_v30
2021-01-20,0.2099999953061342,nws_retro_v30
2021-01-21,0.2099999953061342,nws_retro_v30
2021-01-22,0.21249999525025484,nws_retro_v30
2021-01-23,0.2099999953061342,nws_retro_v30
2021-01-24,0.2099999953061342,nws_retro_v30
2021-01-25,0.2137499952223152,nws_retro_v30
2021-01-26,0.2099999953061342,nws_retro_v30
2021-01-27,7.987083154808109,nws_retro_v30
2021-01-28,14.095416351609552,nws_retro_v30
2021-01-29,4.62333322999378,nws_retro_v30
2021-01-30,1.526249965885654,nws_retro_v30
2021-01-31,1.1370833079175402,nws_retro_v30
2021-02-01,0.783333315824469,nws_retro_v30
2021-02-02,2.622083274725204,nws_retro_v30
2021-02-03,1.2812499713618308,nws_retro_v30
2021-02-04,0.5649999873712659,nws_retro_v30
2021-02-05,0.4379166568784664,nws_retro_v30
2021-02-06,0.44916665662700933,nws_retro_v30
2021-02-07,0.42208332389903563,nws_retro_v30
2021-02-08,0.46708332289320725,nws_retro_v30
2021-02-09,0.45083332325642306,nws_retro_v30
2021-02-10,0.5137499885167927,nws_retro_v30
2021-02-11,0.46666665623585385,nws_retro_v30
2021-02-12,1.237916638997073,nws_retro_v30
2021-02-13,0.9241666460099319,nws_retro_v30
2021-02-14,0.7545833164670815,nws_retro_v30
2021-02-15,0.7499999832361937,nws_retro_v30
2021-02-16,0.7879166490553567,nws_retro_v30
2021-02-17,0.6562499853316694,nws_retro_v30
2021-02-18,0.5341666547271112,nws_retro_v30
2021-02-19,0.5941666533860067,nws_retro_v30
2021-02-20,0.8191666483568648,nws_retro_v30
2021-02-21,0.6574999853037298,nws_retro_v30
2021-02-22,0.5374999879859388,nws_retro_v30
2021-02-23,0.4920833223344137,nws_retro_v30
2021-02-24,0.44333332342406107,nws_retro_v30
2021-02-25,0.4358333235916992,nws_retro_v30
2021-02-26,0.41958332395491493,nws_retro_v30
2021-02-27,0.38541665805193287,nws_retro_v30
2021-02-28,0.3899999912828207,nws_retro_v30
2021-03-01,0.37958332484898466,nws_retro_v30
2021-03-02,0.36166665858278674,nws_retro_v30
2021-03-03,0.3658333251563211,nws_retro_v30
2021-03-04,0.36416665852690727,nws_retro_v30
2021-03-05,0.3554166587224851,nws_retro_v30
2021-03-06,0.8270833148465803,nws_retro_v30
2021-03-07,0.5529166543080161,nws_retro_v30
2021-03-08,0.369583325072502,nws_retro_v30
2021-03-09,0.37416665830338997,nws_retro_v30
2021-03-10,3.86041658037963,nws_retro_v30
2021-03-11,1.9762499558273703,nws_retro_v30
2021-03-12,0.7829166491671155,nws_retro_v30
2021-03-13,0.5912499867845327,nws_retro_v30
2021-03-14,0.553749987622723,nws_retro_v30
2021-03-15,2.0804166201657304,nws_retro_v30
2021-03-16,1.3549999697133899,nws_retro_v30
2021-03-17,0.8808333136451741,nws_retro_v30
2021-03-18,1.3337499701883644,nws_retro_v30
2021-03-19,6.076249864185229,nws_retro_v30
2021-03-20,1.6966666287432115,nws_retro_v30
2021-03-21,1.1391666412043076,nws_retro_v30
2021-03-22,1.075416642629231,nws_retro_v30
2021-03-23,1.0733333093424637,nws_retro_v30
2021-03-24,0.9324999791570008,nws_retro_v30
2021-03-25,0.8479166477142522,nws_retro_v30
2021-03-26,0.83916664790983,nws_retro_v30
2021-03-27,0.7716666494185725,nws_retro_v30
2021-03-28,0.6787499848287553,nws_retro_v30
2021-03-29,0.6408333190095922,nws_retro_v30
2021-03-30,0.5920833200992396,nws_retro_v30
2021-03-31,0.5274999882094562,nws_retro_v30
2021-04-01,0.500833322138836,nws_retro_v30
2021-04-02,0.4770833226696898,nws_retro_v30
2021-04-03,0.4674999895505607,nws_retro_v30
2021-04-04,0.47791665598439664,nws_retro_v30
2021-04-05,0.46999998949468136,nws_retro_v30
2021-04-06,0.4770833226696898,nws_retro_v30
2021-04-07,0.4641666562917332,nws_retro_v30
2021-04-08,0.44958332328436273,nws_retro_v30
2021-04-09,0.44583332336818177,nws_retro_v30
2021-04-10,0.4379166568784664,nws_retro_v30
2021-04-11,0.4366666569064061,nws_retro_v30
2021-04-12,0.43624999024905264,nws_retro_v30
2021-04-13,0.433749990304932,nws_retro_v30
2021-04-14,0.4295833237313975,nws_retro_v30
2021-04-15,0.42708332378727687,nws_retro_v30
2021-04-16,0.4254166571578631,nws_retro_v30
2021-04-17,0.42291665721374244,nws_retro_v30
2021-04-18,0.4199999906122684,nws_retro_v30
2021-04-19,0.4199999906122684,nws_retro_v30
2021-04-20,0.4199999906122684,nws_retro_v30
2021-04-21,0.4162499906960874,nws_retro_v30
2021-04-22,0.41291665743725986,nws_retro_v30
2021-04-23,0.4099999908357858,nws_retro_v30
2021-04-24,0.4099999908357858,nws_retro_v30
2021-04-25,0.4099999908357858,nws_retro_v30
2021-04-26,0.4099999908357858,nws_retro_v30
2021-04-27,0.4099999908357858,nws_retro_v30
2021-04-28,0.4099999908357858,nws_retro_v30
2021-04-29,0.4041666576328377,nws_retro_v30
2021-04-30,0.3999999910593033,nws_retro_v30
2021-05-01,0.3999999910593033,nws_retro_v30
2021-05-02,0.3999999910593033,nws_retro_v30
2021-05-03,0.3999999910593033,nws_retro_v30
2021-05-04,0.3999999910593033,nws_retro_v30
2021-05-05,0.39416665785635513,nws_retro_v30
2021-05-06,0.3899999912828207,nws_retro_v30
2021-05-07,0.3899999912828207,nws_retro_v30
2021-05-08,0.3899999912828207,nws_retro_v30
2021-05-09,0.3899999912828207,nws_retro_v30
2021-05-10,0.3879166579960535,nws_retro_v30
2021-05-11,0.3799999915063381,nws_retro_v30
2021-05-12,0.3799999915063381,nws_retro_v30
2021-05-13,0.3799999915063381,nws_retro_v30
2021-05-14,0.3799999915063381,nws_retro_v30
2021-05-15,0.3787499915342778,nws_retro_v30
2021-05-16,0.3699999917298555,nws_retro_v30
2021-05-17,0.3699999917298555,nws_retro_v30
2021-05-18,0.3699999917298555,nws_retro_v30
2021-05-19,0.3699999917298555,nws_retro_v30
2021-05-20,0.36916665841514856,nws_retro_v30
2021-05-21,0.3599999919533729,nws_retro_v30
2021-05-22,0.3599999919533729,nws_retro_v30
2021-05-23,0.3599999919533729,nws_retro_v30
2021-05-24,0.3599999919533729,nws_retro_v30
2021-05-25,0.3599999919533729,nws_retro_v30
2021-05-26,0.3499999921768904,nws_retro_v30
2021-05-27,0.3499999921768904,nws_retro_v30
2021-05-28,0.3499999921768904,nws_retro_v30
2021-05-29,0.3499999921768904,nws_retro_v30
2021-05-30,0.3499999921768904,nws_retro_v30
2021-05-31,0.3412499923724681,nws_retro_v30
2021-06-01,0.3399999924004078,nws_retro_v30
2021-06-02,0.3399999924004078,nws_retro_v30
2021-06-03,0.3399999924004078,nws_retro_v30
2021-06-04,0.3399999924004078,nws_retro_v30
2021-06-05,0.3337499925401062,nws_retro_v30
2021-06-06,0.3299999926239252,nws_retro_v30
2021-06-07,0.3299999926239252,nws_retro_v30
2021-06-08,0.3299999926239252,nws_retro_v30
2021-06-09,0.3299999926239252,nws_retro_v30
2021-06-10,0.32749999267980456,nws_retro_v30
2021-06-11,0.3199999928474426,nws_retro_v30
2021-06-12,0.3199999928474426,nws_retro_v30
2021-06-13,0.3199999928474426,nws_retro_v30
2021-06-14,0.3199999928474426,nws_retro_v30
2021-06-15,0.3199999928474426,nws_retro_v30
2021-06-16,0.31374999298714096,nws_retro_v30
2021-06-17,0.30999999307096,nws_retro_v30
2021-06-18,0.30999999307096,nws_retro_v30
2021-06-19,0.30999999307096,nws_retro_v30
2021-06-20,0.30999999307096,nws_retro_v30
2021-06-21,0.30999999307096,nws_retro_v30
2021-06-22,0.30249999323859805,nws_retro_v30
2021-06-23,0.2999999932944774,nws_retro_v30
2021-06-24,0.2999999932944774,nws_retro_v30
2021-06-25,0.2999999932944774,nws_retro_v30
2021-06-26,0.2999999932944774,nws_retro_v30
2021-06-27,0.2999999932944774,nws_retro_v30
2021-06-28,0.2937499934341758,nws_retro_v30
2021-06-29,0.2899999935179949,nws_retro_v30
2021-06-30,0.2899999935179949,nws_retro_v30
2021-07-01,0.2899999935179949,nws_retro_v30
2021-07-02,0.2899999935179949,nws_retro_v30
2021-07-03,0.2899999935179949,nws_retro_v30
2021-07-04,0.2879166602312277,nws_retro_v30
2021-07-05,0.2799999937415123,nws_retro_v30
2021-07-06,0.2799999937415123,nws_retro_v30
2021-07-07,0.2799999937415123,nws_retro_v30
2021-07-08,0.2799999937415123,nws_retro_v30
2021-07-09,0.2799999937415123,nws_retro_v30
2021-07-10,0.2799999937415123,nws_retro_v30
2021-07-11,0.27541666051062447,nws_retro_v30
2021-07-12,0.2699999939650297,nws_retro_v30
2021-07-13,0.2699999939650297,nws_retro_v30
2021-07-14,0.2699999939650297,nws_retro_v30
2021-07-15,0.2699999939650297,nws_retro_v30
2021-07-16,0.2699999939650297,nws_retro_v30
2021-07-17,0.2699999939650297,nws_retro_v30
2021-07-18,0.2666666607062022,nws_retro_v30
2021-07-19,0.2599999941885471,nws_retro_v30
2021-07-20,0.2599999941885471,nws_retro_v30
2021-07-21,0.2599999941885471,nws_retro_v30
2021-07-22,0.2599999941885471,nws_retro_v30
2021-07-23,0.2599999941885471,nws_retro_v30
2021-07-24,0.2599999941885471,nws_retro_v30
2021-07-25,0.2599999941885471,nws_retro_v30
2021-07-26,0.2512499943841248,nws_retro_v30
2021-07-27,0.24999999441206447,nws_retro_v30
2021-07-28,0.24999999441206447,nws_retro_v30
2021-07-29,0.24999999441206447,nws_retro_v30
2021-07-30,0.24999999441206447,nws_retro_v30
2021-07-31,0.24999999441206447,nws_retro_v30
2021-08-01,0.24999999441206447,nws_retro_v30
2021-08-02,0.24999999441206447,nws_retro_v30
2021-08-03,0.24041666129293535,nws_retro_v30
2021-08-04,0.2399999946355819,nws_retro_v30
2021-08-05,0.2399999946355819,nws_retro_v30
2021-08-06,0.2399999946355819,nws_retro_v30
2021-08-07,0.2399999946355819,nws_retro_v30
2021-08-08,0.2399999946355819,nws_retro_v30
2021-08-09,0.2399999946355819,nws_retro_v30
2021-08-10,0.2399999946355819,nws_retro_v30
2021-08-11,0.23416666143263376,nws_retro_v30
2021-08-12,0.2299999948590994,nws_retro_v30
2021-08-13,0.2299999948590994,nws_retro_v30
2021-08-14,0.2299999948590994,nws_retro_v30
2021-08-15,0.2299999948590994,nws_retro_v30
2021-08-16,0.2299999948590994,nws_retro_v30
2021-08-17,0.2299999948590994,nws_retro_v30
2021-08-18,0.2299999948590994,nws_retro_v30
2021-08-19,0.2299999948590994,nws_retro_v30
2021-08-20,0.22291666168409088,nws_retro_v30
2021-08-21,0.2199999950826168,nws_retro_v30
2021-08-22,0.2199999950826168,nws_retro_v30
2021-08-23,0.2199999950826168,nws_retro_v30
2021-08-24,0.2199999950826168,nws_retro_v30
2021-08-25,0.2199999950826168,nws_retro_v30
2021-08-26,0.2199999950826168,nws_retro_v30
2021-08-27,0.2199999950826168,nws_retro_v30
2021-08-28,0.2199999950826168,nws_retro_v30
2021-08-29,0.21708332848114273,nws_retro_v30
2021-08-30,0.2099999953061342,nws_retro_v30
2021-08-31,0.2099999953061342,nws_retro_v30
2021-09-01,0.2099999953061342,nws_retro_v30
2021-09-02,0.2099999953061342,nws_retro_v30
2021-09-03,0.2099999953061342,nws_retro_v30
2021-09-04,0.2099999953061342,nws_retro_v30
2021-09-05,0.2099999953061342,nws_retro_v30
2021-09-06,0.2099999953061342,nws_retro_v30
2021-09-07,0.2099999953061342,nws_retro_v30
2021-09-08,0.20749999536201355,nws_retro_v30
2021-09-09,0.19999999552965156,nws_retro_v30
2021-09-10,0.19999999552965156,nws_retro_v30
2021-09-11,0.19999999552965156,nws_retro_v30
2021-09-12,0.19999999552965156,nws_retro_v30
2021-09-13,0.19999999552965156,nws_retro_v30
2021-09-14,0.19999999552965156,nws_retro_v30
2021-09-15,0.19999999552965156,nws_retro_v30
2021-09-16,0.19999999552965156,nws_retro_v30
2021-09-17,0.19999999552965156,nws_retro_v30
2021-09-18,0.19999999552965156,nws_retro_v30
2021-09-19,0.1941666623267034,nws_retro_v30
2021-09-20,0.18999999575316898,nws_retro_v30
2021-09-21,0.18999999575316898,nws_retro_v30
2021-09-22,0.18999999575316898,nws_retro_v30
2021-09-23,0.18999999575316898,nws_retro_v30
2021-09-24,0.18999999575316898,nws_retro_v30
2021-09-25,0.18999999575316898,nws_retro_v30
2021-09-26,0.18999999575316898,nws_retro_v30
2021-09-27,0.18999999575316898,nws_retro_v30
2021-09-28,0.18999999575316898,nws_retro_v30
2021-09-29,0.18999999575316898,nws_retro_v30
2021-09-30,0.18833332912375522,nws_retro_v30
2021-10-01,0.1799999959766864,nws_retro_v30
2021-10-02,0.1799999959766864,nws_retro_v30
2021-10-03,0.1799999959766864,nws_retro_v30
2021-10-04,0.1799999959766864,nws_retro_v30
2021-10-05,0.1799999959766864,nws_retro_v30
2021-10-06,0.1799999959766864,nws_retro_v30
2021-10-07,0.1799999959766864,nws_retro_v30
2021-10-08,0.1799999959766864,nws_retro_v30
2021-10-09,0.1799999959766864,nws_retro_v30
2021-10-10,0.1799999959766864,nws_retro_v30
2021-10-11,0.1799999959766864,nws_retro_v30
2021-10-12,0.1799999959766864,nws_retro_v30
2021-10-13,0.1708333295149108,nws_retro_v30
2021-10-14,0.1699999962002039,nws_retro_v30
2021-10-15,0.1699999962002039,nws_retro_v30
2021-10-16,0.1699999962002039,nws_retro_v30
2021-10-17,0.1699999962002039,nws_retro_v30
2021-10-18,0.1699999962002039,nws_retro_v30
2021-10-19,0.1699999962002039,nws_retro_v30
2021-10-20,0.1699999962002039,nws_retro_v30
2021-10-21,0.9858333112982413,nws_retro_v30
2021-10-22,0.3541666587504248,nws_retro_v30
2021-10-23,0.18458332920757428,nws_retro_v30
2021-10-24,0.27249999390915036,nws_retro_v30
2021-10-25,28.338749366579577,nws_retro_v30
2021-10-26,2.4016666129852333,nws_retro_v30
2021-10-27,0.3283333259945114,nws_retro_v30
2021-10-28,0.17583332940315202,nws_retro_v30
2021-10-29,0.16249999636784196,nws_retro_v30
2021-10-30,0.1599999964237213,nws_retro_v30
2021-10-31,0.16541666296931604,nws_retro_v30
2021-11-01,0.16041666308107475,nws_retro_v30
2021-11-02,0.3879166579960535,nws_retro_v30
2021-11-03,0.1874999958090484,nws_retro_v30
2021-11-04,0.17166666282961762,nws_retro_v30
2021-11-05,0.18166666260610018,nws_retro_v30
2021-11-06,0.22249999502673742,nws_retro_v30
2021-11-07,0.18333332923551393,nws_retro_v30
2021-11-08,0.1629166630251954,nws_retro_v30
2021-11-09,1.5124999661929905,nws_retro_v30
2021-11-10,0.6808333181155225,nws_retro_v30
2021-11-11,0.33583332582687336,nws_retro_v30
2021-11-12,0.25916666087384027,nws_retro_v30
2021-11-13,0.2304166615164528,nws_retro_v30
2021-11-14,0.23249999480322,nws_retro_v30
2021-11-15,0.21833332845320305,nws_retro_v30
2021-11-16,0.20249999547377226,nws_retro_v30
2021-11-17,0.17916666266197953,nws_retro_v30
2021-11-18,0.1699999962002039,nws_retro_v30
2021-11-19,0.1608333297384282,nws_retro_v30
2021-11-20,0.1599999964237213,nws_retro_v30
2021-11-21,0.15499999653548,nws_retro_v30
2021-11-22,0.1499999966472387,nws_retro_v30
2021-11-23,0.1499999966472387,nws_retro_v30
2021-11-24,0.1499999966472387,nws_retro_v30
2021-11-25,0.1499999966472387,nws_retro_v30
2021-11-26,0.1499999966472387,nws_retro_v30
2021-11-27,0.1499999966472387,nws_retro_v30
2021-11-28,0.1499999966472387,nws_retro_v30
2021-11-29,0.1499999966472387,nws_retro_v30
2021-11-30,0.1499999966472387,nws_retro_v30
2021-12-01,0.1499999966472387,nws_retro_v30
2021-12-02,0.1499999966472387,nws_retro_v30
2021-12-03,0.1499999966472387,nws_retro_v30
2021-12-04,0.1499999966472387,nws_retro_v30
2021-12-05,0.1499999966472387,nws_retro_v30
2021-12-06,0.1499999966472387,nws_retro_v30
2021-12-07,0.15208332993400592,nws_retro_v30
2021-12-08,0.16291666302519536,nws_retro_v30
2021-12-09,0.16374999633990228,nws_retro_v30
2021-12-10,0.1499999966472387,nws_retro_v30
2021-12-11,0.1499999966472387,nws_retro_v30
2021-12-12,0.15499999653548,nws_retro_v30
2021-12-13,31.55291596140402,nws_retro_v30
2021-12-14,41.04416574925805,nws_retro_v30
2021-12-15,9.736249782377854,nws_retro_v30
2021-12-16,60.81833197393765,nws_retro_v30
2021-12-17,17.105832950988162,nws_retro_v30
2021-12-18,16.614166295311104,nws_retro_v30
2021-12-19,16.322499635163695,nws_retro_v30
2021-12-20,14.652916339148456,nws_retro_v30
2021-12-21,12.874583045563972,nws_retro_v30
2021-12-22,33.29291592251199,nws_retro_v30
2021-12-23,81.24874818394892,nws_retro_v30
2021-12-24,48.230415588632845,nws_retro_v30
2021-12-25,30.509999318048358,nws_retro_v30
2021-12-26,54.822082107964285,nws_retro_v30
2021-12-27,50.8458321968404,nws_retro_v30
2021-12-28,30.2912493229378,nws_retro_v30
2021-12-29,31.306665966908138,nws_retro_v30
2021-12-30,47.24916561056549,nws_retro_v30
2021-12-31,19.977082886810724,nws_retro_v30
2022-01-01,15.978749642847106,nws_retro_v30
2022-01-02,14.263749681180343,nws_retro_v30
2022-01-03,13.792499691713601,nws_retro_v30
2022-01-04,33.1058325933603,nws_retro_v30
2022-01-05,17.40416627765323,nws_retro_v30
2022-01-06,13.272499703336507,nws_retro_v30
2022-01-07,12.078749730018899,nws_retro_v30
2022-01-08,11.818749735830352,nws_retro_v30
2022-01-09,10.419166433780143,nws_retro_v30
2022-01-10,9.396666456634799,nws_retro_v30
2022-01-11,8.637916473594183,nws_retro_v30
2022-01-12,8.126249818364158,nws_retro_v30
2022-01-13,7.423749834066257,nws_retro_v30
2022-01-14,6.916249845409766,nws_retro_v30
2022-01-15,6.22041652762952,nws_retro_v30
2022-01-16,5.755833204680433,nws_retro_v30
2022-01-17,5.88624986843206,nws_retro_v30
2022-01-18,5.692083206105356,nws_retro_v30
2022-01-19,5.154583218119417,nws_retro_v30
2022-01-20,4.692083228457098,nws_retro_v30
2022-01-21,4.514999899081886,nws_retro_v30
2022-01-22,4.115833241337289,nws_retro_v30
2022-01-23,3.9995832439356795,nws_retro_v30
2022-01-24,3.8445832474001995,nws_retro_v30
2022-01-25,3.759999915957451,nws_retro_v30
2022-01-26,3.602083252820497,nws_retro_v30
2022-01-27,3.3495832584643117,nws_retro_v30
2022-01-28,3.1566665961096683,nws_retro_v30
2022-01-29,3.0179165992109724,nws_retro_v30
2022-01-30,2.9895832665109388,nws_retro_v30
2022-01-31,2.96916660030062,nws_retro_v30
2022-02-01,2.9145832681873194,nws_retro_v30
2022-02-02,2.7012499396223575,nws_retro_v30
2022-02-03,2.6133332749207816,nws_retro_v30
2022-02-04,2.5416666098559895,nws_retro_v30
2022-02-05,2.4933332776029906,nws_retro_v30
2022-02-06,2.417083279307311,nws_retro_v30
2022-02-07,2.370833280341079,nws_retro_v30
2022-02-08,2.306666615108649,nws_retro_v30
2022-02-09,2.25833328285565,nws_retro_v30
2022-02-10,2.1541666185172894,nws_retro_v30
2022-02-11,2.087499953340739,nws_retro_v30
2022-02-12,2.0620832872421793,nws_retro_v30
2022-02-13,2.0004166219538697,nws_retro_v30
2022-02-14,1.9754166225126635,nws_retro_v30
2022-02-15,1.982499955687672,nws_retro_v30
2022-02-16,1.9354166234067331,nws_retro_v30
2022-02-17,1.8920832910419751,nws_retro_v30
2022-02-18,1.8441666254463296,nws_retro_v30
2022-02-19,1.8091666262286406,nws_retro_v30
2022-02-20,1.7741666270109515,nws_retro_v30
2022-02-21,1.7399999611079693,nws_retro_v30
2022-02-22,1.7283332947020729,nws_retro_v30
2022-02-23,1.7479166275976847,nws_retro_v30
2022-02-24,1.7033332952608664,nws_retro_v30
2022-02-25,1.6824999623931944,nws_retro_v30
2022-02-26,1.670833295987298,nws_retro_v30
2022-02-27,1.6524999630637467,nws_retro_v30
2022-02-28,1.6274999636225402,nws_retro_v30
2022-03-01,1.6116666306431096,nws_retro_v30
2022-03-02,1.5899999644607306,nws_retro_v30
2022-03-03,1.5749999647960067,nws_retro_v30
2022-03-04,1.579999964684248,nws_retro_v30
2022-03-05,1.5962499643210322,nws_retro_v30
2022-03-06,1.5987499642651528,nws_retro_v30
2022-03-07,1.547083298753326,nws_retro_v30
2022-03-08,1.5237499659415334,nws_retro_v30
2022-03-09,1.5033332997312145,nws_retro_v30
2022-03-10,1.491249966667965,nws_retro_v30
2022-03-11,1.4858333001223702,nws_retro_v30
2022-03-12,1.4799999669194221,nws_retro_v30
2022-03-13,1.4679166338561724,nws_retro_v30
2022-03-14,1.456249967450276,nws_retro_v30
2022-03-15,1.4454166343590866,nws_retro_v30
2022-03-16,1.4337499679531902,nws_retro_v30
2022-03-17,1.423333301519354,nws_retro_v30
2022-03-18,1.4133333017428715,nws_retro_v30
2022-03-19,1.4054166352531563,nws_retro_v30
2022-03-20,1.4074999685399234,nws_retro_v30
2022-03-21,1.384583302385484,nws_retro_v30
2022-03-22,1.3729166359795875,nws_retro_v30
2022-03-23,1.3637499695178121,nws_retro_v30
2022-03-24,1.3549999697133899,nws_retro_v30
2022-03-25,1.345833303251614,nws_retro_v30
2022-03-26,1.3370833034471918,nws_retro_v30
2022-03-27,1.3279166369854163,nws_retro_v30
2022-03-28,7.275416504048432,nws_retro_v30
2022-03-29,2.3979166130690523,nws_retro_v30
2022-03-30,1.3874999689869583,nws_retro_v30
2022-03-31,1.304999970830977,nws_retro_v30
2022-04-01,1.289999971166253,nws_retro_v30
2022-04-02,1.2862499712500721,nws_retro_v30
2022-04-03,1.2829166379912447,nws_retro_v30
2022-04-04,1.2741666381868224,nws_retro_v30
2022-04-05,1.2687499716412276,nws_retro_v30
2022-04-06,1.2558333052632709,nws_retro_v30
2022-04-07,1.2437499722000211,nws_retro_v30
2022-04-08,1.233333305766185,nws_retro_v30
2022-04-09,1.2262499725911766,nws_retro_v30
2022-04-10,1.2191666394161682,nws_retro_v30
2022-04-11,1.2554166386059176,nws_retro_v30
2022-04-12,1.350416636482502,nws_retro_v30
2022-04-13,1.2129166395558666,nws_retro_v30
2022-04-14,1.1891666400867205,nws_retro_v30
2022-04-15,1.179999973624945,nws_retro_v30
2022-04-16,4.667916562330599,nws_retro_v30
2022-04-17,2.536249943310395,nws_retro_v30
2022-04-18,1.2666666383544605,nws_retro_v30
2022-04-19,1.167916640561695,nws_retro_v30
2022-04-20,1.1570833074705054,nws_retro_v30
2022-04-21,6.294999859295785,nws_retro_v30
2022-04-22,1.9949999554082751,nws_retro_v30
2022-04-23,1.231249972479418,nws_retro_v30
2022-04-24,1.1624999740161002,nws_retro_v30
2022-04-25,1.1512499742675573,nws_retro_v30
2022-04-26,1.138749974546954,nws_retro_v30
2022-04-27,1.1233333082248766,nws_retro_v30
2022-04-28,1.1120833084763337,nws_retro_v30
2022-04-29,1.1079166419027995,nws_retro_v30
2022-04-30,1.1008333087277908,nws_retro_v30
2022-05-01,1.092499975580722,nws_retro_v30
2022-05-02,1.0804166425174724,nws_retro_v30
2022-05-03,1.0699999760836365,nws_retro_v30
2022-05-04,1.065833309510102,nws_retro_v30
2022-05-05,1.0599999763071537,nws_retro_v30
2022-05-06,1.053749976446852,nws_retro_v30
2022-05-07,1.0491666432159643,nws_retro_v30
2022-05-08,1.0399999767541883,nws_retro_v30
2022-05-09,1.035833310180654,nws_retro_v30
2022-05-10,1.029999976977706,nws_retro_v30
2022-05-11,1.0220833104879905,nws_retro_v30
2022-05-12,1.0179166439144562,nws_retro_v30
2022-05-13,1.0099999774247408,nws_retro_v30
2022-05-14,1.0041666442217927,nws_retro_v30
2022-05-15,0.9999999776482582,nws_retro_v30
2022-05-16,0.9899999778717756,nws_retro_v30
2022-05-17,0.9858333112982413,nws_retro_v30
2022-05-18,0.979999978095293,nws_retro_v30
2022-05-19,0.9716666449482241,nws_retro_v30
2022-05-20,0.9674999783746898,nws_retro_v30
2022-05-21,0.959999978542328,nws_retro_v30
2022-05-22,0.9533333120246729,nws_retro_v30
2022-05-23,0.9491666454511383,nws_retro_v30
2022-05-24,0.9399999789893628,nws_retro_v30
2022-05-25,0.9354166457584748,nws_retro_v30
2022-05-26,0.92999997921288,nws_retro_v30
2022-05-27,0.9212499794084579,nws_retro_v30
2022-05-28,0.9174999794922769,nws_retro_v30
2022-05-29,1.5945832976916183,nws_retro_v30
2022-05-30,2.8216666035975018,nws_retro_v30
2022-05-31,1.0804166425174724,nws_retro_v30
2022-06-01,0.9145833128908029,nws_retro_v30
2022-06-02,0.8874999801628292,nws_retro_v30
2022-06-03,0.8799999803304672,nws_retro_v30
2022-06-04,0.8737499804701656,nws_retro_v30
2022-06-05,0.8699999805539846,nws_retro_v30
2022-06-06,0.860833314092209,nws_retro_v30
2022-06-07,0.8587499808054417,nws_retro_v30
2022-06-08,0.8499999810010195,nws_retro_v30
2022-06-09,0.8462499810848385,nws_retro_v30
2022-06-10,0.8399999812245369,nws_retro_v30
2022-06-11,0.8341666480215887,nws_retro_v30
2022-06-12,0.8299999814480543,nws_retro_v30
2022-06-13,0.8224999816156924,nws_retro_v30
2022-06-14,0.8199999816715717,nws_retro_v30
2022-06-15,0.8112499818671495,nws_retro_v30
2022-06-16,0.8099999818950891,nws_retro_v30
2022-06-17,0.7999999821186066,nws_retro_v30
2022-06-18,0.7991666488038996,nws_retro_v30
2022-06-19,0.789999982342124,nws_retro_v30
2022-06-20,0.7887499823700637,nws_retro_v30
2022-06-21,0.7799999825656414,nws_retro_v30
2022-06-22,0.7787499825935811,nws_retro_v30
2022-06-23,0.7699999827891588,nws_retro_v30
2022-06-24,0.7687499828170985,nws_retro_v30
2022-06-25,0.7599999830126762,nws_retro_v30
2022-06-26,0.7591666496979693,nws_retro_v30
2022-06-27,0.7499999832361937,nws_retro_v30
2022-06-28,0.7499999832361937,nws_retro_v30
2022-06-29,0.7404166501170645,nws_retro_v30
2022-06-30,0.7399999834597111,nws_retro_v30
2022-07-01,0.7316666503126422,nws_retro_v30
2022-07-02,0.7299999836832285,nws_retro_v30
2022-07-03,0.7237499838229269,nws_retro_v30
2022-07-04,0.7199999839067459,nws_retro_v30
2022-07-05,0.7158333173332115,nws_retro_v30
2022-07-06,0.7099999841302633,nws_retro_v30
2022-07-07,0.708749984158203,nws_retro_v30
2022-07-08,0.6999999843537807,nws_retro_v30
2022-07-09,0.6999999843537807,nws_retro_v30
2022-07-10,0.6916666512067119,nws_retro_v30
2022-07-11,0.6899999845772982,nws_retro_v30
2022-07-12,0.6854166513464103,nws_retro_v30
2022-07-13,0.6799999848008156,nws_retro_v30
2022-07-14,0.6795833181434622,nws_retro_v30
2022-07-15,0.669999985024333,nws_retro_v30
2022-07-16,0.669999985024333,nws_retro_v30
2022-07-17,0.6641666518213848,nws_retro_v30
2022-07-18,0.6599999852478504,nws_retro_v30
2022-07-19,0.659583318590497,nws_retro_v30
2022-07-20,0.6499999854713678,nws_retro_v30
2022-07-21,0.6499999854713678,nws_retro_v30
2022-07-22,0.64541665224048,nws_retro_v30
2022-07-23,0.6399999856948853,nws_retro_v30
2022-07-24,0.6399999856948853,nws_retro_v30
2022-07-25,0.6316666525478164,nws_retro_v30
2022-07-26,0.6299999859184027,nws_retro_v30
2022-07-27,0.6287499859463423,nws_retro_v30
2022-07-28,0.6199999861419201,nws_retro_v30
2022-07-29,0.6199999861419201,nws_retro_v30
2022-07-30,0.6162499862257391,nws_retro_v30
2022-07-31,0.6099999863654375,nws_retro_v30
2022-08-01,0.6099999863654375,nws_retro_v30
2022-08-02,0.6045833198198428,nws_retro_v30
2022-08-03,0.5999999865889549,nws_retro_v30
2022-08-04,0.5999999865889549,nws_retro_v30
2022-08-05,0.5937499867286533,nws_retro_v30
2022-08-06,0.5899999868124723,nws_retro_v30
2022-08-07,0.5899999868124723,nws_retro_v30
2022-08-08,0.5833333202948173,nws_retro_v30
2022-08-09,0.5799999870359898,nws_retro_v30
2022-08-10,0.5799999870359898,nws_retro_v30
2022-08-11,0.5737499871756881,nws_retro_v30
2022-08-12,0.5699999872595072,nws_retro_v30
2022-08-13,0.5699999872595072,nws_retro_v30
2022-08-14,0.5645833207139125,nws_retro_v30
2022-08-15,0.5599999874830246,nws_retro_v30
2022-08-16,0.5599999874830246,nws_retro_v30
2022-08-17,0.556666654224197,nws_retro_v30
2022-08-18,0.549999987706542,nws_retro_v30
2022-08-19,0.549999987706542,nws_retro_v30
2022-08-20,0.5491666543918351,nws_retro_v30
2022-08-21,0.5399999879300594,nws_retro_v30
2022-08-22,0.5399999879300594,nws_retro_v30
2022-08-23,0.5399999879300594,nws_retro_v30
2022-08-24,0.5329166547550509,nws_retro_v30
2022-08-25,0.5299999881535769,nws_retro_v30
2022-08-26,0.5299999881535769,nws_retro_v30
2022-08-27,0.5266666548947493,nws_retro_v30
2022-08-28,0.5199999883770943,nws_retro_v30
2022-08-29,0.5199999883770943,nws_retro_v30
2022-08-30,0.5199999883770943,nws_retro_v30
2022-08-31,0.5120833218873789,nws_retro_v30
2022-09-01,0.5099999886006117,nws_retro_v30
2022-09-02,0.5099999886006117,nws_retro_v30
2022-09-03,0.508333321971198,nws_retro_v30
2022-09-04,0.4999999888241291,nws_retro_v30
2022-09-05,0.4999999888241291,nws_retro_v30
2022-09-06,0.4999999888241291,nws_retro_v30
2022-09-07,0.4954166555932413,nws_retro_v30
2022-09-08,0.4899999890476465,nws_retro_v30
2022-09-09,0.4899999890476465,nws_retro_v30
2022-09-10,0.4899999890476465,nws_retro_v30
2022-09-11,0.4837499891873449,nws_retro_v30
2022-09-12,0.4799999892711639,nws_retro_v30
2022-09-13,0.4799999892711639,nws_retro_v30
2022-09-14,0.4799999892711639,nws_retro_v30
2022-09-15,0.4733333227535088,nws_retro_v30
2022-09-16,0.4699999894946813,nws_retro_v30
2022-09-17,0.4699999894946813,nws_retro_v30
2022-09-18,0.4712499894667416,nws_retro_v30
2022-09-19,0.5037499887403101,nws_retro_v30
2022-09-20,0.46374998963437974,nws_retro_v30
2022-09-21,0.4599999897181988,nws_retro_v30
2022-09-22,0.4599999897181988,nws_retro_v30
2022-09-23,0.45541665648731094,nws_retro_v30
2022-09-24,0.4499999899417162,nws_retro_v30
2022-09-25,0.4499999899417162,nws_retro_v30
2022-09-26,0.4499999899417162,nws_retro_v30
2022-09-27,0.4483333233123024,nws_retro_v30
2022-09-28,0.4399999901652336,nws_retro_v30
2022-09-29,0.4399999901652336,nws_retro_v30
2022-09-30,0.4399999901652336,nws_retro_v30
2022-10-01,0.4399999901652336,nws_retro_v30
2022-10-02,0.4324999903328716,nws_retro_v30
2022-10-03,0.429999990388751,nws_retro_v30
2022-10-04,0.429999990388751,nws_retro_v30
2022-10-05,0.429999990388751,nws_retro_v30
2022-10-06,0.4283333237593372,nws_retro_v30
2022-10-07,0.4199999906122684,nws_retro_v30
2022-10-08,0.4199999906122684,nws_retro_v30
2022-10-09,0.4199999906122684,nws_retro_v30
2022-10-10,0.4199999906122684,nws_retro_v30
2022-10-11,0.4154166573813805,nws_retro_v30
2022-10-12,0.4099999908357858,nws_retro_v30
2022-10-13,0.4099999908357858,nws_retro_v30
2022-10-14,0.4099999908357858,nws_retro_v30
2022-10-15,0.4099999908357858,nws_retro_v30
2022-10-16,0.4041666576328377,nws_retro_v30
2022-10-17,0.3999999910593033,nws_retro_v30
2022-10-18,0.3999999910593033,nws_retro_v30
2022-10-19,0.3999999910593033,nws_retro_v30
2022-10-20,0.3999999910593033,nws_retro_v30
2022-10-21,0.39458332451370853,nws_retro_v30
2022-10-22,0.3899999912828207,nws_retro_v30
2022-10-23,0.3899999912828207,nws_retro_v30
2022-10-24,0.3899999912828207,nws_retro_v30
2022-10-25,0.3899999912828207,nws_retro_v30
2022-10-26,0.38624999136663973,nws_retro_v30
2022-10-27,0.3799999915063381,nws_retro_v30
2022-10-28,0.3799999915063381,nws_retro_v30
2022-10-29,0.3799999915063381,nws_retro_v30
2022-10-30,0.3799999915063381,nws_retro_v30
2022-10-31,0.3799999915063381,nws_retro_v30
2022-11-01,0.38833332465340686,nws_retro_v30
2022-11-02,0.3808333248210449,nws_retro_v30
2022-11-03,0.3699999917298555,nws_retro_v30
2022-11-04,0.3699999917298555,nws_retro_v30
2022-11-05,0.3699999917298555,nws_retro_v30
2022-11-06,0.3654166584989676,nws_retro_v30
2022-11-07,0.38541665805193287,nws_retro_v30
2022-11-08,0.9724999782629311,nws_retro_v30
2022-11-09,0.7891666490274171,nws_retro_v30
2022-11-10,0.38624999136663973,nws_retro_v30
2022-11-11,0.3599999919533729,nws_retro_v30
2022-11-12,0.3545833254077782,nws_retro_v30
2022-11-13,0.3499999921768904,nws_retro_v30
2022-11-14,0.3499999921768904,nws_retro_v30
2022-11-15,0.3499999921768904,nws_retro_v30
2022-11-16,0.3499999921768904,nws_retro_v30
2022-11-17,0.3499999921768904,nws_retro_v30
2022-11-18,0.34541665894600254,nws_retro_v30
2022-11-19,0.3399999924004078,nws_retro_v30
2022-11-20,0.3399999924004078,nws_retro_v30
2022-11-21,0.3399999924004078,nws_retro_v30
2022-11-22,0.3399999924004078,nws_retro_v30
2022-11-23,0.3399999924004078,nws_retro_v30
2022-11-24,0.3379166591136406,nws_retro_v30
2022-11-25,0.3299999926239252,nws_retro_v30
2022-11-26,0.3299999926239252,nws_retro_v30
2022-11-27,0.3299999926239252,nws_retro_v30
2022-11-28,0.3299999926239252,nws_retro_v30
2022-11-29,0.3299999926239252,nws_retro_v30
2022-11-30,0.3299999926239252,nws_retro_v30
2022-12-01,0.5345833213844647,nws_retro_v30
2022-12-02,0.637916652408118,nws_retro_v30
2022-12-03,0.3816666581357519,nws_retro_v30
2022-12-04,1.9312499568331987,nws_retro_v30
2022-12-05,1.0704166427409898,nws_retro_v30
2022-12-06,0.8054166486642013,nws_retro_v30
2022-12-07,0.47999998927116394,nws_retro_v30
2022-12-08,0.4420833234520008,nws_retro_v30
2022-12-09,0.669999985024333,nws_retro_v30
2022-12-10,6.284166526204596,nws_retro_v30
2022-12-11,38.27208247788561,nws_retro_v30
2022-12-12,5.324583214319621,nws_retro_v30
2022-12-13,1.6391666300284367,nws_retro_v30
2022-12-14,1.1058333086160321,nws_retro_v30
2022-12-15,0.9995833109909048,nws_retro_v30
2022-12-16,0.7958333155450722,nws_retro_v30
2022-12-17,0.8341666480215887,nws_retro_v30
2022-12-18,0.8987499799113721,nws_retro_v30
2022-12-19,0.9529166453673193,nws_retro_v30
2022-12-20,0.9029166464849064,nws_retro_v30
2022-12-21,0.979999978095293,nws_retro_v30
2022-12-22,1.040416643411542,nws_retro_v30
2022-12-23,1.1070833085880925,nws_retro_v30
2022-12-24,1.1637499739881605,nws_retro_v30
2022-12-25,1.1233333082248766,nws_retro_v30
2022-12-26,1.0674999761395156,nws_retro_v30
2022-12-27,39.42958245201347,nws_retro_v30
2022-12-28,16.30124963563867,nws_retro_v30
2022-12-29,9.299999792128801,nws_retro_v30
2022-12-30,27.473749385913834,nws_retro_v30
2022-12-31,112.38208082139802,nws_retro_v30
2023-01-01,147.56458003500788,nws_retro_v30
2023-01-02,33.77624924504198,nws_retro_v30
2023-01-03,51.08249885821715,nws_retro_v30
2023-01-04,38.25958247816501,nws_retro_v30
2023-01-05,124.39083055298154,nws_retro_v30
2023-01-06,50.131248879479244,nws_retro_v30
2023-01-07,25.59874942782335,nws_retro_v30
2023-01-08,111.53999750688672,nws_retro_v30
2023-01-09,246.60791115455018,nws_retro_v30
2023-01-10,70.7658317515937,nws_retro_v30
2023-01-11,81.22416485116507,nws_retro_v30
2023-01-12,77.8437482600566,nws_retro_v30
2023-01-13,68.88541512695762,nws_retro_v30
2023-01-14,149.05958000159202,nws_retro_v30
2023-01-15,93.18958125038382,nws_retro_v30
2023-01-16,123.80458056608525,nws_retro_v30
2023-01-17,43.044165704554565,nws_retro_v30
2023-01-18,28.624166026866686,nws_retro_v30
2023-01-19,32.33416594394172,nws_retro_v30
2023-01-20,24.475832786255825,nws_retro_v30
2023-01-21,21.199999526143074,nws_retro_v30
2023-01-22,19.9254162212989,nws_retro_v30
2023-01-23,17.419582943975303,nws_retro_v30
2023-01-24,16.139166305928182,nws_retro_v30
2023-01-25,14.282083014103895,nws_retro_v30
2023-01-26,12.690833049671104,nws_retro_v30
2023-01-27,11.88999973423779,nws_retro_v30
2023-01-28,11.49041640983584,nws_retro_v30
2023-01-29,11.281666414501766,nws_retro_v30
2023-01-30,10.975833088004341,nws_retro_v30
2023-01-31,9.474583121559894,nws_retro_v30
2023-02-01,8.90999980084598,nws_retro_v30
