"model_id","draw_id","sample_index","date","segment","value"
"exdqlm_univar_synth","draw_001",1,"2021-01-05","history","0.702675391569658"
"exdqlm_univar_synth","draw_001",1,"2021-01-06","history","0.416411896798355"
"exdqlm_univar_synth","draw_001",1,"2021-01-07","history","0.305564991759732"
"exdqlm_univar_synth","draw_001",1,"2021-01-08","history","0.434485593980559"
"exdqlm_univar_synth","draw_001",1,"2021-01-09","history","0.305710091078938"
"exdqlm_univar_synth","draw_001",1,"2021-01-10","history","0.195891542129461"
"exdqlm_univar_synth","draw_001",1,"2021-01-11","history","0.217315110229710"
"exdqlm_univar_synth","draw_001",1,"2021-01-12","history","0.368514461954529"
"exdqlm_univar_synth","draw_001",1,"2021-01-13","history","0.330899783876134"
"exdqlm_univar_synth","draw_001",1,"2021-01-14","history","0.564306082267622"
"exdqlm_univar_synth","draw_001",1,"2021-01-15","history","0.315614732341889"
"exdqlm_univar_synth","draw_001",1,"2021-01-16","history","0.277856206028977"
"exdqlm_univar_synth","draw_001",1,"2021-01-17","history","0.432085579047160"
"exdqlm_univar_synth","draw_001",1,"2021-01-18","history","0.474816238584637"
"exdqlm_univar_synth","draw_001",1,"2021-01-19","history","0.351813248396345"
"exdqlm_univar_synth","draw_001",1,"2021-01-20","history","0.509697238444309"
"exdqlm_univar_synth","draw_001",1,"2021-01-21","history","0.455177902667712"
"exdqlm_univar_synth","draw_001",1,"2021-01-22","history","0.457447506162707"
"exdqlm_univar_synth","draw_001",1,"2021-01-23","history","0.880523781692143"
"exdqlm_univar_synth","draw_002",17,"2021-01-05","history","0.647179906734567"
"exdqlm_univar_synth","draw_002",17,"2021-01-06","history","0.271746896008171"
"exdqlm_univar_synth","draw_002",17,"2021-01-07","history","0.732720850701379"
"exdqlm_univar_synth","draw_002",17,"2021-01-08","history","0.419657186706348"
"exdqlm_univar_synth","draw_002",17,"2021-01-09","history","0.482933932630044"
"exdqlm_univar_synth","draw_002",17,"2021-01-10","history","0.288907972655097"
"exdqlm_univar_synth","draw_002",17,"2021-01-11","history","0.353307068935720"
"exdqlm_univar_synth","draw_002",17,"2021-01-12","history","0.660688317092358"
"exdqlm_univar_synth","draw_002",17,"2021-01-13","history","0.275310632397528"
"exdqlm_univar_synth","draw_002",17,"2021-01-14","history","0.345855401330023"
"exdqlm_univar_synth","draw_002",17,"2021-01-15","history","0.334664334969133"
"exdqlm_univar_synth","draw_002",17,"2021-01-16","history","0.491177474630825"
"exdqlm_univar_synth","draw_002",17,"2021-01-17","history","0.373181439266411"
"exdqlm_univar_synth","draw_002",17,"2021-01-18","history","0.287723724322862"
"exdqlm_univar_synth","draw_002",17,"2021-01-19","history","0.321804748366950"
"exdqlm_univar_synth","draw_002",17,"2021-01-20","history","0.251474802166163"
"exdqlm_univar_synth","draw_002",17,"2021-01-21","history","0.611503080028808"
"exdqlm_univar_synth","draw_002",17,"2021-01-22","history","0.514072765708911"
"exdqlm_univar_synth","draw_002",17,"2021-01-23","history","0.651826653834655"
"exdqlm_univar_synth","draw_003",32,"2021-01-05","history","0.957380786417474"
"exdqlm_univar_synth","draw_003",32,"2021-01-06","history","0.365357303093915"
"exdqlm_univar_synth","draw_003",32,"2021-01-07","history","0.748114374482407"
"exdqlm_univar_synth","draw_003",32,"2021-01-08","history","0.605210981417634"
"exdqlm_univar_synth","draw_003",32,"2021-01-09","history","0.273607043562750"
"exdqlm_univar_synth","draw_003",32,"2021-01-10","history","0.326467342948240"
"exdqlm_univar_synth","draw_003",32,"2021-01-11","history","0.424544202595763"
"exdqlm_univar_synth","draw_003",32,"2021-01-12","history","0.402798951348022"
"exdqlm_univar_synth","draw_003",32,"2021-01-13","history","0.538032654688582"
"exdqlm_univar_synth","draw_003",32,"2021-01-14","history","0.292817724399582"
"exdqlm_univar_synth","draw_003",32,"2021-01-15","history","0.241671471454933"
"exdqlm_univar_synth","draw_003",32,"2021-01-16","history","0.468658181556607"
"exdqlm_univar_synth","draw_003",32,"2021-01-17","history","0.231647314332807"
"exdqlm_univar_synth","draw_003",32,"2021-01-18","history","0.567388854618937"
"exdqlm_univar_synth","draw_003",32,"2021-01-19","history","0.379982547570593"
"exdqlm_univar_synth","draw_003",32,"2021-01-20","history","0.529363873572334"
"exdqlm_univar_synth","draw_003",32,"2021-01-21","history","0.523290773332477"
"exdqlm_univar_synth","draw_003",32,"2021-01-22","history","0.517327663432563"
"exdqlm_univar_synth","draw_003",32,"2021-01-23","history","0.411968157370210"
"exdqlm_univar_synth","draw_004",48,"2021-01-05","history","1.27194986611986"
"exdqlm_univar_synth","draw_004",48,"2021-01-06","history","0.444939407245866"
"exdqlm_univar_synth","draw_004",48,"2021-01-07","history","0.703744996306388"
"exdqlm_univar_synth","draw_004",48,"2021-01-08","history","0.286662053398662"
"exdqlm_univar_synth","draw_004",48,"2021-01-09","history","0.411123558385256"
"exdqlm_univar_synth","draw_004",48,"2021-01-10","history","0.561044316591874"
"exdqlm_univar_synth","draw_004",48,"2021-01-11","history","0.686781656224537"
"exdqlm_univar_synth","draw_004",48,"2021-01-12","history","0.498237204812453"
"exdqlm_univar_synth","draw_004",48,"2021-01-13","history","0.361538137456529"
"exdqlm_univar_synth","draw_004",48,"2021-01-14","history","0.464166647762044"
"exdqlm_univar_synth","draw_004",48,"2021-01-15","history","0.491198866230026"
"exdqlm_univar_synth","draw_004",48,"2021-01-16","history","0.723034174731080"
"exdqlm_univar_synth","draw_004",48,"2021-01-17","history","0.403278059130033"
"exdqlm_univar_synth","draw_004",48,"2021-01-18","history","0.489119000091900"
"exdqlm_univar_synth","draw_004",48,"2021-01-19","history","0.399127968076194"
"exdqlm_univar_synth","draw_004",48,"2021-01-20","history","0.367006042803508"
"exdqlm_univar_synth","draw_004",48,"2021-01-21","history","0.357261276291376"
"exdqlm_univar_synth","draw_004",48,"2021-01-22","history","0.367595257622572"
"exdqlm_univar_synth","draw_004",48,"2021-01-23","history","0.695932661051376"
"exdqlm_univar_synth","draw_005",64,"2021-01-05","history","0.801357032345101"
"exdqlm_univar_synth","draw_005",64,"2021-01-06","history","0.618576056947385"
"exdqlm_univar_synth","draw_005",64,"2021-01-07","history","0.324121070495346"
"exdqlm_univar_synth","draw_005",64,"2021-01-08","history","0.304141618752140"
"exdqlm_univar_synth","draw_005",64,"2021-01-09","history","0.336106600360281"
"exdqlm_univar_synth","draw_005",64,"2021-01-10","history","0.271463632614139"
"exdqlm_univar_synth","draw_005",64,"2021-01-11","history","0.511129670506624"
"exdqlm_univar_synth","draw_005",64,"2021-01-12","history","0.327726369049642"
"exdqlm_univar_synth","draw_005",64,"2021-01-13","history","0.397609055275883"
"exdqlm_univar_synth","draw_005",64,"2021-01-14","history","0.475708301612420"
"exdqlm_univar_synth","draw_005",64,"2021-01-15","history","0.210388819812271"
"exdqlm_univar_synth","draw_005",64,"2021-01-16","history","0.479656705021599"
"exdqlm_univar_synth","draw_005",64,"2021-01-17","history","0.365957263838138"
"exdqlm_univar_synth","draw_005",64,"2021-01-18","history","0.329228691375439"
"exdqlm_univar_synth","draw_005",64,"2021-01-19","history","0.517781835240597"
"exdqlm_univar_synth","draw_005",64,"2021-01-20","history","0.384078840704216"
"exdqlm_univar_synth","draw_005",64,"2021-01-21","history","0.372564121597816"
"exdqlm_univar_synth","draw_005",64,"2021-01-22","history","0.780531708780075"
"exdqlm_univar_synth","draw_005",64,"2021-01-23","history","0.967021813816853"
"exdqlm_univar_synth","draw_006",80,"2021-01-05","history","0.521025852121198"
"exdqlm_univar_synth","draw_006",80,"2021-01-06","history","0.567970920796350"
"exdqlm_univar_synth","draw_006",80,"2021-01-07","history","0.519795433135370"
"exdqlm_univar_synth","draw_006",80,"2021-01-08","history","0.286794130864967"
"exdqlm_univar_synth","draw_006",80,"2021-01-09","history","0.435663093076997"
"exdqlm_univar_synth","draw_006",80,"2021-01-10","history","0.375352484513920"
"exdqlm_univar_synth","draw_006",80,"2021-01-11","history","0.501680329169391"
"exdqlm_univar_synth","draw_006",80,"2021-01-12","history","0.523821199180702"
"exdqlm_univar_synth","draw_006",80,"2021-01-13","history","0.452813183767105"
"exdqlm_univar_synth","draw_006",80,"2021-01-14","history","0.283111836579963"
"exdqlm_univar_synth","draw_006",80,"2021-01-15","history","0.524040738687511"
"exdqlm_univar_synth","draw_006",80,"2021-01-16","history","0.281685392749022"
"exdqlm_univar_synth","draw_006",80,"2021-01-17","history","0.355553245161299"
"exdqlm_univar_synth","draw_006",80,"2021-01-18","history","0.304229378273916"
"exdqlm_univar_synth","draw_006",80,"2021-01-19","history","0.501656665609710"
"exdqlm_univar_synth","draw_006",80,"2021-01-20","history","0.305734533255199"
"exdqlm_univar_synth","draw_006",80,"2021-01-21","history","0.377637698933970"
"exdqlm_univar_synth","draw_006",80,"2021-01-22","history","0.460583390937800"
"exdqlm_univar_synth","draw_006",80,"2021-01-23","history","0.469517502437745"
"exdqlm_univar_synth","draw_007",95,"2021-01-05","history","0.967399865487289"
"exdqlm_univar_synth","draw_007",95,"2021-01-06","history","0.749634348000218"
"exdqlm_univar_synth","draw_007",95,"2021-01-07","history","0.293934389906965"
"exdqlm_univar_synth","draw_007",95,"2021-01-08","history","0.426143848955999"
"exdqlm_univar_synth","draw_007",95,"2021-01-09","history","0.211476038828058"
"exdqlm_univar_synth","draw_007",95,"2021-01-10","history","0.212521632898121"
"exdqlm_univar_synth","draw_007",95,"2021-01-11","history","0.254140194638279"
"exdqlm_univar_synth","draw_007",95,"2021-01-12","history","0.339608087189135"
"exdqlm_univar_synth","draw_007",95,"2021-01-13","history","0.486565453298124"
"exdqlm_univar_synth","draw_007",95,"2021-01-14","history","0.588836366686315"
"exdqlm_univar_synth","draw_007",95,"2021-01-15","history","0.448065170886801"
"exdqlm_univar_synth","draw_007",95,"2021-01-16","history","0.399024730888419"
"exdqlm_univar_synth","draw_007",95,"2021-01-17","history","0.248569983383282"
"exdqlm_univar_synth","draw_007",95,"2021-01-18","history","0.378971350891040"
"exdqlm_univar_synth","draw_007",95,"2021-01-19","history","0.306989098479232"
"exdqlm_univar_synth","draw_007",95,"2021-01-20","history","0.382105457201060"
"exdqlm_univar_synth","draw_007",95,"2021-01-21","history","0.302413079124571"
"exdqlm_univar_synth","draw_007",95,"2021-01-22","history","0.460884315541733"
"exdqlm_univar_synth","draw_007",95,"2021-01-23","history","0.530506016756733"
"exdqlm_univar_synth","draw_008",111,"2021-01-05","history","0.773358801175621"
"exdqlm_univar_synth","draw_008",111,"2021-01-06","history","0.473050189227732"
"exdqlm_univar_synth","draw_008",111,"2021-01-07","history","0.286970147039241"
"exdqlm_univar_synth","draw_008",111,"2021-01-08","history","0.421615168408763"
"exdqlm_univar_synth","draw_008",111,"2021-01-09","history","0.371642554867825"
"exdqlm_univar_synth","draw_008",111,"2021-01-10","history","0.324159048044964"
"exdqlm_univar_synth","draw_008",111,"2021-01-11","history","0.173439761013747"
"exdqlm_univar_synth","draw_008",111,"2021-01-12","history","0.455267842224502"
"exdqlm_univar_synth","draw_008",111,"2021-01-13","history","0.151321582798205"
"exdqlm_univar_synth","draw_008",111,"2021-01-14","history","0.311773823293907"
"exdqlm_univar_synth","draw_008",111,"2021-01-15","history","0.399922379288003"
"exdqlm_univar_synth","draw_008",111,"2021-01-16","history","0.402112996440689"
"exdqlm_univar_synth","draw_008",111,"2021-01-17","history","0.268469911640241"
"exdqlm_univar_synth","draw_008",111,"2021-01-18","history","0.435932405605181"
"exdqlm_univar_synth","draw_008",111,"2021-01-19","history","0.251135837364408"
"exdqlm_univar_synth","draw_008",111,"2021-01-20","history","0.264750107844541"
"exdqlm_univar_synth","draw_008",111,"2021-01-21","history","0.455211025619068"
"exdqlm_univar_synth","draw_008",111,"2021-01-22","history","0.305111230431899"
"exdqlm_univar_synth","draw_008",111,"2021-01-23","history","0.549231953467703"
"exdqlm_univar_synth","draw_009",127,"2021-01-05","history","0.767741842421588"
"exdqlm_univar_synth","draw_009",127,"2021-01-06","history","0.704902004156297"
"exdqlm_univar_synth","draw_009",127,"2021-01-07","history","0.396212496391135"
"exdqlm_univar_synth","draw_009",127,"2021-01-08","history","0.272158626066887"
"exdqlm_univar_synth","draw_009",127,"2021-01-09","history","0.207932452467236"
"exdqlm_univar_synth","draw_009",127,"2021-01-10","history","0.330981332581190"
"exdqlm_univar_synth","draw_009",127,"2021-01-11","history","0.592579542504668"
"exdqlm_univar_synth","draw_009",127,"2021-01-12","history","0.481542890226444"
"exdqlm_univar_synth","draw_009",127,"2021-01-13","history","0.229132339934842"
"exdqlm_univar_synth","draw_009",127,"2021-01-14","history","0.279772362661039"
"exdqlm_univar_synth","draw_009",127,"2021-01-15","history","0.388107530404975"
"exdqlm_univar_synth","draw_009",127,"2021-01-16","history","0.336011229579892"
"exdqlm_univar_synth","draw_009",127,"2021-01-17","history","0.258544761031440"
"exdqlm_univar_synth","draw_009",127,"2021-01-18","history","0.437694415714658"
"exdqlm_univar_synth","draw_009",127,"2021-01-19","history","0.332050801520062"
"exdqlm_univar_synth","draw_009",127,"2021-01-20","history","0.498767156331386"
"exdqlm_univar_synth","draw_009",127,"2021-01-21","history","0.384602216242744"
"exdqlm_univar_synth","draw_009",127,"2021-01-22","history","0.325140524992581"
"exdqlm_univar_synth","draw_009",127,"2021-01-23","history","0.534859416335001"
"exdqlm_univar_synth","draw_010",143,"2021-01-05","history","0.723072413674406"
"exdqlm_univar_synth","draw_010",143,"2021-01-06","history","0.630758967951706"
"exdqlm_univar_synth","draw_010",143,"2021-01-07","history","0.503137716659656"
"exdqlm_univar_synth","draw_010",143,"2021-01-08","history","0.237174748115528"
"exdqlm_univar_synth","draw_010",143,"2021-01-09","history","0.531102215623032"
"exdqlm_univar_synth","draw_010",143,"2021-01-10","history","0.256767709245661"
"exdqlm_univar_synth","draw_010",143,"2021-01-11","history","0.377246722047281"
"exdqlm_univar_synth","draw_010",143,"2021-01-12","history","0.381782022101695"
"exdqlm_univar_synth","draw_010",143,"2021-01-13","history","0.310596658152814"
"exdqlm_univar_synth","draw_010",143,"2021-01-14","history","0.413534148706899"
"exdqlm_univar_synth","draw_010",143,"2021-01-15","history","0.353664113439666"
"exdqlm_univar_synth","draw_010",143,"2021-01-16","history","0.277821644386972"
"exdqlm_univar_synth","draw_010",143,"2021-01-17","history","0.292415734640721"
"exdqlm_univar_synth","draw_010",143,"2021-01-18","history","0.332285224103246"
"exdqlm_univar_synth","draw_010",143,"2021-01-19","history","0.496938061143480"
"exdqlm_univar_synth","draw_010",143,"2021-01-20","history","0.481175761630340"
"exdqlm_univar_synth","draw_010",143,"2021-01-21","history","0.379937548033690"
"exdqlm_univar_synth","draw_010",143,"2021-01-22","history","0.295964422362416"
"exdqlm_univar_synth","draw_010",143,"2021-01-23","history","0.486324821080161"
"exdqlm_univar_synth","draw_011",158,"2021-01-05","history","0.665020370000325"
"exdqlm_univar_synth","draw_011",158,"2021-01-06","history","0.784761675656093"
"exdqlm_univar_synth","draw_011",158,"2021-01-07","history","0.461257553064075"
"exdqlm_univar_synth","draw_011",158,"2021-01-08","history","0.201154163927307"
"exdqlm_univar_synth","draw_011",158,"2021-01-09","history","0.279909164718891"
"exdqlm_univar_synth","draw_011",158,"2021-01-10","history","0.534095856063290"
"exdqlm_univar_synth","draw_011",158,"2021-01-11","history","0.271616940084385"
"exdqlm_univar_synth","draw_011",158,"2021-01-12","history","0.388518043826477"
"exdqlm_univar_synth","draw_011",158,"2021-01-13","history","0.596270941670841"
"exdqlm_univar_synth","draw_011",158,"2021-01-14","history","0.504447351622844"
"exdqlm_univar_synth","draw_011",158,"2021-01-15","history","0.522638495920488"
"exdqlm_univar_synth","draw_011",158,"2021-01-16","history","0.531381579634813"
"exdqlm_univar_synth","draw_011",158,"2021-01-17","history","0.405108002228078"
"exdqlm_univar_synth","draw_011",158,"2021-01-18","history","0.612904090484442"
"exdqlm_univar_synth","draw_011",158,"2021-01-19","history","0.302171324651050"
"exdqlm_univar_synth","draw_011",158,"2021-01-20","history","0.465434899489717"
"exdqlm_univar_synth","draw_011",158,"2021-01-21","history","0.430978904392465"
"exdqlm_univar_synth","draw_011",158,"2021-01-22","history","0.343873961112637"
"exdqlm_univar_synth","draw_011",158,"2021-01-23","history","0.396353112300827"
"exdqlm_univar_synth","draw_012",174,"2021-01-05","history","0.643874871863196"
"exdqlm_univar_synth","draw_012",174,"2021-01-06","history","0.445036781363265"
"exdqlm_univar_synth","draw_012",174,"2021-01-07","history","0.410799348587665"
"exdqlm_univar_synth","draw_012",174,"2021-01-08","history","0.210491302399770"
"exdqlm_univar_synth","draw_012",174,"2021-01-09","history","0.269270889154879"
"exdqlm_univar_synth","draw_012",174,"2021-01-10","history","0.587672435931395"
"exdqlm_univar_synth","draw_012",174,"2021-01-11","history","0.290765865173337"
"exdqlm_univar_synth","draw_012",174,"2021-01-12","history","0.268126810013162"
"exdqlm_univar_synth","draw_012",174,"2021-01-13","history","0.554121370382522"
"exdqlm_univar_synth","draw_012",174,"2021-01-14","history","0.330817340798999"
"exdqlm_univar_synth","draw_012",174,"2021-01-15","history","0.278142891043437"
"exdqlm_univar_synth","draw_012",174,"2021-01-16","history","0.389463513551939"
"exdqlm_univar_synth","draw_012",174,"2021-01-17","history","0.360807438163508"
"exdqlm_univar_synth","draw_012",174,"2021-01-18","history","0.244446117437367"
"exdqlm_univar_synth","draw_012",174,"2021-01-19","history","0.402374881801741"
"exdqlm_univar_synth","draw_012",174,"2021-01-20","history","0.565436019787631"
"exdqlm_univar_synth","draw_012",174,"2021-01-21","history","0.294899540087420"
"exdqlm_univar_synth","draw_012",174,"2021-01-22","history","0.322452326729622"
"exdqlm_univar_synth","draw_012",174,"2021-01-23","history","0.452004198857384"
"exdqlm_univar_synth","draw_013",190,"2021-01-05","history","0.714992588475459"
"exdqlm_univar_synth","draw_013",190,"2021-01-06","history","0.332794024387831"
"exdqlm_univar_synth","draw_013",190,"2021-01-07","history","0.633221122921518"
"exdqlm_univar_synth","draw_013",190,"2021-01-08","history","0.283177985813075"
"exdqlm_univar_synth","draw_013",190,"2021-01-09","history","0.290238780382216"
"exdqlm_univar_synth","draw_013",190,"2021-01-10","history","0.473189461423337"
"exdqlm_univar_synth","draw_013",190,"2021-01-11","history","0.496396940267136"
"exdqlm_univar_synth","draw_013",190,"2021-01-12","history","0.617521955296003"
"exdqlm_univar_synth","draw_013",190,"2021-01-13","history","0.471833677593279"
"exdqlm_univar_synth","draw_013",190,"2021-01-14","history","0.312421017762238"
"exdqlm_univar_synth","draw_013",190,"2021-01-15","history","0.297798362083780"
"exdqlm_univar_synth","draw_013",190,"2021-01-16","history","0.191192726593649"
"exdqlm_univar_synth","draw_013",190,"2021-01-17","history","0.146553765602404"
"exdqlm_univar_synth","draw_013",190,"2021-01-18","history","0.543649329975809"
"exdqlm_univar_synth","draw_013",190,"2021-01-19","history","0.446997901518072"
"exdqlm_univar_synth","draw_013",190,"2021-01-20","history","0.410064115811780"
"exdqlm_univar_synth","draw_013",190,"2021-01-21","history","0.305387727180232"
"exdqlm_univar_synth","draw_013",190,"2021-01-22","history","0.538203538033563"
"exdqlm_univar_synth","draw_013",190,"2021-01-23","history","0.500818546634755"
"exdqlm_univar_synth","draw_014",206,"2021-01-05","history","1.18364276812538"
"exdqlm_univar_synth","draw_014",206,"2021-01-06","history","0.462555337914450"
"exdqlm_univar_synth","draw_014",206,"2021-01-07","history","0.562973600604020"
"exdqlm_univar_synth","draw_014",206,"2021-01-08","history","0.351215076838442"
"exdqlm_univar_synth","draw_014",206,"2021-01-09","history","0.398167617725225"
"exdqlm_univar_synth","draw_014",206,"2021-01-10","history","0.219695114353327"
"exdqlm_univar_synth","draw_014",206,"2021-01-11","history","0.508948925716464"
"exdqlm_univar_synth","draw_014",206,"2021-01-12","history","0.377099648007115"
"exdqlm_univar_synth","draw_014",206,"2021-01-13","history","0.261039284343856"
"exdqlm_univar_synth","draw_014",206,"2021-01-14","history","0.673942723421066"
"exdqlm_univar_synth","draw_014",206,"2021-01-15","history","0.415412618258538"
"exdqlm_univar_synth","draw_014",206,"2021-01-16","history","0.335260383931372"
"exdqlm_univar_synth","draw_014",206,"2021-01-17","history","0.359209072807133"
"exdqlm_univar_synth","draw_014",206,"2021-01-18","history","0.344760302564227"
"exdqlm_univar_synth","draw_014",206,"2021-01-19","history","0.346582979212668"
"exdqlm_univar_synth","draw_014",206,"2021-01-20","history","0.383439120144486"
"exdqlm_univar_synth","draw_014",206,"2021-01-21","history","0.510652979592560"
"exdqlm_univar_synth","draw_014",206,"2021-01-22","history","0.414245302537173"
"exdqlm_univar_synth","draw_014",206,"2021-01-23","history","0.468290183970547"
"exdqlm_univar_synth","draw_015",221,"2021-01-05","history","0.993723274609070"
"exdqlm_univar_synth","draw_015",221,"2021-01-06","history","0.262107429431685"
"exdqlm_univar_synth","draw_015",221,"2021-01-07","history","0.442125936155963"
"exdqlm_univar_synth","draw_015",221,"2021-01-08","history","0.343325250993534"
"exdqlm_univar_synth","draw_015",221,"2021-01-09","history","0.199619716234720"
"exdqlm_univar_synth","draw_015",221,"2021-01-10","history","0.291576121654928"
"exdqlm_univar_synth","draw_015",221,"2021-01-11","history","0.342660874107855"
"exdqlm_univar_synth","draw_015",221,"2021-01-12","history","0.285302837265447"
"exdqlm_univar_synth","draw_015",221,"2021-01-13","history","0.444163911650433"
"exdqlm_univar_synth","draw_015",221,"2021-01-14","history","0.276498679698077"
"exdqlm_univar_synth","draw_015",221,"2021-01-15","history","0.237927977872380"
"exdqlm_univar_synth","draw_015",221,"2021-01-16","history","0.578125073934803"
"exdqlm_univar_synth","draw_015",221,"2021-01-17","history","0.541928168804401"
"exdqlm_univar_synth","draw_015",221,"2021-01-18","history","0.320276649037550"
"exdqlm_univar_synth","draw_015",221,"2021-01-19","history","0.260859734447466"
"exdqlm_univar_synth","draw_015",221,"2021-01-20","history","0.314090790797484"
"exdqlm_univar_synth","draw_015",221,"2021-01-21","history","0.318861854530198"
"exdqlm_univar_synth","draw_015",221,"2021-01-22","history","0.372727132647344"
"exdqlm_univar_synth","draw_015",221,"2021-01-23","history","0.483465387333347"
"exdqlm_univar_synth","draw_016",237,"2021-01-05","history","1.31429068254053"
"exdqlm_univar_synth","draw_016",237,"2021-01-06","history","0.497704906596869"
"exdqlm_univar_synth","draw_016",237,"2021-01-07","history","0.371686077661156"
"exdqlm_univar_synth","draw_016",237,"2021-01-08","history","0.245078469607725"
"exdqlm_univar_synth","draw_016",237,"2021-01-09","history","0.471832597331102"
"exdqlm_univar_synth","draw_016",237,"2021-01-10","history","0.708377831830878"
"exdqlm_univar_synth","draw_016",237,"2021-01-11","history","0.355315051995151"
"exdqlm_univar_synth","draw_016",237,"2021-01-12","history","0.565672852603459"
"exdqlm_univar_synth","draw_016",237,"2021-01-13","history","0.727187704403594"
"exdqlm_univar_synth","draw_016",237,"2021-01-14","history","0.427543072285079"
"exdqlm_univar_synth","draw_016",237,"2021-01-15","history","0.359790677833358"
"exdqlm_univar_synth","draw_016",237,"2021-01-16","history","0.364087701845497"
"exdqlm_univar_synth","draw_016",237,"2021-01-17","history","0.761502815865127"
"exdqlm_univar_synth","draw_016",237,"2021-01-18","history","0.254273415406394"
"exdqlm_univar_synth","draw_016",237,"2021-01-19","history","0.427141192923930"
"exdqlm_univar_synth","draw_016",237,"2021-01-20","history","0.313286060451021"
"exdqlm_univar_synth","draw_016",237,"2021-01-21","history","0.278523957011695"
"exdqlm_univar_synth","draw_016",237,"2021-01-22","history","0.278180829329309"
"exdqlm_univar_synth","draw_016",237,"2021-01-23","history","0.931748282556214"
"exdqlm_univar_synth","draw_017",253,"2021-01-05","history","0.867112473049525"
"exdqlm_univar_synth","draw_017",253,"2021-01-06","history","0.285501432571212"
"exdqlm_univar_synth","draw_017",253,"2021-01-07","history","0.601916545731167"
"exdqlm_univar_synth","draw_017",253,"2021-01-08","history","0.319767878111717"
"exdqlm_univar_synth","draw_017",253,"2021-01-09","history","0.492293899052835"
"exdqlm_univar_synth","draw_017",253,"2021-01-10","history","0.390777627739730"
"exdqlm_univar_synth","draw_017",253,"2021-01-11","history","0.387317650973395"
"exdqlm_univar_synth","draw_017",253,"2021-01-12","history","0.301856162512855"
"exdqlm_univar_synth","draw_017",253,"2021-01-13","history","0.350750386863720"
"exdqlm_univar_synth","draw_017",253,"2021-01-14","history","0.438189078436612"
"exdqlm_univar_synth","draw_017",253,"2021-01-15","history","0.495654500455189"
"exdqlm_univar_synth","draw_017",253,"2021-01-16","history","0.278608644204557"
"exdqlm_univar_synth","draw_017",253,"2021-01-17","history","0.325435586772597"
"exdqlm_univar_synth","draw_017",253,"2021-01-18","history","0.438248074971937"
"exdqlm_univar_synth","draw_017",253,"2021-01-19","history","0.271410839187537"
"exdqlm_univar_synth","draw_017",253,"2021-01-20","history","0.324903239781856"
"exdqlm_univar_synth","draw_017",253,"2021-01-21","history","0.441144067638395"
"exdqlm_univar_synth","draw_017",253,"2021-01-22","history","0.353064749658428"
"exdqlm_univar_synth","draw_017",253,"2021-01-23","history","0.684866949707128"
"exdqlm_univar_synth","draw_018",269,"2021-01-05","history","0.799378003862354"
"exdqlm_univar_synth","draw_018",269,"2021-01-06","history","0.312463249178141"
"exdqlm_univar_synth","draw_018",269,"2021-01-07","history","0.348722255973594"
"exdqlm_univar_synth","draw_018",269,"2021-01-08","history","0.285099896822930"
"exdqlm_univar_synth","draw_018",269,"2021-01-09","history","0.283387245400595"
"exdqlm_univar_synth","draw_018",269,"2021-01-10","history","0.307939951309305"
"exdqlm_univar_synth","draw_018",269,"2021-01-11","history","0.576835332669862"
"exdqlm_univar_synth","draw_018",269,"2021-01-12","history","0.260352116364641"
"exdqlm_univar_synth","draw_018",269,"2021-01-13","history","0.497973235099177"
"exdqlm_univar_synth","draw_018",269,"2021-01-14","history","0.362487772976326"
"exdqlm_univar_synth","draw_018",269,"2021-01-15","history","0.351766552837602"
"exdqlm_univar_synth","draw_018",269,"2021-01-16","history","0.444401470605523"
"exdqlm_univar_synth","draw_018",269,"2021-01-17","history","0.604677102878532"
"exdqlm_univar_synth","draw_018",269,"2021-01-18","history","0.347781198060069"
"exdqlm_univar_synth","draw_018",269,"2021-01-19","history","0.289084045667975"
"exdqlm_univar_synth","draw_018",269,"2021-01-20","history","0.288731011713551"
"exdqlm_univar_synth","draw_018",269,"2021-01-21","history","0.219467252058057"
"exdqlm_univar_synth","draw_018",269,"2021-01-22","history","0.527801913350991"
"exdqlm_univar_synth","draw_018",269,"2021-01-23","history","0.858357402898066"
"exdqlm_univar_synth","draw_019",284,"2021-01-05","history","0.684877649124800"
"exdqlm_univar_synth","draw_019",284,"2021-01-06","history","0.760089611620007"
"exdqlm_univar_synth","draw_019",284,"2021-01-07","history","0.646343887339995"
"exdqlm_univar_synth","draw_019",284,"2021-01-08","history","0.350120186037923"
"exdqlm_univar_synth","draw_019",284,"2021-01-09","history","0.239973613529852"
"exdqlm_univar_synth","draw_019",284,"2021-01-10","history","0.534768041002006"
"exdqlm_univar_synth","draw_019",284,"2021-01-11","history","0.597873577587961"
"exdqlm_univar_synth","draw_019",284,"2021-01-12","history","0.369164939150824"
"exdqlm_univar_synth","draw_019",284,"2021-01-13","history","0.509979494855958"
"exdqlm_univar_synth","draw_019",284,"2021-01-14","history","0.437912925891203"
"exdqlm_univar_synth","draw_019",284,"2021-01-15","history","0.438256244263159"
"exdqlm_univar_synth","draw_019",284,"2021-01-16","history","0.239745060106449"
"exdqlm_univar_synth","draw_019",284,"2021-01-17","history","0.247483119341887"
"exdqlm_univar_synth","draw_019",284,"2021-01-18","history","0.268176321548194"
"exdqlm_univar_synth","draw_019",284,"2021-01-19","history","0.543033074533083"
"exdqlm_univar_synth","draw_019",284,"2021-01-20","history","0.275764156205247"
"exdqlm_univar_synth","draw_019",284,"2021-01-21","history","0.641904323450840"
"exdqlm_univar_synth","draw_019",284,"2021-01-22","history","0.429334924790935"
"exdqlm_univar_synth","draw_019",284,"2021-01-23","history","0.400705280230810"
"exdqlm_univar_synth","draw_020",300,"2021-01-05","history","0.725214071142441"
"exdqlm_univar_synth","draw_020",300,"2021-01-06","history","0.397808654672677"
"exdqlm_univar_synth","draw_020",300,"2021-01-07","history","0.524550670001860"
"exdqlm_univar_synth","draw_020",300,"2021-01-08","history","0.363010616091871"
"exdqlm_univar_synth","draw_020",300,"2021-01-09","history","0.452013089917130"
"exdqlm_univar_synth","draw_020",300,"2021-01-10","history","0.675211322763152"
"exdqlm_univar_synth","draw_020",300,"2021-01-11","history","0.587385891550007"
"exdqlm_univar_synth","draw_020",300,"2021-01-12","history","0.452515248611842"
"exdqlm_univar_synth","draw_020",300,"2021-01-13","history","0.375239677705950"
"exdqlm_univar_synth","draw_020",300,"2021-01-14","history","0.391116561559499"
"exdqlm_univar_synth","draw_020",300,"2021-01-15","history","0.433588009194192"
"exdqlm_univar_synth","draw_020",300,"2021-01-16","history","0.425172740621481"
"exdqlm_univar_synth","draw_020",300,"2021-01-17","history","0.218575466996452"
"exdqlm_univar_synth","draw_020",300,"2021-01-18","history","0.276078797336518"
"exdqlm_univar_synth","draw_020",300,"2021-01-19","history","0.273521866555833"
"exdqlm_univar_synth","draw_020",300,"2021-01-20","history","0.407966467429282"
"exdqlm_univar_synth","draw_020",300,"2021-01-21","history","0.566226693450334"
"exdqlm_univar_synth","draw_020",300,"2021-01-22","history","0.439278430857350"
"exdqlm_univar_synth","draw_020",300,"2021-01-23","history","0.856134004053078"
"exdqlm_univar_synth","draw_021",316,"2021-01-05","history","0.559858547347151"
"exdqlm_univar_synth","draw_021",316,"2021-01-06","history","0.704112152999282"
"exdqlm_univar_synth","draw_021",316,"2021-01-07","history","0.581088552884802"
"exdqlm_univar_synth","draw_021",316,"2021-01-08","history","0.210942780864330"
"exdqlm_univar_synth","draw_021",316,"2021-01-09","history","0.497628487177731"
"exdqlm_univar_synth","draw_021",316,"2021-01-10","history","0.210074538424213"
"exdqlm_univar_synth","draw_021",316,"2021-01-11","history","0.340397156400449"
"exdqlm_univar_synth","draw_021",316,"2021-01-12","history","0.605582627826399"
"exdqlm_univar_synth","draw_021",316,"2021-01-13","history","0.276154341434706"
"exdqlm_univar_synth","draw_021",316,"2021-01-14","history","0.236743900036714"
"exdqlm_univar_synth","draw_021",316,"2021-01-15","history","0.344304915367706"
"exdqlm_univar_synth","draw_021",316,"2021-01-16","history","0.364936525875458"
"exdqlm_univar_synth","draw_021",316,"2021-01-17","history","0.582225804397682"
"exdqlm_univar_synth","draw_021",316,"2021-01-18","history","0.365169499897020"
"exdqlm_univar_synth","draw_021",316,"2021-01-19","history","0.476077602267333"
"exdqlm_univar_synth","draw_021",316,"2021-01-20","history","0.503990427200278"
"exdqlm_univar_synth","draw_021",316,"2021-01-21","history","0.345311049683332"
"exdqlm_univar_synth","draw_021",316,"2021-01-22","history","0.715570726089627"
"exdqlm_univar_synth","draw_021",316,"2021-01-23","history","1.06300411057574"
"exdqlm_univar_synth","draw_022",332,"2021-01-05","history","1.24538863778131"
"exdqlm_univar_synth","draw_022",332,"2021-01-06","history","0.699224555981996"
"exdqlm_univar_synth","draw_022",332,"2021-01-07","history","0.684890751034423"
"exdqlm_univar_synth","draw_022",332,"2021-01-08","history","0.470452137694417"
"exdqlm_univar_synth","draw_022",332,"2021-01-09","history","0.318897227124028"
"exdqlm_univar_synth","draw_022",332,"2021-01-10","history","0.448635455399141"
"exdqlm_univar_synth","draw_022",332,"2021-01-11","history","0.353800916826639"
"exdqlm_univar_synth","draw_022",332,"2021-01-12","history","0.274571222858085"
"exdqlm_univar_synth","draw_022",332,"2021-01-13","history","0.449822780693926"
"exdqlm_univar_synth","draw_022",332,"2021-01-14","history","0.473118189471341"
"exdqlm_univar_synth","draw_022",332,"2021-01-15","history","0.0559770142608894"
"exdqlm_univar_synth","draw_022",332,"2021-01-16","history","0.486505876115492"
"exdqlm_univar_synth","draw_022",332,"2021-01-17","history","0.267052107359622"
"exdqlm_univar_synth","draw_022",332,"2021-01-18","history","0.363672002192094"
"exdqlm_univar_synth","draw_022",332,"2021-01-19","history","0.377719455046142"
"exdqlm_univar_synth","draw_022",332,"2021-01-20","history","0.369180722595654"
"exdqlm_univar_synth","draw_022",332,"2021-01-21","history","0.298372063357580"
"exdqlm_univar_synth","draw_022",332,"2021-01-22","history","0.465787685396965"
"exdqlm_univar_synth","draw_022",332,"2021-01-23","history","0.250120390826775"
"exdqlm_univar_synth","draw_023",347,"2021-01-05","history","1.26659565740782"
"exdqlm_univar_synth","draw_023",347,"2021-01-06","history","0.551448686563495"
"exdqlm_univar_synth","draw_023",347,"2021-01-07","history","0.645729425393134"
"exdqlm_univar_synth","draw_023",347,"2021-01-08","history","0.452926765217852"
"exdqlm_univar_synth","draw_023",347,"2021-01-09","history","0.665107396325311"
"exdqlm_univar_synth","draw_023",347,"2021-01-10","history","0.230842169772157"
"exdqlm_univar_synth","draw_023",347,"2021-01-11","history","0.354100457539679"
"exdqlm_univar_synth","draw_023",347,"2021-01-12","history","0.266267576209224"
"exdqlm_univar_synth","draw_023",347,"2021-01-13","history","0.354787412221829"
"exdqlm_univar_synth","draw_023",347,"2021-01-14","history","0.390445109434171"
"exdqlm_univar_synth","draw_023",347,"2021-01-15","history","0.238767055024148"
"exdqlm_univar_synth","draw_023",347,"2021-01-16","history","0.272016063412453"
"exdqlm_univar_synth","draw_023",347,"2021-01-17","history","0.488920967677761"
"exdqlm_univar_synth","draw_023",347,"2021-01-18","history","0.470411203163989"
"exdqlm_univar_synth","draw_023",347,"2021-01-19","history","0.253299886852905"
"exdqlm_univar_synth","draw_023",347,"2021-01-20","history","0.536462026352957"
"exdqlm_univar_synth","draw_023",347,"2021-01-21","history","0.397008245376922"
"exdqlm_univar_synth","draw_023",347,"2021-01-22","history","0.493683194809389"
"exdqlm_univar_synth","draw_023",347,"2021-01-23","history","0.401493589809578"
"exdqlm_univar_synth","draw_024",363,"2021-01-05","history","1.24489866299750"
"exdqlm_univar_synth","draw_024",363,"2021-01-06","history","0.268735474218108"
"exdqlm_univar_synth","draw_024",363,"2021-01-07","history","0.247368244601190"
"exdqlm_univar_synth","draw_024",363,"2021-01-08","history","0.509881171023628"
"exdqlm_univar_synth","draw_024",363,"2021-01-09","history","0.243160190955395"
"exdqlm_univar_synth","draw_024",363,"2021-01-10","history","0.342079022194543"
"exdqlm_univar_synth","draw_024",363,"2021-01-11","history","0.342521356960429"
"exdqlm_univar_synth","draw_024",363,"2021-01-12","history","0.312970729340862"
"exdqlm_univar_synth","draw_024",363,"2021-01-13","history","0.306287749251748"
"exdqlm_univar_synth","draw_024",363,"2021-01-14","history","0.238782548450068"
"exdqlm_univar_synth","draw_024",363,"2021-01-15","history","0.573785675034964"
"exdqlm_univar_synth","draw_024",363,"2021-01-16","history","0.290042993188556"
"exdqlm_univar_synth","draw_024",363,"2021-01-17","history","0.329330394331094"
"exdqlm_univar_synth","draw_024",363,"2021-01-18","history","0.445078620673905"
"exdqlm_univar_synth","draw_024",363,"2021-01-19","history","0.349251442352193"
"exdqlm_univar_synth","draw_024",363,"2021-01-20","history","0.559086147866402"
"exdqlm_univar_synth","draw_024",363,"2021-01-21","history","0.600863316108340"
"exdqlm_univar_synth","draw_024",363,"2021-01-22","history","0.421892852150368"
"exdqlm_univar_synth","draw_024",363,"2021-01-23","history","0.449879263976943"
"exdqlm_univar_synth","draw_025",379,"2021-01-05","history","0.990984023061408"
"exdqlm_univar_synth","draw_025",379,"2021-01-06","history","0.636492397703928"
"exdqlm_univar_synth","draw_025",379,"2021-01-07","history","0.810828202116506"
"exdqlm_univar_synth","draw_025",379,"2021-01-08","history","0.329758214843915"
"exdqlm_univar_synth","draw_025",379,"2021-01-09","history","0.535552377635902"
"exdqlm_univar_synth","draw_025",379,"2021-01-10","history","0.325003821366582"
"exdqlm_univar_synth","draw_025",379,"2021-01-11","history","0.157059066095632"
"exdqlm_univar_synth","draw_025",379,"2021-01-12","history","0.397071394001644"
"exdqlm_univar_synth","draw_025",379,"2021-01-13","history","0.614317326970350"
"exdqlm_univar_synth","draw_025",379,"2021-01-14","history","0.265754255326918"
"exdqlm_univar_synth","draw_025",379,"2021-01-15","history","0.245176608778355"
"exdqlm_univar_synth","draw_025",379,"2021-01-16","history","0.327070622947578"
"exdqlm_univar_synth","draw_025",379,"2021-01-17","history","0.404951363890142"
"exdqlm_univar_synth","draw_025",379,"2021-01-18","history","0.664342763420433"
"exdqlm_univar_synth","draw_025",379,"2021-01-19","history","0.275608097984960"
"exdqlm_univar_synth","draw_025",379,"2021-01-20","history","0.410268294295623"
"exdqlm_univar_synth","draw_025",379,"2021-01-21","history","0.389384755423251"
"exdqlm_univar_synth","draw_025",379,"2021-01-22","history","0.265783783040996"
"exdqlm_univar_synth","draw_025",379,"2021-01-23","history","0.650085262039653"
"exdqlm_univar_synth","draw_026",395,"2021-01-05","history","0.522100226432556"
"exdqlm_univar_synth","draw_026",395,"2021-01-06","history","0.503181262519852"
"exdqlm_univar_synth","draw_026",395,"2021-01-07","history","0.741880400892836"
"exdqlm_univar_synth","draw_026",395,"2021-01-08","history","0.376229050159878"
"exdqlm_univar_synth","draw_026",395,"2021-01-09","history","0.421985460833082"
"exdqlm_univar_synth","draw_026",395,"2021-01-10","history","0.426696774597638"
"exdqlm_univar_synth","draw_026",395,"2021-01-11","history","0.674778017520958"
"exdqlm_univar_synth","draw_026",395,"2021-01-12","history","0.342305940852547"
"exdqlm_univar_synth","draw_026",395,"2021-01-13","history","0.348175552130976"
"exdqlm_univar_synth","draw_026",395,"2021-01-14","history","0.396516686424523"
"exdqlm_univar_synth","draw_026",395,"2021-01-15","history","0.304386693687668"
"exdqlm_univar_synth","draw_026",395,"2021-01-16","history","0.305656042405472"
"exdqlm_univar_synth","draw_026",395,"2021-01-17","history","0.313569374648322"
"exdqlm_univar_synth","draw_026",395,"2021-01-18","history","0.286942370991276"
"exdqlm_univar_synth","draw_026",395,"2021-01-19","history","0.386040366931660"
"exdqlm_univar_synth","draw_026",395,"2021-01-20","history","0.511900882853390"
"exdqlm_univar_synth","draw_026",395,"2021-01-21","history","0.464084685071356"
"exdqlm_univar_synth","draw_026",395,"2021-01-22","history","0.526466407746583"
"exdqlm_univar_synth","draw_026",395,"2021-01-23","history","0.440271892701868"
"exdqlm_univar_synth","draw_027",410,"2021-01-05","history","1.06801332918246"
"exdqlm_univar_synth","draw_027",410,"2021-01-06","history","0.416979531339370"
"exdqlm_univar_synth","draw_027",410,"2021-01-07","history","0.345319176167039"
"exdqlm_univar_synth","draw_027",410,"2021-01-08","history","0.504333432385117"
"exdqlm_univar_synth","draw_027",410,"2021-01-09","history","0.258138423492174"
"exdqlm_univar_synth","draw_027",410,"2021-01-10","history","0.558512295906522"
"exdqlm_univar_synth","draw_027",410,"2021-01-11","history","0.342535635985158"
"exdqlm_univar_synth","draw_027",410,"2021-01-12","history","0.246514687313530"
"exdqlm_univar_synth","draw_027",410,"2021-01-13","history","0.275289320750768"
"exdqlm_univar_synth","draw_027",410,"2021-01-14","history","0.630309867294782"
"exdqlm_univar_synth","draw_027",410,"2021-01-15","history","0.436688974548053"
"exdqlm_univar_synth","draw_027",410,"2021-01-16","history","0.384833596373596"
"exdqlm_univar_synth","draw_027",410,"2021-01-17","history","0.241971240710313"
"exdqlm_univar_synth","draw_027",410,"2021-01-18","history","0.389998170861248"
"exdqlm_univar_synth","draw_027",410,"2021-01-19","history","0.412168375115457"
"exdqlm_univar_synth","draw_027",410,"2021-01-20","history","0.287432868274354"
"exdqlm_univar_synth","draw_027",410,"2021-01-21","history","0.304055919824984"
"exdqlm_univar_synth","draw_027",410,"2021-01-22","history","0.372104425021916"
"exdqlm_univar_synth","draw_027",410,"2021-01-23","history","0.367133790612000"
"exdqlm_univar_synth","draw_028",426,"2021-01-05","history","0.522817258427973"
"exdqlm_univar_synth","draw_028",426,"2021-01-06","history","0.351959163014627"
"exdqlm_univar_synth","draw_028",426,"2021-01-07","history","0.307720656165098"
"exdqlm_univar_synth","draw_028",426,"2021-01-08","history","0.547544621463456"
"exdqlm_univar_synth","draw_028",426,"2021-01-09","history","0.592805054056128"
"exdqlm_univar_synth","draw_028",426,"2021-01-10","history","0.419279912832231"
"exdqlm_univar_synth","draw_028",426,"2021-01-11","history","0.457744659166779"
"exdqlm_univar_synth","draw_028",426,"2021-01-12","history","0.419007383911484"
"exdqlm_univar_synth","draw_028",426,"2021-01-13","history","0.258129103718367"
"exdqlm_univar_synth","draw_028",426,"2021-01-14","history","0.251471003369960"
"exdqlm_univar_synth","draw_028",426,"2021-01-15","history","0.237075487008677"
"exdqlm_univar_synth","draw_028",426,"2021-01-16","history","0.387744506653660"
"exdqlm_univar_synth","draw_028",426,"2021-01-17","history","0.550212382290084"
"exdqlm_univar_synth","draw_028",426,"2021-01-18","history","0.336956971322269"
"exdqlm_univar_synth","draw_028",426,"2021-01-19","history","0.406633268747050"
"exdqlm_univar_synth","draw_028",426,"2021-01-20","history","0.364648333495047"
"exdqlm_univar_synth","draw_028",426,"2021-01-21","history","0.389280485253031"
"exdqlm_univar_synth","draw_028",426,"2021-01-22","history","0.628658794329635"
"exdqlm_univar_synth","draw_028",426,"2021-01-23","history","0.692751953117581"
"exdqlm_univar_synth","draw_029",442,"2021-01-05","history","0.455002325463317"
"exdqlm_univar_synth","draw_029",442,"2021-01-06","history","0.445924235753848"
"exdqlm_univar_synth","draw_029",442,"2021-01-07","history","0.550952659949944"
"exdqlm_univar_synth","draw_029",442,"2021-01-08","history","0.460954536771060"
"exdqlm_univar_synth","draw_029",442,"2021-01-09","history","0.587555407849321"
"exdqlm_univar_synth","draw_029",442,"2021-01-10","history","0.482086857112289"
"exdqlm_univar_synth","draw_029",442,"2021-01-11","history","0.387131579552214"
"exdqlm_univar_synth","draw_029",442,"2021-01-12","history","0.437226207027893"
"exdqlm_univar_synth","draw_029",442,"2021-01-13","history","0.0736585871843812"
"exdqlm_univar_synth","draw_029",442,"2021-01-14","history","0.428367707651875"
"exdqlm_univar_synth","draw_029",442,"2021-01-15","history","0.425444820497989"
"exdqlm_univar_synth","draw_029",442,"2021-01-16","history","0.430422260064492"
"exdqlm_univar_synth","draw_029",442,"2021-01-17","history","0.588399558609452"
"exdqlm_univar_synth","draw_029",442,"2021-01-18","history","0.556108144821304"
"exdqlm_univar_synth","draw_029",442,"2021-01-19","history","0.614261262109591"
"exdqlm_univar_synth","draw_029",442,"2021-01-20","history","0.477821576356724"
"exdqlm_univar_synth","draw_029",442,"2021-01-21","history","0.710576463087387"
"exdqlm_univar_synth","draw_029",442,"2021-01-22","history","0.431091418255747"
"exdqlm_univar_synth","draw_029",442,"2021-01-23","history","0.659884361754047"
"exdqlm_univar_synth","draw_030",457,"2021-01-05","history","0.552308333803467"
"exdqlm_univar_synth","draw_030",457,"2021-01-06","history","0.905540930427854"
"exdqlm_univar_synth","draw_030",457,"2021-01-07","history","0.494855267572324"
"exdqlm_univar_synth","draw_030",457,"2021-01-08","history","0.182709650547888"
"exdqlm_univar_synth","draw_030",457,"2021-01-09","history","0.226872694636984"
"exdqlm_univar_synth","draw_030",457,"2021-01-10","history","0.334198217287077"
"exdqlm_univar_synth","draw_030",457,"2021-01-11","history","0.523067388466153"
"exdqlm_univar_synth","draw_030",457,"2021-01-12","history","0.279592413207010"
"exdqlm_univar_synth","draw_030",457,"2021-01-13","history","0.249511882716947"
"exdqlm_univar_synth","draw_030",457,"2021-01-14","history","0.635819100654162"
"exdqlm_univar_synth","draw_030",457,"2021-01-15","history","0.269589337426375"
"exdqlm_univar_synth","draw_030",457,"2021-01-16","history","0.246114322125622"
"exdqlm_univar_synth","draw_030",457,"2021-01-17","history","0.361302647502506"
"exdqlm_univar_synth","draw_030",457,"2021-01-18","history","0.250905068518443"
"exdqlm_univar_synth","draw_030",457,"2021-01-19","history","0.274729418155073"
"exdqlm_univar_synth","draw_030",457,"2021-01-20","history","0.557571350555472"
"exdqlm_univar_synth","draw_030",457,"2021-01-21","history","0.341319727001205"
"exdqlm_univar_synth","draw_030",457,"2021-01-22","history","0.450531859752307"
"exdqlm_univar_synth","draw_030",457,"2021-01-23","history","0.924377294735036"
"exdqlm_univar_synth","draw_031",473,"2021-01-05","history","0.691351157284761"
"exdqlm_univar_synth","draw_031",473,"2021-01-06","history","0.576129146276363"
"exdqlm_univar_synth","draw_031",473,"2021-01-07","history","0.206760287953231"
"exdqlm_univar_synth","draw_031",473,"2021-01-08","history","0.446660273876415"
"exdqlm_univar_synth","draw_031",473,"2021-01-09","history","0.232178929153908"
"exdqlm_univar_synth","draw_031",473,"2021-01-10","history","0.216369278692358"
"exdqlm_univar_synth","draw_031",473,"2021-01-11","history","0.568154709028565"
"exdqlm_univar_synth","draw_031",473,"2021-01-12","history","0.393708818710040"
"exdqlm_univar_synth","draw_031",473,"2021-01-13","history","0.692036053285332"
"exdqlm_univar_synth","draw_031",473,"2021-01-14","history","0.537198013175801"
"exdqlm_univar_synth","draw_031",473,"2021-01-15","history","0.219418541723982"
"exdqlm_univar_synth","draw_031",473,"2021-01-16","history","0.326223811017636"
"exdqlm_univar_synth","draw_031",473,"2021-01-17","history","0.548532059616604"
"exdqlm_univar_synth","draw_031",473,"2021-01-18","history","0.344230260216531"
"exdqlm_univar_synth","draw_031",473,"2021-01-19","history","0.287011236753191"
"exdqlm_univar_synth","draw_031",473,"2021-01-20","history","0.426379109292635"
"exdqlm_univar_synth","draw_031",473,"2021-01-21","history","0.504339878327664"
"exdqlm_univar_synth","draw_031",473,"2021-01-22","history","0.384016690382229"
"exdqlm_univar_synth","draw_031",473,"2021-01-23","history","0.511056711714599"
"exdqlm_univar_synth","draw_032",489,"2021-01-05","history","1.02214477364574"
"exdqlm_univar_synth","draw_032",489,"2021-01-06","history","0.405137824647562"
"exdqlm_univar_synth","draw_032",489,"2021-01-07","history","0.256936823035546"
"exdqlm_univar_synth","draw_032",489,"2021-01-08","history","0.633345469446868"
"exdqlm_univar_synth","draw_032",489,"2021-01-09","history","0.513736294576513"
"exdqlm_univar_synth","draw_032",489,"2021-01-10","history","0.703640347316067"
"exdqlm_univar_synth","draw_032",489,"2021-01-11","history","0.277381970001009"
"exdqlm_univar_synth","draw_032",489,"2021-01-12","history","0.265891816783646"
"exdqlm_univar_synth","draw_032",489,"2021-01-13","history","0.519422182226052"
"exdqlm_univar_synth","draw_032",489,"2021-01-14","history","0.466963221376123"
"exdqlm_univar_synth","draw_032",489,"2021-01-15","history","0.599542125277178"
"exdqlm_univar_synth","draw_032",489,"2021-01-16","history","0.400161837241074"
"exdqlm_univar_synth","draw_032",489,"2021-01-17","history","0.276404337260068"
"exdqlm_univar_synth","draw_032",489,"2021-01-18","history","0.284801053784072"
"exdqlm_univar_synth","draw_032",489,"2021-01-19","history","0.490544826504609"
"exdqlm_univar_synth","draw_032",489,"2021-01-20","history","0.442506983056371"
"exdqlm_univar_synth","draw_032",489,"2021-01-21","history","0.289765037442660"
"exdqlm_univar_synth","draw_032",489,"2021-01-22","history","0.399273412405656"
"exdqlm_univar_synth","draw_032",489,"2021-01-23","history","0.637336824315657"
"exdqlm_univar_synth","draw_033",505,"2021-01-05","history","0.593601035578303"
"exdqlm_univar_synth","draw_033",505,"2021-01-06","history","0.480249995966491"
"exdqlm_univar_synth","draw_033",505,"2021-01-07","history","0.482188309313259"
"exdqlm_univar_synth","draw_033",505,"2021-01-08","history","0.196886027147920"
"exdqlm_univar_synth","draw_033",505,"2021-01-09","history","0.193818172349396"
"exdqlm_univar_synth","draw_033",505,"2021-01-10","history","0.336992845078095"
"exdqlm_univar_synth","draw_033",505,"2021-01-11","history","0.363315582591854"
"exdqlm_univar_synth","draw_033",505,"2021-01-12","history","0.321503404257624"
"exdqlm_univar_synth","draw_033",505,"2021-01-13","history","0.328439088676881"
"exdqlm_univar_synth","draw_033",505,"2021-01-14","history","0.234749825073430"
"exdqlm_univar_synth","draw_033",505,"2021-01-15","history","0.529590635277511"
"exdqlm_univar_synth","draw_033",505,"2021-01-16","history","0.491514592315134"
"exdqlm_univar_synth","draw_033",505,"2021-01-17","history","0.475433692939001"
"exdqlm_univar_synth","draw_033",505,"2021-01-18","history","0.324748886328895"
"exdqlm_univar_synth","draw_033",505,"2021-01-19","history","0.259353409258901"
"exdqlm_univar_synth","draw_033",505,"2021-01-20","history","0.300081211233762"
"exdqlm_univar_synth","draw_033",505,"2021-01-21","history","0.261978110118030"
"exdqlm_univar_synth","draw_033",505,"2021-01-22","history","0.258126085095128"
"exdqlm_univar_synth","draw_033",505,"2021-01-23","history","0.442010774649318"
"exdqlm_univar_synth","draw_034",520,"2021-01-05","history","0.982801376168395"
"exdqlm_univar_synth","draw_034",520,"2021-01-06","history","0.494203810596218"
"exdqlm_univar_synth","draw_034",520,"2021-01-07","history","0.342244923700887"
"exdqlm_univar_synth","draw_034",520,"2021-01-08","history","0.350981967159302"
"exdqlm_univar_synth","draw_034",520,"2021-01-09","history","0.213815445510141"
"exdqlm_univar_synth","draw_034",520,"2021-01-10","history","0.169299252465342"
"exdqlm_univar_synth","draw_034",520,"2021-01-11","history","0.417846506327254"
"exdqlm_univar_synth","draw_034",520,"2021-01-12","history","0.470708616817352"
"exdqlm_univar_synth","draw_034",520,"2021-01-13","history","0.312310476062561"
"exdqlm_univar_synth","draw_034",520,"2021-01-14","history","0.234650443673303"
"exdqlm_univar_synth","draw_034",520,"2021-01-15","history","0.317550320665698"
"exdqlm_univar_synth","draw_034",520,"2021-01-16","history","0.571826724749448"
"exdqlm_univar_synth","draw_034",520,"2021-01-17","history","0.360273355924564"
"exdqlm_univar_synth","draw_034",520,"2021-01-18","history","0.275591686352826"
"exdqlm_univar_synth","draw_034",520,"2021-01-19","history","0.589315402210184"
"exdqlm_univar_synth","draw_034",520,"2021-01-20","history","0.311551343408750"
"exdqlm_univar_synth","draw_034",520,"2021-01-21","history","0.376817457642491"
"exdqlm_univar_synth","draw_034",520,"2021-01-22","history","0.440930045155245"
"exdqlm_univar_synth","draw_034",520,"2021-01-23","history","0.422348633742543"
"exdqlm_univar_synth","draw_035",536,"2021-01-05","history","0.732758131057272"
"exdqlm_univar_synth","draw_035",536,"2021-01-06","history","0.513941237173553"
"exdqlm_univar_synth","draw_035",536,"2021-01-07","history","0.742106153670696"
"exdqlm_univar_synth","draw_035",536,"2021-01-08","history","0.452208421853416"
"exdqlm_univar_synth","draw_035",536,"2021-01-09","history","0.411262325026760"
"exdqlm_univar_synth","draw_035",536,"2021-01-10","history","0.262391235969730"
"exdqlm_univar_synth","draw_035",536,"2021-01-11","history","0.273874358664870"
"exdqlm_univar_synth","draw_035",536,"2021-01-12","history","0.256376453350167"
"exdqlm_univar_synth","draw_035",536,"2021-01-13","history","0.403925543743642"
"exdqlm_univar_synth","draw_035",536,"2021-01-14","history","0.517565570904473"
"exdqlm_univar_synth","draw_035",536,"2021-01-15","history","0.425478458481260"
"exdqlm_univar_synth","draw_035",536,"2021-01-16","history","0.444907389804634"
"exdqlm_univar_synth","draw_035",536,"2021-01-17","history","0.272685100192855"
"exdqlm_univar_synth","draw_035",536,"2021-01-18","history","0.312414564340817"
"exdqlm_univar_synth","draw_035",536,"2021-01-19","history","0.286958990195261"
"exdqlm_univar_synth","draw_035",536,"2021-01-20","history","0.263411656485624"
"exdqlm_univar_synth","draw_035",536,"2021-01-21","history","0.213287640549476"
"exdqlm_univar_synth","draw_035",536,"2021-01-22","history","0.690099652715989"
"exdqlm_univar_synth","draw_035",536,"2021-01-23","history","0.402571054801932"
"exdqlm_univar_synth","draw_036",552,"2021-01-05","history","0.864895691193087"
"exdqlm_univar_synth","draw_036",552,"2021-01-06","history","0.294502719136625"
"exdqlm_univar_synth","draw_036",552,"2021-01-07","history","0.452879407742831"
"exdqlm_univar_synth","draw_036",552,"2021-01-08","history","0.252214975579186"
"exdqlm_univar_synth","draw_036",552,"2021-01-09","history","0.504595544114855"
"exdqlm_univar_synth","draw_036",552,"2021-01-10","history","0.296582055652422"
"exdqlm_univar_synth","draw_036",552,"2021-01-11","history","0.00685641443287441"
"exdqlm_univar_synth","draw_036",552,"2021-01-12","history","0.302811555038153"
"exdqlm_univar_synth","draw_036",552,"2021-01-13","history","0.479346498485199"
"exdqlm_univar_synth","draw_036",552,"2021-01-14","history","0.361568088833244"
"exdqlm_univar_synth","draw_036",552,"2021-01-15","history","0.317311395176359"
"exdqlm_univar_synth","draw_036",552,"2021-01-16","history","0.321953907866432"
"exdqlm_univar_synth","draw_036",552,"2021-01-17","history","0.449319497705475"
"exdqlm_univar_synth","draw_036",552,"2021-01-18","history","0.371098423189415"
"exdqlm_univar_synth","draw_036",552,"2021-01-19","history","0.303082582766100"
"exdqlm_univar_synth","draw_036",552,"2021-01-20","history","0.378785064496896"
"exdqlm_univar_synth","draw_036",552,"2021-01-21","history","0.559636849993958"
"exdqlm_univar_synth","draw_036",552,"2021-01-22","history","0.423452301228603"
"exdqlm_univar_synth","draw_036",552,"2021-01-23","history","0.429927373860064"
"exdqlm_univar_synth","draw_037",568,"2021-01-05","history","0.698103499445027"
"exdqlm_univar_synth","draw_037",568,"2021-01-06","history","0.532405654845315"
"exdqlm_univar_synth","draw_037",568,"2021-01-07","history","0.531101056017855"
"exdqlm_univar_synth","draw_037",568,"2021-01-08","history","0.658606107208247"
"exdqlm_univar_synth","draw_037",568,"2021-01-09","history","0.239895973927535"
"exdqlm_univar_synth","draw_037",568,"2021-01-10","history","0.278034902338092"
"exdqlm_univar_synth","draw_037",568,"2021-01-11","history","0.452976154890052"
"exdqlm_univar_synth","draw_037",568,"2021-01-12","history","0.315260320020299"
"exdqlm_univar_synth","draw_037",568,"2021-01-13","history","0.334491817784488"
"exdqlm_univar_synth","draw_037",568,"2021-01-14","history","0.204736840481560"
"exdqlm_univar_synth","draw_037",568,"2021-01-15","history","0.349048493344123"
"exdqlm_univar_synth","draw_037",568,"2021-01-16","history","0.361510734603203"
"exdqlm_univar_synth","draw_037",568,"2021-01-17","history","0.527252878786941"
"exdqlm_univar_synth","draw_037",568,"2021-01-18","history","0.459026440582927"
"exdqlm_univar_synth","draw_037",568,"2021-01-19","history","0.383121811124813"
"exdqlm_univar_synth","draw_037",568,"2021-01-20","history","0.462915748234769"
"exdqlm_univar_synth","draw_037",568,"2021-01-21","history","0.427195837792269"
"exdqlm_univar_synth","draw_037",568,"2021-01-22","history","0.395065228914647"
"exdqlm_univar_synth","draw_037",568,"2021-01-23","history","0.973681103961148"
"exdqlm_univar_synth","draw_038",583,"2021-01-05","history","0.606486906691227"
"exdqlm_univar_synth","draw_038",583,"2021-01-06","history","0.346183386999365"
"exdqlm_univar_synth","draw_038",583,"2021-01-07","history","0.423650077767035"
"exdqlm_univar_synth","draw_038",583,"2021-01-08","history","0.472583061650746"
"exdqlm_univar_synth","draw_038",583,"2021-01-09","history","0.340349609116129"
"exdqlm_univar_synth","draw_038",583,"2021-01-10","history","0.352193914133581"
"exdqlm_univar_synth","draw_038",583,"2021-01-11","history","0.0599388689394018"
"exdqlm_univar_synth","draw_038",583,"2021-01-12","history","0.587793268362817"
"exdqlm_univar_synth","draw_038",583,"2021-01-13","history","0.260859231239732"
"exdqlm_univar_synth","draw_038",583,"2021-01-14","history","0.257672941424022"
"exdqlm_univar_synth","draw_038",583,"2021-01-15","history","0.401066477718196"
"exdqlm_univar_synth","draw_038",583,"2021-01-16","history","0.351283760713992"
"exdqlm_univar_synth","draw_038",583,"2021-01-17","history","0.645479938013572"
"exdqlm_univar_synth","draw_038",583,"2021-01-18","history","0.275494398056828"
"exdqlm_univar_synth","draw_038",583,"2021-01-19","history","0.545605219786330"
"exdqlm_univar_synth","draw_038",583,"2021-01-20","history","0.423592199861310"
"exdqlm_univar_synth","draw_038",583,"2021-01-21","history","0.485413584459538"
"exdqlm_univar_synth","draw_038",583,"2021-01-22","history","0.494047595866858"
"exdqlm_univar_synth","draw_038",583,"2021-01-23","history","0.567387040351462"
"exdqlm_univar_synth","draw_039",599,"2021-01-05","history","0.796979594395251"
"exdqlm_univar_synth","draw_039",599,"2021-01-06","history","0.508037179379492"
"exdqlm_univar_synth","draw_039",599,"2021-01-07","history","0.691808799587253"
"exdqlm_univar_synth","draw_039",599,"2021-01-08","history","0.283378016900652"
"exdqlm_univar_synth","draw_039",599,"2021-01-09","history","0.433329305108006"
"exdqlm_univar_synth","draw_039",599,"2021-01-10","history","0.472156031416760"
"exdqlm_univar_synth","draw_039",599,"2021-01-11","history","0.420281607647482"
"exdqlm_univar_synth","draw_039",599,"2021-01-12","history","0.101058381701034"
"exdqlm_univar_synth","draw_039",599,"2021-01-13","history","0.244418863274194"
"exdqlm_univar_synth","draw_039",599,"2021-01-14","history","0.479184191882436"
"exdqlm_univar_synth","draw_039",599,"2021-01-15","history","0.239172065439787"
"exdqlm_univar_synth","draw_039",599,"2021-01-16","history","0.590863215789830"
"exdqlm_univar_synth","draw_039",599,"2021-01-17","history","0.254916824254764"
"exdqlm_univar_synth","draw_039",599,"2021-01-18","history","0.261441537718462"
"exdqlm_univar_synth","draw_039",599,"2021-01-19","history","0.262936948340482"
"exdqlm_univar_synth","draw_039",599,"2021-01-20","history","0.275683277805221"
"exdqlm_univar_synth","draw_039",599,"2021-01-21","history","0.309773531162685"
"exdqlm_univar_synth","draw_039",599,"2021-01-22","history","0.389729793870266"
"exdqlm_univar_synth","draw_039",599,"2021-01-23","history","0.769614963260331"
"exdqlm_univar_synth","draw_040",615,"2021-01-05","history","0.880096445855994"
"exdqlm_univar_synth","draw_040",615,"2021-01-06","history","0.203926671605902"
"exdqlm_univar_synth","draw_040",615,"2021-01-07","history","0.278998453578474"
"exdqlm_univar_synth","draw_040",615,"2021-01-08","history","0.537800883309713"
"exdqlm_univar_synth","draw_040",615,"2021-01-09","history","0.291825639749019"
"exdqlm_univar_synth","draw_040",615,"2021-01-10","history","0.170698410401122"
"exdqlm_univar_synth","draw_040",615,"2021-01-11","history","0.529251554384533"
"exdqlm_univar_synth","draw_040",615,"2021-01-12","history","0.430606003312841"
"exdqlm_univar_synth","draw_040",615,"2021-01-13","history","0.594335871445256"
"exdqlm_univar_synth","draw_040",615,"2021-01-14","history","0.275677803484295"
"exdqlm_univar_synth","draw_040",615,"2021-01-15","history","0.222777755648037"
"exdqlm_univar_synth","draw_040",615,"2021-01-16","history","0.317466646731346"
"exdqlm_univar_synth","draw_040",615,"2021-01-17","history","0.375318568340132"
"exdqlm_univar_synth","draw_040",615,"2021-01-18","history","0.595150344831268"
"exdqlm_univar_synth","draw_040",615,"2021-01-19","history","0.409949547362476"
"exdqlm_univar_synth","draw_040",615,"2021-01-20","history","0.611056458949791"
"exdqlm_univar_synth","draw_040",615,"2021-01-21","history","0.266396412212413"
"exdqlm_univar_synth","draw_040",615,"2021-01-22","history","0.376251655066126"
"exdqlm_univar_synth","draw_040",615,"2021-01-23","history","0.647791093163849"
"exdqlm_univar_synth","draw_041",631,"2021-01-05","history","0.945059974248415"
"exdqlm_univar_synth","draw_041",631,"2021-01-06","history","0.478012609444687"
"exdqlm_univar_synth","draw_041",631,"2021-01-07","history","0.823668791272905"
"exdqlm_univar_synth","draw_041",631,"2021-01-08","history","0.303810696464892"
"exdqlm_univar_synth","draw_041",631,"2021-01-09","history","0.322973389693663"
"exdqlm_univar_synth","draw_041",631,"2021-01-10","history","0.566821187204543"
"exdqlm_univar_synth","draw_041",631,"2021-01-11","history","0.276865836162724"
"exdqlm_univar_synth","draw_041",631,"2021-01-12","history","0.108589698044322"
"exdqlm_univar_synth","draw_041",631,"2021-01-13","history","0.302854545145593"
"exdqlm_univar_synth","draw_041",631,"2021-01-14","history","0.400724550762242"
"exdqlm_univar_synth","draw_041",631,"2021-01-15","history","0.344588742779033"
"exdqlm_univar_synth","draw_041",631,"2021-01-16","history","0.254094320535682"
"exdqlm_univar_synth","draw_041",631,"2021-01-17","history","0.277920732256880"
"exdqlm_univar_synth","draw_041",631,"2021-01-18","history","0.464015582465156"
"exdqlm_univar_synth","draw_041",631,"2021-01-19","history","0.244083190187896"
"exdqlm_univar_synth","draw_041",631,"2021-01-20","history","0.313052748070276"
"exdqlm_univar_synth","draw_041",631,"2021-01-21","history","0.325818416151573"
"exdqlm_univar_synth","draw_041",631,"2021-01-22","history","0.519476618743464"
"exdqlm_univar_synth","draw_041",631,"2021-01-23","history","0.556435799444310"
"exdqlm_univar_synth","draw_042",646,"2021-01-05","history","0.826038694411649"
"exdqlm_univar_synth","draw_042",646,"2021-01-06","history","0.336422127952292"
"exdqlm_univar_synth","draw_042",646,"2021-01-07","history","0.372405685074043"
"exdqlm_univar_synth","draw_042",646,"2021-01-08","history","0.597617015717968"
"exdqlm_univar_synth","draw_042",646,"2021-01-09","history","0.450396270377582"
"exdqlm_univar_synth","draw_042",646,"2021-01-10","history","0.547881167240442"
"exdqlm_univar_synth","draw_042",646,"2021-01-11","history","0.451413385034387"
"exdqlm_univar_synth","draw_042",646,"2021-01-12","history","0.240490215361406"
"exdqlm_univar_synth","draw_042",646,"2021-01-13","history","0.255801548291920"
"exdqlm_univar_synth","draw_042",646,"2021-01-14","history","0.527420189107637"
"exdqlm_univar_synth","draw_042",646,"2021-01-15","history","0.287849138304587"
"exdqlm_univar_synth","draw_042",646,"2021-01-16","history","0.419002933267221"
"exdqlm_univar_synth","draw_042",646,"2021-01-17","history","0.246228523043520"
"exdqlm_univar_synth","draw_042",646,"2021-01-18","history","0.528998301915819"
"exdqlm_univar_synth","draw_042",646,"2021-01-19","history","0.316672694963918"
"exdqlm_univar_synth","draw_042",646,"2021-01-20","history","0.356905229952304"
"exdqlm_univar_synth","draw_042",646,"2021-01-21","history","0.380856222719593"
"exdqlm_univar_synth","draw_042",646,"2021-01-22","history","0.505188454911586"
"exdqlm_univar_synth","draw_042",646,"2021-01-23","history","0.455153274309602"
"exdqlm_univar_synth","draw_043",662,"2021-01-05","history","1.23132030121279"
"exdqlm_univar_synth","draw_043",662,"2021-01-06","history","0.739253640275175"
"exdqlm_univar_synth","draw_043",662,"2021-01-07","history","0.286266353896118"
"exdqlm_univar_synth","draw_043",662,"2021-01-08","history","0.325665991001727"
"exdqlm_univar_synth","draw_043",662,"2021-01-09","history","0.485090218882214"
"exdqlm_univar_synth","draw_043",662,"2021-01-10","history","0.586882613019268"
"exdqlm_univar_synth","draw_043",662,"2021-01-11","history","0.242021483813202"
"exdqlm_univar_synth","draw_043",662,"2021-01-12","history","0.231361319055727"
"exdqlm_univar_synth","draw_043",662,"2021-01-13","history","0.432346388942817"
"exdqlm_univar_synth","draw_043",662,"2021-01-14","history","0.401258740181505"
"exdqlm_univar_synth","draw_043",662,"2021-01-15","history","0.601126536953320"
"exdqlm_univar_synth","draw_043",662,"2021-01-16","history","0.321238003558898"
"exdqlm_univar_synth","draw_043",662,"2021-01-17","history","0.366582621116699"
"exdqlm_univar_synth","draw_043",662,"2021-01-18","history","0.315611688006800"
"exdqlm_univar_synth","draw_043",662,"2021-01-19","history","0.325863261687067"
"exdqlm_univar_synth","draw_043",662,"2021-01-20","history","0.473574529726566"
"exdqlm_univar_synth","draw_043",662,"2021-01-21","history","0.352638496715550"
"exdqlm_univar_synth","draw_043",662,"2021-01-22","history","0.497017228310043"
"exdqlm_univar_synth","draw_043",662,"2021-01-23","history","0.497566809670260"
"exdqlm_univar_synth","draw_044",678,"2021-01-05","history","0.905959476505772"
"exdqlm_univar_synth","draw_044",678,"2021-01-06","history","0.211786537258329"
"exdqlm_univar_synth","draw_044",678,"2021-01-07","history","0.728838678429156"
"exdqlm_univar_synth","draw_044",678,"2021-01-08","history","0.492788720139141"
"exdqlm_univar_synth","draw_044",678,"2021-01-09","history","0.289753903684319"
"exdqlm_univar_synth","draw_044",678,"2021-01-10","history","0.393635713968064"
"exdqlm_univar_synth","draw_044",678,"2021-01-11","history","0.574759840273256"
"exdqlm_univar_synth","draw_044",678,"2021-01-12","history","0.396899266207289"
"exdqlm_univar_synth","draw_044",678,"2021-01-13","history","0.497113631174845"
"exdqlm_univar_synth","draw_044",678,"2021-01-14","history","0.426236402468678"
"exdqlm_univar_synth","draw_044",678,"2021-01-15","history","0.249364030370889"
"exdqlm_univar_synth","draw_044",678,"2021-01-16","history","0.290221103637768"
"exdqlm_univar_synth","draw_044",678,"2021-01-17","history","0.932224417040837"
"exdqlm_univar_synth","draw_044",678,"2021-01-18","history","0.281687356293110"
"exdqlm_univar_synth","draw_044",678,"2021-01-19","history","0.319749726401147"
"exdqlm_univar_synth","draw_044",678,"2021-01-20","history","0.313177978341015"
"exdqlm_univar_synth","draw_044",678,"2021-01-21","history","0.384402960453243"
"exdqlm_univar_synth","draw_044",678,"2021-01-22","history","0.654093321425595"
"exdqlm_univar_synth","draw_044",678,"2021-01-23","history","0.600482793011698"
"exdqlm_univar_synth","draw_045",694,"2021-01-05","history","0.819724214073691"
"exdqlm_univar_synth","draw_045",694,"2021-01-06","history","0.436323697435861"
"exdqlm_univar_synth","draw_045",694,"2021-01-07","history","0.380352391866081"
"exdqlm_univar_synth","draw_045",694,"2021-01-08","history","0.117877621829024"
"exdqlm_univar_synth","draw_045",694,"2021-01-09","history","0.331895760159138"
"exdqlm_univar_synth","draw_045",694,"2021-01-10","history","0.291556958023366"
"exdqlm_univar_synth","draw_045",694,"2021-01-11","history","0.355542747058943"
"exdqlm_univar_synth","draw_045",694,"2021-01-12","history","0.363531986008453"
"exdqlm_univar_synth","draw_045",694,"2021-01-13","history","0.410517883746703"
"exdqlm_univar_synth","draw_045",694,"2021-01-14","history","0.378814390638376"
"exdqlm_univar_synth","draw_045",694,"2021-01-15","history","0.390601793625951"
"exdqlm_univar_synth","draw_045",694,"2021-01-16","history","0.489283076684663"
"exdqlm_univar_synth","draw_045",694,"2021-01-17","history","0.419697131402557"
"exdqlm_univar_synth","draw_045",694,"2021-01-18","history","0.203121131528914"
"exdqlm_univar_synth","draw_045",694,"2021-01-19","history","0.380068448070059"
"exdqlm_univar_synth","draw_045",694,"2021-01-20","history","0.418353694428359"
"exdqlm_univar_synth","draw_045",694,"2021-01-21","history","0.380238800947213"
"exdqlm_univar_synth","draw_045",694,"2021-01-22","history","0.452415445484652"
"exdqlm_univar_synth","draw_045",694,"2021-01-23","history","0.482118459525722"
"exdqlm_univar_synth","draw_046",709,"2021-01-05","history","1.07015577141649"
"exdqlm_univar_synth","draw_046",709,"2021-01-06","history","0.500171373763602"
"exdqlm_univar_synth","draw_046",709,"2021-01-07","history","0.842287113865091"
"exdqlm_univar_synth","draw_046",709,"2021-01-08","history","0.213708418712409"
"exdqlm_univar_synth","draw_046",709,"2021-01-09","history","0.313807923819062"
"exdqlm_univar_synth","draw_046",709,"2021-01-10","history","0.456738242927120"
"exdqlm_univar_synth","draw_046",709,"2021-01-11","history","0.352196763844858"
"exdqlm_univar_synth","draw_046",709,"2021-01-12","history","0.286172779825580"
"exdqlm_univar_synth","draw_046",709,"2021-01-13","history","0.524866979420316"
"exdqlm_univar_synth","draw_046",709,"2021-01-14","history","0.736026305945996"
"exdqlm_univar_synth","draw_046",709,"2021-01-15","history","0.298835292521223"
"exdqlm_univar_synth","draw_046",709,"2021-01-16","history","0.249960843378484"
"exdqlm_univar_synth","draw_046",709,"2021-01-17","history","0.242997047089538"
"exdqlm_univar_synth","draw_046",709,"2021-01-18","history","0.360505162878868"
"exdqlm_univar_synth","draw_046",709,"2021-01-19","history","0.353665295826298"
"exdqlm_univar_synth","draw_046",709,"2021-01-20","history","0.268816211095412"
"exdqlm_univar_synth","draw_046",709,"2021-01-21","history","0.300172554496146"
"exdqlm_univar_synth","draw_046",709,"2021-01-22","history","0.397092307325025"
"exdqlm_univar_synth","draw_046",709,"2021-01-23","history","0.428632778104420"
"exdqlm_univar_synth","draw_047",725,"2021-01-05","history","0.642778399520367"
"exdqlm_univar_synth","draw_047",725,"2021-01-06","history","0.510279077279871"
"exdqlm_univar_synth","draw_047",725,"2021-01-07","history","0.364752772900595"
"exdqlm_univar_synth","draw_047",725,"2021-01-08","history","0.168527224702160"
"exdqlm_univar_synth","draw_047",725,"2021-01-09","history","0.574880813911843"
"exdqlm_univar_synth","draw_047",725,"2021-01-10","history","0.486298816027916"
"exdqlm_univar_synth","draw_047",725,"2021-01-11","history","0.478630316725694"
"exdqlm_univar_synth","draw_047",725,"2021-01-12","history","0.504659392119531"
"exdqlm_univar_synth","draw_047",725,"2021-01-13","history","0.542312621743349"
"exdqlm_univar_synth","draw_047",725,"2021-01-14","history","0.412210547992792"
"exdqlm_univar_synth","draw_047",725,"2021-01-15","history","0.433289753802197"
"exdqlm_univar_synth","draw_047",725,"2021-01-16","history","0.255846151160006"
"exdqlm_univar_synth","draw_047",725,"2021-01-17","history","0.351792313920144"
"exdqlm_univar_synth","draw_047",725,"2021-01-18","history","0.511349814925226"
"exdqlm_univar_synth","draw_047",725,"2021-01-19","history","0.271042538296537"
"exdqlm_univar_synth","draw_047",725,"2021-01-20","history","0.430140018020514"
"exdqlm_univar_synth","draw_047",725,"2021-01-21","history","0.498102869861716"
"exdqlm_univar_synth","draw_047",725,"2021-01-22","history","0.461743146829263"
"exdqlm_univar_synth","draw_047",725,"2021-01-23","history","0.669776565091064"
"exdqlm_univar_synth","draw_048",741,"2021-01-05","history","0.854670138341155"
"exdqlm_univar_synth","draw_048",741,"2021-01-06","history","0.460641186268696"
"exdqlm_univar_synth","draw_048",741,"2021-01-07","history","0.352811085951198"
"exdqlm_univar_synth","draw_048",741,"2021-01-08","history","0.195918446918473"
"exdqlm_univar_synth","draw_048",741,"2021-01-09","history","0.354997373991217"
"exdqlm_univar_synth","draw_048",741,"2021-01-10","history","0.331458824376390"
"exdqlm_univar_synth","draw_048",741,"2021-01-11","history","0.612648641841865"
"exdqlm_univar_synth","draw_048",741,"2021-01-12","history","0.264646259598405"
"exdqlm_univar_synth","draw_048",741,"2021-01-13","history","0.405467900899408"
"exdqlm_univar_synth","draw_048",741,"2021-01-14","history","0.371000915898232"
"exdqlm_univar_synth","draw_048",741,"2021-01-15","history","0.287762502971101"
"exdqlm_univar_synth","draw_048",741,"2021-01-16","history","0.656735583927829"
"exdqlm_univar_synth","draw_048",741,"2021-01-17","history","0.609279195247232"
"exdqlm_univar_synth","draw_048",741,"2021-01-18","history","0.352564758390043"
"exdqlm_univar_synth","draw_048",741,"2021-01-19","history","0.333904665423757"
"exdqlm_univar_synth","draw_048",741,"2021-01-20","history","0.514760751066237"
"exdqlm_univar_synth","draw_048",741,"2021-01-21","history","0.563747602571667"
"exdqlm_univar_synth","draw_048",741,"2021-01-22","history","0.540943370486689"
"exdqlm_univar_synth","draw_048",741,"2021-01-23","history","0.601354500416312"
"exdqlm_univar_synth","draw_049",757,"2021-01-05","history","1.02866696474148"
"exdqlm_univar_synth","draw_049",757,"2021-01-06","history","0.583232085677938"
"exdqlm_univar_synth","draw_049",757,"2021-01-07","history","0.457469999255416"
"exdqlm_univar_synth","draw_049",757,"2021-01-08","history","0.209888702776202"
"exdqlm_univar_synth","draw_049",757,"2021-01-09","history","0.275710967334613"
"exdqlm_univar_synth","draw_049",757,"2021-01-10","history","0.311980893321172"
"exdqlm_univar_synth","draw_049",757,"2021-01-11","history","0.575331191831095"
"exdqlm_univar_synth","draw_049",757,"2021-01-12","history","0.315557983872456"
"exdqlm_univar_synth","draw_049",757,"2021-01-13","history","0.245797310902305"
"exdqlm_univar_synth","draw_049",757,"2021-01-14","history","0.535743007435791"
"exdqlm_univar_synth","draw_049",757,"2021-01-15","history","0.598521543933615"
"exdqlm_univar_synth","draw_049",757,"2021-01-16","history","0.277304307029242"
"exdqlm_univar_synth","draw_049",757,"2021-01-17","history","0.504188320043606"
"exdqlm_univar_synth","draw_049",757,"2021-01-18","history","0.468943449407845"
"exdqlm_univar_synth","draw_049",757,"2021-01-19","history","0.411390908824412"
"exdqlm_univar_synth","draw_049",757,"2021-01-20","history","0.359837453958641"
"exdqlm_univar_synth","draw_049",757,"2021-01-21","history","0.426880021480447"
"exdqlm_univar_synth","draw_049",757,"2021-01-22","history","0.439025105064338"
"exdqlm_univar_synth","draw_049",757,"2021-01-23","history","0.426713423322840"
"exdqlm_univar_synth","draw_050",772,"2021-01-05","history","0.918223171630792"
"exdqlm_univar_synth","draw_050",772,"2021-01-06","history","0.381465704201704"
"exdqlm_univar_synth","draw_050",772,"2021-01-07","history","0.572739153024221"
"exdqlm_univar_synth","draw_050",772,"2021-01-08","history","0.169356001116033"
"exdqlm_univar_synth","draw_050",772,"2021-01-09","history","0.336333982553898"
"exdqlm_univar_synth","draw_050",772,"2021-01-10","history","0.286020880746409"
"exdqlm_univar_synth","draw_050",772,"2021-01-11","history","0.493684340282953"
"exdqlm_univar_synth","draw_050",772,"2021-01-12","history","0.438699156091892"
"exdqlm_univar_synth","draw_050",772,"2021-01-13","history","0.545434652866377"
"exdqlm_univar_synth","draw_050",772,"2021-01-14","history","0.520349274849814"
"exdqlm_univar_synth","draw_050",772,"2021-01-15","history","0.204007555843720"
"exdqlm_univar_synth","draw_050",772,"2021-01-16","history","0.550037880145298"
"exdqlm_univar_synth","draw_050",772,"2021-01-17","history","0.554356834921099"
"exdqlm_univar_synth","draw_050",772,"2021-01-18","history","0.360502840282544"
"exdqlm_univar_synth","draw_050",772,"2021-01-19","history","0.344493862189853"
"exdqlm_univar_synth","draw_050",772,"2021-01-20","history","0.378877508672982"
"exdqlm_univar_synth","draw_050",772,"2021-01-21","history","0.275555939706305"
"exdqlm_univar_synth","draw_050",772,"2021-01-22","history","0.686306788934423"
"exdqlm_univar_synth","draw_050",772,"2021-01-23","history","0.385621877458260"
"exdqlm_univar_synth","draw_051",788,"2021-01-05","history","1.26108996640875"
"exdqlm_univar_synth","draw_051",788,"2021-01-06","history","0.294008504334696"
"exdqlm_univar_synth","draw_051",788,"2021-01-07","history","0.289223036298871"
"exdqlm_univar_synth","draw_051",788,"2021-01-08","history","0.148787143190520"
"exdqlm_univar_synth","draw_051",788,"2021-01-09","history","0.284237821859843"
"exdqlm_univar_synth","draw_051",788,"2021-01-10","history","0.287341836266661"
"exdqlm_univar_synth","draw_051",788,"2021-01-11","history","0.147470304835764"
"exdqlm_univar_synth","draw_051",788,"2021-01-12","history","0.324754732217349"
"exdqlm_univar_synth","draw_051",788,"2021-01-13","history","0.434706934442053"
"exdqlm_univar_synth","draw_051",788,"2021-01-14","history","0.463659230034570"
"exdqlm_univar_synth","draw_051",788,"2021-01-15","history","0.364109370620716"
"exdqlm_univar_synth","draw_051",788,"2021-01-16","history","0.260097733522854"
"exdqlm_univar_synth","draw_051",788,"2021-01-17","history","0.433569782802332"
"exdqlm_univar_synth","draw_051",788,"2021-01-18","history","0.388345519003888"
"exdqlm_univar_synth","draw_051",788,"2021-01-19","history","0.570112234308266"
"exdqlm_univar_synth","draw_051",788,"2021-01-20","history","0.353526049829135"
"exdqlm_univar_synth","draw_051",788,"2021-01-21","history","0.403607399225208"
"exdqlm_univar_synth","draw_051",788,"2021-01-22","history","0.695356860035965"
"exdqlm_univar_synth","draw_051",788,"2021-01-23","history","0.484478104989056"
"exdqlm_univar_synth","draw_052",804,"2021-01-05","history","0.742601434535163"
"exdqlm_univar_synth","draw_052",804,"2021-01-06","history","0.607313829193476"
"exdqlm_univar_synth","draw_052",804,"2021-01-07","history","0.570898380249927"
"exdqlm_univar_synth","draw_052",804,"2021-01-08","history","0.397541542651904"
"exdqlm_univar_synth","draw_052",804,"2021-01-09","history","0.408440707824827"
"exdqlm_univar_synth","draw_052",804,"2021-01-10","history","0.411566879406261"
"exdqlm_univar_synth","draw_052",804,"2021-01-11","history","0.419683390726984"
"exdqlm_univar_synth","draw_052",804,"2021-01-12","history","0.198663447116421"
"exdqlm_univar_synth","draw_052",804,"2021-01-13","history","0.301800755695027"
"exdqlm_univar_synth","draw_052",804,"2021-01-14","history","0.627914630731202"
"exdqlm_univar_synth","draw_052",804,"2021-01-15","history","0.325065445151947"
"exdqlm_univar_synth","draw_052",804,"2021-01-16","history","0.470367551476154"
"exdqlm_univar_synth","draw_052",804,"2021-01-17","history","0.529763154384988"
"exdqlm_univar_synth","draw_052",804,"2021-01-18","history","0.511256127171774"
"exdqlm_univar_synth","draw_052",804,"2021-01-19","history","0.412440719363329"
"exdqlm_univar_synth","draw_052",804,"2021-01-20","history","0.355529156431242"
"exdqlm_univar_synth","draw_052",804,"2021-01-21","history","0.288902420115740"
"exdqlm_univar_synth","draw_052",804,"2021-01-22","history","0.422403052604429"
"exdqlm_univar_synth","draw_052",804,"2021-01-23","history","0.580330625300913"
"exdqlm_univar_synth","draw_053",819,"2021-01-05","history","0.927997616850822"
"exdqlm_univar_synth","draw_053",819,"2021-01-06","history","0.448313562355377"
"exdqlm_univar_synth","draw_053",819,"2021-01-07","history","0.612210795173078"
"exdqlm_univar_synth","draw_053",819,"2021-01-08","history","0.335057550829940"
"exdqlm_univar_synth","draw_053",819,"2021-01-09","history","0.426900870059660"
"exdqlm_univar_synth","draw_053",819,"2021-01-10","history","0.461039783437333"
"exdqlm_univar_synth","draw_053",819,"2021-01-11","history","0.328959424786806"
"exdqlm_univar_synth","draw_053",819,"2021-01-12","history","0.522268500722105"
"exdqlm_univar_synth","draw_053",819,"2021-01-13","history","0.419410767675137"
"exdqlm_univar_synth","draw_053",819,"2021-01-14","history","0.307739911148576"
"exdqlm_univar_synth","draw_053",819,"2021-01-15","history","0.591054848423842"
"exdqlm_univar_synth","draw_053",819,"2021-01-16","history","0.326031447109213"
"exdqlm_univar_synth","draw_053",819,"2021-01-17","history","0.450027808247174"
"exdqlm_univar_synth","draw_053",819,"2021-01-18","history","0.281726505507746"
"exdqlm_univar_synth","draw_053",819,"2021-01-19","history","0.223726702405050"
"exdqlm_univar_synth","draw_053",819,"2021-01-20","history","0.379505168872966"
"exdqlm_univar_synth","draw_053",819,"2021-01-21","history","0.465856860224560"
"exdqlm_univar_synth","draw_053",819,"2021-01-22","history","0.512708196080977"
"exdqlm_univar_synth","draw_053",819,"2021-01-23","history","0.447335930288374"
"exdqlm_univar_synth","draw_054",835,"2021-01-05","history","0.610809956488684"
"exdqlm_univar_synth","draw_054",835,"2021-01-06","history","0.427220360544082"
"exdqlm_univar_synth","draw_054",835,"2021-01-07","history","0.395341784523722"
"exdqlm_univar_synth","draw_054",835,"2021-01-08","history","0.457223827539136"
"exdqlm_univar_synth","draw_054",835,"2021-01-09","history","0.596218302156417"
"exdqlm_univar_synth","draw_054",835,"2021-01-10","history","0.417763067330724"
"exdqlm_univar_synth","draw_054",835,"2021-01-11","history","0.527673404067731"
"exdqlm_univar_synth","draw_054",835,"2021-01-12","history","0.601672488897776"
"exdqlm_univar_synth","draw_054",835,"2021-01-13","history","0.265230246317802"
"exdqlm_univar_synth","draw_054",835,"2021-01-14","history","0.312486111714680"
"exdqlm_univar_synth","draw_054",835,"2021-01-15","history","0.399466783936473"
"exdqlm_univar_synth","draw_054",835,"2021-01-16","history","0.346804277506625"
"exdqlm_univar_synth","draw_054",835,"2021-01-17","history","0.384280802916398"
"exdqlm_univar_synth","draw_054",835,"2021-01-18","history","0.280039409266873"
"exdqlm_univar_synth","draw_054",835,"2021-01-19","history","0.255929313227470"
"exdqlm_univar_synth","draw_054",835,"2021-01-20","history","0.626645884931215"
"exdqlm_univar_synth","draw_054",835,"2021-01-21","history","0.428722000545134"
"exdqlm_univar_synth","draw_054",835,"2021-01-22","history","0.571486404659804"
"exdqlm_univar_synth","draw_054",835,"2021-01-23","history","0.354438429818054"
"exdqlm_univar_synth","draw_055",851,"2021-01-05","history","0.766191197496873"
"exdqlm_univar_synth","draw_055",851,"2021-01-06","history","0.453604226622293"
"exdqlm_univar_synth","draw_055",851,"2021-01-07","history","0.378963267883100"
"exdqlm_univar_synth","draw_055",851,"2021-01-08","history","0.541827718659438"
"exdqlm_univar_synth","draw_055",851,"2021-01-09","history","0.372966184183592"
"exdqlm_univar_synth","draw_055",851,"2021-01-10","history","0.536345838838172"
"exdqlm_univar_synth","draw_055",851,"2021-01-11","history","0.344153313821454"
"exdqlm_univar_synth","draw_055",851,"2021-01-12","history","0.244624781765181"
"exdqlm_univar_synth","draw_055",851,"2021-01-13","history","0.238050032931460"
"exdqlm_univar_synth","draw_055",851,"2021-01-14","history","0.428047463279757"
"exdqlm_univar_synth","draw_055",851,"2021-01-15","history","0.389650334769943"
"exdqlm_univar_synth","draw_055",851,"2021-01-16","history","0.319135734741067"
"exdqlm_univar_synth","draw_055",851,"2021-01-17","history","0.228385320805227"
"exdqlm_univar_synth","draw_055",851,"2021-01-18","history","0.439415305013483"
"exdqlm_univar_synth","draw_055",851,"2021-01-19","history","0.282004583788931"
"exdqlm_univar_synth","draw_055",851,"2021-01-20","history","0.358544320597749"
"exdqlm_univar_synth","draw_055",851,"2021-01-21","history","0.500749841241445"
"exdqlm_univar_synth","draw_055",851,"2021-01-22","history","0.382147218836913"
"exdqlm_univar_synth","draw_055",851,"2021-01-23","history","0.568368492771623"
"exdqlm_univar_synth","draw_056",867,"2021-01-05","history","0.610536018201916"
"exdqlm_univar_synth","draw_056",867,"2021-01-06","history","0.666127363673161"
"exdqlm_univar_synth","draw_056",867,"2021-01-07","history","0.310934208233883"
"exdqlm_univar_synth","draw_056",867,"2021-01-08","history","0.430088806955505"
"exdqlm_univar_synth","draw_056",867,"2021-01-09","history","0.401215556343752"
"exdqlm_univar_synth","draw_056",867,"2021-01-10","history","0.455016128151561"
"exdqlm_univar_synth","draw_056",867,"2021-01-11","history","0.614497499086457"
"exdqlm_univar_synth","draw_056",867,"2021-01-12","history","0.292848528767818"
"exdqlm_univar_synth","draw_056",867,"2021-01-13","history","0.279743231780192"
"exdqlm_univar_synth","draw_056",867,"2021-01-14","history","0.351967494693858"
"exdqlm_univar_synth","draw_056",867,"2021-01-15","history","0.569320888828088"
"exdqlm_univar_synth","draw_056",867,"2021-01-16","history","0.493565240825900"
"exdqlm_univar_synth","draw_056",867,"2021-01-17","history","0.297617955865775"
"exdqlm_univar_synth","draw_056",867,"2021-01-18","history","0.249850457418900"
"exdqlm_univar_synth","draw_056",867,"2021-01-19","history","0.284310503318722"
"exdqlm_univar_synth","draw_056",867,"2021-01-20","history","0.350228853165195"
"exdqlm_univar_synth","draw_056",867,"2021-01-21","history","0.296376960674116"
"exdqlm_univar_synth","draw_056",867,"2021-01-22","history","0.472304253281416"
"exdqlm_univar_synth","draw_056",867,"2021-01-23","history","0.442104427605808"
"exdqlm_univar_synth","draw_057",882,"2021-01-05","history","0.817440853329717"
"exdqlm_univar_synth","draw_057",882,"2021-01-06","history","0.412277375550570"
"exdqlm_univar_synth","draw_057",882,"2021-01-07","history","0.267884360905016"
"exdqlm_univar_synth","draw_057",882,"2021-01-08","history","0.321674983625012"
"exdqlm_univar_synth","draw_057",882,"2021-01-09","history","0.224530502283573"
"exdqlm_univar_synth","draw_057",882,"2021-01-10","history","0.618694506064816"
"exdqlm_univar_synth","draw_057",882,"2021-01-11","history","0.433733775584867"
"exdqlm_univar_synth","draw_057",882,"2021-01-12","history","0.273422662759363"
"exdqlm_univar_synth","draw_057",882,"2021-01-13","history","0.310847225014970"
"exdqlm_univar_synth","draw_057",882,"2021-01-14","history","0.257549323751868"
"exdqlm_univar_synth","draw_057",882,"2021-01-15","history","0.295113736376991"
"exdqlm_univar_synth","draw_057",882,"2021-01-16","history","0.588179950306367"
"exdqlm_univar_synth","draw_057",882,"2021-01-17","history","0.617763436990704"
"exdqlm_univar_synth","draw_057",882,"2021-01-18","history","0.339859114941162"
"exdqlm_univar_synth","draw_057",882,"2021-01-19","history","0.377450731590046"
"exdqlm_univar_synth","draw_057",882,"2021-01-20","history","0.499199459184687"
"exdqlm_univar_synth","draw_057",882,"2021-01-21","history","0.497865549202045"
"exdqlm_univar_synth","draw_057",882,"2021-01-22","history","0.326108124928034"
"exdqlm_univar_synth","draw_057",882,"2021-01-23","history","0.376754262216921"
"exdqlm_univar_synth","draw_058",898,"2021-01-05","history","0.861110421340033"
"exdqlm_univar_synth","draw_058",898,"2021-01-06","history","0.444429487853506"
"exdqlm_univar_synth","draw_058",898,"2021-01-07","history","0.700317883931494"
"exdqlm_univar_synth","draw_058",898,"2021-01-08","history","0.244051528652320"
"exdqlm_univar_synth","draw_058",898,"2021-01-09","history","0.276876740074214"
"exdqlm_univar_synth","draw_058",898,"2021-01-10","history","0.513705335996431"
"exdqlm_univar_synth","draw_058",898,"2021-01-11","history","0.306933816571780"
"exdqlm_univar_synth","draw_058",898,"2021-01-12","history","0.371242860985927"
"exdqlm_univar_synth","draw_058",898,"2021-01-13","history","0.290085116232574"
"exdqlm_univar_synth","draw_058",898,"2021-01-14","history","0.506331203007037"
"exdqlm_univar_synth","draw_058",898,"2021-01-15","history","0.244076702734546"
"exdqlm_univar_synth","draw_058",898,"2021-01-16","history","0.579745704863359"
"exdqlm_univar_synth","draw_058",898,"2021-01-17","history","0.353852337453273"
"exdqlm_univar_synth","draw_058",898,"2021-01-18","history","0.488367574460422"
"exdqlm_univar_synth","draw_058",898,"2021-01-19","history","0.558289059056359"
"exdqlm_univar_synth","draw_058",898,"2021-01-20","history","0.374413357936584"
"exdqlm_univar_synth","draw_058",898,"2021-01-21","history","0.445545428028600"
"exdqlm_univar_synth","draw_058",898,"2021-01-22","history","0.486434034018044"
"exdqlm_univar_synth","draw_058",898,"2021-01-23","history","1.00412543087329"
"exdqlm_univar_synth","draw_059",914,"2021-01-05","history","1.11183574428323"
"exdqlm_univar_synth","draw_059",914,"2021-01-06","history","0.524631626872554"
"exdqlm_univar_synth","draw_059",914,"2021-01-07","history","0.212115706572759"
"exdqlm_univar_synth","draw_059",914,"2021-01-08","history","0.448641132592586"
"exdqlm_univar_synth","draw_059",914,"2021-01-09","history","0.239135855525971"
"exdqlm_univar_synth","draw_059",914,"2021-01-10","history","0.233757440044296"
"exdqlm_univar_synth","draw_059",914,"2021-01-11","history","0.525046670794850"
"exdqlm_univar_synth","draw_059",914,"2021-01-12","history","0.410275300462408"
"exdqlm_univar_synth","draw_059",914,"2021-01-13","history","0.338720667530823"
"exdqlm_univar_synth","draw_059",914,"2021-01-14","history","0.240755700041123"
"exdqlm_univar_synth","draw_059",914,"2021-01-15","history","0.243917196050726"
"exdqlm_univar_synth","draw_059",914,"2021-01-16","history","0.334674591711742"
"exdqlm_univar_synth","draw_059",914,"2021-01-17","history","0.455243684326409"
"exdqlm_univar_synth","draw_059",914,"2021-01-18","history","0.373101230283738"
"exdqlm_univar_synth","draw_059",914,"2021-01-19","history","0.521767227013331"
"exdqlm_univar_synth","draw_059",914,"2021-01-20","history","0.183742473388160"
"exdqlm_univar_synth","draw_059",914,"2021-01-21","history","0.275024018197816"
"exdqlm_univar_synth","draw_059",914,"2021-01-22","history","0.861056252220436"
"exdqlm_univar_synth","draw_059",914,"2021-01-23","history","0.529571476178628"
"exdqlm_univar_synth","draw_060",930,"2021-01-05","history","0.621542221758647"
"exdqlm_univar_synth","draw_060",930,"2021-01-06","history","0.511294113852362"
"exdqlm_univar_synth","draw_060",930,"2021-01-07","history","0.824729727340620"
"exdqlm_univar_synth","draw_060",930,"2021-01-08","history","0.319200366318134"
"exdqlm_univar_synth","draw_060",930,"2021-01-09","history","0.231193447255716"
"exdqlm_univar_synth","draw_060",930,"2021-01-10","history","0.454054976460277"
"exdqlm_univar_synth","draw_060",930,"2021-01-11","history","0.585246057166014"
"exdqlm_univar_synth","draw_060",930,"2021-01-12","history","0.500932992172399"
"exdqlm_univar_synth","draw_060",930,"2021-01-13","history","0.257826294703592"
"exdqlm_univar_synth","draw_060",930,"2021-01-14","history","0.463682879439719"
"exdqlm_univar_synth","draw_060",930,"2021-01-15","history","0.295358920634097"
"exdqlm_univar_synth","draw_060",930,"2021-01-16","history","0.324894634333647"
"exdqlm_univar_synth","draw_060",930,"2021-01-17","history","0.329207179107495"
"exdqlm_univar_synth","draw_060",930,"2021-01-18","history","0.201899012238726"
"exdqlm_univar_synth","draw_060",930,"2021-01-19","history","0.347005197225801"
"exdqlm_univar_synth","draw_060",930,"2021-01-20","history","0.299662537938923"
"exdqlm_univar_synth","draw_060",930,"2021-01-21","history","0.303831495281949"
"exdqlm_univar_synth","draw_060",930,"2021-01-22","history","0.451288920682786"
"exdqlm_univar_synth","draw_060",930,"2021-01-23","history","0.788828578786489"
"exdqlm_univar_synth","draw_061",945,"2021-01-05","history","0.791442666467120"
"exdqlm_univar_synth","draw_061",945,"2021-01-06","history","0.641765032740852"
"exdqlm_univar_synth","draw_061",945,"2021-01-07","history","0.611933831607665"
"exdqlm_univar_synth","draw_061",945,"2021-01-08","history","0.205820072677026"
"exdqlm_univar_synth","draw_061",945,"2021-01-09","history","0.339685190943223"
"exdqlm_univar_synth","draw_061",945,"2021-01-10","history","0.346089801090463"
"exdqlm_univar_synth","draw_061",945,"2021-01-11","history","0.599504337452656"
"exdqlm_univar_synth","draw_061",945,"2021-01-12","history","0.499865991893312"
"exdqlm_univar_synth","draw_061",945,"2021-01-13","history","0.418731461240438"
"exdqlm_univar_synth","draw_061",945,"2021-01-14","history","0.233310402389727"
"exdqlm_univar_synth","draw_061",945,"2021-01-15","history","0.199084975465825"
"exdqlm_univar_synth","draw_061",945,"2021-01-16","history","0.362266672292237"
"exdqlm_univar_synth","draw_061",945,"2021-01-17","history","0.413624713743568"
"exdqlm_univar_synth","draw_061",945,"2021-01-18","history","0.600952609843596"
"exdqlm_univar_synth","draw_061",945,"2021-01-19","history","0.395816788222221"
"exdqlm_univar_synth","draw_061",945,"2021-01-20","history","0.482933995676417"
"exdqlm_univar_synth","draw_061",945,"2021-01-21","history","0.382410493641354"
"exdqlm_univar_synth","draw_061",945,"2021-01-22","history","0.385153471521119"
"exdqlm_univar_synth","draw_061",945,"2021-01-23","history","0.556232054218164"
"exdqlm_univar_synth","draw_062",961,"2021-01-05","history","0.811346399267715"
"exdqlm_univar_synth","draw_062",961,"2021-01-06","history","0.475585460369414"
"exdqlm_univar_synth","draw_062",961,"2021-01-07","history","0.362131144661566"
"exdqlm_univar_synth","draw_062",961,"2021-01-08","history","0.197608537158042"
"exdqlm_univar_synth","draw_062",961,"2021-01-09","history","0.191463583852251"
"exdqlm_univar_synth","draw_062",961,"2021-01-10","history","0.250571522413132"
"exdqlm_univar_synth","draw_062",961,"2021-01-11","history","0.494019129222140"
"exdqlm_univar_synth","draw_062",961,"2021-01-12","history","0.291531605947824"
"exdqlm_univar_synth","draw_062",961,"2021-01-13","history","0.238779128911316"
"exdqlm_univar_synth","draw_062",961,"2021-01-14","history","0.370004378982087"
"exdqlm_univar_synth","draw_062",961,"2021-01-15","history","0.291041537032552"
"exdqlm_univar_synth","draw_062",961,"2021-01-16","history","0.245532229393403"
"exdqlm_univar_synth","draw_062",961,"2021-01-17","history","0.659711626890567"
"exdqlm_univar_synth","draw_062",961,"2021-01-18","history","0.371705054568684"
"exdqlm_univar_synth","draw_062",961,"2021-01-19","history","0.259316188790205"
"exdqlm_univar_synth","draw_062",961,"2021-01-20","history","0.557915439791988"
"exdqlm_univar_synth","draw_062",961,"2021-01-21","history","0.457529624696702"
"exdqlm_univar_synth","draw_062",961,"2021-01-22","history","0.317715137370189"
"exdqlm_univar_synth","draw_062",961,"2021-01-23","history","0.647360587387365"
"exdqlm_univar_synth","draw_063",977,"2021-01-05","history","0.712675505731078"
"exdqlm_univar_synth","draw_063",977,"2021-01-06","history","0.268672255267808"
"exdqlm_univar_synth","draw_063",977,"2021-01-07","history","0.679689854420237"
"exdqlm_univar_synth","draw_063",977,"2021-01-08","history","0.481459588185342"
"exdqlm_univar_synth","draw_063",977,"2021-01-09","history","0.457000513690865"
"exdqlm_univar_synth","draw_063",977,"2021-01-10","history","0.165518325131593"
"exdqlm_univar_synth","draw_063",977,"2021-01-11","history","0.312482629795970"
"exdqlm_univar_synth","draw_063",977,"2021-01-12","history","0.329949317729723"
"exdqlm_univar_synth","draw_063",977,"2021-01-13","history","0.351784722118597"
"exdqlm_univar_synth","draw_063",977,"2021-01-14","history","0.519751063558752"
"exdqlm_univar_synth","draw_063",977,"2021-01-15","history","0.205030736026785"
"exdqlm_univar_synth","draw_063",977,"2021-01-16","history","0.238244791965857"
"exdqlm_univar_synth","draw_063",977,"2021-01-17","history","0.453616208936512"
"exdqlm_univar_synth","draw_063",977,"2021-01-18","history","0.267556908449128"
"exdqlm_univar_synth","draw_063",977,"2021-01-19","history","0.265086456032220"
"exdqlm_univar_synth","draw_063",977,"2021-01-20","history","0.382444138889041"
"exdqlm_univar_synth","draw_063",977,"2021-01-21","history","0.339909260530009"
"exdqlm_univar_synth","draw_063",977,"2021-01-22","history","0.583973189161646"
"exdqlm_univar_synth","draw_063",977,"2021-01-23","history","0.581055754560187"
"exdqlm_univar_synth","draw_064",993,"2021-01-05","history","1.23577509887475"
"exdqlm_univar_synth","draw_064",993,"2021-01-06","history","0.466666467124736"
"exdqlm_univar_synth","draw_064",993,"2021-01-07","history","0.466250452075925"
"exdqlm_univar_synth","draw_064",993,"2021-01-08","history","0.277613244620375"
"exdqlm_univar_synth","draw_064",993,"2021-01-09","history","0.225964405771619"
"exdqlm_univar_synth","draw_064",993,"2021-01-10","history","0.346331628674044"
"exdqlm_univar_synth","draw_064",993,"2021-01-11","history","0.322239331546736"
"exdqlm_univar_synth","draw_064",993,"2021-01-12","history","0.259729988058689"
"exdqlm_univar_synth","draw_064",993,"2021-01-13","history","0.405164698858248"
"exdqlm_univar_synth","draw_064",993,"2021-01-14","history","0.320282648510229"
"exdqlm_univar_synth","draw_064",993,"2021-01-15","history","0.236870066719682"
"exdqlm_univar_synth","draw_064",993,"2021-01-16","history","0.405350678447904"
"exdqlm_univar_synth","draw_064",993,"2021-01-17","history","0.324730932451595"
"exdqlm_univar_synth","draw_064",993,"2021-01-18","history","0.509216414732628"
"exdqlm_univar_synth","draw_064",993,"2021-01-19","history","0.454680384513067"
"exdqlm_univar_synth","draw_064",993,"2021-01-20","history","0.451867735188069"
"exdqlm_univar_synth","draw_064",993,"2021-01-21","history","0.630097446446388"
"exdqlm_univar_synth","draw_064",993,"2021-01-22","history","0.351489605380127"
"exdqlm_univar_synth","draw_064",993,"2021-01-23","history","0.435281475759250"
"exdqlm_univar_synth","draw_065",1008,"2021-01-05","history","1.26369222258166"
"exdqlm_univar_synth","draw_065",1008,"2021-01-06","history","0.468338047967402"
"exdqlm_univar_synth","draw_065",1008,"2021-01-07","history","0.561129927022488"
"exdqlm_univar_synth","draw_065",1008,"2021-01-08","history","0.175203875832138"
"exdqlm_univar_synth","draw_065",1008,"2021-01-09","history","0.304910106007481"
"exdqlm_univar_synth","draw_065",1008,"2021-01-10","history","0.168121170086533"
"exdqlm_univar_synth","draw_065",1008,"2021-01-11","history","0.277563663127499"
"exdqlm_univar_synth","draw_065",1008,"2021-01-12","history","0.351800269403505"
"exdqlm_univar_synth","draw_065",1008,"2021-01-13","history","0.222011497550480"
"exdqlm_univar_synth","draw_065",1008,"2021-01-14","history","0.493856569790715"
"exdqlm_univar_synth","draw_065",1008,"2021-01-15","history","0.349186428728003"
"exdqlm_univar_synth","draw_065",1008,"2021-01-16","history","0.507883572019991"
"exdqlm_univar_synth","draw_065",1008,"2021-01-17","history","0.366715037350197"
"exdqlm_univar_synth","draw_065",1008,"2021-01-18","history","0.489974140484510"
"exdqlm_univar_synth","draw_065",1008,"2021-01-19","history","0.346708185966333"
"exdqlm_univar_synth","draw_065",1008,"2021-01-20","history","0.301207608365784"
"exdqlm_univar_synth","draw_065",1008,"2021-01-21","history","0.473416425525445"
"exdqlm_univar_synth","draw_065",1008,"2021-01-22","history","0.300059203994020"
"exdqlm_univar_synth","draw_065",1008,"2021-01-23","history","0.378925558920364"
"exdqlm_univar_synth","draw_066",1024,"2021-01-05","history","0.865451170438114"
"exdqlm_univar_synth","draw_066",1024,"2021-01-06","history","0.288488188361886"
"exdqlm_univar_synth","draw_066",1024,"2021-01-07","history","0.533021093324204"
"exdqlm_univar_synth","draw_066",1024,"2021-01-08","history","0.439288247915073"
"exdqlm_univar_synth","draw_066",1024,"2021-01-09","history","0.558711456111387"
"exdqlm_univar_synth","draw_066",1024,"2021-01-10","history","0.474229765094540"
"exdqlm_univar_synth","draw_066",1024,"2021-01-11","history","0.442287712103746"
"exdqlm_univar_synth","draw_066",1024,"2021-01-12","history","0.406653412428517"
"exdqlm_univar_synth","draw_066",1024,"2021-01-13","history","0.253840396193883"
"exdqlm_univar_synth","draw_066",1024,"2021-01-14","history","0.394317074237859"
"exdqlm_univar_synth","draw_066",1024,"2021-01-15","history","0.210375356187382"
"exdqlm_univar_synth","draw_066",1024,"2021-01-16","history","0.577211606488932"
"exdqlm_univar_synth","draw_066",1024,"2021-01-17","history","0.523705781008341"
"exdqlm_univar_synth","draw_066",1024,"2021-01-18","history","0.459426074649957"
"exdqlm_univar_synth","draw_066",1024,"2021-01-19","history","0.427324933565582"
"exdqlm_univar_synth","draw_066",1024,"2021-01-20","history","0.462217830969241"
"exdqlm_univar_synth","draw_066",1024,"2021-01-21","history","0.472707155932622"
"exdqlm_univar_synth","draw_066",1024,"2021-01-22","history","0"
"exdqlm_univar_synth","draw_066",1024,"2021-01-23","history","0.458857859310967"
"exdqlm_univar_synth","draw_067",1040,"2021-01-05","history","0.679114184115870"
"exdqlm_univar_synth","draw_067",1040,"2021-01-06","history","0.415466767799030"
"exdqlm_univar_synth","draw_067",1040,"2021-01-07","history","0.457469984592072"
"exdqlm_univar_synth","draw_067",1040,"2021-01-08","history","0.231257976138561"
"exdqlm_univar_synth","draw_067",1040,"2021-01-09","history","0.538709576259267"
"exdqlm_univar_synth","draw_067",1040,"2021-01-10","history","0.536453190747741"
"exdqlm_univar_synth","draw_067",1040,"2021-01-11","history","0.275224117918537"
"exdqlm_univar_synth","draw_067",1040,"2021-01-12","history","0.406527233681186"
"exdqlm_univar_synth","draw_067",1040,"2021-01-13","history","0.321607972141263"
"exdqlm_univar_synth","draw_067",1040,"2021-01-14","history","0.440774248109020"
"exdqlm_univar_synth","draw_067",1040,"2021-01-15","history","0.270845276409606"
"exdqlm_univar_synth","draw_067",1040,"2021-01-16","history","0.418371983473634"
"exdqlm_univar_synth","draw_067",1040,"2021-01-17","history","0.353474758809877"
"exdqlm_univar_synth","draw_067",1040,"2021-01-18","history","0.525842713483810"
"exdqlm_univar_synth","draw_067",1040,"2021-01-19","history","0.303582450851828"
"exdqlm_univar_synth","draw_067",1040,"2021-01-20","history","0.366548325403908"
"exdqlm_univar_synth","draw_067",1040,"2021-01-21","history","0.329235887013834"
"exdqlm_univar_synth","draw_067",1040,"2021-01-22","history","0.300023099084461"
"exdqlm_univar_synth","draw_067",1040,"2021-01-23","history","0.492766625033871"
"exdqlm_univar_synth","draw_068",1056,"2021-01-05","history","0.480242479541398"
"exdqlm_univar_synth","draw_068",1056,"2021-01-06","history","0.568294916654327"
"exdqlm_univar_synth","draw_068",1056,"2021-01-07","history","0.469110624615804"
"exdqlm_univar_synth","draw_068",1056,"2021-01-08","history","0.478983622735287"
"exdqlm_univar_synth","draw_068",1056,"2021-01-09","history","0.584608023447477"
"exdqlm_univar_synth","draw_068",1056,"2021-01-10","history","0.198534268705850"
"exdqlm_univar_synth","draw_068",1056,"2021-01-11","history","0.364748414861867"
"exdqlm_univar_synth","draw_068",1056,"2021-01-12","history","0.474116323098289"
"exdqlm_univar_synth","draw_068",1056,"2021-01-13","history","0.484955757043903"
"exdqlm_univar_synth","draw_068",1056,"2021-01-14","history","0.308980680766869"
"exdqlm_univar_synth","draw_068",1056,"2021-01-15","history","0.348997373698186"
"exdqlm_univar_synth","draw_068",1056,"2021-01-16","history","0.597831553037428"
"exdqlm_univar_synth","draw_068",1056,"2021-01-17","history","0.255097676216916"
"exdqlm_univar_synth","draw_068",1056,"2021-01-18","history","0.399482026857885"
"exdqlm_univar_synth","draw_068",1056,"2021-01-19","history","0.378571975913783"
"exdqlm_univar_synth","draw_068",1056,"2021-01-20","history","0.437625247120132"
"exdqlm_univar_synth","draw_068",1056,"2021-01-21","history","0.268413649912973"
"exdqlm_univar_synth","draw_068",1056,"2021-01-22","history","0.446549823087273"
"exdqlm_univar_synth","draw_068",1056,"2021-01-23","history","0.446677913432517"
"exdqlm_univar_synth","draw_069",1071,"2021-01-05","history","0.635462462749773"
"exdqlm_univar_synth","draw_069",1071,"2021-01-06","history","0.268194886377703"
"exdqlm_univar_synth","draw_069",1071,"2021-01-07","history","0.694847941114002"
"exdqlm_univar_synth","draw_069",1071,"2021-01-08","history","0.196032579612018"
"exdqlm_univar_synth","draw_069",1071,"2021-01-09","history","0.664783780274921"
"exdqlm_univar_synth","draw_069",1071,"2021-01-10","history","0.316652565088626"
"exdqlm_univar_synth","draw_069",1071,"2021-01-11","history","0.410754360705731"
"exdqlm_univar_synth","draw_069",1071,"2021-01-12","history","0.156042160758055"
"exdqlm_univar_synth","draw_069",1071,"2021-01-13","history","0.529999604743920"
"exdqlm_univar_synth","draw_069",1071,"2021-01-14","history","0.355813334450815"
"exdqlm_univar_synth","draw_069",1071,"2021-01-15","history","0.609962812830679"
"exdqlm_univar_synth","draw_069",1071,"2021-01-16","history","0.877359747733659"
"exdqlm_univar_synth","draw_069",1071,"2021-01-17","history","0.305483248697483"
"exdqlm_univar_synth","draw_069",1071,"2021-01-18","history","0.295570243109421"
"exdqlm_univar_synth","draw_069",1071,"2021-01-19","history","0.437638681533076"
"exdqlm_univar_synth","draw_069",1071,"2021-01-20","history","0.554821249907368"
"exdqlm_univar_synth","draw_069",1071,"2021-01-21","history","0.368767925784783"
"exdqlm_univar_synth","draw_069",1071,"2021-01-22","history","0.681379125224121"
"exdqlm_univar_synth","draw_069",1071,"2021-01-23","history","0.399082166814792"
"exdqlm_univar_synth","draw_070",1087,"2021-01-05","history","0.945730805717901"
"exdqlm_univar_synth","draw_070",1087,"2021-01-06","history","0.633589787949112"
"exdqlm_univar_synth","draw_070",1087,"2021-01-07","history","0.335589150224986"
"exdqlm_univar_synth","draw_070",1087,"2021-01-08","history","0.430233075715038"
"exdqlm_univar_synth","draw_070",1087,"2021-01-09","history","0.669151667455124"
"exdqlm_univar_synth","draw_070",1087,"2021-01-10","history","0.350099291422286"
"exdqlm_univar_synth","draw_070",1087,"2021-01-11","history","0.262997904462169"
"exdqlm_univar_synth","draw_070",1087,"2021-01-12","history","0.474779155684673"
"exdqlm_univar_synth","draw_070",1087,"2021-01-13","history","0.463120461102730"
"exdqlm_univar_synth","draw_070",1087,"2021-01-14","history","0.354621401551357"
"exdqlm_univar_synth","draw_070",1087,"2021-01-15","history","0.568416314777906"
"exdqlm_univar_synth","draw_070",1087,"2021-01-16","history","0.151712059747749"
"exdqlm_univar_synth","draw_070",1087,"2021-01-17","history","0.610971541062970"
"exdqlm_univar_synth","draw_070",1087,"2021-01-18","history","0.364246230267128"
"exdqlm_univar_synth","draw_070",1087,"2021-01-19","history","0.592212536654746"
"exdqlm_univar_synth","draw_070",1087,"2021-01-20","history","0.368507769300510"
"exdqlm_univar_synth","draw_070",1087,"2021-01-21","history","0.360149594933062"
"exdqlm_univar_synth","draw_070",1087,"2021-01-22","history","0.469426143854100"
"exdqlm_univar_synth","draw_070",1087,"2021-01-23","history","0.400490708273398"
"exdqlm_univar_synth","draw_071",1103,"2021-01-05","history","0.855080160389996"
"exdqlm_univar_synth","draw_071",1103,"2021-01-06","history","0.558262339128287"
"exdqlm_univar_synth","draw_071",1103,"2021-01-07","history","0.554523072839899"
"exdqlm_univar_synth","draw_071",1103,"2021-01-08","history","0.280565475772239"
"exdqlm_univar_synth","draw_071",1103,"2021-01-09","history","0.572181152748818"
"exdqlm_univar_synth","draw_071",1103,"2021-01-10","history","0.563441098401368"
"exdqlm_univar_synth","draw_071",1103,"2021-01-11","history","0.498573037136751"
"exdqlm_univar_synth","draw_071",1103,"2021-01-12","history","0.336602523345244"
"exdqlm_univar_synth","draw_071",1103,"2021-01-13","history","0.333592652481856"
"exdqlm_univar_synth","draw_071",1103,"2021-01-14","history","0.434735890907404"
"exdqlm_univar_synth","draw_071",1103,"2021-01-15","history","0.390663635097786"
"exdqlm_univar_synth","draw_071",1103,"2021-01-16","history","0.388972294738306"
"exdqlm_univar_synth","draw_071",1103,"2021-01-17","history","0.150584348548846"
"exdqlm_univar_synth","draw_071",1103,"2021-01-18","history","0.238782254460141"
"exdqlm_univar_synth","draw_071",1103,"2021-01-19","history","0.433964059004344"
"exdqlm_univar_synth","draw_071",1103,"2021-01-20","history","0.260894338714960"
"exdqlm_univar_synth","draw_071",1103,"2021-01-21","history","0.355393127700701"
"exdqlm_univar_synth","draw_071",1103,"2021-01-22","history","0.349840822762877"
"exdqlm_univar_synth","draw_071",1103,"2021-01-23","history","0.475001175870163"
"exdqlm_univar_synth","draw_072",1119,"2021-01-05","history","0.541990832941575"
"exdqlm_univar_synth","draw_072",1119,"2021-01-06","history","0.257722931156786"
"exdqlm_univar_synth","draw_072",1119,"2021-01-07","history","0.535953223759102"
"exdqlm_univar_synth","draw_072",1119,"2021-01-08","history","0.263991431297552"
"exdqlm_univar_synth","draw_072",1119,"2021-01-09","history","0.354392081663078"
"exdqlm_univar_synth","draw_072",1119,"2021-01-10","history","0.306789564354122"
"exdqlm_univar_synth","draw_072",1119,"2021-01-11","history","0.279987882881722"
"exdqlm_univar_synth","draw_072",1119,"2021-01-12","history","0.409750112948092"
"exdqlm_univar_synth","draw_072",1119,"2021-01-13","history","0.278898714443084"
"exdqlm_univar_synth","draw_072",1119,"2021-01-14","history","0.388928986912554"
"exdqlm_univar_synth","draw_072",1119,"2021-01-15","history","0.396242244923240"
"exdqlm_univar_synth","draw_072",1119,"2021-01-16","history","0.438088812868322"
"exdqlm_univar_synth","draw_072",1119,"2021-01-17","history","0.509483894807807"
"exdqlm_univar_synth","draw_072",1119,"2021-01-18","history","0.504076684619609"
"exdqlm_univar_synth","draw_072",1119,"2021-01-19","history","0.479669305011402"
"exdqlm_univar_synth","draw_072",1119,"2021-01-20","history","0.550240710395534"
"exdqlm_univar_synth","draw_072",1119,"2021-01-21","history","0.307943450661121"
"exdqlm_univar_synth","draw_072",1119,"2021-01-22","history","0.426585769707555"
"exdqlm_univar_synth","draw_072",1119,"2021-01-23","history","0.384031578017587"
"exdqlm_univar_synth","draw_073",1134,"2021-01-05","history","0.902830316937902"
"exdqlm_univar_synth","draw_073",1134,"2021-01-06","history","0.574681386841053"
"exdqlm_univar_synth","draw_073",1134,"2021-01-07","history","0.482337060003728"
"exdqlm_univar_synth","draw_073",1134,"2021-01-08","history","0.211170523878300"
"exdqlm_univar_synth","draw_073",1134,"2021-01-09","history","0.262433315948132"
"exdqlm_univar_synth","draw_073",1134,"2021-01-10","history","0.474735433517619"
"exdqlm_univar_synth","draw_073",1134,"2021-01-11","history","0.293932668888034"
"exdqlm_univar_synth","draw_073",1134,"2021-01-12","history","0.356670483097037"
"exdqlm_univar_synth","draw_073",1134,"2021-01-13","history","0.208358935354112"
"exdqlm_univar_synth","draw_073",1134,"2021-01-14","history","0.283289719290619"
"exdqlm_univar_synth","draw_073",1134,"2021-01-15","history","0.510916308826854"
"exdqlm_univar_synth","draw_073",1134,"2021-01-16","history","0.547304031293020"
"exdqlm_univar_synth","draw_073",1134,"2021-01-17","history","0.379233140556474"
"exdqlm_univar_synth","draw_073",1134,"2021-01-18","history","0.429050823406900"
"exdqlm_univar_synth","draw_073",1134,"2021-01-19","history","0.499467139321019"
"exdqlm_univar_synth","draw_073",1134,"2021-01-20","history","0.482746638026088"
"exdqlm_univar_synth","draw_073",1134,"2021-01-21","history","0.314481378331514"
"exdqlm_univar_synth","draw_073",1134,"2021-01-22","history","0.306690886990912"
"exdqlm_univar_synth","draw_073",1134,"2021-01-23","history","0.967256895524622"
"exdqlm_univar_synth","draw_074",1150,"2021-01-05","history","0.582323131172609"
"exdqlm_univar_synth","draw_074",1150,"2021-01-06","history","0.429641037334871"
"exdqlm_univar_synth","draw_074",1150,"2021-01-07","history","0.525740372060786"
"exdqlm_univar_synth","draw_074",1150,"2021-01-08","history","0.446770769100844"
"exdqlm_univar_synth","draw_074",1150,"2021-01-09","history","0.280678854669007"
"exdqlm_univar_synth","draw_074",1150,"2021-01-10","history","0.347951489601194"
"exdqlm_univar_synth","draw_074",1150,"2021-01-11","history","0.444825530974414"
"exdqlm_univar_synth","draw_074",1150,"2021-01-12","history","0.434794943384835"
"exdqlm_univar_synth","draw_074",1150,"2021-01-13","history","0.259190501350404"
"exdqlm_univar_synth","draw_074",1150,"2021-01-14","history","0.320284622298181"
"exdqlm_univar_synth","draw_074",1150,"2021-01-15","history","0.359868446778812"
"exdqlm_univar_synth","draw_074",1150,"2021-01-16","history","0.334480381560016"
"exdqlm_univar_synth","draw_074",1150,"2021-01-17","history","0.314092921941816"
"exdqlm_univar_synth","draw_074",1150,"2021-01-18","history","0.501483557190415"
"exdqlm_univar_synth","draw_074",1150,"2021-01-19","history","0.552866286913012"
"exdqlm_univar_synth","draw_074",1150,"2021-01-20","history","0.334059658937752"
"exdqlm_univar_synth","draw_074",1150,"2021-01-21","history","0.276224482183859"
"exdqlm_univar_synth","draw_074",1150,"2021-01-22","history","0.328373770508826"
"exdqlm_univar_synth","draw_074",1150,"2021-01-23","history","0.722698033002335"
"exdqlm_univar_synth","draw_075",1166,"2021-01-05","history","1.12178110414427"
"exdqlm_univar_synth","draw_075",1166,"2021-01-06","history","0.561505751256626"
"exdqlm_univar_synth","draw_075",1166,"2021-01-07","history","0.323164555025143"
"exdqlm_univar_synth","draw_075",1166,"2021-01-08","history","0.317870732861016"
"exdqlm_univar_synth","draw_075",1166,"2021-01-09","history","0.211476131997685"
"exdqlm_univar_synth","draw_075",1166,"2021-01-10","history","0.446256461548750"
"exdqlm_univar_synth","draw_075",1166,"2021-01-11","history","0.345263617992553"
"exdqlm_univar_synth","draw_075",1166,"2021-01-12","history","0.233052456999081"
"exdqlm_univar_synth","draw_075",1166,"2021-01-13","history","0.472378093133773"
"exdqlm_univar_synth","draw_075",1166,"2021-01-14","history","0.495146452933770"
"exdqlm_univar_synth","draw_075",1166,"2021-01-15","history","0.381123385231794"
"exdqlm_univar_synth","draw_075",1166,"2021-01-16","history","0.540955442243026"
"exdqlm_univar_synth","draw_075",1166,"2021-01-17","history","0.439719446166357"
"exdqlm_univar_synth","draw_075",1166,"2021-01-18","history","0.356346960541543"
"exdqlm_univar_synth","draw_075",1166,"2021-01-19","history","0.539706235068651"
"exdqlm_univar_synth","draw_075",1166,"2021-01-20","history","0.548714870984018"
"exdqlm_univar_synth","draw_075",1166,"2021-01-21","history","0.335342654824537"
"exdqlm_univar_synth","draw_075",1166,"2021-01-22","history","0.554751403935357"
"exdqlm_univar_synth","draw_075",1166,"2021-01-23","history","0.549988975426412"
"exdqlm_univar_synth","draw_076",1182,"2021-01-05","history","0.995812525197326"
"exdqlm_univar_synth","draw_076",1182,"2021-01-06","history","0.474630816541562"
"exdqlm_univar_synth","draw_076",1182,"2021-01-07","history","0.550008330114038"
"exdqlm_univar_synth","draw_076",1182,"2021-01-08","history","0.562307763502022"
"exdqlm_univar_synth","draw_076",1182,"2021-01-09","history","0.307828642710098"
"exdqlm_univar_synth","draw_076",1182,"2021-01-10","history","0.417668260013572"
"exdqlm_univar_synth","draw_076",1182,"2021-01-11","history","0.197945876864247"
"exdqlm_univar_synth","draw_076",1182,"2021-01-12","history","0.253457098854361"
"exdqlm_univar_synth","draw_076",1182,"2021-01-13","history","0.390995285732721"
"exdqlm_univar_synth","draw_076",1182,"2021-01-14","history","0.621376830723937"
"exdqlm_univar_synth","draw_076",1182,"2021-01-15","history","0.672596780665230"
"exdqlm_univar_synth","draw_076",1182,"2021-01-16","history","0.328801936042395"
"exdqlm_univar_synth","draw_076",1182,"2021-01-17","history","0.569884969509753"
"exdqlm_univar_synth","draw_076",1182,"2021-01-18","history","0.548908552280285"
"exdqlm_univar_synth","draw_076",1182,"2021-01-19","history","0.307771266334518"
"exdqlm_univar_synth","draw_076",1182,"2021-01-20","history","0.300041828426866"
"exdqlm_univar_synth","draw_076",1182,"2021-01-21","history","0.648737796563885"
"exdqlm_univar_synth","draw_076",1182,"2021-01-22","history","0.348726017308751"
"exdqlm_univar_synth","draw_076",1182,"2021-01-23","history","0.670352885748721"
"exdqlm_univar_synth","draw_077",1197,"2021-01-05","history","0.538424537949573"
"exdqlm_univar_synth","draw_077",1197,"2021-01-06","history","0.447404499334594"
"exdqlm_univar_synth","draw_077",1197,"2021-01-07","history","0.507417912173686"
"exdqlm_univar_synth","draw_077",1197,"2021-01-08","history","0.255389851056112"
"exdqlm_univar_synth","draw_077",1197,"2021-01-09","history","0.238834163598917"
"exdqlm_univar_synth","draw_077",1197,"2021-01-10","history","0.344351962907638"
"exdqlm_univar_synth","draw_077",1197,"2021-01-11","history","0.462353606916720"
"exdqlm_univar_synth","draw_077",1197,"2021-01-12","history","0.318502190521710"
"exdqlm_univar_synth","draw_077",1197,"2021-01-13","history","0.432662587193417"
"exdqlm_univar_synth","draw_077",1197,"2021-01-14","history","0.348861748431034"
"exdqlm_univar_synth","draw_077",1197,"2021-01-15","history","0.417442878420724"
"exdqlm_univar_synth","draw_077",1197,"2021-01-16","history","0.437127033775959"
"exdqlm_univar_synth","draw_077",1197,"2021-01-17","history","0.409631813862529"
"exdqlm_univar_synth","draw_077",1197,"2021-01-18","history","0.533405612497105"
"exdqlm_univar_synth","draw_077",1197,"2021-01-19","history","0.278130595149228"
"exdqlm_univar_synth","draw_077",1197,"2021-01-20","history","0.488868841279691"
"exdqlm_univar_synth","draw_077",1197,"2021-01-21","history","0.603534980666232"
"exdqlm_univar_synth","draw_077",1197,"2021-01-22","history","0.419994217851507"
"exdqlm_univar_synth","draw_077",1197,"2021-01-23","history","0.501778968974468"
"exdqlm_univar_synth","draw_078",1213,"2021-01-05","history","1.22715085137318"
"exdqlm_univar_synth","draw_078",1213,"2021-01-06","history","0.595236988697319"
"exdqlm_univar_synth","draw_078",1213,"2021-01-07","history","0.430004812363464"
"exdqlm_univar_synth","draw_078",1213,"2021-01-08","history","0.392312261907919"
"exdqlm_univar_synth","draw_078",1213,"2021-01-09","history","0.561207543906130"
"exdqlm_univar_synth","draw_078",1213,"2021-01-10","history","0.390769212621779"
"exdqlm_univar_synth","draw_078",1213,"2021-01-11","history","0.106549167602878"
"exdqlm_univar_synth","draw_078",1213,"2021-01-12","history","0.207699710734792"
"exdqlm_univar_synth","draw_078",1213,"2021-01-13","history","0.372931215544343"
"exdqlm_univar_synth","draw_078",1213,"2021-01-14","history","0.329016643017635"
"exdqlm_univar_synth","draw_078",1213,"2021-01-15","history","0.285263187552753"
"exdqlm_univar_synth","draw_078",1213,"2021-01-16","history","0.335466906184517"
"exdqlm_univar_synth","draw_078",1213,"2021-01-17","history","0.481812974144132"
"exdqlm_univar_synth","draw_078",1213,"2021-01-18","history","0.195813857903138"
"exdqlm_univar_synth","draw_078",1213,"2021-01-19","history","0.312356688495422"
"exdqlm_univar_synth","draw_078",1213,"2021-01-20","history","0.548953388694172"
"exdqlm_univar_synth","draw_078",1213,"2021-01-21","history","0.550073899660769"
"exdqlm_univar_synth","draw_078",1213,"2021-01-22","history","0.581936757483928"
"exdqlm_univar_synth","draw_078",1213,"2021-01-23","history","0.399914800079589"
"exdqlm_univar_synth","draw_079",1229,"2021-01-05","history","0.765620541873337"
"exdqlm_univar_synth","draw_079",1229,"2021-01-06","history","0.570532718242124"
"exdqlm_univar_synth","draw_079",1229,"2021-01-07","history","0.275056165458756"
"exdqlm_univar_synth","draw_079",1229,"2021-01-08","history","0.207645698557105"
"exdqlm_univar_synth","draw_079",1229,"2021-01-09","history","0.311545517052924"
"exdqlm_univar_synth","draw_079",1229,"2021-01-10","history","0.200858173637539"
"exdqlm_univar_synth","draw_079",1229,"2021-01-11","history","0.231856750220996"
"exdqlm_univar_synth","draw_079",1229,"2021-01-12","history","0.339563493300546"
"exdqlm_univar_synth","draw_079",1229,"2021-01-13","history","0.558943576517031"
"exdqlm_univar_synth","draw_079",1229,"2021-01-14","history","0.418152626859063"
"exdqlm_univar_synth","draw_079",1229,"2021-01-15","history","0.596110534370955"
"exdqlm_univar_synth","draw_079",1229,"2021-01-16","history","0.372592831535307"
"exdqlm_univar_synth","draw_079",1229,"2021-01-17","history","0.537100108534388"
"exdqlm_univar_synth","draw_079",1229,"2021-01-18","history","0.327138818275630"
"exdqlm_univar_synth","draw_079",1229,"2021-01-19","history","0.263524034954590"
"exdqlm_univar_synth","draw_079",1229,"2021-01-20","history","0.590058538514249"
"exdqlm_univar_synth","draw_079",1229,"2021-01-21","history","0.427728959954369"
"exdqlm_univar_synth","draw_079",1229,"2021-01-22","history","0.655267152742904"
"exdqlm_univar_synth","draw_079",1229,"2021-01-23","history","0.903422557847392"
"exdqlm_univar_synth","draw_080",1244,"2021-01-05","history","0.966483525755371"
"exdqlm_univar_synth","draw_080",1244,"2021-01-06","history","0.670468324955348"
"exdqlm_univar_synth","draw_080",1244,"2021-01-07","history","0.556572483188390"
"exdqlm_univar_synth","draw_080",1244,"2021-01-08","history","0.210537948581624"
"exdqlm_univar_synth","draw_080",1244,"2021-01-09","history","0.317652442730424"
"exdqlm_univar_synth","draw_080",1244,"2021-01-10","history","0.491258814653936"
"exdqlm_univar_synth","draw_080",1244,"2021-01-11","history","0.513843650631835"
"exdqlm_univar_synth","draw_080",1244,"2021-01-12","history","0.262629115401794"
"exdqlm_univar_synth","draw_080",1244,"2021-01-13","history","0.338489570218064"
"exdqlm_univar_synth","draw_080",1244,"2021-01-14","history","0.339653050864175"
"exdqlm_univar_synth","draw_080",1244,"2021-01-15","history","0.326217415616536"
"exdqlm_univar_synth","draw_080",1244,"2021-01-16","history","0.280885024229257"
"exdqlm_univar_synth","draw_080",1244,"2021-01-17","history","0.256462721451782"
"exdqlm_univar_synth","draw_080",1244,"2021-01-18","history","0.319476563184073"
"exdqlm_univar_synth","draw_080",1244,"2021-01-19","history","0.392270915549762"
"exdqlm_univar_synth","draw_080",1244,"2021-01-20","history","0.585152674293777"
"exdqlm_univar_synth","draw_080",1244,"2021-01-21","history","0.314651106834066"
"exdqlm_univar_synth","draw_080",1244,"2021-01-22","history","0.452295212177713"
"exdqlm_univar_synth","draw_080",1244,"2021-01-23","history","0.603703511777958"
"exdqlm_univar_synth","draw_081",1260,"2021-01-05","history","0.812787513145473"
"exdqlm_univar_synth","draw_081",1260,"2021-01-06","history","0.612327159566517"
"exdqlm_univar_synth","draw_081",1260,"2021-01-07","history","0.460002186460345"
"exdqlm_univar_synth","draw_081",1260,"2021-01-08","history","0.421266485109382"
"exdqlm_univar_synth","draw_081",1260,"2021-01-09","history","0.677937051701982"
"exdqlm_univar_synth","draw_081",1260,"2021-01-10","history","0.240629540752728"
"exdqlm_univar_synth","draw_081",1260,"2021-01-11","history","0.276047564163312"
"exdqlm_univar_synth","draw_081",1260,"2021-01-12","history","0.462869539622722"
"exdqlm_univar_synth","draw_081",1260,"2021-01-13","history","0.350794761667614"
"exdqlm_univar_synth","draw_081",1260,"2021-01-14","history","0.759643072068540"
"exdqlm_univar_synth","draw_081",1260,"2021-01-15","history","0.314522385916382"
"exdqlm_univar_synth","draw_081",1260,"2021-01-16","history","0.397205115260961"
"exdqlm_univar_synth","draw_081",1260,"2021-01-17","history","0.365384428483642"
"exdqlm_univar_synth","draw_081",1260,"2021-01-18","history","0.244046242951524"
"exdqlm_univar_synth","draw_081",1260,"2021-01-19","history","0.290239036326031"
"exdqlm_univar_synth","draw_081",1260,"2021-01-20","history","0.496967157219868"
"exdqlm_univar_synth","draw_081",1260,"2021-01-21","history","0.611649648122923"
"exdqlm_univar_synth","draw_081",1260,"2021-01-22","history","0.394221094819388"
"exdqlm_univar_synth","draw_081",1260,"2021-01-23","history","0.664737440070549"
"exdqlm_univar_synth","draw_082",1276,"2021-01-05","history","0.957027776791918"
"exdqlm_univar_synth","draw_082",1276,"2021-01-06","history","0.316634820757528"
"exdqlm_univar_synth","draw_082",1276,"2021-01-07","history","0.223002061241026"
"exdqlm_univar_synth","draw_082",1276,"2021-01-08","history","0.385399591817526"
"exdqlm_univar_synth","draw_082",1276,"2021-01-09","history","0.407756507177109"
"exdqlm_univar_synth","draw_082",1276,"2021-01-10","history","0.342458017037033"
"exdqlm_univar_synth","draw_082",1276,"2021-01-11","history","0.394923753838259"
"exdqlm_univar_synth","draw_082",1276,"2021-01-12","history","0.675819400611558"
"exdqlm_univar_synth","draw_082",1276,"2021-01-13","history","0.484949739088239"
"exdqlm_univar_synth","draw_082",1276,"2021-01-14","history","0.357643647390171"
"exdqlm_univar_synth","draw_082",1276,"2021-01-15","history","0.611549582338238"
"exdqlm_univar_synth","draw_082",1276,"2021-01-16","history","0.603949130594505"
"exdqlm_univar_synth","draw_082",1276,"2021-01-17","history","0.285723799702551"
"exdqlm_univar_synth","draw_082",1276,"2021-01-18","history","0.347192158248003"
"exdqlm_univar_synth","draw_082",1276,"2021-01-19","history","0.399851970615374"
"exdqlm_univar_synth","draw_082",1276,"2021-01-20","history","0.385040736941389"
"exdqlm_univar_synth","draw_082",1276,"2021-01-21","history","0.460395684612642"
"exdqlm_univar_synth","draw_082",1276,"2021-01-22","history","0.534412798084720"
"exdqlm_univar_synth","draw_082",1276,"2021-01-23","history","0.500229129638646"
"exdqlm_univar_synth","draw_083",1292,"2021-01-05","history","1.26650434398636"
"exdqlm_univar_synth","draw_083",1292,"2021-01-06","history","0.681753259839673"
"exdqlm_univar_synth","draw_083",1292,"2021-01-07","history","0.373021174444167"
"exdqlm_univar_synth","draw_083",1292,"2021-01-08","history","0.355400957171435"
"exdqlm_univar_synth","draw_083",1292,"2021-01-09","history","0.558574595320039"
"exdqlm_univar_synth","draw_083",1292,"2021-01-10","history","0.301381328671545"
"exdqlm_univar_synth","draw_083",1292,"2021-01-11","history","0.195015517147626"
"exdqlm_univar_synth","draw_083",1292,"2021-01-12","history","0.566633381361240"
"exdqlm_univar_synth","draw_083",1292,"2021-01-13","history","0.369898671831772"
"exdqlm_univar_synth","draw_083",1292,"2021-01-14","history","0.377449746536589"
"exdqlm_univar_synth","draw_083",1292,"2021-01-15","history","0.241364255095977"
"exdqlm_univar_synth","draw_083",1292,"2021-01-16","history","0.505979324949816"
"exdqlm_univar_synth","draw_083",1292,"2021-01-17","history","0.292375510215579"
"exdqlm_univar_synth","draw_083",1292,"2021-01-18","history","0.624306045482055"
"exdqlm_univar_synth","draw_083",1292,"2021-01-19","history","0.338123646455639"
"exdqlm_univar_synth","draw_083",1292,"2021-01-20","history","0.438859879990503"
"exdqlm_univar_synth","draw_083",1292,"2021-01-21","history","0.357002347932021"
"exdqlm_univar_synth","draw_083",1292,"2021-01-22","history","0.502726527530179"
"exdqlm_univar_synth","draw_083",1292,"2021-01-23","history","0.858227650099803"
"exdqlm_univar_synth","draw_084",1307,"2021-01-05","history","0.774623330196786"
"exdqlm_univar_synth","draw_084",1307,"2021-01-06","history","0.262156486093111"
"exdqlm_univar_synth","draw_084",1307,"2021-01-07","history","0.600893331663541"
"exdqlm_univar_synth","draw_084",1307,"2021-01-08","history","0.432390828028018"
"exdqlm_univar_synth","draw_084",1307,"2021-01-09","history","0.271388204013665"
"exdqlm_univar_synth","draw_084",1307,"2021-01-10","history","0.224133618588235"
"exdqlm_univar_synth","draw_084",1307,"2021-01-11","history","0.139149007514916"
"exdqlm_univar_synth","draw_084",1307,"2021-01-12","history","0.608314559976768"
"exdqlm_univar_synth","draw_084",1307,"2021-01-13","history","0.316903980930379"
"exdqlm_univar_synth","draw_084",1307,"2021-01-14","history","0.374212169276869"
"exdqlm_univar_synth","draw_084",1307,"2021-01-15","history","0.457004715473358"
"exdqlm_univar_synth","draw_084",1307,"2021-01-16","history","0.420351691885102"
"exdqlm_univar_synth","draw_084",1307,"2021-01-17","history","0.328184532825768"
"exdqlm_univar_synth","draw_084",1307,"2021-01-18","history","0.360118798936456"
"exdqlm_univar_synth","draw_084",1307,"2021-01-19","history","0.598608956451089"
"exdqlm_univar_synth","draw_084",1307,"2021-01-20","history","0.330491441137292"
"exdqlm_univar_synth","draw_084",1307,"2021-01-21","history","0.374743958295374"
"exdqlm_univar_synth","draw_084",1307,"2021-01-22","history","0.477230323282072"
"exdqlm_univar_synth","draw_084",1307,"2021-01-23","history","0.449306600764102"
"exdqlm_univar_synth","draw_085",1323,"2021-01-05","history","0.841483367199137"
"exdqlm_univar_synth","draw_085",1323,"2021-01-06","history","0.604532757831551"
"exdqlm_univar_synth","draw_085",1323,"2021-01-07","history","0.213902383592202"
"exdqlm_univar_synth","draw_085",1323,"2021-01-08","history","0.305959818948918"
"exdqlm_univar_synth","draw_085",1323,"2021-01-09","history","0.247866510490941"
"exdqlm_univar_synth","draw_085",1323,"2021-01-10","history","0.434503702674421"
"exdqlm_univar_synth","draw_085",1323,"2021-01-11","history","0.214704878304255"
"exdqlm_univar_synth","draw_085",1323,"2021-01-12","history","0.425236333632370"
"exdqlm_univar_synth","draw_085",1323,"2021-01-13","history","0.363575263053123"
"exdqlm_univar_synth","draw_085",1323,"2021-01-14","history","0.381952453330206"
"exdqlm_univar_synth","draw_085",1323,"2021-01-15","history","0.312386532509929"
"exdqlm_univar_synth","draw_085",1323,"2021-01-16","history","0.340358473959010"
"exdqlm_univar_synth","draw_085",1323,"2021-01-17","history","0.410807779640499"
"exdqlm_univar_synth","draw_085",1323,"2021-01-18","history","0.268076078613779"
"exdqlm_univar_synth","draw_085",1323,"2021-01-19","history","0.387877106175238"
"exdqlm_univar_synth","draw_085",1323,"2021-01-20","history","0.315856715777037"
"exdqlm_univar_synth","draw_085",1323,"2021-01-21","history","0.352209235727337"
"exdqlm_univar_synth","draw_085",1323,"2021-01-22","history","0.543656727299321"
"exdqlm_univar_synth","draw_085",1323,"2021-01-23","history","0.429974498767430"
"exdqlm_univar_synth","draw_086",1339,"2021-01-05","history","0.521448457890314"
"exdqlm_univar_synth","draw_086",1339,"2021-01-06","history","0.448498503373986"
"exdqlm_univar_synth","draw_086",1339,"2021-01-07","history","0.511813580432952"
"exdqlm_univar_synth","draw_086",1339,"2021-01-08","history","0.666720889809486"
"exdqlm_univar_synth","draw_086",1339,"2021-01-09","history","0.222363555451964"
"exdqlm_univar_synth","draw_086",1339,"2021-01-10","history","0.262127086980821"
"exdqlm_univar_synth","draw_086",1339,"2021-01-11","history","0.348144834895829"
"exdqlm_univar_synth","draw_086",1339,"2021-01-12","history","0.121818753310983"
"exdqlm_univar_synth","draw_086",1339,"2021-01-13","history","0.264633511027330"
"exdqlm_univar_synth","draw_086",1339,"2021-01-14","history","0.456481667552855"
"exdqlm_univar_synth","draw_086",1339,"2021-01-15","history","0.641361001008498"
"exdqlm_univar_synth","draw_086",1339,"2021-01-16","history","0.228475189771735"
"exdqlm_univar_synth","draw_086",1339,"2021-01-17","history","0.490909561997421"
"exdqlm_univar_synth","draw_086",1339,"2021-01-18","history","0.344191534371825"
"exdqlm_univar_synth","draw_086",1339,"2021-01-19","history","0.503858003046264"
"exdqlm_univar_synth","draw_086",1339,"2021-01-20","history","0.511989049023028"
"exdqlm_univar_synth","draw_086",1339,"2021-01-21","history","0.471714948596304"
"exdqlm_univar_synth","draw_086",1339,"2021-01-22","history","0.380296385586474"
"exdqlm_univar_synth","draw_086",1339,"2021-01-23","history","0.523778770305372"
"exdqlm_univar_synth","draw_087",1355,"2021-01-05","history","0.731592441737197"
"exdqlm_univar_synth","draw_087",1355,"2021-01-06","history","0.420136675113794"
"exdqlm_univar_synth","draw_087",1355,"2021-01-07","history","0.355536750175932"
"exdqlm_univar_synth","draw_087",1355,"2021-01-08","history","0.219262846044018"
"exdqlm_univar_synth","draw_087",1355,"2021-01-09","history","0.522483444683600"
"exdqlm_univar_synth","draw_087",1355,"2021-01-10","history","0.341444467088208"
"exdqlm_univar_synth","draw_087",1355,"2021-01-11","history","0.389624624538035"
"exdqlm_univar_synth","draw_087",1355,"2021-01-12","history","0.251412142568253"
"exdqlm_univar_synth","draw_087",1355,"2021-01-13","history","0.569669886839805"
"exdqlm_univar_synth","draw_087",1355,"2021-01-14","history","0.465416816492358"
"exdqlm_univar_synth","draw_087",1355,"2021-01-15","history","0.274940687984080"
"exdqlm_univar_synth","draw_087",1355,"2021-01-16","history","0.582957113038259"
"exdqlm_univar_synth","draw_087",1355,"2021-01-17","history","0.480110313583125"
"exdqlm_univar_synth","draw_087",1355,"2021-01-18","history","0.272994034388287"
"exdqlm_univar_synth","draw_087",1355,"2021-01-19","history","0.497208861837722"
"exdqlm_univar_synth","draw_087",1355,"2021-01-20","history","0.357433154799919"
"exdqlm_univar_synth","draw_087",1355,"2021-01-21","history","0.535919377838563"
"exdqlm_univar_synth","draw_087",1355,"2021-01-22","history","0.332730646288357"
"exdqlm_univar_synth","draw_087",1355,"2021-01-23","history","0.928521977188918"
"exdqlm_univar_synth","draw_088",1370,"2021-01-05","history","0.658350208073405"
"exdqlm_univar_synth","draw_088",1370,"2021-01-06","history","0.432934104743720"
"exdqlm_univar_synth","draw_088",1370,"2021-01-07","history","0.777076360608836"
"exdqlm_univar_synth","draw_088",1370,"2021-01-08","history","0.383608193592970"
"exdqlm_univar_synth","draw_088",1370,"2021-01-09","history","0.486120395565889"
"exdqlm_univar_synth","draw_088",1370,"2021-01-10","history","0.435456045202297"
"exdqlm_univar_synth","draw_088",1370,"2021-01-11","history","0.413048504961670"
"exdqlm_univar_synth","draw_088",1370,"2021-01-12","history","0.238259752226484"
"exdqlm_univar_synth","draw_088",1370,"2021-01-13","history","0.261043929616803"
"exdqlm_univar_synth","draw_088",1370,"2021-01-14","history","0.460205499211011"
"exdqlm_univar_synth","draw_088",1370,"2021-01-15","history","0.407139018141312"
"exdqlm_univar_synth","draw_088",1370,"2021-01-16","history","0.635558337062350"
"exdqlm_univar_synth","draw_088",1370,"2021-01-17","history","0.415159581267886"
"exdqlm_univar_synth","draw_088",1370,"2021-01-18","history","0.502247793760558"
"exdqlm_univar_synth","draw_088",1370,"2021-01-19","history","0.392870835512809"
"exdqlm_univar_synth","draw_088",1370,"2021-01-20","history","0.665928391002750"
"exdqlm_univar_synth","draw_088",1370,"2021-01-21","history","0.268232678309371"
"exdqlm_univar_synth","draw_088",1370,"2021-01-22","history","0.353357362588870"
"exdqlm_univar_synth","draw_088",1370,"2021-01-23","history","0.544284211470092"
"exdqlm_univar_synth","draw_089",1386,"2021-01-05","history","1.12708249495475"
"exdqlm_univar_synth","draw_089",1386,"2021-01-06","history","0.408733513736791"
"exdqlm_univar_synth","draw_089",1386,"2021-01-07","history","0.807600444133625"
"exdqlm_univar_synth","draw_089",1386,"2021-01-08","history","0.337322578573283"
"exdqlm_univar_synth","draw_089",1386,"2021-01-09","history","0.388851372734592"
"exdqlm_univar_synth","draw_089",1386,"2021-01-10","history","0.408323862334294"
"exdqlm_univar_synth","draw_089",1386,"2021-01-11","history","0.330579890248069"
"exdqlm_univar_synth","draw_089",1386,"2021-01-12","history","0.279321979683046"
"exdqlm_univar_synth","draw_089",1386,"2021-01-13","history","0.421044737418491"
"exdqlm_univar_synth","draw_089",1386,"2021-01-14","history","0.427592960554485"
"exdqlm_univar_synth","draw_089",1386,"2021-01-15","history","0.401179866202941"
"exdqlm_univar_synth","draw_089",1386,"2021-01-16","history","0.643847109010957"
"exdqlm_univar_synth","draw_089",1386,"2021-01-17","history","0.544267080090522"
"exdqlm_univar_synth","draw_089",1386,"2021-01-18","history","0.267669809273430"
"exdqlm_univar_synth","draw_089",1386,"2021-01-19","history","0.596298567753964"
"exdqlm_univar_synth","draw_089",1386,"2021-01-20","history","0.313711608141435"
"exdqlm_univar_synth","draw_089",1386,"2021-01-21","history","0.368342709386841"
"exdqlm_univar_synth","draw_089",1386,"2021-01-22","history","0.412264774292229"
"exdqlm_univar_synth","draw_089",1386,"2021-01-23","history","0.493154333686254"
"exdqlm_univar_synth","draw_090",1402,"2021-01-05","history","0.600737004868963"
"exdqlm_univar_synth","draw_090",1402,"2021-01-06","history","0.323131578187323"
"exdqlm_univar_synth","draw_090",1402,"2021-01-07","history","0.569982793080836"
"exdqlm_univar_synth","draw_090",1402,"2021-01-08","history","0.325486643258273"
"exdqlm_univar_synth","draw_090",1402,"2021-01-09","history","0.422827129860597"
"exdqlm_univar_synth","draw_090",1402,"2021-01-10","history","0.339850800403846"
"exdqlm_univar_synth","draw_090",1402,"2021-01-11","history","0"
"exdqlm_univar_synth","draw_090",1402,"2021-01-12","history","0.311664364726386"
"exdqlm_univar_synth","draw_090",1402,"2021-01-13","history","0.210439600662613"
"exdqlm_univar_synth","draw_090",1402,"2021-01-14","history","0.300097329268147"
"exdqlm_univar_synth","draw_090",1402,"2021-01-15","history","0.298592467927280"
"exdqlm_univar_synth","draw_090",1402,"2021-01-16","history","0.346370431926537"
"exdqlm_univar_synth","draw_090",1402,"2021-01-17","history","0.405050584949363"
"exdqlm_univar_synth","draw_090",1402,"2021-01-18","history","0.472185828863247"
"exdqlm_univar_synth","draw_090",1402,"2021-01-19","history","0.527944995633658"
"exdqlm_univar_synth","draw_090",1402,"2021-01-20","history","0.524148433479403"
"exdqlm_univar_synth","draw_090",1402,"2021-01-21","history","0.291455975086690"
"exdqlm_univar_synth","draw_090",1402,"2021-01-22","history","0.512674799968361"
"exdqlm_univar_synth","draw_090",1402,"2021-01-23","history","0.426799166222685"
"exdqlm_univar_synth","draw_091",1418,"2021-01-05","history","0.507585142064606"
"exdqlm_univar_synth","draw_091",1418,"2021-01-06","history","0.591902934857426"
"exdqlm_univar_synth","draw_091",1418,"2021-01-07","history","0.782971793629127"
"exdqlm_univar_synth","draw_091",1418,"2021-01-08","history","0.430237139952102"
"exdqlm_univar_synth","draw_091",1418,"2021-01-09","history","0.252753146757700"
"exdqlm_univar_synth","draw_091",1418,"2021-01-10","history","0.452224934170865"
"exdqlm_univar_synth","draw_091",1418,"2021-01-11","history","0.467933802466078"
"exdqlm_univar_synth","draw_091",1418,"2021-01-12","history","0.310808906106634"
"exdqlm_univar_synth","draw_091",1418,"2021-01-13","history","0.232430602747007"
"exdqlm_univar_synth","draw_091",1418,"2021-01-14","history","0.316648040633044"
"exdqlm_univar_synth","draw_091",1418,"2021-01-15","history","0.529155452818243"
"exdqlm_univar_synth","draw_091",1418,"2021-01-16","history","0.518501634669386"
"exdqlm_univar_synth","draw_091",1418,"2021-01-17","history","0.692746875328868"
"exdqlm_univar_synth","draw_091",1418,"2021-01-18","history","0.221535478550701"
"exdqlm_univar_synth","draw_091",1418,"2021-01-19","history","0.288453135469102"
"exdqlm_univar_synth","draw_091",1418,"2021-01-20","history","0.513015814422538"
"exdqlm_univar_synth","draw_091",1418,"2021-01-21","history","0.422714106716307"
"exdqlm_univar_synth","draw_091",1418,"2021-01-22","history","0.581816147213951"
"exdqlm_univar_synth","draw_091",1418,"2021-01-23","history","0.440390179078957"
"exdqlm_univar_synth","draw_092",1433,"2021-01-05","history","1.30313705067906"
"exdqlm_univar_synth","draw_092",1433,"2021-01-06","history","0.423468229088690"
"exdqlm_univar_synth","draw_092",1433,"2021-01-07","history","0.565354299108623"
"exdqlm_univar_synth","draw_092",1433,"2021-01-08","history","0.279497150798278"
"exdqlm_univar_synth","draw_092",1433,"2021-01-09","history","0.475670219338924"
"exdqlm_univar_synth","draw_092",1433,"2021-01-10","history","0.437699127033379"
"exdqlm_univar_synth","draw_092",1433,"2021-01-11","history","0.302548499440597"
"exdqlm_univar_synth","draw_092",1433,"2021-01-12","history","0.233732376019275"
"exdqlm_univar_synth","draw_092",1433,"2021-01-13","history","0.556264706256319"
"exdqlm_univar_synth","draw_092",1433,"2021-01-14","history","0.266552380592585"
"exdqlm_univar_synth","draw_092",1433,"2021-01-15","history","0.658391754758677"
"exdqlm_univar_synth","draw_092",1433,"2021-01-16","history","0.350885797291297"
"exdqlm_univar_synth","draw_092",1433,"2021-01-17","history","0.361112432412918"
"exdqlm_univar_synth","draw_092",1433,"2021-01-18","history","0.353211741107832"
"exdqlm_univar_synth","draw_092",1433,"2021-01-19","history","0.390646089150637"
"exdqlm_univar_synth","draw_092",1433,"2021-01-20","history","0.306925728232677"
"exdqlm_univar_synth","draw_092",1433,"2021-01-21","history","0.270636936521051"
"exdqlm_univar_synth","draw_092",1433,"2021-01-22","history","0.439302226036331"
"exdqlm_univar_synth","draw_092",1433,"2021-01-23","history","0.620589001599798"
"exdqlm_univar_synth","draw_093",1449,"2021-01-05","history","0.578385581827243"
"exdqlm_univar_synth","draw_093",1449,"2021-01-06","history","0.595594832260356"
"exdqlm_univar_synth","draw_093",1449,"2021-01-07","history","0.320871857993977"
"exdqlm_univar_synth","draw_093",1449,"2021-01-08","history","0.208961661492423"
"exdqlm_univar_synth","draw_093",1449,"2021-01-09","history","0.234782537716713"
"exdqlm_univar_synth","draw_093",1449,"2021-01-10","history","0.273215968339607"
"exdqlm_univar_synth","draw_093",1449,"2021-01-11","history","0.264294602586830"
"exdqlm_univar_synth","draw_093",1449,"2021-01-12","history","0.335154886267829"
"exdqlm_univar_synth","draw_093",1449,"2021-01-13","history","0.403809648354083"
"exdqlm_univar_synth","draw_093",1449,"2021-01-14","history","0.377234646005323"
"exdqlm_univar_synth","draw_093",1449,"2021-01-15","history","0.262117350157874"
"exdqlm_univar_synth","draw_093",1449,"2021-01-16","history","0.373383845426873"
"exdqlm_univar_synth","draw_093",1449,"2021-01-17","history","0.429410399839949"
"exdqlm_univar_synth","draw_093",1449,"2021-01-18","history","0.521690834273940"
"exdqlm_univar_synth","draw_093",1449,"2021-01-19","history","0.440389633397744"
"exdqlm_univar_synth","draw_093",1449,"2021-01-20","history","0.486141984876868"
"exdqlm_univar_synth","draw_093",1449,"2021-01-21","history","0.345515588225374"
"exdqlm_univar_synth","draw_093",1449,"2021-01-22","history","0.349771737582870"
"exdqlm_univar_synth","draw_093",1449,"2021-01-23","history","0.915942332616508"
"exdqlm_univar_synth","draw_094",1465,"2021-01-05","history","0.524272695963754"
"exdqlm_univar_synth","draw_094",1465,"2021-01-06","history","0.411779721617548"
"exdqlm_univar_synth","draw_094",1465,"2021-01-07","history","0.533410238327887"
"exdqlm_univar_synth","draw_094",1465,"2021-01-08","history","0.376842540246084"
"exdqlm_univar_synth","draw_094",1465,"2021-01-09","history","0.213653249173053"
"exdqlm_univar_synth","draw_094",1465,"2021-01-10","history","0.232123740642366"
"exdqlm_univar_synth","draw_094",1465,"2021-01-11","history","0.564579948998112"
"exdqlm_univar_synth","draw_094",1465,"2021-01-12","history","0.453691641528089"
"exdqlm_univar_synth","draw_094",1465,"2021-01-13","history","0.233458928584340"
"exdqlm_univar_synth","draw_094",1465,"2021-01-14","history","0.341873563900761"
"exdqlm_univar_synth","draw_094",1465,"2021-01-15","history","0.423086558006078"
"exdqlm_univar_synth","draw_094",1465,"2021-01-16","history","0.432749212445910"
"exdqlm_univar_synth","draw_094",1465,"2021-01-17","history","0.336932920747241"
"exdqlm_univar_synth","draw_094",1465,"2021-01-18","history","0.405185677928697"
"exdqlm_univar_synth","draw_094",1465,"2021-01-19","history","0.497981396134781"
"exdqlm_univar_synth","draw_094",1465,"2021-01-20","history","0.288218621831581"
"exdqlm_univar_synth","draw_094",1465,"2021-01-21","history","0.303442821211743"
"exdqlm_univar_synth","draw_094",1465,"2021-01-22","history","0.493109460722569"
"exdqlm_univar_synth","draw_094",1465,"2021-01-23","history","0.655780537632380"
"exdqlm_univar_synth","draw_095",1481,"2021-01-05","history","0.752951561005311"
"exdqlm_univar_synth","draw_095",1481,"2021-01-06","history","0.372104212890775"
"exdqlm_univar_synth","draw_095",1481,"2021-01-07","history","0.342373195380940"
"exdqlm_univar_synth","draw_095",1481,"2021-01-08","history","0.382866302661927"
"exdqlm_univar_synth","draw_095",1481,"2021-01-09","history","0.294945486868900"
"exdqlm_univar_synth","draw_095",1481,"2021-01-10","history","0.186700799041203"
"exdqlm_univar_synth","draw_095",1481,"2021-01-11","history","0.141524365792805"
"exdqlm_univar_synth","draw_095",1481,"2021-01-12","history","0.246333682240716"
"exdqlm_univar_synth","draw_095",1481,"2021-01-13","history","0.339859235196549"
"exdqlm_univar_synth","draw_095",1481,"2021-01-14","history","0.171423093051037"
"exdqlm_univar_synth","draw_095",1481,"2021-01-15","history","0.496622976203808"
"exdqlm_univar_synth","draw_095",1481,"2021-01-16","history","0.397228042316631"
"exdqlm_univar_synth","draw_095",1481,"2021-01-17","history","0.153954941526138"
"exdqlm_univar_synth","draw_095",1481,"2021-01-18","history","0.328663381374691"
"exdqlm_univar_synth","draw_095",1481,"2021-01-19","history","0.307790181990297"
"exdqlm_univar_synth","draw_095",1481,"2021-01-20","history","0.585247013844093"
"exdqlm_univar_synth","draw_095",1481,"2021-01-21","history","0.479773335094243"
"exdqlm_univar_synth","draw_095",1481,"2021-01-22","history","0.319813189150798"
"exdqlm_univar_synth","draw_095",1481,"2021-01-23","history","0.996491458310496"
"exdqlm_univar_synth","draw_096",1496,"2021-01-05","history","1.03315275811086"
"exdqlm_univar_synth","draw_096",1496,"2021-01-06","history","0.482537745117143"
"exdqlm_univar_synth","draw_096",1496,"2021-01-07","history","0.412324886471044"
"exdqlm_univar_synth","draw_096",1496,"2021-01-08","history","0.499123596191651"
"exdqlm_univar_synth","draw_096",1496,"2021-01-09","history","0.516768867535232"
"exdqlm_univar_synth","draw_096",1496,"2021-01-10","history","0.278306462134527"
"exdqlm_univar_synth","draw_096",1496,"2021-01-11","history","0.255816728434266"
"exdqlm_univar_synth","draw_096",1496,"2021-01-12","history","0.475617008679207"
"exdqlm_univar_synth","draw_096",1496,"2021-01-13","history","0.289445733817407"
"exdqlm_univar_synth","draw_096",1496,"2021-01-14","history","0.467963288731984"
"exdqlm_univar_synth","draw_096",1496,"2021-01-15","history","0.314771573993987"
"exdqlm_univar_synth","draw_096",1496,"2021-01-16","history","0.502800022698096"
"exdqlm_univar_synth","draw_096",1496,"2021-01-17","history","0.383159189854906"
"exdqlm_univar_synth","draw_096",1496,"2021-01-18","history","0.581781220699717"
"exdqlm_univar_synth","draw_096",1496,"2021-01-19","history","0.617090878715496"
"exdqlm_univar_synth","draw_096",1496,"2021-01-20","history","0.456667747132276"
"exdqlm_univar_synth","draw_096",1496,"2021-01-21","history","0.537560849849462"
"exdqlm_univar_synth","draw_096",1496,"2021-01-22","history","0.503548489034509"
"exdqlm_univar_synth","draw_096",1496,"2021-01-23","history","0.387240171394137"
"exdqlm_univar_synth","draw_097",1512,"2021-01-05","history","0.619358466188623"
"exdqlm_univar_synth","draw_097",1512,"2021-01-06","history","0.777503276896502"
"exdqlm_univar_synth","draw_097",1512,"2021-01-07","history","0.257606914857681"
"exdqlm_univar_synth","draw_097",1512,"2021-01-08","history","0.210261318618300"
"exdqlm_univar_synth","draw_097",1512,"2021-01-09","history","0.283523958155338"
"exdqlm_univar_synth","draw_097",1512,"2021-01-10","history","0.246290846009499"
"exdqlm_univar_synth","draw_097",1512,"2021-01-11","history","0.223928058239169"
"exdqlm_univar_synth","draw_097",1512,"2021-01-12","history","0.352516224643715"
"exdqlm_univar_synth","draw_097",1512,"2021-01-13","history","0.430302968244687"
"exdqlm_univar_synth","draw_097",1512,"2021-01-14","history","0.341477147946269"
"exdqlm_univar_synth","draw_097",1512,"2021-01-15","history","0.590924551503119"
"exdqlm_univar_synth","draw_097",1512,"2021-01-16","history","0.443900289438529"
"exdqlm_univar_synth","draw_097",1512,"2021-01-17","history","0.456301370203688"
"exdqlm_univar_synth","draw_097",1512,"2021-01-18","history","0.259384622207761"
"exdqlm_univar_synth","draw_097",1512,"2021-01-19","history","0.303065885385731"
"exdqlm_univar_synth","draw_097",1512,"2021-01-20","history","0.301183478890720"
"exdqlm_univar_synth","draw_097",1512,"2021-01-21","history","0.341698992049474"
"exdqlm_univar_synth","draw_097",1512,"2021-01-22","history","0.307628156418080"
"exdqlm_univar_synth","draw_097",1512,"2021-01-23","history","0.568618758589773"
"exdqlm_univar_synth","draw_098",1528,"2021-01-05","history","0.538196263264782"
"exdqlm_univar_synth","draw_098",1528,"2021-01-06","history","0.571842129046055"
"exdqlm_univar_synth","draw_098",1528,"2021-01-07","history","0.594105620741817"
"exdqlm_univar_synth","draw_098",1528,"2021-01-08","history","0.213037512266144"
"exdqlm_univar_synth","draw_098",1528,"2021-01-09","history","0.594003016778477"
"exdqlm_univar_synth","draw_098",1528,"2021-01-10","history","0.626928188505602"
"exdqlm_univar_synth","draw_098",1528,"2021-01-11","history","0.621362671093801"
"exdqlm_univar_synth","draw_098",1528,"2021-01-12","history","0.338429739119914"
"exdqlm_univar_synth","draw_098",1528,"2021-01-13","history","0.565112893711066"
"exdqlm_univar_synth","draw_098",1528,"2021-01-14","history","0.304973313459211"
"exdqlm_univar_synth","draw_098",1528,"2021-01-15","history","0.274413261373448"
"exdqlm_univar_synth","draw_098",1528,"2021-01-16","history","0.273235660527429"
"exdqlm_univar_synth","draw_098",1528,"2021-01-17","history","0.649589071277378"
"exdqlm_univar_synth","draw_098",1528,"2021-01-18","history","0.265005239209531"
"exdqlm_univar_synth","draw_098",1528,"2021-01-19","history","0.539742273590019"
"exdqlm_univar_synth","draw_098",1528,"2021-01-20","history","0.320071243662261"
"exdqlm_univar_synth","draw_098",1528,"2021-01-21","history","0.641036776907837"
"exdqlm_univar_synth","draw_098",1528,"2021-01-22","history","0.485480970754139"
"exdqlm_univar_synth","draw_098",1528,"2021-01-23","history","0.869842714028636"
"exdqlm_univar_synth","draw_099",1544,"2021-01-05","history","0.497066308191168"
"exdqlm_univar_synth","draw_099",1544,"2021-01-06","history","0.640852766862043"
"exdqlm_univar_synth","draw_099",1544,"2021-01-07","history","0.643696667857445"
"exdqlm_univar_synth","draw_099",1544,"2021-01-08","history","0.695925442765637"
"exdqlm_univar_synth","draw_099",1544,"2021-01-09","history","0.215066893608516"
"exdqlm_univar_synth","draw_099",1544,"2021-01-10","history","0.415623443607011"
"exdqlm_univar_synth","draw_099",1544,"2021-01-11","history","0.267851702273731"
"exdqlm_univar_synth","draw_099",1544,"2021-01-12","history","0.366277885917073"
"exdqlm_univar_synth","draw_099",1544,"2021-01-13","history","0.223552704562127"
"exdqlm_univar_synth","draw_099",1544,"2021-01-14","history","0.207255945681240"
"exdqlm_univar_synth","draw_099",1544,"2021-01-15","history","0.395679335096051"
"exdqlm_univar_synth","draw_099",1544,"2021-01-16","history","0.273131923106486"
"exdqlm_univar_synth","draw_099",1544,"2021-01-17","history","0.351594277074794"
"exdqlm_univar_synth","draw_099",1544,"2021-01-18","history","0.344515204194262"
"exdqlm_univar_synth","draw_099",1544,"2021-01-19","history","0.464113698363257"
"exdqlm_univar_synth","draw_099",1544,"2021-01-20","history","0.251852031997948"
"exdqlm_univar_synth","draw_099",1544,"2021-01-21","history","0.599590448839949"
"exdqlm_univar_synth","draw_099",1544,"2021-01-22","history","0.328115503511120"
"exdqlm_univar_synth","draw_099",1544,"2021-01-23","history","0.617083266202414"
"exdqlm_univar_synth","draw_100",1559,"2021-01-05","history","0.830863480969217"
"exdqlm_univar_synth","draw_100",1559,"2021-01-06","history","0.400985065531855"
"exdqlm_univar_synth","draw_100",1559,"2021-01-07","history","0.324810476514686"
"exdqlm_univar_synth","draw_100",1559,"2021-01-08","history","0.272323051001862"
"exdqlm_univar_synth","draw_100",1559,"2021-01-09","history","0.222201424417430"
"exdqlm_univar_synth","draw_100",1559,"2021-01-10","history","0.596522139923601"
"exdqlm_univar_synth","draw_100",1559,"2021-01-11","history","0.318923748570877"
"exdqlm_univar_synth","draw_100",1559,"2021-01-12","history","0.565288571342074"
"exdqlm_univar_synth","draw_100",1559,"2021-01-13","history","0.683630753391017"
"exdqlm_univar_synth","draw_100",1559,"2021-01-14","history","0.349894123846274"
"exdqlm_univar_synth","draw_100",1559,"2021-01-15","history","0.384569615233175"
"exdqlm_univar_synth","draw_100",1559,"2021-01-16","history","0.574027914388914"
"exdqlm_univar_synth","draw_100",1559,"2021-01-17","history","0.489892670477111"
"exdqlm_univar_synth","draw_100",1559,"2021-01-18","history","0.439965102024255"
"exdqlm_univar_synth","draw_100",1559,"2021-01-19","history","0.365360618548348"
"exdqlm_univar_synth","draw_100",1559,"2021-01-20","history","0.438159472278035"
"exdqlm_univar_synth","draw_100",1559,"2021-01-21","history","0.361013637391314"
"exdqlm_univar_synth","draw_100",1559,"2021-01-22","history","0.625074827466146"
"exdqlm_univar_synth","draw_100",1559,"2021-01-23","history","0.551499596668664"
"exdqlm_univar_synth","draw_101",1575,"2021-01-05","history","1.23975182427907"
"exdqlm_univar_synth","draw_101",1575,"2021-01-06","history","0.516037131127688"
"exdqlm_univar_synth","draw_101",1575,"2021-01-07","history","0.787167030747587"
"exdqlm_univar_synth","draw_101",1575,"2021-01-08","history","0.439460490823969"
"exdqlm_univar_synth","draw_101",1575,"2021-01-09","history","0.445353923902779"
"exdqlm_univar_synth","draw_101",1575,"2021-01-10","history","0.564367280985226"
"exdqlm_univar_synth","draw_101",1575,"2021-01-11","history","0.530829675841063"
"exdqlm_univar_synth","draw_101",1575,"2021-01-12","history","0.558664936974962"
"exdqlm_univar_synth","draw_101",1575,"2021-01-13","history","0.333701521165694"
"exdqlm_univar_synth","draw_101",1575,"2021-01-14","history","0.374246943202031"
"exdqlm_univar_synth","draw_101",1575,"2021-01-15","history","0.429148043825936"
"exdqlm_univar_synth","draw_101",1575,"2021-01-16","history","0.163367231306825"
"exdqlm_univar_synth","draw_101",1575,"2021-01-17","history","0.335963150623606"
"exdqlm_univar_synth","draw_101",1575,"2021-01-18","history","0.415447757819764"
"exdqlm_univar_synth","draw_101",1575,"2021-01-19","history","0.531328649005182"
"exdqlm_univar_synth","draw_101",1575,"2021-01-20","history","0.485100843737498"
"exdqlm_univar_synth","draw_101",1575,"2021-01-21","history","0.210154997444180"
"exdqlm_univar_synth","draw_101",1575,"2021-01-22","history","0.570956080503640"
"exdqlm_univar_synth","draw_101",1575,"2021-01-23","history","0.387530510538080"
"exdqlm_univar_synth","draw_102",1591,"2021-01-05","history","0.983802343502488"
"exdqlm_univar_synth","draw_102",1591,"2021-01-06","history","0.418005783499603"
"exdqlm_univar_synth","draw_102",1591,"2021-01-07","history","0.259277177062163"
"exdqlm_univar_synth","draw_102",1591,"2021-01-08","history","0.361982313017082"
"exdqlm_univar_synth","draw_102",1591,"2021-01-09","history","0.0926853911445118"
"exdqlm_univar_synth","draw_102",1591,"2021-01-10","history","0.431143712086990"
"exdqlm_univar_synth","draw_102",1591,"2021-01-11","history","0.234529665751134"
"exdqlm_univar_synth","draw_102",1591,"2021-01-12","history","0.314665717677327"
"exdqlm_univar_synth","draw_102",1591,"2021-01-13","history","0.452705559934346"
"exdqlm_univar_synth","draw_102",1591,"2021-01-14","history","0.667432518856102"
"exdqlm_univar_synth","draw_102",1591,"2021-01-15","history","0.566114182025697"
"exdqlm_univar_synth","draw_102",1591,"2021-01-16","history","0.274661948476488"
"exdqlm_univar_synth","draw_102",1591,"2021-01-17","history","0.493529003739237"
"exdqlm_univar_synth","draw_102",1591,"2021-01-18","history","0.517265026786467"
"exdqlm_univar_synth","draw_102",1591,"2021-01-19","history","0.574611730905895"
"exdqlm_univar_synth","draw_102",1591,"2021-01-20","history","0.262510452595492"
"exdqlm_univar_synth","draw_102",1591,"2021-01-21","history","0.387855957867900"
"exdqlm_univar_synth","draw_102",1591,"2021-01-22","history","0.547414015665980"
"exdqlm_univar_synth","draw_102",1591,"2021-01-23","history","0.636758034599037"
"exdqlm_univar_synth","draw_103",1606,"2021-01-05","history","0.850163627918702"
"exdqlm_univar_synth","draw_103",1606,"2021-01-06","history","0.636550675881356"
"exdqlm_univar_synth","draw_103",1606,"2021-01-07","history","0.456752063741041"
"exdqlm_univar_synth","draw_103",1606,"2021-01-08","history","0.199127213307339"
"exdqlm_univar_synth","draw_103",1606,"2021-01-09","history","0.211312372398561"
"exdqlm_univar_synth","draw_103",1606,"2021-01-10","history","0.367344962787616"
"exdqlm_univar_synth","draw_103",1606,"2021-01-11","history","0.355919248821738"
"exdqlm_univar_synth","draw_103",1606,"2021-01-12","history","0.243726816255952"
"exdqlm_univar_synth","draw_103",1606,"2021-01-13","history","0.576782214514047"
"exdqlm_univar_synth","draw_103",1606,"2021-01-14","history","0.453620256815967"
"exdqlm_univar_synth","draw_103",1606,"2021-01-15","history","0.267806010925387"
"exdqlm_univar_synth","draw_103",1606,"2021-01-16","history","0.347737033140398"
"exdqlm_univar_synth","draw_103",1606,"2021-01-17","history","0.197069268569342"
"exdqlm_univar_synth","draw_103",1606,"2021-01-18","history","0.290991395611500"
"exdqlm_univar_synth","draw_103",1606,"2021-01-19","history","0.459114150400110"
"exdqlm_univar_synth","draw_103",1606,"2021-01-20","history","0.508350186427710"
"exdqlm_univar_synth","draw_103",1606,"2021-01-21","history","0.479902018265014"
"exdqlm_univar_synth","draw_103",1606,"2021-01-22","history","0.362820463394392"
"exdqlm_univar_synth","draw_103",1606,"2021-01-23","history","0.577339665994936"
"exdqlm_univar_synth","draw_104",1622,"2021-01-05","history","0.936540135400653"
"exdqlm_univar_synth","draw_104",1622,"2021-01-06","history","0.585709067048476"
"exdqlm_univar_synth","draw_104",1622,"2021-01-07","history","0.348671138192897"
"exdqlm_univar_synth","draw_104",1622,"2021-01-08","history","0.202569187163999"
"exdqlm_univar_synth","draw_104",1622,"2021-01-09","history","0.395215441376821"
"exdqlm_univar_synth","draw_104",1622,"2021-01-10","history","0.260577974333972"
"exdqlm_univar_synth","draw_104",1622,"2021-01-11","history","0.288865259400037"
"exdqlm_univar_synth","draw_104",1622,"2021-01-12","history","0.327682029920206"
"exdqlm_univar_synth","draw_104",1622,"2021-01-13","history","0.450101660167374"
"exdqlm_univar_synth","draw_104",1622,"2021-01-14","history","0.331442511289679"
"exdqlm_univar_synth","draw_104",1622,"2021-01-15","history","0.350256385531040"
"exdqlm_univar_synth","draw_104",1622,"2021-01-16","history","0.277801309905844"
"exdqlm_univar_synth","draw_104",1622,"2021-01-17","history","0.245433181315757"
"exdqlm_univar_synth","draw_104",1622,"2021-01-18","history","0.285015293530965"
"exdqlm_univar_synth","draw_104",1622,"2021-01-19","history","0.389765523402226"
"exdqlm_univar_synth","draw_104",1622,"2021-01-20","history","0.454702459661900"
"exdqlm_univar_synth","draw_104",1622,"2021-01-21","history","0.484536580291384"
"exdqlm_univar_synth","draw_104",1622,"2021-01-22","history","0.426434475797916"
"exdqlm_univar_synth","draw_104",1622,"2021-01-23","history","0.603885483749196"
"exdqlm_univar_synth","draw_105",1638,"2021-01-05","history","0.746447443002480"
"exdqlm_univar_synth","draw_105",1638,"2021-01-06","history","0.430289807179092"
"exdqlm_univar_synth","draw_105",1638,"2021-01-07","history","0.569829494340650"
"exdqlm_univar_synth","draw_105",1638,"2021-01-08","history","0.271754752575292"
"exdqlm_univar_synth","draw_105",1638,"2021-01-09","history","0.339992602404384"
"exdqlm_univar_synth","draw_105",1638,"2021-01-10","history","0.251022583049326"
"exdqlm_univar_synth","draw_105",1638,"2021-01-11","history","0.258401033316826"
"exdqlm_univar_synth","draw_105",1638,"2021-01-12","history","0.464163104354468"
"exdqlm_univar_synth","draw_105",1638,"2021-01-13","history","0.574677980734336"
"exdqlm_univar_synth","draw_105",1638,"2021-01-14","history","0.260298263439409"
"exdqlm_univar_synth","draw_105",1638,"2021-01-15","history","0.329239379616141"
"exdqlm_univar_synth","draw_105",1638,"2021-01-16","history","0.312893840444264"
"exdqlm_univar_synth","draw_105",1638,"2021-01-17","history","0.347662166161101"
"exdqlm_univar_synth","draw_105",1638,"2021-01-18","history","0.389217901478931"
"exdqlm_univar_synth","draw_105",1638,"2021-01-19","history","0.270987941073543"
"exdqlm_univar_synth","draw_105",1638,"2021-01-20","history","0.412075926230579"
"exdqlm_univar_synth","draw_105",1638,"2021-01-21","history","0.275214565306541"
"exdqlm_univar_synth","draw_105",1638,"2021-01-22","history","0.461900840259954"
"exdqlm_univar_synth","draw_105",1638,"2021-01-23","history","0.655244861894946"
"exdqlm_univar_synth","draw_106",1654,"2021-01-05","history","0.793351065013448"
"exdqlm_univar_synth","draw_106",1654,"2021-01-06","history","0.291672014558295"
"exdqlm_univar_synth","draw_106",1654,"2021-01-07","history","0.757101084849047"
"exdqlm_univar_synth","draw_106",1654,"2021-01-08","history","0.658567654050352"
"exdqlm_univar_synth","draw_106",1654,"2021-01-09","history","0.534096478726442"
"exdqlm_univar_synth","draw_106",1654,"2021-01-10","history","0.597762124856860"
"exdqlm_univar_synth","draw_106",1654,"2021-01-11","history","0.241920473850106"
"exdqlm_univar_synth","draw_106",1654,"2021-01-12","history","0.489869084809328"
"exdqlm_univar_synth","draw_106",1654,"2021-01-13","history","0.471510838864519"
"exdqlm_univar_synth","draw_106",1654,"2021-01-14","history","0.584010743268443"
"exdqlm_univar_synth","draw_106",1654,"2021-01-15","history","0.244841599131816"
"exdqlm_univar_synth","draw_106",1654,"2021-01-16","history","0.284880404576656"
"exdqlm_univar_synth","draw_106",1654,"2021-01-17","history","0.357056065437488"
"exdqlm_univar_synth","draw_106",1654,"2021-01-18","history","0.287025848558524"
"exdqlm_univar_synth","draw_106",1654,"2021-01-19","history","0.425030376622149"
"exdqlm_univar_synth","draw_106",1654,"2021-01-20","history","0.448116202042631"
"exdqlm_univar_synth","draw_106",1654,"2021-01-21","history","0.270625778732324"
"exdqlm_univar_synth","draw_106",1654,"2021-01-22","history","0.351884456175689"
"exdqlm_univar_synth","draw_106",1654,"2021-01-23","history","0.402123862849688"
"exdqlm_univar_synth","draw_107",1669,"2021-01-05","history","0.730261846077237"
"exdqlm_univar_synth","draw_107",1669,"2021-01-06","history","0.138838050808771"
"exdqlm_univar_synth","draw_107",1669,"2021-01-07","history","0.245209329363924"
"exdqlm_univar_synth","draw_107",1669,"2021-01-08","history","0.372433252576413"
"exdqlm_univar_synth","draw_107",1669,"2021-01-09","history","0.218827476537200"
"exdqlm_univar_synth","draw_107",1669,"2021-01-10","history","0.519400477362599"
"exdqlm_univar_synth","draw_107",1669,"2021-01-11","history","0.359160700372165"
"exdqlm_univar_synth","draw_107",1669,"2021-01-12","history","0.335526520730339"
"exdqlm_univar_synth","draw_107",1669,"2021-01-13","history","0.465439451366152"
"exdqlm_univar_synth","draw_107",1669,"2021-01-14","history","0.414754633836416"
"exdqlm_univar_synth","draw_107",1669,"2021-01-15","history","0.249881118775461"
"exdqlm_univar_synth","draw_107",1669,"2021-01-16","history","0.291742710337794"
"exdqlm_univar_synth","draw_107",1669,"2021-01-17","history","0.418040772489675"
"exdqlm_univar_synth","draw_107",1669,"2021-01-18","history","0.370499895500566"
"exdqlm_univar_synth","draw_107",1669,"2021-01-19","history","0.444759839096221"
"exdqlm_univar_synth","draw_107",1669,"2021-01-20","history","0.282002349283128"
"exdqlm_univar_synth","draw_107",1669,"2021-01-21","history","0.275026258192741"
"exdqlm_univar_synth","draw_107",1669,"2021-01-22","history","0.565368949142707"
"exdqlm_univar_synth","draw_107",1669,"2021-01-23","history","0.551498072359319"
"exdqlm_univar_synth","draw_108",1685,"2021-01-05","history","1.10606922032202"
"exdqlm_univar_synth","draw_108",1685,"2021-01-06","history","0.436556834135229"
"exdqlm_univar_synth","draw_108",1685,"2021-01-07","history","0.555344639689190"
"exdqlm_univar_synth","draw_108",1685,"2021-01-08","history","0.330290649906760"
"exdqlm_univar_synth","draw_108",1685,"2021-01-09","history","0.311725730569491"
"exdqlm_univar_synth","draw_108",1685,"2021-01-10","history","0.449173315035171"
"exdqlm_univar_synth","draw_108",1685,"2021-01-11","history","0.303554348787416"
"exdqlm_univar_synth","draw_108",1685,"2021-01-12","history","0.412711071308047"
"exdqlm_univar_synth","draw_108",1685,"2021-01-13","history","0.366151147818644"
"exdqlm_univar_synth","draw_108",1685,"2021-01-14","history","0.376080535012042"
"exdqlm_univar_synth","draw_108",1685,"2021-01-15","history","0.216177781909284"
"exdqlm_univar_synth","draw_108",1685,"2021-01-16","history","0.408491776345552"
"exdqlm_univar_synth","draw_108",1685,"2021-01-17","history","0.420617251637395"
"exdqlm_univar_synth","draw_108",1685,"2021-01-18","history","0.357787855236127"
"exdqlm_univar_synth","draw_108",1685,"2021-01-19","history","0.421894869532549"
"exdqlm_univar_synth","draw_108",1685,"2021-01-20","history","0.381679129798669"
"exdqlm_univar_synth","draw_108",1685,"2021-01-21","history","0.475299303458123"
"exdqlm_univar_synth","draw_108",1685,"2021-01-22","history","0.259651394531858"
"exdqlm_univar_synth","draw_108",1685,"2021-01-23","history","0.393876547846636"
"exdqlm_univar_synth","draw_109",1701,"2021-01-05","history","0.790764475799941"
"exdqlm_univar_synth","draw_109",1701,"2021-01-06","history","0.376692436724043"
"exdqlm_univar_synth","draw_109",1701,"2021-01-07","history","0.515077612962128"
"exdqlm_univar_synth","draw_109",1701,"2021-01-08","history","0.339180776836870"
"exdqlm_univar_synth","draw_109",1701,"2021-01-09","history","0.245962829831966"
"exdqlm_univar_synth","draw_109",1701,"2021-01-10","history","0.548779820465936"
"exdqlm_univar_synth","draw_109",1701,"2021-01-11","history","0.296242749917119"
"exdqlm_univar_synth","draw_109",1701,"2021-01-12","history","0.207464549989757"
"exdqlm_univar_synth","draw_109",1701,"2021-01-13","history","0.392895651919245"
"exdqlm_univar_synth","draw_109",1701,"2021-01-14","history","0.304348458243254"
"exdqlm_univar_synth","draw_109",1701,"2021-01-15","history","0.442528326144085"
"exdqlm_univar_synth","draw_109",1701,"2021-01-16","history","0.308963841780663"
"exdqlm_univar_synth","draw_109",1701,"2021-01-17","history","0.532929606180933"
"exdqlm_univar_synth","draw_109",1701,"2021-01-18","history","0.287044457089247"
"exdqlm_univar_synth","draw_109",1701,"2021-01-19","history","0.346040743215523"
"exdqlm_univar_synth","draw_109",1701,"2021-01-20","history","0.325611449436598"
"exdqlm_univar_synth","draw_109",1701,"2021-01-21","history","0.294860455619184"
"exdqlm_univar_synth","draw_109",1701,"2021-01-22","history","0.520492843759092"
"exdqlm_univar_synth","draw_109",1701,"2021-01-23","history","0.701463302644565"
"exdqlm_univar_synth","draw_110",1717,"2021-01-05","history","1.27580316325922"
"exdqlm_univar_synth","draw_110",1717,"2021-01-06","history","0.543667652060986"
"exdqlm_univar_synth","draw_110",1717,"2021-01-07","history","0.419587715445477"
"exdqlm_univar_synth","draw_110",1717,"2021-01-08","history","0.398894075134851"
"exdqlm_univar_synth","draw_110",1717,"2021-01-09","history","0.425951470587934"
"exdqlm_univar_synth","draw_110",1717,"2021-01-10","history","0.590859967760533"
"exdqlm_univar_synth","draw_110",1717,"2021-01-11","history","0.580260194583033"
"exdqlm_univar_synth","draw_110",1717,"2021-01-12","history","0.675663015010084"
"exdqlm_univar_synth","draw_110",1717,"2021-01-13","history","0.418224386521684"
"exdqlm_univar_synth","draw_110",1717,"2021-01-14","history","0.319046945469331"
"exdqlm_univar_synth","draw_110",1717,"2021-01-15","history","0.364167918087383"
"exdqlm_univar_synth","draw_110",1717,"2021-01-16","history","0.474015174749659"
"exdqlm_univar_synth","draw_110",1717,"2021-01-17","history","0.499535634574702"
"exdqlm_univar_synth","draw_110",1717,"2021-01-18","history","0.526185845458021"
"exdqlm_univar_synth","draw_110",1717,"2021-01-19","history","0.346840393398832"
"exdqlm_univar_synth","draw_110",1717,"2021-01-20","history","0.252998681482551"
"exdqlm_univar_synth","draw_110",1717,"2021-01-21","history","0.425206041682316"
"exdqlm_univar_synth","draw_110",1717,"2021-01-22","history","0.371248837409465"
"exdqlm_univar_synth","draw_110",1717,"2021-01-23","history","0.815849626289408"
"exdqlm_univar_synth","draw_111",1732,"2021-01-05","history","0.776021373446462"
"exdqlm_univar_synth","draw_111",1732,"2021-01-06","history","0.281655816474650"
"exdqlm_univar_synth","draw_111",1732,"2021-01-07","history","0.510077995500076"
"exdqlm_univar_synth","draw_111",1732,"2021-01-08","history","0.387467097804816"
"exdqlm_univar_synth","draw_111",1732,"2021-01-09","history","0.253622814777606"
"exdqlm_univar_synth","draw_111",1732,"2021-01-10","history","0.634837050072291"
"exdqlm_univar_synth","draw_111",1732,"2021-01-11","history","0.291761449541001"
"exdqlm_univar_synth","draw_111",1732,"2021-01-12","history","0.245437275236652"
"exdqlm_univar_synth","draw_111",1732,"2021-01-13","history","0.312331972156583"
"exdqlm_univar_synth","draw_111",1732,"2021-01-14","history","0.480705940534457"
"exdqlm_univar_synth","draw_111",1732,"2021-01-15","history","0.394416986011952"
"exdqlm_univar_synth","draw_111",1732,"2021-01-16","history","0.256710873135235"
"exdqlm_univar_synth","draw_111",1732,"2021-01-17","history","0.463354584992810"
"exdqlm_univar_synth","draw_111",1732,"2021-01-18","history","0.420190763760054"
"exdqlm_univar_synth","draw_111",1732,"2021-01-19","history","0.375520549025180"
"exdqlm_univar_synth","draw_111",1732,"2021-01-20","history","0.415039697574601"
"exdqlm_univar_synth","draw_111",1732,"2021-01-21","history","0.292677990745505"
"exdqlm_univar_synth","draw_111",1732,"2021-01-22","history","0.471193212941013"
"exdqlm_univar_synth","draw_111",1732,"2021-01-23","history","0.977027363750271"
"exdqlm_univar_synth","draw_112",1748,"2021-01-05","history","0.607339054573758"
"exdqlm_univar_synth","draw_112",1748,"2021-01-06","history","0.384003457119358"
"exdqlm_univar_synth","draw_112",1748,"2021-01-07","history","0.691030388289686"
"exdqlm_univar_synth","draw_112",1748,"2021-01-08","history","0.487230864776032"
"exdqlm_univar_synth","draw_112",1748,"2021-01-09","history","0.470395806322878"
"exdqlm_univar_synth","draw_112",1748,"2021-01-10","history","0.218972223078216"
"exdqlm_univar_synth","draw_112",1748,"2021-01-11","history","0.588459395278414"
"exdqlm_univar_synth","draw_112",1748,"2021-01-12","history","0.296290868544085"
"exdqlm_univar_synth","draw_112",1748,"2021-01-13","history","0.406562764176220"
"exdqlm_univar_synth","draw_112",1748,"2021-01-14","history","0.219926485843299"
"exdqlm_univar_synth","draw_112",1748,"2021-01-15","history","0.402270618246709"
"exdqlm_univar_synth","draw_112",1748,"2021-01-16","history","0.331363614364243"
"exdqlm_univar_synth","draw_112",1748,"2021-01-17","history","0.392305780410751"
"exdqlm_univar_synth","draw_112",1748,"2021-01-18","history","0.468011699342392"
"exdqlm_univar_synth","draw_112",1748,"2021-01-19","history","0.343478298831064"
"exdqlm_univar_synth","draw_112",1748,"2021-01-20","history","0.413953478187956"
"exdqlm_univar_synth","draw_112",1748,"2021-01-21","history","0.618878006056682"
"exdqlm_univar_synth","draw_112",1748,"2021-01-22","history","0.453017115126894"
"exdqlm_univar_synth","draw_112",1748,"2021-01-23","history","0.377488407393442"
"exdqlm_univar_synth","draw_113",1764,"2021-01-05","history","1.31728175800581"
"exdqlm_univar_synth","draw_113",1764,"2021-01-06","history","0.362360377923398"
"exdqlm_univar_synth","draw_113",1764,"2021-01-07","history","0.389126406130752"
"exdqlm_univar_synth","draw_113",1764,"2021-01-08","history","0.559519612944240"
"exdqlm_univar_synth","draw_113",1764,"2021-01-09","history","0.289665823229451"
"exdqlm_univar_synth","draw_113",1764,"2021-01-10","history","0.454761262298445"
"exdqlm_univar_synth","draw_113",1764,"2021-01-11","history","0.326701323697041"
"exdqlm_univar_synth","draw_113",1764,"2021-01-12","history","0.178274098974325"
"exdqlm_univar_synth","draw_113",1764,"2021-01-13","history","0.358811204012491"
"exdqlm_univar_synth","draw_113",1764,"2021-01-14","history","0.214288451779569"
"exdqlm_univar_synth","draw_113",1764,"2021-01-15","history","0.297761592910259"
"exdqlm_univar_synth","draw_113",1764,"2021-01-16","history","0.586892010676189"
"exdqlm_univar_synth","draw_113",1764,"2021-01-17","history","0.346396804274739"
"exdqlm_univar_synth","draw_113",1764,"2021-01-18","history","0.473313030560666"
"exdqlm_univar_synth","draw_113",1764,"2021-01-19","history","0.373372446702098"
"exdqlm_univar_synth","draw_113",1764,"2021-01-20","history","0.280067945542345"
"exdqlm_univar_synth","draw_113",1764,"2021-01-21","history","0.575857240516433"
"exdqlm_univar_synth","draw_113",1764,"2021-01-22","history","0.465464810309092"
"exdqlm_univar_synth","draw_113",1764,"2021-01-23","history","0.501318062869568"
"exdqlm_univar_synth","draw_114",1780,"2021-01-05","history","0.991028120764935"
"exdqlm_univar_synth","draw_114",1780,"2021-01-06","history","0.738202833239772"
"exdqlm_univar_synth","draw_114",1780,"2021-01-07","history","0.580660917770415"
"exdqlm_univar_synth","draw_114",1780,"2021-01-08","history","0.239971362406824"
"exdqlm_univar_synth","draw_114",1780,"2021-01-09","history","0.615956028127859"
"exdqlm_univar_synth","draw_114",1780,"2021-01-10","history","0.277624312564507"
"exdqlm_univar_synth","draw_114",1780,"2021-01-11","history","0.492760956345055"
"exdqlm_univar_synth","draw_114",1780,"2021-01-12","history","0.570604682919552"
"exdqlm_univar_synth","draw_114",1780,"2021-01-13","history","0.241105339569682"
"exdqlm_univar_synth","draw_114",1780,"2021-01-14","history","0.505932927443147"
"exdqlm_univar_synth","draw_114",1780,"2021-01-15","history","0.313892387913004"
"exdqlm_univar_synth","draw_114",1780,"2021-01-16","history","0.416993009531249"
"exdqlm_univar_synth","draw_114",1780,"2021-01-17","history","0.526675237900261"
"exdqlm_univar_synth","draw_114",1780,"2021-01-18","history","0.425086241726302"
"exdqlm_univar_synth","draw_114",1780,"2021-01-19","history","0.505007040403252"
"exdqlm_univar_synth","draw_114",1780,"2021-01-20","history","0.284153613494567"
"exdqlm_univar_synth","draw_114",1780,"2021-01-21","history","0.542145888697315"
"exdqlm_univar_synth","draw_114",1780,"2021-01-22","history","0.290924773450685"
"exdqlm_univar_synth","draw_114",1780,"2021-01-23","history","0.599129208635599"
"exdqlm_univar_synth","draw_115",1795,"2021-01-05","history","0.658364176491626"
"exdqlm_univar_synth","draw_115",1795,"2021-01-06","history","0.288101029497955"
"exdqlm_univar_synth","draw_115",1795,"2021-01-07","history","0.365848468941427"
"exdqlm_univar_synth","draw_115",1795,"2021-01-08","history","0.355190149791120"
"exdqlm_univar_synth","draw_115",1795,"2021-01-09","history","0.423069813713668"
"exdqlm_univar_synth","draw_115",1795,"2021-01-10","history","0.430689646659554"
"exdqlm_univar_synth","draw_115",1795,"2021-01-11","history","0.220768973249666"
"exdqlm_univar_synth","draw_115",1795,"2021-01-12","history","0.434282359015766"
"exdqlm_univar_synth","draw_115",1795,"2021-01-13","history","0.320511521425280"
"exdqlm_univar_synth","draw_115",1795,"2021-01-14","history","0.337849338374642"
"exdqlm_univar_synth","draw_115",1795,"2021-01-15","history","0.275904905320178"
"exdqlm_univar_synth","draw_115",1795,"2021-01-16","history","0.460575945996262"
"exdqlm_univar_synth","draw_115",1795,"2021-01-17","history","0.403251512867674"
"exdqlm_univar_synth","draw_115",1795,"2021-01-18","history","0.254868211338522"
"exdqlm_univar_synth","draw_115",1795,"2021-01-19","history","0.346666343924277"
"exdqlm_univar_synth","draw_115",1795,"2021-01-20","history","0.444802810584634"
"exdqlm_univar_synth","draw_115",1795,"2021-01-21","history","0.352209273782069"
"exdqlm_univar_synth","draw_115",1795,"2021-01-22","history","0.152905929182697"
"exdqlm_univar_synth","draw_115",1795,"2021-01-23","history","0.561950587632588"
"exdqlm_univar_synth","draw_116",1811,"2021-01-05","history","0.518789455802799"
"exdqlm_univar_synth","draw_116",1811,"2021-01-06","history","0.514576522919148"
"exdqlm_univar_synth","draw_116",1811,"2021-01-07","history","0.587291095467646"
"exdqlm_univar_synth","draw_116",1811,"2021-01-08","history","0.402852792938700"
"exdqlm_univar_synth","draw_116",1811,"2021-01-09","history","0.415406083667801"
"exdqlm_univar_synth","draw_116",1811,"2021-01-10","history","0.381159539076087"
"exdqlm_univar_synth","draw_116",1811,"2021-01-11","history","0.586935086164925"
"exdqlm_univar_synth","draw_116",1811,"2021-01-12","history","0.355163880380664"
"exdqlm_univar_synth","draw_116",1811,"2021-01-13","history","0.369546588249494"
"exdqlm_univar_synth","draw_116",1811,"2021-01-14","history","0.495438250445046"
"exdqlm_univar_synth","draw_116",1811,"2021-01-15","history","0.587778832600688"
"exdqlm_univar_synth","draw_116",1811,"2021-01-16","history","0.277267375640306"
"exdqlm_univar_synth","draw_116",1811,"2021-01-17","history","0.464450778118456"
"exdqlm_univar_synth","draw_116",1811,"2021-01-18","history","0.364165400750876"
"exdqlm_univar_synth","draw_116",1811,"2021-01-19","history","0.410689167553444"
"exdqlm_univar_synth","draw_116",1811,"2021-01-20","history","0.295860802919774"
"exdqlm_univar_synth","draw_116",1811,"2021-01-21","history","0.454419968622183"
"exdqlm_univar_synth","draw_116",1811,"2021-01-22","history","0.710759729111909"
"exdqlm_univar_synth","draw_116",1811,"2021-01-23","history","0.852650818138648"
"exdqlm_univar_synth","draw_117",1827,"2021-01-05","history","0.562354957225593"
"exdqlm_univar_synth","draw_117",1827,"2021-01-06","history","0.396796782152719"
"exdqlm_univar_synth","draw_117",1827,"2021-01-07","history","0.422638811308654"
"exdqlm_univar_synth","draw_117",1827,"2021-01-08","history","0.267881657634257"
"exdqlm_univar_synth","draw_117",1827,"2021-01-09","history","0.550138467158166"
"exdqlm_univar_synth","draw_117",1827,"2021-01-10","history","0.318700254898628"
"exdqlm_univar_synth","draw_117",1827,"2021-01-11","history","0.555405677526217"
"exdqlm_univar_synth","draw_117",1827,"2021-01-12","history","0.505328036233292"
"exdqlm_univar_synth","draw_117",1827,"2021-01-13","history","0.691949277819563"
"exdqlm_univar_synth","draw_117",1827,"2021-01-14","history","0.509124157358246"
"exdqlm_univar_synth","draw_117",1827,"2021-01-15","history","0.296651834634651"
"exdqlm_univar_synth","draw_117",1827,"2021-01-16","history","0.422484007359434"
"exdqlm_univar_synth","draw_117",1827,"2021-01-17","history","0.261625510882133"
"exdqlm_univar_synth","draw_117",1827,"2021-01-18","history","0.293727595543876"
"exdqlm_univar_synth","draw_117",1827,"2021-01-19","history","0.347376610004617"
"exdqlm_univar_synth","draw_117",1827,"2021-01-20","history","0.317265150070211"
"exdqlm_univar_synth","draw_117",1827,"2021-01-21","history","0.357628558827963"
"exdqlm_univar_synth","draw_117",1827,"2021-01-22","history","0.735187289587103"
"exdqlm_univar_synth","draw_117",1827,"2021-01-23","history","0.684864004300248"
"exdqlm_univar_synth","draw_118",1843,"2021-01-05","history","0.614445202923767"
"exdqlm_univar_synth","draw_118",1843,"2021-01-06","history","0.432578324030343"
"exdqlm_univar_synth","draw_118",1843,"2021-01-07","history","0.309016969864484"
"exdqlm_univar_synth","draw_118",1843,"2021-01-08","history","0.236165199979613"
"exdqlm_univar_synth","draw_118",1843,"2021-01-09","history","0.258497244287663"
"exdqlm_univar_synth","draw_118",1843,"2021-01-10","history","0.437034026158311"
"exdqlm_univar_synth","draw_118",1843,"2021-01-11","history","0.445421352075399"
"exdqlm_univar_synth","draw_118",1843,"2021-01-12","history","0.289465022815340"
"exdqlm_univar_synth","draw_118",1843,"2021-01-13","history","0.353623787455119"
"exdqlm_univar_synth","draw_118",1843,"2021-01-14","history","0.337038167336171"
"exdqlm_univar_synth","draw_118",1843,"2021-01-15","history","0.615751494333385"
"exdqlm_univar_synth","draw_118",1843,"2021-01-16","history","0.512058939820432"
"exdqlm_univar_synth","draw_118",1843,"2021-01-17","history","0.298958349674424"
"exdqlm_univar_synth","draw_118",1843,"2021-01-18","history","0.264369421142072"
"exdqlm_univar_synth","draw_118",1843,"2021-01-19","history","0.352503976811293"
"exdqlm_univar_synth","draw_118",1843,"2021-01-20","history","0.515531289607428"
"exdqlm_univar_synth","draw_118",1843,"2021-01-21","history","0.595891305632827"
"exdqlm_univar_synth","draw_118",1843,"2021-01-22","history","0.301770569139022"
"exdqlm_univar_synth","draw_118",1843,"2021-01-23","history","0.417612615864934"
"exdqlm_univar_synth","draw_119",1858,"2021-01-05","history","0.805243902701368"
"exdqlm_univar_synth","draw_119",1858,"2021-01-06","history","0.327137454081890"
"exdqlm_univar_synth","draw_119",1858,"2021-01-07","history","0.380637573190635"
"exdqlm_univar_synth","draw_119",1858,"2021-01-08","history","0.307752975735676"
"exdqlm_univar_synth","draw_119",1858,"2021-01-09","history","0.402993054460990"
"exdqlm_univar_synth","draw_119",1858,"2021-01-10","history","0.519039627938065"
"exdqlm_univar_synth","draw_119",1858,"2021-01-11","history","0.576989839847205"
"exdqlm_univar_synth","draw_119",1858,"2021-01-12","history","0.262608036332062"
"exdqlm_univar_synth","draw_119",1858,"2021-01-13","history","0.468666424662721"
"exdqlm_univar_synth","draw_119",1858,"2021-01-14","history","0.471192704323618"
"exdqlm_univar_synth","draw_119",1858,"2021-01-15","history","0.287551875651096"
"exdqlm_univar_synth","draw_119",1858,"2021-01-16","history","0.263659885917363"
"exdqlm_univar_synth","draw_119",1858,"2021-01-17","history","0.417162787099931"
"exdqlm_univar_synth","draw_119",1858,"2021-01-18","history","0.586226431622133"
"exdqlm_univar_synth","draw_119",1858,"2021-01-19","history","0.354888462515210"
"exdqlm_univar_synth","draw_119",1858,"2021-01-20","history","0.321625326937027"
"exdqlm_univar_synth","draw_119",1858,"2021-01-21","history","0.458618100617077"
"exdqlm_univar_synth","draw_119",1858,"2021-01-22","history","0.318441147846505"
"exdqlm_univar_synth","draw_119",1858,"2021-01-23","history","0.389255083382914"
"exdqlm_univar_synth","draw_120",1874,"2021-01-05","history","0.674629230251235"
"exdqlm_univar_synth","draw_120",1874,"2021-01-06","history","0.293124757572635"
"exdqlm_univar_synth","draw_120",1874,"2021-01-07","history","0.193582225599704"
"exdqlm_univar_synth","draw_120",1874,"2021-01-08","history","0.202388795278880"
"exdqlm_univar_synth","draw_120",1874,"2021-01-09","history","0.499977953539171"
"exdqlm_univar_synth","draw_120",1874,"2021-01-10","history","0.450197509042433"
"exdqlm_univar_synth","draw_120",1874,"2021-01-11","history","0.150450344507648"
"exdqlm_univar_synth","draw_120",1874,"2021-01-12","history","0.316582496171967"
"exdqlm_univar_synth","draw_120",1874,"2021-01-13","history","0.703979989025310"
"exdqlm_univar_synth","draw_120",1874,"2021-01-14","history","0.572549674129490"
"exdqlm_univar_synth","draw_120",1874,"2021-01-15","history","0.362837376056536"
"exdqlm_univar_synth","draw_120",1874,"2021-01-16","history","0.499739002440720"
"exdqlm_univar_synth","draw_120",1874,"2021-01-17","history","0.398776374784663"
"exdqlm_univar_synth","draw_120",1874,"2021-01-18","history","0.521131310498074"
"exdqlm_univar_synth","draw_120",1874,"2021-01-19","history","0.384735308182710"
"exdqlm_univar_synth","draw_120",1874,"2021-01-20","history","0.216453544838547"
"exdqlm_univar_synth","draw_120",1874,"2021-01-21","history","0.467466034819406"
"exdqlm_univar_synth","draw_120",1874,"2021-01-22","history","0.252478085766716"
"exdqlm_univar_synth","draw_120",1874,"2021-01-23","history","0.446668374746877"
"exdqlm_univar_synth","draw_121",1890,"2021-01-05","history","0.918778209764214"
"exdqlm_univar_synth","draw_121",1890,"2021-01-06","history","0.179418558895745"
"exdqlm_univar_synth","draw_121",1890,"2021-01-07","history","0.430544009091570"
"exdqlm_univar_synth","draw_121",1890,"2021-01-08","history","0.307782538717613"
"exdqlm_univar_synth","draw_121",1890,"2021-01-09","history","0.306376971132561"
"exdqlm_univar_synth","draw_121",1890,"2021-01-10","history","0.358843140201942"
"exdqlm_univar_synth","draw_121",1890,"2021-01-11","history","0.482629568599148"
"exdqlm_univar_synth","draw_121",1890,"2021-01-12","history","0.264137607229446"
"exdqlm_univar_synth","draw_121",1890,"2021-01-13","history","0.417400670041243"
"exdqlm_univar_synth","draw_121",1890,"2021-01-14","history","0.350345096834626"
"exdqlm_univar_synth","draw_121",1890,"2021-01-15","history","0.325772964884769"
"exdqlm_univar_synth","draw_121",1890,"2021-01-16","history","0.268183489680445"
"exdqlm_univar_synth","draw_121",1890,"2021-01-17","history","0.369903340803848"
"exdqlm_univar_synth","draw_121",1890,"2021-01-18","history","0.202813698623990"
"exdqlm_univar_synth","draw_121",1890,"2021-01-19","history","0.409026131368282"
"exdqlm_univar_synth","draw_121",1890,"2021-01-20","history","0.662495294219872"
"exdqlm_univar_synth","draw_121",1890,"2021-01-21","history","0.337339861276676"
"exdqlm_univar_synth","draw_121",1890,"2021-01-22","history","0.369289138165194"
"exdqlm_univar_synth","draw_121",1890,"2021-01-23","history","0.447339449975067"
"exdqlm_univar_synth","draw_122",1906,"2021-01-05","history","0.472238569641633"
"exdqlm_univar_synth","draw_122",1906,"2021-01-06","history","0.293697542205752"
"exdqlm_univar_synth","draw_122",1906,"2021-01-07","history","0.341967286737019"
"exdqlm_univar_synth","draw_122",1906,"2021-01-08","history","0.616136905663332"
"exdqlm_univar_synth","draw_122",1906,"2021-01-09","history","0.652569929774823"
"exdqlm_univar_synth","draw_122",1906,"2021-01-10","history","0.588753823631799"
"exdqlm_univar_synth","draw_122",1906,"2021-01-11","history","0.598997004138146"
"exdqlm_univar_synth","draw_122",1906,"2021-01-12","history","0.362163498588649"
"exdqlm_univar_synth","draw_122",1906,"2021-01-13","history","0.359334427467358"
"exdqlm_univar_synth","draw_122",1906,"2021-01-14","history","0.417651916923682"
"exdqlm_univar_synth","draw_122",1906,"2021-01-15","history","0.450681182236418"
"exdqlm_univar_synth","draw_122",1906,"2021-01-16","history","0.250137506383819"
"exdqlm_univar_synth","draw_122",1906,"2021-01-17","history","0.517224654477581"
"exdqlm_univar_synth","draw_122",1906,"2021-01-18","history","0.284955962334267"
"exdqlm_univar_synth","draw_122",1906,"2021-01-19","history","0.597765803072689"
"exdqlm_univar_synth","draw_122",1906,"2021-01-20","history","0.643214956521418"
"exdqlm_univar_synth","draw_122",1906,"2021-01-21","history","0.551768815764325"
"exdqlm_univar_synth","draw_122",1906,"2021-01-22","history","0.770595416015854"
"exdqlm_univar_synth","draw_122",1906,"2021-01-23","history","0.558993072941838"
"exdqlm_univar_synth","draw_123",1921,"2021-01-05","history","0.523957500004918"
"exdqlm_univar_synth","draw_123",1921,"2021-01-06","history","0.559003578570350"
"exdqlm_univar_synth","draw_123",1921,"2021-01-07","history","0.584900311714147"
"exdqlm_univar_synth","draw_123",1921,"2021-01-08","history","0.184247347430527"
"exdqlm_univar_synth","draw_123",1921,"2021-01-09","history","0.345039218795495"
"exdqlm_univar_synth","draw_123",1921,"2021-01-10","history","0.492980845890057"
"exdqlm_univar_synth","draw_123",1921,"2021-01-11","history","0.287809427658267"
"exdqlm_univar_synth","draw_123",1921,"2021-01-12","history","0.157293071987465"
"exdqlm_univar_synth","draw_123",1921,"2021-01-13","history","0.395669724254356"
"exdqlm_univar_synth","draw_123",1921,"2021-01-14","history","0.384925123587902"
"exdqlm_univar_synth","draw_123",1921,"2021-01-15","history","0.245158396549177"
"exdqlm_univar_synth","draw_123",1921,"2021-01-16","history","0.565927387618299"
"exdqlm_univar_synth","draw_123",1921,"2021-01-17","history","0.262817704997082"
"exdqlm_univar_synth","draw_123",1921,"2021-01-18","history","0.302710995923053"
"exdqlm_univar_synth","draw_123",1921,"2021-01-19","history","0.522896564540265"
"exdqlm_univar_synth","draw_123",1921,"2021-01-20","history","0.373180206538319"
"exdqlm_univar_synth","draw_123",1921,"2021-01-21","history","0.554247663628182"
"exdqlm_univar_synth","draw_123",1921,"2021-01-22","history","0.674768861308560"
"exdqlm_univar_synth","draw_123",1921,"2021-01-23","history","0.666647708538993"
"exdqlm_univar_synth","draw_124",1937,"2021-01-05","history","1.29385474772463"
"exdqlm_univar_synth","draw_124",1937,"2021-01-06","history","0.612017309239167"
"exdqlm_univar_synth","draw_124",1937,"2021-01-07","history","0.388952060141989"
"exdqlm_univar_synth","draw_124",1937,"2021-01-08","history","0.579883884595326"
"exdqlm_univar_synth","draw_124",1937,"2021-01-09","history","0.294825733602674"
"exdqlm_univar_synth","draw_124",1937,"2021-01-10","history","0.430068002457217"
"exdqlm_univar_synth","draw_124",1937,"2021-01-11","history","0.260472359467901"
"exdqlm_univar_synth","draw_124",1937,"2021-01-12","history","0.253755841369704"
"exdqlm_univar_synth","draw_124",1937,"2021-01-13","history","0.569896614954185"
"exdqlm_univar_synth","draw_124",1937,"2021-01-14","history","0.228666076687365"
"exdqlm_univar_synth","draw_124",1937,"2021-01-15","history","0.298866064773623"
"exdqlm_univar_synth","draw_124",1937,"2021-01-16","history","0.418817004128506"
"exdqlm_univar_synth","draw_124",1937,"2021-01-17","history","0.410665907882630"
"exdqlm_univar_synth","draw_124",1937,"2021-01-18","history","0.449657244432786"
"exdqlm_univar_synth","draw_124",1937,"2021-01-19","history","0.378941065075484"
"exdqlm_univar_synth","draw_124",1937,"2021-01-20","history","0.364624280441009"
"exdqlm_univar_synth","draw_124",1937,"2021-01-21","history","0.518150122823693"
"exdqlm_univar_synth","draw_124",1937,"2021-01-22","history","0.463615287232826"
"exdqlm_univar_synth","draw_124",1937,"2021-01-23","history","0.436469013370362"
"exdqlm_univar_synth","draw_125",1953,"2021-01-05","history","0.825798859756781"
"exdqlm_univar_synth","draw_125",1953,"2021-01-06","history","0.277993939732325"
"exdqlm_univar_synth","draw_125",1953,"2021-01-07","history","0.300898804646144"
"exdqlm_univar_synth","draw_125",1953,"2021-01-08","history","0.279748369100299"
"exdqlm_univar_synth","draw_125",1953,"2021-01-09","history","0.194303808693283"
"exdqlm_univar_synth","draw_125",1953,"2021-01-10","history","0.529278795691547"
"exdqlm_univar_synth","draw_125",1953,"2021-01-11","history","0.224710625591006"
"exdqlm_univar_synth","draw_125",1953,"2021-01-12","history","0.255135856576782"
"exdqlm_univar_synth","draw_125",1953,"2021-01-13","history","0.244204143119902"
"exdqlm_univar_synth","draw_125",1953,"2021-01-14","history","0.639229688949262"
"exdqlm_univar_synth","draw_125",1953,"2021-01-15","history","0.217295064171001"
"exdqlm_univar_synth","draw_125",1953,"2021-01-16","history","0.482161945830808"
"exdqlm_univar_synth","draw_125",1953,"2021-01-17","history","0.485084894509313"
"exdqlm_univar_synth","draw_125",1953,"2021-01-18","history","0.431297633974168"
"exdqlm_univar_synth","draw_125",1953,"2021-01-19","history","0.149147208084792"
"exdqlm_univar_synth","draw_125",1953,"2021-01-20","history","0.239469016120923"
"exdqlm_univar_synth","draw_125",1953,"2021-01-21","history","0.294291857098475"
"exdqlm_univar_synth","draw_125",1953,"2021-01-22","history","0.502566802910914"
"exdqlm_univar_synth","draw_125",1953,"2021-01-23","history","0.432347530694111"
"exdqlm_univar_synth","draw_126",1969,"2021-01-05","history","1.18077169552780"
"exdqlm_univar_synth","draw_126",1969,"2021-01-06","history","0.387600696960515"
"exdqlm_univar_synth","draw_126",1969,"2021-01-07","history","0.398044871068248"
"exdqlm_univar_synth","draw_126",1969,"2021-01-08","history","0.330480166239505"
"exdqlm_univar_synth","draw_126",1969,"2021-01-09","history","0.342457267264910"
"exdqlm_univar_synth","draw_126",1969,"2021-01-10","history","0.504645714672163"
"exdqlm_univar_synth","draw_126",1969,"2021-01-11","history","0.488379013075805"
"exdqlm_univar_synth","draw_126",1969,"2021-01-12","history","0.493470966186267"
"exdqlm_univar_synth","draw_126",1969,"2021-01-13","history","0.261113841745740"
"exdqlm_univar_synth","draw_126",1969,"2021-01-14","history","0.404552698358729"
"exdqlm_univar_synth","draw_126",1969,"2021-01-15","history","0.243922780095588"
"exdqlm_univar_synth","draw_126",1969,"2021-01-16","history","0.539499971334998"
"exdqlm_univar_synth","draw_126",1969,"2021-01-17","history","0.495678655412671"
"exdqlm_univar_synth","draw_126",1969,"2021-01-18","history","0.418388072264503"
"exdqlm_univar_synth","draw_126",1969,"2021-01-19","history","0.496486982624566"
"exdqlm_univar_synth","draw_126",1969,"2021-01-20","history","0.268072741057868"
"exdqlm_univar_synth","draw_126",1969,"2021-01-21","history","0.337209461205141"
"exdqlm_univar_synth","draw_126",1969,"2021-01-22","history","0.350263068270949"
"exdqlm_univar_synth","draw_126",1969,"2021-01-23","history","0.650412102949046"
"exdqlm_univar_synth","draw_127",1984,"2021-01-05","history","0.801410965120511"
"exdqlm_univar_synth","draw_127",1984,"2021-01-06","history","0.456778290714956"
"exdqlm_univar_synth","draw_127",1984,"2021-01-07","history","0.711581909106321"
"exdqlm_univar_synth","draw_127",1984,"2021-01-08","history","0.257360125284932"
"exdqlm_univar_synth","draw_127",1984,"2021-01-09","history","0.274315140076990"
"exdqlm_univar_synth","draw_127",1984,"2021-01-10","history","0.614308652473781"
"exdqlm_univar_synth","draw_127",1984,"2021-01-11","history","0.353416232254731"
"exdqlm_univar_synth","draw_127",1984,"2021-01-12","history","0.389274603932433"
"exdqlm_univar_synth","draw_127",1984,"2021-01-13","history","0.318850624857610"
"exdqlm_univar_synth","draw_127",1984,"2021-01-14","history","0.221677657298376"
"exdqlm_univar_synth","draw_127",1984,"2021-01-15","history","0.478330096491891"
"exdqlm_univar_synth","draw_127",1984,"2021-01-16","history","0.408504991504472"
"exdqlm_univar_synth","draw_127",1984,"2021-01-17","history","0.457569986760452"
"exdqlm_univar_synth","draw_127",1984,"2021-01-18","history","0.343637118363122"
"exdqlm_univar_synth","draw_127",1984,"2021-01-19","history","0.164410354786728"
"exdqlm_univar_synth","draw_127",1984,"2021-01-20","history","0.400195451294403"
"exdqlm_univar_synth","draw_127",1984,"2021-01-21","history","0.281812610992395"
"exdqlm_univar_synth","draw_127",1984,"2021-01-22","history","0.350238807588459"
"exdqlm_univar_synth","draw_127",1984,"2021-01-23","history","0.668615088944778"
"exdqlm_univar_synth","draw_128",2000,"2021-01-05","history","0.732392153606289"
"exdqlm_univar_synth","draw_128",2000,"2021-01-06","history","0.604869821649192"
"exdqlm_univar_synth","draw_128",2000,"2021-01-07","history","0.411409386424797"
"exdqlm_univar_synth","draw_128",2000,"2021-01-08","history","0.258892976216186"
"exdqlm_univar_synth","draw_128",2000,"2021-01-09","history","0.295606342445989"
"exdqlm_univar_synth","draw_128",2000,"2021-01-10","history","0.229096129717972"
"exdqlm_univar_synth","draw_128",2000,"2021-01-11","history","0.273573997757848"
"exdqlm_univar_synth","draw_128",2000,"2021-01-12","history","0.374753983342954"
"exdqlm_univar_synth","draw_128",2000,"2021-01-13","history","0.261020402610316"
"exdqlm_univar_synth","draw_128",2000,"2021-01-14","history","0.417837703264757"
"exdqlm_univar_synth","draw_128",2000,"2021-01-15","history","0.430734986544580"
"exdqlm_univar_synth","draw_128",2000,"2021-01-16","history","0.197764828733235"
"exdqlm_univar_synth","draw_128",2000,"2021-01-17","history","0.356011215820695"
"exdqlm_univar_synth","draw_128",2000,"2021-01-18","history","0.468854809495987"
"exdqlm_univar_synth","draw_128",2000,"2021-01-19","history","0.336560944045687"
"exdqlm_univar_synth","draw_128",2000,"2021-01-20","history","0.426259377181321"
"exdqlm_univar_synth","draw_128",2000,"2021-01-21","history","0.269961218068363"
"exdqlm_univar_synth","draw_128",2000,"2021-01-22","history","0.492650246027036"
"exdqlm_univar_synth","draw_128",2000,"2021-01-23","history","0.821423485989276"
"exdqlm_univar_synth","draw_001",1,"2021-01-24","forecast","0.490392398538636"
"exdqlm_univar_synth","draw_001",1,"2021-01-25","forecast","0.385447610458944"
"exdqlm_univar_synth","draw_001",1,"2021-01-26","forecast","0.352061319653767"
"exdqlm_univar_synth","draw_001",1,"2021-01-27","forecast","2.02816067875535"
"exdqlm_univar_synth","draw_001",1,"2021-01-28","forecast","3.60003854489160"
"exdqlm_univar_synth","draw_001",1,"2021-01-29","forecast","3.79496688256565"
"exdqlm_univar_synth","draw_001",1,"2021-01-30","forecast","1.44185500673544"
"exdqlm_univar_synth","draw_001",1,"2021-01-31","forecast","0.577987458584421"
"exdqlm_univar_synth","draw_001",1,"2021-02-01","forecast","0.342936812601776"
"exdqlm_univar_synth","draw_001",1,"2021-02-02","forecast","0.609892261274772"
"exdqlm_univar_synth","draw_001",1,"2021-02-03","forecast","0.818403676205774"
"exdqlm_univar_synth","draw_001",1,"2021-02-04","forecast","0.721080620970889"
"exdqlm_univar_synth","draw_001",1,"2021-02-05","forecast","0.561357383760130"
"exdqlm_univar_synth","draw_001",1,"2021-02-06","forecast","0.473308906598052"
"exdqlm_univar_synth","draw_001",1,"2021-02-07","forecast","0.443924290654462"
"exdqlm_univar_synth","draw_001",1,"2021-02-08","forecast","0.353776993792152"
"exdqlm_univar_synth","draw_001",1,"2021-02-09","forecast","0.442569738541820"
"exdqlm_univar_synth","draw_001",1,"2021-02-10","forecast","1.39872452768353"
"exdqlm_univar_synth","draw_001",1,"2021-02-11","forecast","0.844482131696934"
"exdqlm_univar_synth","draw_001",1,"2021-02-12","forecast","0.635044752536447"
"exdqlm_univar_synth","draw_001",1,"2021-02-13","forecast","0.708879973073716"
"exdqlm_univar_synth","draw_001",1,"2021-02-14","forecast","1.19387240668313"
"exdqlm_univar_synth","draw_001",1,"2021-02-15","forecast","0.838839441450863"
"exdqlm_univar_synth","draw_001",1,"2021-02-16","forecast","0.840908820144641"
"exdqlm_univar_synth","draw_001",1,"2021-02-17","forecast","0.716887312361173"
"exdqlm_univar_synth","draw_001",1,"2021-02-18","forecast","0.325922542167107"
"exdqlm_univar_synth","draw_001",1,"2021-02-19","forecast","0.585208090345264"
"exdqlm_univar_synth","draw_001",1,"2021-02-20","forecast","0.381386351305787"
"exdqlm_univar_synth","draw_002",17,"2021-01-24","forecast","0.292618703497862"
"exdqlm_univar_synth","draw_002",17,"2021-01-25","forecast","0.263162314817718"
"exdqlm_univar_synth","draw_002",17,"2021-01-26","forecast","0.691370852862623"
"exdqlm_univar_synth","draw_002",17,"2021-01-27","forecast","3.42122690909417"
"exdqlm_univar_synth","draw_002",17,"2021-01-28","forecast","3.15426815874007"
"exdqlm_univar_synth","draw_002",17,"2021-01-29","forecast","2.74121103896462"
"exdqlm_univar_synth","draw_002",17,"2021-01-30","forecast","1.29910734853941"
"exdqlm_univar_synth","draw_002",17,"2021-01-31","forecast","0.838012203800481"
"exdqlm_univar_synth","draw_002",17,"2021-02-01","forecast","0.419043932832412"
"exdqlm_univar_synth","draw_002",17,"2021-02-02","forecast","1.09056062395886"
"exdqlm_univar_synth","draw_002",17,"2021-02-03","forecast","0.819633733388203"
"exdqlm_univar_synth","draw_002",17,"2021-02-04","forecast","0.351793709759304"
"exdqlm_univar_synth","draw_002",17,"2021-02-05","forecast","0.560912418205145"
"exdqlm_univar_synth","draw_002",17,"2021-02-06","forecast","0.512214783894778"
"exdqlm_univar_synth","draw_002",17,"2021-02-07","forecast","0.590149908276223"
"exdqlm_univar_synth","draw_002",17,"2021-02-08","forecast","0.364751507785655"
"exdqlm_univar_synth","draw_002",17,"2021-02-09","forecast","0.545416534829068"
"exdqlm_univar_synth","draw_002",17,"2021-02-10","forecast","1.40482746806135"
"exdqlm_univar_synth","draw_002",17,"2021-02-11","forecast","0.842010937884275"
"exdqlm_univar_synth","draw_002",17,"2021-02-12","forecast","0.627644400440120"
"exdqlm_univar_synth","draw_002",17,"2021-02-13","forecast","0.666066413581264"
"exdqlm_univar_synth","draw_002",17,"2021-02-14","forecast","1.26181534449136"
"exdqlm_univar_synth","draw_002",17,"2021-02-15","forecast","0.591875163972454"
"exdqlm_univar_synth","draw_002",17,"2021-02-16","forecast","1.05640669501572"
"exdqlm_univar_synth","draw_002",17,"2021-02-17","forecast","0.538438130698107"
"exdqlm_univar_synth","draw_002",17,"2021-02-18","forecast","0.687150565947990"
"exdqlm_univar_synth","draw_002",17,"2021-02-19","forecast","0.241829069397073"
"exdqlm_univar_synth","draw_002",17,"2021-02-20","forecast","0.442969997113942"
"exdqlm_univar_synth","draw_003",32,"2021-01-24","forecast","0.315528307425761"
"exdqlm_univar_synth","draw_003",32,"2021-01-25","forecast","0.814301378000081"
"exdqlm_univar_synth","draw_003",32,"2021-01-26","forecast","0.744370229069676"
"exdqlm_univar_synth","draw_003",32,"2021-01-27","forecast","2.54142690786665"
"exdqlm_univar_synth","draw_003",32,"2021-01-28","forecast","3.32562648520356"
"exdqlm_univar_synth","draw_003",32,"2021-01-29","forecast","3.21241573835651"
"exdqlm_univar_synth","draw_003",32,"2021-01-30","forecast","1.44169979790451"
"exdqlm_univar_synth","draw_003",32,"2021-01-31","forecast","0.730942590349707"
"exdqlm_univar_synth","draw_003",32,"2021-02-01","forecast","0.421631777378378"
"exdqlm_univar_synth","draw_003",32,"2021-02-02","forecast","1.17291440994350"
"exdqlm_univar_synth","draw_003",32,"2021-02-03","forecast","0.890409769735485"
"exdqlm_univar_synth","draw_003",32,"2021-02-04","forecast","0.721745965115194"
"exdqlm_univar_synth","draw_003",32,"2021-02-05","forecast","0.512170954454599"
"exdqlm_univar_synth","draw_003",32,"2021-02-06","forecast","0.337849987072816"
"exdqlm_univar_synth","draw_003",32,"2021-02-07","forecast","0.563222890320637"
"exdqlm_univar_synth","draw_003",32,"2021-02-08","forecast","0.205079778258147"
"exdqlm_univar_synth","draw_003",32,"2021-02-09","forecast","0.546604041569181"
"exdqlm_univar_synth","draw_003",32,"2021-02-10","forecast","1.44892465071074"
"exdqlm_univar_synth","draw_003",32,"2021-02-11","forecast","0.845081642692517"
"exdqlm_univar_synth","draw_003",32,"2021-02-12","forecast","0.398044715693150"
"exdqlm_univar_synth","draw_003",32,"2021-02-13","forecast","0.728255760204836"
"exdqlm_univar_synth","draw_003",32,"2021-02-14","forecast","1.08775439034626"
"exdqlm_univar_synth","draw_003",32,"2021-02-15","forecast","0.842543883647736"
"exdqlm_univar_synth","draw_003",32,"2021-02-16","forecast","1.08703288288503"
"exdqlm_univar_synth","draw_003",32,"2021-02-17","forecast","0.349537787369561"
"exdqlm_univar_synth","draw_003",32,"2021-02-18","forecast","0.686663711915270"
"exdqlm_univar_synth","draw_003",32,"2021-02-19","forecast","0.530065135475039"
"exdqlm_univar_synth","draw_003",32,"2021-02-20","forecast","0.910795988017982"
"exdqlm_univar_synth","draw_004",48,"2021-01-24","forecast","0.405201824166780"
"exdqlm_univar_synth","draw_004",48,"2021-01-25","forecast","0.555187412333484"
"exdqlm_univar_synth","draw_004",48,"2021-01-26","forecast","0.568780240412310"
"exdqlm_univar_synth","draw_004",48,"2021-01-27","forecast","2.45571788533174"
"exdqlm_univar_synth","draw_004",48,"2021-01-28","forecast","2.27548681575956"
"exdqlm_univar_synth","draw_004",48,"2021-01-29","forecast","2.21534610378597"
"exdqlm_univar_synth","draw_004",48,"2021-01-30","forecast","1.44280834912855"
"exdqlm_univar_synth","draw_004",48,"2021-01-31","forecast","0.837687774607707"
"exdqlm_univar_synth","draw_004",48,"2021-02-01","forecast","0.421798771068000"
"exdqlm_univar_synth","draw_004",48,"2021-02-02","forecast","1.02106267925574"
"exdqlm_univar_synth","draw_004",48,"2021-02-03","forecast","0.832761309261269"
"exdqlm_univar_synth","draw_004",48,"2021-02-04","forecast","0.583684821302726"
"exdqlm_univar_synth","draw_004",48,"2021-02-05","forecast","0.563305163535517"
"exdqlm_univar_synth","draw_004",48,"2021-02-06","forecast","0.394532006511820"
"exdqlm_univar_synth","draw_004",48,"2021-02-07","forecast","0.364196807339154"
"exdqlm_univar_synth","draw_004",48,"2021-02-08","forecast","0.570326566716140"
"exdqlm_univar_synth","draw_004",48,"2021-02-09","forecast","0.546057165060840"
"exdqlm_univar_synth","draw_004",48,"2021-02-10","forecast","1.39846490954905"
"exdqlm_univar_synth","draw_004",48,"2021-02-11","forecast","0.475929253473263"
"exdqlm_univar_synth","draw_004",48,"2021-02-12","forecast","0.883735141668937"
"exdqlm_univar_synth","draw_004",48,"2021-02-13","forecast","0.670622070306727"
"exdqlm_univar_synth","draw_004",48,"2021-02-14","forecast","0.721851448252171"
"exdqlm_univar_synth","draw_004",48,"2021-02-15","forecast","0.916459225729966"
"exdqlm_univar_synth","draw_004",48,"2021-02-16","forecast","1.08899552018634"
"exdqlm_univar_synth","draw_004",48,"2021-02-17","forecast","0.762983184857210"
"exdqlm_univar_synth","draw_004",48,"2021-02-18","forecast","0.690943072179809"
"exdqlm_univar_synth","draw_004",48,"2021-02-19","forecast","0.578519061427683"
"exdqlm_univar_synth","draw_004",48,"2021-02-20","forecast","0.911046006190203"
"exdqlm_univar_synth","draw_005",64,"2021-01-24","forecast","0.460958203205847"
"exdqlm_univar_synth","draw_005",64,"2021-01-25","forecast","0.731449397523119"
"exdqlm_univar_synth","draw_005",64,"2021-01-26","forecast","0.340999933832080"
"exdqlm_univar_synth","draw_005",64,"2021-01-27","forecast","2.50846019254841"
"exdqlm_univar_synth","draw_005",64,"2021-01-28","forecast","3.17740317170425"
"exdqlm_univar_synth","draw_005",64,"2021-01-29","forecast","2.20573253369511"
"exdqlm_univar_synth","draw_005",64,"2021-01-30","forecast","1.44162018698863"
"exdqlm_univar_synth","draw_005",64,"2021-01-31","forecast","0.870341263994179"
"exdqlm_univar_synth","draw_005",64,"2021-02-01","forecast","0.282670930949081"
"exdqlm_univar_synth","draw_005",64,"2021-02-02","forecast","1.17318493365002"
"exdqlm_univar_synth","draw_005",64,"2021-02-03","forecast","0.817277969721146"
"exdqlm_univar_synth","draw_005",64,"2021-02-04","forecast","0.523348118774443"
"exdqlm_univar_synth","draw_005",64,"2021-02-05","forecast","0.561142067999558"
"exdqlm_univar_synth","draw_005",64,"2021-02-06","forecast","0.513659803435761"
"exdqlm_univar_synth","draw_005",64,"2021-02-07","forecast","0.591669690702559"
"exdqlm_univar_synth","draw_005",64,"2021-02-08","forecast","0.602261660769124"
"exdqlm_univar_synth","draw_005",64,"2021-02-09","forecast","0.541716817772765"
"exdqlm_univar_synth","draw_005",64,"2021-02-10","forecast","1.39924802059018"
"exdqlm_univar_synth","draw_005",64,"2021-02-11","forecast","0.843393313681230"
"exdqlm_univar_synth","draw_005",64,"2021-02-12","forecast","0.886473694541348"
"exdqlm_univar_synth","draw_005",64,"2021-02-13","forecast","0.728257964761359"
"exdqlm_univar_synth","draw_005",64,"2021-02-14","forecast","1.18285631577779"
"exdqlm_univar_synth","draw_005",64,"2021-02-15","forecast","0.841444818631905"
"exdqlm_univar_synth","draw_005",64,"2021-02-16","forecast","0.685498661244678"
"exdqlm_univar_synth","draw_005",64,"2021-02-17","forecast","0.165661476961060"
"exdqlm_univar_synth","draw_005",64,"2021-02-18","forecast","0.543756300098513"
"exdqlm_univar_synth","draw_005",64,"2021-02-19","forecast","0.580533765316450"
"exdqlm_univar_synth","draw_005",64,"2021-02-20","forecast","0.911955892011774"
"exdqlm_univar_synth","draw_006",80,"2021-01-24","forecast","0.498573988584355"
"exdqlm_univar_synth","draw_006",80,"2021-01-25","forecast","0.237011369780412"
"exdqlm_univar_synth","draw_006",80,"2021-01-26","forecast","0.475151682758756"
"exdqlm_univar_synth","draw_006",80,"2021-01-27","forecast","2.81729043618574"
"exdqlm_univar_synth","draw_006",80,"2021-01-28","forecast","2.77660318072711"
"exdqlm_univar_synth","draw_006",80,"2021-01-29","forecast","2.41051749798839"
"exdqlm_univar_synth","draw_006",80,"2021-01-30","forecast","1.44386989436440"
"exdqlm_univar_synth","draw_006",80,"2021-01-31","forecast","0.667669727361175"
"exdqlm_univar_synth","draw_006",80,"2021-02-01","forecast","0.487754541398629"
"exdqlm_univar_synth","draw_006",80,"2021-02-02","forecast","0.729028437267105"
"exdqlm_univar_synth","draw_006",80,"2021-02-03","forecast","0.936414576414257"
"exdqlm_univar_synth","draw_006",80,"2021-02-04","forecast","0.723233450157309"
"exdqlm_univar_synth","draw_006",80,"2021-02-05","forecast","0.560475203292360"
"exdqlm_univar_synth","draw_006",80,"2021-02-06","forecast","0.328785422638333"
"exdqlm_univar_synth","draw_006",80,"2021-02-07","forecast","0.595832862884819"
"exdqlm_univar_synth","draw_006",80,"2021-02-08","forecast","0.376712947924342"
"exdqlm_univar_synth","draw_006",80,"2021-02-09","forecast","0.536113735911699"
"exdqlm_univar_synth","draw_006",80,"2021-02-10","forecast","1.72238389107481"
"exdqlm_univar_synth","draw_006",80,"2021-02-11","forecast","0.845512919599067"
"exdqlm_univar_synth","draw_006",80,"2021-02-12","forecast","0.865772265795626"
"exdqlm_univar_synth","draw_006",80,"2021-02-13","forecast","0.731182767615162"
"exdqlm_univar_synth","draw_006",80,"2021-02-14","forecast","1.18130153312116"
"exdqlm_univar_synth","draw_006",80,"2021-02-15","forecast","0.837729217535061"
"exdqlm_univar_synth","draw_006",80,"2021-02-16","forecast","1.29196207898374"
"exdqlm_univar_synth","draw_006",80,"2021-02-17","forecast","0.602224766502790"
"exdqlm_univar_synth","draw_006",80,"2021-02-18","forecast","0.702084255537233"
"exdqlm_univar_synth","draw_006",80,"2021-02-19","forecast","0.584856009428025"
"exdqlm_univar_synth","draw_006",80,"2021-02-20","forecast","0.911743354025401"
"exdqlm_univar_synth","draw_007",95,"2021-01-24","forecast","0.264452543276626"
"exdqlm_univar_synth","draw_007",95,"2021-01-25","forecast","0.620070439670588"
"exdqlm_univar_synth","draw_007",95,"2021-01-26","forecast","0.447081674587786"
"exdqlm_univar_synth","draw_007",95,"2021-01-27","forecast","1.85336640266849"
"exdqlm_univar_synth","draw_007",95,"2021-01-28","forecast","2.84700303036798"
"exdqlm_univar_synth","draw_007",95,"2021-01-29","forecast","3.26367247288329"
"exdqlm_univar_synth","draw_007",95,"2021-01-30","forecast","1.58854067992767"
"exdqlm_univar_synth","draw_007",95,"2021-01-31","forecast","0.646498451276206"
"exdqlm_univar_synth","draw_007",95,"2021-02-01","forecast","0.407410783460878"
"exdqlm_univar_synth","draw_007",95,"2021-02-02","forecast","1.03457233259403"
"exdqlm_univar_synth","draw_007",95,"2021-02-03","forecast","0.577941437793566"
"exdqlm_univar_synth","draw_007",95,"2021-02-04","forecast","0.564225060451672"
"exdqlm_univar_synth","draw_007",95,"2021-02-05","forecast","0.431631822013971"
"exdqlm_univar_synth","draw_007",95,"2021-02-06","forecast","0.513705732488343"
"exdqlm_univar_synth","draw_007",95,"2021-02-07","forecast","0.583332693223511"
"exdqlm_univar_synth","draw_007",95,"2021-02-08","forecast","0.337819291605418"
"exdqlm_univar_synth","draw_007",95,"2021-02-09","forecast","0.542685149566946"
"exdqlm_univar_synth","draw_007",95,"2021-02-10","forecast","1.29333314613651"
"exdqlm_univar_synth","draw_007",95,"2021-02-11","forecast","1.04924668498684"
"exdqlm_univar_synth","draw_007",95,"2021-02-12","forecast","0.873198149170881"
"exdqlm_univar_synth","draw_007",95,"2021-02-13","forecast","0.690899907275409"
"exdqlm_univar_synth","draw_007",95,"2021-02-14","forecast","1.20952587568231"
"exdqlm_univar_synth","draw_007",95,"2021-02-15","forecast","0.752584899030645"
"exdqlm_univar_synth","draw_007",95,"2021-02-16","forecast","1.08516671590976"
"exdqlm_univar_synth","draw_007",95,"2021-02-17","forecast","0.716620198601386"
"exdqlm_univar_synth","draw_007",95,"2021-02-18","forecast","0.603775746167196"
"exdqlm_univar_synth","draw_007",95,"2021-02-19","forecast","0.521499042499519"
"exdqlm_univar_synth","draw_007",95,"2021-02-20","forecast","0.905580355352000"
"exdqlm_univar_synth","draw_008",111,"2021-01-24","forecast","0.502891064858140"
"exdqlm_univar_synth","draw_008",111,"2021-01-25","forecast","0.766986076886726"
"exdqlm_univar_synth","draw_008",111,"2021-01-26","forecast","0.718244708081229"
"exdqlm_univar_synth","draw_008",111,"2021-01-27","forecast","2.23926108690716"
"exdqlm_univar_synth","draw_008",111,"2021-01-28","forecast","2.58745472753679"
"exdqlm_univar_synth","draw_008",111,"2021-01-29","forecast","2.24649338448104"
"exdqlm_univar_synth","draw_008",111,"2021-01-30","forecast","1.44114692042867"
"exdqlm_univar_synth","draw_008",111,"2021-01-31","forecast","0.691755753457505"
"exdqlm_univar_synth","draw_008",111,"2021-02-01","forecast","0.222511583524575"
"exdqlm_univar_synth","draw_008",111,"2021-02-02","forecast","0.816698153341586"
"exdqlm_univar_synth","draw_008",111,"2021-02-03","forecast","0.818188639426621"
"exdqlm_univar_synth","draw_008",111,"2021-02-04","forecast","0.665471848079108"
"exdqlm_univar_synth","draw_008",111,"2021-02-05","forecast","0.700465363744095"
"exdqlm_univar_synth","draw_008",111,"2021-02-06","forecast","0.311786627214723"
"exdqlm_univar_synth","draw_008",111,"2021-02-07","forecast","0.592620371931806"
"exdqlm_univar_synth","draw_008",111,"2021-02-08","forecast","0.591494303379182"
"exdqlm_univar_synth","draw_008",111,"2021-02-09","forecast","0.309398518204941"
"exdqlm_univar_synth","draw_008",111,"2021-02-10","forecast","1.39894353442439"
"exdqlm_univar_synth","draw_008",111,"2021-02-11","forecast","0.844605914662082"
"exdqlm_univar_synth","draw_008",111,"2021-02-12","forecast","0.839766762413938"
"exdqlm_univar_synth","draw_008",111,"2021-02-13","forecast","0.681244132629526"
"exdqlm_univar_synth","draw_008",111,"2021-02-14","forecast","0.534969889792632"
"exdqlm_univar_synth","draw_008",111,"2021-02-15","forecast","0.678506958809005"
"exdqlm_univar_synth","draw_008",111,"2021-02-16","forecast","1.08545751291989"
"exdqlm_univar_synth","draw_008",111,"2021-02-17","forecast","0.718101939682065"
"exdqlm_univar_synth","draw_008",111,"2021-02-18","forecast","0.637164422380774"
"exdqlm_univar_synth","draw_008",111,"2021-02-19","forecast","0.575267776823463"
"exdqlm_univar_synth","draw_008",111,"2021-02-20","forecast","0.915744881123756"
"exdqlm_univar_synth","draw_009",127,"2021-01-24","forecast","0.406133005614400"
"exdqlm_univar_synth","draw_009",127,"2021-01-25","forecast","0.408951010541042"
"exdqlm_univar_synth","draw_009",127,"2021-01-26","forecast","0.516959532327085"
"exdqlm_univar_synth","draw_009",127,"2021-01-27","forecast","2.64747320348454"
"exdqlm_univar_synth","draw_009",127,"2021-01-28","forecast","3.46467859528092"
"exdqlm_univar_synth","draw_009",127,"2021-01-29","forecast","3.37355145322069"
"exdqlm_univar_synth","draw_009",127,"2021-01-30","forecast","1.44416154708783"
"exdqlm_univar_synth","draw_009",127,"2021-01-31","forecast","0.504293101086521"
"exdqlm_univar_synth","draw_009",127,"2021-02-01","forecast","0.259899018245709"
"exdqlm_univar_synth","draw_009",127,"2021-02-02","forecast","1.09092928073017"
"exdqlm_univar_synth","draw_009",127,"2021-02-03","forecast","0.820881994705779"
"exdqlm_univar_synth","draw_009",127,"2021-02-04","forecast","0.677981128711409"
"exdqlm_univar_synth","draw_009",127,"2021-02-05","forecast","0.560550402052664"
"exdqlm_univar_synth","draw_009",127,"2021-02-06","forecast","0.512263951730389"
"exdqlm_univar_synth","draw_009",127,"2021-02-07","forecast","0.588659137898821"
"exdqlm_univar_synth","draw_009",127,"2021-02-08","forecast","0.604882716911685"
"exdqlm_univar_synth","draw_009",127,"2021-02-09","forecast","0.547315059298549"
"exdqlm_univar_synth","draw_009",127,"2021-02-10","forecast","1.40701170721629"
"exdqlm_univar_synth","draw_009",127,"2021-02-11","forecast","0.895563476813276"
"exdqlm_univar_synth","draw_009",127,"2021-02-12","forecast","0.858685549306170"
"exdqlm_univar_synth","draw_009",127,"2021-02-13","forecast","0.757094549615635"
"exdqlm_univar_synth","draw_009",127,"2021-02-14","forecast","1.32607092854354"
"exdqlm_univar_synth","draw_009",127,"2021-02-15","forecast","0.668341913775684"
"exdqlm_univar_synth","draw_009",127,"2021-02-16","forecast","1.08387434742560"
"exdqlm_univar_synth","draw_009",127,"2021-02-17","forecast","0.717062267382660"
"exdqlm_univar_synth","draw_009",127,"2021-02-18","forecast","0.688753604386455"
"exdqlm_univar_synth","draw_009",127,"2021-02-19","forecast","0.263079062735947"
"exdqlm_univar_synth","draw_009",127,"2021-02-20","forecast","0.906872524620476"
"exdqlm_univar_synth","draw_010",143,"2021-01-24","forecast","0.234432197517684"
"exdqlm_univar_synth","draw_010",143,"2021-01-25","forecast","0.528364008155455"
"exdqlm_univar_synth","draw_010",143,"2021-01-26","forecast","0.647355346925658"
"exdqlm_univar_synth","draw_010",143,"2021-01-27","forecast","3.30483690679550"
"exdqlm_univar_synth","draw_010",143,"2021-01-28","forecast","2.71461263525998"
"exdqlm_univar_synth","draw_010",143,"2021-01-29","forecast","3.46531794997622"
"exdqlm_univar_synth","draw_010",143,"2021-01-30","forecast","1.26269934357530"
"exdqlm_univar_synth","draw_010",143,"2021-01-31","forecast","0.607494456265499"
"exdqlm_univar_synth","draw_010",143,"2021-02-01","forecast","0.377423595466512"
"exdqlm_univar_synth","draw_010",143,"2021-02-02","forecast","0.735158337281474"
"exdqlm_univar_synth","draw_010",143,"2021-02-03","forecast","0.567932778913579"
"exdqlm_univar_synth","draw_010",143,"2021-02-04","forecast","0.439139918620953"
"exdqlm_univar_synth","draw_010",143,"2021-02-05","forecast","0.455801974071847"
"exdqlm_univar_synth","draw_010",143,"2021-02-06","forecast","0.514986063383436"
"exdqlm_univar_synth","draw_010",143,"2021-02-07","forecast","0.591514837392352"
"exdqlm_univar_synth","draw_010",143,"2021-02-08","forecast","0.511825302231252"
"exdqlm_univar_synth","draw_010",143,"2021-02-09","forecast","0.545869894992037"
"exdqlm_univar_synth","draw_010",143,"2021-02-10","forecast","1.40669189466227"
"exdqlm_univar_synth","draw_010",143,"2021-02-11","forecast","0.684003412970304"
"exdqlm_univar_synth","draw_010",143,"2021-02-12","forecast","0.885058426944085"
"exdqlm_univar_synth","draw_010",143,"2021-02-13","forecast","0.564655585381097"
"exdqlm_univar_synth","draw_010",143,"2021-02-14","forecast","0.710668797878604"
"exdqlm_univar_synth","draw_010",143,"2021-02-15","forecast","0.542036047575503"
"exdqlm_univar_synth","draw_010",143,"2021-02-16","forecast","0.793775327531534"
"exdqlm_univar_synth","draw_010",143,"2021-02-17","forecast","0.712867349237522"
"exdqlm_univar_synth","draw_010",143,"2021-02-18","forecast","0.285919243481007"
"exdqlm_univar_synth","draw_010",143,"2021-02-19","forecast","0.266059553408033"
"exdqlm_univar_synth","draw_010",143,"2021-02-20","forecast","0.537854451353492"
"exdqlm_univar_synth","draw_011",158,"2021-01-24","forecast","0.391358979846970"
"exdqlm_univar_synth","draw_011",158,"2021-01-25","forecast","0.351976876175891"
"exdqlm_univar_synth","draw_011",158,"2021-01-26","forecast","0.506536564953968"
"exdqlm_univar_synth","draw_011",158,"2021-01-27","forecast","3.16992043982410"
"exdqlm_univar_synth","draw_011",158,"2021-01-28","forecast","2.35970813413178"
"exdqlm_univar_synth","draw_011",158,"2021-01-29","forecast","3.44130078095375"
"exdqlm_univar_synth","draw_011",158,"2021-01-30","forecast","1.44292065113664"
"exdqlm_univar_synth","draw_011",158,"2021-01-31","forecast","0.502164809998202"
"exdqlm_univar_synth","draw_011",158,"2021-02-01","forecast","0.291617957362233"
"exdqlm_univar_synth","draw_011",158,"2021-02-02","forecast","0.869825717599361"
"exdqlm_univar_synth","draw_011",158,"2021-02-03","forecast","0.628211759209447"
"exdqlm_univar_synth","draw_011",158,"2021-02-04","forecast","0.456730048856520"
"exdqlm_univar_synth","draw_011",158,"2021-02-05","forecast","0.532363600051856"
"exdqlm_univar_synth","draw_011",158,"2021-02-06","forecast","0.358476741219681"
"exdqlm_univar_synth","draw_011",158,"2021-02-07","forecast","0.589361256033410"
"exdqlm_univar_synth","draw_011",158,"2021-02-08","forecast","0.840007617078095"
"exdqlm_univar_synth","draw_011",158,"2021-02-09","forecast","0.505274911493429"
"exdqlm_univar_synth","draw_011",158,"2021-02-10","forecast","1.60144646066932"
"exdqlm_univar_synth","draw_011",158,"2021-02-11","forecast","0.485153407714550"
"exdqlm_univar_synth","draw_011",158,"2021-02-12","forecast","0.837701537296383"
"exdqlm_univar_synth","draw_011",158,"2021-02-13","forecast","0.360339876893212"
"exdqlm_univar_synth","draw_011",158,"2021-02-14","forecast","1.14869383127543"
"exdqlm_univar_synth","draw_011",158,"2021-02-15","forecast","0.841497126248012"
"exdqlm_univar_synth","draw_011",158,"2021-02-16","forecast","1.08679635458388"
"exdqlm_univar_synth","draw_011",158,"2021-02-17","forecast","0.709941691927086"
"exdqlm_univar_synth","draw_011",158,"2021-02-18","forecast","0.687778115999490"
"exdqlm_univar_synth","draw_011",158,"2021-02-19","forecast","0.584497992839494"
"exdqlm_univar_synth","draw_011",158,"2021-02-20","forecast","0.911898850869917"
"exdqlm_univar_synth","draw_012",174,"2021-01-24","forecast","0.412399564539524"
"exdqlm_univar_synth","draw_012",174,"2021-01-25","forecast","0.429041300690720"
"exdqlm_univar_synth","draw_012",174,"2021-01-26","forecast","0.499019680951364"
"exdqlm_univar_synth","draw_012",174,"2021-01-27","forecast","2.54262233812244"
"exdqlm_univar_synth","draw_012",174,"2021-01-28","forecast","2.10571676499554"
"exdqlm_univar_synth","draw_012",174,"2021-01-29","forecast","3.21719252831134"
"exdqlm_univar_synth","draw_012",174,"2021-01-30","forecast","1.44229475071705"
"exdqlm_univar_synth","draw_012",174,"2021-01-31","forecast","0.827786386656814"
"exdqlm_univar_synth","draw_012",174,"2021-02-01","forecast","0.600766237744248"
"exdqlm_univar_synth","draw_012",174,"2021-02-02","forecast","1.10366264346474"
"exdqlm_univar_synth","draw_012",174,"2021-02-03","forecast","0.725993489745499"
"exdqlm_univar_synth","draw_012",174,"2021-02-04","forecast","0.510672560779099"
"exdqlm_univar_synth","draw_012",174,"2021-02-05","forecast","0.270497959164764"
"exdqlm_univar_synth","draw_012",174,"2021-02-06","forecast","0.522554268332458"
"exdqlm_univar_synth","draw_012",174,"2021-02-07","forecast","0.327772891268335"
"exdqlm_univar_synth","draw_012",174,"2021-02-08","forecast","0.532507389602150"
"exdqlm_univar_synth","draw_012",174,"2021-02-09","forecast","0.491830615490070"
"exdqlm_univar_synth","draw_012",174,"2021-02-10","forecast","0.822968037337162"
"exdqlm_univar_synth","draw_012",174,"2021-02-11","forecast","0.678480716476594"
"exdqlm_univar_synth","draw_012",174,"2021-02-12","forecast","0.457681446889904"
"exdqlm_univar_synth","draw_012",174,"2021-02-13","forecast","0.737618569128188"
"exdqlm_univar_synth","draw_012",174,"2021-02-14","forecast","1.14990181685834"
"exdqlm_univar_synth","draw_012",174,"2021-02-15","forecast","0.817671714439711"
"exdqlm_univar_synth","draw_012",174,"2021-02-16","forecast","1.08564902832237"
"exdqlm_univar_synth","draw_012",174,"2021-02-17","forecast","0.491415463660090"
"exdqlm_univar_synth","draw_012",174,"2021-02-18","forecast","0.273585402574051"
"exdqlm_univar_synth","draw_012",174,"2021-02-19","forecast","0.584627679082115"
"exdqlm_univar_synth","draw_012",174,"2021-02-20","forecast","0.910620990193627"
"exdqlm_univar_synth","draw_013",190,"2021-01-24","forecast","0.509583175846738"
"exdqlm_univar_synth","draw_013",190,"2021-01-25","forecast","0.574289125997379"
"exdqlm_univar_synth","draw_013",190,"2021-01-26","forecast","0.334935265674220"
"exdqlm_univar_synth","draw_013",190,"2021-01-27","forecast","2.84097033430299"
"exdqlm_univar_synth","draw_013",190,"2021-01-28","forecast","2.86013860697281"
"exdqlm_univar_synth","draw_013",190,"2021-01-29","forecast","2.83593933560095"
"exdqlm_univar_synth","draw_013",190,"2021-01-30","forecast","1.09735733694760"
"exdqlm_univar_synth","draw_013",190,"2021-01-31","forecast","0.444680410330836"
"exdqlm_univar_synth","draw_013",190,"2021-02-01","forecast","0.424820754865473"
"exdqlm_univar_synth","draw_013",190,"2021-02-02","forecast","0.950826447233370"
"exdqlm_univar_synth","draw_013",190,"2021-02-03","forecast","0.521529855136537"
"exdqlm_univar_synth","draw_013",190,"2021-02-04","forecast","0.702575644752622"
"exdqlm_univar_synth","draw_013",190,"2021-02-05","forecast","0.327109744588138"
"exdqlm_univar_synth","draw_013",190,"2021-02-06","forecast","0.504622373482345"
"exdqlm_univar_synth","draw_013",190,"2021-02-07","forecast","0.334893664696153"
"exdqlm_univar_synth","draw_013",190,"2021-02-08","forecast","0.360548894854352"
"exdqlm_univar_synth","draw_013",190,"2021-02-09","forecast","0.520740316265468"
"exdqlm_univar_synth","draw_013",190,"2021-02-10","forecast","1.04084576334315"
"exdqlm_univar_synth","draw_013",190,"2021-02-11","forecast","0.837007599011052"
"exdqlm_univar_synth","draw_013",190,"2021-02-12","forecast","0.830317490797276"
"exdqlm_univar_synth","draw_013",190,"2021-02-13","forecast","0.728374276238120"
"exdqlm_univar_synth","draw_013",190,"2021-02-14","forecast","1.14963602502176"
"exdqlm_univar_synth","draw_013",190,"2021-02-15","forecast","0.674172043127929"
"exdqlm_univar_synth","draw_013",190,"2021-02-16","forecast","0.816615035032775"
"exdqlm_univar_synth","draw_013",190,"2021-02-17","forecast","0.717667497437898"
"exdqlm_univar_synth","draw_013",190,"2021-02-18","forecast","0.688085882124534"
"exdqlm_univar_synth","draw_013",190,"2021-02-19","forecast","0.554767627905184"
"exdqlm_univar_synth","draw_013",190,"2021-02-20","forecast","0.911094837663411"
"exdqlm_univar_synth","draw_014",206,"2021-01-24","forecast","0.502348704603979"
"exdqlm_univar_synth","draw_014",206,"2021-01-25","forecast","0.302360605658088"
"exdqlm_univar_synth","draw_014",206,"2021-01-26","forecast","0.635923641402855"
"exdqlm_univar_synth","draw_014",206,"2021-01-27","forecast","3.25871672037617"
"exdqlm_univar_synth","draw_014",206,"2021-01-28","forecast","2.95827274284288"
"exdqlm_univar_synth","draw_014",206,"2021-01-29","forecast","3.13651286015366"
"exdqlm_univar_synth","draw_014",206,"2021-01-30","forecast","1.54665593299800"
"exdqlm_univar_synth","draw_014",206,"2021-01-31","forecast","0.734789456086109"
"exdqlm_univar_synth","draw_014",206,"2021-02-01","forecast","0.157352907030809"
"exdqlm_univar_synth","draw_014",206,"2021-02-02","forecast","1.09011159269672"
"exdqlm_univar_synth","draw_014",206,"2021-02-03","forecast","0.596815233123266"
"exdqlm_univar_synth","draw_014",206,"2021-02-04","forecast","0.745793829264833"
"exdqlm_univar_synth","draw_014",206,"2021-02-05","forecast","0.562475303820188"
"exdqlm_univar_synth","draw_014",206,"2021-02-06","forecast","0.512063610191469"
"exdqlm_univar_synth","draw_014",206,"2021-02-07","forecast","0.591106777430949"
"exdqlm_univar_synth","draw_014",206,"2021-02-08","forecast","0.601248016809376"
"exdqlm_univar_synth","draw_014",206,"2021-02-09","forecast","0.231875231645974"
"exdqlm_univar_synth","draw_014",206,"2021-02-10","forecast","1.26097983053449"
"exdqlm_univar_synth","draw_014",206,"2021-02-11","forecast","0.747904970900407"
"exdqlm_univar_synth","draw_014",206,"2021-02-12","forecast","0.552778777406690"
"exdqlm_univar_synth","draw_014",206,"2021-02-13","forecast","0.533804659696718"
"exdqlm_univar_synth","draw_014",206,"2021-02-14","forecast","1.16429096500198"
"exdqlm_univar_synth","draw_014",206,"2021-02-15","forecast","0.964734138622249"
"exdqlm_univar_synth","draw_014",206,"2021-02-16","forecast","0.787258003099062"
"exdqlm_univar_synth","draw_014",206,"2021-02-17","forecast","0.713935009169884"
"exdqlm_univar_synth","draw_014",206,"2021-02-18","forecast","0.291853788214155"
"exdqlm_univar_synth","draw_014",206,"2021-02-19","forecast","0.627645345676265"
"exdqlm_univar_synth","draw_014",206,"2021-02-20","forecast","0.910705103791679"
"exdqlm_univar_synth","draw_015",221,"2021-01-24","forecast","0.379384667820619"
"exdqlm_univar_synth","draw_015",221,"2021-01-25","forecast","0.504980167731383"
"exdqlm_univar_synth","draw_015",221,"2021-01-26","forecast","0.681282254895630"
"exdqlm_univar_synth","draw_015",221,"2021-01-27","forecast","2.92651194273862"
"exdqlm_univar_synth","draw_015",221,"2021-01-28","forecast","2.85043191728922"
"exdqlm_univar_synth","draw_015",221,"2021-01-29","forecast","3.13776112769628"
"exdqlm_univar_synth","draw_015",221,"2021-01-30","forecast","1.46151405965661"
"exdqlm_univar_synth","draw_015",221,"2021-01-31","forecast","0.837950185581841"
"exdqlm_univar_synth","draw_015",221,"2021-02-01","forecast","0.420456966546167"
"exdqlm_univar_synth","draw_015",221,"2021-02-02","forecast","0.722782788952041"
"exdqlm_univar_synth","draw_015",221,"2021-02-03","forecast","0.466157890510706"
"exdqlm_univar_synth","draw_015",221,"2021-02-04","forecast","0.675179566879361"
"exdqlm_univar_synth","draw_015",221,"2021-02-05","forecast","0.643602228360919"
"exdqlm_univar_synth","draw_015",221,"2021-02-06","forecast","0.249275217903157"
"exdqlm_univar_synth","draw_015",221,"2021-02-07","forecast","0.574165763641088"
"exdqlm_univar_synth","draw_015",221,"2021-02-08","forecast","0.604495939097348"
"exdqlm_univar_synth","draw_015",221,"2021-02-09","forecast","0.343589684192512"
"exdqlm_univar_synth","draw_015",221,"2021-02-10","forecast","1.39807505525400"
"exdqlm_univar_synth","draw_015",221,"2021-02-11","forecast","0.301404487461110"
"exdqlm_univar_synth","draw_015",221,"2021-02-12","forecast","0.879151404259649"
"exdqlm_univar_synth","draw_015",221,"2021-02-13","forecast","0.669390919399568"
"exdqlm_univar_synth","draw_015",221,"2021-02-14","forecast","1.13315422152919"
"exdqlm_univar_synth","draw_015",221,"2021-02-15","forecast","0.966887515932217"
"exdqlm_univar_synth","draw_015",221,"2021-02-16","forecast","0.570852796004132"
"exdqlm_univar_synth","draw_015",221,"2021-02-17","forecast","0.787938235946580"
"exdqlm_univar_synth","draw_015",221,"2021-02-18","forecast","0.687536954900081"
"exdqlm_univar_synth","draw_015",221,"2021-02-19","forecast","0.589993417374535"
"exdqlm_univar_synth","draw_015",221,"2021-02-20","forecast","0.912023365546552"
"exdqlm_univar_synth","draw_016",237,"2021-01-24","forecast","0.444427399380487"
"exdqlm_univar_synth","draw_016",237,"2021-01-25","forecast","0.588312076091531"
"exdqlm_univar_synth","draw_016",237,"2021-01-26","forecast","0.580267772179530"
"exdqlm_univar_synth","draw_016",237,"2021-01-27","forecast","3.41786654835445"
"exdqlm_univar_synth","draw_016",237,"2021-01-28","forecast","2.33908236959019"
"exdqlm_univar_synth","draw_016",237,"2021-01-29","forecast","2.61193059837298"
"exdqlm_univar_synth","draw_016",237,"2021-01-30","forecast","1.53812100013256"
"exdqlm_univar_synth","draw_016",237,"2021-01-31","forecast","0.610928147071375"
"exdqlm_univar_synth","draw_016",237,"2021-02-01","forecast","0.421686549219006"
"exdqlm_univar_synth","draw_016",237,"2021-02-02","forecast","1.04141525568410"
"exdqlm_univar_synth","draw_016",237,"2021-02-03","forecast","0.831498794136507"
"exdqlm_univar_synth","draw_016",237,"2021-02-04","forecast","0.721680358756618"
"exdqlm_univar_synth","draw_016",237,"2021-02-05","forecast","0.613228937245887"
"exdqlm_univar_synth","draw_016",237,"2021-02-06","forecast","0.513445407305454"
"exdqlm_univar_synth","draw_016",237,"2021-02-07","forecast","0.568682451533290"
"exdqlm_univar_synth","draw_016",237,"2021-02-08","forecast","0.604496228837500"
"exdqlm_univar_synth","draw_016",237,"2021-02-09","forecast","0.428652493514944"
"exdqlm_univar_synth","draw_016",237,"2021-02-10","forecast","1.18915535974006"
"exdqlm_univar_synth","draw_016",237,"2021-02-11","forecast","0.641682859993072"
"exdqlm_univar_synth","draw_016",237,"2021-02-12","forecast","0.733070499904860"
"exdqlm_univar_synth","draw_016",237,"2021-02-13","forecast","0.370101458601940"
"exdqlm_univar_synth","draw_016",237,"2021-02-14","forecast","1.14899152639633"
"exdqlm_univar_synth","draw_016",237,"2021-02-15","forecast","0.841486705792246"
"exdqlm_univar_synth","draw_016",237,"2021-02-16","forecast","1.08516770127305"
"exdqlm_univar_synth","draw_016",237,"2021-02-17","forecast","0.504018877784646"
"exdqlm_univar_synth","draw_016",237,"2021-02-18","forecast","0.639793150664829"
"exdqlm_univar_synth","draw_016",237,"2021-02-19","forecast","0.584251214933824"
"exdqlm_univar_synth","draw_016",237,"2021-02-20","forecast","0.847912776985230"
"exdqlm_univar_synth","draw_017",253,"2021-01-24","forecast","0.433935302218647"
"exdqlm_univar_synth","draw_017",253,"2021-01-25","forecast","0.269279884325812"
"exdqlm_univar_synth","draw_017",253,"2021-01-26","forecast","0.364759776381176"
"exdqlm_univar_synth","draw_017",253,"2021-01-27","forecast","1.83021671807338"
"exdqlm_univar_synth","draw_017",253,"2021-01-28","forecast","3.07804731460015"
"exdqlm_univar_synth","draw_017",253,"2021-01-29","forecast","3.45461230984607"
"exdqlm_univar_synth","draw_017",253,"2021-01-30","forecast","1.49013596211407"
"exdqlm_univar_synth","draw_017",253,"2021-01-31","forecast","0.648626980469356"
"exdqlm_univar_synth","draw_017",253,"2021-02-01","forecast","0.420767925488945"
"exdqlm_univar_synth","draw_017",253,"2021-02-02","forecast","0.860466836522495"
"exdqlm_univar_synth","draw_017",253,"2021-02-03","forecast","0.636160794215283"
"exdqlm_univar_synth","draw_017",253,"2021-02-04","forecast","0.725247989519752"
"exdqlm_univar_synth","draw_017",253,"2021-02-05","forecast","0.561626409168664"
"exdqlm_univar_synth","draw_017",253,"2021-02-06","forecast","0.620084754285763"
"exdqlm_univar_synth","draw_017",253,"2021-02-07","forecast","0.196890209765434"
"exdqlm_univar_synth","draw_017",253,"2021-02-08","forecast","0.605197706419822"
"exdqlm_univar_synth","draw_017",253,"2021-02-09","forecast","0.447399713746332"
"exdqlm_univar_synth","draw_017",253,"2021-02-10","forecast","1.40285852203505"
"exdqlm_univar_synth","draw_017",253,"2021-02-11","forecast","0.528000004820684"
"exdqlm_univar_synth","draw_017",253,"2021-02-12","forecast","0.883719534376757"
"exdqlm_univar_synth","draw_017",253,"2021-02-13","forecast","0.428052253157103"
"exdqlm_univar_synth","draw_017",253,"2021-02-14","forecast","1.15429620953527"
"exdqlm_univar_synth","draw_017",253,"2021-02-15","forecast","0.562841428394760"
"exdqlm_univar_synth","draw_017",253,"2021-02-16","forecast","0.968195339981512"
"exdqlm_univar_synth","draw_017",253,"2021-02-17","forecast","0.737713981523919"
"exdqlm_univar_synth","draw_017",253,"2021-02-18","forecast","0.684982500218985"
"exdqlm_univar_synth","draw_017",253,"2021-02-19","forecast","0.583569221487880"
"exdqlm_univar_synth","draw_017",253,"2021-02-20","forecast","0.910618593520902"
"exdqlm_univar_synth","draw_018",269,"2021-01-24","forecast","0.456039033535626"
"exdqlm_univar_synth","draw_018",269,"2021-01-25","forecast","0.398403870785612"
"exdqlm_univar_synth","draw_018",269,"2021-01-26","forecast","0.545719821919054"
"exdqlm_univar_synth","draw_018",269,"2021-01-27","forecast","1.98782789853005"
"exdqlm_univar_synth","draw_018",269,"2021-01-28","forecast","3.24510044659017"
"exdqlm_univar_synth","draw_018",269,"2021-01-29","forecast","2.76118437078047"
"exdqlm_univar_synth","draw_018",269,"2021-01-30","forecast","0.959177425513451"
"exdqlm_univar_synth","draw_018",269,"2021-01-31","forecast","0.531315699071969"
"exdqlm_univar_synth","draw_018",269,"2021-02-01","forecast","0.483117594612777"
"exdqlm_univar_synth","draw_018",269,"2021-02-02","forecast","1.01586956260303"
"exdqlm_univar_synth","draw_018",269,"2021-02-03","forecast","0.820408556982576"
"exdqlm_univar_synth","draw_018",269,"2021-02-04","forecast","0.426127582811149"
"exdqlm_univar_synth","draw_018",269,"2021-02-05","forecast","0.563537533240780"
"exdqlm_univar_synth","draw_018",269,"2021-02-06","forecast","0.513992220978460"
"exdqlm_univar_synth","draw_018",269,"2021-02-07","forecast","0.536680774823289"
"exdqlm_univar_synth","draw_018",269,"2021-02-08","forecast","0.604177754042118"
"exdqlm_univar_synth","draw_018",269,"2021-02-09","forecast","0.536241193481684"
"exdqlm_univar_synth","draw_018",269,"2021-02-10","forecast","1.40760063058356"
"exdqlm_univar_synth","draw_018",269,"2021-02-11","forecast","0.494639777448228"
"exdqlm_univar_synth","draw_018",269,"2021-02-12","forecast","0.872100312577998"
"exdqlm_univar_synth","draw_018",269,"2021-02-13","forecast","0.731405424163102"
"exdqlm_univar_synth","draw_018",269,"2021-02-14","forecast","1.19910403767623"
"exdqlm_univar_synth","draw_018",269,"2021-02-15","forecast","1.01044560089767"
"exdqlm_univar_synth","draw_018",269,"2021-02-16","forecast","1.01809454319336"
"exdqlm_univar_synth","draw_018",269,"2021-02-17","forecast","0.752861129091080"
"exdqlm_univar_synth","draw_018",269,"2021-02-18","forecast","0.699179989223745"
"exdqlm_univar_synth","draw_018",269,"2021-02-19","forecast","0.215052853055891"
"exdqlm_univar_synth","draw_018",269,"2021-02-20","forecast","0.911922116401435"
"exdqlm_univar_synth","draw_019",284,"2021-01-24","forecast","0.419830286206653"
"exdqlm_univar_synth","draw_019",284,"2021-01-25","forecast","0.833290782404418"
"exdqlm_univar_synth","draw_019",284,"2021-01-26","forecast","0.586424092190515"
"exdqlm_univar_synth","draw_019",284,"2021-01-27","forecast","2.66573029933229"
"exdqlm_univar_synth","draw_019",284,"2021-01-28","forecast","3.29926472974377"
"exdqlm_univar_synth","draw_019",284,"2021-01-29","forecast","3.02726163958227"
"exdqlm_univar_synth","draw_019",284,"2021-01-30","forecast","1.47713995419207"
"exdqlm_univar_synth","draw_019",284,"2021-01-31","forecast","0.645867443678140"
"exdqlm_univar_synth","draw_019",284,"2021-02-01","forecast","0.220553940003702"
"exdqlm_univar_synth","draw_019",284,"2021-02-02","forecast","1.04850244560617"
"exdqlm_univar_synth","draw_019",284,"2021-02-03","forecast","0.708493677891636"
"exdqlm_univar_synth","draw_019",284,"2021-02-04","forecast","0.644595296755474"
"exdqlm_univar_synth","draw_019",284,"2021-02-05","forecast","0.561155392856324"
"exdqlm_univar_synth","draw_019",284,"2021-02-06","forecast","0.533943663877670"
"exdqlm_univar_synth","draw_019",284,"2021-02-07","forecast","0.506995629955074"
"exdqlm_univar_synth","draw_019",284,"2021-02-08","forecast","0.604247657584076"
"exdqlm_univar_synth","draw_019",284,"2021-02-09","forecast","0.654667223563389"
"exdqlm_univar_synth","draw_019",284,"2021-02-10","forecast","1.49802850099484"
"exdqlm_univar_synth","draw_019",284,"2021-02-11","forecast","0.843552376385392"
"exdqlm_univar_synth","draw_019",284,"2021-02-12","forecast","0.837272738435126"
"exdqlm_univar_synth","draw_019",284,"2021-02-13","forecast","0.729746914614724"
"exdqlm_univar_synth","draw_019",284,"2021-02-14","forecast","1.15058016265391"
"exdqlm_univar_synth","draw_019",284,"2021-02-15","forecast","0.837969161388041"
"exdqlm_univar_synth","draw_019",284,"2021-02-16","forecast","1.08669920763434"
"exdqlm_univar_synth","draw_019",284,"2021-02-17","forecast","0.716757981163194"
"exdqlm_univar_synth","draw_019",284,"2021-02-18","forecast","0.700572985512487"
"exdqlm_univar_synth","draw_019",284,"2021-02-19","forecast","0.345304926780425"
"exdqlm_univar_synth","draw_019",284,"2021-02-20","forecast","0.916193042113330"
"exdqlm_univar_synth","draw_020",300,"2021-01-24","forecast","0.251865277978100"
"exdqlm_univar_synth","draw_020",300,"2021-01-25","forecast","0.590368978219561"
"exdqlm_univar_synth","draw_020",300,"2021-01-26","forecast","0.689873157591368"
"exdqlm_univar_synth","draw_020",300,"2021-01-27","forecast","2.73832751584841"
"exdqlm_univar_synth","draw_020",300,"2021-01-28","forecast","2.76073663556989"
"exdqlm_univar_synth","draw_020",300,"2021-01-29","forecast","2.61934670664907"
"exdqlm_univar_synth","draw_020",300,"2021-01-30","forecast","1.15231564069591"
"exdqlm_univar_synth","draw_020",300,"2021-01-31","forecast","0.821225399434117"
"exdqlm_univar_synth","draw_020",300,"2021-02-01","forecast","0.390783772838350"
"exdqlm_univar_synth","draw_020",300,"2021-02-02","forecast","0.720146123570059"
"exdqlm_univar_synth","draw_020",300,"2021-02-03","forecast","0.820912302795096"
"exdqlm_univar_synth","draw_020",300,"2021-02-04","forecast","0.506628068015248"
"exdqlm_univar_synth","draw_020",300,"2021-02-05","forecast","0.513349455120156"
"exdqlm_univar_synth","draw_020",300,"2021-02-06","forecast","0.505679069561291"
"exdqlm_univar_synth","draw_020",300,"2021-02-07","forecast","0.563707173041058"
"exdqlm_univar_synth","draw_020",300,"2021-02-08","forecast","0.393367483741877"
"exdqlm_univar_synth","draw_020",300,"2021-02-09","forecast","0.539546690363033"
"exdqlm_univar_synth","draw_020",300,"2021-02-10","forecast","1.16821877148595"
"exdqlm_univar_synth","draw_020",300,"2021-02-11","forecast","0.844286778263189"
"exdqlm_univar_synth","draw_020",300,"2021-02-12","forecast","0.625933535384748"
"exdqlm_univar_synth","draw_020",300,"2021-02-13","forecast","0.731644269751596"
"exdqlm_univar_synth","draw_020",300,"2021-02-14","forecast","1.09250944781169"
"exdqlm_univar_synth","draw_020",300,"2021-02-15","forecast","0.810828381751579"
"exdqlm_univar_synth","draw_020",300,"2021-02-16","forecast","0.664648373870365"
"exdqlm_univar_synth","draw_020",300,"2021-02-17","forecast","0.668494870405130"
"exdqlm_univar_synth","draw_020",300,"2021-02-18","forecast","0.700966644971851"
"exdqlm_univar_synth","draw_020",300,"2021-02-19","forecast","0.367864567994124"
"exdqlm_univar_synth","draw_020",300,"2021-02-20","forecast","0.888459423423144"
"exdqlm_univar_synth","draw_021",316,"2021-01-24","forecast","0.502433640716628"
"exdqlm_univar_synth","draw_021",316,"2021-01-25","forecast","0.559180511428854"
"exdqlm_univar_synth","draw_021",316,"2021-01-26","forecast","0.609141088892232"
"exdqlm_univar_synth","draw_021",316,"2021-01-27","forecast","2.76463997211692"
"exdqlm_univar_synth","draw_021",316,"2021-01-28","forecast","3.09639449597633"
"exdqlm_univar_synth","draw_021",316,"2021-01-29","forecast","2.83728014586779"
"exdqlm_univar_synth","draw_021",316,"2021-01-30","forecast","1.44188439110487"
"exdqlm_univar_synth","draw_021",316,"2021-01-31","forecast","1.03932098036484"
"exdqlm_univar_synth","draw_021",316,"2021-02-01","forecast","0.421615798474741"
"exdqlm_univar_synth","draw_021",316,"2021-02-02","forecast","1.04965613504133"
"exdqlm_univar_synth","draw_021",316,"2021-02-03","forecast","0.772462657500061"
"exdqlm_univar_synth","draw_021",316,"2021-02-04","forecast","0.611883969876785"
"exdqlm_univar_synth","draw_021",316,"2021-02-05","forecast","0.563967291764947"
"exdqlm_univar_synth","draw_021",316,"2021-02-06","forecast","0.505711798881726"
"exdqlm_univar_synth","draw_021",316,"2021-02-07","forecast","0.591145920935812"
"exdqlm_univar_synth","draw_021",316,"2021-02-08","forecast","0.474062640418141"
"exdqlm_univar_synth","draw_021",316,"2021-02-09","forecast","0.537678623505547"
"exdqlm_univar_synth","draw_021",316,"2021-02-10","forecast","1.42935703326848"
"exdqlm_univar_synth","draw_021",316,"2021-02-11","forecast","0.848745103799698"
"exdqlm_univar_synth","draw_021",316,"2021-02-12","forecast","0.677871887936770"
"exdqlm_univar_synth","draw_021",316,"2021-02-13","forecast","0.731585617154143"
"exdqlm_univar_synth","draw_021",316,"2021-02-14","forecast","1.15051398026309"
"exdqlm_univar_synth","draw_021",316,"2021-02-15","forecast","0.841399437747022"
"exdqlm_univar_synth","draw_021",316,"2021-02-16","forecast","0"
"exdqlm_univar_synth","draw_021",316,"2021-02-17","forecast","0.716682093004459"
"exdqlm_univar_synth","draw_021",316,"2021-02-18","forecast","0.665714882866600"
"exdqlm_univar_synth","draw_021",316,"2021-02-19","forecast","0.584181112911860"
"exdqlm_univar_synth","draw_021",316,"2021-02-20","forecast","0.909794700141064"
"exdqlm_univar_synth","draw_022",332,"2021-01-24","forecast","0.183763897676812"
"exdqlm_univar_synth","draw_022",332,"2021-01-25","forecast","0.464963937114511"
"exdqlm_univar_synth","draw_022",332,"2021-01-26","forecast","0.407179065560682"
"exdqlm_univar_synth","draw_022",332,"2021-01-27","forecast","2.43856723922717"
"exdqlm_univar_synth","draw_022",332,"2021-01-28","forecast","2.63124061296481"
"exdqlm_univar_synth","draw_022",332,"2021-01-29","forecast","3.07242484458342"
"exdqlm_univar_synth","draw_022",332,"2021-01-30","forecast","1.42800477574013"
"exdqlm_univar_synth","draw_022",332,"2021-01-31","forecast","0.555034090941394"
"exdqlm_univar_synth","draw_022",332,"2021-02-01","forecast","0.217577604903782"
"exdqlm_univar_synth","draw_022",332,"2021-02-02","forecast","0.972426641381972"
"exdqlm_univar_synth","draw_022",332,"2021-02-03","forecast","0.736111249054429"
"exdqlm_univar_synth","draw_022",332,"2021-02-04","forecast","0.807588166684445"
"exdqlm_univar_synth","draw_022",332,"2021-02-05","forecast","0.521878266241745"
"exdqlm_univar_synth","draw_022",332,"2021-02-06","forecast","0.311656271654069"
"exdqlm_univar_synth","draw_022",332,"2021-02-07","forecast","0.323649461514990"
"exdqlm_univar_synth","draw_022",332,"2021-02-08","forecast","0.649047631602876"
"exdqlm_univar_synth","draw_022",332,"2021-02-09","forecast","0.537137549423725"
"exdqlm_univar_synth","draw_022",332,"2021-02-10","forecast","1.25272047022771"
"exdqlm_univar_synth","draw_022",332,"2021-02-11","forecast","0.906260292135584"
"exdqlm_univar_synth","draw_022",332,"2021-02-12","forecast","0.339097208955952"
"exdqlm_univar_synth","draw_022",332,"2021-02-13","forecast","0.350022329821231"
"exdqlm_univar_synth","draw_022",332,"2021-02-14","forecast","1.29277644816975"
"exdqlm_univar_synth","draw_022",332,"2021-02-15","forecast","0.804824715171064"
"exdqlm_univar_synth","draw_022",332,"2021-02-16","forecast","1.08661628301026"
"exdqlm_univar_synth","draw_022",332,"2021-02-17","forecast","0.620248319910715"
"exdqlm_univar_synth","draw_022",332,"2021-02-18","forecast","0.267772600861506"
"exdqlm_univar_synth","draw_022",332,"2021-02-19","forecast","0.586311139452999"
"exdqlm_univar_synth","draw_022",332,"2021-02-20","forecast","0.887516944578217"
"exdqlm_univar_synth","draw_023",347,"2021-01-24","forecast","0.301602122711205"
"exdqlm_univar_synth","draw_023",347,"2021-01-25","forecast","0.488569189144980"
"exdqlm_univar_synth","draw_023",347,"2021-01-26","forecast","0.514162075186938"
"exdqlm_univar_synth","draw_023",347,"2021-01-27","forecast","2.90195340909229"
"exdqlm_univar_synth","draw_023",347,"2021-01-28","forecast","3.43962531633945"
"exdqlm_univar_synth","draw_023",347,"2021-01-29","forecast","2.55339560991397"
"exdqlm_univar_synth","draw_023",347,"2021-01-30","forecast","0.871701431888883"
"exdqlm_univar_synth","draw_023",347,"2021-01-31","forecast","0.697807569082103"
"exdqlm_univar_synth","draw_023",347,"2021-02-01","forecast","0.233550962666727"
"exdqlm_univar_synth","draw_023",347,"2021-02-02","forecast","0.823024712263357"
"exdqlm_univar_synth","draw_023",347,"2021-02-03","forecast","0.977688173125326"
"exdqlm_univar_synth","draw_023",347,"2021-02-04","forecast","0.722547746256653"
"exdqlm_univar_synth","draw_023",347,"2021-02-05","forecast","0.304938983273574"
"exdqlm_univar_synth","draw_023",347,"2021-02-06","forecast","0.509044858381952"
"exdqlm_univar_synth","draw_023",347,"2021-02-07","forecast","0.591479899098961"
"exdqlm_univar_synth","draw_023",347,"2021-02-08","forecast","0.604690771865688"
"exdqlm_univar_synth","draw_023",347,"2021-02-09","forecast","0.506793022770292"
"exdqlm_univar_synth","draw_023",347,"2021-02-10","forecast","1.40672775947470"
"exdqlm_univar_synth","draw_023",347,"2021-02-11","forecast","0.846177076283875"
"exdqlm_univar_synth","draw_023",347,"2021-02-12","forecast","0.552624138787858"
"exdqlm_univar_synth","draw_023",347,"2021-02-13","forecast","0.729059033527289"
"exdqlm_univar_synth","draw_023",347,"2021-02-14","forecast","0.947103857964216"
"exdqlm_univar_synth","draw_023",347,"2021-02-15","forecast","0.795128253661737"
"exdqlm_univar_synth","draw_023",347,"2021-02-16","forecast","1.02205967087336"
"exdqlm_univar_synth","draw_023",347,"2021-02-17","forecast","0.467373485002332"
"exdqlm_univar_synth","draw_023",347,"2021-02-18","forecast","0.694485098880084"
"exdqlm_univar_synth","draw_023",347,"2021-02-19","forecast","0.207644798818589"
"exdqlm_univar_synth","draw_023",347,"2021-02-20","forecast","0.912065166105890"
"exdqlm_univar_synth","draw_024",363,"2021-01-24","forecast","0.197193405611507"
"exdqlm_univar_synth","draw_024",363,"2021-01-25","forecast","0.455146059616828"
"exdqlm_univar_synth","draw_024",363,"2021-01-26","forecast","0.372310467377330"
"exdqlm_univar_synth","draw_024",363,"2021-01-27","forecast","2.10864645649916"
"exdqlm_univar_synth","draw_024",363,"2021-01-28","forecast","3.11238886576504"
"exdqlm_univar_synth","draw_024",363,"2021-01-29","forecast","3.56131360833979"
"exdqlm_univar_synth","draw_024",363,"2021-01-30","forecast","1.48858286281963"
"exdqlm_univar_synth","draw_024",363,"2021-01-31","forecast","0.925217738535514"
"exdqlm_univar_synth","draw_024",363,"2021-02-01","forecast","0.403782562235082"
"exdqlm_univar_synth","draw_024",363,"2021-02-02","forecast","1.24309737633405"
"exdqlm_univar_synth","draw_024",363,"2021-02-03","forecast","0.516128582150227"
"exdqlm_univar_synth","draw_024",363,"2021-02-04","forecast","0.742056735570660"
"exdqlm_univar_synth","draw_024",363,"2021-02-05","forecast","0.399461102805840"
"exdqlm_univar_synth","draw_024",363,"2021-02-06","forecast","0.00663523416612473"
"exdqlm_univar_synth","draw_024",363,"2021-02-07","forecast","0.533304298242295"
"exdqlm_univar_synth","draw_024",363,"2021-02-08","forecast","0.604697822999264"
"exdqlm_univar_synth","draw_024",363,"2021-02-09","forecast","0.535354092821080"
"exdqlm_univar_synth","draw_024",363,"2021-02-10","forecast","1.39908677004579"
"exdqlm_univar_synth","draw_024",363,"2021-02-11","forecast","0.820725895636103"
"exdqlm_univar_synth","draw_024",363,"2021-02-12","forecast","0.927864640265948"
"exdqlm_univar_synth","draw_024",363,"2021-02-13","forecast","0.561177988117700"
"exdqlm_univar_synth","draw_024",363,"2021-02-14","forecast","1.10432056946420"
"exdqlm_univar_synth","draw_024",363,"2021-02-15","forecast","0.635531783615380"
"exdqlm_univar_synth","draw_024",363,"2021-02-16","forecast","1.08679259356360"
"exdqlm_univar_synth","draw_024",363,"2021-02-17","forecast","0.716080890535741"
"exdqlm_univar_synth","draw_024",363,"2021-02-18","forecast","0.714507039124140"
"exdqlm_univar_synth","draw_024",363,"2021-02-19","forecast","0.250768021308550"
"exdqlm_univar_synth","draw_024",363,"2021-02-20","forecast","0.605724349071592"
"exdqlm_univar_synth","draw_025",379,"2021-01-24","forecast","0.264181287915509"
"exdqlm_univar_synth","draw_025",379,"2021-01-25","forecast","0.551187659837551"
"exdqlm_univar_synth","draw_025",379,"2021-01-26","forecast","0.564931647182631"
"exdqlm_univar_synth","draw_025",379,"2021-01-27","forecast","2.61361907631986"
"exdqlm_univar_synth","draw_025",379,"2021-01-28","forecast","3.19775366023424"
"exdqlm_univar_synth","draw_025",379,"2021-01-29","forecast","3.21073004432716"
"exdqlm_univar_synth","draw_025",379,"2021-01-30","forecast","1.44188759071275"
"exdqlm_univar_synth","draw_025",379,"2021-01-31","forecast","0.791523524296880"
"exdqlm_univar_synth","draw_025",379,"2021-02-01","forecast","0.489015188619073"
"exdqlm_univar_synth","draw_025",379,"2021-02-02","forecast","0.745928251915810"
"exdqlm_univar_synth","draw_025",379,"2021-02-03","forecast","0.820885459777730"
"exdqlm_univar_synth","draw_025",379,"2021-02-04","forecast","0.724919374017583"
"exdqlm_univar_synth","draw_025",379,"2021-02-05","forecast","0.562872451282435"
"exdqlm_univar_synth","draw_025",379,"2021-02-06","forecast","0.513794301012254"
"exdqlm_univar_synth","draw_025",379,"2021-02-07","forecast","0.591645450579551"
"exdqlm_univar_synth","draw_025",379,"2021-02-08","forecast","0.427444162353975"
"exdqlm_univar_synth","draw_025",379,"2021-02-09","forecast","0.538388080575802"
"exdqlm_univar_synth","draw_025",379,"2021-02-10","forecast","0.853732487191136"
"exdqlm_univar_synth","draw_025",379,"2021-02-11","forecast","0.846301851343287"
"exdqlm_univar_synth","draw_025",379,"2021-02-12","forecast","0.858771018600108"
"exdqlm_univar_synth","draw_025",379,"2021-02-13","forecast","0.733019692231766"
"exdqlm_univar_synth","draw_025",379,"2021-02-14","forecast","0.972981707722470"
"exdqlm_univar_synth","draw_025",379,"2021-02-15","forecast","0.375373794085534"
"exdqlm_univar_synth","draw_025",379,"2021-02-16","forecast","1.08061954755066"
"exdqlm_univar_synth","draw_025",379,"2021-02-17","forecast","0.714350902269052"
"exdqlm_univar_synth","draw_025",379,"2021-02-18","forecast","0.557987270371300"
"exdqlm_univar_synth","draw_025",379,"2021-02-19","forecast","0.586933102348952"
"exdqlm_univar_synth","draw_025",379,"2021-02-20","forecast","0.816568647208167"
"exdqlm_univar_synth","draw_026",395,"2021-01-24","forecast","0.295818620780687"
"exdqlm_univar_synth","draw_026",395,"2021-01-25","forecast","0.370332370677159"
"exdqlm_univar_synth","draw_026",395,"2021-01-26","forecast","0.502352591399743"
"exdqlm_univar_synth","draw_026",395,"2021-01-27","forecast","2.24055216789325"
"exdqlm_univar_synth","draw_026",395,"2021-01-28","forecast","3.08365365977414"
"exdqlm_univar_synth","draw_026",395,"2021-01-29","forecast","3.22811727413353"
"exdqlm_univar_synth","draw_026",395,"2021-01-30","forecast","1.44375671839351"
"exdqlm_univar_synth","draw_026",395,"2021-01-31","forecast","0.853800959010984"
"exdqlm_univar_synth","draw_026",395,"2021-02-01","forecast","0.264350865407297"
"exdqlm_univar_synth","draw_026",395,"2021-02-02","forecast","1.20288779577370"
"exdqlm_univar_synth","draw_026",395,"2021-02-03","forecast","0.633464260012983"
"exdqlm_univar_synth","draw_026",395,"2021-02-04","forecast","0.704381088432602"
"exdqlm_univar_synth","draw_026",395,"2021-02-05","forecast","0.639829388599851"
"exdqlm_univar_synth","draw_026",395,"2021-02-06","forecast","0.249069938072127"
"exdqlm_univar_synth","draw_026",395,"2021-02-07","forecast","0.250340863173842"
"exdqlm_univar_synth","draw_026",395,"2021-02-08","forecast","0.322120327400974"
"exdqlm_univar_synth","draw_026",395,"2021-02-09","forecast","0.386921683520318"
"exdqlm_univar_synth","draw_026",395,"2021-02-10","forecast","1.05623875366430"
"exdqlm_univar_synth","draw_026",395,"2021-02-11","forecast","0.846081950504329"
"exdqlm_univar_synth","draw_026",395,"2021-02-12","forecast","0.840369082641997"
"exdqlm_univar_synth","draw_026",395,"2021-02-13","forecast","0.732897038489645"
"exdqlm_univar_synth","draw_026",395,"2021-02-14","forecast","1.15007005719289"
"exdqlm_univar_synth","draw_026",395,"2021-02-15","forecast","0.642875481610036"
"exdqlm_univar_synth","draw_026",395,"2021-02-16","forecast","0.836837815504689"
"exdqlm_univar_synth","draw_026",395,"2021-02-17","forecast","0.715156485891935"
"exdqlm_univar_synth","draw_026",395,"2021-02-18","forecast","0.688498255079561"
"exdqlm_univar_synth","draw_026",395,"2021-02-19","forecast","0.576756275134395"
"exdqlm_univar_synth","draw_026",395,"2021-02-20","forecast","0.743768639287979"
"exdqlm_univar_synth","draw_027",410,"2021-01-24","forecast","0.372334322555193"
"exdqlm_univar_synth","draw_027",410,"2021-01-25","forecast","0.691824592008269"
"exdqlm_univar_synth","draw_027",410,"2021-01-26","forecast","0.603971811121584"
"exdqlm_univar_synth","draw_027",410,"2021-01-27","forecast","2.74319888016398"
"exdqlm_univar_synth","draw_027",410,"2021-01-28","forecast","2.20832897328176"
"exdqlm_univar_synth","draw_027",410,"2021-01-29","forecast","2.75448081597882"
"exdqlm_univar_synth","draw_027",410,"2021-01-30","forecast","1.52993177818138"
"exdqlm_univar_synth","draw_027",410,"2021-01-31","forecast","0.781055400300251"
"exdqlm_univar_synth","draw_027",410,"2021-02-01","forecast","0.417503398659273"
"exdqlm_univar_synth","draw_027",410,"2021-02-02","forecast","1.18496044509442"
"exdqlm_univar_synth","draw_027",410,"2021-02-03","forecast","0.446312667082298"
"exdqlm_univar_synth","draw_027",410,"2021-02-04","forecast","0.484253748963605"
"exdqlm_univar_synth","draw_027",410,"2021-02-05","forecast","0.562520558465998"
"exdqlm_univar_synth","draw_027",410,"2021-02-06","forecast","0.513224081891979"
"exdqlm_univar_synth","draw_027",410,"2021-02-07","forecast","0.591445589056153"
"exdqlm_univar_synth","draw_027",410,"2021-02-08","forecast","0.602677606745974"
"exdqlm_univar_synth","draw_027",410,"2021-02-09","forecast","0.544799740346564"
"exdqlm_univar_synth","draw_027",410,"2021-02-10","forecast","1.39914587819905"
"exdqlm_univar_synth","draw_027",410,"2021-02-11","forecast","0.974771249492055"
"exdqlm_univar_synth","draw_027",410,"2021-02-12","forecast","0.678848819647724"
"exdqlm_univar_synth","draw_027",410,"2021-02-13","forecast","0.730194927619588"
"exdqlm_univar_synth","draw_027",410,"2021-02-14","forecast","1.15544483954833"
"exdqlm_univar_synth","draw_027",410,"2021-02-15","forecast","0.917347351713740"
"exdqlm_univar_synth","draw_027",410,"2021-02-16","forecast","0.694058889903453"
"exdqlm_univar_synth","draw_027",410,"2021-02-17","forecast","0.272131440951580"
"exdqlm_univar_synth","draw_027",410,"2021-02-18","forecast","0.444976390018777"
"exdqlm_univar_synth","draw_027",410,"2021-02-19","forecast","0.583390034336308"
"exdqlm_univar_synth","draw_027",410,"2021-02-20","forecast","0.442039695645317"
"exdqlm_univar_synth","draw_028",426,"2021-01-24","forecast","0.501764706380060"
"exdqlm_univar_synth","draw_028",426,"2021-01-25","forecast","0.600013579801539"
"exdqlm_univar_synth","draw_028",426,"2021-01-26","forecast","0.565615359925202"
"exdqlm_univar_synth","draw_028",426,"2021-01-27","forecast","2.33409642414038"
"exdqlm_univar_synth","draw_028",426,"2021-01-28","forecast","3.36306532315789"
"exdqlm_univar_synth","draw_028",426,"2021-01-29","forecast","3.22877730053389"
"exdqlm_univar_synth","draw_028",426,"2021-01-30","forecast","1.42358208855987"
"exdqlm_univar_synth","draw_028",426,"2021-01-31","forecast","0.837766370415319"
"exdqlm_univar_synth","draw_028",426,"2021-02-01","forecast","0.442047388879704"
"exdqlm_univar_synth","draw_028",426,"2021-02-02","forecast","1.10794532524920"
"exdqlm_univar_synth","draw_028",426,"2021-02-03","forecast","0.821508660595431"
"exdqlm_univar_synth","draw_028",426,"2021-02-04","forecast","0.627660906899816"
"exdqlm_univar_synth","draw_028",426,"2021-02-05","forecast","0.506447125394924"
"exdqlm_univar_synth","draw_028",426,"2021-02-06","forecast","0.512618878762741"
"exdqlm_univar_synth","draw_028",426,"2021-02-07","forecast","0.581842819277031"
"exdqlm_univar_synth","draw_028",426,"2021-02-08","forecast","0.603948940197026"
"exdqlm_univar_synth","draw_028",426,"2021-02-09","forecast","0.543984558069533"
"exdqlm_univar_synth","draw_028",426,"2021-02-10","forecast","1.40377286778947"
"exdqlm_univar_synth","draw_028",426,"2021-02-11","forecast","0.778376079203740"
"exdqlm_univar_synth","draw_028",426,"2021-02-12","forecast","0.883150532341078"
"exdqlm_univar_synth","draw_028",426,"2021-02-13","forecast","0.731936813851331"
"exdqlm_univar_synth","draw_028",426,"2021-02-14","forecast","1.08561762101051"
"exdqlm_univar_synth","draw_028",426,"2021-02-15","forecast","0.783148354775504"
"exdqlm_univar_synth","draw_028",426,"2021-02-16","forecast","1.08431438289841"
"exdqlm_univar_synth","draw_028",426,"2021-02-17","forecast","0.714078062530311"
"exdqlm_univar_synth","draw_028",426,"2021-02-18","forecast","0.613399139919813"
"exdqlm_univar_synth","draw_028",426,"2021-02-19","forecast","0.293200815268964"
"exdqlm_univar_synth","draw_028",426,"2021-02-20","forecast","0.910001240566845"
"exdqlm_univar_synth","draw_029",442,"2021-01-24","forecast","0.493336084986566"
"exdqlm_univar_synth","draw_029",442,"2021-01-25","forecast","0.564121646018328"
"exdqlm_univar_synth","draw_029",442,"2021-01-26","forecast","0.494278034237904"
"exdqlm_univar_synth","draw_029",442,"2021-01-27","forecast","1.81835055744882"
"exdqlm_univar_synth","draw_029",442,"2021-01-28","forecast","3.61582980362879"
"exdqlm_univar_synth","draw_029",442,"2021-01-29","forecast","3.12194092167804"
"exdqlm_univar_synth","draw_029",442,"2021-01-30","forecast","1.44343842714228"
"exdqlm_univar_synth","draw_029",442,"2021-01-31","forecast","0.735372158762258"
"exdqlm_univar_synth","draw_029",442,"2021-02-01","forecast","0.420642012139578"
"exdqlm_univar_synth","draw_029",442,"2021-02-02","forecast","0.755272849724819"
"exdqlm_univar_synth","draw_029",442,"2021-02-03","forecast","0.820414340528825"
"exdqlm_univar_synth","draw_029",442,"2021-02-04","forecast","0.590002753527460"
"exdqlm_univar_synth","draw_029",442,"2021-02-05","forecast","0.470610589987013"
"exdqlm_univar_synth","draw_029",442,"2021-02-06","forecast","0.515465480748856"
"exdqlm_univar_synth","draw_029",442,"2021-02-07","forecast","0.581913767444960"
"exdqlm_univar_synth","draw_029",442,"2021-02-08","forecast","0.589745666781610"
"exdqlm_univar_synth","draw_029",442,"2021-02-09","forecast","0.548291440031300"
"exdqlm_univar_synth","draw_029",442,"2021-02-10","forecast","1.39819079890238"
"exdqlm_univar_synth","draw_029",442,"2021-02-11","forecast","0.845869665486537"
"exdqlm_univar_synth","draw_029",442,"2021-02-12","forecast","0.830130647518051"
"exdqlm_univar_synth","draw_029",442,"2021-02-13","forecast","0.731274852488317"
"exdqlm_univar_synth","draw_029",442,"2021-02-14","forecast","1.14951162094435"
"exdqlm_univar_synth","draw_029",442,"2021-02-15","forecast","0.843219055197873"
"exdqlm_univar_synth","draw_029",442,"2021-02-16","forecast","0.619279832150642"
"exdqlm_univar_synth","draw_029",442,"2021-02-17","forecast","0.713153541259784"
"exdqlm_univar_synth","draw_029",442,"2021-02-18","forecast","0.688232979184075"
"exdqlm_univar_synth","draw_029",442,"2021-02-19","forecast","0.586653957908879"
"exdqlm_univar_synth","draw_029",442,"2021-02-20","forecast","0.567603620530725"
"exdqlm_univar_synth","draw_030",457,"2021-01-24","forecast","0.253824149007984"
"exdqlm_univar_synth","draw_030",457,"2021-01-25","forecast","0.314013067170479"
"exdqlm_univar_synth","draw_030",457,"2021-01-26","forecast","0.698469047971635"
"exdqlm_univar_synth","draw_030",457,"2021-01-27","forecast","2.32156726129821"
"exdqlm_univar_synth","draw_030",457,"2021-01-28","forecast","3.26182513854935"
"exdqlm_univar_synth","draw_030",457,"2021-01-29","forecast","3.34282384318840"
"exdqlm_univar_synth","draw_030",457,"2021-01-30","forecast","1.09588143093799"
"exdqlm_univar_synth","draw_030",457,"2021-01-31","forecast","0.895974296775372"
"exdqlm_univar_synth","draw_030",457,"2021-02-01","forecast","0.474963179959900"
"exdqlm_univar_synth","draw_030",457,"2021-02-02","forecast","1.23150451556527"
"exdqlm_univar_synth","draw_030",457,"2021-02-03","forecast","0.767320144253333"
"exdqlm_univar_synth","draw_030",457,"2021-02-04","forecast","0.726382901190461"
"exdqlm_univar_synth","draw_030",457,"2021-02-05","forecast","0.616187929341163"
"exdqlm_univar_synth","draw_030",457,"2021-02-06","forecast","0.513756895605179"
"exdqlm_univar_synth","draw_030",457,"2021-02-07","forecast","0.589749148305876"
"exdqlm_univar_synth","draw_030",457,"2021-02-08","forecast","0.582328224630399"
"exdqlm_univar_synth","draw_030",457,"2021-02-09","forecast","0.545669550183455"
"exdqlm_univar_synth","draw_030",457,"2021-02-10","forecast","1.06001613211480"
"exdqlm_univar_synth","draw_030",457,"2021-02-11","forecast","0.846083502161253"
"exdqlm_univar_synth","draw_030",457,"2021-02-12","forecast","0.897305913541108"
"exdqlm_univar_synth","draw_030",457,"2021-02-13","forecast","0.716550830975856"
"exdqlm_univar_synth","draw_030",457,"2021-02-14","forecast","0.932990876832937"
"exdqlm_univar_synth","draw_030",457,"2021-02-15","forecast","0.841403489077739"
"exdqlm_univar_synth","draw_030",457,"2021-02-16","forecast","1.05284336104511"
"exdqlm_univar_synth","draw_030",457,"2021-02-17","forecast","0.711790299347055"
"exdqlm_univar_synth","draw_030",457,"2021-02-18","forecast","0.437227460416566"
"exdqlm_univar_synth","draw_030",457,"2021-02-19","forecast","0.585352594340051"
"exdqlm_univar_synth","draw_030",457,"2021-02-20","forecast","0.574261999086306"
"exdqlm_univar_synth","draw_031",473,"2021-01-24","forecast","0.150029673715051"
"exdqlm_univar_synth","draw_031",473,"2021-01-25","forecast","0.673905880638384"
"exdqlm_univar_synth","draw_031",473,"2021-01-26","forecast","0.630425649291000"
"exdqlm_univar_synth","draw_031",473,"2021-01-27","forecast","2.65324642549573"
"exdqlm_univar_synth","draw_031",473,"2021-01-28","forecast","2.26022872348560"
"exdqlm_univar_synth","draw_031",473,"2021-01-29","forecast","2.26657151815798"
"exdqlm_univar_synth","draw_031",473,"2021-01-30","forecast","1.45504628748465"
"exdqlm_univar_synth","draw_031",473,"2021-01-31","forecast","0.837378513351443"
"exdqlm_univar_synth","draw_031",473,"2021-02-01","forecast","0.419541911387264"
"exdqlm_univar_synth","draw_031",473,"2021-02-02","forecast","1.04187825808939"
"exdqlm_univar_synth","draw_031",473,"2021-02-03","forecast","0.687507036118378"
"exdqlm_univar_synth","draw_031",473,"2021-02-04","forecast","0.715482185037195"
"exdqlm_univar_synth","draw_031",473,"2021-02-05","forecast","0.278630906095149"
"exdqlm_univar_synth","draw_031",473,"2021-02-06","forecast","0.504257662359972"
"exdqlm_univar_synth","draw_031",473,"2021-02-07","forecast","0.406530299344958"
"exdqlm_univar_synth","draw_031",473,"2021-02-08","forecast","0.241200010299738"
"exdqlm_univar_synth","draw_031",473,"2021-02-09","forecast","0.378625161554424"
"exdqlm_univar_synth","draw_031",473,"2021-02-10","forecast","1.40660346601174"
"exdqlm_univar_synth","draw_031",473,"2021-02-11","forecast","0.856393847035150"
"exdqlm_univar_synth","draw_031",473,"2021-02-12","forecast","0.884517111929900"
"exdqlm_univar_synth","draw_031",473,"2021-02-13","forecast","0.730620057371092"
"exdqlm_univar_synth","draw_031",473,"2021-02-14","forecast","1.08230322698576"
"exdqlm_univar_synth","draw_031",473,"2021-02-15","forecast","0.996023595959953"
"exdqlm_univar_synth","draw_031",473,"2021-02-16","forecast","0.760176972442584"
"exdqlm_univar_synth","draw_031",473,"2021-02-17","forecast","0.499513392892824"
"exdqlm_univar_synth","draw_031",473,"2021-02-18","forecast","0.687133712675350"
"exdqlm_univar_synth","draw_031",473,"2021-02-19","forecast","0.575973838544194"
"exdqlm_univar_synth","draw_031",473,"2021-02-20","forecast","0.924500562682657"
"exdqlm_univar_synth","draw_032",489,"2021-01-24","forecast","0.258516421213507"
"exdqlm_univar_synth","draw_032",489,"2021-01-25","forecast","0.566194089537871"
"exdqlm_univar_synth","draw_032",489,"2021-01-26","forecast","0.689817449554214"
"exdqlm_univar_synth","draw_032",489,"2021-01-27","forecast","2.51708040839802"
"exdqlm_univar_synth","draw_032",489,"2021-01-28","forecast","2.66634584572824"
"exdqlm_univar_synth","draw_032",489,"2021-01-29","forecast","3.40685873038173"
"exdqlm_univar_synth","draw_032",489,"2021-01-30","forecast","1.44442260551340"
"exdqlm_univar_synth","draw_032",489,"2021-01-31","forecast","0.574686281967762"
"exdqlm_univar_synth","draw_032",489,"2021-02-01","forecast","0.230244870892193"
"exdqlm_univar_synth","draw_032",489,"2021-02-02","forecast","1.01167295612880"
"exdqlm_univar_synth","draw_032",489,"2021-02-03","forecast","0.645992838841501"
"exdqlm_univar_synth","draw_032",489,"2021-02-04","forecast","0.706382675759984"
"exdqlm_univar_synth","draw_032",489,"2021-02-05","forecast","0.561955926993287"
"exdqlm_univar_synth","draw_032",489,"2021-02-06","forecast","0.513100913581092"
"exdqlm_univar_synth","draw_032",489,"2021-02-07","forecast","0.440385145023725"
"exdqlm_univar_synth","draw_032",489,"2021-02-08","forecast","0.603226257160615"
"exdqlm_univar_synth","draw_032",489,"2021-02-09","forecast","0.545783466045956"
"exdqlm_univar_synth","draw_032",489,"2021-02-10","forecast","1.32996411461726"
"exdqlm_univar_synth","draw_032",489,"2021-02-11","forecast","0.529747634932523"
"exdqlm_univar_synth","draw_032",489,"2021-02-12","forecast","0.465987915844181"
"exdqlm_univar_synth","draw_032",489,"2021-02-13","forecast","0.605706392884512"
"exdqlm_univar_synth","draw_032",489,"2021-02-14","forecast","0.964283654437396"
"exdqlm_univar_synth","draw_032",489,"2021-02-15","forecast","0.789745108237295"
"exdqlm_univar_synth","draw_032",489,"2021-02-16","forecast","1.12149480004518"
"exdqlm_univar_synth","draw_032",489,"2021-02-17","forecast","0.700226374147962"
"exdqlm_univar_synth","draw_032",489,"2021-02-18","forecast","0.667385929534256"
"exdqlm_univar_synth","draw_032",489,"2021-02-19","forecast","0.575853149538894"
"exdqlm_univar_synth","draw_032",489,"2021-02-20","forecast","0.952830066026283"
"exdqlm_univar_synth","draw_033",505,"2021-01-24","forecast","0.416277072663189"
"exdqlm_univar_synth","draw_033",505,"2021-01-25","forecast","0.573517778914069"
"exdqlm_univar_synth","draw_033",505,"2021-01-26","forecast","0.683910483786411"
"exdqlm_univar_synth","draw_033",505,"2021-01-27","forecast","3.04122367810953"
"exdqlm_univar_synth","draw_033",505,"2021-01-28","forecast","3.07676954680974"
"exdqlm_univar_synth","draw_033",505,"2021-01-29","forecast","3.84453976684899"
"exdqlm_univar_synth","draw_033",505,"2021-01-30","forecast","0.987369726342138"
"exdqlm_univar_synth","draw_033",505,"2021-01-31","forecast","0.794685198713309"
"exdqlm_univar_synth","draw_033",505,"2021-02-01","forecast","0.440354991906886"
"exdqlm_univar_synth","draw_033",505,"2021-02-02","forecast","0.736869770811943"
"exdqlm_univar_synth","draw_033",505,"2021-02-03","forecast","0.549189951978414"
"exdqlm_univar_synth","draw_033",505,"2021-02-04","forecast","0.555666692292499"
"exdqlm_univar_synth","draw_033",505,"2021-02-05","forecast","0.434393570294466"
"exdqlm_univar_synth","draw_033",505,"2021-02-06","forecast","0.513980016379555"
"exdqlm_univar_synth","draw_033",505,"2021-02-07","forecast","0.591203531932250"
"exdqlm_univar_synth","draw_033",505,"2021-02-08","forecast","0.455628576552985"
"exdqlm_univar_synth","draw_033",505,"2021-02-09","forecast","0.239266211843226"
"exdqlm_univar_synth","draw_033",505,"2021-02-10","forecast","1.39882588828384"
"exdqlm_univar_synth","draw_033",505,"2021-02-11","forecast","0.542163534806544"
"exdqlm_univar_synth","draw_033",505,"2021-02-12","forecast","0.862211785576572"
"exdqlm_univar_synth","draw_033",505,"2021-02-13","forecast","0.665971817190967"
"exdqlm_univar_synth","draw_033",505,"2021-02-14","forecast","0.727451771039717"
"exdqlm_univar_synth","draw_033",505,"2021-02-15","forecast","0.742907256996446"
"exdqlm_univar_synth","draw_033",505,"2021-02-16","forecast","1.08485324499372"
"exdqlm_univar_synth","draw_033",505,"2021-02-17","forecast","0.713771239432913"
"exdqlm_univar_synth","draw_033",505,"2021-02-18","forecast","0.218970323444813"
"exdqlm_univar_synth","draw_033",505,"2021-02-19","forecast","0.297650227343292"
"exdqlm_univar_synth","draw_033",505,"2021-02-20","forecast","0.525037342136280"
"exdqlm_univar_synth","draw_034",520,"2021-01-24","forecast","0.492758121045914"
"exdqlm_univar_synth","draw_034",520,"2021-01-25","forecast","0.810781513107108"
"exdqlm_univar_synth","draw_034",520,"2021-01-26","forecast","0.733707362992203"
"exdqlm_univar_synth","draw_034",520,"2021-01-27","forecast","2.10969889164701"
"exdqlm_univar_synth","draw_034",520,"2021-01-28","forecast","2.14501528944122"
"exdqlm_univar_synth","draw_034",520,"2021-01-29","forecast","3.23315757221910"
"exdqlm_univar_synth","draw_034",520,"2021-01-30","forecast","1.29450369002449"
"exdqlm_univar_synth","draw_034",520,"2021-01-31","forecast","0.837290369250025"
"exdqlm_univar_synth","draw_034",520,"2021-02-01","forecast","0.378490490528239"
"exdqlm_univar_synth","draw_034",520,"2021-02-02","forecast","1.02026476936217"
"exdqlm_univar_synth","draw_034",520,"2021-02-03","forecast","0.726144704034331"
"exdqlm_univar_synth","draw_034",520,"2021-02-04","forecast","0.723919917843096"
"exdqlm_univar_synth","draw_034",520,"2021-02-05","forecast","0.562046323925660"
"exdqlm_univar_synth","draw_034",520,"2021-02-06","forecast","0.393431904961260"
"exdqlm_univar_synth","draw_034",520,"2021-02-07","forecast","0.640225100537884"
"exdqlm_univar_synth","draw_034",520,"2021-02-08","forecast","0.491386763975181"
"exdqlm_univar_synth","draw_034",520,"2021-02-09","forecast","0.419772555006743"
"exdqlm_univar_synth","draw_034",520,"2021-02-10","forecast","0.823694468926333"
"exdqlm_univar_synth","draw_034",520,"2021-02-11","forecast","0.833216137735140"
"exdqlm_univar_synth","draw_034",520,"2021-02-12","forecast","0.744579350075244"
"exdqlm_univar_synth","draw_034",520,"2021-02-13","forecast","0.731018709268287"
"exdqlm_univar_synth","draw_034",520,"2021-02-14","forecast","1.04498581185015"
"exdqlm_univar_synth","draw_034",520,"2021-02-15","forecast","0.522331858544630"
"exdqlm_univar_synth","draw_034",520,"2021-02-16","forecast","0.817499194514748"
"exdqlm_univar_synth","draw_034",520,"2021-02-17","forecast","0.491949788619398"
"exdqlm_univar_synth","draw_034",520,"2021-02-18","forecast","0.279345602221817"
"exdqlm_univar_synth","draw_034",520,"2021-02-19","forecast","0.331678817144995"
"exdqlm_univar_synth","draw_034",520,"2021-02-20","forecast","0.908612485072238"
"exdqlm_univar_synth","draw_035",536,"2021-01-24","forecast","0.436252962431576"
"exdqlm_univar_synth","draw_035",536,"2021-01-25","forecast","0.372530379036751"
"exdqlm_univar_synth","draw_035",536,"2021-01-26","forecast","0.337664296065196"
"exdqlm_univar_synth","draw_035",536,"2021-01-27","forecast","3.38685060322657"
"exdqlm_univar_synth","draw_035",536,"2021-01-28","forecast","3.07688779257221"
"exdqlm_univar_synth","draw_035",536,"2021-01-29","forecast","3.20983066223362"
"exdqlm_univar_synth","draw_035",536,"2021-01-30","forecast","1.54885575453623"
"exdqlm_univar_synth","draw_035",536,"2021-01-31","forecast","0.838446611254776"
"exdqlm_univar_synth","draw_035",536,"2021-02-01","forecast","0.412673600161319"
"exdqlm_univar_synth","draw_035",536,"2021-02-02","forecast","1.07353363205110"
"exdqlm_univar_synth","draw_035",536,"2021-02-03","forecast","0.809608451070928"
"exdqlm_univar_synth","draw_035",536,"2021-02-04","forecast","0.524950181211412"
"exdqlm_univar_synth","draw_035",536,"2021-02-05","forecast","0.560528331767613"
"exdqlm_univar_synth","draw_035",536,"2021-02-06","forecast","0.411147874873239"
"exdqlm_univar_synth","draw_035",536,"2021-02-07","forecast","0.532610112454207"
"exdqlm_univar_synth","draw_035",536,"2021-02-08","forecast","0.633188928895736"
"exdqlm_univar_synth","draw_035",536,"2021-02-09","forecast","0.545106698366289"
"exdqlm_univar_synth","draw_035",536,"2021-02-10","forecast","1.39837782904487"
"exdqlm_univar_synth","draw_035",536,"2021-02-11","forecast","0.823371320070935"
"exdqlm_univar_synth","draw_035",536,"2021-02-12","forecast","0.853488477244717"
"exdqlm_univar_synth","draw_035",536,"2021-02-13","forecast","0.498480018885834"
"exdqlm_univar_synth","draw_035",536,"2021-02-14","forecast","0.861517986384002"
"exdqlm_univar_synth","draw_035",536,"2021-02-15","forecast","0.892334640875270"
"exdqlm_univar_synth","draw_035",536,"2021-02-16","forecast","1.08641234949286"
"exdqlm_univar_synth","draw_035",536,"2021-02-17","forecast","0.557897717645579"
"exdqlm_univar_synth","draw_035",536,"2021-02-18","forecast","0.285634107223162"
"exdqlm_univar_synth","draw_035",536,"2021-02-19","forecast","0.327213134467901"
"exdqlm_univar_synth","draw_035",536,"2021-02-20","forecast","0.485139336278207"
"exdqlm_univar_synth","draw_036",552,"2021-01-24","forecast","0.389760845577868"
"exdqlm_univar_synth","draw_036",552,"2021-01-25","forecast","0.679985029294469"
"exdqlm_univar_synth","draw_036",552,"2021-01-26","forecast","0.564486734509770"
"exdqlm_univar_synth","draw_036",552,"2021-01-27","forecast","2.41790585080925"
"exdqlm_univar_synth","draw_036",552,"2021-01-28","forecast","2.66945467758670"
"exdqlm_univar_synth","draw_036",552,"2021-01-29","forecast","3.85406115190312"
"exdqlm_univar_synth","draw_036",552,"2021-01-30","forecast","1.46949746248650"
"exdqlm_univar_synth","draw_036",552,"2021-01-31","forecast","0.838514762160666"
"exdqlm_univar_synth","draw_036",552,"2021-02-01","forecast","0.217576087606100"
"exdqlm_univar_synth","draw_036",552,"2021-02-02","forecast","1.09041983231796"
"exdqlm_univar_synth","draw_036",552,"2021-02-03","forecast","0.823362744158052"
"exdqlm_univar_synth","draw_036",552,"2021-02-04","forecast","0.665430900091359"
"exdqlm_univar_synth","draw_036",552,"2021-02-05","forecast","0.492275811806559"
"exdqlm_univar_synth","draw_036",552,"2021-02-06","forecast","0.402263289747476"
"exdqlm_univar_synth","draw_036",552,"2021-02-07","forecast","0.589181066135933"
"exdqlm_univar_synth","draw_036",552,"2021-02-08","forecast","0.689669054851328"
"exdqlm_univar_synth","draw_036",552,"2021-02-09","forecast","0.539807342261859"
"exdqlm_univar_synth","draw_036",552,"2021-02-10","forecast","1.33682902349998"
"exdqlm_univar_synth","draw_036",552,"2021-02-11","forecast","0.846228242884209"
"exdqlm_univar_synth","draw_036",552,"2021-02-12","forecast","0.661685365093464"
"exdqlm_univar_synth","draw_036",552,"2021-02-13","forecast","0.477228446285825"
"exdqlm_univar_synth","draw_036",552,"2021-02-14","forecast","1.15101741920782"
"exdqlm_univar_synth","draw_036",552,"2021-02-15","forecast","0.837301593580181"
"exdqlm_univar_synth","draw_036",552,"2021-02-16","forecast","0.572326305759694"
"exdqlm_univar_synth","draw_036",552,"2021-02-17","forecast","0.713599189899570"
"exdqlm_univar_synth","draw_036",552,"2021-02-18","forecast","0.281085916163256"
"exdqlm_univar_synth","draw_036",552,"2021-02-19","forecast","0.581614411895297"
"exdqlm_univar_synth","draw_036",552,"2021-02-20","forecast","0.841803685128204"
"exdqlm_univar_synth","draw_037",568,"2021-01-24","forecast","0.450567969037194"
"exdqlm_univar_synth","draw_037",568,"2021-01-25","forecast","0.322848976040117"
"exdqlm_univar_synth","draw_037",568,"2021-01-26","forecast","0.537429834248291"
"exdqlm_univar_synth","draw_037",568,"2021-01-27","forecast","2.64157988203036"
"exdqlm_univar_synth","draw_037",568,"2021-01-28","forecast","2.24883950984076"
"exdqlm_univar_synth","draw_037",568,"2021-01-29","forecast","3.65512683010046"
"exdqlm_univar_synth","draw_037",568,"2021-01-30","forecast","1.44392355592775"
"exdqlm_univar_synth","draw_037",568,"2021-01-31","forecast","0.837199215402037"
"exdqlm_univar_synth","draw_037",568,"2021-02-01","forecast","0.236315962944839"
"exdqlm_univar_synth","draw_037",568,"2021-02-02","forecast","1.25047479330748"
"exdqlm_univar_synth","draw_037",568,"2021-02-03","forecast","0.820724047152597"
"exdqlm_univar_synth","draw_037",568,"2021-02-04","forecast","0.722882584687040"
"exdqlm_univar_synth","draw_037",568,"2021-02-05","forecast","0.560947518255175"
"exdqlm_univar_synth","draw_037",568,"2021-02-06","forecast","0.278617986192995"
"exdqlm_univar_synth","draw_037",568,"2021-02-07","forecast","0.314829332541267"
"exdqlm_univar_synth","draw_037",568,"2021-02-08","forecast","0.604372010664088"
"exdqlm_univar_synth","draw_037",568,"2021-02-09","forecast","0.547962033353334"
"exdqlm_univar_synth","draw_037",568,"2021-02-10","forecast","1.07627880879977"
"exdqlm_univar_synth","draw_037",568,"2021-02-11","forecast","0.876298175227939"
"exdqlm_univar_synth","draw_037",568,"2021-02-12","forecast","0.899000557292743"
"exdqlm_univar_synth","draw_037",568,"2021-02-13","forecast","0.358666294738344"
"exdqlm_univar_synth","draw_037",568,"2021-02-14","forecast","1.02527351797724"
"exdqlm_univar_synth","draw_037",568,"2021-02-15","forecast","0.525650410177542"
"exdqlm_univar_synth","draw_037",568,"2021-02-16","forecast","0.699942981940591"
"exdqlm_univar_synth","draw_037",568,"2021-02-17","forecast","0.717455885238414"
"exdqlm_univar_synth","draw_037",568,"2021-02-18","forecast","0.642513139377350"
"exdqlm_univar_synth","draw_037",568,"2021-02-19","forecast","0.576266610802435"
"exdqlm_univar_synth","draw_037",568,"2021-02-20","forecast","0.537548592372012"
"exdqlm_univar_synth","draw_038",583,"2021-01-24","forecast","0.428309591846784"
"exdqlm_univar_synth","draw_038",583,"2021-01-25","forecast","0.340800481683896"
"exdqlm_univar_synth","draw_038",583,"2021-01-26","forecast","0.501614183432278"
"exdqlm_univar_synth","draw_038",583,"2021-01-27","forecast","1.80695006271333"
"exdqlm_univar_synth","draw_038",583,"2021-01-28","forecast","2.70613073454962"
"exdqlm_univar_synth","draw_038",583,"2021-01-29","forecast","3.18859896061549"
"exdqlm_univar_synth","draw_038",583,"2021-01-30","forecast","1.57567452628303"
"exdqlm_univar_synth","draw_038",583,"2021-01-31","forecast","0.404075803439399"
"exdqlm_univar_synth","draw_038",583,"2021-02-01","forecast","0.230371364516408"
"exdqlm_univar_synth","draw_038",583,"2021-02-02","forecast","1.08980329436299"
"exdqlm_univar_synth","draw_038",583,"2021-02-03","forecast","0.459460377843668"
"exdqlm_univar_synth","draw_038",583,"2021-02-04","forecast","0.710296224796373"
"exdqlm_univar_synth","draw_038",583,"2021-02-05","forecast","0.593729897990037"
"exdqlm_univar_synth","draw_038",583,"2021-02-06","forecast","0.347191109039716"
"exdqlm_univar_synth","draw_038",583,"2021-02-07","forecast","0.304589289963500"
"exdqlm_univar_synth","draw_038",583,"2021-02-08","forecast","0.601582368627899"
"exdqlm_univar_synth","draw_038",583,"2021-02-09","forecast","0.545237001978102"
"exdqlm_univar_synth","draw_038",583,"2021-02-10","forecast","1.48021779763791"
"exdqlm_univar_synth","draw_038",583,"2021-02-11","forecast","1.05115664428347"
"exdqlm_univar_synth","draw_038",583,"2021-02-12","forecast","0.529712733756065"
"exdqlm_univar_synth","draw_038",583,"2021-02-13","forecast","0.404519907525967"
"exdqlm_univar_synth","draw_038",583,"2021-02-14","forecast","1.18831264857257"
"exdqlm_univar_synth","draw_038",583,"2021-02-15","forecast","0.874082801632273"
"exdqlm_univar_synth","draw_038",583,"2021-02-16","forecast","0.809320451012537"
"exdqlm_univar_synth","draw_038",583,"2021-02-17","forecast","0.428864175039221"
"exdqlm_univar_synth","draw_038",583,"2021-02-18","forecast","0.687452877651191"
"exdqlm_univar_synth","draw_038",583,"2021-02-19","forecast","0.672675084194560"
"exdqlm_univar_synth","draw_038",583,"2021-02-20","forecast","0.907340088394013"
"exdqlm_univar_synth","draw_039",599,"2021-01-24","forecast","0.380258971815934"
"exdqlm_univar_synth","draw_039",599,"2021-01-25","forecast","0.346156785173004"
"exdqlm_univar_synth","draw_039",599,"2021-01-26","forecast","0.497781355055076"
"exdqlm_univar_synth","draw_039",599,"2021-01-27","forecast","2.30669561432115"
"exdqlm_univar_synth","draw_039",599,"2021-01-28","forecast","2.12973571240785"
"exdqlm_univar_synth","draw_039",599,"2021-01-29","forecast","3.27155968393111"
"exdqlm_univar_synth","draw_039",599,"2021-01-30","forecast","1.09157015862489"
"exdqlm_univar_synth","draw_039",599,"2021-01-31","forecast","1.00989675239254"
"exdqlm_univar_synth","draw_039",599,"2021-02-01","forecast","0.438035168210848"
"exdqlm_univar_synth","draw_039",599,"2021-02-02","forecast","1.17724541083694"
"exdqlm_univar_synth","draw_039",599,"2021-02-03","forecast","0.817921430603477"
"exdqlm_univar_synth","draw_039",599,"2021-02-04","forecast","0.457054945181057"
"exdqlm_univar_synth","draw_039",599,"2021-02-05","forecast","0.351291504840397"
"exdqlm_univar_synth","draw_039",599,"2021-02-06","forecast","0.513091296779861"
"exdqlm_univar_synth","draw_039",599,"2021-02-07","forecast","0.589105974612527"
"exdqlm_univar_synth","draw_039",599,"2021-02-08","forecast","0.221309688541099"
"exdqlm_univar_synth","draw_039",599,"2021-02-09","forecast","0.547715360153709"
"exdqlm_univar_synth","draw_039",599,"2021-02-10","forecast","1.01058875747505"
"exdqlm_univar_synth","draw_039",599,"2021-02-11","forecast","0.519677628969064"
"exdqlm_univar_synth","draw_039",599,"2021-02-12","forecast","0.555080042805997"
"exdqlm_univar_synth","draw_039",599,"2021-02-13","forecast","0.775467129473053"
"exdqlm_univar_synth","draw_039",599,"2021-02-14","forecast","1.15630733183701"
"exdqlm_univar_synth","draw_039",599,"2021-02-15","forecast","0.806135671339298"
"exdqlm_univar_synth","draw_039",599,"2021-02-16","forecast","1.12549021933470"
"exdqlm_univar_synth","draw_039",599,"2021-02-17","forecast","0.711901416004438"
"exdqlm_univar_synth","draw_039",599,"2021-02-18","forecast","0.662866083434282"
"exdqlm_univar_synth","draw_039",599,"2021-02-19","forecast","0.565857079611831"
"exdqlm_univar_synth","draw_039",599,"2021-02-20","forecast","0.907363337174599"
"exdqlm_univar_synth","draw_040",615,"2021-01-24","forecast","0.396983032915552"
"exdqlm_univar_synth","draw_040",615,"2021-01-25","forecast","0.442748744738738"
"exdqlm_univar_synth","draw_040",615,"2021-01-26","forecast","0.329148394491950"
"exdqlm_univar_synth","draw_040",615,"2021-01-27","forecast","1.93143484204919"
"exdqlm_univar_synth","draw_040",615,"2021-01-28","forecast","3.06841521079535"
"exdqlm_univar_synth","draw_040",615,"2021-01-29","forecast","3.21303588215187"
"exdqlm_univar_synth","draw_040",615,"2021-01-30","forecast","1.09592405340720"
"exdqlm_univar_synth","draw_040",615,"2021-01-31","forecast","0.530565892015656"
"exdqlm_univar_synth","draw_040",615,"2021-02-01","forecast","0.420783250295083"
"exdqlm_univar_synth","draw_040",615,"2021-02-02","forecast","0.981526813173014"
"exdqlm_univar_synth","draw_040",615,"2021-02-03","forecast","0.581390616348166"
"exdqlm_univar_synth","draw_040",615,"2021-02-04","forecast","0.720604353715208"
"exdqlm_univar_synth","draw_040",615,"2021-02-05","forecast","0.342765548731934"
"exdqlm_univar_synth","draw_040",615,"2021-02-06","forecast","0.387623483208506"
"exdqlm_univar_synth","draw_040",615,"2021-02-07","forecast","0.591649411468760"
"exdqlm_univar_synth","draw_040",615,"2021-02-08","forecast","0.434681629373885"
"exdqlm_univar_synth","draw_040",615,"2021-02-09","forecast","0.545874923904189"
"exdqlm_univar_synth","draw_040",615,"2021-02-10","forecast","0.923057895696670"
"exdqlm_univar_synth","draw_040",615,"2021-02-11","forecast","0.913049913654824"
"exdqlm_univar_synth","draw_040",615,"2021-02-12","forecast","0.882147832779612"
"exdqlm_univar_synth","draw_040",615,"2021-02-13","forecast","0.777502680203713"
"exdqlm_univar_synth","draw_040",615,"2021-02-14","forecast","0.793957273061383"
"exdqlm_univar_synth","draw_040",615,"2021-02-15","forecast","0.838191117508644"
"exdqlm_univar_synth","draw_040",615,"2021-02-16","forecast","1.08553109029449"
"exdqlm_univar_synth","draw_040",615,"2021-02-17","forecast","0.716723097116983"
"exdqlm_univar_synth","draw_040",615,"2021-02-18","forecast","0.686097286128375"
"exdqlm_univar_synth","draw_040",615,"2021-02-19","forecast","0.332222905354852"
"exdqlm_univar_synth","draw_040",615,"2021-02-20","forecast","0.506224164108588"
"exdqlm_univar_synth","draw_041",631,"2021-01-24","forecast","0.501714582148624"
"exdqlm_univar_synth","draw_041",631,"2021-01-25","forecast","0.442318461986993"
"exdqlm_univar_synth","draw_041",631,"2021-01-26","forecast","0.572002351130826"
"exdqlm_univar_synth","draw_041",631,"2021-01-27","forecast","2.01325940924439"
"exdqlm_univar_synth","draw_041",631,"2021-01-28","forecast","3.53131516270917"
"exdqlm_univar_synth","draw_041",631,"2021-01-29","forecast","3.21357464666252"
"exdqlm_univar_synth","draw_041",631,"2021-01-30","forecast","1.44200014393977"
"exdqlm_univar_synth","draw_041",631,"2021-01-31","forecast","0.882725084767835"
"exdqlm_univar_synth","draw_041",631,"2021-02-01","forecast","0.380704838950052"
"exdqlm_univar_synth","draw_041",631,"2021-02-02","forecast","1.19371379754442"
"exdqlm_univar_synth","draw_041",631,"2021-02-03","forecast","0.821247178389268"
"exdqlm_univar_synth","draw_041",631,"2021-02-04","forecast","0.367880684852530"
"exdqlm_univar_synth","draw_041",631,"2021-02-05","forecast","0.354330625535437"
"exdqlm_univar_synth","draw_041",631,"2021-02-06","forecast","0.338170480994907"
"exdqlm_univar_synth","draw_041",631,"2021-02-07","forecast","0.579974671897800"
"exdqlm_univar_synth","draw_041",631,"2021-02-08","forecast","0.640173289923332"
"exdqlm_univar_synth","draw_041",631,"2021-02-09","forecast","0.491606506574072"
"exdqlm_univar_synth","draw_041",631,"2021-02-10","forecast","1.40762342166730"
"exdqlm_univar_synth","draw_041",631,"2021-02-11","forecast","0.844442960205983"
"exdqlm_univar_synth","draw_041",631,"2021-02-12","forecast","0.907689906591136"
"exdqlm_univar_synth","draw_041",631,"2021-02-13","forecast","0.307346469727737"
"exdqlm_univar_synth","draw_041",631,"2021-02-14","forecast","0.596403823983625"
"exdqlm_univar_synth","draw_041",631,"2021-02-15","forecast","0.560484102048167"
"exdqlm_univar_synth","draw_041",631,"2021-02-16","forecast","1.08824795693716"
"exdqlm_univar_synth","draw_041",631,"2021-02-17","forecast","0.769508136629297"
"exdqlm_univar_synth","draw_041",631,"2021-02-18","forecast","0.713149950666914"
"exdqlm_univar_synth","draw_041",631,"2021-02-19","forecast","0.377704952598363"
"exdqlm_univar_synth","draw_041",631,"2021-02-20","forecast","0.474159148514379"
"exdqlm_univar_synth","draw_042",646,"2021-01-24","forecast","0.235709627602511"
"exdqlm_univar_synth","draw_042",646,"2021-01-25","forecast","0.435067097523123"
"exdqlm_univar_synth","draw_042",646,"2021-01-26","forecast","0.626737423308145"
"exdqlm_univar_synth","draw_042",646,"2021-01-27","forecast","1.79733460193569"
"exdqlm_univar_synth","draw_042",646,"2021-01-28","forecast","3.14124701151393"
"exdqlm_univar_synth","draw_042",646,"2021-01-29","forecast","2.99033708659985"
"exdqlm_univar_synth","draw_042",646,"2021-01-30","forecast","1.00344988675408"
"exdqlm_univar_synth","draw_042",646,"2021-01-31","forecast","1.01164484312612"
"exdqlm_univar_synth","draw_042",646,"2021-02-01","forecast","0.419104566019106"
"exdqlm_univar_synth","draw_042",646,"2021-02-02","forecast","0.785987522995068"
"exdqlm_univar_synth","draw_042",646,"2021-02-03","forecast","0.820293614216727"
"exdqlm_univar_synth","draw_042",646,"2021-02-04","forecast","0.723512145855374"
"exdqlm_univar_synth","draw_042",646,"2021-02-05","forecast","0.559832651962340"
"exdqlm_univar_synth","draw_042",646,"2021-02-06","forecast","0.446725398939887"
"exdqlm_univar_synth","draw_042",646,"2021-02-07","forecast","0.702005292411927"
"exdqlm_univar_synth","draw_042",646,"2021-02-08","forecast","0.422793841099334"
"exdqlm_univar_synth","draw_042",646,"2021-02-09","forecast","0.545760806135300"
"exdqlm_univar_synth","draw_042",646,"2021-02-10","forecast","1.48585357374299"
"exdqlm_univar_synth","draw_042",646,"2021-02-11","forecast","0.868353721201765"
"exdqlm_univar_synth","draw_042",646,"2021-02-12","forecast","0.867782165963080"
"exdqlm_univar_synth","draw_042",646,"2021-02-13","forecast","0.376989261304609"
"exdqlm_univar_synth","draw_042",646,"2021-02-14","forecast","0.845282976880985"
"exdqlm_univar_synth","draw_042",646,"2021-02-15","forecast","0.668640471984770"
"exdqlm_univar_synth","draw_042",646,"2021-02-16","forecast","0.850634210393076"
"exdqlm_univar_synth","draw_042",646,"2021-02-17","forecast","0.716127967736694"
"exdqlm_univar_synth","draw_042",646,"2021-02-18","forecast","0.593804373653003"
"exdqlm_univar_synth","draw_042",646,"2021-02-19","forecast","0.323941722013015"
"exdqlm_univar_synth","draw_042",646,"2021-02-20","forecast","0.907342798822295"
"exdqlm_univar_synth","draw_043",662,"2021-01-24","forecast","0.335551512120187"
"exdqlm_univar_synth","draw_043",662,"2021-01-25","forecast","0.509396370382024"
"exdqlm_univar_synth","draw_043",662,"2021-01-26","forecast","0.521790767107785"
"exdqlm_univar_synth","draw_043",662,"2021-01-27","forecast","2.65333339213665"
"exdqlm_univar_synth","draw_043",662,"2021-01-28","forecast","2.33730731308176"
"exdqlm_univar_synth","draw_043",662,"2021-01-29","forecast","3.28463751689090"
"exdqlm_univar_synth","draw_043",662,"2021-01-30","forecast","1.44276482324890"
"exdqlm_univar_synth","draw_043",662,"2021-01-31","forecast","1.03840109402724"
"exdqlm_univar_synth","draw_043",662,"2021-02-01","forecast","0.215735353900386"
"exdqlm_univar_synth","draw_043",662,"2021-02-02","forecast","1.07812917277703"
"exdqlm_univar_synth","draw_043",662,"2021-02-03","forecast","0.822873488617895"
"exdqlm_univar_synth","draw_043",662,"2021-02-04","forecast","0.723821808664621"
"exdqlm_univar_synth","draw_043",662,"2021-02-05","forecast","0.272944738061578"
"exdqlm_univar_synth","draw_043",662,"2021-02-06","forecast","0.510417468642925"
"exdqlm_univar_synth","draw_043",662,"2021-02-07","forecast","0.558234755175075"
"exdqlm_univar_synth","draw_043",662,"2021-02-08","forecast","0.604315909231658"
"exdqlm_univar_synth","draw_043",662,"2021-02-09","forecast","0.488022642172522"
"exdqlm_univar_synth","draw_043",662,"2021-02-10","forecast","1.48548783580613"
"exdqlm_univar_synth","draw_043",662,"2021-02-11","forecast","0.825194699478470"
"exdqlm_univar_synth","draw_043",662,"2021-02-12","forecast","0.883092601989394"
"exdqlm_univar_synth","draw_043",662,"2021-02-13","forecast","0.761185713890846"
"exdqlm_univar_synth","draw_043",662,"2021-02-14","forecast","1.19015851539536"
"exdqlm_univar_synth","draw_043",662,"2021-02-15","forecast","0.395241595645572"
"exdqlm_univar_synth","draw_043",662,"2021-02-16","forecast","1.06130378491733"
"exdqlm_univar_synth","draw_043",662,"2021-02-17","forecast","0.425453574912722"
"exdqlm_univar_synth","draw_043",662,"2021-02-18","forecast","0.563544536921165"
"exdqlm_univar_synth","draw_043",662,"2021-02-19","forecast","0.575210112508745"
"exdqlm_univar_synth","draw_043",662,"2021-02-20","forecast","0.911987410269508"
"exdqlm_univar_synth","draw_044",678,"2021-01-24","forecast","0.484545390351074"
"exdqlm_univar_synth","draw_044",678,"2021-01-25","forecast","0.691905239326637"
"exdqlm_univar_synth","draw_044",678,"2021-01-26","forecast","0.718762103119501"
"exdqlm_univar_synth","draw_044",678,"2021-01-27","forecast","2.25932059146082"
"exdqlm_univar_synth","draw_044",678,"2021-01-28","forecast","2.24911173078578"
"exdqlm_univar_synth","draw_044",678,"2021-01-29","forecast","2.44114751116760"
"exdqlm_univar_synth","draw_044",678,"2021-01-30","forecast","1.44153228046079"
"exdqlm_univar_synth","draw_044",678,"2021-01-31","forecast","0.698696048256553"
"exdqlm_univar_synth","draw_044",678,"2021-02-01","forecast","0.420639495124149"
"exdqlm_univar_synth","draw_044",678,"2021-02-02","forecast","1.09005660685108"
"exdqlm_univar_synth","draw_044",678,"2021-02-03","forecast","0.821299741850119"
"exdqlm_univar_synth","draw_044",678,"2021-02-04","forecast","0.400076962483334"
"exdqlm_univar_synth","draw_044",678,"2021-02-05","forecast","0.323224169266321"
"exdqlm_univar_synth","draw_044",678,"2021-02-06","forecast","0.477811571768243"
"exdqlm_univar_synth","draw_044",678,"2021-02-07","forecast","0.558802758891718"
"exdqlm_univar_synth","draw_044",678,"2021-02-08","forecast","0.493359959976685"
"exdqlm_univar_synth","draw_044",678,"2021-02-09","forecast","0.547663709915864"
"exdqlm_univar_synth","draw_044",678,"2021-02-10","forecast","1.32531188420642"
"exdqlm_univar_synth","draw_044",678,"2021-02-11","forecast","0.847033560503310"
"exdqlm_univar_synth","draw_044",678,"2021-02-12","forecast","0.884291449715915"
"exdqlm_univar_synth","draw_044",678,"2021-02-13","forecast","0.668017427530448"
"exdqlm_univar_synth","draw_044",678,"2021-02-14","forecast","1.28832531343376"
"exdqlm_univar_synth","draw_044",678,"2021-02-15","forecast","0.890981654029859"
"exdqlm_univar_synth","draw_044",678,"2021-02-16","forecast","1.35129542545147"
"exdqlm_univar_synth","draw_044",678,"2021-02-17","forecast","0.716985213169319"
"exdqlm_univar_synth","draw_044",678,"2021-02-18","forecast","0.677279456529240"
"exdqlm_univar_synth","draw_044",678,"2021-02-19","forecast","0.590084466596291"
"exdqlm_univar_synth","draw_044",678,"2021-02-20","forecast","0.882843100441732"
"exdqlm_univar_synth","draw_045",694,"2021-01-24","forecast","0.281425691637987"
"exdqlm_univar_synth","draw_045",694,"2021-01-25","forecast","0.642126629900476"
"exdqlm_univar_synth","draw_045",694,"2021-01-26","forecast","0.370456047590492"
"exdqlm_univar_synth","draw_045",694,"2021-01-27","forecast","3.29883212098249"
"exdqlm_univar_synth","draw_045",694,"2021-01-28","forecast","3.15257094588709"
"exdqlm_univar_synth","draw_045",694,"2021-01-29","forecast","2.53004628111222"
"exdqlm_univar_synth","draw_045",694,"2021-01-30","forecast","1.44161812048751"
"exdqlm_univar_synth","draw_045",694,"2021-01-31","forecast","1.08935855429677"
"exdqlm_univar_synth","draw_045",694,"2021-02-01","forecast","0.422057799998833"
"exdqlm_univar_synth","draw_045",694,"2021-02-02","forecast","1.09001088171037"
"exdqlm_univar_synth","draw_045",694,"2021-02-03","forecast","0.817120515577097"
"exdqlm_univar_synth","draw_045",694,"2021-02-04","forecast","0.727128044775345"
"exdqlm_univar_synth","draw_045",694,"2021-02-05","forecast","0.421611600237988"
"exdqlm_univar_synth","draw_045",694,"2021-02-06","forecast","0.514075191051744"
"exdqlm_univar_synth","draw_045",694,"2021-02-07","forecast","0.433335078675202"
"exdqlm_univar_synth","draw_045",694,"2021-02-08","forecast","0.703919302324516"
"exdqlm_univar_synth","draw_045",694,"2021-02-09","forecast","0.254395174614600"
"exdqlm_univar_synth","draw_045",694,"2021-02-10","forecast","1.42985386854721"
"exdqlm_univar_synth","draw_045",694,"2021-02-11","forecast","0.738968761764722"
"exdqlm_univar_synth","draw_045",694,"2021-02-12","forecast","0.861711233748684"
"exdqlm_univar_synth","draw_045",694,"2021-02-13","forecast","0.729491411559578"
"exdqlm_univar_synth","draw_045",694,"2021-02-14","forecast","1.11932743406854"
"exdqlm_univar_synth","draw_045",694,"2021-02-15","forecast","0.843364537201318"
"exdqlm_univar_synth","draw_045",694,"2021-02-16","forecast","0.575271597508243"
"exdqlm_univar_synth","draw_045",694,"2021-02-17","forecast","0.341559344507735"
"exdqlm_univar_synth","draw_045",694,"2021-02-18","forecast","0.685677169466711"
"exdqlm_univar_synth","draw_045",694,"2021-02-19","forecast","0.581633942121916"
"exdqlm_univar_synth","draw_045",694,"2021-02-20","forecast","0.582264247643674"
"exdqlm_univar_synth","draw_046",709,"2021-01-24","forecast","0.377967340553063"
"exdqlm_univar_synth","draw_046",709,"2021-01-25","forecast","0.627204853038872"
"exdqlm_univar_synth","draw_046",709,"2021-01-26","forecast","0.685335477604939"
"exdqlm_univar_synth","draw_046",709,"2021-01-27","forecast","2.80327150838141"
"exdqlm_univar_synth","draw_046",709,"2021-01-28","forecast","2.13005417379529"
"exdqlm_univar_synth","draw_046",709,"2021-01-29","forecast","3.80345022384984"
"exdqlm_univar_synth","draw_046",709,"2021-01-30","forecast","1.64793692985640"
"exdqlm_univar_synth","draw_046",709,"2021-01-31","forecast","0.408750123254808"
"exdqlm_univar_synth","draw_046",709,"2021-02-01","forecast","0.421384140978928"
"exdqlm_univar_synth","draw_046",709,"2021-02-02","forecast","1.11026706711596"
"exdqlm_univar_synth","draw_046",709,"2021-02-03","forecast","0.743140305544461"
"exdqlm_univar_synth","draw_046",709,"2021-02-04","forecast","0.474569330958586"
"exdqlm_univar_synth","draw_046",709,"2021-02-05","forecast","0.649410032208633"
"exdqlm_univar_synth","draw_046",709,"2021-02-06","forecast","0.506078327536234"
"exdqlm_univar_synth","draw_046",709,"2021-02-07","forecast","0.592122231351441"
"exdqlm_univar_synth","draw_046",709,"2021-02-08","forecast","0.392521609456066"
"exdqlm_univar_synth","draw_046",709,"2021-02-09","forecast","0.541376829420605"
"exdqlm_univar_synth","draw_046",709,"2021-02-10","forecast","1.39813067064416"
"exdqlm_univar_synth","draw_046",709,"2021-02-11","forecast","0.908537177917902"
"exdqlm_univar_synth","draw_046",709,"2021-02-12","forecast","0.884724472274766"
"exdqlm_univar_synth","draw_046",709,"2021-02-13","forecast","0.722415407386951"
"exdqlm_univar_synth","draw_046",709,"2021-02-14","forecast","0.879826107325846"
"exdqlm_univar_synth","draw_046",709,"2021-02-15","forecast","0.986817582146237"
"exdqlm_univar_synth","draw_046",709,"2021-02-16","forecast","1.08487836271192"
"exdqlm_univar_synth","draw_046",709,"2021-02-17","forecast","0.685197592095412"
"exdqlm_univar_synth","draw_046",709,"2021-02-18","forecast","0.618972299879183"
"exdqlm_univar_synth","draw_046",709,"2021-02-19","forecast","0.600689023790743"
"exdqlm_univar_synth","draw_046",709,"2021-02-20","forecast","0.561617136733784"
"exdqlm_univar_synth","draw_047",725,"2021-01-24","forecast","0.502456722307344"
"exdqlm_univar_synth","draw_047",725,"2021-01-25","forecast","0.645435805913125"
"exdqlm_univar_synth","draw_047",725,"2021-01-26","forecast","0.559477235310925"
"exdqlm_univar_synth","draw_047",725,"2021-01-27","forecast","2.19179064532157"
"exdqlm_univar_synth","draw_047",725,"2021-01-28","forecast","3.09038915635783"
"exdqlm_univar_synth","draw_047",725,"2021-01-29","forecast","3.68827328804477"
"exdqlm_univar_synth","draw_047",725,"2021-01-30","forecast","1.02583845140805"
"exdqlm_univar_synth","draw_047",725,"2021-01-31","forecast","0.561971901904179"
"exdqlm_univar_synth","draw_047",725,"2021-02-01","forecast","0.408888096691192"
"exdqlm_univar_synth","draw_047",725,"2021-02-02","forecast","0.757075499208664"
"exdqlm_univar_synth","draw_047",725,"2021-02-03","forecast","0.953335250609493"
"exdqlm_univar_synth","draw_047",725,"2021-02-04","forecast","0.723750070204221"
"exdqlm_univar_synth","draw_047",725,"2021-02-05","forecast","0.505031275711203"
"exdqlm_univar_synth","draw_047",725,"2021-02-06","forecast","0.418929348222730"
"exdqlm_univar_synth","draw_047",725,"2021-02-07","forecast","0.588514168405529"
"exdqlm_univar_synth","draw_047",725,"2021-02-08","forecast","0.598911503950773"
"exdqlm_univar_synth","draw_047",725,"2021-02-09","forecast","0.542178579964453"
"exdqlm_univar_synth","draw_047",725,"2021-02-10","forecast","0.887253457510614"
"exdqlm_univar_synth","draw_047",725,"2021-02-11","forecast","0.511718281199643"
"exdqlm_univar_synth","draw_047",725,"2021-02-12","forecast","0.844934936080126"
"exdqlm_univar_synth","draw_047",725,"2021-02-13","forecast","0.643594585427010"
"exdqlm_univar_synth","draw_047",725,"2021-02-14","forecast","0.814205048470257"
"exdqlm_univar_synth","draw_047",725,"2021-02-15","forecast","0.860890532658668"
"exdqlm_univar_synth","draw_047",725,"2021-02-16","forecast","1.06144188653547"
"exdqlm_univar_synth","draw_047",725,"2021-02-17","forecast","0.686874899196414"
"exdqlm_univar_synth","draw_047",725,"2021-02-18","forecast","0.543983660579678"
"exdqlm_univar_synth","draw_047",725,"2021-02-19","forecast","0.583819174278515"
"exdqlm_univar_synth","draw_047",725,"2021-02-20","forecast","0.677757970485220"
"exdqlm_univar_synth","draw_048",741,"2021-01-24","forecast","0.359496240882174"
"exdqlm_univar_synth","draw_048",741,"2021-01-25","forecast","0.718178402379392"
"exdqlm_univar_synth","draw_048",741,"2021-01-26","forecast","0.487454927858217"
"exdqlm_univar_synth","draw_048",741,"2021-01-27","forecast","2.64133320500151"
"exdqlm_univar_synth","draw_048",741,"2021-01-28","forecast","3.08087244320606"
"exdqlm_univar_synth","draw_048",741,"2021-01-29","forecast","2.29268543921269"
"exdqlm_univar_synth","draw_048",741,"2021-01-30","forecast","0.934978181095449"
"exdqlm_univar_synth","draw_048",741,"2021-01-31","forecast","0.838481306350435"
"exdqlm_univar_synth","draw_048",741,"2021-02-01","forecast","0.213709521706680"
"exdqlm_univar_synth","draw_048",741,"2021-02-02","forecast","0.772090436450025"
"exdqlm_univar_synth","draw_048",741,"2021-02-03","forecast","0.821207407936965"
"exdqlm_univar_synth","draw_048",741,"2021-02-04","forecast","0.710031512155562"
"exdqlm_univar_synth","draw_048",741,"2021-02-05","forecast","0.773786999548792"
"exdqlm_univar_synth","draw_048",741,"2021-02-06","forecast","0.512985492795200"
"exdqlm_univar_synth","draw_048",741,"2021-02-07","forecast","0.277187831076384"
"exdqlm_univar_synth","draw_048",741,"2021-02-08","forecast","0.314403505069448"
"exdqlm_univar_synth","draw_048",741,"2021-02-09","forecast","0.545108802127628"
"exdqlm_univar_synth","draw_048",741,"2021-02-10","forecast","1.40169431678046"
"exdqlm_univar_synth","draw_048",741,"2021-02-11","forecast","0.913804034851766"
"exdqlm_univar_synth","draw_048",741,"2021-02-12","forecast","0.327439826771007"
"exdqlm_univar_synth","draw_048",741,"2021-02-13","forecast","0.731494042098688"
"exdqlm_univar_synth","draw_048",741,"2021-02-14","forecast","1.15038246873721"
"exdqlm_univar_synth","draw_048",741,"2021-02-15","forecast","1.00168272394359"
"exdqlm_univar_synth","draw_048",741,"2021-02-16","forecast","0.773884937072991"
"exdqlm_univar_synth","draw_048",741,"2021-02-17","forecast","0.513384846009258"
"exdqlm_univar_synth","draw_048",741,"2021-02-18","forecast","0.687373606139674"
"exdqlm_univar_synth","draw_048",741,"2021-02-19","forecast","0.577109063627586"
"exdqlm_univar_synth","draw_048",741,"2021-02-20","forecast","0.872889359979035"
"exdqlm_univar_synth","draw_049",757,"2021-01-24","forecast","0.242744973907396"
"exdqlm_univar_synth","draw_049",757,"2021-01-25","forecast","0.564163505017901"
"exdqlm_univar_synth","draw_049",757,"2021-01-26","forecast","0.604388951400101"
"exdqlm_univar_synth","draw_049",757,"2021-01-27","forecast","2.64064194813218"
"exdqlm_univar_synth","draw_049",757,"2021-01-28","forecast","3.63289717031668"
"exdqlm_univar_synth","draw_049",757,"2021-01-29","forecast","3.22809603432648"
"exdqlm_univar_synth","draw_049",757,"2021-01-30","forecast","0.865928777750321"
"exdqlm_univar_synth","draw_049",757,"2021-01-31","forecast","0.824380280081123"
"exdqlm_univar_synth","draw_049",757,"2021-02-01","forecast","0.380440663371510"
"exdqlm_univar_synth","draw_049",757,"2021-02-02","forecast","1.08871334590067"
"exdqlm_univar_synth","draw_049",757,"2021-02-03","forecast","0.771825560117115"
"exdqlm_univar_synth","draw_049",757,"2021-02-04","forecast","0.731965886628971"
"exdqlm_univar_synth","draw_049",757,"2021-02-05","forecast","0.507502875651950"
"exdqlm_univar_synth","draw_049",757,"2021-02-06","forecast","0.208445263311052"
"exdqlm_univar_synth","draw_049",757,"2021-02-07","forecast","0.577296411443536"
"exdqlm_univar_synth","draw_049",757,"2021-02-08","forecast","0.602205375395281"
"exdqlm_univar_synth","draw_049",757,"2021-02-09","forecast","0.566856982438181"
"exdqlm_univar_synth","draw_049",757,"2021-02-10","forecast","1.40724307462910"
"exdqlm_univar_synth","draw_049",757,"2021-02-11","forecast","0.836038496367635"
"exdqlm_univar_synth","draw_049",757,"2021-02-12","forecast","0.883054876928044"
"exdqlm_univar_synth","draw_049",757,"2021-02-13","forecast","0.394591530766804"
"exdqlm_univar_synth","draw_049",757,"2021-02-14","forecast","1.43916330586157"
"exdqlm_univar_synth","draw_049",757,"2021-02-15","forecast","0.840182073695028"
"exdqlm_univar_synth","draw_049",757,"2021-02-16","forecast","1.08576646308624"
"exdqlm_univar_synth","draw_049",757,"2021-02-17","forecast","0.716444298234079"
"exdqlm_univar_synth","draw_049",757,"2021-02-18","forecast","0.638229616281739"
"exdqlm_univar_synth","draw_049",757,"2021-02-19","forecast","0.545277879912304"
"exdqlm_univar_synth","draw_049",757,"2021-02-20","forecast","0.835082007873903"
"exdqlm_univar_synth","draw_050",772,"2021-01-24","forecast","0.434972378374227"
"exdqlm_univar_synth","draw_050",772,"2021-01-25","forecast","0.522300558828371"
"exdqlm_univar_synth","draw_050",772,"2021-01-26","forecast","0.353351479047841"
"exdqlm_univar_synth","draw_050",772,"2021-01-27","forecast","2.80217680332905"
"exdqlm_univar_synth","draw_050",772,"2021-01-28","forecast","2.94607606399421"
"exdqlm_univar_synth","draw_050",772,"2021-01-29","forecast","3.19131283226751"
"exdqlm_univar_synth","draw_050",772,"2021-01-30","forecast","1.12566705552525"
"exdqlm_univar_synth","draw_050",772,"2021-01-31","forecast","1.05613771940308"
"exdqlm_univar_synth","draw_050",772,"2021-02-01","forecast","0.386303231094291"
"exdqlm_univar_synth","draw_050",772,"2021-02-02","forecast","1.17091117436709"
"exdqlm_univar_synth","draw_050",772,"2021-02-03","forecast","0.444846358264777"
"exdqlm_univar_synth","draw_050",772,"2021-02-04","forecast","0.675269034260843"
"exdqlm_univar_synth","draw_050",772,"2021-02-05","forecast","0.562224966371193"
"exdqlm_univar_synth","draw_050",772,"2021-02-06","forecast","0.506412678998009"
"exdqlm_univar_synth","draw_050",772,"2021-02-07","forecast","0.356260825847749"
"exdqlm_univar_synth","draw_050",772,"2021-02-08","forecast","0.628295330028409"
"exdqlm_univar_synth","draw_050",772,"2021-02-09","forecast","0.332469815138850"
"exdqlm_univar_synth","draw_050",772,"2021-02-10","forecast","1.55449268196004"
"exdqlm_univar_synth","draw_050",772,"2021-02-11","forecast","0.731580731570341"
"exdqlm_univar_synth","draw_050",772,"2021-02-12","forecast","0.455796083170355"
"exdqlm_univar_synth","draw_050",772,"2021-02-13","forecast","0.728738297428434"
"exdqlm_univar_synth","draw_050",772,"2021-02-14","forecast","0.573647241568001"
"exdqlm_univar_synth","draw_050",772,"2021-02-15","forecast","0.837620818627716"
"exdqlm_univar_synth","draw_050",772,"2021-02-16","forecast","0.771340108158836"
"exdqlm_univar_synth","draw_050",772,"2021-02-17","forecast","0.714177504484432"
"exdqlm_univar_synth","draw_050",772,"2021-02-18","forecast","0.686153814458007"
"exdqlm_univar_synth","draw_050",772,"2021-02-19","forecast","0.298876206168186"
"exdqlm_univar_synth","draw_050",772,"2021-02-20","forecast","0.377951102688681"
"exdqlm_univar_synth","draw_051",788,"2021-01-24","forecast","0.249750406613215"
"exdqlm_univar_synth","draw_051",788,"2021-01-25","forecast","0.206687622892419"
"exdqlm_univar_synth","draw_051",788,"2021-01-26","forecast","0.317594580427329"
"exdqlm_univar_synth","draw_051",788,"2021-01-27","forecast","2.56941367303120"
"exdqlm_univar_synth","draw_051",788,"2021-01-28","forecast","3.09735053574600"
"exdqlm_univar_synth","draw_051",788,"2021-01-29","forecast","2.62766042222004"
"exdqlm_univar_synth","draw_051",788,"2021-01-30","forecast","1.44338853687325"
"exdqlm_univar_synth","draw_051",788,"2021-01-31","forecast","0.920248256302529"
"exdqlm_univar_synth","draw_051",788,"2021-02-01","forecast","0.382788111394237"
"exdqlm_univar_synth","draw_051",788,"2021-02-02","forecast","0.770067381174042"
"exdqlm_univar_synth","draw_051",788,"2021-02-03","forecast","0.820910866666223"
"exdqlm_univar_synth","draw_051",788,"2021-02-04","forecast","0.643172840580897"
"exdqlm_univar_synth","draw_051",788,"2021-02-05","forecast","0.460000051898955"
"exdqlm_univar_synth","draw_051",788,"2021-02-06","forecast","0.367308310972861"
"exdqlm_univar_synth","draw_051",788,"2021-02-07","forecast","0.591489454333240"
"exdqlm_univar_synth","draw_051",788,"2021-02-08","forecast","0.605796435980110"
"exdqlm_univar_synth","draw_051",788,"2021-02-09","forecast","0.545349532859069"
"exdqlm_univar_synth","draw_051",788,"2021-02-10","forecast","1.39866357293980"
"exdqlm_univar_synth","draw_051",788,"2021-02-11","forecast","0.864174522983952"
"exdqlm_univar_synth","draw_051",788,"2021-02-12","forecast","0.885459307321525"
"exdqlm_univar_synth","draw_051",788,"2021-02-13","forecast","0.394169795569428"
"exdqlm_univar_synth","draw_051",788,"2021-02-14","forecast","0.822945880575041"
"exdqlm_univar_synth","draw_051",788,"2021-02-15","forecast","0.537898057294996"
"exdqlm_univar_synth","draw_051",788,"2021-02-16","forecast","1.08520610220667"
"exdqlm_univar_synth","draw_051",788,"2021-02-17","forecast","0.713648852980770"
"exdqlm_univar_synth","draw_051",788,"2021-02-18","forecast","0.643900793709395"
"exdqlm_univar_synth","draw_051",788,"2021-02-19","forecast","0.335017445087679"
"exdqlm_univar_synth","draw_051",788,"2021-02-20","forecast","0.736985313896892"
"exdqlm_univar_synth","draw_052",804,"2021-01-24","forecast","0.410078804957153"
"exdqlm_univar_synth","draw_052",804,"2021-01-25","forecast","0.350793820431936"
"exdqlm_univar_synth","draw_052",804,"2021-01-26","forecast","0.358087228566394"
"exdqlm_univar_synth","draw_052",804,"2021-01-27","forecast","2.12191946971693"
"exdqlm_univar_synth","draw_052",804,"2021-01-28","forecast","3.20007610396342"
"exdqlm_univar_synth","draw_052",804,"2021-01-29","forecast","3.11862062270031"
"exdqlm_univar_synth","draw_052",804,"2021-01-30","forecast","0.955772236402957"
"exdqlm_univar_synth","draw_052",804,"2021-01-31","forecast","1.19449962446211"
"exdqlm_univar_synth","draw_052",804,"2021-02-01","forecast","0.421686919934246"
"exdqlm_univar_synth","draw_052",804,"2021-02-02","forecast","1.08933516000711"
"exdqlm_univar_synth","draw_052",804,"2021-02-03","forecast","0.909147390776881"
"exdqlm_univar_synth","draw_052",804,"2021-02-04","forecast","0.736126613136944"
"exdqlm_univar_synth","draw_052",804,"2021-02-05","forecast","0.426295706426701"
"exdqlm_univar_synth","draw_052",804,"2021-02-06","forecast","0.232352177981123"
"exdqlm_univar_synth","draw_052",804,"2021-02-07","forecast","0.592192599792543"
"exdqlm_univar_synth","draw_052",804,"2021-02-08","forecast","0.603233260372469"
"exdqlm_univar_synth","draw_052",804,"2021-02-09","forecast","0.545281313883921"
"exdqlm_univar_synth","draw_052",804,"2021-02-10","forecast","1.34208751577984"
"exdqlm_univar_synth","draw_052",804,"2021-02-11","forecast","0.824062256870242"
"exdqlm_univar_synth","draw_052",804,"2021-02-12","forecast","0.528110977470687"
"exdqlm_univar_synth","draw_052",804,"2021-02-13","forecast","0.491936667324211"
"exdqlm_univar_synth","draw_052",804,"2021-02-14","forecast","0.825880303978306"
"exdqlm_univar_synth","draw_052",804,"2021-02-15","forecast","0.831580057391555"
"exdqlm_univar_synth","draw_052",804,"2021-02-16","forecast","0.509340767419118"
"exdqlm_univar_synth","draw_052",804,"2021-02-17","forecast","0.714101052306541"
"exdqlm_univar_synth","draw_052",804,"2021-02-18","forecast","0.597750549900831"
"exdqlm_univar_synth","draw_052",804,"2021-02-19","forecast","0.584324799471580"
"exdqlm_univar_synth","draw_052",804,"2021-02-20","forecast","0.914117605307997"
"exdqlm_univar_synth","draw_053",819,"2021-01-24","forecast","0.490323933492392"
"exdqlm_univar_synth","draw_053",819,"2021-01-25","forecast","0.627213374067620"
"exdqlm_univar_synth","draw_053",819,"2021-01-26","forecast","0.496113601906073"
"exdqlm_univar_synth","draw_053",819,"2021-01-27","forecast","2.26757800152456"
"exdqlm_univar_synth","draw_053",819,"2021-01-28","forecast","3.17534372522483"
"exdqlm_univar_synth","draw_053",819,"2021-01-29","forecast","3.05215356122137"
"exdqlm_univar_synth","draw_053",819,"2021-01-30","forecast","1.44231993746977"
"exdqlm_univar_synth","draw_053",819,"2021-01-31","forecast","0.357650296820008"
"exdqlm_univar_synth","draw_053",819,"2021-02-01","forecast","0.420975134256656"
"exdqlm_univar_synth","draw_053",819,"2021-02-02","forecast","1.08990654437580"
"exdqlm_univar_synth","draw_053",819,"2021-02-03","forecast","0.801748585954298"
"exdqlm_univar_synth","draw_053",819,"2021-02-04","forecast","0.363048545222382"
"exdqlm_univar_synth","draw_053",819,"2021-02-05","forecast","0.559834701237021"
"exdqlm_univar_synth","draw_053",819,"2021-02-06","forecast","0.513755554015946"
"exdqlm_univar_synth","draw_053",819,"2021-02-07","forecast","0.493418733829009"
"exdqlm_univar_synth","draw_053",819,"2021-02-08","forecast","0.606222909512452"
"exdqlm_univar_synth","draw_053",819,"2021-02-09","forecast","0.545721736411087"
"exdqlm_univar_synth","draw_053",819,"2021-02-10","forecast","1.79091313138037"
"exdqlm_univar_synth","draw_053",819,"2021-02-11","forecast","0.894878511206567"
"exdqlm_univar_synth","draw_053",819,"2021-02-12","forecast","0.886230811175662"
"exdqlm_univar_synth","draw_053",819,"2021-02-13","forecast","0.731593474484421"
"exdqlm_univar_synth","draw_053",819,"2021-02-14","forecast","1.11224398382139"
"exdqlm_univar_synth","draw_053",819,"2021-02-15","forecast","0.841778994385444"
"exdqlm_univar_synth","draw_053",819,"2021-02-16","forecast","1.08733686204561"
"exdqlm_univar_synth","draw_053",819,"2021-02-17","forecast","0.716581026714735"
"exdqlm_univar_synth","draw_053",819,"2021-02-18","forecast","0.689093219280032"
"exdqlm_univar_synth","draw_053",819,"2021-02-19","forecast","0.565179269467921"
"exdqlm_univar_synth","draw_053",819,"2021-02-20","forecast","0.944018514271203"
"exdqlm_univar_synth","draw_054",835,"2021-01-24","forecast","0.260436252745604"
"exdqlm_univar_synth","draw_054",835,"2021-01-25","forecast","0.553171706961985"
"exdqlm_univar_synth","draw_054",835,"2021-01-26","forecast","0.565040841220425"
"exdqlm_univar_synth","draw_054",835,"2021-01-27","forecast","2.56104239868310"
"exdqlm_univar_synth","draw_054",835,"2021-01-28","forecast","2.24145560558135"
"exdqlm_univar_synth","draw_054",835,"2021-01-29","forecast","3.03130119207400"
"exdqlm_univar_synth","draw_054",835,"2021-01-30","forecast","1.44096194064612"
"exdqlm_univar_synth","draw_054",835,"2021-01-31","forecast","0.493000850967435"
"exdqlm_univar_synth","draw_054",835,"2021-02-01","forecast","0.427220319285135"
"exdqlm_univar_synth","draw_054",835,"2021-02-02","forecast","1.05309767730630"
"exdqlm_univar_synth","draw_054",835,"2021-02-03","forecast","0.822227972886817"
"exdqlm_univar_synth","draw_054",835,"2021-02-04","forecast","0.720175342097794"
"exdqlm_univar_synth","draw_054",835,"2021-02-05","forecast","0.559594626407531"
"exdqlm_univar_synth","draw_054",835,"2021-02-06","forecast","0.511724817959141"
"exdqlm_univar_synth","draw_054",835,"2021-02-07","forecast","0.579401789916010"
"exdqlm_univar_synth","draw_054",835,"2021-02-08","forecast","0.480673740636586"
"exdqlm_univar_synth","draw_054",835,"2021-02-09","forecast","0.543165881618250"
"exdqlm_univar_synth","draw_054",835,"2021-02-10","forecast","0.900242495210672"
"exdqlm_univar_synth","draw_054",835,"2021-02-11","forecast","0.846234584709226"
"exdqlm_univar_synth","draw_054",835,"2021-02-12","forecast","0.525023805177382"
"exdqlm_univar_synth","draw_054",835,"2021-02-13","forecast","0.736289169770031"
"exdqlm_univar_synth","draw_054",835,"2021-02-14","forecast","0.925709422004743"
"exdqlm_univar_synth","draw_054",835,"2021-02-15","forecast","0.502297403117567"
"exdqlm_univar_synth","draw_054",835,"2021-02-16","forecast","1.12554665308018"
"exdqlm_univar_synth","draw_054",835,"2021-02-17","forecast","0.716211557153398"
"exdqlm_univar_synth","draw_054",835,"2021-02-18","forecast","0.606880413541534"
"exdqlm_univar_synth","draw_054",835,"2021-02-19","forecast","0.575222184962859"
"exdqlm_univar_synth","draw_054",835,"2021-02-20","forecast","0.950690285540568"
"exdqlm_univar_synth","draw_055",851,"2021-01-24","forecast","0.383008264392484"
"exdqlm_univar_synth","draw_055",851,"2021-01-25","forecast","0.313903778018766"
"exdqlm_univar_synth","draw_055",851,"2021-01-26","forecast","0.519192262744723"
"exdqlm_univar_synth","draw_055",851,"2021-01-27","forecast","2.65080084848445"
"exdqlm_univar_synth","draw_055",851,"2021-01-28","forecast","2.92344168344277"
"exdqlm_univar_synth","draw_055",851,"2021-01-29","forecast","3.03873790961066"
"exdqlm_univar_synth","draw_055",851,"2021-01-30","forecast","1.09304051350362"
"exdqlm_univar_synth","draw_055",851,"2021-01-31","forecast","0.628508895270754"
"exdqlm_univar_synth","draw_055",851,"2021-02-01","forecast","0.373754511581510"
"exdqlm_univar_synth","draw_055",851,"2021-02-02","forecast","1.08989066394040"
"exdqlm_univar_synth","draw_055",851,"2021-02-03","forecast","0.542273746933639"
"exdqlm_univar_synth","draw_055",851,"2021-02-04","forecast","0.590385608815669"
"exdqlm_univar_synth","draw_055",851,"2021-02-05","forecast","0.678318155899054"
"exdqlm_univar_synth","draw_055",851,"2021-02-06","forecast","0.494993105938653"
"exdqlm_univar_synth","draw_055",851,"2021-02-07","forecast","0.591072079756039"
"exdqlm_univar_synth","draw_055",851,"2021-02-08","forecast","0.632769606140873"
"exdqlm_univar_synth","draw_055",851,"2021-02-09","forecast","0.536872364798166"
"exdqlm_univar_synth","draw_055",851,"2021-02-10","forecast","0.797317072384542"
"exdqlm_univar_synth","draw_055",851,"2021-02-11","forecast","0.897082082514608"
"exdqlm_univar_synth","draw_055",851,"2021-02-12","forecast","0.885403899386626"
"exdqlm_univar_synth","draw_055",851,"2021-02-13","forecast","0.757276712234598"
"exdqlm_univar_synth","draw_055",851,"2021-02-14","forecast","1.12249522586574"
"exdqlm_univar_synth","draw_055",851,"2021-02-15","forecast","0.551374844229737"
"exdqlm_univar_synth","draw_055",851,"2021-02-16","forecast","1.18575673650533"
"exdqlm_univar_synth","draw_055",851,"2021-02-17","forecast","0.457645064868011"
"exdqlm_univar_synth","draw_055",851,"2021-02-18","forecast","0.600870370607777"
"exdqlm_univar_synth","draw_055",851,"2021-02-19","forecast","0.327893468870371"
"exdqlm_univar_synth","draw_055",851,"2021-02-20","forecast","0.908734196378277"
"exdqlm_univar_synth","draw_056",867,"2021-01-24","forecast","0.545473916200030"
"exdqlm_univar_synth","draw_056",867,"2021-01-25","forecast","0.168981210900052"
"exdqlm_univar_synth","draw_056",867,"2021-01-26","forecast","0.641607612044956"
"exdqlm_univar_synth","draw_056",867,"2021-01-27","forecast","1.83768647261934"
"exdqlm_univar_synth","draw_056",867,"2021-01-28","forecast","2.45024633881138"
"exdqlm_univar_synth","draw_056",867,"2021-01-29","forecast","3.23009902806985"
"exdqlm_univar_synth","draw_056",867,"2021-01-30","forecast","1.40915281915017"
"exdqlm_univar_synth","draw_056",867,"2021-01-31","forecast","0.838008416166464"
"exdqlm_univar_synth","draw_056",867,"2021-02-01","forecast","0.421824526227190"
"exdqlm_univar_synth","draw_056",867,"2021-02-02","forecast","1.03268384331518"
"exdqlm_univar_synth","draw_056",867,"2021-02-03","forecast","0.580260510381636"
"exdqlm_univar_synth","draw_056",867,"2021-02-04","forecast","0.720108082686694"
"exdqlm_univar_synth","draw_056",867,"2021-02-05","forecast","0.460508914048803"
"exdqlm_univar_synth","draw_056",867,"2021-02-06","forecast","0.234671732087287"
"exdqlm_univar_synth","draw_056",867,"2021-02-07","forecast","0.671387906987639"
"exdqlm_univar_synth","draw_056",867,"2021-02-08","forecast","0.725055383987667"
"exdqlm_univar_synth","draw_056",867,"2021-02-09","forecast","0.545198258765304"
"exdqlm_univar_synth","draw_056",867,"2021-02-10","forecast","1.36651615055662"
"exdqlm_univar_synth","draw_056",867,"2021-02-11","forecast","0.854713229585700"
"exdqlm_univar_synth","draw_056",867,"2021-02-12","forecast","0.465328418826867"
"exdqlm_univar_synth","draw_056",867,"2021-02-13","forecast","0.611132777407997"
"exdqlm_univar_synth","draw_056",867,"2021-02-14","forecast","0.883415794746816"
"exdqlm_univar_synth","draw_056",867,"2021-02-15","forecast","0.842743602631144"
"exdqlm_univar_synth","draw_056",867,"2021-02-16","forecast","1.12070212074365"
"exdqlm_univar_synth","draw_056",867,"2021-02-17","forecast","0.711923005318915"
"exdqlm_univar_synth","draw_056",867,"2021-02-18","forecast","0.628446966727699"
"exdqlm_univar_synth","draw_056",867,"2021-02-19","forecast","0.429192975479948"
"exdqlm_univar_synth","draw_056",867,"2021-02-20","forecast","0.913218468066263"
"exdqlm_univar_synth","draw_057",882,"2021-01-24","forecast","0.427012123793597"
"exdqlm_univar_synth","draw_057",882,"2021-01-25","forecast","0.495705638778535"
"exdqlm_univar_synth","draw_057",882,"2021-01-26","forecast","0.279895583754862"
"exdqlm_univar_synth","draw_057",882,"2021-01-27","forecast","1.87759581437754"
"exdqlm_univar_synth","draw_057",882,"2021-01-28","forecast","2.57397820094143"
"exdqlm_univar_synth","draw_057",882,"2021-01-29","forecast","2.62501744926040"
"exdqlm_univar_synth","draw_057",882,"2021-01-30","forecast","1.44048410537759"
"exdqlm_univar_synth","draw_057",882,"2021-01-31","forecast","0.839313137503745"
"exdqlm_univar_synth","draw_057",882,"2021-02-01","forecast","0.419647890114784"
"exdqlm_univar_synth","draw_057",882,"2021-02-02","forecast","1.09511019714027"
"exdqlm_univar_synth","draw_057",882,"2021-02-03","forecast","0.766721176744320"
"exdqlm_univar_synth","draw_057",882,"2021-02-04","forecast","0.676519030784515"
"exdqlm_univar_synth","draw_057",882,"2021-02-05","forecast","0.560476483069612"
"exdqlm_univar_synth","draw_057",882,"2021-02-06","forecast","0.356921975445297"
"exdqlm_univar_synth","draw_057",882,"2021-02-07","forecast","0.543580685053473"
"exdqlm_univar_synth","draw_057",882,"2021-02-08","forecast","0.604491677621525"
"exdqlm_univar_synth","draw_057",882,"2021-02-09","forecast","0.546472466770893"
"exdqlm_univar_synth","draw_057",882,"2021-02-10","forecast","1.39917162688072"
"exdqlm_univar_synth","draw_057",882,"2021-02-11","forecast","0.637648545542363"
"exdqlm_univar_synth","draw_057",882,"2021-02-12","forecast","0.461199441974032"
"exdqlm_univar_synth","draw_057",882,"2021-02-13","forecast","0.778463330658346"
"exdqlm_univar_synth","draw_057",882,"2021-02-14","forecast","1.08240036203102"
"exdqlm_univar_synth","draw_057",882,"2021-02-15","forecast","0.825481435449350"
"exdqlm_univar_synth","draw_057",882,"2021-02-16","forecast","0.772779294670401"
"exdqlm_univar_synth","draw_057",882,"2021-02-17","forecast","0.716723892098063"
"exdqlm_univar_synth","draw_057",882,"2021-02-18","forecast","0.685762965999639"
"exdqlm_univar_synth","draw_057",882,"2021-02-19","forecast","0.563040083223501"
"exdqlm_univar_synth","draw_057",882,"2021-02-20","forecast","0.443353644371216"
"exdqlm_univar_synth","draw_058",898,"2021-01-24","forecast","0.181793781426237"
"exdqlm_univar_synth","draw_058",898,"2021-01-25","forecast","0.393420800399311"
"exdqlm_univar_synth","draw_058",898,"2021-01-26","forecast","0.569557475268971"
"exdqlm_univar_synth","draw_058",898,"2021-01-27","forecast","2.60839251959116"
"exdqlm_univar_synth","draw_058",898,"2021-01-28","forecast","3.15429348678449"
"exdqlm_univar_synth","draw_058",898,"2021-01-29","forecast","3.21389987839601"
"exdqlm_univar_synth","draw_058",898,"2021-01-30","forecast","1.25443043101438"
"exdqlm_univar_synth","draw_058",898,"2021-01-31","forecast","0.829290636489823"
"exdqlm_univar_synth","draw_058",898,"2021-02-01","forecast","0.382578203849122"
"exdqlm_univar_synth","draw_058",898,"2021-02-02","forecast","1.09016821852953"
"exdqlm_univar_synth","draw_058",898,"2021-02-03","forecast","0.757276407945288"
"exdqlm_univar_synth","draw_058",898,"2021-02-04","forecast","0.721902272524174"
"exdqlm_univar_synth","draw_058",898,"2021-02-05","forecast","0.559400649992985"
"exdqlm_univar_synth","draw_058",898,"2021-02-06","forecast","0.228974040482420"
"exdqlm_univar_synth","draw_058",898,"2021-02-07","forecast","0.375831117417547"
"exdqlm_univar_synth","draw_058",898,"2021-02-08","forecast","0.414329303381203"
"exdqlm_univar_synth","draw_058",898,"2021-02-09","forecast","0.536702265964353"
"exdqlm_univar_synth","draw_058",898,"2021-02-10","forecast","1.40663675093182"
"exdqlm_univar_synth","draw_058",898,"2021-02-11","forecast","0.858865532821342"
"exdqlm_univar_synth","draw_058",898,"2021-02-12","forecast","0.893981248452753"
"exdqlm_univar_synth","draw_058",898,"2021-02-13","forecast","0.483140503198722"
"exdqlm_univar_synth","draw_058",898,"2021-02-14","forecast","0.0794171896071117"
"exdqlm_univar_synth","draw_058",898,"2021-02-15","forecast","0.646050815678921"
"exdqlm_univar_synth","draw_058",898,"2021-02-16","forecast","1.08561418646456"
"exdqlm_univar_synth","draw_058",898,"2021-02-17","forecast","0.716154019148351"
"exdqlm_univar_synth","draw_058",898,"2021-02-18","forecast","0.679133428133128"
"exdqlm_univar_synth","draw_058",898,"2021-02-19","forecast","0.184834609301318"
"exdqlm_univar_synth","draw_058",898,"2021-02-20","forecast","0.705218269851085"
"exdqlm_univar_synth","draw_059",914,"2021-01-24","forecast","0.189836926967890"
"exdqlm_univar_synth","draw_059",914,"2021-01-25","forecast","0.654998763124786"
"exdqlm_univar_synth","draw_059",914,"2021-01-26","forecast","0.446964332954291"
"exdqlm_univar_synth","draw_059",914,"2021-01-27","forecast","2.66415289534869"
"exdqlm_univar_synth","draw_059",914,"2021-01-28","forecast","3.09191580933477"
"exdqlm_univar_synth","draw_059",914,"2021-01-29","forecast","3.81026319899016"
"exdqlm_univar_synth","draw_059",914,"2021-01-30","forecast","1.47116784601780"
"exdqlm_univar_synth","draw_059",914,"2021-01-31","forecast","0.514574965607975"
"exdqlm_univar_synth","draw_059",914,"2021-02-01","forecast","0.421339082141866"
"exdqlm_univar_synth","draw_059",914,"2021-02-02","forecast","1.13364590755825"
"exdqlm_univar_synth","draw_059",914,"2021-02-03","forecast","0.826674907845127"
"exdqlm_univar_synth","draw_059",914,"2021-02-04","forecast","0.724111145116390"
"exdqlm_univar_synth","draw_059",914,"2021-02-05","forecast","0.559822384763648"
"exdqlm_univar_synth","draw_059",914,"2021-02-06","forecast","0.455643138003655"
"exdqlm_univar_synth","draw_059",914,"2021-02-07","forecast","0.591649487939960"
"exdqlm_univar_synth","draw_059",914,"2021-02-08","forecast","0.585896604203527"
"exdqlm_univar_synth","draw_059",914,"2021-02-09","forecast","0.545240399941180"
"exdqlm_univar_synth","draw_059",914,"2021-02-10","forecast","1.50637476228123"
"exdqlm_univar_synth","draw_059",914,"2021-02-11","forecast","0.845983313157244"
"exdqlm_univar_synth","draw_059",914,"2021-02-12","forecast","0.881931928195540"
"exdqlm_univar_synth","draw_059",914,"2021-02-13","forecast","0.703039327421165"
"exdqlm_univar_synth","draw_059",914,"2021-02-14","forecast","1.15140238112087"
"exdqlm_univar_synth","draw_059",914,"2021-02-15","forecast","0.604309910119003"
"exdqlm_univar_synth","draw_059",914,"2021-02-16","forecast","0.619498439385255"
"exdqlm_univar_synth","draw_059",914,"2021-02-17","forecast","0.251232263339224"
"exdqlm_univar_synth","draw_059",914,"2021-02-18","forecast","0.687791835841951"
"exdqlm_univar_synth","draw_059",914,"2021-02-19","forecast","0.580565857903188"
"exdqlm_univar_synth","draw_059",914,"2021-02-20","forecast","0.494740080369631"
"exdqlm_univar_synth","draw_060",930,"2021-01-24","forecast","0.377513765786321"
"exdqlm_univar_synth","draw_060",930,"2021-01-25","forecast","0.551416112332198"
"exdqlm_univar_synth","draw_060",930,"2021-01-26","forecast","0.308160978674773"
"exdqlm_univar_synth","draw_060",930,"2021-01-27","forecast","2.65670204154113"
"exdqlm_univar_synth","draw_060",930,"2021-01-28","forecast","2.90589835453411"
"exdqlm_univar_synth","draw_060",930,"2021-01-29","forecast","2.48142966554817"
"exdqlm_univar_synth","draw_060",930,"2021-01-30","forecast","1.46907937263468"
"exdqlm_univar_synth","draw_060",930,"2021-01-31","forecast","0.822578598646220"
"exdqlm_univar_synth","draw_060",930,"2021-02-01","forecast","0.551767095899972"
"exdqlm_univar_synth","draw_060",930,"2021-02-02","forecast","1.14850484360840"
"exdqlm_univar_synth","draw_060",930,"2021-02-03","forecast","0.704337987563890"
"exdqlm_univar_synth","draw_060",930,"2021-02-04","forecast","0.861801509814756"
"exdqlm_univar_synth","draw_060",930,"2021-02-05","forecast","0.307906823722569"
"exdqlm_univar_synth","draw_060",930,"2021-02-06","forecast","0.320612524017449"
"exdqlm_univar_synth","draw_060",930,"2021-02-07","forecast","0.588797206841678"
"exdqlm_univar_synth","draw_060",930,"2021-02-08","forecast","0.832287846338164"
"exdqlm_univar_synth","draw_060",930,"2021-02-09","forecast","0.546463209305054"
"exdqlm_univar_synth","draw_060",930,"2021-02-10","forecast","1.39883957923463"
"exdqlm_univar_synth","draw_060",930,"2021-02-11","forecast","0.877053327338885"
"exdqlm_univar_synth","draw_060",930,"2021-02-12","forecast","0.883281145170517"
"exdqlm_univar_synth","draw_060",930,"2021-02-13","forecast","0.737013496169460"
"exdqlm_univar_synth","draw_060",930,"2021-02-14","forecast","1.10648949787163"
"exdqlm_univar_synth","draw_060",930,"2021-02-15","forecast","0.363219613791983"
"exdqlm_univar_synth","draw_060",930,"2021-02-16","forecast","0.555405239689517"
"exdqlm_univar_synth","draw_060",930,"2021-02-17","forecast","0.716960556945276"
"exdqlm_univar_synth","draw_060",930,"2021-02-18","forecast","0.687437287084544"
"exdqlm_univar_synth","draw_060",930,"2021-02-19","forecast","0.542788424982386"
"exdqlm_univar_synth","draw_060",930,"2021-02-20","forecast","0.634220307674035"
"exdqlm_univar_synth","draw_061",945,"2021-01-24","forecast","0.495712526823731"
"exdqlm_univar_synth","draw_061",945,"2021-01-25","forecast","0.413954042497825"
"exdqlm_univar_synth","draw_061",945,"2021-01-26","forecast","0.537368934772990"
"exdqlm_univar_synth","draw_061",945,"2021-01-27","forecast","2.98509987770580"
"exdqlm_univar_synth","draw_061",945,"2021-01-28","forecast","2.48797507989303"
"exdqlm_univar_synth","draw_061",945,"2021-01-29","forecast","3.19962958820110"
"exdqlm_univar_synth","draw_061",945,"2021-01-30","forecast","1.44398194617349"
"exdqlm_univar_synth","draw_061",945,"2021-01-31","forecast","0.670296042401117"
"exdqlm_univar_synth","draw_061",945,"2021-02-01","forecast","0.388755810398114"
"exdqlm_univar_synth","draw_061",945,"2021-02-02","forecast","1.09119185166713"
"exdqlm_univar_synth","draw_061",945,"2021-02-03","forecast","0.818603338329441"
"exdqlm_univar_synth","draw_061",945,"2021-02-04","forecast","0.723085700917627"
"exdqlm_univar_synth","draw_061",945,"2021-02-05","forecast","0.560096042144497"
"exdqlm_univar_synth","draw_061",945,"2021-02-06","forecast","0.508929847079914"
"exdqlm_univar_synth","draw_061",945,"2021-02-07","forecast","0.557043399009899"
"exdqlm_univar_synth","draw_061",945,"2021-02-08","forecast","0.604316675567673"
"exdqlm_univar_synth","draw_061",945,"2021-02-09","forecast","0.548295671567289"
"exdqlm_univar_synth","draw_061",945,"2021-02-10","forecast","0.820850171247881"
"exdqlm_univar_synth","draw_061",945,"2021-02-11","forecast","0.846920827797835"
"exdqlm_univar_synth","draw_061",945,"2021-02-12","forecast","0.353990200501781"
"exdqlm_univar_synth","draw_061",945,"2021-02-13","forecast","0.563859022434982"
"exdqlm_univar_synth","draw_061",945,"2021-02-14","forecast","1.07374893142772"
"exdqlm_univar_synth","draw_061",945,"2021-02-15","forecast","0.536302151273464"
"exdqlm_univar_synth","draw_061",945,"2021-02-16","forecast","1.08747294530240"
"exdqlm_univar_synth","draw_061",945,"2021-02-17","forecast","0.326534300806420"
"exdqlm_univar_synth","draw_061",945,"2021-02-18","forecast","0.473723375551862"
"exdqlm_univar_synth","draw_061",945,"2021-02-19","forecast","0.584481411254443"
"exdqlm_univar_synth","draw_061",945,"2021-02-20","forecast","0.749814335190822"
"exdqlm_univar_synth","draw_062",961,"2021-01-24","forecast","0.327074864416100"
"exdqlm_univar_synth","draw_062",961,"2021-01-25","forecast","0.790673988569774"
"exdqlm_univar_synth","draw_062",961,"2021-01-26","forecast","0.570403182143309"
"exdqlm_univar_synth","draw_062",961,"2021-01-27","forecast","2.83196112467348"
"exdqlm_univar_synth","draw_062",961,"2021-01-28","forecast","2.92386732575043"
"exdqlm_univar_synth","draw_062",961,"2021-01-29","forecast","3.80334099277654"
"exdqlm_univar_synth","draw_062",961,"2021-01-30","forecast","1.43804515708098"
"exdqlm_univar_synth","draw_062",961,"2021-01-31","forecast","0.837824851090942"
"exdqlm_univar_synth","draw_062",961,"2021-02-01","forecast","0.419038111589137"
"exdqlm_univar_synth","draw_062",961,"2021-02-02","forecast","1.16580863829923"
"exdqlm_univar_synth","draw_062",961,"2021-02-03","forecast","0.819555620853705"
"exdqlm_univar_synth","draw_062",961,"2021-02-04","forecast","0.587291957117448"
"exdqlm_univar_synth","draw_062",961,"2021-02-05","forecast","0.563282014167304"
"exdqlm_univar_synth","draw_062",961,"2021-02-06","forecast","0.189664132365415"
"exdqlm_univar_synth","draw_062",961,"2021-02-07","forecast","0.575974409773999"
"exdqlm_univar_synth","draw_062",961,"2021-02-08","forecast","0.641848999421069"
"exdqlm_univar_synth","draw_062",961,"2021-02-09","forecast","0.465633207317884"
"exdqlm_univar_synth","draw_062",961,"2021-02-10","forecast","1.47317609703188"
"exdqlm_univar_synth","draw_062",961,"2021-02-11","forecast","0.715417784918864"
"exdqlm_univar_synth","draw_062",961,"2021-02-12","forecast","0.736323604984490"
"exdqlm_univar_synth","draw_062",961,"2021-02-13","forecast","0.438109605355783"
"exdqlm_univar_synth","draw_062",961,"2021-02-14","forecast","1.10904364371036"
"exdqlm_univar_synth","draw_062",961,"2021-02-15","forecast","0.825216361598613"
"exdqlm_univar_synth","draw_062",961,"2021-02-16","forecast","0.657283546586745"
"exdqlm_univar_synth","draw_062",961,"2021-02-17","forecast","0.712889238880630"
"exdqlm_univar_synth","draw_062",961,"2021-02-18","forecast","0.590197233547646"
"exdqlm_univar_synth","draw_062",961,"2021-02-19","forecast","0.361748807457289"
"exdqlm_univar_synth","draw_062",961,"2021-02-20","forecast","0.912265351936765"
"exdqlm_univar_synth","draw_063",977,"2021-01-24","forecast","0.394302748609443"
"exdqlm_univar_synth","draw_063",977,"2021-01-25","forecast","0.754444670775067"
"exdqlm_univar_synth","draw_063",977,"2021-01-26","forecast","0.717582381102582"
"exdqlm_univar_synth","draw_063",977,"2021-01-27","forecast","2.39684567867986"
"exdqlm_univar_synth","draw_063",977,"2021-01-28","forecast","2.71060968474703"
"exdqlm_univar_synth","draw_063",977,"2021-01-29","forecast","3.20133612707493"
"exdqlm_univar_synth","draw_063",977,"2021-01-30","forecast","1.10403996309500"
"exdqlm_univar_synth","draw_063",977,"2021-01-31","forecast","0.837196641190888"
"exdqlm_univar_synth","draw_063",977,"2021-02-01","forecast","0.420974396866911"
"exdqlm_univar_synth","draw_063",977,"2021-02-02","forecast","0.814733484846867"
"exdqlm_univar_synth","draw_063",977,"2021-02-03","forecast","0.909456179823251"
"exdqlm_univar_synth","draw_063",977,"2021-02-04","forecast","0.307880899427395"
"exdqlm_univar_synth","draw_063",977,"2021-02-05","forecast","0.648952228098470"
"exdqlm_univar_synth","draw_063",977,"2021-02-06","forecast","0.513907169408027"
"exdqlm_univar_synth","draw_063",977,"2021-02-07","forecast","0.347523833968325"
"exdqlm_univar_synth","draw_063",977,"2021-02-08","forecast","0.643119254820867"
"exdqlm_univar_synth","draw_063",977,"2021-02-09","forecast","0.327681617981192"
"exdqlm_univar_synth","draw_063",977,"2021-02-10","forecast","0.843830160415311"
"exdqlm_univar_synth","draw_063",977,"2021-02-11","forecast","0.877672380085057"
"exdqlm_univar_synth","draw_063",977,"2021-02-12","forecast","0.847838445703964"
"exdqlm_univar_synth","draw_063",977,"2021-02-13","forecast","0.723523212766360"
"exdqlm_univar_synth","draw_063",977,"2021-02-14","forecast","1.15015619342036"
"exdqlm_univar_synth","draw_063",977,"2021-02-15","forecast","0.841418112421877"
"exdqlm_univar_synth","draw_063",977,"2021-02-16","forecast","1.08694148322230"
"exdqlm_univar_synth","draw_063",977,"2021-02-17","forecast","0.710449355454856"
"exdqlm_univar_synth","draw_063",977,"2021-02-18","forecast","0.427960273732904"
"exdqlm_univar_synth","draw_063",977,"2021-02-19","forecast","0.586437602584037"
"exdqlm_univar_synth","draw_063",977,"2021-02-20","forecast","0.688482163122537"
"exdqlm_univar_synth","draw_064",993,"2021-01-24","forecast","0.490258824872263"
"exdqlm_univar_synth","draw_064",993,"2021-01-25","forecast","0.397893995741985"
"exdqlm_univar_synth","draw_064",993,"2021-01-26","forecast","0.611200034814329"
"exdqlm_univar_synth","draw_064",993,"2021-01-27","forecast","3.30809513475373"
"exdqlm_univar_synth","draw_064",993,"2021-01-28","forecast","3.50983252259156"
"exdqlm_univar_synth","draw_064",993,"2021-01-29","forecast","3.39743077202607"
"exdqlm_univar_synth","draw_064",993,"2021-01-30","forecast","1.44345002661778"
"exdqlm_univar_synth","draw_064",993,"2021-01-31","forecast","0.866839810846245"
"exdqlm_univar_synth","draw_064",993,"2021-02-01","forecast","0.200711318501406"
"exdqlm_univar_synth","draw_064",993,"2021-02-02","forecast","0.801019716550513"
"exdqlm_univar_synth","draw_064",993,"2021-02-03","forecast","0.625220549387000"
"exdqlm_univar_synth","draw_064",993,"2021-02-04","forecast","0.365105875813148"
"exdqlm_univar_synth","draw_064",993,"2021-02-05","forecast","0.560716075375588"
"exdqlm_univar_synth","draw_064",993,"2021-02-06","forecast","0.311483333096713"
"exdqlm_univar_synth","draw_064",993,"2021-02-07","forecast","0.557061299387570"
"exdqlm_univar_synth","draw_064",993,"2021-02-08","forecast","0.241728538980145"
"exdqlm_univar_synth","draw_064",993,"2021-02-09","forecast","0.335410917091959"
"exdqlm_univar_synth","draw_064",993,"2021-02-10","forecast","1.06184600214224"
"exdqlm_univar_synth","draw_064",993,"2021-02-11","forecast","0.844470310077094"
"exdqlm_univar_synth","draw_064",993,"2021-02-12","forecast","0.864293935195928"
"exdqlm_univar_synth","draw_064",993,"2021-02-13","forecast","0.730520759679099"
"exdqlm_univar_synth","draw_064",993,"2021-02-14","forecast","1.15059319790785"
"exdqlm_univar_synth","draw_064",993,"2021-02-15","forecast","0.997030454601477"
"exdqlm_univar_synth","draw_064",993,"2021-02-16","forecast","1.07134073573281"
"exdqlm_univar_synth","draw_064",993,"2021-02-17","forecast","0.710890510277954"
"exdqlm_univar_synth","draw_064",993,"2021-02-18","forecast","0.605541203378545"
"exdqlm_univar_synth","draw_064",993,"2021-02-19","forecast","0.544711452081175"
"exdqlm_univar_synth","draw_064",993,"2021-02-20","forecast","0.502383913273438"
"exdqlm_univar_synth","draw_065",1008,"2021-01-24","forecast","0.418740452837488"
"exdqlm_univar_synth","draw_065",1008,"2021-01-25","forecast","0.330619190235979"
"exdqlm_univar_synth","draw_065",1008,"2021-01-26","forecast","0.522646315343541"
"exdqlm_univar_synth","draw_065",1008,"2021-01-27","forecast","2.15231909988305"
"exdqlm_univar_synth","draw_065",1008,"2021-01-28","forecast","3.70101267561820"
"exdqlm_univar_synth","draw_065",1008,"2021-01-29","forecast","3.98600943278835"
"exdqlm_univar_synth","draw_065",1008,"2021-01-30","forecast","0.915440039513147"
"exdqlm_univar_synth","draw_065",1008,"2021-01-31","forecast","0.658193592262765"
"exdqlm_univar_synth","draw_065",1008,"2021-02-01","forecast","0.468302931724999"
"exdqlm_univar_synth","draw_065",1008,"2021-02-02","forecast","0.813484494181643"
"exdqlm_univar_synth","draw_065",1008,"2021-02-03","forecast","0.701653478784026"
"exdqlm_univar_synth","draw_065",1008,"2021-02-04","forecast","0.724176250151295"
"exdqlm_univar_synth","draw_065",1008,"2021-02-05","forecast","0.275840354019141"
"exdqlm_univar_synth","draw_065",1008,"2021-02-06","forecast","0.513524664327894"
"exdqlm_univar_synth","draw_065",1008,"2021-02-07","forecast","0.454468097575156"
"exdqlm_univar_synth","draw_065",1008,"2021-02-08","forecast","0.598562064426239"
"exdqlm_univar_synth","draw_065",1008,"2021-02-09","forecast","0.299318735214435"
"exdqlm_univar_synth","draw_065",1008,"2021-02-10","forecast","1.39823878780826"
"exdqlm_univar_synth","draw_065",1008,"2021-02-11","forecast","0.462343747609231"
"exdqlm_univar_synth","draw_065",1008,"2021-02-12","forecast","0.393465728852638"
"exdqlm_univar_synth","draw_065",1008,"2021-02-13","forecast","0.732386462724220"
"exdqlm_univar_synth","draw_065",1008,"2021-02-14","forecast","0.795719260238206"
"exdqlm_univar_synth","draw_065",1008,"2021-02-15","forecast","0.935508222918550"
"exdqlm_univar_synth","draw_065",1008,"2021-02-16","forecast","0.601860755466988"
"exdqlm_univar_synth","draw_065",1008,"2021-02-17","forecast","0.711796890448281"
"exdqlm_univar_synth","draw_065",1008,"2021-02-18","forecast","0.427432108004880"
"exdqlm_univar_synth","draw_065",1008,"2021-02-19","forecast","0.476737104800769"
"exdqlm_univar_synth","draw_065",1008,"2021-02-20","forecast","0.906400267806879"
"exdqlm_univar_synth","draw_066",1024,"2021-01-24","forecast","0.339166009978092"
"exdqlm_univar_synth","draw_066",1024,"2021-01-25","forecast","0.521918132429219"
"exdqlm_univar_synth","draw_066",1024,"2021-01-26","forecast","0.693453566579275"
"exdqlm_univar_synth","draw_066",1024,"2021-01-27","forecast","2.00197039155555"
"exdqlm_univar_synth","draw_066",1024,"2021-01-28","forecast","3.06479071139188"
"exdqlm_univar_synth","draw_066",1024,"2021-01-29","forecast","2.19421156287268"
"exdqlm_univar_synth","draw_066",1024,"2021-01-30","forecast","1.44299600676674"
"exdqlm_univar_synth","draw_066",1024,"2021-01-31","forecast","0.838248350261117"
"exdqlm_univar_synth","draw_066",1024,"2021-02-01","forecast","0.135887417990824"
"exdqlm_univar_synth","draw_066",1024,"2021-02-02","forecast","0.858049646104474"
"exdqlm_univar_synth","draw_066",1024,"2021-02-03","forecast","0.789844463887347"
"exdqlm_univar_synth","draw_066",1024,"2021-02-04","forecast","0.473926783893501"
"exdqlm_univar_synth","draw_066",1024,"2021-02-05","forecast","0.792354286150571"
"exdqlm_univar_synth","draw_066",1024,"2021-02-06","forecast","0.229326047096084"
"exdqlm_univar_synth","draw_066",1024,"2021-02-07","forecast","0.592005795929369"
"exdqlm_univar_synth","draw_066",1024,"2021-02-08","forecast","0.541642406039504"
"exdqlm_univar_synth","draw_066",1024,"2021-02-09","forecast","0.607393353416608"
"exdqlm_univar_synth","draw_066",1024,"2021-02-10","forecast","1.39924030961149"
"exdqlm_univar_synth","draw_066",1024,"2021-02-11","forecast","0.845036873458182"
"exdqlm_univar_synth","draw_066",1024,"2021-02-12","forecast","0.886176024117509"
"exdqlm_univar_synth","draw_066",1024,"2021-02-13","forecast","0.588877780840772"
"exdqlm_univar_synth","draw_066",1024,"2021-02-14","forecast","0.671860693057885"
"exdqlm_univar_synth","draw_066",1024,"2021-02-15","forecast","0.880871702047556"
"exdqlm_univar_synth","draw_066",1024,"2021-02-16","forecast","1.04221493542142"
"exdqlm_univar_synth","draw_066",1024,"2021-02-17","forecast","0.715554051057708"
"exdqlm_univar_synth","draw_066",1024,"2021-02-18","forecast","0.273341626831148"
"exdqlm_univar_synth","draw_066",1024,"2021-02-19","forecast","0.587090079935792"
"exdqlm_univar_synth","draw_066",1024,"2021-02-20","forecast","0.714634362521563"
"exdqlm_univar_synth","draw_067",1040,"2021-01-24","forecast","0.515737477033176"
"exdqlm_univar_synth","draw_067",1040,"2021-01-25","forecast","0.356236542428651"
"exdqlm_univar_synth","draw_067",1040,"2021-01-26","forecast","0.595898418017185"
"exdqlm_univar_synth","draw_067",1040,"2021-01-27","forecast","1.97272532692634"
"exdqlm_univar_synth","draw_067",1040,"2021-01-28","forecast","3.61479040738189"
"exdqlm_univar_synth","draw_067",1040,"2021-01-29","forecast","3.23224780199868"
"exdqlm_univar_synth","draw_067",1040,"2021-01-30","forecast","1.29301789470828"
"exdqlm_univar_synth","draw_067",1040,"2021-01-31","forecast","0.766435974424306"
"exdqlm_univar_synth","draw_067",1040,"2021-02-01","forecast","0.421691441721113"
"exdqlm_univar_synth","draw_067",1040,"2021-02-02","forecast","0.790296654802049"
"exdqlm_univar_synth","draw_067",1040,"2021-02-03","forecast","0.896141840799943"
"exdqlm_univar_synth","draw_067",1040,"2021-02-04","forecast","0.677565324298612"
"exdqlm_univar_synth","draw_067",1040,"2021-02-05","forecast","0.521618534460565"
"exdqlm_univar_synth","draw_067",1040,"2021-02-06","forecast","0.508894508824725"
"exdqlm_univar_synth","draw_067",1040,"2021-02-07","forecast","0.379886332725296"
"exdqlm_univar_synth","draw_067",1040,"2021-02-08","forecast","0.615638597820049"
"exdqlm_univar_synth","draw_067",1040,"2021-02-09","forecast","0.546849455993178"
"exdqlm_univar_synth","draw_067",1040,"2021-02-10","forecast","1.39660025729417"
"exdqlm_univar_synth","draw_067",1040,"2021-02-11","forecast","0.489398732593004"
"exdqlm_univar_synth","draw_067",1040,"2021-02-12","forecast","0.888902652498365"
"exdqlm_univar_synth","draw_067",1040,"2021-02-13","forecast","0.479674959391050"
"exdqlm_univar_synth","draw_067",1040,"2021-02-14","forecast","0.843554800910943"
"exdqlm_univar_synth","draw_067",1040,"2021-02-15","forecast","0.581655883751213"
"exdqlm_univar_synth","draw_067",1040,"2021-02-16","forecast","1.11607728849228"
"exdqlm_univar_synth","draw_067",1040,"2021-02-17","forecast","0.716005027933432"
"exdqlm_univar_synth","draw_067",1040,"2021-02-18","forecast","0.688176789501070"
"exdqlm_univar_synth","draw_067",1040,"2021-02-19","forecast","0.577379528208277"
"exdqlm_univar_synth","draw_067",1040,"2021-02-20","forecast","0.551636938029432"
"exdqlm_univar_synth","draw_068",1056,"2021-01-24","forecast","0.433854375594325"
"exdqlm_univar_synth","draw_068",1056,"2021-01-25","forecast","0.777510390547248"
"exdqlm_univar_synth","draw_068",1056,"2021-01-26","forecast","0.382789670756808"
"exdqlm_univar_synth","draw_068",1056,"2021-01-27","forecast","2.58610207505346"
"exdqlm_univar_synth","draw_068",1056,"2021-01-28","forecast","2.38377878998367"
"exdqlm_univar_synth","draw_068",1056,"2021-01-29","forecast","3.17878128028177"
"exdqlm_univar_synth","draw_068",1056,"2021-01-30","forecast","1.38977433616756"
"exdqlm_univar_synth","draw_068",1056,"2021-01-31","forecast","0.930625909806296"
"exdqlm_univar_synth","draw_068",1056,"2021-02-01","forecast","0.399398338780913"
"exdqlm_univar_synth","draw_068",1056,"2021-02-02","forecast","0.826763213674585"
"exdqlm_univar_synth","draw_068",1056,"2021-02-03","forecast","0.608429108011336"
"exdqlm_univar_synth","draw_068",1056,"2021-02-04","forecast","0.558799920625362"
"exdqlm_univar_synth","draw_068",1056,"2021-02-05","forecast","0.673927667882308"
"exdqlm_univar_synth","draw_068",1056,"2021-02-06","forecast","0.376135494041968"
"exdqlm_univar_synth","draw_068",1056,"2021-02-07","forecast","0.590399093653615"
"exdqlm_univar_synth","draw_068",1056,"2021-02-08","forecast","0.845489102352682"
"exdqlm_univar_synth","draw_068",1056,"2021-02-09","forecast","0.275739495098030"
"exdqlm_univar_synth","draw_068",1056,"2021-02-10","forecast","1.40484010635712"
"exdqlm_univar_synth","draw_068",1056,"2021-02-11","forecast","0.617689754955135"
"exdqlm_univar_synth","draw_068",1056,"2021-02-12","forecast","0.888984463891317"
"exdqlm_univar_synth","draw_068",1056,"2021-02-13","forecast","0.728814965052243"
"exdqlm_univar_synth","draw_068",1056,"2021-02-14","forecast","1.14922323191071"
"exdqlm_univar_synth","draw_068",1056,"2021-02-15","forecast","0.837498212069728"
"exdqlm_univar_synth","draw_068",1056,"2021-02-16","forecast","0.970141079868443"
"exdqlm_univar_synth","draw_068",1056,"2021-02-17","forecast","0.579580094862240"
"exdqlm_univar_synth","draw_068",1056,"2021-02-18","forecast","0.687252909667634"
"exdqlm_univar_synth","draw_068",1056,"2021-02-19","forecast","0.583745911249637"
"exdqlm_univar_synth","draw_068",1056,"2021-02-20","forecast","0.886183271078806"
"exdqlm_univar_synth","draw_069",1071,"2021-01-24","forecast","0.502316448003999"
"exdqlm_univar_synth","draw_069",1071,"2021-01-25","forecast","0.429482972364064"
"exdqlm_univar_synth","draw_069",1071,"2021-01-26","forecast","0.351846105390690"
"exdqlm_univar_synth","draw_069",1071,"2021-01-27","forecast","2.07645947092327"
"exdqlm_univar_synth","draw_069",1071,"2021-01-28","forecast","2.95539857115768"
"exdqlm_univar_synth","draw_069",1071,"2021-01-29","forecast","3.35264632668537"
"exdqlm_univar_synth","draw_069",1071,"2021-01-30","forecast","1.23641477639408"
"exdqlm_univar_synth","draw_069",1071,"2021-01-31","forecast","0.695478293609618"
"exdqlm_univar_synth","draw_069",1071,"2021-02-01","forecast","0.519577690600388"
"exdqlm_univar_synth","draw_069",1071,"2021-02-02","forecast","1.08848372842207"
"exdqlm_univar_synth","draw_069",1071,"2021-02-03","forecast","0.820086496278885"
"exdqlm_univar_synth","draw_069",1071,"2021-02-04","forecast","0.722893824077585"
"exdqlm_univar_synth","draw_069",1071,"2021-02-05","forecast","0.562002963407355"
"exdqlm_univar_synth","draw_069",1071,"2021-02-06","forecast","0.513045451766432"
"exdqlm_univar_synth","draw_069",1071,"2021-02-07","forecast","0.303618190096163"
"exdqlm_univar_synth","draw_069",1071,"2021-02-08","forecast","0.604733879630862"
"exdqlm_univar_synth","draw_069",1071,"2021-02-09","forecast","0.211798323716501"
"exdqlm_univar_synth","draw_069",1071,"2021-02-10","forecast","1.39872221366864"
"exdqlm_univar_synth","draw_069",1071,"2021-02-11","forecast","0.845763207147106"
"exdqlm_univar_synth","draw_069",1071,"2021-02-12","forecast","0.883410160283317"
"exdqlm_univar_synth","draw_069",1071,"2021-02-13","forecast","0.731258737694953"
"exdqlm_univar_synth","draw_069",1071,"2021-02-14","forecast","1.14979747633114"
"exdqlm_univar_synth","draw_069",1071,"2021-02-15","forecast","0.420235972515226"
"exdqlm_univar_synth","draw_069",1071,"2021-02-16","forecast","1.19172408100023"
"exdqlm_univar_synth","draw_069",1071,"2021-02-17","forecast","0.678651936448861"
"exdqlm_univar_synth","draw_069",1071,"2021-02-18","forecast","0.685950332452637"
"exdqlm_univar_synth","draw_069",1071,"2021-02-19","forecast","0.576457041138254"
"exdqlm_univar_synth","draw_069",1071,"2021-02-20","forecast","0.407476821751668"
"exdqlm_univar_synth","draw_070",1087,"2021-01-24","forecast","0.370386120966263"
"exdqlm_univar_synth","draw_070",1087,"2021-01-25","forecast","0.493675632734325"
"exdqlm_univar_synth","draw_070",1087,"2021-01-26","forecast","0.529247770993869"
"exdqlm_univar_synth","draw_070",1087,"2021-01-27","forecast","2.37932259660646"
"exdqlm_univar_synth","draw_070",1087,"2021-01-28","forecast","3.05336611757872"
"exdqlm_univar_synth","draw_070",1087,"2021-01-29","forecast","3.49953609736171"
"exdqlm_univar_synth","draw_070",1087,"2021-01-30","forecast","1.44172740132691"
"exdqlm_univar_synth","draw_070",1087,"2021-01-31","forecast","0.838985732842745"
"exdqlm_univar_synth","draw_070",1087,"2021-02-01","forecast","0.329085519905127"
"exdqlm_univar_synth","draw_070",1087,"2021-02-02","forecast","0.659736396106561"
"exdqlm_univar_synth","draw_070",1087,"2021-02-03","forecast","0.823158935148709"
"exdqlm_univar_synth","draw_070",1087,"2021-02-04","forecast","0.724050096528800"
"exdqlm_univar_synth","draw_070",1087,"2021-02-05","forecast","0.604781945572392"
"exdqlm_univar_synth","draw_070",1087,"2021-02-06","forecast","0.505694743190016"
"exdqlm_univar_synth","draw_070",1087,"2021-02-07","forecast","0.372819821102699"
"exdqlm_univar_synth","draw_070",1087,"2021-02-08","forecast","0.544085135136157"
"exdqlm_univar_synth","draw_070",1087,"2021-02-09","forecast","0.543505760373196"
"exdqlm_univar_synth","draw_070",1087,"2021-02-10","forecast","1.79091313138037"
"exdqlm_univar_synth","draw_070",1087,"2021-02-11","forecast","0.642025834309571"
"exdqlm_univar_synth","draw_070",1087,"2021-02-12","forecast","0.549664222834538"
"exdqlm_univar_synth","draw_070",1087,"2021-02-13","forecast","0.757549454376583"
"exdqlm_univar_synth","draw_070",1087,"2021-02-14","forecast","1.31210051155893"
"exdqlm_univar_synth","draw_070",1087,"2021-02-15","forecast","0.553959809434935"
"exdqlm_univar_synth","draw_070",1087,"2021-02-16","forecast","1.08444134411644"
"exdqlm_univar_synth","draw_070",1087,"2021-02-17","forecast","0.293073638214401"
"exdqlm_univar_synth","draw_070",1087,"2021-02-18","forecast","0.738391488262026"
"exdqlm_univar_synth","draw_070",1087,"2021-02-19","forecast","0.584733679283568"
"exdqlm_univar_synth","draw_070",1087,"2021-02-20","forecast","0.759191208329218"
"exdqlm_univar_synth","draw_071",1103,"2021-01-24","forecast","0.370151559806907"
"exdqlm_univar_synth","draw_071",1103,"2021-01-25","forecast","0.445602172775153"
"exdqlm_univar_synth","draw_071",1103,"2021-01-26","forecast","0.513421223001471"
"exdqlm_univar_synth","draw_071",1103,"2021-01-27","forecast","2.31460231207834"
"exdqlm_univar_synth","draw_071",1103,"2021-01-28","forecast","2.99348939561653"
"exdqlm_univar_synth","draw_071",1103,"2021-01-29","forecast","3.68610455600782"
"exdqlm_univar_synth","draw_071",1103,"2021-01-30","forecast","1.44185353861130"
"exdqlm_univar_synth","draw_071",1103,"2021-01-31","forecast","0.465168869440285"
"exdqlm_univar_synth","draw_071",1103,"2021-02-01","forecast","0.421649561586320"
"exdqlm_univar_synth","draw_071",1103,"2021-02-02","forecast","1.13713622882880"
"exdqlm_univar_synth","draw_071",1103,"2021-02-03","forecast","0.782649622519304"
"exdqlm_univar_synth","draw_071",1103,"2021-02-04","forecast","0.724898166144167"
"exdqlm_univar_synth","draw_071",1103,"2021-02-05","forecast","0.561521735530715"
"exdqlm_univar_synth","draw_071",1103,"2021-02-06","forecast","0.483504995860559"
"exdqlm_univar_synth","draw_071",1103,"2021-02-07","forecast","0.531685134249378"
"exdqlm_univar_synth","draw_071",1103,"2021-02-08","forecast","0.602011756652866"
"exdqlm_univar_synth","draw_071",1103,"2021-02-09","forecast","0.536699412913461"
"exdqlm_univar_synth","draw_071",1103,"2021-02-10","forecast","1.04877059533029"
"exdqlm_univar_synth","draw_071",1103,"2021-02-11","forecast","0.577875790459394"
"exdqlm_univar_synth","draw_071",1103,"2021-02-12","forecast","0.826441109228888"
"exdqlm_univar_synth","draw_071",1103,"2021-02-13","forecast","0.730434713520879"
"exdqlm_univar_synth","draw_071",1103,"2021-02-14","forecast","1.32967479859345"
"exdqlm_univar_synth","draw_071",1103,"2021-02-15","forecast","0.843544460785816"
"exdqlm_univar_synth","draw_071",1103,"2021-02-16","forecast","0.774876323098905"
"exdqlm_univar_synth","draw_071",1103,"2021-02-17","forecast","0.715094700589287"
"exdqlm_univar_synth","draw_071",1103,"2021-02-18","forecast","0.676030341307510"
"exdqlm_univar_synth","draw_071",1103,"2021-02-19","forecast","0.576411925210703"
"exdqlm_univar_synth","draw_071",1103,"2021-02-20","forecast","0.759039350786061"
"exdqlm_univar_synth","draw_072",1119,"2021-01-24","forecast","0.376725651361406"
"exdqlm_univar_synth","draw_072",1119,"2021-01-25","forecast","0.400089106248802"
"exdqlm_univar_synth","draw_072",1119,"2021-01-26","forecast","0.419359916318744"
"exdqlm_univar_synth","draw_072",1119,"2021-01-27","forecast","2.19818050088067"
"exdqlm_univar_synth","draw_072",1119,"2021-01-28","forecast","3.19970710389093"
"exdqlm_univar_synth","draw_072",1119,"2021-01-29","forecast","2.58230996650401"
"exdqlm_univar_synth","draw_072",1119,"2021-01-30","forecast","1.28152519980710"
"exdqlm_univar_synth","draw_072",1119,"2021-01-31","forecast","0.837395120615004"
"exdqlm_univar_synth","draw_072",1119,"2021-02-01","forecast","0.487684134020198"
"exdqlm_univar_synth","draw_072",1119,"2021-02-02","forecast","1.09011333431229"
"exdqlm_univar_synth","draw_072",1119,"2021-02-03","forecast","0.819579702582379"
"exdqlm_univar_synth","draw_072",1119,"2021-02-04","forecast","0.724684506559650"
"exdqlm_univar_synth","draw_072",1119,"2021-02-05","forecast","0.560526941507574"
"exdqlm_univar_synth","draw_072",1119,"2021-02-06","forecast","0.513061301678207"
"exdqlm_univar_synth","draw_072",1119,"2021-02-07","forecast","0.591624690804945"
"exdqlm_univar_synth","draw_072",1119,"2021-02-08","forecast","0.489858418551240"
"exdqlm_univar_synth","draw_072",1119,"2021-02-09","forecast","0.542742308584401"
"exdqlm_univar_synth","draw_072",1119,"2021-02-10","forecast","1.01705786968717"
"exdqlm_univar_synth","draw_072",1119,"2021-02-11","forecast","0.463886738748523"
"exdqlm_univar_synth","draw_072",1119,"2021-02-12","forecast","0.856161122651367"
"exdqlm_univar_synth","draw_072",1119,"2021-02-13","forecast","0.609440399705032"
"exdqlm_univar_synth","draw_072",1119,"2021-02-14","forecast","1.19878288615889"
"exdqlm_univar_synth","draw_072",1119,"2021-02-15","forecast","0.842918932157401"
"exdqlm_univar_synth","draw_072",1119,"2021-02-16","forecast","1.05267419588964"
"exdqlm_univar_synth","draw_072",1119,"2021-02-17","forecast","0.715079265696772"
"exdqlm_univar_synth","draw_072",1119,"2021-02-18","forecast","0.686461043343483"
"exdqlm_univar_synth","draw_072",1119,"2021-02-19","forecast","0.269436633451713"
"exdqlm_univar_synth","draw_072",1119,"2021-02-20","forecast","0.638275816047020"
"exdqlm_univar_synth","draw_073",1134,"2021-01-24","forecast","0.288368666167204"
"exdqlm_univar_synth","draw_073",1134,"2021-01-25","forecast","0.458927847310238"
"exdqlm_univar_synth","draw_073",1134,"2021-01-26","forecast","0.427157728734679"
"exdqlm_univar_synth","draw_073",1134,"2021-01-27","forecast","2.71971767889152"
"exdqlm_univar_synth","draw_073",1134,"2021-01-28","forecast","3.21810768715166"
"exdqlm_univar_synth","draw_073",1134,"2021-01-29","forecast","3.58850186856090"
"exdqlm_univar_synth","draw_073",1134,"2021-01-30","forecast","1.11490085441493"
"exdqlm_univar_synth","draw_073",1134,"2021-01-31","forecast","1.02995776349815"
"exdqlm_univar_synth","draw_073",1134,"2021-02-01","forecast","0.370246285981039"
"exdqlm_univar_synth","draw_073",1134,"2021-02-02","forecast","1.14569812292480"
"exdqlm_univar_synth","draw_073",1134,"2021-02-03","forecast","0.797259333162432"
"exdqlm_univar_synth","draw_073",1134,"2021-02-04","forecast","0.724485139895154"
"exdqlm_univar_synth","draw_073",1134,"2021-02-05","forecast","0.560714855587763"
"exdqlm_univar_synth","draw_073",1134,"2021-02-06","forecast","0.513220995599720"
"exdqlm_univar_synth","draw_073",1134,"2021-02-07","forecast","0.344407299894293"
"exdqlm_univar_synth","draw_073",1134,"2021-02-08","forecast","0.606739504516488"
"exdqlm_univar_synth","draw_073",1134,"2021-02-09","forecast","0.543152848290766"
"exdqlm_univar_synth","draw_073",1134,"2021-02-10","forecast","1.40790037405287"
"exdqlm_univar_synth","draw_073",1134,"2021-02-11","forecast","1.02023061954191"
"exdqlm_univar_synth","draw_073",1134,"2021-02-12","forecast","1.01988957454484"
"exdqlm_univar_synth","draw_073",1134,"2021-02-13","forecast","0.730116978178666"
"exdqlm_univar_synth","draw_073",1134,"2021-02-14","forecast","1.15085576588691"
"exdqlm_univar_synth","draw_073",1134,"2021-02-15","forecast","0.775879695711686"
"exdqlm_univar_synth","draw_073",1134,"2021-02-16","forecast","0.772966997037416"
"exdqlm_univar_synth","draw_073",1134,"2021-02-17","forecast","0.709832562183402"
"exdqlm_univar_synth","draw_073",1134,"2021-02-18","forecast","0.687322633473369"
"exdqlm_univar_synth","draw_073",1134,"2021-02-19","forecast","0.563529097902922"
"exdqlm_univar_synth","draw_073",1134,"2021-02-20","forecast","0.910872505230025"
"exdqlm_univar_synth","draw_074",1150,"2021-01-24","forecast","0.425682426069664"
"exdqlm_univar_synth","draw_074",1150,"2021-01-25","forecast","0.618047256695987"
"exdqlm_univar_synth","draw_074",1150,"2021-01-26","forecast","0.573115731035895"
"exdqlm_univar_synth","draw_074",1150,"2021-01-27","forecast","3.33222574567906"
"exdqlm_univar_synth","draw_074",1150,"2021-01-28","forecast","2.33360184816265"
"exdqlm_univar_synth","draw_074",1150,"2021-01-29","forecast","2.53090252812794"
"exdqlm_univar_synth","draw_074",1150,"2021-01-30","forecast","0.986316086229015"
"exdqlm_univar_synth","draw_074",1150,"2021-01-31","forecast","0.656146277150077"
"exdqlm_univar_synth","draw_074",1150,"2021-02-01","forecast","0.481027568798252"
"exdqlm_univar_synth","draw_074",1150,"2021-02-02","forecast","1.06127332913794"
"exdqlm_univar_synth","draw_074",1150,"2021-02-03","forecast","0.807386541638071"
"exdqlm_univar_synth","draw_074",1150,"2021-02-04","forecast","0.618850689995626"
"exdqlm_univar_synth","draw_074",1150,"2021-02-05","forecast","0.683765581526530"
"exdqlm_univar_synth","draw_074",1150,"2021-02-06","forecast","0.508583548612172"
"exdqlm_univar_synth","draw_074",1150,"2021-02-07","forecast","0.515952061406525"
"exdqlm_univar_synth","draw_074",1150,"2021-02-08","forecast","0.477495500556182"
"exdqlm_univar_synth","draw_074",1150,"2021-02-09","forecast","0.671648128376419"
"exdqlm_univar_synth","draw_074",1150,"2021-02-10","forecast","1.37875531131573"
"exdqlm_univar_synth","draw_074",1150,"2021-02-11","forecast","0.732923699820562"
"exdqlm_univar_synth","draw_074",1150,"2021-02-12","forecast","0.883869632035336"
"exdqlm_univar_synth","draw_074",1150,"2021-02-13","forecast","0.733782719025906"
"exdqlm_univar_synth","draw_074",1150,"2021-02-14","forecast","1.00482841138514"
"exdqlm_univar_synth","draw_074",1150,"2021-02-15","forecast","0.842386608374803"
"exdqlm_univar_synth","draw_074",1150,"2021-02-16","forecast","1.08526380965169"
"exdqlm_univar_synth","draw_074",1150,"2021-02-17","forecast","0.767238732448595"
"exdqlm_univar_synth","draw_074",1150,"2021-02-18","forecast","0.852891186045425"
"exdqlm_univar_synth","draw_074",1150,"2021-02-19","forecast","0.584042865522328"
"exdqlm_univar_synth","draw_074",1150,"2021-02-20","forecast","0.938094263178752"
"exdqlm_univar_synth","draw_075",1166,"2021-01-24","forecast","0.417007528313731"
"exdqlm_univar_synth","draw_075",1166,"2021-01-25","forecast","0.574460197789244"
"exdqlm_univar_synth","draw_075",1166,"2021-01-26","forecast","0.573238291562227"
"exdqlm_univar_synth","draw_075",1166,"2021-01-27","forecast","2.50095731657370"
"exdqlm_univar_synth","draw_075",1166,"2021-01-28","forecast","3.64613529052252"
"exdqlm_univar_synth","draw_075",1166,"2021-01-29","forecast","3.35940534925213"
"exdqlm_univar_synth","draw_075",1166,"2021-01-30","forecast","1.00140315717717"
"exdqlm_univar_synth","draw_075",1166,"2021-01-31","forecast","0.846410043853332"
"exdqlm_univar_synth","draw_075",1166,"2021-02-01","forecast","0.420470785635385"
"exdqlm_univar_synth","draw_075",1166,"2021-02-02","forecast","0.736034395126286"
"exdqlm_univar_synth","draw_075",1166,"2021-02-03","forecast","0.819830470820773"
"exdqlm_univar_synth","draw_075",1166,"2021-02-04","forecast","0.722833349030444"
"exdqlm_univar_synth","draw_075",1166,"2021-02-05","forecast","0.288977328836188"
"exdqlm_univar_synth","draw_075",1166,"2021-02-06","forecast","0.490116228805596"
"exdqlm_univar_synth","draw_075",1166,"2021-02-07","forecast","0.414643239729895"
"exdqlm_univar_synth","draw_075",1166,"2021-02-08","forecast","0.537399586145920"
"exdqlm_univar_synth","draw_075",1166,"2021-02-09","forecast","0.545651519117319"
"exdqlm_univar_synth","draw_075",1166,"2021-02-10","forecast","1.40694219852391"
"exdqlm_univar_synth","draw_075",1166,"2021-02-11","forecast","0.846091075172107"
"exdqlm_univar_synth","draw_075",1166,"2021-02-12","forecast","0.352878201849341"
"exdqlm_univar_synth","draw_075",1166,"2021-02-13","forecast","0.683100693403352"
"exdqlm_univar_synth","draw_075",1166,"2021-02-14","forecast","1.15051269573184"
"exdqlm_univar_synth","draw_075",1166,"2021-02-15","forecast","0.790995227038110"
"exdqlm_univar_synth","draw_075",1166,"2021-02-16","forecast","1.08661668371976"
"exdqlm_univar_synth","draw_075",1166,"2021-02-17","forecast","0.364902366038645"
"exdqlm_univar_synth","draw_075",1166,"2021-02-18","forecast","0.527955391386124"
"exdqlm_univar_synth","draw_075",1166,"2021-02-19","forecast","0.441582737493187"
"exdqlm_univar_synth","draw_075",1166,"2021-02-20","forecast","0.552088164634947"
"exdqlm_univar_synth","draw_076",1182,"2021-01-24","forecast","0.495799566596672"
"exdqlm_univar_synth","draw_076",1182,"2021-01-25","forecast","0.557030453527215"
"exdqlm_univar_synth","draw_076",1182,"2021-01-26","forecast","0.624898252349653"
"exdqlm_univar_synth","draw_076",1182,"2021-01-27","forecast","2.48747404918253"
"exdqlm_univar_synth","draw_076",1182,"2021-01-28","forecast","2.94736043110145"
"exdqlm_univar_synth","draw_076",1182,"2021-01-29","forecast","2.09437159877495"
"exdqlm_univar_synth","draw_076",1182,"2021-01-30","forecast","1.44180982370371"
"exdqlm_univar_synth","draw_076",1182,"2021-01-31","forecast","0.837624158492833"
"exdqlm_univar_synth","draw_076",1182,"2021-02-01","forecast","0.235493559522081"
"exdqlm_univar_synth","draw_076",1182,"2021-02-02","forecast","1.01454038861702"
"exdqlm_univar_synth","draw_076",1182,"2021-02-03","forecast","0.765822471492615"
"exdqlm_univar_synth","draw_076",1182,"2021-02-04","forecast","0.687232053164325"
"exdqlm_univar_synth","draw_076",1182,"2021-02-05","forecast","0.513590373296932"
"exdqlm_univar_synth","draw_076",1182,"2021-02-06","forecast","0.387261049629828"
"exdqlm_univar_synth","draw_076",1182,"2021-02-07","forecast","0.578189122383437"
"exdqlm_univar_synth","draw_076",1182,"2021-02-08","forecast","0.601913676140668"
"exdqlm_univar_synth","draw_076",1182,"2021-02-09","forecast","0.372614973258254"
"exdqlm_univar_synth","draw_076",1182,"2021-02-10","forecast","1.39886901734270"
"exdqlm_univar_synth","draw_076",1182,"2021-02-11","forecast","0.842860810240044"
"exdqlm_univar_synth","draw_076",1182,"2021-02-12","forecast","0.883140064931425"
"exdqlm_univar_synth","draw_076",1182,"2021-02-13","forecast","0.728770767258236"
"exdqlm_univar_synth","draw_076",1182,"2021-02-14","forecast","1.14737015700208"
"exdqlm_univar_synth","draw_076",1182,"2021-02-15","forecast","0.572133863044585"
"exdqlm_univar_synth","draw_076",1182,"2021-02-16","forecast","0.815659403326419"
"exdqlm_univar_synth","draw_076",1182,"2021-02-17","forecast","0.614564220557856"
"exdqlm_univar_synth","draw_076",1182,"2021-02-18","forecast","0.313133134209055"
"exdqlm_univar_synth","draw_076",1182,"2021-02-19","forecast","0.454617663538285"
"exdqlm_univar_synth","draw_076",1182,"2021-02-20","forecast","0.621559757622037"
"exdqlm_univar_synth","draw_077",1197,"2021-01-24","forecast","0.383130532278583"
"exdqlm_univar_synth","draw_077",1197,"2021-01-25","forecast","0.379488554801375"
"exdqlm_univar_synth","draw_077",1197,"2021-01-26","forecast","0.693668612371873"
"exdqlm_univar_synth","draw_077",1197,"2021-01-27","forecast","3.10641130850341"
"exdqlm_univar_synth","draw_077",1197,"2021-01-28","forecast","2.69889863434378"
"exdqlm_univar_synth","draw_077",1197,"2021-01-29","forecast","3.29878673414606"
"exdqlm_univar_synth","draw_077",1197,"2021-01-30","forecast","1.40246575763446"
"exdqlm_univar_synth","draw_077",1197,"2021-01-31","forecast","1.15599171504571"
"exdqlm_univar_synth","draw_077",1197,"2021-02-01","forecast","0.156218006995385"
"exdqlm_univar_synth","draw_077",1197,"2021-02-02","forecast","0.962703866178377"
"exdqlm_univar_synth","draw_077",1197,"2021-02-03","forecast","0.820317974512405"
"exdqlm_univar_synth","draw_077",1197,"2021-02-04","forecast","0.667836507098991"
"exdqlm_univar_synth","draw_077",1197,"2021-02-05","forecast","0.559751820020537"
"exdqlm_univar_synth","draw_077",1197,"2021-02-06","forecast","0.505579812941113"
"exdqlm_univar_synth","draw_077",1197,"2021-02-07","forecast","0.590882124876014"
"exdqlm_univar_synth","draw_077",1197,"2021-02-08","forecast","0.768583302977922"
"exdqlm_univar_synth","draw_077",1197,"2021-02-09","forecast","0.203581257999675"
"exdqlm_univar_synth","draw_077",1197,"2021-02-10","forecast","0.817743400473004"
"exdqlm_univar_synth","draw_077",1197,"2021-02-11","forecast","0.600582016266840"
"exdqlm_univar_synth","draw_077",1197,"2021-02-12","forecast","0.587658668123728"
"exdqlm_univar_synth","draw_077",1197,"2021-02-13","forecast","0.357500480724519"
"exdqlm_univar_synth","draw_077",1197,"2021-02-14","forecast","0.806461518159289"
"exdqlm_univar_synth","draw_077",1197,"2021-02-15","forecast","0.925665625099973"
"exdqlm_univar_synth","draw_077",1197,"2021-02-16","forecast","1.09453799323232"
"exdqlm_univar_synth","draw_077",1197,"2021-02-17","forecast","0.430415135030751"
"exdqlm_univar_synth","draw_077",1197,"2021-02-18","forecast","0.686863079994048"
"exdqlm_univar_synth","draw_077",1197,"2021-02-19","forecast","0.586639404495317"
"exdqlm_univar_synth","draw_077",1197,"2021-02-20","forecast","0.636805849255074"
"exdqlm_univar_synth","draw_078",1213,"2021-01-24","forecast","0.401505280110635"
"exdqlm_univar_synth","draw_078",1213,"2021-01-25","forecast","0.537821206430892"
"exdqlm_univar_synth","draw_078",1213,"2021-01-26","forecast","0.562687706912311"
"exdqlm_univar_synth","draw_078",1213,"2021-01-27","forecast","2.77477349812745"
"exdqlm_univar_synth","draw_078",1213,"2021-01-28","forecast","3.07366338797781"
"exdqlm_univar_synth","draw_078",1213,"2021-01-29","forecast","3.19736414321347"
"exdqlm_univar_synth","draw_078",1213,"2021-01-30","forecast","1.44439199426931"
"exdqlm_univar_synth","draw_078",1213,"2021-01-31","forecast","0.838304052685072"
"exdqlm_univar_synth","draw_078",1213,"2021-02-01","forecast","0.424400611311456"
"exdqlm_univar_synth","draw_078",1213,"2021-02-02","forecast","1.03322430208469"
"exdqlm_univar_synth","draw_078",1213,"2021-02-03","forecast","0.823127979518823"
"exdqlm_univar_synth","draw_078",1213,"2021-02-04","forecast","0.898653782360718"
"exdqlm_univar_synth","draw_078",1213,"2021-02-05","forecast","0.643821595011183"
"exdqlm_univar_synth","draw_078",1213,"2021-02-06","forecast","0.511431346678468"
"exdqlm_univar_synth","draw_078",1213,"2021-02-07","forecast","0.589232618291411"
"exdqlm_univar_synth","draw_078",1213,"2021-02-08","forecast","0.603439644670514"
"exdqlm_univar_synth","draw_078",1213,"2021-02-09","forecast","0.593274167774061"
"exdqlm_univar_synth","draw_078",1213,"2021-02-10","forecast","1.40389704984559"
"exdqlm_univar_synth","draw_078",1213,"2021-02-11","forecast","0.641068570926115"
"exdqlm_univar_synth","draw_078",1213,"2021-02-12","forecast","0.606605588867843"
"exdqlm_univar_synth","draw_078",1213,"2021-02-13","forecast","0.666718405941059"
"exdqlm_univar_synth","draw_078",1213,"2021-02-14","forecast","0.887684746285932"
"exdqlm_univar_synth","draw_078",1213,"2021-02-15","forecast","0.829600494528534"
"exdqlm_univar_synth","draw_078",1213,"2021-02-16","forecast","1.08713438768695"
"exdqlm_univar_synth","draw_078",1213,"2021-02-17","forecast","0.702470839405455"
"exdqlm_univar_synth","draw_078",1213,"2021-02-18","forecast","0.317495970242912"
"exdqlm_univar_synth","draw_078",1213,"2021-02-19","forecast","0.587265008805722"
"exdqlm_univar_synth","draw_078",1213,"2021-02-20","forecast","0.867027779014928"
"exdqlm_univar_synth","draw_079",1229,"2021-01-24","forecast","0.473645751671388"
"exdqlm_univar_synth","draw_079",1229,"2021-01-25","forecast","0.397947233368118"
"exdqlm_univar_synth","draw_079",1229,"2021-01-26","forecast","0.643388719847604"
"exdqlm_univar_synth","draw_079",1229,"2021-01-27","forecast","2.80896930313865"
"exdqlm_univar_synth","draw_079",1229,"2021-01-28","forecast","3.61791738370304"
"exdqlm_univar_synth","draw_079",1229,"2021-01-29","forecast","3.32513891375044"
"exdqlm_univar_synth","draw_079",1229,"2021-01-30","forecast","0.916541052743361"
"exdqlm_univar_synth","draw_079",1229,"2021-01-31","forecast","0.761471459924829"
"exdqlm_univar_synth","draw_079",1229,"2021-02-01","forecast","0.421189598116143"
"exdqlm_univar_synth","draw_079",1229,"2021-02-02","forecast","1.09498836213344"
"exdqlm_univar_synth","draw_079",1229,"2021-02-03","forecast","0.819368468785478"
"exdqlm_univar_synth","draw_079",1229,"2021-02-04","forecast","0.724197314188759"
"exdqlm_univar_synth","draw_079",1229,"2021-02-05","forecast","0.367705958271442"
"exdqlm_univar_synth","draw_079",1229,"2021-02-06","forecast","0.430816148311862"
"exdqlm_univar_synth","draw_079",1229,"2021-02-07","forecast","0.519821324616577"
"exdqlm_univar_synth","draw_079",1229,"2021-02-08","forecast","0.354252250546167"
"exdqlm_univar_synth","draw_079",1229,"2021-02-09","forecast","0.263880874483374"
"exdqlm_univar_synth","draw_079",1229,"2021-02-10","forecast","1.29071131821406"
"exdqlm_univar_synth","draw_079",1229,"2021-02-11","forecast","0.846920225725706"
"exdqlm_univar_synth","draw_079",1229,"2021-02-12","forecast","0.884529250246408"
"exdqlm_univar_synth","draw_079",1229,"2021-02-13","forecast","0.722997068330762"
"exdqlm_univar_synth","draw_079",1229,"2021-02-14","forecast","1.19506457876145"
"exdqlm_univar_synth","draw_079",1229,"2021-02-15","forecast","0.848176648583123"
"exdqlm_univar_synth","draw_079",1229,"2021-02-16","forecast","1.08698030432328"
"exdqlm_univar_synth","draw_079",1229,"2021-02-17","forecast","0.499306556358491"
"exdqlm_univar_synth","draw_079",1229,"2021-02-18","forecast","0.593017911905295"
"exdqlm_univar_synth","draw_079",1229,"2021-02-19","forecast","0.581543345241442"
"exdqlm_univar_synth","draw_079",1229,"2021-02-20","forecast","0.852261179331294"
"exdqlm_univar_synth","draw_080",1244,"2021-01-24","forecast","0.383388638848715"
"exdqlm_univar_synth","draw_080",1244,"2021-01-25","forecast","0.845464879321264"
"exdqlm_univar_synth","draw_080",1244,"2021-01-26","forecast","0.469597000624581"
"exdqlm_univar_synth","draw_080",1244,"2021-01-27","forecast","3.29256189470924"
"exdqlm_univar_synth","draw_080",1244,"2021-01-28","forecast","2.70777034836142"
"exdqlm_univar_synth","draw_080",1244,"2021-01-29","forecast","3.09572476346165"
"exdqlm_univar_synth","draw_080",1244,"2021-01-30","forecast","1.44290121653889"
"exdqlm_univar_synth","draw_080",1244,"2021-01-31","forecast","1.07331897002750"
"exdqlm_univar_synth","draw_080",1244,"2021-02-01","forecast","0.421169749005117"
"exdqlm_univar_synth","draw_080",1244,"2021-02-02","forecast","0.954727099297202"
"exdqlm_univar_synth","draw_080",1244,"2021-02-03","forecast","0.817539731731539"
"exdqlm_univar_synth","draw_080",1244,"2021-02-04","forecast","0.651939964342622"
"exdqlm_univar_synth","draw_080",1244,"2021-02-05","forecast","0.784838438567457"
"exdqlm_univar_synth","draw_080",1244,"2021-02-06","forecast","0.315710916420941"
"exdqlm_univar_synth","draw_080",1244,"2021-02-07","forecast","0.591701721847281"
"exdqlm_univar_synth","draw_080",1244,"2021-02-08","forecast","0.301765317181596"
"exdqlm_univar_synth","draw_080",1244,"2021-02-09","forecast","0.547794740081119"
"exdqlm_univar_synth","draw_080",1244,"2021-02-10","forecast","1.04901312832663"
"exdqlm_univar_synth","draw_080",1244,"2021-02-11","forecast","0.819333942876855"
"exdqlm_univar_synth","draw_080",1244,"2021-02-12","forecast","0.883114072589104"
"exdqlm_univar_synth","draw_080",1244,"2021-02-13","forecast","0.708329107107566"
"exdqlm_univar_synth","draw_080",1244,"2021-02-14","forecast","1.14959147594190"
"exdqlm_univar_synth","draw_080",1244,"2021-02-15","forecast","0.841645916325893"
"exdqlm_univar_synth","draw_080",1244,"2021-02-16","forecast","1.08546942634708"
"exdqlm_univar_synth","draw_080",1244,"2021-02-17","forecast","0.700569978698944"
"exdqlm_univar_synth","draw_080",1244,"2021-02-18","forecast","0.687574135856964"
"exdqlm_univar_synth","draw_080",1244,"2021-02-19","forecast","0.583504404747743"
"exdqlm_univar_synth","draw_080",1244,"2021-02-20","forecast","0.914556739733520"
"exdqlm_univar_synth","draw_081",1260,"2021-01-24","forecast","0.303526638393580"
"exdqlm_univar_synth","draw_081",1260,"2021-01-25","forecast","0.228589109510813"
"exdqlm_univar_synth","draw_081",1260,"2021-01-26","forecast","0.382324506566646"
"exdqlm_univar_synth","draw_081",1260,"2021-01-27","forecast","2.45463631033018"
"exdqlm_univar_synth","draw_081",1260,"2021-01-28","forecast","2.65493187079748"
"exdqlm_univar_synth","draw_081",1260,"2021-01-29","forecast","3.39115923810875"
"exdqlm_univar_synth","draw_081",1260,"2021-01-30","forecast","1.37611814216628"
"exdqlm_univar_synth","draw_081",1260,"2021-01-31","forecast","0.548315726974687"
"exdqlm_univar_synth","draw_081",1260,"2021-02-01","forecast","0.420609928200401"
"exdqlm_univar_synth","draw_081",1260,"2021-02-02","forecast","1.08821207235599"
"exdqlm_univar_synth","draw_081",1260,"2021-02-03","forecast","0.821941376173036"
"exdqlm_univar_synth","draw_081",1260,"2021-02-04","forecast","0.645204473347878"
"exdqlm_univar_synth","draw_081",1260,"2021-02-05","forecast","0.407211765386655"
"exdqlm_univar_synth","draw_081",1260,"2021-02-06","forecast","0.510955791063481"
"exdqlm_univar_synth","draw_081",1260,"2021-02-07","forecast","0.567276938109144"
"exdqlm_univar_synth","draw_081",1260,"2021-02-08","forecast","0.631840356056073"
"exdqlm_univar_synth","draw_081",1260,"2021-02-09","forecast","0.216899144763989"
"exdqlm_univar_synth","draw_081",1260,"2021-02-10","forecast","1.28112771639532"
"exdqlm_univar_synth","draw_081",1260,"2021-02-11","forecast","0.704747192751801"
"exdqlm_univar_synth","draw_081",1260,"2021-02-12","forecast","0.830382809427852"
"exdqlm_univar_synth","draw_081",1260,"2021-02-13","forecast","0.728261794200227"
"exdqlm_univar_synth","draw_081",1260,"2021-02-14","forecast","1.41355099428908"
"exdqlm_univar_synth","draw_081",1260,"2021-02-15","forecast","0.783086659786203"
"exdqlm_univar_synth","draw_081",1260,"2021-02-16","forecast","0.815127602146311"
"exdqlm_univar_synth","draw_081",1260,"2021-02-17","forecast","0.712700877396176"
"exdqlm_univar_synth","draw_081",1260,"2021-02-18","forecast","0.208240279818137"
"exdqlm_univar_synth","draw_081",1260,"2021-02-19","forecast","0.290723656240505"
"exdqlm_univar_synth","draw_081",1260,"2021-02-20","forecast","0.857220403262114"
"exdqlm_univar_synth","draw_082",1276,"2021-01-24","forecast","0.470744108052575"
"exdqlm_univar_synth","draw_082",1276,"2021-01-25","forecast","0.333416170222626"
"exdqlm_univar_synth","draw_082",1276,"2021-01-26","forecast","0.604845564122747"
"exdqlm_univar_synth","draw_082",1276,"2021-01-27","forecast","2.17449414635207"
"exdqlm_univar_synth","draw_082",1276,"2021-01-28","forecast","2.28240378631554"
"exdqlm_univar_synth","draw_082",1276,"2021-01-29","forecast","3.23486305164493"
"exdqlm_univar_synth","draw_082",1276,"2021-01-30","forecast","1.41470280145935"
"exdqlm_univar_synth","draw_082",1276,"2021-01-31","forecast","0.783751030363055"
"exdqlm_univar_synth","draw_082",1276,"2021-02-01","forecast","0.312554020400781"
"exdqlm_univar_synth","draw_082",1276,"2021-02-02","forecast","0.831390833681360"
"exdqlm_univar_synth","draw_082",1276,"2021-02-03","forecast","0.745447957040543"
"exdqlm_univar_synth","draw_082",1276,"2021-02-04","forecast","0.555445074983323"
"exdqlm_univar_synth","draw_082",1276,"2021-02-05","forecast","0.559802143233382"
"exdqlm_univar_synth","draw_082",1276,"2021-02-06","forecast","0.505278716894510"
"exdqlm_univar_synth","draw_082",1276,"2021-02-07","forecast","0.573564981150376"
"exdqlm_univar_synth","draw_082",1276,"2021-02-08","forecast","0.414535113030529"
"exdqlm_univar_synth","draw_082",1276,"2021-02-09","forecast","0.535380749329889"
"exdqlm_univar_synth","draw_082",1276,"2021-02-10","forecast","1.40799552432746"
"exdqlm_univar_synth","draw_082",1276,"2021-02-11","forecast","0.846857849207044"
"exdqlm_univar_synth","draw_082",1276,"2021-02-12","forecast","0.883289336823449"
"exdqlm_univar_synth","draw_082",1276,"2021-02-13","forecast","0.729836869956457"
"exdqlm_univar_synth","draw_082",1276,"2021-02-14","forecast","1.15153857641723"
"exdqlm_univar_synth","draw_082",1276,"2021-02-15","forecast","0.477456186261110"
"exdqlm_univar_synth","draw_082",1276,"2021-02-16","forecast","1.08706361333474"
"exdqlm_univar_synth","draw_082",1276,"2021-02-17","forecast","0.767405536756844"
"exdqlm_univar_synth","draw_082",1276,"2021-02-18","forecast","0.290290231139692"
"exdqlm_univar_synth","draw_082",1276,"2021-02-19","forecast","0.584458216141729"
"exdqlm_univar_synth","draw_082",1276,"2021-02-20","forecast","0.908179674275674"
"exdqlm_univar_synth","draw_083",1292,"2021-01-24","forecast","0.259982369750983"
"exdqlm_univar_synth","draw_083",1292,"2021-01-25","forecast","0.379398442528811"
"exdqlm_univar_synth","draw_083",1292,"2021-01-26","forecast","0.536015744052709"
"exdqlm_univar_synth","draw_083",1292,"2021-01-27","forecast","3.09082497991544"
"exdqlm_univar_synth","draw_083",1292,"2021-01-28","forecast","2.46932697547386"
"exdqlm_univar_synth","draw_083",1292,"2021-01-29","forecast","3.20034961276408"
"exdqlm_univar_synth","draw_083",1292,"2021-01-30","forecast","1.27329394296457"
"exdqlm_univar_synth","draw_083",1292,"2021-01-31","forecast","0.837169291974116"
"exdqlm_univar_synth","draw_083",1292,"2021-02-01","forecast","0.476437668017370"
"exdqlm_univar_synth","draw_083",1292,"2021-02-02","forecast","1.08809016903686"
"exdqlm_univar_synth","draw_083",1292,"2021-02-03","forecast","0.818042058592600"
"exdqlm_univar_synth","draw_083",1292,"2021-02-04","forecast","0.736627226184790"
"exdqlm_univar_synth","draw_083",1292,"2021-02-05","forecast","0.542111640027261"
"exdqlm_univar_synth","draw_083",1292,"2021-02-06","forecast","0.286366095662511"
"exdqlm_univar_synth","draw_083",1292,"2021-02-07","forecast","0.578628038109152"
"exdqlm_univar_synth","draw_083",1292,"2021-02-08","forecast","0.728214341343962"
"exdqlm_univar_synth","draw_083",1292,"2021-02-09","forecast","0.545532905876757"
"exdqlm_univar_synth","draw_083",1292,"2021-02-10","forecast","1.60468996752756"
"exdqlm_univar_synth","draw_083",1292,"2021-02-11","forecast","0.844191918533304"
"exdqlm_univar_synth","draw_083",1292,"2021-02-12","forecast","0.788747602048226"
"exdqlm_univar_synth","draw_083",1292,"2021-02-13","forecast","0.728297335639851"
"exdqlm_univar_synth","draw_083",1292,"2021-02-14","forecast","1.14363374593354"
"exdqlm_univar_synth","draw_083",1292,"2021-02-15","forecast","0.338891701981914"
"exdqlm_univar_synth","draw_083",1292,"2021-02-16","forecast","1.08366795893621"
"exdqlm_univar_synth","draw_083",1292,"2021-02-17","forecast","0.711938875381296"
"exdqlm_univar_synth","draw_083",1292,"2021-02-18","forecast","0.442589570180479"
"exdqlm_univar_synth","draw_083",1292,"2021-02-19","forecast","0.580713188827212"
"exdqlm_univar_synth","draw_083",1292,"2021-02-20","forecast","0.911108095027903"
"exdqlm_univar_synth","draw_084",1307,"2021-01-24","forecast","0.585819184569090"
"exdqlm_univar_synth","draw_084",1307,"2021-01-25","forecast","0.485832387989151"
"exdqlm_univar_synth","draw_084",1307,"2021-01-26","forecast","0.711531424647839"
"exdqlm_univar_synth","draw_084",1307,"2021-01-27","forecast","1.99018220378200"
"exdqlm_univar_synth","draw_084",1307,"2021-01-28","forecast","3.18965170378990"
"exdqlm_univar_synth","draw_084",1307,"2021-01-29","forecast","2.54186552893082"
"exdqlm_univar_synth","draw_084",1307,"2021-01-30","forecast","1.03983562376873"
"exdqlm_univar_synth","draw_084",1307,"2021-01-31","forecast","1.02679612792943"
"exdqlm_univar_synth","draw_084",1307,"2021-02-01","forecast","0.420775724783716"
"exdqlm_univar_synth","draw_084",1307,"2021-02-02","forecast","0.661453148813315"
"exdqlm_univar_synth","draw_084",1307,"2021-02-03","forecast","0.484510471514475"
"exdqlm_univar_synth","draw_084",1307,"2021-02-04","forecast","0.724317563565823"
"exdqlm_univar_synth","draw_084",1307,"2021-02-05","forecast","0.271976515712622"
"exdqlm_univar_synth","draw_084",1307,"2021-02-06","forecast","0.567906177352190"
"exdqlm_univar_synth","draw_084",1307,"2021-02-07","forecast","0.593132450457838"
"exdqlm_univar_synth","draw_084",1307,"2021-02-08","forecast","0.782127442200455"
"exdqlm_univar_synth","draw_084",1307,"2021-02-09","forecast","0.288211989234817"
"exdqlm_univar_synth","draw_084",1307,"2021-02-10","forecast","1.34871791114625"
"exdqlm_univar_synth","draw_084",1307,"2021-02-11","forecast","0.851360159925349"
"exdqlm_univar_synth","draw_084",1307,"2021-02-12","forecast","0.883480994521758"
"exdqlm_univar_synth","draw_084",1307,"2021-02-13","forecast","0.731012730277082"
"exdqlm_univar_synth","draw_084",1307,"2021-02-14","forecast","1.14893347302155"
"exdqlm_univar_synth","draw_084",1307,"2021-02-15","forecast","0.824230141897354"
"exdqlm_univar_synth","draw_084",1307,"2021-02-16","forecast","0.673662157134649"
"exdqlm_univar_synth","draw_084",1307,"2021-02-17","forecast","0.716943560387612"
"exdqlm_univar_synth","draw_084",1307,"2021-02-18","forecast","0.201415009954252"
"exdqlm_univar_synth","draw_084",1307,"2021-02-19","forecast","0.264559866991696"
"exdqlm_univar_synth","draw_084",1307,"2021-02-20","forecast","0.629425789960410"
"exdqlm_univar_synth","draw_085",1323,"2021-01-24","forecast","0.291643711260753"
"exdqlm_univar_synth","draw_085",1323,"2021-01-25","forecast","0.491006605329226"
"exdqlm_univar_synth","draw_085",1323,"2021-01-26","forecast","0.564706634889588"
"exdqlm_univar_synth","draw_085",1323,"2021-01-27","forecast","1.93828138328265"
"exdqlm_univar_synth","draw_085",1323,"2021-01-28","forecast","3.15281864820111"
"exdqlm_univar_synth","draw_085",1323,"2021-01-29","forecast","3.34320277614362"
"exdqlm_univar_synth","draw_085",1323,"2021-01-30","forecast","1.44182325321454"
"exdqlm_univar_synth","draw_085",1323,"2021-01-31","forecast","0.837824806925815"
"exdqlm_univar_synth","draw_085",1323,"2021-02-01","forecast","0.259970275835450"
"exdqlm_univar_synth","draw_085",1323,"2021-02-02","forecast","1.16197535861329"
"exdqlm_univar_synth","draw_085",1323,"2021-02-03","forecast","0.821341388128578"
"exdqlm_univar_synth","draw_085",1323,"2021-02-04","forecast","0.722281232156682"
"exdqlm_univar_synth","draw_085",1323,"2021-02-05","forecast","0.563061570800811"
"exdqlm_univar_synth","draw_085",1323,"2021-02-06","forecast","0.514038896928547"
"exdqlm_univar_synth","draw_085",1323,"2021-02-07","forecast","0.546472178751241"
"exdqlm_univar_synth","draw_085",1323,"2021-02-08","forecast","0.359797231697651"
"exdqlm_univar_synth","draw_085",1323,"2021-02-09","forecast","0.546132611106117"
"exdqlm_univar_synth","draw_085",1323,"2021-02-10","forecast","0.640452921223836"
"exdqlm_univar_synth","draw_085",1323,"2021-02-11","forecast","0.846682999997542"
"exdqlm_univar_synth","draw_085",1323,"2021-02-12","forecast","0.884397633574249"
"exdqlm_univar_synth","draw_085",1323,"2021-02-13","forecast","0.153437312287758"
"exdqlm_univar_synth","draw_085",1323,"2021-02-14","forecast","0.832716299141482"
"exdqlm_univar_synth","draw_085",1323,"2021-02-15","forecast","0.389069674090601"
"exdqlm_univar_synth","draw_085",1323,"2021-02-16","forecast","0.519471478175809"
"exdqlm_univar_synth","draw_085",1323,"2021-02-17","forecast","0.716703484895233"
"exdqlm_univar_synth","draw_085",1323,"2021-02-18","forecast","0.710038745121176"
"exdqlm_univar_synth","draw_085",1323,"2021-02-19","forecast","0.185113733422411"
"exdqlm_univar_synth","draw_085",1323,"2021-02-20","forecast","0.914002950641498"
"exdqlm_univar_synth","draw_086",1339,"2021-01-24","forecast","0.497466873057507"
"exdqlm_univar_synth","draw_086",1339,"2021-01-25","forecast","0.423232546280813"
"exdqlm_univar_synth","draw_086",1339,"2021-01-26","forecast","0.718075653239423"
"exdqlm_univar_synth","draw_086",1339,"2021-01-27","forecast","2.60810911026183"
"exdqlm_univar_synth","draw_086",1339,"2021-01-28","forecast","3.68094726073471"
"exdqlm_univar_synth","draw_086",1339,"2021-01-29","forecast","2.64390809206214"
"exdqlm_univar_synth","draw_086",1339,"2021-01-30","forecast","1.50441881072634"
"exdqlm_univar_synth","draw_086",1339,"2021-01-31","forecast","0.566905431748099"
"exdqlm_univar_synth","draw_086",1339,"2021-02-01","forecast","0.281600594531107"
"exdqlm_univar_synth","draw_086",1339,"2021-02-02","forecast","1.08903920252802"
"exdqlm_univar_synth","draw_086",1339,"2021-02-03","forecast","0.618562985893167"
"exdqlm_univar_synth","draw_086",1339,"2021-02-04","forecast","0.722851145463408"
"exdqlm_univar_synth","draw_086",1339,"2021-02-05","forecast","0.412215580386813"
"exdqlm_univar_synth","draw_086",1339,"2021-02-06","forecast","0.285485877347775"
"exdqlm_univar_synth","draw_086",1339,"2021-02-07","forecast","0.593759133251587"
"exdqlm_univar_synth","draw_086",1339,"2021-02-08","forecast","0.418967208708105"
"exdqlm_univar_synth","draw_086",1339,"2021-02-09","forecast","0.356881417211238"
"exdqlm_univar_synth","draw_086",1339,"2021-02-10","forecast","0.882229363119340"
"exdqlm_univar_synth","draw_086",1339,"2021-02-11","forecast","0.847919498173223"
"exdqlm_univar_synth","draw_086",1339,"2021-02-12","forecast","0.883669350658932"
"exdqlm_univar_synth","draw_086",1339,"2021-02-13","forecast","0.395556271776610"
"exdqlm_univar_synth","draw_086",1339,"2021-02-14","forecast","0.666997000311872"
"exdqlm_univar_synth","draw_086",1339,"2021-02-15","forecast","0.401606318270979"
"exdqlm_univar_synth","draw_086",1339,"2021-02-16","forecast","1.08078898060349"
"exdqlm_univar_synth","draw_086",1339,"2021-02-17","forecast","0.618880708635124"
"exdqlm_univar_synth","draw_086",1339,"2021-02-18","forecast","0.285392735428789"
"exdqlm_univar_synth","draw_086",1339,"2021-02-19","forecast","0.337521630222835"
"exdqlm_univar_synth","draw_086",1339,"2021-02-20","forecast","0.910262978921499"
"exdqlm_univar_synth","draw_087",1355,"2021-01-24","forecast","0.225677507047241"
"exdqlm_univar_synth","draw_087",1355,"2021-01-25","forecast","0.556885404391447"
"exdqlm_univar_synth","draw_087",1355,"2021-01-26","forecast","0.549414093838557"
"exdqlm_univar_synth","draw_087",1355,"2021-01-27","forecast","1.84579121644747"
"exdqlm_univar_synth","draw_087",1355,"2021-01-28","forecast","3.02517784100543"
"exdqlm_univar_synth","draw_087",1355,"2021-01-29","forecast","3.43912550782943"
"exdqlm_univar_synth","draw_087",1355,"2021-01-30","forecast","1.53939284600350"
"exdqlm_univar_synth","draw_087",1355,"2021-01-31","forecast","1.14079873409668"
"exdqlm_univar_synth","draw_087",1355,"2021-02-01","forecast","0.497154841362476"
"exdqlm_univar_synth","draw_087",1355,"2021-02-02","forecast","0.691073895455747"
"exdqlm_univar_synth","draw_087",1355,"2021-02-03","forecast","0.803003330455587"
"exdqlm_univar_synth","draw_087",1355,"2021-02-04","forecast","0.736517273334684"
"exdqlm_univar_synth","draw_087",1355,"2021-02-05","forecast","0.536284982291897"
"exdqlm_univar_synth","draw_087",1355,"2021-02-06","forecast","0.513577725225185"
"exdqlm_univar_synth","draw_087",1355,"2021-02-07","forecast","0.581983588888665"
"exdqlm_univar_synth","draw_087",1355,"2021-02-08","forecast","0.445620257598528"
"exdqlm_univar_synth","draw_087",1355,"2021-02-09","forecast","0.535929055862544"
"exdqlm_univar_synth","draw_087",1355,"2021-02-10","forecast","1.39594224372568"
"exdqlm_univar_synth","draw_087",1355,"2021-02-11","forecast","0.886231947211868"
"exdqlm_univar_synth","draw_087",1355,"2021-02-12","forecast","0.885819406220539"
"exdqlm_univar_synth","draw_087",1355,"2021-02-13","forecast","0.747427755875803"
"exdqlm_univar_synth","draw_087",1355,"2021-02-14","forecast","1.11885357039838"
"exdqlm_univar_synth","draw_087",1355,"2021-02-15","forecast","0.752099563651560"
"exdqlm_univar_synth","draw_087",1355,"2021-02-16","forecast","0.505698332372010"
"exdqlm_univar_synth","draw_087",1355,"2021-02-17","forecast","0.716004214443072"
"exdqlm_univar_synth","draw_087",1355,"2021-02-18","forecast","0.356203179052794"
"exdqlm_univar_synth","draw_087",1355,"2021-02-19","forecast","0.615627127498121"
"exdqlm_univar_synth","draw_087",1355,"2021-02-20","forecast","0.816592437167349"
"exdqlm_univar_synth","draw_088",1370,"2021-01-24","forecast","0.372201288116852"
"exdqlm_univar_synth","draw_088",1370,"2021-01-25","forecast","0.628254411656612"
"exdqlm_univar_synth","draw_088",1370,"2021-01-26","forecast","0.666088574795740"
"exdqlm_univar_synth","draw_088",1370,"2021-01-27","forecast","1.87033968439918"
"exdqlm_univar_synth","draw_088",1370,"2021-01-28","forecast","2.44844636199560"
"exdqlm_univar_synth","draw_088",1370,"2021-01-29","forecast","3.83988556005246"
"exdqlm_univar_synth","draw_088",1370,"2021-01-30","forecast","1.44419221711406"
"exdqlm_univar_synth","draw_088",1370,"2021-01-31","forecast","0.677336775483884"
"exdqlm_univar_synth","draw_088",1370,"2021-02-01","forecast","0.397369680296476"
"exdqlm_univar_synth","draw_088",1370,"2021-02-02","forecast","1.14474095977468"
"exdqlm_univar_synth","draw_088",1370,"2021-02-03","forecast","0.810947599733160"
"exdqlm_univar_synth","draw_088",1370,"2021-02-04","forecast","0.733563778610414"
"exdqlm_univar_synth","draw_088",1370,"2021-02-05","forecast","0.504041546139275"
"exdqlm_univar_synth","draw_088",1370,"2021-02-06","forecast","0.324967216066119"
"exdqlm_univar_synth","draw_088",1370,"2021-02-07","forecast","0.591760590885293"
"exdqlm_univar_synth","draw_088",1370,"2021-02-08","forecast","0.301107291223467"
"exdqlm_univar_synth","draw_088",1370,"2021-02-09","forecast","0.545065476274174"
"exdqlm_univar_synth","draw_088",1370,"2021-02-10","forecast","1.22115945717985"
"exdqlm_univar_synth","draw_088",1370,"2021-02-11","forecast","0.517564386204746"
"exdqlm_univar_synth","draw_088",1370,"2021-02-12","forecast","0.885495999130919"
"exdqlm_univar_synth","draw_088",1370,"2021-02-13","forecast","0.878930022567469"
"exdqlm_univar_synth","draw_088",1370,"2021-02-14","forecast","1.15232078815406"
"exdqlm_univar_synth","draw_088",1370,"2021-02-15","forecast","0.840792564049829"
"exdqlm_univar_synth","draw_088",1370,"2021-02-16","forecast","1.06220025831503"
"exdqlm_univar_synth","draw_088",1370,"2021-02-17","forecast","0.563799697196808"
"exdqlm_univar_synth","draw_088",1370,"2021-02-18","forecast","0.685040314534419"
"exdqlm_univar_synth","draw_088",1370,"2021-02-19","forecast","0.585193759915598"
"exdqlm_univar_synth","draw_088",1370,"2021-02-20","forecast","0.909628865134951"
"exdqlm_univar_synth","draw_089",1386,"2021-01-24","forecast","0.410894976029410"
"exdqlm_univar_synth","draw_089",1386,"2021-01-25","forecast","0.500432059972089"
"exdqlm_univar_synth","draw_089",1386,"2021-01-26","forecast","0.570399820602009"
"exdqlm_univar_synth","draw_089",1386,"2021-01-27","forecast","2.38557158168025"
"exdqlm_univar_synth","draw_089",1386,"2021-01-28","forecast","2.61715590497217"
"exdqlm_univar_synth","draw_089",1386,"2021-01-29","forecast","2.96919322381856"
"exdqlm_univar_synth","draw_089",1386,"2021-01-30","forecast","1.44231827869134"
"exdqlm_univar_synth","draw_089",1386,"2021-01-31","forecast","0.607561931838016"
"exdqlm_univar_synth","draw_089",1386,"2021-02-01","forecast","0.391046593964596"
"exdqlm_univar_synth","draw_089",1386,"2021-02-02","forecast","1.09004604861151"
"exdqlm_univar_synth","draw_089",1386,"2021-02-03","forecast","0.842690945641816"
"exdqlm_univar_synth","draw_089",1386,"2021-02-04","forecast","0.722830619476902"
"exdqlm_univar_synth","draw_089",1386,"2021-02-05","forecast","0.381627188752821"
"exdqlm_univar_synth","draw_089",1386,"2021-02-06","forecast","0.512772247375178"
"exdqlm_univar_synth","draw_089",1386,"2021-02-07","forecast","0.577581775284454"
"exdqlm_univar_synth","draw_089",1386,"2021-02-08","forecast","0.415503752485941"
"exdqlm_univar_synth","draw_089",1386,"2021-02-09","forecast","0.546904899833977"
"exdqlm_univar_synth","draw_089",1386,"2021-02-10","forecast","1.52586604870779"
"exdqlm_univar_synth","draw_089",1386,"2021-02-11","forecast","0.924804375486074"
"exdqlm_univar_synth","draw_089",1386,"2021-02-12","forecast","0.882688812627761"
"exdqlm_univar_synth","draw_089",1386,"2021-02-13","forecast","0.425876790526361"
"exdqlm_univar_synth","draw_089",1386,"2021-02-14","forecast","1.13760053974660"
"exdqlm_univar_synth","draw_089",1386,"2021-02-15","forecast","0.354306028542198"
"exdqlm_univar_synth","draw_089",1386,"2021-02-16","forecast","1.12581207308225"
"exdqlm_univar_synth","draw_089",1386,"2021-02-17","forecast","0.717049370359361"
"exdqlm_univar_synth","draw_089",1386,"2021-02-18","forecast","0.709824453949400"
"exdqlm_univar_synth","draw_089",1386,"2021-02-19","forecast","0.584955068936688"
"exdqlm_univar_synth","draw_089",1386,"2021-02-20","forecast","0.629288716642297"
"exdqlm_univar_synth","draw_090",1402,"2021-01-24","forecast","0.253774817185244"
"exdqlm_univar_synth","draw_090",1402,"2021-01-25","forecast","0.308254930951051"
"exdqlm_univar_synth","draw_090",1402,"2021-01-26","forecast","0.478382875197116"
"exdqlm_univar_synth","draw_090",1402,"2021-01-27","forecast","3.10658623080863"
"exdqlm_univar_synth","draw_090",1402,"2021-01-28","forecast","2.72563246437008"
"exdqlm_univar_synth","draw_090",1402,"2021-01-29","forecast","3.88340786596544"
"exdqlm_univar_synth","draw_090",1402,"2021-01-30","forecast","1.34275426305210"
"exdqlm_univar_synth","draw_090",1402,"2021-01-31","forecast","0.896814385965501"
"exdqlm_univar_synth","draw_090",1402,"2021-02-01","forecast","0.217642052048627"
"exdqlm_univar_synth","draw_090",1402,"2021-02-02","forecast","0.780563336922468"
"exdqlm_univar_synth","draw_090",1402,"2021-02-03","forecast","0.803652493092827"
"exdqlm_univar_synth","draw_090",1402,"2021-02-04","forecast","0.464563546904082"
"exdqlm_univar_synth","draw_090",1402,"2021-02-05","forecast","0.560443365909920"
"exdqlm_univar_synth","draw_090",1402,"2021-02-06","forecast","0.425102105586883"
"exdqlm_univar_synth","draw_090",1402,"2021-02-07","forecast","0.588885931563632"
"exdqlm_univar_synth","draw_090",1402,"2021-02-08","forecast","0.419151534868509"
"exdqlm_univar_synth","draw_090",1402,"2021-02-09","forecast","0.214823403612519"
"exdqlm_univar_synth","draw_090",1402,"2021-02-10","forecast","1.39638373688080"
"exdqlm_univar_synth","draw_090",1402,"2021-02-11","forecast","0.807836673758062"
"exdqlm_univar_synth","draw_090",1402,"2021-02-12","forecast","0.709585893774038"
"exdqlm_univar_synth","draw_090",1402,"2021-02-13","forecast","0.731193599853119"
"exdqlm_univar_synth","draw_090",1402,"2021-02-14","forecast","1.13349553966410"
"exdqlm_univar_synth","draw_090",1402,"2021-02-15","forecast","0.881905979173282"
"exdqlm_univar_synth","draw_090",1402,"2021-02-16","forecast","1.08523017236318"
"exdqlm_univar_synth","draw_090",1402,"2021-02-17","forecast","0.712113998366604"
"exdqlm_univar_synth","draw_090",1402,"2021-02-18","forecast","0.704373473577482"
"exdqlm_univar_synth","draw_090",1402,"2021-02-19","forecast","0.289257687014955"
"exdqlm_univar_synth","draw_090",1402,"2021-02-20","forecast","0.941687734897490"
"exdqlm_univar_synth","draw_091",1418,"2021-01-24","forecast","0.430268876834316"
"exdqlm_univar_synth","draw_091",1418,"2021-01-25","forecast","0.257256814687917"
"exdqlm_univar_synth","draw_091",1418,"2021-01-26","forecast","0.754696144616946"
"exdqlm_univar_synth","draw_091",1418,"2021-01-27","forecast","2.07787124537088"
"exdqlm_univar_synth","draw_091",1418,"2021-01-28","forecast","2.08845420747118"
"exdqlm_univar_synth","draw_091",1418,"2021-01-29","forecast","3.19726416758329"
"exdqlm_univar_synth","draw_091",1418,"2021-01-30","forecast","0.964602144748975"
"exdqlm_univar_synth","draw_091",1418,"2021-01-31","forecast","0.958012410509422"
"exdqlm_univar_synth","draw_091",1418,"2021-02-01","forecast","0.418654879062644"
"exdqlm_univar_synth","draw_091",1418,"2021-02-02","forecast","1.12448281644544"
"exdqlm_univar_synth","draw_091",1418,"2021-02-03","forecast","0.411442029064726"
"exdqlm_univar_synth","draw_091",1418,"2021-02-04","forecast","0.590349899807838"
"exdqlm_univar_synth","draw_091",1418,"2021-02-05","forecast","0.417042330263324"
"exdqlm_univar_synth","draw_091",1418,"2021-02-06","forecast","0.505726436062187"
"exdqlm_univar_synth","draw_091",1418,"2021-02-07","forecast","0.405451263119458"
"exdqlm_univar_synth","draw_091",1418,"2021-02-08","forecast","0.577244561832139"
"exdqlm_univar_synth","draw_091",1418,"2021-02-09","forecast","0.544040005912674"
"exdqlm_univar_synth","draw_091",1418,"2021-02-10","forecast","1.39850225456195"
"exdqlm_univar_synth","draw_091",1418,"2021-02-11","forecast","0.538212947508261"
"exdqlm_univar_synth","draw_091",1418,"2021-02-12","forecast","0.884981637620060"
"exdqlm_univar_synth","draw_091",1418,"2021-02-13","forecast","0.494387375344217"
"exdqlm_univar_synth","draw_091",1418,"2021-02-14","forecast","1.14660007516305"
"exdqlm_univar_synth","draw_091",1418,"2021-02-15","forecast","0.959403654066928"
"exdqlm_univar_synth","draw_091",1418,"2021-02-16","forecast","1.08856318921636"
"exdqlm_univar_synth","draw_091",1418,"2021-02-17","forecast","0.716078841682120"
"exdqlm_univar_synth","draw_091",1418,"2021-02-18","forecast","0.366221972845660"
"exdqlm_univar_synth","draw_091",1418,"2021-02-19","forecast","0.573251751127926"
"exdqlm_univar_synth","draw_091",1418,"2021-02-20","forecast","0.910921033600626"
"exdqlm_univar_synth","draw_092",1433,"2021-01-24","forecast","0.493737242805150"
"exdqlm_univar_synth","draw_092",1433,"2021-01-25","forecast","0.618714575798028"
"exdqlm_univar_synth","draw_092",1433,"2021-01-26","forecast","0.264388287106386"
"exdqlm_univar_synth","draw_092",1433,"2021-01-27","forecast","2.37125527112471"
"exdqlm_univar_synth","draw_092",1433,"2021-01-28","forecast","2.33098512157359"
"exdqlm_univar_synth","draw_092",1433,"2021-01-29","forecast","3.32457396064374"
"exdqlm_univar_synth","draw_092",1433,"2021-01-30","forecast","1.18014657732674"
"exdqlm_univar_synth","draw_092",1433,"2021-01-31","forecast","0.812089832254257"
"exdqlm_univar_synth","draw_092",1433,"2021-02-01","forecast","0.468753606283172"
"exdqlm_univar_synth","draw_092",1433,"2021-02-02","forecast","1.08833547449871"
"exdqlm_univar_synth","draw_092",1433,"2021-02-03","forecast","0.760208929204666"
"exdqlm_univar_synth","draw_092",1433,"2021-02-04","forecast","0.724276662083260"
"exdqlm_univar_synth","draw_092",1433,"2021-02-05","forecast","0.561343318775655"
"exdqlm_univar_synth","draw_092",1433,"2021-02-06","forecast","0.422666661218160"
"exdqlm_univar_synth","draw_092",1433,"2021-02-07","forecast","0.313630786966751"
"exdqlm_univar_synth","draw_092",1433,"2021-02-08","forecast","0.568094521556134"
"exdqlm_univar_synth","draw_092",1433,"2021-02-09","forecast","0.535770343132532"
"exdqlm_univar_synth","draw_092",1433,"2021-02-10","forecast","1.44177064737610"
"exdqlm_univar_synth","draw_092",1433,"2021-02-11","forecast","0.746752192062912"
"exdqlm_univar_synth","draw_092",1433,"2021-02-12","forecast","0.831616404584518"
"exdqlm_univar_synth","draw_092",1433,"2021-02-13","forecast","0.731352693637911"
"exdqlm_univar_synth","draw_092",1433,"2021-02-14","forecast","1.06277820784163"
"exdqlm_univar_synth","draw_092",1433,"2021-02-15","forecast","0.513738471162511"
"exdqlm_univar_synth","draw_092",1433,"2021-02-16","forecast","0.715423728743313"
"exdqlm_univar_synth","draw_092",1433,"2021-02-17","forecast","0.690382413520273"
"exdqlm_univar_synth","draw_092",1433,"2021-02-18","forecast","0.710188470277894"
"exdqlm_univar_synth","draw_092",1433,"2021-02-19","forecast","0.587841624471737"
"exdqlm_univar_synth","draw_092",1433,"2021-02-20","forecast","1.13761238631777"
"exdqlm_univar_synth","draw_093",1449,"2021-01-24","forecast","0.249850424331536"
"exdqlm_univar_synth","draw_093",1449,"2021-01-25","forecast","0.511960725824204"
"exdqlm_univar_synth","draw_093",1449,"2021-01-26","forecast","0.945511849233947"
"exdqlm_univar_synth","draw_093",1449,"2021-01-27","forecast","3.02504548242909"
"exdqlm_univar_synth","draw_093",1449,"2021-01-28","forecast","3.39872935724707"
"exdqlm_univar_synth","draw_093",1449,"2021-01-29","forecast","3.59134472494243"
"exdqlm_univar_synth","draw_093",1449,"2021-01-30","forecast","1.47578316136359"
"exdqlm_univar_synth","draw_093",1449,"2021-01-31","forecast","0.425829418404767"
"exdqlm_univar_synth","draw_093",1449,"2021-02-01","forecast","0.390230804998710"
"exdqlm_univar_synth","draw_093",1449,"2021-02-02","forecast","0.999997140409193"
"exdqlm_univar_synth","draw_093",1449,"2021-02-03","forecast","0.705566031103529"
"exdqlm_univar_synth","draw_093",1449,"2021-02-04","forecast","0.723785865272016"
"exdqlm_univar_synth","draw_093",1449,"2021-02-05","forecast","0.487869296081768"
"exdqlm_univar_synth","draw_093",1449,"2021-02-06","forecast","0.281771192497851"
"exdqlm_univar_synth","draw_093",1449,"2021-02-07","forecast","0.581245546989220"
"exdqlm_univar_synth","draw_093",1449,"2021-02-08","forecast","0.298377082685119"
"exdqlm_univar_synth","draw_093",1449,"2021-02-09","forecast","0.541723637731091"
"exdqlm_univar_synth","draw_093",1449,"2021-02-10","forecast","1.46277094700653"
"exdqlm_univar_synth","draw_093",1449,"2021-02-11","forecast","0.848879086876084"
"exdqlm_univar_synth","draw_093",1449,"2021-02-12","forecast","0.855470439523329"
"exdqlm_univar_synth","draw_093",1449,"2021-02-13","forecast","0.441266005336237"
"exdqlm_univar_synth","draw_093",1449,"2021-02-14","forecast","1.28217238756857"
"exdqlm_univar_synth","draw_093",1449,"2021-02-15","forecast","0.349427683169851"
"exdqlm_univar_synth","draw_093",1449,"2021-02-16","forecast","1.08710038857483"
"exdqlm_univar_synth","draw_093",1449,"2021-02-17","forecast","0.741915319053128"
"exdqlm_univar_synth","draw_093",1449,"2021-02-18","forecast","0.686022399731769"
"exdqlm_univar_synth","draw_093",1449,"2021-02-19","forecast","0.586655948120050"
"exdqlm_univar_synth","draw_093",1449,"2021-02-20","forecast","0.908345039484116"
"exdqlm_univar_synth","draw_094",1465,"2021-01-24","forecast","0.389982863992794"
"exdqlm_univar_synth","draw_094",1465,"2021-01-25","forecast","0.348892712663700"
"exdqlm_univar_synth","draw_094",1465,"2021-01-26","forecast","0.711681411617969"
"exdqlm_univar_synth","draw_094",1465,"2021-01-27","forecast","2.27244933716452"
"exdqlm_univar_synth","draw_094",1465,"2021-01-28","forecast","2.39842246971864"
"exdqlm_univar_synth","draw_094",1465,"2021-01-29","forecast","3.20057611460102"
"exdqlm_univar_synth","draw_094",1465,"2021-01-30","forecast","1.31524635969393"
"exdqlm_univar_synth","draw_094",1465,"2021-01-31","forecast","0.625231496915371"
"exdqlm_univar_synth","draw_094",1465,"2021-02-01","forecast","0.488411623937394"
"exdqlm_univar_synth","draw_094",1465,"2021-02-02","forecast","1.03308699989899"
"exdqlm_univar_synth","draw_094",1465,"2021-02-03","forecast","0.809109745742093"
"exdqlm_univar_synth","draw_094",1465,"2021-02-04","forecast","0.395946873711282"
"exdqlm_univar_synth","draw_094",1465,"2021-02-05","forecast","0.562526737625725"
"exdqlm_univar_synth","draw_094",1465,"2021-02-06","forecast","0.422473286913414"
"exdqlm_univar_synth","draw_094",1465,"2021-02-07","forecast","0.419078433104944"
"exdqlm_univar_synth","draw_094",1465,"2021-02-08","forecast","0.590112769336526"
"exdqlm_univar_synth","draw_094",1465,"2021-02-09","forecast","0.546043078777561"
"exdqlm_univar_synth","draw_094",1465,"2021-02-10","forecast","1.31400793689111"
"exdqlm_univar_synth","draw_094",1465,"2021-02-11","forecast","0.624830566358684"
"exdqlm_univar_synth","draw_094",1465,"2021-02-12","forecast","0.882663353080750"
"exdqlm_univar_synth","draw_094",1465,"2021-02-13","forecast","0.720041317514970"
"exdqlm_univar_synth","draw_094",1465,"2021-02-14","forecast","0.699608110450672"
"exdqlm_univar_synth","draw_094",1465,"2021-02-15","forecast","0.405423561356021"
"exdqlm_univar_synth","draw_094",1465,"2021-02-16","forecast","0.839828956975296"
"exdqlm_univar_synth","draw_094",1465,"2021-02-17","forecast","0.346826175416446"
"exdqlm_univar_synth","draw_094",1465,"2021-02-18","forecast","0.634161406805606"
"exdqlm_univar_synth","draw_094",1465,"2021-02-19","forecast","0.576467385177944"
"exdqlm_univar_synth","draw_094",1465,"2021-02-20","forecast","0.888618588115578"
"exdqlm_univar_synth","draw_095",1481,"2021-01-24","forecast","0.444433700102445"
"exdqlm_univar_synth","draw_095",1481,"2021-01-25","forecast","0.616294677378720"
"exdqlm_univar_synth","draw_095",1481,"2021-01-26","forecast","0.325935225352073"
"exdqlm_univar_synth","draw_095",1481,"2021-01-27","forecast","3.29451235917413"
"exdqlm_univar_synth","draw_095",1481,"2021-01-28","forecast","3.61349287664286"
"exdqlm_univar_synth","draw_095",1481,"2021-01-29","forecast","3.26972211452687"
"exdqlm_univar_synth","draw_095",1481,"2021-01-30","forecast","1.44374506301778"
"exdqlm_univar_synth","draw_095",1481,"2021-01-31","forecast","0.850889442509447"
"exdqlm_univar_synth","draw_095",1481,"2021-02-01","forecast","0.415496744500199"
"exdqlm_univar_synth","draw_095",1481,"2021-02-02","forecast","1.09021948146877"
"exdqlm_univar_synth","draw_095",1481,"2021-02-03","forecast","0.834922269650983"
"exdqlm_univar_synth","draw_095",1481,"2021-02-04","forecast","0.741345489877212"
"exdqlm_univar_synth","draw_095",1481,"2021-02-05","forecast","0.560758757024210"
"exdqlm_univar_synth","draw_095",1481,"2021-02-06","forecast","0.514052872300515"
"exdqlm_univar_synth","draw_095",1481,"2021-02-07","forecast","0.581510494869080"
"exdqlm_univar_synth","draw_095",1481,"2021-02-08","forecast","0.412164243928931"
"exdqlm_univar_synth","draw_095",1481,"2021-02-09","forecast","0.540768365983421"
"exdqlm_univar_synth","draw_095",1481,"2021-02-10","forecast","1.39940837360723"
"exdqlm_univar_synth","draw_095",1481,"2021-02-11","forecast","0.770323324837266"
"exdqlm_univar_synth","draw_095",1481,"2021-02-12","forecast","0.883669598903877"
"exdqlm_univar_synth","draw_095",1481,"2021-02-13","forecast","0.728638975901853"
"exdqlm_univar_synth","draw_095",1481,"2021-02-14","forecast","0.727039142018254"
"exdqlm_univar_synth","draw_095",1481,"2021-02-15","forecast","0.711942360882955"
"exdqlm_univar_synth","draw_095",1481,"2021-02-16","forecast","1.08688074548233"
"exdqlm_univar_synth","draw_095",1481,"2021-02-17","forecast","0.805484224818088"
"exdqlm_univar_synth","draw_095",1481,"2021-02-18","forecast","0.720236112761163"
"exdqlm_univar_synth","draw_095",1481,"2021-02-19","forecast","0.586354719918309"
"exdqlm_univar_synth","draw_095",1481,"2021-02-20","forecast","0.797507363568795"
"exdqlm_univar_synth","draw_096",1496,"2021-01-24","forecast","0.557162323386772"
"exdqlm_univar_synth","draw_096",1496,"2021-01-25","forecast","0.539270158681563"
"exdqlm_univar_synth","draw_096",1496,"2021-01-26","forecast","0.339327569559995"
"exdqlm_univar_synth","draw_096",1496,"2021-01-27","forecast","2.94664117368934"
"exdqlm_univar_synth","draw_096",1496,"2021-01-28","forecast","3.33176391147475"
"exdqlm_univar_synth","draw_096",1496,"2021-01-29","forecast","3.71602148278622"
"exdqlm_univar_synth","draw_096",1496,"2021-01-30","forecast","1.67513514342030"
"exdqlm_univar_synth","draw_096",1496,"2021-01-31","forecast","0.281084142464394"
"exdqlm_univar_synth","draw_096",1496,"2021-02-01","forecast","0.491191188607472"
"exdqlm_univar_synth","draw_096",1496,"2021-02-02","forecast","1.09501161061414"
"exdqlm_univar_synth","draw_096",1496,"2021-02-03","forecast","0.614081282817571"
"exdqlm_univar_synth","draw_096",1496,"2021-02-04","forecast","0.720103481441224"
"exdqlm_univar_synth","draw_096",1496,"2021-02-05","forecast","0.563110266857724"
"exdqlm_univar_synth","draw_096",1496,"2021-02-06","forecast","0.513152268478803"
"exdqlm_univar_synth","draw_096",1496,"2021-02-07","forecast","0.590480186853763"
"exdqlm_univar_synth","draw_096",1496,"2021-02-08","forecast","0.646388244757882"
"exdqlm_univar_synth","draw_096",1496,"2021-02-09","forecast","0.560492599235186"
"exdqlm_univar_synth","draw_096",1496,"2021-02-10","forecast","1.18568019859632"
"exdqlm_univar_synth","draw_096",1496,"2021-02-11","forecast","0.983620590725627"
"exdqlm_univar_synth","draw_096",1496,"2021-02-12","forecast","0.881881305617695"
"exdqlm_univar_synth","draw_096",1496,"2021-02-13","forecast","0.732023420255364"
"exdqlm_univar_synth","draw_096",1496,"2021-02-14","forecast","1.08564711382396"
"exdqlm_univar_synth","draw_096",1496,"2021-02-15","forecast","0.841797851767635"
"exdqlm_univar_synth","draw_096",1496,"2021-02-16","forecast","1.14755477010971"
"exdqlm_univar_synth","draw_096",1496,"2021-02-17","forecast","0.327140037859461"
"exdqlm_univar_synth","draw_096",1496,"2021-02-18","forecast","0.364553193217980"
"exdqlm_univar_synth","draw_096",1496,"2021-02-19","forecast","0.583750287357120"
"exdqlm_univar_synth","draw_096",1496,"2021-02-20","forecast","0.849061816298406"
"exdqlm_univar_synth","draw_097",1512,"2021-01-24","forecast","0.342344987651710"
"exdqlm_univar_synth","draw_097",1512,"2021-01-25","forecast","0.337248724578485"
"exdqlm_univar_synth","draw_097",1512,"2021-01-26","forecast","0.327205118353846"
"exdqlm_univar_synth","draw_097",1512,"2021-01-27","forecast","2.70107898323314"
"exdqlm_univar_synth","draw_097",1512,"2021-01-28","forecast","2.95208891265139"
"exdqlm_univar_synth","draw_097",1512,"2021-01-29","forecast","3.78386842983838"
"exdqlm_univar_synth","draw_097",1512,"2021-01-30","forecast","1.44229192443200"
"exdqlm_univar_synth","draw_097",1512,"2021-01-31","forecast","0.838197104817597"
"exdqlm_univar_synth","draw_097",1512,"2021-02-01","forecast","0.248356250067979"
"exdqlm_univar_synth","draw_097",1512,"2021-02-02","forecast","1.21549825828092"
"exdqlm_univar_synth","draw_097",1512,"2021-02-03","forecast","0.846684636718899"
"exdqlm_univar_synth","draw_097",1512,"2021-02-04","forecast","0.673004306554259"
"exdqlm_univar_synth","draw_097",1512,"2021-02-05","forecast","0.529958147316485"
"exdqlm_univar_synth","draw_097",1512,"2021-02-06","forecast","0.513938242872372"
"exdqlm_univar_synth","draw_097",1512,"2021-02-07","forecast","0.582964824647886"
"exdqlm_univar_synth","draw_097",1512,"2021-02-08","forecast","0.532137516314126"
"exdqlm_univar_synth","draw_097",1512,"2021-02-09","forecast","0.546644119029472"
"exdqlm_univar_synth","draw_097",1512,"2021-02-10","forecast","1.39851656024773"
"exdqlm_univar_synth","draw_097",1512,"2021-02-11","forecast","0.728294098251860"
"exdqlm_univar_synth","draw_097",1512,"2021-02-12","forecast","0.888833685728538"
"exdqlm_univar_synth","draw_097",1512,"2021-02-13","forecast","0.732226991189820"
"exdqlm_univar_synth","draw_097",1512,"2021-02-14","forecast","0.976333956988034"
"exdqlm_univar_synth","draw_097",1512,"2021-02-15","forecast","0.802281014852449"
"exdqlm_univar_synth","draw_097",1512,"2021-02-16","forecast","1.08685665508401"
"exdqlm_univar_synth","draw_097",1512,"2021-02-17","forecast","0.716723589837388"
"exdqlm_univar_synth","draw_097",1512,"2021-02-18","forecast","0.687220296397876"
"exdqlm_univar_synth","draw_097",1512,"2021-02-19","forecast","0.590828103148035"
"exdqlm_univar_synth","draw_097",1512,"2021-02-20","forecast","0.910219902413698"
"exdqlm_univar_synth","draw_098",1528,"2021-01-24","forecast","0.569328833194736"
"exdqlm_univar_synth","draw_098",1528,"2021-01-25","forecast","0.333073951168401"
"exdqlm_univar_synth","draw_098",1528,"2021-01-26","forecast","0.382530448151263"
"exdqlm_univar_synth","draw_098",1528,"2021-01-27","forecast","2.01308863538578"
"exdqlm_univar_synth","draw_098",1528,"2021-01-28","forecast","3.26000198311221"
"exdqlm_univar_synth","draw_098",1528,"2021-01-29","forecast","2.41407365624116"
"exdqlm_univar_synth","draw_098",1528,"2021-01-30","forecast","1.44202476507739"
"exdqlm_univar_synth","draw_098",1528,"2021-01-31","forecast","0.685462187651918"
"exdqlm_univar_synth","draw_098",1528,"2021-02-01","forecast","0.266246255829258"
"exdqlm_univar_synth","draw_098",1528,"2021-02-02","forecast","0.861292997527396"
"exdqlm_univar_synth","draw_098",1528,"2021-02-03","forecast","0.817534908588208"
"exdqlm_univar_synth","draw_098",1528,"2021-02-04","forecast","0.722594444353940"
"exdqlm_univar_synth","draw_098",1528,"2021-02-05","forecast","0.559679398646277"
"exdqlm_univar_synth","draw_098",1528,"2021-02-06","forecast","0.523508067865916"
"exdqlm_univar_synth","draw_098",1528,"2021-02-07","forecast","0.571345422557257"
"exdqlm_univar_synth","draw_098",1528,"2021-02-08","forecast","0.604284743888716"
"exdqlm_univar_synth","draw_098",1528,"2021-02-09","forecast","0.546907664658840"
"exdqlm_univar_synth","draw_098",1528,"2021-02-10","forecast","0.904553989644042"
"exdqlm_univar_synth","draw_098",1528,"2021-02-11","forecast","0.495275666117752"
"exdqlm_univar_synth","draw_098",1528,"2021-02-12","forecast","0.497524397367040"
"exdqlm_univar_synth","draw_098",1528,"2021-02-13","forecast","0.635680923307485"
"exdqlm_univar_synth","draw_098",1528,"2021-02-14","forecast","0.956887194309224"
"exdqlm_univar_synth","draw_098",1528,"2021-02-15","forecast","0.440650309728889"
"exdqlm_univar_synth","draw_098",1528,"2021-02-16","forecast","0.771399567674648"
"exdqlm_univar_synth","draw_098",1528,"2021-02-17","forecast","0.411654563951157"
"exdqlm_univar_synth","draw_098",1528,"2021-02-18","forecast","0.650240659304735"
"exdqlm_univar_synth","draw_098",1528,"2021-02-19","forecast","0.575296231466677"
"exdqlm_univar_synth","draw_098",1528,"2021-02-20","forecast","0.909175137274124"
"exdqlm_univar_synth","draw_099",1544,"2021-01-24","forecast","0.413704011260651"
"exdqlm_univar_synth","draw_099",1544,"2021-01-25","forecast","0.539427126977968"
"exdqlm_univar_synth","draw_099",1544,"2021-01-26","forecast","0.388775160079467"
"exdqlm_univar_synth","draw_099",1544,"2021-01-27","forecast","2.30967115839154"
"exdqlm_univar_synth","draw_099",1544,"2021-01-28","forecast","2.69751793198382"
"exdqlm_univar_synth","draw_099",1544,"2021-01-29","forecast","3.82302261876898"
"exdqlm_univar_synth","draw_099",1544,"2021-01-30","forecast","1.08212683384886"
"exdqlm_univar_synth","draw_099",1544,"2021-01-31","forecast","0.431115955390858"
"exdqlm_univar_synth","draw_099",1544,"2021-02-01","forecast","0.380282979640365"
"exdqlm_univar_synth","draw_099",1544,"2021-02-02","forecast","1.16025054084576"
"exdqlm_univar_synth","draw_099",1544,"2021-02-03","forecast","0.488856673359525"
"exdqlm_univar_synth","draw_099",1544,"2021-02-04","forecast","0.368561588345459"
"exdqlm_univar_synth","draw_099",1544,"2021-02-05","forecast","0.560471083089578"
"exdqlm_univar_synth","draw_099",1544,"2021-02-06","forecast","0.620964017640018"
"exdqlm_univar_synth","draw_099",1544,"2021-02-07","forecast","0.573811265704160"
"exdqlm_univar_synth","draw_099",1544,"2021-02-08","forecast","0.605914536015033"
"exdqlm_univar_synth","draw_099",1544,"2021-02-09","forecast","0.541931426264071"
"exdqlm_univar_synth","draw_099",1544,"2021-02-10","forecast","1.40818776285845"
"exdqlm_univar_synth","draw_099",1544,"2021-02-11","forecast","0.845772777641926"
"exdqlm_univar_synth","draw_099",1544,"2021-02-12","forecast","0.722207174323725"
"exdqlm_univar_synth","draw_099",1544,"2021-02-13","forecast","0.515234546083290"
"exdqlm_univar_synth","draw_099",1544,"2021-02-14","forecast","0.631144788235462"
"exdqlm_univar_synth","draw_099",1544,"2021-02-15","forecast","0.858452505336455"
"exdqlm_univar_synth","draw_099",1544,"2021-02-16","forecast","0.830096477078688"
"exdqlm_univar_synth","draw_099",1544,"2021-02-17","forecast","0.715795458979219"
"exdqlm_univar_synth","draw_099",1544,"2021-02-18","forecast","0.656824034696894"
"exdqlm_univar_synth","draw_099",1544,"2021-02-19","forecast","0.537214102291411"
"exdqlm_univar_synth","draw_099",1544,"2021-02-20","forecast","0.590432574980503"
"exdqlm_univar_synth","draw_100",1559,"2021-01-24","forecast","0.581647575463282"
"exdqlm_univar_synth","draw_100",1559,"2021-01-25","forecast","0.390754449200427"
"exdqlm_univar_synth","draw_100",1559,"2021-01-26","forecast","0.422927999125642"
"exdqlm_univar_synth","draw_100",1559,"2021-01-27","forecast","1.85242239558938"
"exdqlm_univar_synth","draw_100",1559,"2021-01-28","forecast","3.05792475267093"
"exdqlm_univar_synth","draw_100",1559,"2021-01-29","forecast","3.23816515590970"
"exdqlm_univar_synth","draw_100",1559,"2021-01-30","forecast","1.44175641929789"
"exdqlm_univar_synth","draw_100",1559,"2021-01-31","forecast","0.796103371223196"
"exdqlm_univar_synth","draw_100",1559,"2021-02-01","forecast","0.420817288962662"
"exdqlm_univar_synth","draw_100",1559,"2021-02-02","forecast","0.622943278503597"
"exdqlm_univar_synth","draw_100",1559,"2021-02-03","forecast","0.819369927522772"
"exdqlm_univar_synth","draw_100",1559,"2021-02-04","forecast","0.619399197752805"
"exdqlm_univar_synth","draw_100",1559,"2021-02-05","forecast","0.560151482027992"
"exdqlm_univar_synth","draw_100",1559,"2021-02-06","forecast","0.228434608543230"
"exdqlm_univar_synth","draw_100",1559,"2021-02-07","forecast","0.592721647107261"
"exdqlm_univar_synth","draw_100",1559,"2021-02-08","forecast","0.604274536395457"
"exdqlm_univar_synth","draw_100",1559,"2021-02-09","forecast","0.547117043845495"
"exdqlm_univar_synth","draw_100",1559,"2021-02-10","forecast","1.39833548627093"
"exdqlm_univar_synth","draw_100",1559,"2021-02-11","forecast","0.801306202305360"
"exdqlm_univar_synth","draw_100",1559,"2021-02-12","forecast","0.768947755338668"
"exdqlm_univar_synth","draw_100",1559,"2021-02-13","forecast","0.732463652070229"
"exdqlm_univar_synth","draw_100",1559,"2021-02-14","forecast","0.985631860553342"
"exdqlm_univar_synth","draw_100",1559,"2021-02-15","forecast","0.838420348755404"
"exdqlm_univar_synth","draw_100",1559,"2021-02-16","forecast","1.03689031730923"
"exdqlm_univar_synth","draw_100",1559,"2021-02-17","forecast","0.715498318330604"
"exdqlm_univar_synth","draw_100",1559,"2021-02-18","forecast","0.688139345732906"
"exdqlm_univar_synth","draw_100",1559,"2021-02-19","forecast","0.352080586568905"
"exdqlm_univar_synth","draw_100",1559,"2021-02-20","forecast","0.914106831595982"
"exdqlm_univar_synth","draw_101",1575,"2021-01-24","forecast","0.413696728647759"
"exdqlm_univar_synth","draw_101",1575,"2021-01-25","forecast","0.330140136924356"
"exdqlm_univar_synth","draw_101",1575,"2021-01-26","forecast","0.589979235243346"
"exdqlm_univar_synth","draw_101",1575,"2021-01-27","forecast","2.64468458284408"
"exdqlm_univar_synth","draw_101",1575,"2021-01-28","forecast","2.13598920278968"
"exdqlm_univar_synth","draw_101",1575,"2021-01-29","forecast","3.27422639708891"
"exdqlm_univar_synth","draw_101",1575,"2021-01-30","forecast","1.44284619704582"
"exdqlm_univar_synth","draw_101",1575,"2021-01-31","forecast","1.09074011564186"
"exdqlm_univar_synth","draw_101",1575,"2021-02-01","forecast","0.187206182520314"
"exdqlm_univar_synth","draw_101",1575,"2021-02-02","forecast","1.09046319684048"
"exdqlm_univar_synth","draw_101",1575,"2021-02-03","forecast","0.830664462092532"
"exdqlm_univar_synth","draw_101",1575,"2021-02-04","forecast","0.722229965968956"
"exdqlm_univar_synth","draw_101",1575,"2021-02-05","forecast","0.562196023641781"
"exdqlm_univar_synth","draw_101",1575,"2021-02-06","forecast","0.514547550818632"
"exdqlm_univar_synth","draw_101",1575,"2021-02-07","forecast","0.759551583707666"
"exdqlm_univar_synth","draw_101",1575,"2021-02-08","forecast","0.422677708689617"
"exdqlm_univar_synth","draw_101",1575,"2021-02-09","forecast","0.569275316554807"
"exdqlm_univar_synth","draw_101",1575,"2021-02-10","forecast","1.55846448266230"
"exdqlm_univar_synth","draw_101",1575,"2021-02-11","forecast","0.847131924544332"
"exdqlm_univar_synth","draw_101",1575,"2021-02-12","forecast","0.884620916181137"
"exdqlm_univar_synth","draw_101",1575,"2021-02-13","forecast","0.352848474713164"
"exdqlm_univar_synth","draw_101",1575,"2021-02-14","forecast","1.10443537279878"
"exdqlm_univar_synth","draw_101",1575,"2021-02-15","forecast","0.838592566178806"
"exdqlm_univar_synth","draw_101",1575,"2021-02-16","forecast","1.02430304088167"
"exdqlm_univar_synth","draw_101",1575,"2021-02-17","forecast","0.713310716105701"
"exdqlm_univar_synth","draw_101",1575,"2021-02-18","forecast","0.688307802376569"
"exdqlm_univar_synth","draw_101",1575,"2021-02-19","forecast","0.246972792666717"
"exdqlm_univar_synth","draw_101",1575,"2021-02-20","forecast","0.653198690359458"
"exdqlm_univar_synth","draw_102",1591,"2021-01-24","forecast","0.419928826142769"
"exdqlm_univar_synth","draw_102",1591,"2021-01-25","forecast","0.844711839415658"
"exdqlm_univar_synth","draw_102",1591,"2021-01-26","forecast","0.572933543385425"
"exdqlm_univar_synth","draw_102",1591,"2021-01-27","forecast","2.38465220713486"
"exdqlm_univar_synth","draw_102",1591,"2021-01-28","forecast","3.54977757479319"
"exdqlm_univar_synth","draw_102",1591,"2021-01-29","forecast","2.28626173442686"
"exdqlm_univar_synth","draw_102",1591,"2021-01-30","forecast","1.44272923445349"
"exdqlm_univar_synth","draw_102",1591,"2021-01-31","forecast","0.837688148780633"
"exdqlm_univar_synth","draw_102",1591,"2021-02-01","forecast","0.395049684323577"
"exdqlm_univar_synth","draw_102",1591,"2021-02-02","forecast","1.06570988275857"
"exdqlm_univar_synth","draw_102",1591,"2021-02-03","forecast","0.584395411314200"
"exdqlm_univar_synth","draw_102",1591,"2021-02-04","forecast","0.720475699203253"
"exdqlm_univar_synth","draw_102",1591,"2021-02-05","forecast","0.398059545534994"
"exdqlm_univar_synth","draw_102",1591,"2021-02-06","forecast","0.241383350736484"
"exdqlm_univar_synth","draw_102",1591,"2021-02-07","forecast","0.576131626091764"
"exdqlm_univar_synth","draw_102",1591,"2021-02-08","forecast","0.463158904028610"
"exdqlm_univar_synth","draw_102",1591,"2021-02-09","forecast","0.281068545236748"
"exdqlm_univar_synth","draw_102",1591,"2021-02-10","forecast","1.40983510722980"
"exdqlm_univar_synth","draw_102",1591,"2021-02-11","forecast","0.584711340928347"
"exdqlm_univar_synth","draw_102",1591,"2021-02-12","forecast","0.848157785965228"
"exdqlm_univar_synth","draw_102",1591,"2021-02-13","forecast","0.728919366587657"
"exdqlm_univar_synth","draw_102",1591,"2021-02-14","forecast","1.13570032889414"
"exdqlm_univar_synth","draw_102",1591,"2021-02-15","forecast","0.833306644098984"
"exdqlm_univar_synth","draw_102",1591,"2021-02-16","forecast","0.973258717664376"
"exdqlm_univar_synth","draw_102",1591,"2021-02-17","forecast","0.716001557397683"
"exdqlm_univar_synth","draw_102",1591,"2021-02-18","forecast","0.686756449180885"
"exdqlm_univar_synth","draw_102",1591,"2021-02-19","forecast","0.416800760080465"
"exdqlm_univar_synth","draw_102",1591,"2021-02-20","forecast","0.727398689294376"
"exdqlm_univar_synth","draw_103",1606,"2021-01-24","forecast","0.486610920840952"
"exdqlm_univar_synth","draw_103",1606,"2021-01-25","forecast","0.346393802657399"
"exdqlm_univar_synth","draw_103",1606,"2021-01-26","forecast","0.323307000695182"
"exdqlm_univar_synth","draw_103",1606,"2021-01-27","forecast","1.86124568838835"
"exdqlm_univar_synth","draw_103",1606,"2021-01-28","forecast","2.84008998808143"
"exdqlm_univar_synth","draw_103",1606,"2021-01-29","forecast","2.63443879100494"
"exdqlm_univar_synth","draw_103",1606,"2021-01-30","forecast","0.824488536013764"
"exdqlm_univar_synth","draw_103",1606,"2021-01-31","forecast","0.963894278203554"
"exdqlm_univar_synth","draw_103",1606,"2021-02-01","forecast","0.420502457083951"
"exdqlm_univar_synth","draw_103",1606,"2021-02-02","forecast","1.08933824937771"
"exdqlm_univar_synth","draw_103",1606,"2021-02-03","forecast","0.818158925380619"
"exdqlm_univar_synth","draw_103",1606,"2021-02-04","forecast","0.826909241755854"
"exdqlm_univar_synth","draw_103",1606,"2021-02-05","forecast","0.600015868964002"
"exdqlm_univar_synth","draw_103",1606,"2021-02-06","forecast","0.313145609776026"
"exdqlm_univar_synth","draw_103",1606,"2021-02-07","forecast","0.575148335569511"
"exdqlm_univar_synth","draw_103",1606,"2021-02-08","forecast","0.430063282242742"
"exdqlm_univar_synth","draw_103",1606,"2021-02-09","forecast","0.431631293306647"
"exdqlm_univar_synth","draw_103",1606,"2021-02-10","forecast","0.862110391919229"
"exdqlm_univar_synth","draw_103",1606,"2021-02-11","forecast","0.847075212647554"
"exdqlm_univar_synth","draw_103",1606,"2021-02-12","forecast","0.884161019511251"
"exdqlm_univar_synth","draw_103",1606,"2021-02-13","forecast","0.709121799340874"
"exdqlm_univar_synth","draw_103",1606,"2021-02-14","forecast","1.14836713900696"
"exdqlm_univar_synth","draw_103",1606,"2021-02-15","forecast","0.796907215693169"
"exdqlm_univar_synth","draw_103",1606,"2021-02-16","forecast","1.13288043793660"
"exdqlm_univar_synth","draw_103",1606,"2021-02-17","forecast","0.378744823314799"
"exdqlm_univar_synth","draw_103",1606,"2021-02-18","forecast","0.679836379788480"
"exdqlm_univar_synth","draw_103",1606,"2021-02-19","forecast","0.576187252408357"
"exdqlm_univar_synth","draw_103",1606,"2021-02-20","forecast","0.911439505446173"
"exdqlm_univar_synth","draw_104",1622,"2021-01-24","forecast","0.467255099896162"
"exdqlm_univar_synth","draw_104",1622,"2021-01-25","forecast","0.606468923154412"
"exdqlm_univar_synth","draw_104",1622,"2021-01-26","forecast","0.378835541674621"
"exdqlm_univar_synth","draw_104",1622,"2021-01-27","forecast","2.34156640345746"
"exdqlm_univar_synth","draw_104",1622,"2021-01-28","forecast","2.23659417636160"
"exdqlm_univar_synth","draw_104",1622,"2021-01-29","forecast","3.20657346270431"
"exdqlm_univar_synth","draw_104",1622,"2021-01-30","forecast","1.49102945467719"
"exdqlm_univar_synth","draw_104",1622,"2021-01-31","forecast","0.837732361765923"
"exdqlm_univar_synth","draw_104",1622,"2021-02-01","forecast","0.356854614696342"
"exdqlm_univar_synth","draw_104",1622,"2021-02-02","forecast","1.02200824733241"
"exdqlm_univar_synth","draw_104",1622,"2021-02-03","forecast","0.634741565349772"
"exdqlm_univar_synth","draw_104",1622,"2021-02-04","forecast","0.721511764356403"
"exdqlm_univar_synth","draw_104",1622,"2021-02-05","forecast","0.329673759526256"
"exdqlm_univar_synth","draw_104",1622,"2021-02-06","forecast","0.324499058853149"
"exdqlm_univar_synth","draw_104",1622,"2021-02-07","forecast","0.304665446954152"
"exdqlm_univar_synth","draw_104",1622,"2021-02-08","forecast","0.574770545678960"
"exdqlm_univar_synth","draw_104",1622,"2021-02-09","forecast","0.452900074902739"
"exdqlm_univar_synth","draw_104",1622,"2021-02-10","forecast","1.39859851935353"
"exdqlm_univar_synth","draw_104",1622,"2021-02-11","forecast","0.810881529885740"
"exdqlm_univar_synth","draw_104",1622,"2021-02-12","forecast","0.695255495890844"
"exdqlm_univar_synth","draw_104",1622,"2021-02-13","forecast","0.466693624992205"
"exdqlm_univar_synth","draw_104",1622,"2021-02-14","forecast","1.15031600335738"
"exdqlm_univar_synth","draw_104",1622,"2021-02-15","forecast","0.280956073054354"
"exdqlm_univar_synth","draw_104",1622,"2021-02-16","forecast","1.08558097248928"
"exdqlm_univar_synth","draw_104",1622,"2021-02-17","forecast","0.711900036867325"
"exdqlm_univar_synth","draw_104",1622,"2021-02-18","forecast","0.686587409701653"
"exdqlm_univar_synth","draw_104",1622,"2021-02-19","forecast","0.552014729668239"
"exdqlm_univar_synth","draw_104",1622,"2021-02-20","forecast","0.907141565685323"
"exdqlm_univar_synth","draw_105",1638,"2021-01-24","forecast","0.235860487281844"
"exdqlm_univar_synth","draw_105",1638,"2021-01-25","forecast","0.778439237696356"
"exdqlm_univar_synth","draw_105",1638,"2021-01-26","forecast","0.474833242321977"
"exdqlm_univar_synth","draw_105",1638,"2021-01-27","forecast","3.11618012395250"
"exdqlm_univar_synth","draw_105",1638,"2021-01-28","forecast","2.24814234073354"
"exdqlm_univar_synth","draw_105",1638,"2021-01-29","forecast","3.37194821906303"
"exdqlm_univar_synth","draw_105",1638,"2021-01-30","forecast","1.37142617872159"
"exdqlm_univar_synth","draw_105",1638,"2021-01-31","forecast","0.837517346880481"
"exdqlm_univar_synth","draw_105",1638,"2021-02-01","forecast","0.374580633550918"
"exdqlm_univar_synth","draw_105",1638,"2021-02-02","forecast","1.09010781987486"
"exdqlm_univar_synth","draw_105",1638,"2021-02-03","forecast","0.822393415217745"
"exdqlm_univar_synth","draw_105",1638,"2021-02-04","forecast","0.724242160041349"
"exdqlm_univar_synth","draw_105",1638,"2021-02-05","forecast","0.315854218980488"
"exdqlm_univar_synth","draw_105",1638,"2021-02-06","forecast","0.506708247038921"
"exdqlm_univar_synth","draw_105",1638,"2021-02-07","forecast","0.148488285689200"
"exdqlm_univar_synth","draw_105",1638,"2021-02-08","forecast","0.644165034555945"
"exdqlm_univar_synth","draw_105",1638,"2021-02-09","forecast","0.545857646544265"
"exdqlm_univar_synth","draw_105",1638,"2021-02-10","forecast","1.46866580350141"
"exdqlm_univar_synth","draw_105",1638,"2021-02-11","forecast","0.855903262331834"
"exdqlm_univar_synth","draw_105",1638,"2021-02-12","forecast","0.750183025884427"
"exdqlm_univar_synth","draw_105",1638,"2021-02-13","forecast","0.732357520010963"
"exdqlm_univar_synth","draw_105",1638,"2021-02-14","forecast","1.16497405604023"
"exdqlm_univar_synth","draw_105",1638,"2021-02-15","forecast","0.832319056694191"
"exdqlm_univar_synth","draw_105",1638,"2021-02-16","forecast","0.761268793104395"
"exdqlm_univar_synth","draw_105",1638,"2021-02-17","forecast","0.475638029825812"
"exdqlm_univar_synth","draw_105",1638,"2021-02-18","forecast","0.294964847607934"
"exdqlm_univar_synth","draw_105",1638,"2021-02-19","forecast","0.543455675477315"
"exdqlm_univar_synth","draw_105",1638,"2021-02-20","forecast","0.912172346352189"
"exdqlm_univar_synth","draw_106",1654,"2021-01-24","forecast","0.419723502621512"
"exdqlm_univar_synth","draw_106",1654,"2021-01-25","forecast","0.411889494648058"
"exdqlm_univar_synth","draw_106",1654,"2021-01-26","forecast","0.668306751065959"
"exdqlm_univar_synth","draw_106",1654,"2021-01-27","forecast","3.29787421382716"
"exdqlm_univar_synth","draw_106",1654,"2021-01-28","forecast","2.76143865915074"
"exdqlm_univar_synth","draw_106",1654,"2021-01-29","forecast","3.56802685610923"
"exdqlm_univar_synth","draw_106",1654,"2021-01-30","forecast","1.44283584558178"
"exdqlm_univar_synth","draw_106",1654,"2021-01-31","forecast","0.661884489896305"
"exdqlm_univar_synth","draw_106",1654,"2021-02-01","forecast","0.460703720816766"
"exdqlm_univar_synth","draw_106",1654,"2021-02-02","forecast","1.05684790716495"
"exdqlm_univar_synth","draw_106",1654,"2021-02-03","forecast","0.824772008066581"
"exdqlm_univar_synth","draw_106",1654,"2021-02-04","forecast","0.725265879637372"
"exdqlm_univar_synth","draw_106",1654,"2021-02-05","forecast","0.562800502059113"
"exdqlm_univar_synth","draw_106",1654,"2021-02-06","forecast","0.508844093187970"
"exdqlm_univar_synth","draw_106",1654,"2021-02-07","forecast","0.00740047551924090"
"exdqlm_univar_synth","draw_106",1654,"2021-02-08","forecast","0.604284716505755"
"exdqlm_univar_synth","draw_106",1654,"2021-02-09","forecast","0.281204822083940"
"exdqlm_univar_synth","draw_106",1654,"2021-02-10","forecast","1.37092920014946"
"exdqlm_univar_synth","draw_106",1654,"2021-02-11","forecast","0.817194276885027"
"exdqlm_univar_synth","draw_106",1654,"2021-02-12","forecast","0.883648389119352"
"exdqlm_univar_synth","draw_106",1654,"2021-02-13","forecast","0.477677419667920"
"exdqlm_univar_synth","draw_106",1654,"2021-02-14","forecast","0.860598470909545"
"exdqlm_univar_synth","draw_106",1654,"2021-02-15","forecast","0.437523908331748"
"exdqlm_univar_synth","draw_106",1654,"2021-02-16","forecast","1.08681460812595"
"exdqlm_univar_synth","draw_106",1654,"2021-02-17","forecast","0.712072408451494"
"exdqlm_univar_synth","draw_106",1654,"2021-02-18","forecast","0.675496860249654"
"exdqlm_univar_synth","draw_106",1654,"2021-02-19","forecast","0.688096695462096"
"exdqlm_univar_synth","draw_106",1654,"2021-02-20","forecast","0.662954065406533"
"exdqlm_univar_synth","draw_107",1669,"2021-01-24","forecast","0.471146518930369"
"exdqlm_univar_synth","draw_107",1669,"2021-01-25","forecast","0.603035435934721"
"exdqlm_univar_synth","draw_107",1669,"2021-01-26","forecast","0.471263371337956"
"exdqlm_univar_synth","draw_107",1669,"2021-01-27","forecast","2.78475937094808"
"exdqlm_univar_synth","draw_107",1669,"2021-01-28","forecast","2.42630757177602"
"exdqlm_univar_synth","draw_107",1669,"2021-01-29","forecast","3.24133151200967"
"exdqlm_univar_synth","draw_107",1669,"2021-01-30","forecast","1.44417937128102"
"exdqlm_univar_synth","draw_107",1669,"2021-01-31","forecast","0.514470601417991"
"exdqlm_univar_synth","draw_107",1669,"2021-02-01","forecast","0.380691412227806"
"exdqlm_univar_synth","draw_107",1669,"2021-02-02","forecast","1.16622694978249"
"exdqlm_univar_synth","draw_107",1669,"2021-02-03","forecast","0.360260837020526"
"exdqlm_univar_synth","draw_107",1669,"2021-02-04","forecast","0.592969618950908"
"exdqlm_univar_synth","draw_107",1669,"2021-02-05","forecast","0.596599779307281"
"exdqlm_univar_synth","draw_107",1669,"2021-02-06","forecast","0.324824584019614"
"exdqlm_univar_synth","draw_107",1669,"2021-02-07","forecast","0.565928050463825"
"exdqlm_univar_synth","draw_107",1669,"2021-02-08","forecast","0.603457383408451"
"exdqlm_univar_synth","draw_107",1669,"2021-02-09","forecast","0.345928762934331"
"exdqlm_univar_synth","draw_107",1669,"2021-02-10","forecast","1.39911165576340"
"exdqlm_univar_synth","draw_107",1669,"2021-02-11","forecast","0.846814070914379"
"exdqlm_univar_synth","draw_107",1669,"2021-02-12","forecast","0.505808626823462"
"exdqlm_univar_synth","draw_107",1669,"2021-02-13","forecast","0.732615386117378"
"exdqlm_univar_synth","draw_107",1669,"2021-02-14","forecast","1.14944113245225"
"exdqlm_univar_synth","draw_107",1669,"2021-02-15","forecast","0.842229161832271"
"exdqlm_univar_synth","draw_107",1669,"2021-02-16","forecast","0.531181066396132"
"exdqlm_univar_synth","draw_107",1669,"2021-02-17","forecast","0.712867439600840"
"exdqlm_univar_synth","draw_107",1669,"2021-02-18","forecast","0.607739494190605"
"exdqlm_univar_synth","draw_107",1669,"2021-02-19","forecast","0.585041704301811"
"exdqlm_univar_synth","draw_107",1669,"2021-02-20","forecast","0.637263909490036"
"exdqlm_univar_synth","draw_108",1685,"2021-01-24","forecast","0.495284134900895"
"exdqlm_univar_synth","draw_108",1685,"2021-01-25","forecast","0.330236118964299"
"exdqlm_univar_synth","draw_108",1685,"2021-01-26","forecast","0.581638130122425"
"exdqlm_univar_synth","draw_108",1685,"2021-01-27","forecast","2.18338419181150"
"exdqlm_univar_synth","draw_108",1685,"2021-01-28","forecast","3.02148293777695"
"exdqlm_univar_synth","draw_108",1685,"2021-01-29","forecast","2.23713042551167"
"exdqlm_univar_synth","draw_108",1685,"2021-01-30","forecast","1.19999020666347"
"exdqlm_univar_synth","draw_108",1685,"2021-01-31","forecast","0.927963919245065"
"exdqlm_univar_synth","draw_108",1685,"2021-02-01","forecast","0.311561291413536"
"exdqlm_univar_synth","draw_108",1685,"2021-02-02","forecast","0.917567341575699"
"exdqlm_univar_synth","draw_108",1685,"2021-02-03","forecast","0.797971933013328"
"exdqlm_univar_synth","draw_108",1685,"2021-02-04","forecast","0.724849490419638"
"exdqlm_univar_synth","draw_108",1685,"2021-02-05","forecast","0.703851445713925"
"exdqlm_univar_synth","draw_108",1685,"2021-02-06","forecast","0.210636982880650"
"exdqlm_univar_synth","draw_108",1685,"2021-02-07","forecast","0.311556946721793"
"exdqlm_univar_synth","draw_108",1685,"2021-02-08","forecast","0.352379555747141"
"exdqlm_univar_synth","draw_108",1685,"2021-02-09","forecast","0.547782353495363"
"exdqlm_univar_synth","draw_108",1685,"2021-02-10","forecast","1.02299968715273"
"exdqlm_univar_synth","draw_108",1685,"2021-02-11","forecast","0.540009295500458"
"exdqlm_univar_synth","draw_108",1685,"2021-02-12","forecast","0.907590881185236"
"exdqlm_univar_synth","draw_108",1685,"2021-02-13","forecast","0.284770412130685"
"exdqlm_univar_synth","draw_108",1685,"2021-02-14","forecast","1.15716742068684"
"exdqlm_univar_synth","draw_108",1685,"2021-02-15","forecast","0.903087534682658"
"exdqlm_univar_synth","draw_108",1685,"2021-02-16","forecast","0.883628687505269"
"exdqlm_univar_synth","draw_108",1685,"2021-02-17","forecast","0.361975704712434"
"exdqlm_univar_synth","draw_108",1685,"2021-02-18","forecast","0.701252685175080"
"exdqlm_univar_synth","draw_108",1685,"2021-02-19","forecast","0.584230493017628"
"exdqlm_univar_synth","draw_108",1685,"2021-02-20","forecast","0.911360540237571"
"exdqlm_univar_synth","draw_109",1701,"2021-01-24","forecast","0.278707055893179"
"exdqlm_univar_synth","draw_109",1701,"2021-01-25","forecast","0.582912323721045"
"exdqlm_univar_synth","draw_109",1701,"2021-01-26","forecast","0.706384712046851"
"exdqlm_univar_synth","draw_109",1701,"2021-01-27","forecast","2.66555085261541"
"exdqlm_univar_synth","draw_109",1701,"2021-01-28","forecast","2.59147574693864"
"exdqlm_univar_synth","draw_109",1701,"2021-01-29","forecast","3.13829447942378"
"exdqlm_univar_synth","draw_109",1701,"2021-01-30","forecast","1.44187060507077"
"exdqlm_univar_synth","draw_109",1701,"2021-01-31","forecast","1.14414240833521"
"exdqlm_univar_synth","draw_109",1701,"2021-02-01","forecast","0.422074730186572"
"exdqlm_univar_synth","draw_109",1701,"2021-02-02","forecast","1.22708373171396"
"exdqlm_univar_synth","draw_109",1701,"2021-02-03","forecast","0.632632096306255"
"exdqlm_univar_synth","draw_109",1701,"2021-02-04","forecast","0.452509972628115"
"exdqlm_univar_synth","draw_109",1701,"2021-02-05","forecast","0.560708067077742"
"exdqlm_univar_synth","draw_109",1701,"2021-02-06","forecast","0.513322575679829"
"exdqlm_univar_synth","draw_109",1701,"2021-02-07","forecast","0.591702687298288"
"exdqlm_univar_synth","draw_109",1701,"2021-02-08","forecast","0.604731442590927"
"exdqlm_univar_synth","draw_109",1701,"2021-02-09","forecast","0.542918583743158"
"exdqlm_univar_synth","draw_109",1701,"2021-02-10","forecast","1.36785511717876"
"exdqlm_univar_synth","draw_109",1701,"2021-02-11","forecast","0.975892883112589"
"exdqlm_univar_synth","draw_109",1701,"2021-02-12","forecast","0.498892363035733"
"exdqlm_univar_synth","draw_109",1701,"2021-02-13","forecast","0.734363445037400"
"exdqlm_univar_synth","draw_109",1701,"2021-02-14","forecast","1.14816730680322"
"exdqlm_univar_synth","draw_109",1701,"2021-02-15","forecast","0.914513306498036"
"exdqlm_univar_synth","draw_109",1701,"2021-02-16","forecast","0.621274558462664"
"exdqlm_univar_synth","draw_109",1701,"2021-02-17","forecast","0.715922101309941"
"exdqlm_univar_synth","draw_109",1701,"2021-02-18","forecast","0.687331984390373"
"exdqlm_univar_synth","draw_109",1701,"2021-02-19","forecast","0.174140236659585"
"exdqlm_univar_synth","draw_109",1701,"2021-02-20","forecast","0.784104815451725"
"exdqlm_univar_synth","draw_110",1717,"2021-01-24","forecast","0.397852198287517"
"exdqlm_univar_synth","draw_110",1717,"2021-01-25","forecast","0.781089829423473"
"exdqlm_univar_synth","draw_110",1717,"2021-01-26","forecast","0.359794612760233"
"exdqlm_univar_synth","draw_110",1717,"2021-01-27","forecast","2.32663228960909"
"exdqlm_univar_synth","draw_110",1717,"2021-01-28","forecast","2.97703189028459"
"exdqlm_univar_synth","draw_110",1717,"2021-01-29","forecast","2.97780948635979"
"exdqlm_univar_synth","draw_110",1717,"2021-01-30","forecast","1.45690139488402"
"exdqlm_univar_synth","draw_110",1717,"2021-01-31","forecast","0.859776286517559"
"exdqlm_univar_synth","draw_110",1717,"2021-02-01","forecast","0.422048251307862"
"exdqlm_univar_synth","draw_110",1717,"2021-02-02","forecast","0.932292285559676"
"exdqlm_univar_synth","draw_110",1717,"2021-02-03","forecast","0.817298578870023"
"exdqlm_univar_synth","draw_110",1717,"2021-02-04","forecast","0.745133951460609"
"exdqlm_univar_synth","draw_110",1717,"2021-02-05","forecast","0.595866228857386"
"exdqlm_univar_synth","draw_110",1717,"2021-02-06","forecast","0.500208092932525"
"exdqlm_univar_synth","draw_110",1717,"2021-02-07","forecast","0.591455150786802"
"exdqlm_univar_synth","draw_110",1717,"2021-02-08","forecast","0.603831755846267"
"exdqlm_univar_synth","draw_110",1717,"2021-02-09","forecast","0.545945248144062"
"exdqlm_univar_synth","draw_110",1717,"2021-02-10","forecast","1.64238269681102"
"exdqlm_univar_synth","draw_110",1717,"2021-02-11","forecast","0.868668090019590"
"exdqlm_univar_synth","draw_110",1717,"2021-02-12","forecast","0.884964269018278"
"exdqlm_univar_synth","draw_110",1717,"2021-02-13","forecast","0.732886966196632"
"exdqlm_univar_synth","draw_110",1717,"2021-02-14","forecast","1.03030205913218"
"exdqlm_univar_synth","draw_110",1717,"2021-02-15","forecast","1.11704677311977"
"exdqlm_univar_synth","draw_110",1717,"2021-02-16","forecast","0.831323906347190"
"exdqlm_univar_synth","draw_110",1717,"2021-02-17","forecast","0.704631584187729"
"exdqlm_univar_synth","draw_110",1717,"2021-02-18","forecast","0.652185372219439"
"exdqlm_univar_synth","draw_110",1717,"2021-02-19","forecast","0.474139032790736"
"exdqlm_univar_synth","draw_110",1717,"2021-02-20","forecast","0.911644964955310"
"exdqlm_univar_synth","draw_111",1732,"2021-01-24","forecast","0.377873743934015"
"exdqlm_univar_synth","draw_111",1732,"2021-01-25","forecast","0.396518849159248"
"exdqlm_univar_synth","draw_111",1732,"2021-01-26","forecast","0.569576215093432"
"exdqlm_univar_synth","draw_111",1732,"2021-01-27","forecast","2.31417205158106"
"exdqlm_univar_synth","draw_111",1732,"2021-01-28","forecast","3.15297051518243"
"exdqlm_univar_synth","draw_111",1732,"2021-01-29","forecast","3.19733923788348"
"exdqlm_univar_synth","draw_111",1732,"2021-01-30","forecast","1.28666368213694"
"exdqlm_univar_synth","draw_111",1732,"2021-01-31","forecast","0.837646402715604"
"exdqlm_univar_synth","draw_111",1732,"2021-02-01","forecast","0.419545541743409"
"exdqlm_univar_synth","draw_111",1732,"2021-02-02","forecast","0.861535500981022"
"exdqlm_univar_synth","draw_111",1732,"2021-02-03","forecast","0.560628511218284"
"exdqlm_univar_synth","draw_111",1732,"2021-02-04","forecast","0.724029421076819"
"exdqlm_univar_synth","draw_111",1732,"2021-02-05","forecast","0.559834632928636"
"exdqlm_univar_synth","draw_111",1732,"2021-02-06","forecast","0.332770496632410"
"exdqlm_univar_synth","draw_111",1732,"2021-02-07","forecast","0.558618514810032"
"exdqlm_univar_synth","draw_111",1732,"2021-02-08","forecast","0.345249224912295"
"exdqlm_univar_synth","draw_111",1732,"2021-02-09","forecast","0.534397816041742"
"exdqlm_univar_synth","draw_111",1732,"2021-02-10","forecast","0.801039251582268"
"exdqlm_univar_synth","draw_111",1732,"2021-02-11","forecast","0.751466657887998"
"exdqlm_univar_synth","draw_111",1732,"2021-02-12","forecast","0.982704243282926"
"exdqlm_univar_synth","draw_111",1732,"2021-02-13","forecast","0.732613241440165"
"exdqlm_univar_synth","draw_111",1732,"2021-02-14","forecast","1.14887314764049"
"exdqlm_univar_synth","draw_111",1732,"2021-02-15","forecast","0.925282603954160"
"exdqlm_univar_synth","draw_111",1732,"2021-02-16","forecast","1.06779935841182"
"exdqlm_univar_synth","draw_111",1732,"2021-02-17","forecast","0.402890897248775"
"exdqlm_univar_synth","draw_111",1732,"2021-02-18","forecast","0.625195487754593"
"exdqlm_univar_synth","draw_111",1732,"2021-02-19","forecast","0.334075044263667"
"exdqlm_univar_synth","draw_111",1732,"2021-02-20","forecast","0.909195891553989"
"exdqlm_univar_synth","draw_112",1748,"2021-01-24","forecast","0.400396106952859"
"exdqlm_univar_synth","draw_112",1748,"2021-01-25","forecast","0.553486217360680"
"exdqlm_univar_synth","draw_112",1748,"2021-01-26","forecast","0.327399954196973"
"exdqlm_univar_synth","draw_112",1748,"2021-01-27","forecast","2.78806276856246"
"exdqlm_univar_synth","draw_112",1748,"2021-01-28","forecast","2.18312335960324"
"exdqlm_univar_synth","draw_112",1748,"2021-01-29","forecast","3.28161346092448"
"exdqlm_univar_synth","draw_112",1748,"2021-01-30","forecast","1.13988129306181"
"exdqlm_univar_synth","draw_112",1748,"2021-01-31","forecast","0.676240254186876"
"exdqlm_univar_synth","draw_112",1748,"2021-02-01","forecast","0.218178132426457"
"exdqlm_univar_synth","draw_112",1748,"2021-02-02","forecast","0.916938247044597"
"exdqlm_univar_synth","draw_112",1748,"2021-02-03","forecast","0.823828280138422"
"exdqlm_univar_synth","draw_112",1748,"2021-02-04","forecast","0.514198865958417"
"exdqlm_univar_synth","draw_112",1748,"2021-02-05","forecast","0.407562763374119"
"exdqlm_univar_synth","draw_112",1748,"2021-02-06","forecast","0.504857885330155"
"exdqlm_univar_synth","draw_112",1748,"2021-02-07","forecast","0.591772002467199"
"exdqlm_univar_synth","draw_112",1748,"2021-02-08","forecast","0.494739898222480"
"exdqlm_univar_synth","draw_112",1748,"2021-02-09","forecast","0.451435322299582"
"exdqlm_univar_synth","draw_112",1748,"2021-02-10","forecast","1.39920053301252"
"exdqlm_univar_synth","draw_112",1748,"2021-02-11","forecast","1.01872356333717"
"exdqlm_univar_synth","draw_112",1748,"2021-02-12","forecast","0.858187243339552"
"exdqlm_univar_synth","draw_112",1748,"2021-02-13","forecast","0.733244929142111"
"exdqlm_univar_synth","draw_112",1748,"2021-02-14","forecast","0.830920882814128"
"exdqlm_univar_synth","draw_112",1748,"2021-02-15","forecast","0.546360008521425"
"exdqlm_univar_synth","draw_112",1748,"2021-02-16","forecast","1.01401654757934"
"exdqlm_univar_synth","draw_112",1748,"2021-02-17","forecast","0.719459892900554"
"exdqlm_univar_synth","draw_112",1748,"2021-02-18","forecast","0.347229341657247"
"exdqlm_univar_synth","draw_112",1748,"2021-02-19","forecast","0.584825077784559"
"exdqlm_univar_synth","draw_112",1748,"2021-02-20","forecast","0.761565882085306"
"exdqlm_univar_synth","draw_113",1764,"2021-01-24","forecast","0.414351187678331"
"exdqlm_univar_synth","draw_113",1764,"2021-01-25","forecast","0.734196295305178"
"exdqlm_univar_synth","draw_113",1764,"2021-01-26","forecast","0.560725389068381"
"exdqlm_univar_synth","draw_113",1764,"2021-01-27","forecast","2.09319913158082"
"exdqlm_univar_synth","draw_113",1764,"2021-01-28","forecast","3.05947156603798"
"exdqlm_univar_synth","draw_113",1764,"2021-01-29","forecast","3.47347542559287"
"exdqlm_univar_synth","draw_113",1764,"2021-01-30","forecast","1.46352731473775"
"exdqlm_univar_synth","draw_113",1764,"2021-01-31","forecast","0.878737374702051"
"exdqlm_univar_synth","draw_113",1764,"2021-02-01","forecast","0.420513613370006"
"exdqlm_univar_synth","draw_113",1764,"2021-02-02","forecast","1.09062458844473"
"exdqlm_univar_synth","draw_113",1764,"2021-02-03","forecast","0.824114476447785"
"exdqlm_univar_synth","draw_113",1764,"2021-02-04","forecast","0.732063434454003"
"exdqlm_univar_synth","draw_113",1764,"2021-02-05","forecast","0.562476556058815"
"exdqlm_univar_synth","draw_113",1764,"2021-02-06","forecast","0.297647897775397"
"exdqlm_univar_synth","draw_113",1764,"2021-02-07","forecast","0.597032695938983"
"exdqlm_univar_synth","draw_113",1764,"2021-02-08","forecast","0.323209602408857"
"exdqlm_univar_synth","draw_113",1764,"2021-02-09","forecast","0.505937284159559"
"exdqlm_univar_synth","draw_113",1764,"2021-02-10","forecast","0.973605800069203"
"exdqlm_univar_synth","draw_113",1764,"2021-02-11","forecast","0.946914403980009"
"exdqlm_univar_synth","draw_113",1764,"2021-02-12","forecast","0.910106180408189"
"exdqlm_univar_synth","draw_113",1764,"2021-02-13","forecast","0.257742417091531"
"exdqlm_univar_synth","draw_113",1764,"2021-02-14","forecast","0.706111046452353"
"exdqlm_univar_synth","draw_113",1764,"2021-02-15","forecast","0.456373696539923"
"exdqlm_univar_synth","draw_113",1764,"2021-02-16","forecast","1.13269176430011"
"exdqlm_univar_synth","draw_113",1764,"2021-02-17","forecast","0.715593790267655"
"exdqlm_univar_synth","draw_113",1764,"2021-02-18","forecast","0.449235056878677"
"exdqlm_univar_synth","draw_113",1764,"2021-02-19","forecast","0.483706720935024"
"exdqlm_univar_synth","draw_113",1764,"2021-02-20","forecast","0.909922173762110"
"exdqlm_univar_synth","draw_114",1780,"2021-01-24","forecast","0.373723237712464"
"exdqlm_univar_synth","draw_114",1780,"2021-01-25","forecast","0.314917187028353"
"exdqlm_univar_synth","draw_114",1780,"2021-01-26","forecast","0.338435933062324"
"exdqlm_univar_synth","draw_114",1780,"2021-01-27","forecast","1.82389260900310"
"exdqlm_univar_synth","draw_114",1780,"2021-01-28","forecast","3.22461879369602"
"exdqlm_univar_synth","draw_114",1780,"2021-01-29","forecast","2.22894153286612"
"exdqlm_univar_synth","draw_114",1780,"2021-01-30","forecast","1.49845060180592"
"exdqlm_univar_synth","draw_114",1780,"2021-01-31","forecast","0.848098834775207"
"exdqlm_univar_synth","draw_114",1780,"2021-02-01","forecast","0.441541753763824"
"exdqlm_univar_synth","draw_114",1780,"2021-02-02","forecast","1.15585485717453"
"exdqlm_univar_synth","draw_114",1780,"2021-02-03","forecast","0.529701499159773"
"exdqlm_univar_synth","draw_114",1780,"2021-02-04","forecast","0.638908358344427"
"exdqlm_univar_synth","draw_114",1780,"2021-02-05","forecast","0.271080433174984"
"exdqlm_univar_synth","draw_114",1780,"2021-02-06","forecast","0.139231664560368"
"exdqlm_univar_synth","draw_114",1780,"2021-02-07","forecast","0.336033562018265"
"exdqlm_univar_synth","draw_114",1780,"2021-02-08","forecast","0.601806380710897"
"exdqlm_univar_synth","draw_114",1780,"2021-02-09","forecast","0.545430669497162"
"exdqlm_univar_synth","draw_114",1780,"2021-02-10","forecast","1.28007952642309"
"exdqlm_univar_synth","draw_114",1780,"2021-02-11","forecast","0.559277137472528"
"exdqlm_univar_synth","draw_114",1780,"2021-02-12","forecast","0.884135276367930"
"exdqlm_univar_synth","draw_114",1780,"2021-02-13","forecast","0.570484523287064"
"exdqlm_univar_synth","draw_114",1780,"2021-02-14","forecast","0.955484551895745"
"exdqlm_univar_synth","draw_114",1780,"2021-02-15","forecast","0.806636508926880"
"exdqlm_univar_synth","draw_114",1780,"2021-02-16","forecast","1.08656660219112"
"exdqlm_univar_synth","draw_114",1780,"2021-02-17","forecast","0.665592449976494"
"exdqlm_univar_synth","draw_114",1780,"2021-02-18","forecast","0.513097169995402"
"exdqlm_univar_synth","draw_114",1780,"2021-02-19","forecast","0.583507689832633"
"exdqlm_univar_synth","draw_114",1780,"2021-02-20","forecast","0.911343577795869"
"exdqlm_univar_synth","draw_115",1795,"2021-01-24","forecast","0.399527790807560"
"exdqlm_univar_synth","draw_115",1795,"2021-01-25","forecast","0.528977116525397"
"exdqlm_univar_synth","draw_115",1795,"2021-01-26","forecast","0.446670654333439"
"exdqlm_univar_synth","draw_115",1795,"2021-01-27","forecast","1.83242089179427"
"exdqlm_univar_synth","draw_115",1795,"2021-01-28","forecast","3.44885585772291"
"exdqlm_univar_synth","draw_115",1795,"2021-01-29","forecast","3.24611156771107"
"exdqlm_univar_synth","draw_115",1795,"2021-01-30","forecast","1.44297367300317"
"exdqlm_univar_synth","draw_115",1795,"2021-01-31","forecast","1.15973452987586"
"exdqlm_univar_synth","draw_115",1795,"2021-02-01","forecast","0.436771835631274"
"exdqlm_univar_synth","draw_115",1795,"2021-02-02","forecast","0.529278355966578"
"exdqlm_univar_synth","draw_115",1795,"2021-02-03","forecast","0.532728524047345"
"exdqlm_univar_synth","draw_115",1795,"2021-02-04","forecast","0.722609648524686"
"exdqlm_univar_synth","draw_115",1795,"2021-02-05","forecast","0.565546631595484"
"exdqlm_univar_synth","draw_115",1795,"2021-02-06","forecast","0.261984278869821"
"exdqlm_univar_synth","draw_115",1795,"2021-02-07","forecast","0.591341815040950"
"exdqlm_univar_synth","draw_115",1795,"2021-02-08","forecast","0.705163600367386"
"exdqlm_univar_synth","draw_115",1795,"2021-02-09","forecast","0.416823707525905"
"exdqlm_univar_synth","draw_115",1795,"2021-02-10","forecast","1.39925766610703"
"exdqlm_univar_synth","draw_115",1795,"2021-02-11","forecast","0.817534451820080"
"exdqlm_univar_synth","draw_115",1795,"2021-02-12","forecast","0.882073728117218"
"exdqlm_univar_synth","draw_115",1795,"2021-02-13","forecast","0.737290341095082"
"exdqlm_univar_synth","draw_115",1795,"2021-02-14","forecast","1.16585403636814"
"exdqlm_univar_synth","draw_115",1795,"2021-02-15","forecast","0.841113605733784"
"exdqlm_univar_synth","draw_115",1795,"2021-02-16","forecast","1.06266770531757"
"exdqlm_univar_synth","draw_115",1795,"2021-02-17","forecast","0.716689516810015"
"exdqlm_univar_synth","draw_115",1795,"2021-02-18","forecast","0.211444320920804"
"exdqlm_univar_synth","draw_115",1795,"2021-02-19","forecast","0.577672432769277"
"exdqlm_univar_synth","draw_115",1795,"2021-02-20","forecast","0.908576211467592"
"exdqlm_univar_synth","draw_116",1811,"2021-01-24","forecast","0.495289239712318"
"exdqlm_univar_synth","draw_116",1811,"2021-01-25","forecast","0.609677256047070"
"exdqlm_univar_synth","draw_116",1811,"2021-01-26","forecast","0.514170003201964"
"exdqlm_univar_synth","draw_116",1811,"2021-01-27","forecast","2.00305104284981"
"exdqlm_univar_synth","draw_116",1811,"2021-01-28","forecast","2.87092439795899"
"exdqlm_univar_synth","draw_116",1811,"2021-01-29","forecast","3.34428763496779"
"exdqlm_univar_synth","draw_116",1811,"2021-01-30","forecast","1.44392724116861"
"exdqlm_univar_synth","draw_116",1811,"2021-01-31","forecast","0.621522437982368"
"exdqlm_univar_synth","draw_116",1811,"2021-02-01","forecast","0.329191627624853"
"exdqlm_univar_synth","draw_116",1811,"2021-02-02","forecast","1.05644372350919"
"exdqlm_univar_synth","draw_116",1811,"2021-02-03","forecast","0.819523075376902"
"exdqlm_univar_synth","draw_116",1811,"2021-02-04","forecast","0.485703630977054"
"exdqlm_univar_synth","draw_116",1811,"2021-02-05","forecast","0.406739383856356"
"exdqlm_univar_synth","draw_116",1811,"2021-02-06","forecast","0.300481901526993"
"exdqlm_univar_synth","draw_116",1811,"2021-02-07","forecast","0.536513763484151"
"exdqlm_univar_synth","draw_116",1811,"2021-02-08","forecast","0.603278025252745"
"exdqlm_univar_synth","draw_116",1811,"2021-02-09","forecast","0.545257988248994"
"exdqlm_univar_synth","draw_116",1811,"2021-02-10","forecast","1.39709601810664"
"exdqlm_univar_synth","draw_116",1811,"2021-02-11","forecast","0.844555483942532"
"exdqlm_univar_synth","draw_116",1811,"2021-02-12","forecast","0.843717421049382"
"exdqlm_univar_synth","draw_116",1811,"2021-02-13","forecast","0.732407660850162"
"exdqlm_univar_synth","draw_116",1811,"2021-02-14","forecast","1.16574484364237"
"exdqlm_univar_synth","draw_116",1811,"2021-02-15","forecast","0.291874714887071"
"exdqlm_univar_synth","draw_116",1811,"2021-02-16","forecast","1.07058837830302"
"exdqlm_univar_synth","draw_116",1811,"2021-02-17","forecast","0.689017585633115"
"exdqlm_univar_synth","draw_116",1811,"2021-02-18","forecast","0.693273229346189"
"exdqlm_univar_synth","draw_116",1811,"2021-02-19","forecast","0.316186108797132"
"exdqlm_univar_synth","draw_116",1811,"2021-02-20","forecast","0.592342848814829"
"exdqlm_univar_synth","draw_117",1827,"2021-01-24","forecast","0.464604381392266"
"exdqlm_univar_synth","draw_117",1827,"2021-01-25","forecast","0.664133659041685"
"exdqlm_univar_synth","draw_117",1827,"2021-01-26","forecast","0.553611913214095"
"exdqlm_univar_synth","draw_117",1827,"2021-01-27","forecast","1.87711664481332"
"exdqlm_univar_synth","draw_117",1827,"2021-01-28","forecast","3.02478368872753"
"exdqlm_univar_synth","draw_117",1827,"2021-01-29","forecast","3.73048455032519"
"exdqlm_univar_synth","draw_117",1827,"2021-01-30","forecast","1.64777342867545"
"exdqlm_univar_synth","draw_117",1827,"2021-01-31","forecast","0.642624321130873"
"exdqlm_univar_synth","draw_117",1827,"2021-02-01","forecast","0.420102483476405"
"exdqlm_univar_synth","draw_117",1827,"2021-02-02","forecast","1.15572743857147"
"exdqlm_univar_synth","draw_117",1827,"2021-02-03","forecast","0.821379453838365"
"exdqlm_univar_synth","draw_117",1827,"2021-02-04","forecast","0.646787070795821"
"exdqlm_univar_synth","draw_117",1827,"2021-02-05","forecast","0.560745210441576"
"exdqlm_univar_synth","draw_117",1827,"2021-02-06","forecast","0.509795465761028"
"exdqlm_univar_synth","draw_117",1827,"2021-02-07","forecast","0.415031153078747"
"exdqlm_univar_synth","draw_117",1827,"2021-02-08","forecast","0.587286240960052"
"exdqlm_univar_synth","draw_117",1827,"2021-02-09","forecast","0.541730866884791"
"exdqlm_univar_synth","draw_117",1827,"2021-02-10","forecast","1.20780814788040"
"exdqlm_univar_synth","draw_117",1827,"2021-02-11","forecast","0.696545811316613"
"exdqlm_univar_synth","draw_117",1827,"2021-02-12","forecast","0.883173847592651"
"exdqlm_univar_synth","draw_117",1827,"2021-02-13","forecast","0.729332018696474"
"exdqlm_univar_synth","draw_117",1827,"2021-02-14","forecast","1.15021298845557"
"exdqlm_univar_synth","draw_117",1827,"2021-02-15","forecast","0.716669803581304"
"exdqlm_univar_synth","draw_117",1827,"2021-02-16","forecast","1.26665904509646"
"exdqlm_univar_synth","draw_117",1827,"2021-02-17","forecast","0.713864386165494"
"exdqlm_univar_synth","draw_117",1827,"2021-02-18","forecast","0.429766777447598"
"exdqlm_univar_synth","draw_117",1827,"2021-02-19","forecast","0.583669719717461"
"exdqlm_univar_synth","draw_117",1827,"2021-02-20","forecast","0.910031743872797"
"exdqlm_univar_synth","draw_118",1843,"2021-01-24","forecast","0.466867073961951"
"exdqlm_univar_synth","draw_118",1843,"2021-01-25","forecast","0.775414880055718"
"exdqlm_univar_synth","draw_118",1843,"2021-01-26","forecast","0.452870226547656"
"exdqlm_univar_synth","draw_118",1843,"2021-01-27","forecast","3.33547951696730"
"exdqlm_univar_synth","draw_118",1843,"2021-01-28","forecast","2.33394424969065"
"exdqlm_univar_synth","draw_118",1843,"2021-01-29","forecast","2.62766212331601"
"exdqlm_univar_synth","draw_118",1843,"2021-01-30","forecast","1.44293037218342"
"exdqlm_univar_synth","draw_118",1843,"2021-01-31","forecast","0.823603896752620"
"exdqlm_univar_synth","draw_118",1843,"2021-02-01","forecast","0.343386448058847"
"exdqlm_univar_synth","draw_118",1843,"2021-02-02","forecast","0.792443088708548"
"exdqlm_univar_synth","draw_118",1843,"2021-02-03","forecast","0.820323088325021"
"exdqlm_univar_synth","draw_118",1843,"2021-02-04","forecast","0.722759088502332"
"exdqlm_univar_synth","draw_118",1843,"2021-02-05","forecast","0.387197311043991"
"exdqlm_univar_synth","draw_118",1843,"2021-02-06","forecast","0.513590549940376"
"exdqlm_univar_synth","draw_118",1843,"2021-02-07","forecast","0.589569062943978"
"exdqlm_univar_synth","draw_118",1843,"2021-02-08","forecast","0.604864716823759"
"exdqlm_univar_synth","draw_118",1843,"2021-02-09","forecast","0.539944650638698"
"exdqlm_univar_synth","draw_118",1843,"2021-02-10","forecast","1.14320169245482"
"exdqlm_univar_synth","draw_118",1843,"2021-02-11","forecast","0.847167416015425"
"exdqlm_univar_synth","draw_118",1843,"2021-02-12","forecast","0.956160173779868"
"exdqlm_univar_synth","draw_118",1843,"2021-02-13","forecast","0.502576903714408"
"exdqlm_univar_synth","draw_118",1843,"2021-02-14","forecast","1.09979623740355"
"exdqlm_univar_synth","draw_118",1843,"2021-02-15","forecast","0.276312291970003"
"exdqlm_univar_synth","draw_118",1843,"2021-02-16","forecast","0.860427086808554"
"exdqlm_univar_synth","draw_118",1843,"2021-02-17","forecast","0.434491862899805"
"exdqlm_univar_synth","draw_118",1843,"2021-02-18","forecast","0.666299119441791"
"exdqlm_univar_synth","draw_118",1843,"2021-02-19","forecast","0.584753776643201"
"exdqlm_univar_synth","draw_118",1843,"2021-02-20","forecast","0.749355008613889"
"exdqlm_univar_synth","draw_119",1858,"2021-01-24","forecast","0.492206001946775"
"exdqlm_univar_synth","draw_119",1858,"2021-01-25","forecast","0.403976433816141"
"exdqlm_univar_synth","draw_119",1858,"2021-01-26","forecast","0.560250422719264"
"exdqlm_univar_synth","draw_119",1858,"2021-01-27","forecast","2.69876593453969"
"exdqlm_univar_synth","draw_119",1858,"2021-01-28","forecast","3.03021044381875"
"exdqlm_univar_synth","draw_119",1858,"2021-01-29","forecast","3.37618026664816"
"exdqlm_univar_synth","draw_119",1858,"2021-01-30","forecast","1.50414643791664"
"exdqlm_univar_synth","draw_119",1858,"2021-01-31","forecast","0.801019672204401"
"exdqlm_univar_synth","draw_119",1858,"2021-02-01","forecast","0.265007281570184"
"exdqlm_univar_synth","draw_119",1858,"2021-02-02","forecast","0.829519199807494"
"exdqlm_univar_synth","draw_119",1858,"2021-02-03","forecast","0.770731895400647"
"exdqlm_univar_synth","draw_119",1858,"2021-02-04","forecast","0.699854932860847"
"exdqlm_univar_synth","draw_119",1858,"2021-02-05","forecast","0.695302384251900"
"exdqlm_univar_synth","draw_119",1858,"2021-02-06","forecast","0.506583876013014"
"exdqlm_univar_synth","draw_119",1858,"2021-02-07","forecast","0.591746696162822"
"exdqlm_univar_synth","draw_119",1858,"2021-02-08","forecast","0.673816890265232"
"exdqlm_univar_synth","draw_119",1858,"2021-02-09","forecast","0.326853932966560"
"exdqlm_univar_synth","draw_119",1858,"2021-02-10","forecast","1.23593992342931"
"exdqlm_univar_synth","draw_119",1858,"2021-02-11","forecast","0.724978444545252"
"exdqlm_univar_synth","draw_119",1858,"2021-02-12","forecast","0.948532782446648"
"exdqlm_univar_synth","draw_119",1858,"2021-02-13","forecast","0.728806423867952"
"exdqlm_univar_synth","draw_119",1858,"2021-02-14","forecast","1.17848378535981"
"exdqlm_univar_synth","draw_119",1858,"2021-02-15","forecast","0.866061674596779"
"exdqlm_univar_synth","draw_119",1858,"2021-02-16","forecast","1.08669417578560"
"exdqlm_univar_synth","draw_119",1858,"2021-02-17","forecast","0.712111854172351"
"exdqlm_univar_synth","draw_119",1858,"2021-02-18","forecast","0.687706737155417"
"exdqlm_univar_synth","draw_119",1858,"2021-02-19","forecast","0.576842092334298"
"exdqlm_univar_synth","draw_119",1858,"2021-02-20","forecast","0.576520384099249"
"exdqlm_univar_synth","draw_120",1874,"2021-01-24","forecast","0.372458888296470"
"exdqlm_univar_synth","draw_120",1874,"2021-01-25","forecast","0.771140990733040"
"exdqlm_univar_synth","draw_120",1874,"2021-01-26","forecast","0.435429745753694"
"exdqlm_univar_synth","draw_120",1874,"2021-01-27","forecast","2.82751143737721"
"exdqlm_univar_synth","draw_120",1874,"2021-01-28","forecast","3.34585100510225"
"exdqlm_univar_synth","draw_120",1874,"2021-01-29","forecast","3.26866361451194"
"exdqlm_univar_synth","draw_120",1874,"2021-01-30","forecast","1.37875415166435"
"exdqlm_univar_synth","draw_120",1874,"2021-01-31","forecast","0.852266002230974"
"exdqlm_univar_synth","draw_120",1874,"2021-02-01","forecast","0.232189094698543"
"exdqlm_univar_synth","draw_120",1874,"2021-02-02","forecast","1.22229686371088"
"exdqlm_univar_synth","draw_120",1874,"2021-02-03","forecast","0.822681738588562"
"exdqlm_univar_synth","draw_120",1874,"2021-02-04","forecast","0.737220104978657"
"exdqlm_univar_synth","draw_120",1874,"2021-02-05","forecast","0.560758422161964"
"exdqlm_univar_synth","draw_120",1874,"2021-02-06","forecast","0.512345843585266"
"exdqlm_univar_synth","draw_120",1874,"2021-02-07","forecast","0.370430284111084"
"exdqlm_univar_synth","draw_120",1874,"2021-02-08","forecast","0.689009841117888"
"exdqlm_univar_synth","draw_120",1874,"2021-02-09","forecast","0.547197890274442"
"exdqlm_univar_synth","draw_120",1874,"2021-02-10","forecast","0.875224236016157"
"exdqlm_univar_synth","draw_120",1874,"2021-02-11","forecast","0.445722331555950"
"exdqlm_univar_synth","draw_120",1874,"2021-02-12","forecast","0.760008124494744"
"exdqlm_univar_synth","draw_120",1874,"2021-02-13","forecast","0.729867874950577"
"exdqlm_univar_synth","draw_120",1874,"2021-02-14","forecast","1.14893214629239"
"exdqlm_univar_synth","draw_120",1874,"2021-02-15","forecast","0.696472058181429"
"exdqlm_univar_synth","draw_120",1874,"2021-02-16","forecast","1.08698881898576"
"exdqlm_univar_synth","draw_120",1874,"2021-02-17","forecast","0.715022309237319"
"exdqlm_univar_synth","draw_120",1874,"2021-02-18","forecast","0.606954984810199"
"exdqlm_univar_synth","draw_120",1874,"2021-02-19","forecast","0.540877382465702"
"exdqlm_univar_synth","draw_120",1874,"2021-02-20","forecast","0.907936166622265"
"exdqlm_univar_synth","draw_121",1890,"2021-01-24","forecast","0.261117418802378"
"exdqlm_univar_synth","draw_121",1890,"2021-01-25","forecast","0.432917893980210"
"exdqlm_univar_synth","draw_121",1890,"2021-01-26","forecast","0.526175419985818"
"exdqlm_univar_synth","draw_121",1890,"2021-01-27","forecast","2.63546048586425"
"exdqlm_univar_synth","draw_121",1890,"2021-01-28","forecast","2.27902297438580"
"exdqlm_univar_synth","draw_121",1890,"2021-01-29","forecast","3.78287659346566"
"exdqlm_univar_synth","draw_121",1890,"2021-01-30","forecast","1.33627359673640"
"exdqlm_univar_synth","draw_121",1890,"2021-01-31","forecast","0.799266968934640"
"exdqlm_univar_synth","draw_121",1890,"2021-02-01","forecast","0.420528969678749"
"exdqlm_univar_synth","draw_121",1890,"2021-02-02","forecast","1.12881556002166"
"exdqlm_univar_synth","draw_121",1890,"2021-02-03","forecast","0.823473003239109"
"exdqlm_univar_synth","draw_121",1890,"2021-02-04","forecast","0.724100186018577"
"exdqlm_univar_synth","draw_121",1890,"2021-02-05","forecast","0.317184731375229"
"exdqlm_univar_synth","draw_121",1890,"2021-02-06","forecast","0.359198389571831"
"exdqlm_univar_synth","draw_121",1890,"2021-02-07","forecast","0.592122574575135"
"exdqlm_univar_synth","draw_121",1890,"2021-02-08","forecast","0.489351114668017"
"exdqlm_univar_synth","draw_121",1890,"2021-02-09","forecast","0.542200800814495"
"exdqlm_univar_synth","draw_121",1890,"2021-02-10","forecast","1.14273838179187"
"exdqlm_univar_synth","draw_121",1890,"2021-02-11","forecast","0.844719437238255"
"exdqlm_univar_synth","draw_121",1890,"2021-02-12","forecast","0.950682297647016"
"exdqlm_univar_synth","draw_121",1890,"2021-02-13","forecast","0.729455335366013"
"exdqlm_univar_synth","draw_121",1890,"2021-02-14","forecast","1.23180737332900"
"exdqlm_univar_synth","draw_121",1890,"2021-02-15","forecast","1.02984872636988"
"exdqlm_univar_synth","draw_121",1890,"2021-02-16","forecast","0.797452939355607"
"exdqlm_univar_synth","draw_121",1890,"2021-02-17","forecast","0.641525881022596"
"exdqlm_univar_synth","draw_121",1890,"2021-02-18","forecast","0.836053190229860"
"exdqlm_univar_synth","draw_121",1890,"2021-02-19","forecast","0.539658324854701"
"exdqlm_univar_synth","draw_121",1890,"2021-02-20","forecast","0.899289359746858"
"exdqlm_univar_synth","draw_122",1906,"2021-01-24","forecast","0.501780906339791"
"exdqlm_univar_synth","draw_122",1906,"2021-01-25","forecast","0.300721595351852"
"exdqlm_univar_synth","draw_122",1906,"2021-01-26","forecast","0.281792458304650"
"exdqlm_univar_synth","draw_122",1906,"2021-01-27","forecast","2.73248748491659"
"exdqlm_univar_synth","draw_122",1906,"2021-01-28","forecast","3.10158321479438"
"exdqlm_univar_synth","draw_122",1906,"2021-01-29","forecast","2.62386679642099"
"exdqlm_univar_synth","draw_122",1906,"2021-01-30","forecast","1.44436825223444"
"exdqlm_univar_synth","draw_122",1906,"2021-01-31","forecast","0.988774503016051"
"exdqlm_univar_synth","draw_122",1906,"2021-02-01","forecast","0.544144291607003"
"exdqlm_univar_synth","draw_122",1906,"2021-02-02","forecast","1.09040624314810"
"exdqlm_univar_synth","draw_122",1906,"2021-02-03","forecast","0.674724166283794"
"exdqlm_univar_synth","draw_122",1906,"2021-02-04","forecast","0.388928736753239"
"exdqlm_univar_synth","draw_122",1906,"2021-02-05","forecast","0.427714068343441"
"exdqlm_univar_synth","draw_122",1906,"2021-02-06","forecast","0.507157195613556"
"exdqlm_univar_synth","draw_122",1906,"2021-02-07","forecast","0.591653388544615"
"exdqlm_univar_synth","draw_122",1906,"2021-02-08","forecast","0.194419371411072"
"exdqlm_univar_synth","draw_122",1906,"2021-02-09","forecast","0.547649089051535"
"exdqlm_univar_synth","draw_122",1906,"2021-02-10","forecast","1.00532955013494"
"exdqlm_univar_synth","draw_122",1906,"2021-02-11","forecast","0.707291161647676"
"exdqlm_univar_synth","draw_122",1906,"2021-02-12","forecast","0.885113904909871"
"exdqlm_univar_synth","draw_122",1906,"2021-02-13","forecast","0.727799459930647"
"exdqlm_univar_synth","draw_122",1906,"2021-02-14","forecast","1.15357738077108"
"exdqlm_univar_synth","draw_122",1906,"2021-02-15","forecast","0.795421580333843"
"exdqlm_univar_synth","draw_122",1906,"2021-02-16","forecast","1.08411868568076"
"exdqlm_univar_synth","draw_122",1906,"2021-02-17","forecast","0.414049115569409"
"exdqlm_univar_synth","draw_122",1906,"2021-02-18","forecast","0.742574801659743"
"exdqlm_univar_synth","draw_122",1906,"2021-02-19","forecast","0.582932994324990"
"exdqlm_univar_synth","draw_122",1906,"2021-02-20","forecast","0.912274471230581"
"exdqlm_univar_synth","draw_123",1921,"2021-01-24","forecast","0.496996462472563"
"exdqlm_univar_synth","draw_123",1921,"2021-01-25","forecast","0.421438528036743"
"exdqlm_univar_synth","draw_123",1921,"2021-01-26","forecast","0.481539890078225"
"exdqlm_univar_synth","draw_123",1921,"2021-01-27","forecast","2.24190203411379"
"exdqlm_univar_synth","draw_123",1921,"2021-01-28","forecast","3.57987724336770"
"exdqlm_univar_synth","draw_123",1921,"2021-01-29","forecast","3.08493345566503"
"exdqlm_univar_synth","draw_123",1921,"2021-01-30","forecast","1.34968499703055"
"exdqlm_univar_synth","draw_123",1921,"2021-01-31","forecast","0.928346432437052"
"exdqlm_univar_synth","draw_123",1921,"2021-02-01","forecast","0.292877856656738"
"exdqlm_univar_synth","draw_123",1921,"2021-02-02","forecast","1.04390530295472"
"exdqlm_univar_synth","draw_123",1921,"2021-02-03","forecast","0.818474883573389"
"exdqlm_univar_synth","draw_123",1921,"2021-02-04","forecast","0.541048830490904"
"exdqlm_univar_synth","draw_123",1921,"2021-02-05","forecast","0.640670033465410"
"exdqlm_univar_synth","draw_123",1921,"2021-02-06","forecast","0.513131880405839"
"exdqlm_univar_synth","draw_123",1921,"2021-02-07","forecast","0.561480836927212"
"exdqlm_univar_synth","draw_123",1921,"2021-02-08","forecast","0.601673614329732"
"exdqlm_univar_synth","draw_123",1921,"2021-02-09","forecast","0.454928876560106"
"exdqlm_univar_synth","draw_123",1921,"2021-02-10","forecast","1.39861054650905"
"exdqlm_univar_synth","draw_123",1921,"2021-02-11","forecast","0.931997880211396"
"exdqlm_univar_synth","draw_123",1921,"2021-02-12","forecast","0.871866232777796"
"exdqlm_univar_synth","draw_123",1921,"2021-02-13","forecast","0.737834661451732"
"exdqlm_univar_synth","draw_123",1921,"2021-02-14","forecast","1.10064212458944"
"exdqlm_univar_synth","draw_123",1921,"2021-02-15","forecast","0.609681351255089"
"exdqlm_univar_synth","draw_123",1921,"2021-02-16","forecast","1.07771880933014"
"exdqlm_univar_synth","draw_123",1921,"2021-02-17","forecast","0.716257618500186"
"exdqlm_univar_synth","draw_123",1921,"2021-02-18","forecast","0.686536600283684"
"exdqlm_univar_synth","draw_123",1921,"2021-02-19","forecast","0.0162702987107999"
"exdqlm_univar_synth","draw_123",1921,"2021-02-20","forecast","0.718217535275879"
"exdqlm_univar_synth","draw_124",1937,"2021-01-24","forecast","0.366987054797427"
"exdqlm_univar_synth","draw_124",1937,"2021-01-25","forecast","0.530090754572033"
"exdqlm_univar_synth","draw_124",1937,"2021-01-26","forecast","0.570586363435612"
"exdqlm_univar_synth","draw_124",1937,"2021-01-27","forecast","2.10463319583323"
"exdqlm_univar_synth","draw_124",1937,"2021-01-28","forecast","3.53769897895347"
"exdqlm_univar_synth","draw_124",1937,"2021-01-29","forecast","3.33117313371896"
"exdqlm_univar_synth","draw_124",1937,"2021-01-30","forecast","1.17913336510577"
"exdqlm_univar_synth","draw_124",1937,"2021-01-31","forecast","0.715097285088389"
"exdqlm_univar_synth","draw_124",1937,"2021-02-01","forecast","0.503447397878013"
"exdqlm_univar_synth","draw_124",1937,"2021-02-02","forecast","1.23871075133656"
"exdqlm_univar_synth","draw_124",1937,"2021-02-03","forecast","0.822520460251159"
"exdqlm_univar_synth","draw_124",1937,"2021-02-04","forecast","0.724831733196559"
"exdqlm_univar_synth","draw_124",1937,"2021-02-05","forecast","0.326127626054932"
"exdqlm_univar_synth","draw_124",1937,"2021-02-06","forecast","0.522806482788273"
"exdqlm_univar_synth","draw_124",1937,"2021-02-07","forecast","0.589043398363306"
"exdqlm_univar_synth","draw_124",1937,"2021-02-08","forecast","0.604373412261553"
"exdqlm_univar_synth","draw_124",1937,"2021-02-09","forecast","0.545677647604408"
"exdqlm_univar_synth","draw_124",1937,"2021-02-10","forecast","1.25095853871364"
"exdqlm_univar_synth","draw_124",1937,"2021-02-11","forecast","1.14370048736488"
"exdqlm_univar_synth","draw_124",1937,"2021-02-12","forecast","0.476680763288823"
"exdqlm_univar_synth","draw_124",1937,"2021-02-13","forecast","0.483885609091750"
"exdqlm_univar_synth","draw_124",1937,"2021-02-14","forecast","0.619635486336890"
"exdqlm_univar_synth","draw_124",1937,"2021-02-15","forecast","0.838271377566243"
"exdqlm_univar_synth","draw_124",1937,"2021-02-16","forecast","1.13736842617904"
"exdqlm_univar_synth","draw_124",1937,"2021-02-17","forecast","0.370131857586643"
"exdqlm_univar_synth","draw_124",1937,"2021-02-18","forecast","0.672178944695896"
"exdqlm_univar_synth","draw_124",1937,"2021-02-19","forecast","0.441992360085623"
"exdqlm_univar_synth","draw_124",1937,"2021-02-20","forecast","0.803264865045778"
"exdqlm_univar_synth","draw_125",1953,"2021-01-24","forecast","0.419206180393302"
"exdqlm_univar_synth","draw_125",1953,"2021-01-25","forecast","0.703726462372324"
"exdqlm_univar_synth","draw_125",1953,"2021-01-26","forecast","0.376744390522549"
"exdqlm_univar_synth","draw_125",1953,"2021-01-27","forecast","1.73800850127822"
"exdqlm_univar_synth","draw_125",1953,"2021-01-28","forecast","3.11395734631520"
"exdqlm_univar_synth","draw_125",1953,"2021-01-29","forecast","2.77233613647857"
"exdqlm_univar_synth","draw_125",1953,"2021-01-30","forecast","1.44430138142525"
"exdqlm_univar_synth","draw_125",1953,"2021-01-31","forecast","0.801785953593153"
"exdqlm_univar_synth","draw_125",1953,"2021-02-01","forecast","0.312760917585606"
"exdqlm_univar_synth","draw_125",1953,"2021-02-02","forecast","1.08981546809541"
"exdqlm_univar_synth","draw_125",1953,"2021-02-03","forecast","0.905504206860620"
"exdqlm_univar_synth","draw_125",1953,"2021-02-04","forecast","0.573705108684205"
"exdqlm_univar_synth","draw_125",1953,"2021-02-05","forecast","0.604604571644169"
"exdqlm_univar_synth","draw_125",1953,"2021-02-06","forecast","0.512470453569162"
"exdqlm_univar_synth","draw_125",1953,"2021-02-07","forecast","0.509894135056836"
"exdqlm_univar_synth","draw_125",1953,"2021-02-08","forecast","0.566951357714757"
"exdqlm_univar_synth","draw_125",1953,"2021-02-09","forecast","0.388272903933746"
"exdqlm_univar_synth","draw_125",1953,"2021-02-10","forecast","1.44627915334306"
"exdqlm_univar_synth","draw_125",1953,"2021-02-11","forecast","0.544238489676694"
"exdqlm_univar_synth","draw_125",1953,"2021-02-12","forecast","0.158475429217104"
"exdqlm_univar_synth","draw_125",1953,"2021-02-13","forecast","0.729720514626279"
"exdqlm_univar_synth","draw_125",1953,"2021-02-14","forecast","0.997933265182003"
"exdqlm_univar_synth","draw_125",1953,"2021-02-15","forecast","0.728329071234442"
"exdqlm_univar_synth","draw_125",1953,"2021-02-16","forecast","1.03264842318202"
"exdqlm_univar_synth","draw_125",1953,"2021-02-17","forecast","0.715390279547858"
"exdqlm_univar_synth","draw_125",1953,"2021-02-18","forecast","0.688020465469935"
"exdqlm_univar_synth","draw_125",1953,"2021-02-19","forecast","0.584961464626855"
"exdqlm_univar_synth","draw_125",1953,"2021-02-20","forecast","0.911420012157773"
"exdqlm_univar_synth","draw_126",1969,"2021-01-24","forecast","0.514036393157421"
"exdqlm_univar_synth","draw_126",1969,"2021-01-25","forecast","0.422726818963448"
"exdqlm_univar_synth","draw_126",1969,"2021-01-26","forecast","0.483310524658786"
"exdqlm_univar_synth","draw_126",1969,"2021-01-27","forecast","2.27110280004977"
"exdqlm_univar_synth","draw_126",1969,"2021-01-28","forecast","3.07267607304776"
"exdqlm_univar_synth","draw_126",1969,"2021-01-29","forecast","3.25761196223746"
"exdqlm_univar_synth","draw_126",1969,"2021-01-30","forecast","1.44172750000708"
"exdqlm_univar_synth","draw_126",1969,"2021-01-31","forecast","0.799428181628110"
"exdqlm_univar_synth","draw_126",1969,"2021-02-01","forecast","0.253390823364669"
"exdqlm_univar_synth","draw_126",1969,"2021-02-02","forecast","0.858125130411879"
"exdqlm_univar_synth","draw_126",1969,"2021-02-03","forecast","0.595046612510791"
"exdqlm_univar_synth","draw_126",1969,"2021-02-04","forecast","0.599877773906387"
"exdqlm_univar_synth","draw_126",1969,"2021-02-05","forecast","0.463330232635640"
"exdqlm_univar_synth","draw_126",1969,"2021-02-06","forecast","0.513474925229474"
"exdqlm_univar_synth","draw_126",1969,"2021-02-07","forecast","0.469234182104809"
"exdqlm_univar_synth","draw_126",1969,"2021-02-08","forecast","0.629424816980541"
"exdqlm_univar_synth","draw_126",1969,"2021-02-09","forecast","0.544552674349141"
"exdqlm_univar_synth","draw_126",1969,"2021-02-10","forecast","0.776032065659974"
"exdqlm_univar_synth","draw_126",1969,"2021-02-11","forecast","0.819223379036637"
"exdqlm_univar_synth","draw_126",1969,"2021-02-12","forecast","0.548968213818702"
"exdqlm_univar_synth","draw_126",1969,"2021-02-13","forecast","0.746019384848462"
"exdqlm_univar_synth","draw_126",1969,"2021-02-14","forecast","1.14975634893078"
"exdqlm_univar_synth","draw_126",1969,"2021-02-15","forecast","0.837819051897326"
"exdqlm_univar_synth","draw_126",1969,"2021-02-16","forecast","1.02771336647338"
"exdqlm_univar_synth","draw_126",1969,"2021-02-17","forecast","0.629284496010341"
"exdqlm_univar_synth","draw_126",1969,"2021-02-18","forecast","0.705690212047671"
"exdqlm_univar_synth","draw_126",1969,"2021-02-19","forecast","0.577815970352764"
"exdqlm_univar_synth","draw_126",1969,"2021-02-20","forecast","0.575040984221617"
"exdqlm_univar_synth","draw_127",1984,"2021-01-24","forecast","0.496813694876613"
"exdqlm_univar_synth","draw_127",1984,"2021-01-25","forecast","0.397473572282934"
"exdqlm_univar_synth","draw_127",1984,"2021-01-26","forecast","0.610372976504172"
"exdqlm_univar_synth","draw_127",1984,"2021-01-27","forecast","2.63587356184036"
"exdqlm_univar_synth","draw_127",1984,"2021-01-28","forecast","3.52314131756379"
"exdqlm_univar_synth","draw_127",1984,"2021-01-29","forecast","3.04616890072920"
"exdqlm_univar_synth","draw_127",1984,"2021-01-30","forecast","1.50547936156312"
"exdqlm_univar_synth","draw_127",1984,"2021-01-31","forecast","0.658875458066219"
"exdqlm_univar_synth","draw_127",1984,"2021-02-01","forecast","0.392544517962674"
"exdqlm_univar_synth","draw_127",1984,"2021-02-02","forecast","0.830960855839453"
"exdqlm_univar_synth","draw_127",1984,"2021-02-03","forecast","0.560439390192782"
"exdqlm_univar_synth","draw_127",1984,"2021-02-04","forecast","0.545644848290107"
"exdqlm_univar_synth","draw_127",1984,"2021-02-05","forecast","0.347032949349962"
"exdqlm_univar_synth","draw_127",1984,"2021-02-06","forecast","0.356638473636251"
"exdqlm_univar_synth","draw_127",1984,"2021-02-07","forecast","0.298322230691974"
"exdqlm_univar_synth","draw_127",1984,"2021-02-08","forecast","0.548219618821708"
"exdqlm_univar_synth","draw_127",1984,"2021-02-09","forecast","0.546336957162056"
"exdqlm_univar_synth","draw_127",1984,"2021-02-10","forecast","0.812088963607175"
"exdqlm_univar_synth","draw_127",1984,"2021-02-11","forecast","0.845810434607287"
"exdqlm_univar_synth","draw_127",1984,"2021-02-12","forecast","0.884904816858527"
"exdqlm_univar_synth","draw_127",1984,"2021-02-13","forecast","0.728286963669244"
"exdqlm_univar_synth","draw_127",1984,"2021-02-14","forecast","1.15057807641303"
"exdqlm_univar_synth","draw_127",1984,"2021-02-15","forecast","0.819500378713261"
"exdqlm_univar_synth","draw_127",1984,"2021-02-16","forecast","1.08654551442028"
"exdqlm_univar_synth","draw_127",1984,"2021-02-17","forecast","0.566525109031005"
"exdqlm_univar_synth","draw_127",1984,"2021-02-18","forecast","0.783566271983720"
"exdqlm_univar_synth","draw_127",1984,"2021-02-19","forecast","0.591648221585165"
"exdqlm_univar_synth","draw_127",1984,"2021-02-20","forecast","0.910160159300922"
"exdqlm_univar_synth","draw_128",2000,"2021-01-24","forecast","0.479943373467383"
"exdqlm_univar_synth","draw_128",2000,"2021-01-25","forecast","0.648715132632291"
"exdqlm_univar_synth","draw_128",2000,"2021-01-26","forecast","0.593116774451452"
"exdqlm_univar_synth","draw_128",2000,"2021-01-27","forecast","2.16055172627434"
"exdqlm_univar_synth","draw_128",2000,"2021-01-28","forecast","2.24349428369038"
"exdqlm_univar_synth","draw_128",2000,"2021-01-29","forecast","3.20878714113496"
"exdqlm_univar_synth","draw_128",2000,"2021-01-30","forecast","1.44176007595694"
"exdqlm_univar_synth","draw_128",2000,"2021-01-31","forecast","0.533993120016081"
"exdqlm_univar_synth","draw_128",2000,"2021-02-01","forecast","0.212212921265707"
"exdqlm_univar_synth","draw_128",2000,"2021-02-02","forecast","1.07710508432537"
"exdqlm_univar_synth","draw_128",2000,"2021-02-03","forecast","0.864106186897166"
"exdqlm_univar_synth","draw_128",2000,"2021-02-04","forecast","0.564015600191015"
"exdqlm_univar_synth","draw_128",2000,"2021-02-05","forecast","0.561948423314506"
"exdqlm_univar_synth","draw_128",2000,"2021-02-06","forecast","0.511709026216021"
"exdqlm_univar_synth","draw_128",2000,"2021-02-07","forecast","0.578381855544001"
"exdqlm_univar_synth","draw_128",2000,"2021-02-08","forecast","0.516702264373133"
"exdqlm_univar_synth","draw_128",2000,"2021-02-09","forecast","0.300928646760207"
"exdqlm_univar_synth","draw_128",2000,"2021-02-10","forecast","1.39714962953908"
"exdqlm_univar_synth","draw_128",2000,"2021-02-11","forecast","0.919281931767318"
"exdqlm_univar_synth","draw_128",2000,"2021-02-12","forecast","0.471911567254865"
"exdqlm_univar_synth","draw_128",2000,"2021-02-13","forecast","0.795688588718729"
"exdqlm_univar_synth","draw_128",2000,"2021-02-14","forecast","1.15138976968991"
"exdqlm_univar_synth","draw_128",2000,"2021-02-15","forecast","0.777294498685327"
"exdqlm_univar_synth","draw_128",2000,"2021-02-16","forecast","1.13603340717745"
"exdqlm_univar_synth","draw_128",2000,"2021-02-17","forecast","0.712764212946555"
"exdqlm_univar_synth","draw_128",2000,"2021-02-18","forecast","0.687993508568283"
"exdqlm_univar_synth","draw_128",2000,"2021-02-19","forecast","0.178174701657684"
"exdqlm_univar_synth","draw_128",2000,"2021-02-20","forecast","0.856002573789234"
