time,Static_PCA
1987-05-29,1.93116150340523
1987-05-30,1.92489283119829
1987-05-31,1.91861779929491
1987-06-01,1.9123337316424
1987-06-02,1.90603906911452
1987-06-03,1.89973329393815
1987-06-04,1.89341683011572
1987-06-05,1.88709094579466
1987-06-06,1.88075765752651
1987-06-07,1.87441963635885
1987-06-08,1.86808011570421
1987-06-09,1.86174280093057
1987-06-10,1.85541178061907
1987-06-11,1.8490914394348
1987-06-12,1.8427863725577
1987-06-13,1.83650130162096
1987-06-14,1.83024099210494
1987-06-15,1.82401017213549
1987-06-16,1.81781345263594
1987-06-17,1.81165524878274
1987-06-18,1.80553970271538
1987-06-19,1.79947060745164
1987-06-20,1.79345133195994
1987-06-21,1.78748474734113
1987-06-22,1.78157315407231
1987-06-23,1.77571821026635
1987-06-24,1.7699208609007
1987-06-25,1.76418126797002
1987-06-26,1.7584987415174
1987-06-27,1.75287167149969
1987-06-28,1.74729746044253
1987-06-29,1.74177245684157
1987-06-30,1.73629188926652
1987-07-01,1.73084980112518
1987-07-02,1.72543901690376
1987-07-03,1.72005123198902
1987-07-04,1.71467713176109
1987-07-05,1.70930650871908
1987-07-06,1.7039283777063
1987-07-07,1.69853108930085
1987-07-08,1.69310244143669
1987-07-09,1.68762978931966
1987-07-10,1.68210015370206
1987-07-11,1.67650032757904
1987-07-12,1.67081698136885
1987-07-13,1.66503676663901
1987-07-14,1.65914641843925
1987-07-15,1.65313285630183
1987-07-16,1.64698328396905
1987-07-17,1.6406852879072
1987-07-18,1.63422693466579
1987-07-19,1.62759686714001
1987-07-20,1.62078439979421
1987-07-21,1.61377961290335
1987-07-22,1.60657344586899
1987-07-23,1.59915778966596
1987-07-24,1.59152557847516
1987-07-25,1.5836708805576
1987-07-26,1.57558898842443
1987-07-27,1.56727650835696
1987-07-28,1.55873144933054
1987-07-29,1.54995331139559
1987-07-30,1.54094317356872
1987-07-31,1.53170378128644
1987-08-01,1.52223963347361
1987-08-02,1.51255703127417
1987-08-03,1.50266397492493
1987-08-04,1.49257002458361
1987-08-05,1.48228616350403
1987-08-06,1.47182466348408
1987-08-07,1.46119895251376
1987-08-08,1.45042348455046
1987-08-09,1.43951361135046
1987-08-10,1.42848545628547
1987-08-11,1.41735579007462
1987-08-12,1.40614190836253
1987-08-13,1.39486151107501
1987-08-14,1.38353258348488
1987-08-15,1.37217327892064
1987-08-16,1.36080180305191
1987-08-17,1.34943629968602
1987-08-18,1.33809473801061
1987-08-19,1.32679480121826
1987-08-20,1.31555377644914
1987-08-21,1.30438844598906
1987-08-22,1.29331497966003
1987-08-23,1.28234882834193
1987-08-24,1.2715046185637
1987-08-25,1.26079604810356
1987-08-26,1.25023578253798
1987-08-27,1.23983535267988
1987-08-28,1.22960505284682
1987-08-29,1.2195538399008
1987-08-30,1.20968923300125
1987-08-31,1.20001721401393
1987-09-01,1.19054212851824
1987-09-02,1.18126662105267
1987-09-03,1.17219170520808
1987-09-04,1.16331686575077
1987-09-05,1.15464015868975
1987-09-06,1.14615830933881
1987-09-07,1.13786680842316
1987-09-08,1.12976000627993
1987-09-09,1.12183120520092
1987-09-10,1.11407274996532
1987-09-11,1.1064761166096
1987-09-12,1.09903199948085
1987-09-13,1.09173039661936
1987-09-14,1.08456069351558
1987-09-15,1.07751174528577
1987-09-16,1.07057195731035
1987-09-17,1.06372936437795
1987-09-18,1.05697170837787
1987-09-19,1.05028651458283
1987-09-20,1.04366116656353
1987-09-21,1.03708297977559
1987-09-22,1.03053927385936
1987-09-23,1.02401744369202
1987-09-24,1.01750502923128
1987-09-25,1.01098978418903
1987-09-26,1.00445974357308
1987-09-27,0.997903290134508
1987-09-28,0.991309219757443
1987-09-29,0.984666805827841
1987-09-30,0.977965862617183
1987-10-01,0.971196807716525
1987-10-02,0.964350709165994
1987-10-03,0.95741927444456
1987-10-04,0.950394825717328
1987-10-05,0.943270276030081
1987-10-06,0.936039106444305
1987-10-07,0.928695344106233
1987-10-08,0.921233541243847
1987-10-09,0.913648755086072
1987-10-10,0.905936528698802
1987-10-11,0.898092872732682
1987-10-12,0.890114248077981
1987-10-13,0.881997549422206
1987-10-14,0.873740089706455
1987-10-15,0.865339585476879
1987-10-16,0.856794143127948
1987-10-17,0.848102246034584
1987-10-18,0.839262742570563
1987-10-19,0.830274835010944
1987-10-20,0.821138069316639
1987-10-21,0.811852325799567
1987-10-22,0.802417810667225
1987-10-23,0.79283504844582
1987-10-24,0.783104875281495
1987-10-25,0.77322843311951
1987-10-26,0.763207164761605
1987-10-27,0.753042809802135
1987-10-28,0.742737401443892
1987-10-29,0.732293264194945
1987-10-30,0.721713012448108
1987-10-31,0.710999549945084
1987-11-01,0.700156070127627
1987-11-02,0.689186055665867
1987-11-03,0.678093271838985
1987-11-04,0.6668817581471
1987-11-05,0.655555819668846
1987-11-06,0.644120018154081
1987-11-07,0.63257916284105
1987-11-08,0.620938300987152
1987-11-09,0.609202708102298
1987-11-10,0.597377877873707
1987-11-11,0.585469511770817
1987-11-12,0.573483508318794
1987-11-13,0.561425952029001
1987-11-14,0.549303101974547
1987-11-15,0.537121379998931
1987-11-16,0.52488735854554
1987-11-17,0.512607748095624
1987-11-18,0.500289384202153
1987-11-19,0.487939214106772
1987-11-20,0.475564282926873
1987-11-21,0.463171719399584
1987-11-22,0.45076872116929
1987-11-23,0.438362539605063
1987-11-24,0.425960464134179
1987-11-25,0.413569806077666
1987-11-26,0.401197881973605
1987-11-27,0.388851996373682
1987-11-28,0.376539424098238
1987-11-29,0.364267391934839
1987-11-30,0.352043059765139
1987-12-01,0.339873501104551
1987-12-02,0.32776568320946
1987-12-03,0.315726447400928
1987-12-04,0.303762489693427
1987-12-05,0.291880341704785
1987-12-06,0.280086351842356
1987-12-07,0.268386666760606
1987-12-08,0.256787213085416
1987-12-09,0.245293679400567
1987-12-10,0.233911498492008
1987-12-11,0.222645829845649
1987-12-12,0.211501542394568
1987-12-13,0.200483197511654
1987-12-14,0.189595032243876
1987-12-15,0.178840942784475
1987-12-16,0.168224468179562
1987-12-17,0.157748774265703
1987-12-18,0.147416637835266
1987-12-19,0.137230431026416
1987-12-20,0.127192105934787
1987-12-21,0.117303179444051
1987-12-22,0.107564718272684
1987-12-23,0.0979773242344353
1987-12-24,0.088541119710123
1987-12-25,0.0792557333285351
1987-12-26,0.0701202858543651
1987-12-27,0.061133376281264
1987-12-28,0.0522930681282356
1987-12-29,0.0435968759377613
1987-12-30,0.0350417519741859
1987-12-31,0.0266240731210559
1988-01-01,0.0183396279762526
1988-01-02,0.0101836147750218
1988-01-03,0.0021506819264664
1988-01-04,-0.0057650211550717
1988-01-05,-0.0135697936473559
1988-01-06,-0.021270333329033
1988-01-07,-0.0288736869826912
1988-01-08,-0.0363872011751645
1988-01-09,-0.0438184733981814
1988-01-10,-0.0511753035525828
1988-01-11,-0.0584656457594525
1988-01-12,-0.0656975604816305
1988-01-13,-0.0728791669391965
1988-01-14,-0.0800185958026308
1988-01-15,-0.087123942147476
1988-01-16,-0.0942032186544391
1988-01-17,-0.101264309038985
1988-01-18,-0.108314921694589
1988-01-19,-0.115362543533915
1988-01-20,-0.122414394012318
1988-01-21,-0.129477379318142
1988-01-22,-0.136558046714426
1988-01-23,-0.143662539016713
1988-01-24,-0.150796549191765
1988-01-25,-0.157965275062086
1988-01-26,-0.165173374101267
1988-01-27,-0.172424918305247
1988-01-28,-0.179723349124699
1988-01-29,-0.187071432443833
1988-01-30,-0.194471213591004
1988-01-31,-0.201923972366625
1988-02-01,-0.209430178073945
1988-02-02,-0.216989463559622
1988-02-03,-0.224600675230633
1988-02-04,-0.232261941642741
1988-02-05,-0.239970741567004
1988-02-06,-0.247723971549883
1988-02-07,-0.255518012982335
1988-02-08,-0.263348798693154
1988-02-09,-0.271211879081644
1988-02-10,-0.279102487804584
1988-02-11,-0.287015607032263
1988-02-12,-0.294946032288227
1988-02-13,-0.302888436887221
1988-02-14,-0.310837435985639
1988-02-15,-0.318787650258668
1988-02-16,-0.326733769218101
1988-02-17,-0.334670614184702
1988-02-18,-0.342593200928762
1988-02-19,-0.350496801992411
1988-02-20,-0.358377008707001
1988-02-21,-0.366229792918776
1988-02-22,-0.374051568435834
1988-02-23,-0.381839252209251
1988-02-24,-0.38959032526102
1988-02-25,-0.397302893371353
1988-02-26,-0.404975747537647
1988-02-27,-0.412608424217302
1988-02-28,-0.420201265366356
1988-02-29,-0.427755478285763
1988-03-01,-0.435273195286913
1988-03-02,-0.442757510104
1988-03-03,-0.450212421983171
1988-03-04,-0.457642757388214
1988-03-05,-0.465054092566717
1988-03-06,-0.4724526769624
1988-03-07,-0.479845357459629
1988-03-08,-0.487239503446379
1988-03-09,-0.494642932682257
1988-03-10,-0.502063837958434
1988-03-11,-0.509510714536697
1988-03-12,-0.516992288355072
1988-03-13,-0.52451744498784
1988-03-14,-0.532095159348013
1988-03-15,-0.539734426120706
1988-03-16,-0.547444190916117
1988-03-17,-0.555233282131155
1988-03-18,-0.563110343509099
1988-03-19,-0.57108376738696
1988-03-20,-0.579161628620571
1988-03-21,-0.587351619177759
1988-03-22,-0.595660983390275
1988-03-23,-0.604096453855519
1988-03-24,-0.612664187979406
1988-03-25,-0.621369705152106
1988-03-26,-0.630217824548697
1988-03-27,-0.63921260354717
1988-03-28,-0.648357276756531
1988-03-29,-0.657654195648154
1988-03-30,-0.667104768783872
1988-03-31,-0.676709402634687
1988-04-01,-0.686467442984317
1988-04-02,-0.696377138490107
1988-04-03,-0.706435690864831
1988-04-04,-0.716639325883489
1988-04-05,-0.726983363381367
1988-04-06,-0.737462286255147
1988-04-07,-0.748069808478475
1988-04-08,-0.758798942143098
1988-04-09,-0.769642063536281
1988-04-10,-0.780590978264943
1988-04-11,-0.791636985436516
1988-04-12,-0.802770940906251
1988-04-13,-0.813983319600296
1988-04-14,-0.825264276923522
1988-04-15,-0.836603709260713
1988-04-16,-0.847991313579368
1988-04-17,-0.859416646141999
1988-04-18,-0.870869180335411
1988-04-19,-0.88233836362412
1988-04-20,-0.893813673634624
1988-04-21,-0.905284673376915
1988-04-22,-0.916741065609196
1988-04-23,-0.928172746351384
1988-04-24,-0.939569857552588
1988-04-25,-0.95092283891736
1988-04-26,-0.962222478895079
1988-04-27,-0.973459964836473
1988-04-28,-0.984626932320817
1988-04-29,-0.995715513656969
1988-04-30,-1.00671838556097
1988-05-01,-1.0176288160125
1988-05-02,-1.02844069963271
1988-05-03,-1.03914854983116
1988-05-04,-1.04974748059861
1988-05-05,-1.06023318883183
1988-05-06,-1.07060193719329
1988-05-07,-1.08085053750861
1988-05-08,-1.09097633470496
1988-05-09,-1.10097719129388
1988-05-10,-1.11085147240181
1988-05-11,-1.12059803135229
1988-05-12,-1.13021619580346
1988-05-13,-1.13970575444516
1988-05-14,-1.14906694425977
1988-05-15,-1.15830043835126
1988-05-16,-1.16740733434725
1988-05-17,-1.17638914337879
1988-05-18,-1.18524777964303
1988-05-19,-1.19398555055405
1988-05-20,-1.20260514748739
1988-05-21,-1.21110963712398
1988-05-22,-1.21950245339937
1988-05-23,-1.22778739006452
1988-05-24,-1.23596859386453
1988-05-25,-1.24405055834189
1988-05-26,-1.25203811827121
1988-05-27,-1.25993644473242
1988-05-28,-1.26775104082998
1988-05-29,-1.27548773806552
1988-05-30,-1.28315269337187
1988-05-31,-1.29075238681659
1988-06-01,-1.29829361998335
1988-06-02,-1.30578350717968
1988-06-03,-1.3132294358154
1988-06-04,-1.32063901919754
1988-06-05,-1.32802004949606
1988-06-06,-1.33538045085268
1988-06-07,-1.34272823260555
1988-06-08,-1.35007144260187
1988-06-09,-1.35741812057134
1988-06-10,-1.36477625153282
1988-06-11,-1.37215371920676
1988-06-12,-1.37955825940607
1988-06-13,-1.38699741337787
1988-06-14,-1.39447848106889
1988-06-15,-1.40200847428685
1988-06-16,-1.40959406973058
1988-06-17,-1.41724156186124
1988-06-18,-1.42495681558722
1988-06-19,-1.43274521873512
1988-06-20,-1.4406116342793
1988-06-21,-1.4485603523022
1988-06-22,-1.45659504165787
1988-06-23,-1.46471870131093
1988-06-24,-1.47293361132298
1988-06-25,-1.48124128345872
1988-06-26,-1.48964241138366
1988-06-27,-1.49813682042539
1988-06-28,-1.50672341687012
1988-06-29,-1.51540013676634
1988-06-30,-1.52416389420706
1988-07-01,-1.53301052906212
1988-07-02,-1.54193477580366
1988-07-03,-1.55093031839059
1988-07-04,-1.55998986609906
1988-07-05,-1.56910522863631
1988-07-06,-1.57826739057856
1988-07-07,-1.58746658517315
1988-07-08,-1.59669236754545
1988-07-09,-1.60593368735041
1988-07-10,-1.61517896090875
1988-07-11,-1.62441614286744
1988-07-12,-1.63363279742416
1988-07-13,-1.64281616915512
1988-07-14,-1.65195325348553
1988-07-15,-1.66103086684201
1988-07-16,-1.67003571652597
1988-07-17,-1.67895447034691
1988-07-18,-1.68777382605457
1988-07-19,-1.69648058060876
1988-07-20,-1.70506169932547
1988-07-21,-1.71350438493808
1988-07-22,-1.72179614661219
1988-07-23,-1.72992486895253
1988-07-24,-1.73787888104068
1988-07-25,-1.7456470255419
1988-07-26,-1.75321872791959
1988-07-27,-1.76058406579584
1988-07-28,-1.7677338384965
1988-07-29,-1.7746596368192
1988-07-30,-1.78135391306289
1988-07-31,-1.78781005135721
1988-08-01,-1.79402243833035
1988-08-02,-1.79998651467796
1988-08-03,-1.80569874923871
1988-08-04,-1.81115659401322
1988-08-05,-1.8163584395854
1988-08-06,-1.82130357092408
1988-08-07,-1.82599212354285
1988-08-08,-1.83042503999617
1988-08-09,-1.83460402668986
1988-08-10,-1.83853151098391
1988-08-11,-1.84221059856598
1988-08-12,-1.84564503107361
1988-08-13,-1.84883914394339
1988-08-14,-1.85179782446541
1988-08-15,-1.85452647002115
1988-08-16,-1.85703094648318
1988-08-17,-1.85931754675487
1988-08-18,-1.8613929494285
1988-08-19,-1.86326417754004
1988-08-20,-1.86493855739883
1988-08-21,-1.86642367747063
1988-08-22,-1.86772734729213
1988-08-23,-1.86885755639526
1988-08-24,-1.86982243321962
1988-08-25,-1.8706302039911
1988-08-26,-1.87128915154501
1988-08-27,-1.8718075740718
1988-08-28,-1.87219374376346
1988-08-29,-1.8724558653387
1988-08-30,-1.872602034425
1988-08-31,-1.87264019577523
1988-09-01,-1.8725781012971
1988-09-02,-1.87242327410767
1988-09-03,-1.8721829974063
1988-09-04,-1.87186430988676
1988-09-05,-1.87147400155891
1988-09-06,-1.87101860997759
1988-09-07,-1.87050441687646
1988-09-08,-1.86993744520468
1988-09-09,-1.86932345656487
1988-09-10,-1.86866794905041
1988-09-11,-1.86797615548108
1988-09-12,-1.86725304203557
1988-09-13,-1.86650330728
1988-09-14,-1.86573138159169
1988-09-15,-1.86494142697769
1988-09-16,-1.86413733728753
1988-09-17,-1.86332273882031
1988-09-18,-1.86250099132599
1988-09-19,-1.86167518940125
1988-09-20,-1.86084816428038
1988-09-21,-1.86002248602198
1988-09-22,-1.85920046609212
1988-09-23,-1.85838416034543
1988-09-24,-1.85757537240508
1988-09-25,-1.85677565744338
1988-09-26,-1.85598632636472
1988-09-27,-1.85520845039266
1988-09-28,-1.85444286606348
1988-09-29,-1.85369018062837
1988-09-30,-1.85295077786702
1988-10-01,-1.85222482431518
1988-10-02,-1.85151227865658
1988-10-03,-1.85081291233292
1988-10-04,-1.85012633237039
1988-10-05,-1.84945200348972
1988-10-06,-1.84878926950451
1988-10-07,-1.84813737401275
1988-10-08,-1.84749548038583
1988-10-09,-1.84686269105916
1988-10-10,-1.84623806612816
1988-10-11,-1.84562064125324
1988-10-12,-1.84500944487682
1988-10-13,-1.84440351475531
1988-10-14,-1.84380191380873
1988-10-15,-1.84320374529015
1988-10-16,-1.84260816727693
1988-10-17,-1.8420144064855
1988-10-18,-1.84142177141094
1988-10-19,-1.84082966479253
1988-10-20,-1.84023759540581
1988-10-21,-1.8396451891819
1988-10-22,-1.8390521996538
1988-10-23,-1.83845851772985
1988-10-24,-1.83786418079355
1988-10-25,-1.83726938112908
1988-10-26,-1.83667447367129
1988-10-27,-1.8360799830788
1988-10-28,-1.83548661012822
1988-10-29,-1.83489523742767
1988-10-30,-1.83430693444686
1988-10-31,-1.83372296186122
1988-11-01,-1.83314477520687
1988-11-02,-1.83257402080767
1988-11-03,-1.83201250311911
1988-11-04,-1.83146214560798
1988-11-05,-1.83092495244903
1988-11-06,-1.83040297102919
1988-11-07,-1.82989825525061
1988-11-08,-1.82941282962372
1988-11-09,-1.82894865414221
1988-11-10,-1.82850758993191
1988-11-11,-1.82809136566613
1988-11-12,-1.82770154474022
1988-11-13,-1.82733949319851
1988-11-14,-1.82700634840717
1988-11-15,-1.82670298846688
1988-11-16,-1.82643000235943
1988-11-17,-1.82618766082305
1988-11-18,-1.82597588795115
1988-11-19,-1.82579423351004
1988-11-20,-1.8256418459711
1988-11-21,-1.82551744625349
1988-11-22,-1.82541930217388
1988-11-23,-1.82534520359983
1988-11-24,-1.82529243830401
1988-11-25,-1.82525776851673
1988-11-26,-1.82523740817471
1988-11-27,-1.82522700086423
1988-11-28,-1.82522159845731
1988-11-29,-1.82521564043996
1988-11-30,-1.82520293393176
1988-12-01,-1.82517663439661
1988-12-02,-1.8251292400536
1988-12-03,-1.8250526387145
1988-12-04,-1.82493816682176
1988-12-05,-1.82477666739409
1988-12-06,-1.82455854689891
1988-12-07,-1.82427383107066
1988-12-08,-1.82391221969367
1988-12-09,-1.82346314036757
1988-12-10,-1.82291580127305
1988-12-11,-1.8222592429554
1988-12-12,-1.82148238914253
1988-12-13,-1.82057409661416
1988-12-14,-1.81952320413822
1988-12-15,-1.81831858049006
1988-12-16,-1.8169491715699
1988-12-17,-1.81540404663328
1988-12-18,-1.81367244364899
1988-12-19,-1.81174381379863
1988-12-20,-1.80960786513137
1988-12-21,-1.80725460538721
1988-12-22,-1.80467438400163
1988-12-23,-1.80185793330404
1988-12-24,-1.79879640892211
1988-12-25,-1.7954814294037
1988-12-26,-1.79190511506756
1988-12-27,-1.78806012609372
1988-12-28,-1.78393969986405
1988-12-29,-1.77953768756308
1988-12-30,-1.77484859004867
1988-12-31,-1.76986759300183
1989-01-01,-1.76459060136474
1989-01-02,-1.75901426317607
1989-01-03,-1.75313595337931
1989-01-04,-1.74695374836564
1989-01-05,-1.74046640141199
1989-01-06,-1.73367331900953
1989-01-07,-1.726574538078
1989-01-08,-1.71917070406154
1989-01-09,-1.71146304990219
1989-01-10,-1.7034533758874
1989-01-11,-1.69514403036825
1989-01-12,-1.68653789134542
1989-01-13,-1.67763834892032
1989-01-14,-1.66844928860889
1989-01-15,-1.65897507551626
1989-01-16,-1.6492205393705
1989-01-17,-1.63919096041406
1989-01-18,-1.62889205615203
1989-01-19,-1.61832996895633
1989-01-20,-1.60751125452563
1989-01-21,-1.59644287120093
1989-01-22,-1.58513217013701
1989-01-23,-1.57358688633049
1989-01-24,-1.56181513050546
1989-01-25,-1.5498253818579
1989-01-26,-1.53762648166062
1989-01-27,-1.52522762773073
1989-01-28,-1.51263836976186
1989-01-29,-1.49986860552388
1989-01-30,-1.4869285779331
1989-01-31,-1.4738288729964
1989-02-01,-1.46058041863282
1989-02-02,-1.44719447801049
1989-02-03,-1.43368261814615
1989-02-04,-1.42005667223735
1989-02-05,-1.40632870192066
1989-02-06,-1.39251095943671
1989-02-07,-1.37861584968239
1989-02-08,-1.36465589213092
1989-02-09,-1.35064368259995
1989-02-10,-1.33659185484823
1989-02-11,-1.32251304198086
1989-02-12,-1.30841983764343
1989-02-13,-1.29432475698506
1989-02-14,-1.28024019737017
1989-02-15,-1.26617839881904
1989-02-16,-1.25215140415662
1989-02-17,-1.23817101884955
1989-02-18,-1.22424877051056
1989-02-19,-1.21039586804991
1989-02-20,-1.19662316045294
1989-02-21,-1.18294109516307
1989-02-22,-1.16935967604898
1989-02-23,-1.15588842093515
1989-02-24,-1.1425363186742
1989-02-25,-1.1293117857398
1989-02-26,-1.11622262231845
1989-02-27,-1.10327596787852
1989-02-28,-1.09047825619452
1989-03-01,-1.07783516980461
1989-03-02,-1.06535160693176
1989-03-03,-1.05303170004504
1989-03-04,-1.04087884705256
1989-03-05,-1.02889574212224
1989-03-06,-1.01708440614443
1989-03-07,-1.00544621684951
1989-03-08,-0.993981938594373
1989-03-09,-0.982691751830959
1989-03-10,-0.971575282270256
1989-03-11,-0.960631629755105
1989-03-12,-0.949859396854971
1989-03-13,-0.939256717195868
1989-03-14,-0.928821283538534
1989-03-15,-0.918550375617889
1989-03-16,-0.908440887756783
1989-03-17,-0.898489356266949
1989-03-18,-0.888691986650066
1989-03-19,-0.879044680611759
1989-03-20,-0.86954306290134
1989-03-21,-0.86018250799004
1989-03-22,-0.850958166600439
1989-03-23,-0.84186499209979
1989-03-24,-0.832897766769858
1989-03-25,-0.824051127965895
1989-03-26,-0.81531959417734
1989-03-27,-0.80669759100278
1989-03-28,-0.798179477051723
1989-03-29,-0.789759569785673
1989-03-30,-0.781432171311015
1989-03-31,-0.773191594136169
1989-04-01,-0.765032186905477
1989-04-02,-0.756948359195884
1989-04-03,-0.748934602614002
1989-04-04,-0.740985511001038
1989-04-05,-0.733095800682344
1989-04-06,-0.725260330766411
1989-04-07,-0.717474123498092
1989-04-08,-0.709732384670921
1989-04-09,-0.70203052410332
1989-04-10,-0.694364176183551
1989-04-11,-0.686729220488267
1989-04-12,-0.679121802479487
1989-04-13,-0.671538354284877
1989-04-14,-0.663975615566189
1989-04-15,-0.656430654480723
1989-04-16,-0.6489008887407
1989-04-17,-0.641384106775411
1989-04-18,-0.633878489001033
1989-04-19,-0.626382629203005
1989-04-20,-0.61889555603584
1989-04-21,-0.611416754645289
1989-04-22,-0.603946188417744
1989-04-23,-0.596484320861788
1989-04-24,-0.589032137626795
1989-04-25,-0.581591168663487
1989-04-26,-0.574163510531362
1989-04-27,-0.5667518488579
1989-04-28,-0.55935948095446
1989-04-29,-0.551990338593783
1989-04-30,-0.544649010954009
1989-05-01,-0.537340767734128
1989-05-02,-0.530071568267605
1989-05-03,-0.522848014149003
1989-05-04,-0.515677288086477
1989-05-05,-0.508567093187045
1989-05-06,-0.501525592654995
1989-05-07,-0.494561349883852
1989-05-08,-0.487683268922514
1989-05-09,-0.480900535296242
1989-05-10,-0.474222557163333
1989-05-11,-0.46765890678839
1989-05-12,-0.461219262313269
1989-05-13,-0.454913349806837
1989-05-14,-0.448750885574834
1989-05-15,-0.442741518711211
1989-05-16,-0.436894773872454
1989-05-17,-0.431219994256473
1989-05-18,-0.425726284767785
1989-05-19,-0.420422455350784
1989-05-20,-0.415316964473025
1989-05-21,-0.410417862740525
1989-05-22,-0.405732736627214
1989-05-23,-0.401268652300723
1989-05-24,-0.397032099526858
1989-05-25,-0.393028935635125
1989-05-26,-0.389264329527848
1989-05-27,-0.385742705715452
1989-05-28,-0.382467688360607
1989-05-29,-0.37944204531402
1989-05-30,-0.37666763212473
1989-05-31,-0.374145336007886
1989-06-01,-0.371875019753045
1989-06-02,-0.36985548529206
1989-06-03,-0.368084516011535
1989-06-04,-0.366558938166759
1989-06-05,-0.365274681567739
1989-06-06,-0.364226839555639
1989-06-07,-0.363409728287762
1989-06-08,-0.362816945348963
1989-06-09,-0.362441427707219
1989-06-10,-0.362275509030816
1989-06-11,-0.362310976384468
1989-06-12,-0.362539126321427
1989-06-13,-0.362950820388466
1989-06-14,-0.363536540060405
1989-06-15,-0.364286441120644
1989-06-16,-0.365190407503974
1989-06-17,-0.366238104617718
1989-06-18,-0.367419032157082
1989-06-19,-0.368722576430364
1989-06-20,-0.370138062209489
1989-06-21,-0.371654804121146
1989-06-22,-0.373262157593581
1989-06-23,-0.37494956937393
1989-06-24,-0.376706627630758
1989-06-25,-0.378523111656296
1989-06-26,-0.380389041182646
1989-06-27,-0.382294725326057
1989-06-28,-0.384230811173168
1989-06-29,-0.386188332022914
1989-06-30,-0.388158755297607
1989-07-01,-0.390134030136516
1989-07-02,-0.392106622491402
1989-07-03,-0.394069501354509
1989-07-04,-0.396016113504129
1989-07-05,-0.397940359158366
1989-07-06,-0.39983656853289
1989-07-07,-0.401699479298828
1989-07-08,-0.403524214937309
1989-07-09,-0.405306263987497
1989-07-10,-0.40704146018533
1989-07-11,-0.40872596349052
1989-07-12,-0.41035624199973
1989-07-13,-0.411929054744189
1989-07-14,-0.413441435370398
1989-07-15,-0.414890676702888
1989-07-16,-0.416274316188396
1989-07-17,-0.417590122221167
1989-07-18,-0.418836081349452
1989-07-19,-0.420010386363655
1989-07-20,-0.421111425266919
1989-07-21,-0.422137771129346
1989-07-22,-0.423088172827388
1989-07-23,-0.423961546670333
1989-07-24,-0.424756968916181
1989-07-25,-0.425473669179579
1989-07-26,-0.426111024734873
1989-07-27,-0.4266685557177
1989-07-28,-0.427145921228937
1989-07-29,-0.427542916345212
1989-07-30,-0.427859470040555
1989-07-31,-0.428095644024173
1989-08-01,-0.428251632499717
1989-08-02,-0.428327762208256
1989-08-03,-0.428324490516856
1989-08-04,-0.428242402234101
1989-08-05,-0.428082205482252
1989-08-06,-0.427844726624116
1989-08-07,-0.427530904242256
1989-08-08,-0.427141782167734
1989-08-09,-0.426678501555138
1989-08-10,-0.426142292000229
1989-08-11,-0.425534461696069
1989-08-12,-0.42485638662309
1989-08-13,-0.424109498768098
1989-08-14,-0.423295273366777
1989-08-15,-0.422415215163821
1989-08-16,-0.42147084368435
1989-08-17,-0.420463677509877
1989-08-18,-0.419395217551584
1989-08-19,-0.418266929313267
1989-08-20,-0.417080224135841
1989-08-21,-0.41583643941484
1989-08-22,-0.414536817781924
1989-08-23,-0.413182485240906
1989-08-24,-0.411774428248414
1989-08-25,-0.410313469728792
1989-08-26,-0.408800244012426
1989-08-27,-0.407235170686197
1989-08-28,-0.405618427344313
1989-08-29,-0.403949921227294
1989-08-30,-0.402229259736442
1989-08-31,-0.400455719810619
1989-09-01,-0.398628216151729
1989-09-02,-0.39674527704948
1989-09-03,-0.394805054402974
1989-09-04,-0.392805342905546
1989-09-05,-0.390743599947637
1989-09-06,-0.388616966242705
1989-09-07,-0.386422287181563
1989-09-08,-0.384156134920856
1989-09-09,-0.381814831211791
1989-09-10,-0.379394470975572
1989-09-11,-0.376890946632357
1989-09-12,-0.374299973190927
1989-09-13,-0.371617114106607
1989-09-14,-0.368837807915349
1989-09-15,-0.365957395652252
1989-09-16,-0.362971149063148
1989-09-17,-0.359874299618269
1989-09-18,-0.35666206833735
1989-09-19,-0.353329696435899
1989-09-20,-0.349872476802754
1989-09-21,-0.346285786319371
1989-09-22,-0.342565119031696
1989-09-23,-0.338706120185822
1989-09-24,-0.334704621139018
1989-09-25,-0.330556675158064
1989-09-26,-0.32625859411724
1989-09-27,-0.32180698610864
1989-09-28,-0.31719879397792
1989-09-29,-0.3124313347989
1989-09-30,-0.307502340300871
1989-10-01,-0.302409998262821
1989-10-02,-0.297152989078587
1989-10-03,-0.291730499784385
1989-10-04,-0.286142231826799
1989-10-05,-0.280388408096787
1989-10-06,-0.274469779234455
1989-10-07,-0.268387629208994
1989-10-08,-0.262143780177747
1989-10-09,-0.255740596628039
1989-10-10,-0.249180988804975
1989-10-11,-0.242468415428058
1989-10-12,-0.235606885699089
1989-10-13,-0.228600960603423
1989-10-14,-0.221455753506296
1989-10-15,-0.21417693004553
1989-10-16,-0.206770707321576
1989-10-17,-0.199243852385449
1989-10-18,-0.191603680024752
1989-10-19,-0.183858049847598
1989-10-20,-0.17601536266386
1989-10-21,-0.168084556162818
1989-10-22,-0.160075099885865
1989-10-23,-0.151996989492595
1989-10-24,-0.143860740318182
1989-10-25,-0.135677380219609
1989-10-26,-0.127458441707908
1989-10-27,-0.119215953363213
1989-10-28,-0.110962430529026
1989-10-29,-0.102710865281742
1989-10-30,-0.0944747156710763
1989-10-31,-0.0862678942266738
1989-11-01,-0.078104755725784
1989-11-02,-0.070000071288162
1989-11-03,-0.061968950390101
1989-11-04,-0.0540267511024103
1989-11-05,-0.04618899183038
1989-11-06,-0.0384712645177135
1989-11-07,-0.0308891492770428
1989-11-08,-0.0234581304102691
1989-11-09,-0.0161935137825914
1989-11-10,-0.0091103455147002
1989-11-11,-0.0022233319582222
1989-11-12,0.0044532390798962
1989-11-13,0.0109055758977821
1989-11-14,0.0171204592769306
1989-11-15,0.0230853177109416
1989-11-16,0.0287883015166575
1989-11-17,0.0342183558590902
1989-11-18,0.039365292720953
1989-11-19,0.0442198618470522
1989-11-20,0.0487738206932337
1989-11-21,0.0530200034090249
1989-11-22,0.0569523888825662
1989-11-23,0.0605661678758778
1989-11-24,0.0638578092779721
1989-11-25,0.0668251255027837
1989-11-26,0.0694673370583581
1989-11-27,0.071785136313214
1989-11-28,0.0737807504852705
1989-11-29,0.0754580038782107
1989-11-30,0.0768223793896379
1989-12-01,0.0778810793148687
1989-12-02,0.0786430542368893
1989-12-03,0.07911890675554
1989-12-04,0.0793207654793618
1989-12-05,0.0792621609037322
1989-12-06,0.0789579031259442
1989-12-07,0.0784239613485328
1989-12-08,0.0776773451228029
1989-12-09,0.076735987285148
1989-12-10,0.0756186285393851
1989-12-11,0.0743447036389534
1989-12-12,0.072934229123443
1989-12-13,0.0714076925645325
1989-12-14,0.0697859432770153
1989-12-15,0.068090084451196
1989-12-16,0.0663413666635254
1989-12-17,0.064561082722929
1989-12-18,0.0627704638108617
1989-12-19,0.0609905768736922
1989-12-20,0.0592422232265859
1989-12-21,0.0575458383286146
1989-12-22,0.055921392689375
1989-12-23,0.054388293867944
1989-12-24,0.0529652895255393
1989-12-25,0.0516703714937942
1989-12-26,0.0505206808210782
1989-12-27,0.0495324137598271
1989-12-28,0.0487207286583596
1989-12-29,0.0480996537211754
1989-12-30,0.0476819956022366
1989-12-31,0.0474792487962393
1990-01-01,0.0475015057933808
1990-01-02,0.0477573928004711
1990-01-03,0.0482541052674203
1990-01-04,0.0489974677309635
1990-01-05,0.0499919929054379
1990-01-06,0.05124094003268
1990-01-07,0.0527463725029356
1990-01-08,0.0545092147584989
1990-01-09,0.0565293084916156
1990-01-10,0.0588054681480057
1990-01-11,0.0613355357471801
1990-01-12,0.0641164350305396
1990-01-13,0.0671442249480611
1990-01-14,0.0704141524941877
1990-01-15,0.0739207049033535
1990-01-16,0.0776576612153792
1990-01-17,0.0816181432207899
1990-01-18,0.0857946657959058
1990-01-19,0.0901791866373683
1990-01-20,0.0947631554055644
1990-01-21,0.0995375622862134
1990-01-22,0.104492985979185
1990-01-23,0.109619641123409
1990-01-24,0.114907425166546
1990-01-25,0.120345964687865
1990-01-26,0.125924661182592
1990-01-27,0.131632736315759
1990-01-28,0.137459276653398
1990-01-29,0.143393277878695
1990-01-30,0.149423688500506
1990-01-31,0.155539453061445
1990-02-01,0.16172955485249
1990-02-02,0.167983055674571
1990-02-03,0.174289125183583
1990-02-04,0.180637066943346
1990-02-05,0.187016343605855
1990-02-06,0.193416601246166
1990-02-07,0.199827692878886
1990-02-08,0.206239701182825
1990-02-09,0.212642960460014
1990-02-10,0.219028077854904
1990-02-11,0.225385953859228
1990-02-12,0.231707802127626
1990-02-13,0.237985168628818
1990-02-14,0.244209950156755
1990-02-15,0.250374412225888
1990-02-16,0.256471206374323
1990-02-17,0.262493386898392
1990-02-18,0.268434427041804
1990-02-19,0.274288234662309
1990-02-20,0.280049167398478
1990-02-21,0.285712047358954
1990-02-22,0.291272175356269
1990-02-23,0.296725344707038
1990-02-24,0.302067854620111
1990-02-25,0.307296523194026
1990-02-26,0.312408700044858
1990-02-27,0.317402278585342
1990-02-28,0.322275707975924
1990-03-01,0.327028004768203
1990-03-02,0.33165875426526
1990-03-03,0.336168071869649
1990-03-04,0.340556555369636
1990-03-05,0.344825238377074
1990-03-06,0.348975544889078
1990-03-07,0.353009244946059
1990-03-08,0.35692841135917
1990-03-09,0.360735377480619
1990-03-10,0.364432695990743
1990-03-11,0.368023098676168
1990-03-12,0.371509457173783
1990-03-13,0.374894744655668
1990-03-14,0.378181998430535
1990-03-15,0.3813742834376
1990-03-16,0.384474656609252
1990-03-17,0.387486132079194
1990-03-18,0.390411647213194
1990-03-19,0.39325402943987
1990-03-20,0.396015963859376
1990-03-21,0.398699961608145
1990-03-22,0.401308328958266
1990-03-23,0.403843137130362
1990-03-24,0.406306192799215
1990-03-25,0.408699009271705
1990-03-26,0.411022778316964
1990-03-27,0.413278342628974
1990-03-28,0.415466168902142
1990-03-29,0.417586321500734
1990-03-30,0.419638436703312
1990-03-31,0.421621697503665
1990-04-01,0.423534808949993
1990-04-02,0.425375987488863
1990-04-03,0.427143004475422
1990-04-04,0.428833242289905
1990-04-05,0.43044374932266
1990-04-06,0.431971293855849
1990-04-07,0.433412416869555
1990-04-08,0.434763483799554
1990-04-09,0.436020735273599
1990-04-10,0.437180336852592
1990-04-11,0.438238427802627
1990-04-12,0.439191168923445
1990-04-13,0.440034789458422
1990-04-14,0.440765633110812
1990-04-15,0.44138020319055
1990-04-16,0.441875206915529
1990-04-17,0.44224759889085
1990-04-18,0.442494623789188
1990-04-19,0.442613858254994
1990-04-20,0.442603252054892
1990-04-21,0.44246116849627
1990-04-22,0.442186424135652
1990-04-23,0.441778327798117
1990-04-24,0.441236718928654
1990-04-25,0.440562005295962
1990-04-26,0.439755200068908
1990-04-27,0.438817958285451
1990-04-28,0.437752612733536
1990-04-29,0.436562209263116
1990-04-30,0.435250541548112
1990-05-01,0.433822185316823
1990-05-02,0.432282514750295
1990-05-03,0.430637649409407
1990-05-04,0.428894384851184
1990-05-05,0.427060124528294
1990-05-06,0.425142812940446
1990-05-07,0.423150870006835
1990-05-08,0.421093126629344
1990-05-09,0.418978761416602
1990-05-10,0.416817238539533
1990-05-11,0.414618246689454
1990-05-12,0.412391639110258
1990-05-13,0.410147374676657
1990-05-14,0.407895459990919
1990-05-15,0.405645892470966
1990-05-16,0.403408604403141
1990-05-17,0.401193407933376
1990-05-18,0.399009940970928
1990-05-19,0.396867613979265
1990-05-20,0.3947755576291
1990-05-21,0.392742571288987
1990-05-22,0.390777072329284
1990-05-23,0.38888704621572
1990-05-24,0.387079997369157
1990-05-25,0.38536290076857
1990-05-26,0.383742154274636
1990-05-27,0.3822235316517
1990-05-28,0.380812136266287
1990-05-29,0.379512355440682
1990-05-30,0.378327815440486
1990-05-31,0.377261337075412
1990-06-01,0.37631489189295
1990-06-02,0.375489573800983
1990-06-03,0.374785630449234
1990-06-04,0.374202508913598
1990-06-05,0.373738900621237
1990-06-06,0.373392785535368
1990-06-07,0.373161475618356
1990-06-08,0.37304165759154
1990-06-09,0.37302943500997
1990-06-10,0.373120369669981
1990-06-11,0.373309522367341
1990-06-12,0.373591493023438
1990-06-13,0.373960460196795
1990-06-14,0.374410219996942
1990-06-15,0.37493422441748
1990-06-16,0.375525619104954
1990-06-17,0.376177280579944
1990-06-18,0.376881852926556
1990-06-19,0.37763178396632
1990-06-20,0.378419360932276
1990-06-21,0.379236745658838
1990-06-22,0.380076009302826
1990-06-23,0.380929166610869
1990-06-24,0.381788209748186
1990-06-25,0.382645141703556
1990-06-26,0.383492009285113
1990-06-27,0.384320935721416
1990-06-28,0.385124152882055
1990-06-29,0.385894033131891
1990-06-30,0.386623120832827
1990-07-01,0.387304163506868
1990-07-02,0.387930138902156
1990-07-03,0.388494266685396
1990-07-04,0.388990016190613
1990-07-05,0.389411114027764
1990-07-06,0.389751551555803
1990-07-07,0.390005592224655
1990-07-08,0.390167778790492
1990-07-09,0.390232940408595
1990-07-10,0.390196199608036
1990-07-11,0.39005297915227
1990-07-12,0.389799008789704
1990-07-13,0.38943033189818
1990-07-14,0.388943312027243
1990-07-15,0.388334639341987
1990-07-16,0.387601336972181
1990-07-17,0.386740767270306
1990-07-18,0.385750637982033
1990-07-19,0.384629008332634
1990-07-20,0.383374295032687
1990-07-21,0.381985278206414
1990-07-22,0.380461107245862
1990-07-23,0.378801306594102
1990-07-24,0.377005781460525
1990-07-25,0.37507482347125
1990-07-26,0.37300911625757
1990-07-27,0.370809740985305
1990-07-28,0.368478181827861
1990-07-29,0.366016331385699
1990-07-30,0.363426496054871
1990-07-31,0.360711401347201
1990-08-01,0.357874197164608
1990-08-02,0.354918456589722
1990-08-03,0.35184814896488
1990-08-04,0.348667606941976
1990-08-05,0.345381494019229
1990-08-06,0.341994772546714
1990-08-07,0.338512672182623
1990-08-08,0.334940658782441
1990-08-09,0.331284403703335
1990-08-10,0.327549753506242
1990-08-11,0.323742700038284
1990-08-12,0.319869350878289
1990-08-13,0.31593590012834
1990-08-14,0.311948599534416
1990-08-15,0.307913729919325
1990-08-16,0.303837572911267
1990-08-17,0.299726382951476
1990-08-18,0.295586359564538
1990-08-19,0.291423619875085
1990-08-20,0.287244171354687
1990-08-21,0.28305388478288
1990-08-22,0.278858467406364
1990-08-23,0.274663436280523
1990-08-24,0.270474091777519
1990-08-25,0.266295491245293
1990-08-26,0.262132422801915
1990-08-27,0.25798937924981
1990-08-28,0.25387053209447
1990-08-29,0.249779705652333
1990-08-30,0.245720351232617
1990-08-31,0.241695521377936
1990-09-01,0.237707844148614
1990-09-02,0.233759506888401
1990-09-03,0.229852277719156
1990-09-04,0.225987536014896
1990-09-05,0.222166302320671
1990-09-06,0.218389267735663
1990-09-07,0.214656822779646
1990-09-08,0.210969085761822
1990-09-09,0.207325930670794
1990-09-10,0.203727014604306
1990-09-11,0.200171804757176
1990-09-12,0.196659604985694
1990-09-13,0.193189581966567
1990-09-14,0.189760790968365
1990-09-15,0.186372201253229
1990-09-16,0.183022721126482
1990-09-17,0.179711222651616
1990-09-18,0.176436566047994
1990-09-19,0.173197623788475
1990-09-20,0.169993304414016
1990-09-21,0.166822576082211
1990-09-22,0.163684489866574
1990-09-23,0.160578202823269
1990-09-24,0.157503000841872
1990-09-25,0.154458321296651
1990-09-26,0.151443775514731
1990-09-27,0.148459171077423
1990-09-28,0.145504533970892
1990-09-29,0.142580130602267
1990-09-30,0.139686489697176
1990-10-01,0.136824424094657
1990-10-02,0.13399504563387
1990-10-03,0.131199752793543
1990-10-04,0.128440211996706
1990-10-05,0.125718339504636
1990-10-06,0.123036283888829
1990-10-07,0.120396409070137
1990-10-08,0.117801277914352
1990-10-09,0.115253636373792
1990-10-10,0.112756398164658
1990-10-11,0.110312629970119
1990-10-12,0.107925537159333
1990-10-13,0.105598450012801
1990-10-14,0.103334810444669
1990-10-15,0.101138159212798
1990-10-16,0.0990121236076248
1990-10-17,0.0969604056110407
1990-10-18,0.0949867705167135
1990-10-19,0.0930950360034743
1990-10-20,0.0912890616535849
1990-10-21,0.0895727389078957
1990-10-22,0.0879499814500915
1990-10-23,0.0864247160124109
1990-10-24,0.0850008735954115
1990-10-25,0.0836823810945321
1990-10-26,0.0824731533263898
1990-10-27,0.0813770854479235
1990-10-28,0.080398045761673
1990-10-29,0.0795398689006594
1990-10-30,0.0788063493865021
1990-10-31,0.0782012355545796
1990-11-01,0.0777282238402084
1990-11-02,0.0773909526643077
1990-11-03,0.0771929935301841
1990-11-04,0.0771378411300207
1990-11-05,0.0772289030940586
1990-11-06,0.077469489375012
1990-11-07,0.0778628012601014
1990-11-08,0.078411920002939
1990-11-09,0.0791197950673418
1990-11-10,0.0799892319749882
1990-11-11,0.0810228797486762
1990-11-12,0.0822232179427732
1990-11-13,0.0835925432522872
1990-11-14,0.085132955691816
1990-11-15,0.0868463443354657
1990-11-16,0.0887343726086539
1990-11-17,0.0907984631225389
1990-11-18,0.0930397820416405
1990-11-19,0.0954592229750355
1990-11-20,0.0980573903813321
1990-11-21,0.100834582477439
1990-11-22,0.103790773640964
1990-11-23,0.106925596295873
1990-11-24,0.110238322270875
1990-11-25,0.11372784361977
1990-11-26,0.117392652892831
1990-11-27,0.12123082284806
1990-11-28,0.125239985590993
1990-11-29,0.129417311131483
1990-11-30,0.133759485345718
1990-12-01,0.138262687331489
1990-12-02,0.142922573872428
1990-12-03,0.147734294307096
1990-12-04,0.152692513109567
1990-12-05,0.15779143258807
1990-12-06,0.163024815716083
1990-12-07,0.168386009110418
1990-12-08,0.173867966170916
1990-12-09,0.179463270396532
1990-12-10,0.185164158892685
1990-12-11,0.190962546084892
1990-12-12,0.196850047653822
1990-12-13,0.202818004707076
1990-12-14,0.208857508203085
1990-12-15,0.214959423642729
1990-12-16,0.221114416044368
1990-12-17,0.227312975218163
1990-12-18,0.23354544135572
1990-12-19,0.239802030951241
1990-12-20,0.246072863070527
1990-12-21,0.252347985984371
1990-12-22,0.258617404183027
1990-12-23,0.264871105788632
1990-12-24,0.27109909038264
1990-12-25,0.27729139726551
1990-12-26,0.283438134166085
1990-12-27,0.289529506418293
1990-12-28,0.295555846622999
1990-12-29,0.301507644813047
1990-12-30,0.307375579139736
1990-12-31,0.313150547099186
1991-01-01,0.318823697317282
1991-01-02,0.324386459696332
1991-01-03,0.329830567120287
1991-01-04,0.335148074683298
1991-01-05,0.340331378494348
1991-01-06,0.345373234068351
1991-01-07,0.350266774313908
1991-01-08,0.355005527127678
1991-01-09,0.359583432605106
1991-01-10,0.363994859877017
1991-01-11,0.368234623581409
1991-01-12,0.372297999979512
1991-01-13,0.376180742725016
1991-01-14,0.379879098295137
1991-01-15,0.383389821091979
1991-01-16,0.386710188222478
1991-01-17,0.389838013964964
1991-01-18,0.392771663930216
1991-01-19,0.395510068924662
1991-01-20,0.398052738523195
1991-01-21,0.400399774358859
1991-01-22,0.402551883136492
1991-01-23,0.404510389377193
1991-01-24,0.406277247900311
1991-01-25,0.407855056049455
1991-01-26,0.409247065668825
1991-01-27,0.410457194836008
1991-01-28,0.411490039357157
1991-01-29,0.412350884030328
1991-01-30,0.413045713682528
1991-01-31,0.413581223985881
1991-02-01,0.41396483205811
1991-02-02,0.414204673650616
1991-02-03,0.414309547518137
1991-02-04,0.414288847349981
1991-02-05,0.41415249462626
1991-02-06,0.413910872359191
1991-02-07,0.413574759679884
1991-02-08,0.413155267231324
1991-02-09,0.41266377332862
1991-02-10,0.412111860847837
1991-02-11,0.411511254805068
1991-02-12,0.410873760587664
1991-02-13,0.410211202799812
1991-02-14,0.409535364684931
1991-02-15,0.408857928087587
1991-02-16,0.40819041391791
1991-02-17,0.407544123081679
1991-02-18,0.406930077839527
1991-02-19,0.406358963558881
1991-02-20,0.405841070822507
1991-02-21,0.405386237857685
1991-02-22,0.405003793250263
1991-02-23,0.404702498907997
1991-02-24,0.404490493237775
1991-02-25,0.404375234501452
1991-02-26,0.404363444315221
1991-02-27,0.404461051257547
1991-02-28,0.40467313455085
1991-03-01,0.405003867782246
1991-03-02,0.405456481280579
1991-03-03,0.406033298921016
1991-03-04,0.406735792780112
1991-03-05,0.407564636863279
1991-03-06,0.408519759939427
1991-03-07,0.409600397517239
1991-03-08,0.41080514299726
1991-03-09,0.412131998033678
1991-03-10,0.413578422139407
1991-03-11,0.415141381567815
1991-03-12,0.416817397504186
1991-03-13,0.418602593599729
1991-03-14,0.420492742880748
1991-03-15,0.422483314065328
1991-03-16,0.424569517319657
1991-03-17,0.426746349485939
1991-03-18,0.429008638813586
1991-03-19,0.431351089225234
1991-03-20,0.433768324148904
1991-03-21,0.436254929947472
1991-03-22,0.438805498976429
1991-03-23,0.441414672300761
1991-03-24,0.444077182101617
1991-03-25,0.446787893803295
1991-03-26,0.44954184795094
1991-03-27,0.452334301869222
1991-03-28,0.45516077113213
1991-03-29,0.458017070873945
1991-03-30,0.460899356971301
1991-03-31,0.463804167126204
1991-04-01,0.466728461879744
1991-04-02,0.469669654867404
1991-04-03,0.472625600305271
1991-04-04,0.475594570349876
1991-04-05,0.478575233156964
1991-04-06,0.481566631621905
1991-04-07,0.484568162784713
1991-04-08,0.487579557882903
1991-04-09,0.490600863035649
1991-04-10,0.493632420542954
1991-04-11,0.496674850783785
1991-04-12,0.499729034697355
1991-04-13,0.502796096831952
1991-04-14,0.505877388945947
1991-04-15,0.508974474145843
1991-04-16,0.512089111546398
1991-04-17,0.515223241438117
1991-04-18,0.518378970947565
1991-04-19,0.521558560176181
1991-04-20,0.524764408803451
1991-04-21,0.527999043140494
1991-04-22,0.531265103620295
1991-04-23,0.534565332711004
1991-04-24,0.537902563238887
1991-04-25,0.5412797071077
1991-04-26,0.544699744401395
1991-04-27,0.548165712857277
1991-04-28,0.551680697696821
1991-04-29,0.555247821801582
1991-04-30,0.558870236221721
1991-05-01,0.56255111100485
1991-05-02,0.566293624877537
1991-05-03,0.570100949314053
1991-05-04,0.573976231000071
1991-05-05,0.577922574052295
1991-05-06,0.581943021987181
1991-05-07,0.586040539431815
1991-05-08,0.590217993569922
1991-05-09,0.594478135315842
1991-05-10,0.59882358020922
1991-05-11,0.603256789023046
1991-05-12,0.607780048077551
1991-05-13,0.612395449252377
1991-05-14,0.617104869689299
1991-05-15,0.621909951177696
1991-05-16,0.626812079214805
1991-05-17,0.631812361732726
1991-05-18,0.636911607483989
1991-05-19,0.642110304077384
1991-05-20,0.64740859565566
1991-05-21,0.652806260206527
1991-05-22,0.658302686498327
1991-05-23,0.663896850631568
1991-05-24,0.669587292197427
1991-05-25,0.675372090034179
1991-05-26,0.681248837572382
1991-05-27,0.687214617759538
1991-05-28,0.693265977554791
1991-05-29,0.699398901984117
1991-05-30,0.705608787746314
1991-05-31,0.711890416359968
1991-06-01,0.718237926841443
1991-06-02,0.724644803734718
1991-06-03,0.731103927944377
1991-06-04,0.737607642750352
1991-06-05,0.74414781916622
1991-06-06,0.750715920671689
1991-06-07,0.757303067349763
1991-06-08,0.763900099458766
1991-06-09,0.770497640469285
1991-06-10,0.777086159595817
1991-06-11,0.783656033852748
1991-06-12,0.790197609664067
1991-06-13,0.796701264056063
1991-06-14,0.803157465462039
1991-06-15,0.809556834167921
1991-06-16,0.815890202427465
1991-06-17,0.822148674275588
1991-06-18,0.828323685068216
1991-06-19,0.834407060776852
1991-06-20,0.840391077065954
1991-06-21,0.84626851818105
1991-06-22,0.852032735675381
1991-06-23,0.857677707002735
1991-06-24,0.86319809400402
1991-06-25,0.868589301314972
1991-06-26,0.873847534722316
1991-06-27,0.878969859495562
1991-06-28,0.88395425872152
1991-06-29,0.888799691668522
1991-06-30,0.893506152207239
1991-07-01,0.898074727314898
1991-07-02,0.902507630756626
1991-07-03,0.906808137409627
1991-07-04,0.910980493996603
1991-07-05,0.915029831370407
1991-07-06,0.918962078310205
1991-07-07,0.922783876790037
1991-07-08,0.926502498681205
1991-07-09,0.930125763850492
1991-07-10,0.933661959616731
1991-07-11,0.937119761528827
1991-07-12,0.940508155428829
1991-07-13,0.943836360764204
1991-07-14,0.947113755113964
1991-07-15,0.95034979989384
1991-07-16,0.953553967206161
1991-07-17,0.956735667800631
1991-07-18,0.959904180112692
1991-07-19,0.963068580346608
1991-07-20,0.966237673570943
1991-07-21,0.969419925794534
1991-07-22,0.972623396991547
1991-07-23,0.975855675044687
1991-07-24,0.979123810576033
1991-07-25,0.982434252635498
1991-07-26,0.98579278521728
1991-07-27,0.989204464575176
1991-07-28,0.992673557308019
1991-07-29,0.99620347918695
1991-07-30,0.999796734696656
1991-07-31,1.00345485726312
1991-08-01,1.00717835014083
1991-08-02,1.01096665398261
1991-08-03,1.01481821875963
1991-08-04,1.01873060004716
1991-08-05,1.0227005532032
1991-08-06,1.02672412548353
1991-08-07,1.03079674613559
1991-08-08,1.03491331451296
1991-08-09,1.03906828625138
1991-08-10,1.04325575754629
1991-08-11,1.04746954757133
1991-08-12,1.05170327907632
1991-08-13,1.05595045720234
1991-08-14,1.060204546551
1991-08-15,1.06445904654414
1991-08-16,1.06870756510926
1991-08-17,1.07294389072553
1991-08-18,1.07716206286429
1991-08-19,1.08135644085724
1991-08-20,1.08552177122486
1991-08-21,1.0896532534968
1991-08-22,1.09374660455524
1991-08-23,1.09779812153175
1991-08-24,1.101804743287
1991-08-25,1.10576411050254
1991-08-26,1.1096746244127
1991-08-27,1.11353550420421
1991-08-28,1.11734684311049
1991-08-29,1.12110966322671
1991-08-30,1.12482596907115
1991-08-31,1.12849879991775
1991-09-01,1.13213228092408
1991-09-02,1.13573164682573
1991-09-03,1.13930316004629
1991-09-04,1.14285400432226
1991-09-05,1.14639218064063
1991-09-06,1.14992640543976
1991-09-07,1.15346601102531
1991-09-08,1.15702084815381
1991-09-09,1.1606011907373
1991-09-10,1.16421764262353
1991-09-11,1.16788104640684
1991-09-12,1.17160239422587
1991-09-13,1.17539274050513
1991-09-14,1.17926311659818
1991-09-15,1.18322444729105
1991-09-16,1.18728746912553
1991-09-17,1.19146265050246
1991-09-18,1.19576011352625
1991-09-19,1.20018955755263
1991-09-20,1.20476018440217
1991-09-21,1.20948062520327
1991-09-22,1.21435886882891
1991-09-23,1.21940219189212
1991-09-24,1.22461709026621
1991-09-25,1.23000921209622
1991-09-26,1.23558329226909
1991-09-27,1.24134308831062
1991-09-28,1.24729131767806
1991-09-29,1.25342959641801
1991-09-30,1.25975837915992
1991-10-01,1.26627690041627
1991-10-02,1.27298314063709
1991-10-03,1.27987388694676
1991-10-04,1.28694481623134
1991-10-05,1.29419057665716
1991-10-06,1.30160486766033
1991-10-07,1.30918051844611
1991-10-08,1.31690956503658
1991-10-09,1.32478332590454
1991-10-10,1.33279247623097
1991-10-11,1.34092712082286
1991-10-12,1.34917686572777
1991-10-13,1.35753088858086
1991-10-14,1.36597800771977
1991-10-15,1.37450675010195
1991-10-16,1.38310541805896
1991-10-17,1.39176215492147
1991-10-18,1.40046500954817
1991-10-19,1.40920199979166
1991-10-20,1.41796117493364
1991-10-21,1.42673067712126
1991-10-22,1.43549880183628
1991-10-23,1.44425405742804
1991-10-24,1.45298522374077
1991-10-25,1.46168140986564
1991-10-26,1.47033211104706
1991-10-27,1.47892726477285
1991-10-28,1.48745730607707
1991-10-29,1.49591322208401
1991-10-30,1.50428660582171
1991-10-31,1.5125697093325
1991-11-01,1.52075549610817
1991-11-02,1.52883767755319
1991-11-03,1.53681068775383
1991-11-04,1.54466964342569
1991-11-05,1.5524103045736
1991-11-06,1.5600290358456
1991-11-07,1.5675227685634
1991-11-08,1.57488896341187
1991-11-09,1.58212557377016
1991-11-10,1.58923100966747
1991-11-11,1.59620410234658
1991-11-12,1.60304406941864
1991-11-13,1.60975048059264
1991-11-14,1.61632322396356
1991-11-15,1.622762472843
1991-11-16,1.62906865311676
1991-11-17,1.63524241111356
1991-11-18,1.64128458196965
1991-11-19,1.6471961584741
1991-11-20,1.65297826037977
1991-11-21,1.65863210416512
1991-11-22,1.6641589732323
1991-11-23,1.66956018852703
1991-11-24,1.67483707956612
1991-11-25,1.67999095585831
1991-11-26,1.68502307870488
1991-11-27,1.68993463336597
1991-11-28,1.69472670157919
1991-11-29,1.69940023441719
1991-11-30,1.7039560254708
1991-12-01,1.70839468434475
1991-12-02,1.7127166171753
1991-12-03,1.7169220341822
1991-12-04,1.72101096351216
1991-12-05,1.72498326450755
1991-12-06,1.72883864039928
1991-12-07,1.7325766504228
1991-12-08,1.73619672135562
1991-12-09,1.73969815847495
1991-12-10,1.74308015593331
1991-12-11,1.74634180655005
1991-12-12,1.74948211101649
1991-12-13,1.75249998651185
1991-12-14,1.75539427472716
1991-12-15,1.75816374929408
1991-12-16,1.76080712261506
1991-12-17,1.76332305209128
1991-12-18,1.76571014574445
1991-12-19,1.76796696722819
1991-12-20,1.77009204022464
1991-12-21,1.7720838522215
1991-12-22,1.77394085766454
1991-12-23,1.77566148048025
1991-12-24,1.7772441159632
1991-12-25,1.77868713202215
1991-12-26,1.77998886977884
1991-12-27,1.78114764351321
1991-12-28,1.78216173994805
1991-12-29,1.78302941686646
1991-12-30,1.78374890105458
1991-12-31,1.7843183855622
1992-01-01,1.78473602627326
1992-01-02,1.78499993940853
1992-01-03,1.78510820505996
1992-01-04,1.78505887272875
1992-01-05,1.78484996746481
1992-01-06,1.78447949662304
1992-01-07,1.78394545725207
1992-01-08,1.78324584413148
1992-01-09,1.78237865847362
1992-01-10,1.78134191730669
1992-01-11,1.78013366355576
1992-01-12,1.7787519768391
1992-01-13,1.77719498499703
1992-01-14,1.77546087637129
1992-01-15,1.77354791285287
1992-01-16,1.77145444371693
1992-01-17,1.76917892026337
1992-01-18,1.76671991128244
1992-01-19,1.76407611936469
1992-01-20,1.76124639807522
1992-01-21,1.7582297700124
1992-01-22,1.7550254457717
1992-01-23,1.75163284383566
1992-01-24,1.74805161141122
1992-01-25,1.74428164623635
1992-01-26,1.74032311937813
1992-01-27,1.73617649904474
1992-01-28,1.73184257543457
1992-01-29,1.72732248664572
1992-01-30,1.7226177456699
1992-01-31,1.71773026849488
1992-02-01,1.71266240334049
1992-02-02,1.70741695244635
1992-02-03,1.70199716033191
1992-02-04,1.69640669322658
1992-02-05,1.69064961797718
1992-02-06,1.68473038040956
1992-02-07,1.67865378312116
1992-02-08,1.67242496268082
1992-02-09,1.66604936621198
1992-02-10,1.65953272733499
1992-02-11,1.65288104144401
1992-02-12,1.64610054029354
1992-02-13,1.6391976658695
1992-02-14,1.63217904351906
1992-02-15,1.6250514543135
1992-02-16,1.61782180661775
1992-02-17,1.61049710683984
1992-02-18,1.60308442933336
1992-02-19,1.59559088542545
1992-02-20,1.58802359154241
1992-02-21,1.58038963640479
1992-02-22,1.57269604726335
1992-02-23,1.56494975514657
1992-02-24,1.55715755909058
1992-02-25,1.54932608932115
1992-02-26,1.54146176935769
1992-02-27,1.53357077700812
1992-02-28,1.52565900422349
1992-02-29,1.51773201578041
1992-03-01,1.50979500675899
1992-03-02,1.50185276762358
1992-03-03,1.49390968369768
1992-03-04,1.48596974370489
1992-03-05,1.47803654884455
1992-03-06,1.4701133224134
1992-03-07,1.46220291998526
1992-03-08,1.45430784016088
1992-03-09,1.4464302359004
1992-03-10,1.4385719264512
1992-03-11,1.43073440988417
1992-03-12,1.42291887625188
1992-03-13,1.41512622138217
1992-03-14,1.40735706132138
1992-03-15,1.3996117474414
1992-03-16,1.39189038222523
1992-03-17,1.38419283574618
1992-03-18,1.37651876285584
1992-03-19,1.36886762109665
1992-03-20,1.3612386893551
1992-03-21,1.35363108727181
1992-03-22,1.34604379542541
1992-03-23,1.33847567630715
1992-03-24,1.33092549610387
1992-03-25,1.32339194730708
1992-03-26,1.31587367216634
1992-03-27,1.30836928700572
1992-03-28,1.30087740742211
1992-03-29,1.29339667438503
1992-03-30,1.28592578125747
1992-03-31,1.27846350175823
1992-04-01,1.27100871888617
1992-04-02,1.26356044854593
1992-04-03,1.25611783881584
1992-04-04,1.24868016277611
1992-04-05,1.24124681094058
1992-04-06,1.23381728328457
1992-04-07,1.2263911808613
1992-04-08,1.21896819699906
1992-04-09,1.21154810807107
1992-04-10,1.20413076382992
1992-04-11,1.19671607729811
1992-04-12,1.18930401420613
1992-04-13,1.18189458196923
1992-04-14,1.17448781819384
1992-04-15,1.16708377870449
1992-04-16,1.15968252508155
1992-04-17,1.15228411170038
1992-04-18,1.1448885722618
1992-04-19,1.13749590580376
1992-04-20,1.13010606218393
1992-04-21,1.12271892702256
1992-04-22,1.11533430609483
1992-04-23,1.10795190916148
1992-04-24,1.10057133322668
1992-04-25,1.09319204521129
1992-04-26,1.08581336403
1992-04-27,1.07843444206
1992-04-28,1.07105424598917
1992-04-29,1.06367153703105
1992-04-30,1.05628485049382
1992-05-01,1.04889247469018
1992-05-02,1.04149243706196
1992-05-03,1.03408252126325
1992-05-04,1.02666029191752
1992-05-05,1.01922311926759
1992-05-06,1.01176820373236
1992-05-07,1.00429260038441
1992-05-08,0.99679324336259
1992-05-09,0.989266970233445
1992-05-10,0.981710546315587
1992-05-11,0.974120688981006
1992-05-12,0.966494091947298
1992-05-13,0.958827449574814
1992-05-14,0.951117481182746
1992-05-15,0.943360955398155
1992-05-16,0.935554714551972
1992-05-17,0.927695699136009
1992-05-18,0.919780972335049
1992-05-19,0.911807744648074
1992-05-20,0.903773398612773
1992-05-21,0.89567551364743
1992-05-22,0.887511891024382
1992-05-23,0.879280578989239
1992-05-24,0.87097989804012
1992-05-25,0.862608466381172
1992-05-26,0.854165225564718
1992-05-27,0.845649466336401
1992-05-28,0.837060854697764
1992-05-29,0.828399458200755
1992-05-30,0.819665772488685
1992-05-31,0.810860748098275
1992-06-01,0.801985817537447
1992-06-02,0.793042915267039
1992-06-03,0.784034468392731
1992-06-04,0.774963380042586
1992-06-05,0.765833012762886
1992-06-06,0.756647171923152
1992-06-07,0.747410089121187
1992-06-08,0.738126405578922
1992-06-09,0.728801155519796
1992-06-10,0.719439749518338
1992-06-11,0.710047957812573
1992-06-12,0.700631893569801
1992-06-13,0.691197996096242
1992-06-14,0.681753013980967
1992-06-15,0.672303988164481
1992-06-16,0.662858234922237
1992-06-17,0.653423328753304
1992-06-18,0.644007085164328
1992-06-19,0.63461754333884
1992-06-20,0.625262948681916
1992-06-21,0.615951735230069
1992-06-22,0.60669250791621
1992-06-23,0.597494024679395
1992-06-24,0.588365178409013
1992-06-25,0.579314978712951
1992-06-26,0.570352533499215
1992-06-27,0.561487030360337
1992-06-28,0.552727717749852
1992-06-29,0.544083885939997
1992-06-30,0.535564847749673
1992-07-01,0.52717991903164
1992-07-02,0.518938397058749
1992-07-03,0.510849531376455
1992-07-04,0.502922493159246
1992-07-05,0.495166345034014
1992-07-06,0.487590011359024
1992-07-07,0.480202248947354
1992-07-08,0.473011618223889
1992-07-09,0.466026454805183
1992-07-10,0.459254841491681
1992-07-11,0.452704580662046
1992-07-12,0.446383167059498
1992-07-13,0.440297760960327
1992-07-14,0.434455161714906
1992-07-15,0.428861781651766
1992-07-16,0.423523620335482
1992-07-17,0.418446239169336
1992-07-18,0.413634736333897
1992-07-19,0.40909372205291
1992-07-20,0.40482729417802
1992-07-21,0.400839014084126
1992-07-22,0.397131882867292
1992-07-23,0.393708317837401
1992-07-24,0.390570129297887
1992-07-25,0.387718497605101
1992-07-26,0.385153950500063
1992-07-27,0.382876340705534
1992-07-28,0.380884823781552
1992-07-29,0.379177836232757
1992-07-30,0.37775307386104
1992-07-31,0.376607470357219
1992-08-01,0.375737176125681
1992-08-02,0.375137547409406
1992-08-03,0.374803175880629
1992-08-04,0.374727928278498
1992-08-05,0.374904985982385
1992-08-06,0.3753268845353
1992-08-07,0.375985553131924
1992-08-08,0.376872354085839
1992-08-09,0.377978122290572
1992-08-10,0.379293204689169
1992-08-11,0.380807499767057
1992-08-12,0.382510497083022
1992-08-13,0.384391316853204
1992-08-14,0.386438749603095
1992-08-15,0.388641295902567
1992-08-16,0.390987206199068
1992-08-17,0.393464520764176
1992-08-18,0.396061109768804
1992-08-19,0.398764713502403
1992-08-20,0.401562982751616
1992-08-21,0.404443519353924
1992-08-22,0.407393916941888
1992-08-23,0.410401801893714
1992-08-24,0.413454874505941
1992-08-25,0.416540950404141
1992-08-26,0.419648002207652
1992-08-27,0.422764201464417
1992-08-28,0.42587796087214
1992-08-29,0.428977976802061
1992-08-30,0.432053272141761
1992-08-31,0.435093239473503
1992-09-01,0.438087684604759
1992-09-02,0.44102686650117
1992-09-03,0.443901521485173
1992-09-04,0.446702882598984
1992-09-05,0.449422697856905
1992-09-06,0.452053247398316
1992-09-07,0.454587359552183
1992-09-08,0.457018425823359
1992-09-09,0.459340414810417
1992-09-10,0.461547885064194
1992-09-11,0.463635996895713
1992-09-12,0.465600523141579
1992-09-13,0.467437858894448
1992-09-14,0.469145030205602
1992-09-15,0.470719701766144
1992-09-16,0.472160183572797
1992-09-17,0.473465436583783
1992-09-18,0.474635077369679
1992-09-19,0.475669381763694
1992-09-20,0.476569287515228
1992-09-21,0.477336395950086
1992-09-22,0.477972972640185
1992-09-23,0.478481947085084
1992-09-24,0.47886691140713
1992-09-25,0.47913211806152
1992-09-26,0.479282476562046
1992-09-27,0.479323549222768
1992-09-28,0.479261545915373
1992-09-29,0.479103317841418
1992-09-30,0.478856350318193
1992-10-01,0.478528754576375
1992-10-02,0.478129249222127
1992-10-03,0.477667103745997
1992-10-04,0.477152073786818
1992-10-05,0.47659433788879
1992-10-06,0.47600443572029
1992-10-07,0.475393207723564
1992-10-08,0.474771736165071
1992-10-09,0.474151287556816
1992-10-10,0.473543256419593
1992-10-11,0.472959110359647
1992-10-12,0.472410336430828
1992-10-13,0.471908388754871
1992-10-14,0.471464637372993
1992-10-15,0.47109031830257
1992-10-16,0.470796484773174
1992-10-17,0.470593959616805
1992-10-18,0.470493288787709
1992-10-19,0.470504695987653
1992-10-20,0.470638038373123
1992-10-21,0.470902763321352
1992-10-22,0.47130786623267
1992-10-23,0.471861849347137
1992-10-24,0.47257268155393
1992-10-25,0.473447759172477
1992-10-26,0.474493867684796
1992-10-27,0.475717144399009
1992-10-28,0.477123042024486
1992-10-29,0.478716293139546
1992-10-30,0.480500875533129
1992-10-31,0.482479978402325
1992-11-01,0.484655969388115
1992-11-02,0.48703037606966
1992-11-03,0.489603922520435
1992-11-04,0.49237657883426
1992-11-05,0.495347609709695
1992-11-06,0.498515622118045
1992-11-07,0.501878612079862
1992-11-08,0.505434010574505
1992-11-09,0.509178728607048
1992-11-10,0.513109201456455
1992-11-11,0.517221432128694
1992-11-12,0.521511034038124
1992-11-13,0.525973272940222
1992-11-14,0.530603108138408
1992-11-15,0.535395232987466
1992-11-16,0.540344114715751
1992-11-17,0.545444033588141
1992-11-18,0.550689121431385
1992-11-19,0.556073399543258
1992-11-20,0.561590816006679
1992-11-21,0.567235282429681
1992-11-22,0.573000710131884
1992-11-23,0.57888104579789
1992-11-24,0.584870306617751
1992-11-25,0.590962614934463
1992-11-26,0.597152232418194
1992-11-27,0.603433593786721
1992-11-28,0.609801340091359
1992-11-29,0.616250351587422
1992-11-30,0.622775780208075
1992-12-01,0.629373081660197
1992-12-02,0.636038037528313
1992-12-03,0.642766738662398
1992-12-04,0.649555559378944
1992-12-05,0.656401132254337
1992-12-06,0.663300323497404
1992-12-07,0.670250208888133
1992-12-08,0.677248050269846
1992-12-09,0.684291272582311
1992-12-10,0.691377441423496
1992-12-11,0.698504241127891
1992-12-12,0.705669453349521
1992-12-13,0.712870936138016
1992-12-14,0.720106603496274
1992-12-15,0.727374405408491
1992-12-16,0.734672308327513
1992-12-17,0.741998276110676
1992-12-18,0.749350251393503
1992-12-19,0.756726137390797
1992-12-20,0.764123780114903
1992-12-21,0.771540951001065
1992-12-22,0.778975329930003
1992-12-23,0.786424488638042
1992-12-24,0.793885874505276
1992-12-25,0.801356794712445
1992-12-26,0.808834400757399
1992-12-27,0.816315673322168
1992-12-28,0.82379740748185
1992-12-29,0.831276198246703
1992-12-30,0.838748426428993
1992-12-31,0.846210244826317
1993-01-01,0.853657564713278
1993-01-02,0.861086050492049
1993-01-03,0.868491145870406
1993-01-04,0.875868107191273
1993-01-05,0.883212035864802
1993-01-06,0.890517909914413
1993-01-07,0.897780614647848
1993-01-08,0.90499497246393
1993-01-09,0.91215577180533
1993-01-10,0.919257795267275
1993-01-11,0.926295846871763
1993-01-12,0.933264778516475
1993-01-13,0.940159515607206
1993-01-14,0.946975081882267
1993-01-15,0.953706623436935
1993-01-16,0.960349431955678
1993-01-17,0.966898967159492
1993-01-18,0.973350878475333
1993-01-19,0.979701025934262
1993-01-20,0.985945500304549
1993-01-21,0.992080642465621
1993-01-22,0.998103062028364
1993-01-23,1.00400965520694
1993-01-24,1.00979762194691
1993-01-25,1.01546448231406
1993-01-26,1.02100809214803
1993-01-27,1.02642665798437
1993-01-28,1.03171875124846
1993-01-29,1.0368833217241
1993-01-30,1.04191971029953
1993-01-31,1.04682766099299
1993-02-01,1.05160733225971
1993-02-02,1.05625929882078
1993-02-03,1.06078451801732
1993-02-04,1.06518428811503
1993-02-05,1.06946020759766
1993-02-06,1.07361413544011
1993-02-07,1.07764815235192
1993-02-08,1.08156452298248
1993-02-09,1.0853656590798
1993-02-10,1.08905408359481
1993-02-11,1.09263239572384
1993-02-12,1.09610323688209
1993-02-13,1.09946925760152
1993-02-14,1.1027330853469
1993-02-15,1.10589729324414
1993-02-16,1.10896436971541
1993-02-17,1.11193668901611
1993-02-18,1.1148164826691
1993-02-19,1.11760581179185
1993-02-20,1.12030654031281
1993-02-21,1.12292030907365
1993-02-22,1.12544851081434
1993-02-23,1.12789226603862
1993-02-24,1.13025239975766
1993-02-25,1.13252941911027
1993-02-26,1.13472349185841
1993-02-27,1.1368344257571
1993-02-28,1.13886164879841
1993-03-01,1.14080419032945
1993-03-02,1.14266067052894
1993-03-03,1.14442932050524
1993-03-04,1.14610800980387
1993-03-05,1.14769427365652
1993-03-06,1.149185339978
1993-03-07,1.15057815611828
1993-03-08,1.15186941537624
1993-03-09,1.15305558328184
1993-03-10,1.15413292365322
1993-03-11,1.1550975244355
1993-03-12,1.15594532332742
1993-03-13,1.15667213320254
1993-03-14,1.15727366733099
1993-03-15,1.1577455644083
1993-03-16,1.15808341339727
1993-03-17,1.15828277818901
1993-03-18,1.15833922208929
1993-03-19,1.15824833213592
1993-03-20,1.15800574325328
1993-03-21,1.1576071622495
1993-03-22,1.15704839166231
1993-03-23,1.15632535345896
1993-03-24,1.15543411259585
1993-03-25,1.15437090044342
1993-03-26,1.15313213808156
1993-03-27,1.1517144594711
1993-03-28,1.1501147345063
1993-03-29,1.14833009195388
1993-03-30,1.14635794228344
1993-03-31,1.14419600039432
1993-04-01,1.14184230824396
1993-04-02,1.13929525460812
1993-04-03,1.13655358356417
1993-04-04,1.13361639966323
1993-04-05,1.13048317247569
1993-04-06,1.12715374050966
1993-04-07,1.12362831450155
1993-04-08,1.11990748007775
1993-04-09,1.11599219978579
1993-04-10,1.11188381449344
1993-04-11,1.10758404415338
1993-04-12,1.10309498793133
1993-04-13,1.09841912369466
1993-04-14,1.09355930685847
1993-04-15,1.08851876858575
1993-04-16,1.08330111333793
1993-04-17,1.07791031577158
1993-04-18,1.07235071697707
1993-04-19,1.06662702005422
1993-04-20,1.06074428502006
1993-04-21,1.05470792304311
1993-04-22,1.04852368999855
1993-04-23,1.04219767933803
1993-04-24,1.03573631426783
1993-04-25,1.02914633922836
1993-04-26,1.02243481066806
1993-04-27,1.015609087104
1993-04-28,1.00867681846154
1993-04-29,1.00164593468454
1993-04-30,0.994524633607818
1993-05-01,0.987321368082787
1993-05-02,0.980044827224131
1993-05-03,0.972703896689844
1993-05-04,0.965307614513513
1993-05-05,0.957865127886998
1993-05-06,0.950385650877775
1993-05-07,0.942878423065619
1993-05-08,0.935352669083696
1993-05-09,0.927817559049543
1993-05-10,0.920282169871822
1993-05-11,0.912755447419094
1993-05-12,0.905246169537305
1993-05-13,0.897762909903019
1993-05-14,0.890314002699869
1993-05-15,0.88290750810606
1993-05-16,0.875551178581149
1993-05-17,0.868252425940739
1993-05-18,0.861018289208079
1993-05-19,0.853855403231971
1993-05-20,0.84676996806076
1993-05-21,0.839767719062573
1993-05-22,0.832853897782354
1993-05-23,0.826033223526616
1993-05-24,0.81930986566724
1993-05-25,0.812687416655993
1993-05-26,0.806168865741861
1993-05-27,0.799756573383633
1993-05-28,0.793452246350594
1993-05-29,0.787256913504522
1993-05-30,0.781170902256611
1993-05-31,0.775193815693268
1993-06-01,0.769324510365178
1993-06-02,0.763561088004471
1993-06-03,0.757900940752127
1993-06-04,0.752340809192619
1993-06-05,0.746876839725475
1993-06-06,0.741504641302321
1993-06-07,0.736219341557788
1993-06-08,0.731015642362407
1993-06-09,0.725887874825468
1993-06-10,0.720830053775572
1993-06-11,0.715835931746479
1993-06-12,0.710899052495592
1993-06-13,0.706012804082325
1993-06-14,0.70117047153336
1993-06-15,0.696365289121672
1993-06-16,0.691590492286037
1993-06-17,0.686839369217569
1993-06-18,0.68210531213969
1993-06-19,0.677381868307809
1993-06-20,0.672662790754819
1993-06-21,0.667942088808424
1993-06-22,0.663214078406147
1993-06-23,0.658473432233789
1993-06-24,0.653715229712947
1993-06-25,0.648935006863142
1993-06-26,0.644128806063951
1993-06-27,0.639293225742499
1993-06-28,0.634425470011501
1993-06-29,0.629523398283035
1993-06-30,0.624585574883075
1993-07-01,0.619611318691797
1993-07-02,0.614600735746868
1993-07-03,0.609554683635488
1993-07-04,0.604474719209371
1993-07-05,0.599363046753003
1993-07-06,0.594222466574752
1993-07-07,0.589056323990583
1993-07-08,0.583868458670175
1993-07-09,0.578663154315377
1993-07-10,0.573445088641018
1993-07-11,0.568219283628157
1993-07-12,0.562991056019947
1993-07-13,0.557765968030357
1993-07-14,0.552549778236041
1993-07-15,0.547348392621711
1993-07-16,0.542167815749407
1993-07-17,0.5370141020221
1993-07-18,0.531893307012096
1993-07-19,0.526811438824718
1993-07-20,0.521774409467783
1993-07-21,0.516787986197376
1993-07-22,0.511857742810432
1993-07-23,0.506989010854644
1993-07-24,0.502186830726172
1993-07-25,0.497455902625636
1993-07-26,0.492800537342821
1993-07-27,0.488224606840519
1993-07-28,0.483731494607839
1993-07-29,0.479324045753325
1993-07-30,0.475004516808113
1993-07-31,0.470774525209318
1993-08-01,0.466634998433767
1993-08-02,0.462586137614263
1993-08-03,0.458627440239876
1993-08-04,0.454757737513109
1993-08-05,0.450975231562108
1993-08-06,0.447277532532282
1993-08-07,0.443661695581698
1993-08-08,0.440124257804655
1993-08-09,0.436661275107862
1993-08-10,0.433268359063698
1993-08-11,0.429940713765066
1993-08-12,0.426673172706422
1993-08-13,0.423460235715591
1993-08-14,0.420296105961094
1993-08-15,0.417174727059723
1993-08-16,0.414089820309245
1993-08-17,0.41103492207114
1993-08-18,0.408003421328432
1993-08-19,0.404988597443709
1993-08-20,0.401983658142596
1993-08-21,0.398981777748006
1993-08-22,0.395976135690651
1993-08-23,0.392959955321402
1993-08-24,0.389926543051229
1993-08-25,0.386869327844589
1993-08-26,0.383781901092279
1993-08-27,0.38065805688993
1993-08-28,0.377491832748473
1993-08-29,0.374277550763076
1993-08-30,0.371009859267242
1993-08-31,0.367683774998909
1993-09-01,0.364294725805626
1993-09-02,0.360838586981633
1993-09-03,0.357311690252746
1993-09-04,0.353710825400575
1993-09-05,0.350033241249984
1993-09-06,0.346276646011432
1993-09-07,0.342439206969487
1993-09-08,0.338519549508456
1993-09-09,0.334516755465727
1993-09-10,0.330430360803072
1993-09-11,0.326260352585779
1993-09-12,0.322007165259164
1993-09-13,0.317671676211594
1993-09-14,0.313255200612825
1993-09-15,0.308759485516057
1993-09-16,0.304186703211745
1993-09-17,0.299539443820815
1993-09-18,0.294820707114532
1993-09-19,0.290033893547904
1993-09-20,0.285182794493078
1993-09-21,0.28027158165879
1993-09-22,0.275304795681535
1993-09-23,0.270287333873682
1993-09-24,0.265224437113374
1993-09-25,0.260121675860594
1993-09-26,0.254984935283383
1993-09-27,0.249820399477723
1993-09-28,0.244634534764192
1993-09-29,0.239434072044035
1993-09-30,0.234225988196836
1993-10-01,0.229017486501531
1993-10-02,0.223815972459542
1993-10-03,0.218629014572196
1993-10-04,0.21346430237726
1993-10-05,0.208329605713645
1993-10-06,0.203232735203878
1993-10-07,0.198181503944465
1993-10-08,0.19318369039482
1993-10-09,0.188247002455945
1993-10-10,0.183379042730597
1993-10-11,0.17858727495721
1993-10-12,0.173878991610363
1993-10-13,0.169261282661142
1993-10-14,0.16474100549127
1993-10-15,0.160324755955402
1993-10-16,0.156018840586558
1993-10-17,0.151829249940165
1993-10-18,0.147761633072754
1993-10-19,0.143821273151879
1993-10-20,0.140013064194384
1993-10-21,0.136341488930671
1993-10-22,0.132810597793204
1993-10-23,0.12942398902798
1993-10-24,0.126184789928308
1993-10-25,0.123095639190745
1993-10-26,0.12015867039362
1993-10-27,0.11737549659912
1993-10-28,0.114747196080471
1993-10-29,0.112274299176339
1993-10-30,0.109956776275085
1993-10-31,0.107794026932135
1993-11-01,0.105784870124262
1993-11-02,0.103927546156327
1993-11-03,0.102219761352745
1993-11-04,0.100658742382962
1993-11-05,0.0992412893207889
1993-11-06,0.0979638274567474
1993-11-07,0.0968224578821204
1993-11-08,0.0958130068628677
1993-11-09,0.0949310740210782
1993-11-10,0.0941720793411277
1993-11-11,0.0935313090172156
1993-11-12,0.0930039601584582
1993-11-13,0.0925851843672214
1993-11-14,0.0922701302058881
1993-11-15,0.092053984566759
1993-11-16,0.0919320129593057
1993-11-17,0.0918995987284991
1993-11-18,0.0919522812174578
1993-11-19,0.0920857928871725
1993-11-20,0.0922960954055814
1993-11-21,0.0925794147177894
1993-11-22,0.0929322751087413
1993-11-23,0.0933515322691827
1993-11-24,0.0938344053752594
1993-11-25,0.0943785081916293
1993-11-26,0.0949818792074844
1993-11-27,0.0956430108143992
1993-11-28,0.0963608775344505
1993-11-29,0.0971349633065711
1993-11-30,0.0979652878386288
1993-12-01,0.0988524320322421
1993-12-02,0.0997975502274049
1993-12-03,0.100802332771659
1993-12-04,0.10186895680161
1993-12-05,0.103000037756082
1993-12-06,0.104198581599319
1993-12-07,0.105467937732893
1993-12-08,0.10681175257526
1993-12-09,0.108233923788138
1993-12-10,0.109738555129156
1993-12-11,0.111329911910454
1993-12-12,0.113012377043183
1993-12-13,0.114790407648065
1993-12-14,0.116668492212444
1993-12-15,0.118651108274466
1993-12-16,0.120742680615279
1993-12-17,0.122947539940356
1993-12-18,0.125269882031278
1993-12-19,0.127713727349529
1993-12-20,0.130282881074073
1993-12-21,0.132980893554706
1993-12-22,0.135811021163365
1993-12-23,0.138776187525811
1993-12-24,0.141878945116283
1993-12-25,0.145121437197938
1993-12-26,0.148505360092077
1993-12-27,0.152031925759359
1993-12-28,0.155701824676402
1993-12-29,0.159515188991331
1993-12-30,0.163471555942069
1993-12-31,0.167569831521288
1994-01-01,0.171808254372171
1994-01-02,0.176184372175078
1994-01-03,0.180695067284172
1994-01-04,0.185336594565651
1994-01-05,0.190104619121603
1994-01-06,0.194994253917749
1994-01-07,0.200000097333328
1994-01-08,0.205116270651433
1994-01-09,0.210336455508138
1994-01-10,0.215653931318782
1994-01-11,0.221061612699827
1994-01-12,0.226552086904754
1994-01-13,0.232117651292501
1994-01-14,0.237750350847008
1994-01-15,0.243442015766487
1994-01-16,0.249184299141099
1994-01-17,0.25496871473778
1994-01-18,0.260786674911028
1994-01-19,0.266629528658542
1994-01-20,0.272488599840665
1994-01-21,0.278355225582688
1994-01-22,0.284220794879125
1994-01-23,0.290076787419185
1994-01-24,0.295914812652751
1994-01-25,0.301726649116259
1994-01-26,0.30750428403799
1994-01-27,0.313239953242386
1994-01-28,0.3189261813731
1994-01-29,0.324555822454619
1994-01-30,0.330122100812402
1994-01-31,0.335618652371608
1994-02-01,0.3410395663546
1994-02-02,0.346379419005324
1994-02-03,0.351633274041048
1994-02-04,0.356796674452174
1994-02-05,0.361865633901794
1994-02-06,0.366836627723917
1994-02-07,0.371706583519064
1994-02-08,0.376472871345683
1994-02-09,0.381133293505616
1994-02-10,0.385686073921606
1994-02-11,0.390129847104608
1994-02-12,0.39446364670843
1994-02-13,0.398686893668996
1994-02-14,0.402799383925305
1994-02-15,0.406801275718903
1994-02-16,0.410693076468484
1994-02-17,0.414475629215975
1994-02-18,0.418150098640248
1994-02-19,0.421717956634363
1994-02-20,0.425180967442008
1994-02-21,0.428541172348584
1994-02-22,0.431800873922132
1994-02-23,0.434962619799082
1994-02-24,0.438029186009565
1994-02-25,0.441003559836781
1994-02-26,0.443888922204712
1994-02-27,0.446688629588211
1994-02-28,0.449406195439249
1994-03-01,0.452045271122918
1994-03-02,0.454609625623991
1994-03-03,0.457103122014124
1994-03-04,0.45952969364663
1994-03-05,0.46189332099202
1994-03-06,0.464198009099368
1994-03-07,0.466447765668871
1994-03-08,0.468646579721238
1994-03-09,0.470798400849787
1994-03-10,0.472907119041417
1994-03-11,0.474976545052856
1994-03-12,0.47701039132887
1994-03-13,0.479012253449336
1994-03-14,0.480985592092347
1994-03-15,0.482933715500771
1994-03-16,0.484859762439893
1994-03-17,0.486766685634047
1994-03-18,0.488657235670341
1994-03-19,0.490533945357837
1994-03-20,0.49239911453075
1994-03-21,0.494254795284482
1994-03-22,0.496102777633493
1994-03-23,0.49794457558026
1994-03-24,0.499781413584766
1994-03-25,0.501614213424189
1994-03-26,0.503443581432656
1994-03-27,0.50526979611113
1994-03-28,0.507092796097727
1994-03-29,0.508912168488914
1994-03-30,0.510727137502278
1994-03-31,0.512536553471724
1994-04-01,0.514338882166163
1994-04-02,0.516132204160994
1994-04-03,0.517914253246475
1994-04-04,0.519682463769413
1994-04-05,0.521434016966377
1994-04-06,0.523165886311114
1994-04-07,0.524874881898475
1994-04-08,0.526557693886727
1994-04-09,0.528210935019745
1994-04-10,0.529831182250176
1994-04-11,0.531415017484263
1994-04-12,0.532959067468652
1994-04-13,0.534460042839109
1994-04-14,0.535914776350691
1994-04-15,0.537320260308557
1994-04-16,0.538673683218211
1994-04-17,0.539972465673634
1994-04-18,0.541214295501357
1994-04-19,0.542397162178214
1994-04-20,0.543519390540129
1994-04-21,0.544579673798938
1994-04-22,0.54557710588393
1994-04-23,0.546511213124405
1994-04-24,0.547381985289237
1994-04-25,0.548189905999086
1994-04-26,0.54893598252656
1994-04-27,0.5496217749993
1994-04-28,0.550249425020652
1994-04-29,0.550821683722221
1994-04-30,0.55134193926235
1994-05-01,0.551814243784164
1994-05-02,0.552243324107801
1994-05-03,0.552634529270031
1994-05-04,0.552993763399621
1994-05-05,0.55332741996218
1994-05-06,0.553642317346472
1994-05-07,0.553945635764734
1994-05-08,0.554244855440082
1994-05-09,0.554547696054589
1994-05-10,0.55486205743218
1994-05-11,0.555195961430988
1994-05-12,0.555557495020341
1994-05-13,0.555954754518065
1994-05-14,0.556395790964295
1994-05-15,0.556888556608479
1994-05-16,0.5574408524868
1994-05-17,0.558060277067681
1994-05-18,0.558754175943592
1994-05-19,0.559529592547813
1994-05-20,0.56039321987534
1994-05-21,0.56135135318757
1994-05-22,0.562409843680899
1994-05-23,0.563574053099841
1994-05-24,0.564848809275738
1994-05-25,0.566238362572612
1994-05-26,0.567746343222187
1994-05-27,0.569375719530533
1994-05-28,0.571128756939301
1994-05-29,0.573006977924923
1994-05-30,0.57501112271966
1994-05-31,0.577141110838768
1994-06-01,0.579396003398584
1994-06-02,0.581773985512135
1994-06-03,0.58427242630567
1994-06-04,0.58688795725913
1994-06-05,0.589616549245796
1994-06-06,0.592453588301366
1994-06-07,0.595393950152217
1994-06-08,0.598432073532124
1994-06-09,0.601562032316228
1994-06-10,0.604777606500575
1994-06-11,0.608072352055072
1994-06-12,0.611439669677229
1994-06-13,0.614872872473622
1994-06-14,0.618365252595503
1994-06-15,0.621910146854595
1994-06-16,0.625501001344578
1994-06-17,0.629131435093404
1994-06-18,0.632795302771068
1994-06-19,0.636486756477061
1994-06-20,0.640200306631285
1994-06-21,0.643930881991758
1994-06-22,0.647673888822033
1994-06-23,0.651425269230804
1994-06-24,0.655181558705757
1994-06-25,0.658939942863313
1994-06-26,0.66269831343546
1994-06-27,0.666455323514488
1994-06-28,0.67021044207601
1994-06-29,0.673964007800243
1994-06-30,0.677717282211112
1994-07-01,0.681472502152345
1994-07-02,0.685232908702371
1994-07-03,0.689002684042916
1994-07-04,0.692786866030759
1994-07-05,0.696591263610769
1994-07-06,0.700422373035443
1994-07-07,0.704287294856425
1994-07-08,0.708193651653757
1994-07-09,0.712149506468864
1994-07-10,0.716163281907527
1994-07-11,0.720243679879364
1994-07-12,0.724399601940537
1994-07-13,0.728640070206694
1994-07-14,0.732974148803339
1994-07-15,0.73741086582108
1994-07-16,0.7419591357434
1994-07-17,0.746627682314833
1994-07-18,0.751424961817626
1994-07-19,0.756359086725163
1994-07-20,0.761437749700656
1994-07-21,0.766668147909753
1994-07-22,0.772056907615967
1994-07-23,0.777610009027953
1994-07-24,0.783332711367872
1994-07-25,0.789229478130258
1994-07-26,0.795303902500951
1994-07-27,0.801558632905849
1994-07-28,0.807995298659372
1994-07-29,0.814614435682692
1994-07-30,0.821415412261957
1994-07-31,0.828396354816836
1994-08-01,0.835554073649896
1994-08-02,0.842884014092667
1994-08-03,0.850380309314968
1994-08-04,0.858035858284258
1994-08-05,0.865842403415079
1994-08-06,0.873790607944577
1994-08-07,0.881870133070111
1994-08-08,0.890069714884952
1994-08-09,0.898377241148143
1994-08-10,0.906779827924576
1994-08-11,0.915263896131429
1994-08-12,0.923815248027135
1994-08-13,0.932419143679103
1994-08-14,0.941060377446484
1994-08-15,0.949723354514363
1994-08-16,0.958392167515788
1994-08-17,0.967050673278192
1994-08-18,0.975682569730799
1994-08-19,0.984271473009753
1994-08-20,0.992800994797772
1994-08-21,1.00125481993529
1994-08-22,1.00961678434012
1994-08-23,1.01787095327284
1994-08-24,1.02600169998527
1994-08-25,1.03399378478935
1994-08-26,1.04183243458431
1994-08-27,1.04950342287961
1994-08-28,1.05699315035183
1994-08-29,1.06428872597348
1994-08-30,1.07137804875212
1994-08-31,1.07824989011826
1994-09-01,1.0848939770006
1994-09-02,1.09130105850528
1994-09-03,1.09746290464827
1994-09-04,1.10337228764896
1994-09-05,1.10902296268059
1994-09-06,1.1144096480639
1994-09-07,1.11952800489005
1994-09-08,1.12437461605859
1994-09-09,1.12894696471581
1994-09-10,1.13324341207845
1994-09-11,1.13726317462734
1994-09-12,1.14100630065521
1994-09-13,1.14447364615245
1994-09-14,1.14766685001432
1994-09-15,1.1505883085526
1994-09-16,1.15324114929425
1994-09-17,1.1556292040494
1994-09-18,1.15775698123048
1994-09-19,1.1596296374038
1994-09-20,1.16125294805459
1994-09-21,1.16263327754613
1994-09-22,1.16377754825294
1994-09-23,1.16469320884784
1994-09-24,1.16538820172199
1994-09-25,1.16587092951688
1994-09-26,1.16615022074635
1994-09-27,1.16623529448679
1994-09-28,1.16613572411265
1994-09-29,1.16586140005448
1994-09-30,1.16542249155574
1994-10-01,1.16482940740443
1994-10-02,1.16409275524591
1994-10-03,1.16322329871792
1994-10-04,1.16223191498695
1994-10-05,1.16112955341502
1994-10-06,1.15992719534593
1994-10-07,1.15863581500062
1994-10-08,1.15726634147165
1994-10-09,1.15582962180723
1994-10-10,1.1543363851761
1994-10-11,1.15279720810443
1994-10-12,1.15122248077712
1994-10-13,1.14962237439564
1994-10-14,1.14800680958577
1994-10-15,1.14638542584843
1994-10-16,1.14476755204779
1994-10-17,1.143162177931
1994-10-18,1.14157792667464
1994-10-19,1.14002302845329
1994-10-20,1.13850529502618
1994-10-21,1.13703209533849
1994-10-22,1.13561033213417
1994-10-23,1.13424641957777
1994-10-24,1.13294626188338
1994-10-25,1.13171523294899
1994-10-26,1.13055815699543
1994-10-27,1.12947929020923
1994-10-28,1.12848230338963
1994-10-29,1.12757026560005
1994-10-30,1.12674562882521
1994-10-31,1.12601021363548
1994-11-01,1.12536519586037
1994-11-02,1.12481110223028
1994-11-03,1.12434783855666
1994-11-04,1.12397472538057
1994-11-05,1.12369053283857
1994-11-06,1.12349351475242
1994-11-07,1.12338144194933
1994-11-08,1.12335163481873
1994-11-09,1.12340099511157
1994-11-10,1.12352603698773
1994-11-11,1.12372291731687
1994-11-12,1.12398746523773
1994-11-13,1.12431521098068
1994-11-14,1.12470141395795
1994-11-15,1.12514109012575
1994-11-16,1.12562903862202
1994-11-17,1.12615986768366
1994-11-18,1.12672801984619
1994-11-19,1.12732779642913
1994-11-20,1.12795338130961
1994-11-21,1.12859886398667
1994-11-22,1.12925826193832
1994-11-23,1.12992554227316
1994-11-24,1.13059464267797
1994-11-25,1.13125949166261
1994-11-26,1.13191402810287
1994-11-27,1.13255222008196
1994-11-28,1.13316808303088
1994-11-29,1.13375569716752
1994-11-30,1.13430922423409
1994-12-01,1.13482292353227
1994-12-02,1.13529116535275
1994-12-03,1.1357084361896
1994-12-04,1.13606934183922
1994-12-05,1.13636861038673
1994-12-06,1.13660109508314
1994-12-07,1.13676177711637
1994-12-08,1.1368457682793
1994-12-09,1.1368483135378
1994-12-10,1.1367647935017
1994-12-11,1.13659072680172
1994-12-12,1.13632177237505
1994-12-13,1.13595373166249
1994-12-14,1.13548255071987
1994-12-15,1.13490432224639
1994-12-16,1.13421528753254
1994-12-17,1.13341183833015
1994-12-18,1.1324905186472
1994-12-19,1.13144802646964
1994-12-20,1.13028121541287
1994-12-21,1.12898709630516
1994-12-22,1.12756283870531
1994-12-23,1.12600577235681
1994-12-24,1.12431338858088
1994-12-25,1.12248334161033
1994-12-26,1.12051344986663
1994-12-27,1.11840169718207
1994-12-28,1.11614623396919
1994-12-29,1.1137453783395
1994-12-30,1.11119761717329
1994-12-31,1.10850160714267
1995-01-01,1.1056561756896
1995-01-02,1.10266032100603
1995-01-03,1.09951320818796
1995-01-04,1.09621416456384
1995-01-05,1.09276267518831
1995-01-06,1.0891583785036
1995-01-07,1.08540106217142
1995-01-08,1.08149065907787
1995-01-09,1.07742724351407
1995-01-10,1.07321102753548
1995-01-11,1.06884235750252
1995-01-12,1.06432171080559
1995-01-13,1.05964969277737
1995-01-14,1.05482703379547
1995-01-15,1.04985458657864
1995-01-16,1.04473332367953
1995-01-17,1.0394643351775
1995-01-18,1.03404882657459
1995-01-19,1.02848811689833
1995-01-20,1.02278363701453
1995-01-21,1.01693692815405
1995-01-22,1.0109496406568
1995-01-23,1.00482353293699
1995-01-24,0.998560470673355
1995-01-25,0.992162426228239
1995-01-26,0.985631478299599
1995-01-27,0.978969811809997
1995-01-28,0.972179718036769
1995-01-29,0.965263594987657
1995-01-30,0.958223948026279
1995-01-31,0.951063390751917
1995-02-01,0.943784646138206
1995-02-02,0.936390545837147
1995-02-03,0.928884021379409
1995-02-04,0.921268093652581
1995-02-05,0.913545862773729
1995-02-06,0.905720498351992
1995-02-07,0.897795230137163
1995-02-08,0.889773339050328
1995-02-09,0.88165814859284
1995-02-10,0.873453016630011
1995-02-11,0.865161327546126
1995-02-12,0.856786484767511
1995-02-13,0.848331903650545
1995-02-14,0.83980100473169
1995-02-15,0.831197207336745
1995-02-16,0.822523923546724
1995-02-17,0.813784552517868
1995-02-18,0.804982475153516
1995-02-19,0.796121049125677
1995-02-20,0.787203604244308
1995-02-21,0.778233438172493
1995-02-22,0.76921381248583
1995-02-23,0.760147949074519
1995-02-24,0.751039026886797
1995-02-25,0.741890179012517
1995-02-26,0.732704490105826
1995-02-27,0.723484994146051
1995-02-28,0.714234672536076
1995-03-01,0.704956452537614
1995-03-02,0.695653207003468
1995-03-03,0.686327758183487
1995-03-04,0.676982882304181
1995-03-05,0.667621313854334
1995-03-06,0.658245749573332
1995-03-07,0.648858852138774
1995-03-08,0.63946325354983
1995-03-09,0.630061558202653
1995-03-10,0.620656345654041
1995-03-11,0.611250173069384
1995-03-12,0.60184557735083
1995-03-13,0.592445076941415
1995-03-14,0.583051173300814
1995-03-15,0.573666352048175
1995-03-16,0.564293083767395
1995-03-17,0.554933824470013
1995-03-18,0.545591015710771
1995-03-19,0.536267084350731
1995-03-20,0.526964441962663
1995-03-21,0.517685483873305
1995-03-22,0.508432587836885
1995-03-23,0.499208112334166
1995-03-24,0.490014394491107
1995-03-25,0.480853747611048
1995-03-26,0.471728458314175
1995-03-27,0.462640783277846
1995-03-28,0.453592945571173
1995-03-29,0.44458713057709
1995-03-30,0.435625481494959
1995-03-31,0.42671009441656
1995-04-01,0.417843012968165
1995-04-02,0.409026221065437
1995-04-03,0.400261629528553
1995-04-04,0.391551061256752
1995-04-05,0.382896236496114
1995-04-06,0.374298758197094
1995-04-07,0.36576009745843
1995-04-08,0.357281579054079
1995-04-09,0.348864367039856
1995-04-10,0.340509450436573
1995-04-11,0.332217628986458
1995-04-12,0.323989498979725
1995-04-13,0.31582543914822
1995-04-14,0.307725596623103
1995-04-15,0.299689872953591
1995-04-16,0.291717910183851
1995-04-17,0.283809076985164
1995-04-18,0.275962454840553
1995-04-19,0.268176824279126
1995-04-20,0.260450651157422
1995-04-21,0.252782072985124
1995-04-22,0.245168885292559
1995-04-23,0.23760852803743
1995-04-24,0.230098072048345
1995-04-25,0.222634205502692
1995-04-26,0.215213220436535
1995-04-27,0.207830999284212
1995-04-28,0.200483001445418
1995-04-29,0.193164249877579
1995-04-30,0.185869317711422
1995-05-01,0.178592314887665
1995-05-02,0.171326886189073
1995-05-03,0.164066254722091
1995-05-04,0.156803276432324
1995-05-05,0.149530494226722
1995-05-06,0.142240191728594
1995-05-07,0.134924446691442
1995-05-08,0.127575184097505
1995-05-09,0.120184228966759
1995-05-10,0.112743358902034
1995-05-11,0.105244356395788
1995-05-12,0.0976790609239758
1995-05-13,0.0900394208523677
1995-05-14,0.0823175451805701
1995-05-15,0.0745057551489222
1995-05-16,0.0665966357333608
1995-05-17,0.0585830870532696
1995-05-18,0.0504583757172615
1995-05-19,0.0422161861317754
1995-05-20,0.0338506717973127
1995-05-21,0.0253565066170796
1995-05-22,0.0167289362427558
1995-05-23,0.0079638294820644
1995-05-24,-0.0009422702072244
1995-05-25,-0.0099920931122538
1995-05-26,-0.0191875915244352
1995-05-27,-0.0285298878386529
1995-05-28,-0.0380192224677924
1995-05-29,-0.0476549015480827
1995-05-30,-0.0574352444107531
1995-05-31,-0.0673575307955095
1995-06-01,-0.077417947781339
1995-06-02,-0.0876115583337169
1995-06-03,-0.0979323571655284
1995-06-04,-0.108373347931711
1995-06-05,-0.118926619814886
1995-06-06,-0.129583423542443
1995-06-07,-0.140334246875415
1995-06-08,-0.151168889609319
1995-06-09,-0.16207653812703
1995-06-10,-0.173045839543634
1995-06-11,-0.184064975483086
1995-06-12,-0.195121735526398
1995-06-13,-0.206203590371017
1995-06-14,-0.217297764740933
1995-06-15,-0.228391310087
1995-06-16,-0.239471177116905
1995-06-17,-0.25052428819413
1995-06-18,-0.261537609645234
1995-06-19,-0.272498224014733
1995-06-20,-0.283393402306829
1995-06-21,-0.294210676253218
1995-06-22,-0.304937910646191
1995-06-23,-0.31556337577627
1995-06-24,-0.326075820013574
1995-06-25,-0.336464542572184
1995-06-26,-0.346719466496764
1995-06-27,-0.35683121191074
1995-06-28,-0.366791169565388
1995-06-29,-0.376591574729226
1995-06-30,-0.386225581457173
1995-07-01,-0.395687337278995
1995-07-02,-0.404972037403101
1995-07-03,-0.414075895618755
1995-07-04,-0.422996094652381
1995-07-05,-0.431730736879914
1995-07-06,-0.440278795368483
1995-07-07,-0.44864006522074
1995-07-08,-0.456815115195183
1995-07-09,-0.464805239575847
1995-07-10,-0.472612410264762
1995-07-11,-0.480239229070586
1995-07-12,-0.487688880166825
1995-07-13,-0.49496508269307
1995-07-14,-0.502072043472656
1995-07-15,-0.509014409820142
1995-07-16,-0.515797222412012
1995-07-17,-0.522425868193953
1995-07-18,-0.528906033298027
1995-07-19,-0.535243655943067
1995-07-20,-0.541444879291511
1995-07-21,-0.547516004235908
1995-07-22,-0.553463442088235
1995-07-23,-0.559293667145101
1995-07-24,-0.565013169101882
1995-07-25,-0.5706284052887
1995-07-26,-0.576145752701142
1995-07-27,-0.581571459798464
1995-07-28,-0.586911598041981
1995-07-29,-0.592172013146213
1995-07-30,-0.597358276015272
1995-07-31,-0.602475633336831
1995-08-01,-0.607528957805929
1995-08-02,-0.612522707982089
1995-08-03,-0.617460927916571
1995-08-04,-0.622347256715974
1995-08-05,-0.627184938080497
1995-08-06,-0.631976829821166
1995-08-07,-0.63672541336042
1995-08-08,-0.641432803220455
1995-08-09,-0.646100756503781
1995-08-10,-0.650730682370473
1995-08-11,-0.655323651516654
1995-08-12,-0.659880405658773
1995-08-13,-0.664401367028295
1995-08-14,-0.66888664788145
1995-08-15,-0.673336060028759
1995-08-16,-0.677749124389063
1995-08-17,-0.68212508057286
1995-08-18,-0.686462896499782
1995-08-19,-0.690761278055099
1995-08-20,-0.695018678790195
1995-08-21,-0.699233309671989
1995-08-22,-0.703403148886353
1995-08-23,-0.707525951700606
1995-08-24,-0.711599260390236
1995-08-25,-0.715620414235051
1995-08-26,-0.719586559590004
1995-08-27,-0.723494660036016
1995-08-28,-0.727341506616161
1995-08-29,-0.731123728162645
1995-08-30,-0.734837801720067
1995-08-31,-0.738480063070526
1995-09-01,-0.742046717366173
1995-09-02,-0.7455338518447
1995-09-03,-0.748937456485591
1995-09-04,-0.752253446475844
1995-09-05,-0.755477684471573
1995-09-06,-0.758606002670495
1995-09-07,-0.761634224710216
1995-09-08,-0.764558187407171
1995-09-09,-0.767373762350978
1995-09-10,-0.77007687736894
1995-09-11,-0.77266353787532
1995-09-12,-0.775129848119994
1995-09-13,-0.777472032351016
1995-09-14,-0.779686455905577
1995-09-15,-0.781769646243801
1995-09-16,-0.783718313939777
1995-09-17,-0.785529373644193
1995-09-18,-0.787199965032881
1995-09-19,-0.78872747375559
1995-09-20,-0.790109552399243
1995-09-21,-0.79134414147993
1995-09-22,-0.792429490477865
1995-09-23,-0.793364178929514
1995-09-24,-0.794147137591117
1995-09-25,-0.794777669687772
1995-09-26,-0.7952554722623
1995-09-27,-0.795580657638068
1995-09-28,-0.795753775009972
1995-09-29,-0.795775832177796
1995-09-30,-0.795648317436145
1995-10-01,-0.795373221635211
1995-10-02,-0.794953052438198
1995-10-03,-0.794390816839621
1995-10-04,-0.793689995978967
1995-10-05,-0.792854520239296
1995-10-06,-0.791888744611214
1995-10-07,-0.79079742430269
1995-10-08,-0.789585690575263
1995-10-09,-0.788259026787244
1995-10-10,-0.78682324462454
1995-10-11,-0.785284460499818
1995-10-12,-0.783649072100697
1995-10-13,-0.781923735067749
1995-10-14,-0.780115339783085
1995-10-15,-0.778230988250306
1995-10-16,-0.776277971046659
1995-10-17,-0.774263744328189
1995-10-18,-0.772195906868734
1995-10-19,-0.770082177113549
1995-10-20,-0.767930370228397
1995-10-21,-0.765748375124869
1995-10-22,-0.76354413144272
1995-10-23,-0.761325606469948
1995-10-24,-0.759100771981329
1995-10-25,-0.756877580976077
1995-10-26,-0.754663944295239
1995-10-27,-0.752467707099405
1995-10-28,-0.750296625187247
1995-10-29,-0.748158341135324
1995-10-30,-0.746060360239545
1995-10-31,-0.744010026238589
1995-11-01,-0.742014496799508
1995-11-02,-0.740080720854352
1995-11-03,-0.73821542415841
1995-11-04,-0.73642509698563
1995-11-05,-0.73471598191653
1995-11-06,-0.733094061722162
1995-11-07,-0.731565047347763
1995-11-08,-0.730134365999793
1995-11-09,-0.728807149340152
1995-11-10,-0.72758822179143
1995-11-11,-0.726482088957152
1995-11-12,-0.725492926161037
1995-11-13,-0.724624567109422
1995-11-14,-0.723880492681047
1995-11-15,-0.72326381984854
1995-11-16,-0.722777290735995
1995-11-17,-0.722423261817197
1995-11-18,-0.722203693259089
1995-11-19,-0.722120138415238
1995-11-20,-0.722173733474151
1995-11-21,-0.722365187267399
1995-11-22,-0.722694771242641
1995-11-23,-0.723162309606768
1995-11-24,-0.723767169644498
1995-11-25,-0.724508252217893
1995-11-26,-0.725383982452399
1995-11-27,-0.726392300615167
1995-11-28,-0.727530653191512
1995-11-29,-0.728795984165565
1995-11-30,-0.730184726511281
1995-12-01,-0.731692793900136
1995-12-02,-0.733315580975874
1995-12-03,-0.735047997097707
1995-12-04,-0.736884507980263
1995-12-05,-0.738819176759136
1995-12-06,-0.740845704492027
1995-12-07,-0.742957470105236
1995-12-08,-0.74514756979508
1995-12-09,-0.747408855893613
1995-12-10,-0.749733975207778
1995-12-11,-0.752115406840981
1995-12-12,-0.7545454995058
1995-12-13,-0.757016508336393
1995-12-14,-0.759520631208917
1995-12-15,-0.762050044578103
1995-12-16,-0.764596938837875
1995-12-17,-0.767153553213749
1995-12-18,-0.769712210194476
1995-12-19,-0.772265349510237
1995-12-20,-0.774805561664449
1995-12-21,-0.777325621026045
1995-12-22,-0.779818518488873
1995-12-23,-0.782277493704648
1995-12-24,-0.784696066895663
1995-12-25,-0.787068070253275
1995-12-26,-0.789387678927933
1995-12-27,-0.791649441616314
1995-12-28,-0.79384831075092
1995-12-29,-0.795979672297241
1995-12-30,-0.798039375163404
1995-12-31,-0.800023760226961
1996-01-01,-0.801929688983291
1996-01-02,-0.803754561039928
1996-01-03,-0.805496288287708
1996-01-04,-0.807153258756381
1996-01-05,-0.808724301093514
1996-01-06,-0.810208649656894
1996-01-07,-0.811605910210889
1996-01-08,-0.812916026217415
1996-01-09,-0.814139245712398
1996-01-10,-0.815276088758838
1996-01-11,-0.816327315467787
1996-01-12,-0.817293894578805
1996-01-13,-0.818176972591656
1996-01-14,-0.818977843441215
1996-01-15,-0.819697918707831
1996-01-16,-0.820338698355541
1996-01-17,-0.82090174199081
1996-01-18,-0.821388640634669
1996-01-19,-0.821800989001331
1996-01-20,-0.822140358276625
1996-01-21,-0.82240826938977
1996-01-22,-0.822606166772266
1996-01-23,-0.822735392597872
1996-01-24,-0.822797161497897
1996-01-25,-0.82279253574622
1996-01-26,-0.822722400908715
1996-01-27,-0.822587441951944
1996-01-28,-0.822388119806233
1996-01-29,-0.822124648378474
1996-01-30,-0.821796972010195
1996-01-31,-0.821404743376701
1996-02-01,-0.820947301823293
1996-02-02,-0.820423662277737
1996-02-03,-0.819832544987133
1996-02-04,-0.819172414942575
1996-02-05,-0.818441520687819
1996-02-06,-0.81763793253188
1996-02-07,-0.816759580185291
1996-02-08,-0.815804289839466
1996-02-09,-0.814769820708411
1996-02-10,-0.813653901051801
1996-02-11,-0.812454263698186
1996-02-12,-0.811168681086917
1996-02-13,-0.809794999847121
1996-02-14,-0.808331174931881
1996-02-15,-0.806775303325545
1996-02-16,-0.805125657341897
1996-02-17,-0.803380717530715
1996-02-18,-0.801539205210068
1996-02-19,-0.799600114641478
1996-02-20,-0.79756274486491
1996-02-21,-0.795426731210377
1996-02-22,-0.793192076502728
1996-02-23,-0.790859181976066
1996-02-24,-0.78842887791401
1996-02-25,-0.785902454031907
1996-02-26,-0.783281689616882
1996-02-27,-0.780568883441483
1996-02-28,-0.777766883466518
1996-02-29,-0.774879116348503
1996-03-01,-0.771909616767023
1996-03-02,-0.768863044805076
1996-03-03,-0.765744656177936
1996-03-04,-0.762560261170933
1996-03-05,-0.75931618417338
1996-03-06,-0.75601922378006
1996-03-07,-0.752676613431849
1996-03-08,-0.749295982567279
1996-03-09,-0.74588531825698
1996-03-10,-0.742452927293126
1996-03-11,-0.739007398706194
1996-03-12,-0.735557566681436
1996-03-13,-0.732112473847693
1996-03-14,-0.728681334911226
1996-03-15,-0.72527350060746
1996-03-16,-0.721898421943567
1996-03-17,-0.718565614705018
1996-03-18,-0.715284624199256
1996-03-19,-0.712064990209805
1996-03-20,-0.708916212134188
1996-03-21,-0.705847714279103
1996-03-22,-0.702868811286419
1996-03-23,-0.699988673663571
1996-03-24,-0.697216293392035
1996-03-25,-0.694560449587589
1996-03-26,-0.692029674186116
1996-03-27,-0.689632217628761
1996-03-28,-0.687376014520247
1996-03-29,-0.685268649234206
1996-03-30,-0.683317321439383
1996-03-31,-0.681528811520574
1996-04-01,-0.679909445868167
1996-04-02,-0.678465067557591
1996-04-03,-0.677201029087528
1996-04-04,-0.67612219072505
1996-04-05,-0.675232918967214
1996-04-06,-0.674537085129674
1996-04-07,-0.674038064072979
1996-04-08,-0.673738733077342
1996-04-09,-0.673641470876785
1996-04-10,-0.673748156863712
1996-04-11,-0.674060170475072
1996-04-12,-0.674578390771443
1996-04-13,-0.675303196220473
1996-04-14,-0.676234464696312
1996-04-15,-0.677371573706783
1996-04-16,-0.678713400860219
1996-04-17,-0.680258324584064
1996-04-18,-0.682004225107488
1996-04-19,-0.683948485720461
1996-04-20,-0.686087994321901
1996-04-21,-0.688419145269707
1996-04-22,-0.690937841545669
1996-04-23,-0.693639497248455
1996-04-24,-0.696519040428083
1996-04-25,-0.699570916275475
1996-04-26,-0.702789090680932
1996-04-27,-0.706167054175574
1996-04-28,-0.709697826270005
1996-04-29,-0.713373960204742
1996-04-30,-0.717187548127113
1996-05-01,-0.721130226709653
1996-05-02,-0.725193190197406
1996-05-03,-0.729367231536252
1996-05-04,-0.733642789560838
1996-05-05,-0.738009995002904
1996-05-06,-0.742458715331984
1996-05-07,-0.746978598440022
1996-05-08,-0.75155911518093
1996-05-09,-0.756189600775641
1996-05-10,-0.760859295092737
1996-05-11,-0.765557381814211
1996-05-12,-0.770273026495492
1996-05-13,-0.774995413528311
1996-05-14,-0.779713782014562
1996-05-15,-0.78441746055877
1996-05-16,-0.789095900986335
1996-05-17,-0.793738710994198
1996-05-18,-0.798335685740109
1996-05-19,-0.802876838376159
1996-05-20,-0.807352429531783
1996-05-21,-0.811752995750909
1996-05-22,-0.816069376887455
1996-05-23,-0.820292742462877
1996-05-24,-0.82441461698897
1996-05-25,-0.828426904258613
1996-05-26,-0.832321910606681
1996-05-27,-0.836092367142799
1996-05-28,-0.839731450957138
1996-05-29,-0.843232805299948
1996-05-30,-0.846590558734978
1996-05-31,-0.849799343266475
1996-06-01,-0.852854311438884
1996-06-02,-0.855751143889107
1996-06-03,-0.858486022212121
1996-06-04,-0.861055594369428
1996-06-05,-0.863456941571337
1996-06-06,-0.865687546625821
1996-06-07,-0.867745263747272
1996-06-08,-0.869628289819093
1996-06-09,-0.871335137104679
1996-06-10,-0.872864607401914
1996-06-11,-0.874215767636955
1996-06-12,-0.875387926893647
1996-06-13,-0.876380614875554
1996-06-14,-0.877193561798162
1996-06-15,-0.877826679709472
1996-06-16,-0.878280045237755
1996-06-17,-0.878553883765907
1996-06-18,-0.878648555032434
1996-06-19,-0.878564540159712
1996-06-20,-0.878302430110793
1996-06-21,-0.877862915576666
1996-06-22,-0.877246778296472
1996-06-23,-0.87645488381383
1996-06-24,-0.875488175673048
1996-06-25,-0.874347671059618
1996-06-26,-0.873034457890048
1996-06-27,-0.871549693356692
1996-06-28,-0.869894603933919
1996-06-29,-0.868070486852554
1996-06-30,-0.866078713050225
1996-07-01,-0.863920731605852
1996-07-02,-0.861598077672289
1996-07-03,-0.859112389477119
1996-07-04,-0.856465426566052
1996-07-05,-0.853659086834085
1996-07-06,-0.850695422348026
1996-07-07,-0.847576653963445
1996-07-08,-0.84430518473856
1996-07-09,-0.840883612146977
1996-07-10,-0.837314739090707
1996-07-11,-0.833601583714271
1996-07-12,-0.829747388020165
1996-07-13,-0.825755625285412
1996-07-14,-0.821630006278343
1996-07-15,-0.817374484274203
1996-07-16,-0.812993258867606
1996-07-17,-0.808490778579308
1996-07-18,-0.803871742254195
1996-07-19,-0.799141099246806
1996-07-20,-0.794304048390168
1996-07-21,-0.789366035743114
1996-07-22,-0.784332751110708
1996-07-23,-0.779210123331815
1996-07-24,-0.77400431432728
1996-07-25,-0.768721711901583
1996-07-26,-0.763368921290284
1996-07-27,-0.757952755444964
1996-07-28,-0.752480224046784
1996-07-29,-0.746958521239196
1996-07-30,-0.741395012069748
1996-07-31,-0.735797217630327
1996-08-01,-0.73017279888457
1996-08-02,-0.72452953505401
1996-08-03,-0.718875284651991
1996-08-04,-0.713217943306772
1996-08-05,-0.707565402925562
1996-08-06,-0.701925512183195
1996-08-07,-0.696306038319723
1996-08-08,-0.690714630231827
1996-08-09,-0.685158782843503
1996-08-10,-0.679645802742063
1996-08-11,-0.674182775066112
1996-08-12,-0.668776531632686
1996-08-13,-0.66343362029136
1996-08-14,-0.658160275493684
1996-08-15,-0.652962390066894
1996-08-16,-0.647845488181419
1996-08-17,-0.642814699502258
1996-08-18,-0.637874734514897
1996-08-19,-0.633029861016997
1996-08-20,-0.628283881767639
1996-08-21,-0.623640113286501
1996-08-22,-0.619101365795892
1996-08-23,-0.614669924299155
1996-08-24,-0.610347530789481
1996-08-25,-0.60613536758379
1996-08-26,-0.602034041776849
1996-08-27,-0.598043570811408
1996-08-28,-0.594163369160669
1996-08-29,-0.590392236119969
1996-08-30,-0.586728344705154
1996-08-31,-0.583169231655645
1996-09-01,-0.579711788540788
1996-09-02,-0.576352264311126
1996-09-03,-0.573086309918511
1996-09-04,-0.569909032368253
1996-09-05,-0.566815047474434
1996-09-06,-0.563798531338127
1996-09-07,-0.560853270567753
1996-09-08,-0.557972711260292
1996-09-09,-0.55515000676156
1996-09-10,-0.552378064223267
1996-09-11,-0.54964958997405
1996-09-12,-0.546957133721215
1996-09-13,-0.544293131599362
1996-09-14,-0.541649948081639
1996-09-15,-0.539019916768835
1996-09-16,-0.536395380071035
1996-09-17,-0.533768727796088
1996-09-18,-0.531132434658637
1996-09-19,-0.528479096722971
1996-09-20,-0.525801466792485
1996-09-21,-0.523092488758042
1996-09-22,-0.520345330917053
1996-09-23,-0.517553418274608
1996-09-24,-0.514710463837504
1996-09-25,-0.511810498911561
1996-09-26,-0.508847902412106
1996-09-27,-0.505817429197045
1996-09-28,-0.502714237431484
1996-09-29,-0.499533914992339
1996-09-30,-0.496272504920955
1996-10-01,-0.492926529931223
1996-10-02,-0.489493005785489
1996-10-03,-0.485969413234366
1996-10-04,-0.482353660203814
1996-10-05,-0.478644044690684
1996-10-06,-0.474839218356788
1996-10-07,-0.470938150811798
1996-10-08,-0.466940094575549
1996-10-09,-0.462844550710597
1996-10-10,-0.458651235116136
1996-10-11,-0.454360045474642
1996-10-12,-0.449971028842896
1996-10-13,-0.445484349879277
1996-10-14,-0.440900259699506
1996-10-15,-0.436219065353275
1996-10-16,-0.431441099914463
1996-10-17,-0.426566693177911
1996-10-18,-0.421596142955994
1996-10-19,-0.416529686968496
1996-10-20,-0.411367475319556
1996-10-21,-0.40610954355574
1996-10-22,-0.400755786299533
1996-10-23,-0.39530593145285
1996-10-24,-0.3897595149654
1996-10-25,-0.384115856163044
1996-10-26,-0.378374033631526
1996-10-27,-0.37253286165126
1996-10-28,-0.366590867179105
1996-10-29,-0.360546267373338
1996-10-30,-0.354396947658347
1996-10-31,-0.348140440325773
1996-11-01,-0.341773903669181
1996-11-02,-0.335294114237069
1996-11-03,-0.328697509791788
1996-11-04,-0.321980244522416
1996-11-05,-0.31513824376361
1996-11-06,-0.308167258235184
1996-11-07,-0.301062917816978
1996-11-08,-0.293820784873368
1996-11-09,-0.286436407141635
1996-11-10,-0.278905370198162
1996-11-11,-0.271223349516289
1996-11-12,-0.263386162129452
1996-11-13,-0.255389817913033
1996-11-14,-0.247230570498191
1996-11-15,-0.23890496783073
1996-11-16,-0.230409902387888
1996-11-17,-0.221742661065734
1996-11-18,-0.212900974749693
1996-11-19,-0.203883067580499
1996-11-20,-0.194687705927716
1996-11-21,-0.185314247082777
1996-11-22,-0.175762687683271
1996-11-23,-0.166033711880068
1996-11-24,-0.156128739258638
1996-11-25,-0.146049972525758
1996-11-26,-0.135800444972595
1996-11-27,-0.12538406772497
1996-11-28,-0.114805676791411
1996-11-29,-0.104071079919406
1996-11-30,-0.093187103270088
1996-12-01,-0.0821616379213664
1996-12-02,-0.0710036617705785
1996-12-03,-0.0597231637122057
1996-12-04,-0.0483310441386341
1996-12-05,-0.0368390163608752
1996-12-06,-0.0252595089187058
1996-12-07,-0.0136055687499874
1996-12-08,-0.0018907651892242
1996-12-09,0.0098709052342846
1996-12-10,0.0216651132280482
1996-12-11,0.0334772904267976
1996-12-12,0.0452927223704771
1996-12-13,0.0570966407982867
1996-12-14,0.0688743152869658
1996-12-15,0.0806111442612186
1996-12-16,0.092292745403901
1996-12-17,0.103905045493304
1996-12-18,0.115434369694584
1996-12-19,0.126867530332127
1996-12-20,0.138191915169324
1996-12-21,0.149395575221996
1996-12-22,0.160467312131405
1996-12-23,0.17139676512252
1996-12-24,0.182174497572939
1996-12-25,0.192792083217589
1996-12-26,0.203242192014067
1996-12-27,0.213518675693192
1996-12-28,0.2236166530191
1996-12-29,0.233532594782915
1996-12-30,0.243264408553788
1996-12-31,0.252811523210806
1997-01-01,0.26217497327903
1997-01-02,0.271357453039699
1997-01-03,0.280363250457409
1997-01-04,0.289198151813749
1997-01-05,0.297869347265895
1997-01-06,0.30638533730993
1997-01-07,0.314755840128885
1997-01-08,0.322991699805752
1997-01-09,0.331104795381955
1997-01-10,0.339107950742007
1997-01-11,0.347014845305328
1997-01-12,0.354839925506457
1997-01-13,0.362598317045131
1997-01-14,0.370305737887958
1997-01-15,0.377978412003672
1997-01-16,0.38563298381421
1997-01-17,0.39328643334412
1997-01-18,0.400955992051044
1997-01-19,0.408659059320334
1997-01-20,0.416413119607059
1997-01-21,0.424235660208998
1997-01-22,0.432144089654429
1997-01-23,0.440155656688837
1997-01-24,0.448287369844909
1997-01-25,0.456555917580499
1997-01-26,0.464977588969485
1997-01-27,0.473568194930758
1997-01-28,0.482342989980855
1997-01-29,0.491316594496033
1997-01-30,0.500502917469894
1997-01-31,0.509915079752936
1997-02-01,0.519565337760734
1997-02-02,0.529465020660974
1997-02-03,0.539624520062072
1997-02-04,0.550053292981477
1997-02-05,0.560759865012202
1997-02-06,0.571751833661507
1997-02-07,0.583035871835882
1997-02-08,0.594617731446653
1997-02-09,0.60650224711067
1997-02-10,0.61869333992071
1997-02-11,0.631194021260359
1997-02-12,0.644006396638271
1997-02-13,0.657131669516793
1997-02-14,0.670570145110093
1997-02-15,0.684321234126967
1997-02-16,0.698383456433632
1997-02-17,0.71275444461185
1997-02-18,0.727430947387785
1997-02-19,0.742408832907075
1997-02-20,0.757683091831585
1997-02-21,0.773247840233382
1997-02-22,0.789096322261451
1997-02-23,0.805220912556686
1997-02-24,0.82161311839068
1997-02-25,0.83826358150381
1997-02-26,0.8551620796181
1997-02-27,0.872297527600264
1997-02-28,0.889657978250334
1997-03-01,0.907230622691144
1997-03-02,0.925001804318307
1997-03-03,0.942957088142825
1997-03-04,0.961081343177093
1997-03-05,0.979358823825486
1997-03-06,0.99777325033426
1997-03-07,1.01630788835517
1997-03-08,1.03494562767684
1997-03-09,1.05366906017768
1997-03-10,1.07246055705373
1997-03-11,1.09130234537457
1997-03-12,1.11017658402032
1997-03-13,1.12906543905207
1997-03-14,1.14795115856847
1997-03-15,1.16681614710028
1997-03-16,1.18564303959505
1997-03-17,1.20441477504356
1997-03-18,1.22311466979956
1997-03-19,1.24172649064418
1997-03-20,1.26023452764628
1997-03-21,1.27862366686974
1997-03-22,1.2968794629786
1997-03-23,1.31498821179101
1997-03-24,1.33293702283255
1997-03-25,1.35071389193962
1997-03-26,1.36830777396355
1997-03-27,1.3857086556257
1997-03-28,1.40290762857429
1997-03-29,1.41989696269315
1997-03-30,1.4366701797129
1997-03-31,1.453222127175
1997-04-01,1.46954905279897
1997-04-02,1.48564865238799
1997-04-03,1.50152001059352
1997-04-04,1.51716351538272
1997-04-05,1.53258077310829
1997-04-06,1.54777452413218
1997-04-07,1.56274855895493
1997-04-08,1.5775076348026
1997-04-09,1.59205739262303
1997-04-10,1.60640427444355
1997-04-11,1.62055544104214
1997-04-12,1.63451868988403
1997-04-13,1.64830237327609
1997-04-14,1.66191531669082
1997-04-15,1.67536673721249
1997-04-16,1.68866616205716
1997-04-17,1.7018233471191
1997-04-18,1.71484819549543
1997-04-19,1.72775067594127
1997-04-20,1.74054074120725
1997-04-21,1.75322824621148
1997-04-22,1.76582286599784
1997-04-23,1.77833401343239
1997-04-24,1.79077075658957
1997-04-25,1.80314173577991
1997-04-26,1.81545508017067
1997-04-27,1.82771832395075
1997-04-28,1.83993832199113
1997-04-29,1.85212116495191
1997-04-30,1.86427209378679
1997-05-01,1.87639541359578
1997-05-02,1.88849443086281
1997-05-03,1.90057148638933
1997-05-04,1.91262801203445
1997-05-05,1.92466458729004
1997-05-06,1.93668099571609
1997-05-07,1.94867628126172
1997-05-08,1.96064880449726
1997-05-09,1.97259629878305
1997-05-10,1.98451592640022
1997-05-11,1.99640433466933
1997-05-12,2.00825771208232
1997-05-13,2.02007184447365
1997-05-14,2.03184217125633
1997-05-15,2.04356384174873
1997-05-16,2.05523177161816
1997-05-17,2.06684069946726
1997-05-18,2.07838524358927
1997-05-19,2.08985995891847
1997-05-20,2.10125939420215
1997-05-21,2.1125781494204
1997-05-22,2.12381093348048
1997-05-23,2.13495262221219
1997-05-24,2.14599831669128
1997-05-25,2.15694340191764
1997-05-26,2.16778360587528
1997-05-27,2.17851505900147
1997-05-28,2.1891343540922
1997-05-29,2.19963860667146
1997-05-30,2.21002551585202
1997-05-31,2.22029342571537
1997-06-01,2.23044138723898
1997-06-02,2.24046920302125
1997-06-03,2.25037740139128
1997-06-04,2.26016719281998
1997-06-05,2.26984042629603
1997-06-06,2.27939954565509
1997-06-07,2.28884754585058
1997-06-08,2.29818792915439
1997-06-09,2.30742466127562
1997-06-10,2.31656212738544
1997-06-11,2.32560508803617
1997-06-12,2.33455863496222
1997-06-13,2.34342814675091
1997-06-14,2.3522192443708
1997-06-15,2.36093774654504
1997-06-16,2.3695896249573
1997-06-17,2.37818095927777
1997-06-18,2.38671789199634
1997-06-19,2.39520658305028
1997-06-20,2.40365316423356
1997-06-21,2.41206369337475
1997-06-22,2.42044410827035
1997-06-23,2.42880018036052
1997-06-24,2.43713746813373
1997-06-25,2.44546127024709
1997-06-26,2.45377657834874
1997-06-27,2.46208802958875
1997-06-28,2.4703998588049
1997-06-29,2.47871585036933
1997-06-30,2.48703928968236
1997-07-01,2.49537291429942
1997-07-02,2.50371887738759
1997-07-03,2.51207876176159
1997-07-04,2.52045360688057
1997-07-05,2.52884393622763
1997-07-06,2.53724978507638
1997-07-07,2.5456707286493
1997-07-08,2.55410591067293
1997-07-09,2.56255407233481
1997-07-10,2.57101358164785
1997-07-11,2.5794824632275
1997-07-12,2.58795842848778
1997-07-13,2.5964389062621
1997-07-14,2.60492107385518
1997-07-15,2.61340188853275
1997-07-16,2.62187811945556
1997-07-17,2.63034638006487
1997-07-18,2.6388031609265
1997-07-19,2.64724486304088
1997-07-20,2.65566783162685
1997-07-21,2.66406839038687
1997-07-22,2.67244287626198
1997-07-23,2.68078767468457
1997-07-24,2.68909925533768
1997-07-25,2.69737420842947
1997-07-26,2.70560928149188
1997-07-27,2.71380141671264
1997-07-28,2.72194778881001
1997-07-29,2.73004584346001
1997-07-30,2.73809333628573
1997-07-31,2.7460883724191
1997-08-01,2.75402944664513
1997-08-02,2.76191547165348
1997-08-03,2.76974575677701
1997-08-04,2.77751997398544
1997-08-05,2.78523812343571
1997-08-06,2.79290049856395
1997-08-07,2.80050765070392
1997-08-08,2.8080603532164
1997-08-09,2.8155595651139
1997-08-10,2.82300639416473
1997-08-11,2.8304020594601
1997-08-12,2.83774785342805
1997-08-13,2.84504510327717
1997-08-14,2.85229513185338
1997-08-15,2.85949921789243
1997-08-16,2.86665855565048
1997-08-17,2.87377421389526
1997-08-18,2.88084709423944
1997-08-19,2.887877888798
1997-08-20,2.89486703715108
1997-08-21,2.90181468259313
1997-08-22,2.90872062764946
1997-08-23,2.91558428884047
1997-08-24,2.92240465067391
1997-08-25,2.92918021884502
1997-08-26,2.93590897262419
1997-08-27,2.94258831641144
1997-08-28,2.94921503043671
1997-08-29,2.95578522058468
1997-08-30,2.96229426732242
1997-08-31,2.96873677370804
1997-09-01,2.97510651245787
1997-09-02,2.98139639308831
1997-09-03,2.98759851237335
1997-09-04,2.99370422558299
1997-09-05,2.99970421764239
1997-09-06,3.0055885742519
1997-09-07,3.01134685300858
1997-09-08,3.01696815456966
1997-09-09,3.02244119389857
1997-09-10,3.0277543716342
1997-09-11,3.03289584562424
1997-09-12,3.03785360266347
1997-09-13,3.042615530478
1997-09-14,3.04716948999665
1997-09-15,3.05150338795076
1997-09-16,3.05560524984383
1997-09-17,3.0594632933327
1997-09-18,3.06306600206183
1997-09-19,3.06640219999296
1997-09-20,3.06946112627189
1997-09-21,3.07223251067505
1997-09-22,3.07470664967828
1997-09-23,3.07687448319053
1997-09-24,3.07872767199559
1997-09-25,3.08025867594501
1997-09-26,3.08146083294577
1997-09-27,3.08232843878632
1997-09-28,3.08285682784521
1997-09-29,3.08304245472635
1997-09-30,3.08288297686578
1997-10-01,3.08237733815459
1997-10-02,3.08152582761972
1997-10-03,3.08033003506271
1997-10-04,3.07879278115901
1997-10-05,3.07691804785846
1997-10-06,3.07471090904377
1997-10-07,3.07217746140369
1997-10-08,3.06932475547784
1997-10-09,3.06616072682977
1997-10-10,3.06269412730491
1997-10-11,3.05893445633021
1997-10-12,3.05489189221175
1997-10-13,3.05057722338698
1997-10-14,3.04600177958778
1997-10-15,3.04117736287064
1997-10-16,3.03611617847007
1997-10-17,3.03083076543119
1997-10-18,3.02533392697733
1997-10-19,3.01963866056835
1997-10-20,3.01375808760511
1997-10-21,3.00770538273546
1997-10-22,3.00149370271689
1997-10-23,2.99513611479077
1997-10-24,2.98864552452277
1997-10-25,2.98203460306414
1997-10-26,2.97531571378797
1997-10-27,2.96850083825437
1997-10-28,2.96160150145851
1997-10-29,2.95462869631469
1997-10-30,2.94759280732987
1997-10-31,2.94050353341938
1997-11-01,2.93336980981737
1997-11-02,2.92619974723924
1997-11-03,2.9190006430103
1997-11-04,2.91177901010101
1997-11-05,2.9045406060264
1997-11-06,2.89729046163697
1997-11-07,2.89003290982859
1997-11-08,2.8827716141988
1997-11-09,2.87550959767714
1997-11-10,2.86824927115701
1997-11-11,2.8609924621569
1997-11-12,2.8537404435386
1997-11-13,2.84649396231031
1997-11-14,2.83925326854268
1997-11-15,2.83201814442579
1997-11-16,2.82478793349527
1997-11-17,2.81756157005591
1997-11-18,2.81033760883122
1997-11-19,2.80311425486763
1997-11-20,2.79588939372193
1997-11-21,2.78866062196111
1997-11-22,2.78142527800355
1997-11-23,2.77418047333096
1997-11-24,2.76692312410057
1997-11-25,2.75964998318717
1997-11-26,2.75235767268512
1997-11-27,2.74504271690026
1997-11-28,2.73770157586227
1997-11-29,2.73033067938798
1997-11-30,2.7229264617266
1997-12-01,2.71548539681794
1997-12-02,2.70800402576601
1997-12-03,2.70047895126034
1997-12-04,2.69290682420819
1997-12-05,2.68528433098308
1997-12-06,2.67760818127003
1997-12-07,2.6698750964877
1997-12-08,2.66208179876815
1997-12-09,2.65422500047503
1997-12-10,2.64630139424133
1997-12-11,2.63830764350805
1997-12-12,2.63024037354535
1997-12-13,2.62209616293793
1997-12-14,2.61387153551671
1997-12-15,2.60556295271889
1997-12-16,2.59716680635896
1997-12-17,2.5886794117931
1997-12-18,2.58009700145981
1997-12-19,2.57141571877968
1997-12-20,2.56263161239754
1997-12-21,2.55374063075007
1997-12-22,2.54473861694246
1997-12-23,2.53562130391772
1997-12-24,2.52638430990221
1997-12-25,2.51702313411149
1997-12-26,2.50753315270022
1997-12-27,2.49790961494051
1997-12-28,2.48814763961272
1997-12-29,2.47824221159317
1997-12-30,2.46818817862323
1997-12-31,2.4579802482442
1998-01-01,2.44761298488284
1998-01-02,2.43708081488096
1998-01-03,2.42637806263425
1998-01-04,2.41549899341786
1998-01-05,2.404437854863
1998-01-06,2.39318891711086
1998-01-07,2.38174651166984
1998-01-08,2.37010506900132
1998-01-09,2.3582591548586
1998-01-10,2.34620350540325
1998-01-11,2.33393306112238
1998-01-12,2.32144299956985
1998-01-13,2.30872876695393
1998-01-14,2.2957861085933
1998-01-15,2.2826110982628
1998-01-16,2.26920016644978
1998-01-17,2.25555012754137
1998-01-18,2.24165820596263
1998-01-19,2.22752206128462
1998-01-20,2.21313981232147
1998-01-21,2.19851006023456
1998-01-22,2.18363191066173
1998-01-23,2.16850499488874
1998-01-24,2.15312949007983
1998-01-25,2.13750613858385
1998-01-26,2.12163626633155
1998-01-27,2.10552180033978
1998-01-28,2.08916528533722
1998-01-29,2.07256989952626
1998-01-30,2.05573946949509
1998-01-31,2.03867848429341
1998-02-01,2.02139210868497
1998-02-02,2.00388618358892
1998-02-03,1.98616717809634
1998-02-04,1.96824213057345
1998-02-05,1.95011859120727
1998-02-06,1.93180456596665
1998-02-07,1.9133084619523
1998-02-08,1.89463903410974
1998-02-09,1.87580533327988
1998-02-10,1.85681665556246
1998-02-11,1.83768249296802
1998-02-12,1.81841248533476
1998-02-13,1.7990163734871
1998-02-14,1.77950395361321
1998-02-15,1.75988503283956
1998-02-16,1.74016938598088
1998-02-17,1.72036671344431
1998-02-18,1.70048660026748
1998-02-19,1.68053847627027
1998-02-20,1.66053157730081
1998-02-21,1.64047490755682
1998-02-22,1.62037720296357
1998-02-23,1.60024689559068
1998-02-24,1.58009207909008
1998-02-25,1.55992047513823
1998-02-26,1.53973940086596
1998-02-27,1.51955573725994
1998-02-28,1.49937589852026
1998-03-01,1.4792058023589
1998-03-02,1.45905085250686
1998-03-03,1.43891596697015
1998-03-04,1.41880561701072
1998-03-05,1.39872386529119
1998-03-06,1.37867440320185
1998-03-07,1.35866058738852
1998-03-08,1.33868547549892
1998-03-09,1.31875186116546
1998-03-10,1.29886230824167
1998-03-11,1.2790191843094
1998-03-12,1.25922469347356
1998-03-13,1.23948090846074
1998-03-14,1.21978980203815
1998-03-15,1.20015327776843
1998-03-16,1.18057320011624
1998-03-17,1.16105142392178
1998-03-18,1.14158982325634
1998-03-19,1.12219031967464
1998-03-20,1.10285490987846
1998-03-21,1.08358569280587
1998-03-22,1.06438489615986
1998-03-23,1.04525490239026
1998-03-24,1.02619827414231
1998-03-25,1.00721777918503
1998-03-26,0.988316414832436
1998-03-27,0.969497431870236
1998-03-28,0.950764358000413
1998-03-29,0.932121020815968
1998-03-30,0.913571570317724
1998-03-31,0.89512050098493
1998-04-01,0.876772673411141
1998-04-02,0.858533322610936
1998-04-03,0.840408014518205
1998-04-04,0.822402590303504
1998-04-05,0.804523111615852
1998-04-06,0.78677580671463
1998-04-07,0.769167017457616
1998-04-08,0.751703147111526
1998-04-09,0.734390608951804
1998-04-10,0.717235775618744
1998-04-11,0.700244929197364
1998-04-12,0.683424211988767
1998-04-13,0.66677957794107
1998-04-14,0.650316744708254
1998-04-15,0.634041146305637
1998-04-16,0.617957886330908
1998-04-17,0.60207169172001
1998-04-18,0.586386867007383
1998-04-19,0.57090724906037
1998-04-20,0.55563616225786
1998-04-21,0.540576374083473
1998-04-22,0.525730051103846
1998-04-23,0.511098715302823
1998-04-24,0.496683200742582
1998-04-25,0.482483610522916
1998-04-26,0.468499274010177
1998-04-27,0.454728704307505
1998-04-28,0.441169555938236
1998-04-29,0.427818582714536
1998-04-30,0.414671595763501
1998-05-01,0.401723421683142
1998-05-02,0.388967879954241
1998-05-03,0.376397836826563
1998-05-04,0.364005277346461
1998-05-05,0.351781376192767
1998-05-06,0.339716567367723
1998-05-07,0.327800612789353
1998-05-08,0.316022669831233
1998-05-09,0.304371357855245
1998-05-10,0.292834823782522
1998-05-11,0.281400806747417
1998-05-12,0.270056701878993
1998-05-13,0.258789623254158
1998-05-14,0.247586466066288
1998-05-15,0.236433968052814
1998-05-16,0.225318770224984
1998-05-17,0.214227476942692
1998-05-18,0.203146715377009
1998-05-19,0.192063194402751
1998-05-20,0.180963762963198
1998-05-21,0.169835467948813
1998-05-22,0.158665611631573
1998-05-23,0.147441808696311
1998-05-24,0.136152042910269
1998-05-25,0.124784723471838
1998-05-26,0.1133287410793
1998-05-27,0.10177352376019
1998-05-28,0.0901090925017567
1998-05-29,0.0783261167228306
1998-05-30,0.0664159696272686
1998-05-31,0.0543707834790291
1998-06-01,0.0421835048388004
1998-06-02,0.0298479359260525
1998-06-03,0.0173587205810525
1998-06-04,0.0047113167347694
1998-06-05,-0.0080980306861746
1998-06-06,-0.0210723164411104
1998-06-07,-0.0342138012649905
1998-06-08,-0.047524037787548
1998-06-09,-0.0610038961032862
1998-06-10,-0.0746535890135741
1998-06-11,-0.088472696962053
1998-06-12,-0.102460192684501
1998-06-13,-0.116614465594249
1998-06-14,-0.130933345924198
1998-06-15,-0.145414128646442
1998-06-16,-0.160053597190473
1998-06-17,-0.174848046980913
1998-06-18,-0.189793308815706
1998-06-19,-0.204884772105674
1998-06-20,-0.220117407996355
1998-06-21,-0.235485792393009
1998-06-22,-0.250984128909736
1998-06-23,-0.266606271763587
1998-06-24,-0.282345748634657
1998-06-25,-0.298195783513089
1998-06-26,-0.314149319554022
1998-06-27,-0.330199041961501
1998-06-28,-0.346337400922453
1998-06-29,-0.362556634611854
1998-06-30,-0.378848792290301
1998-07-01,-0.395205757515243
1998-07-02,-0.41161927247503
1998-07-03,-0.428080966300824
1998-07-04,-0.444582383892781
1998-07-05,-0.461115014153802
1998-07-06,-0.477670317639495
1998-07-07,-0.494239753632762
1998-07-08,-0.510814806651162
1998-07-09,-0.527387012394941
1998-07-10,-0.543947983143391
1998-07-11,-0.560489432606922
1998-07-12,-0.577003200241988
1998-07-13,-0.593481275035771
1998-07-14,-0.609915818767263
1998-07-15,-0.626299188751118
1998-07-16,-0.642623960070445
1998-07-17,-0.658882947304402
1998-07-18,-0.675069225756244
1998-07-19,-0.691176152187215
1998-07-20,-0.707197385061409
1998-07-21,-0.7231269043065
1998-07-22,-0.73895903059496
1998-07-23,-0.754688444150166
1998-07-24,-0.77031020308151
1998-07-25,-0.785819761252408
1998-07-26,-0.801212985684813
1998-07-27,-0.816486173503636
1998-07-28,-0.831636068424166
1998-07-29,-0.846659876785371
1998-07-30,-0.861555283131691
1998-07-31,-0.876320465345672
1998-08-01,-0.89095410933354
1998-08-02,-0.905455414222798
1998-08-03,-0.919824061131135
1998-08-04,-0.934060173378087
1998-08-05,-0.948164277357029
1998-08-06,-0.962137264053945
1998-08-07,-0.975980351199655
1998-08-08,-0.989695046042425
1998-08-09,-1.00328310872811
1998-08-10,-1.01674651627525
1998-08-11,-1.0300874271327
1998-08-12,-1.0433081463077
1998-08-13,-1.05641109105251
1998-08-14,-1.06939875709787
1998-08-15,-1.08227368542188
1998-08-16,-1.09503842954308
1998-08-17,-1.10769552332682
1998-08-18,-1.12024744929401
1998-08-19,-1.13269660742189
1998-08-20,-1.14504528442639
1998-08-21,-1.15729562351608
1998-08-22,-1.16944959460785
1998-08-23,-1.18150896499456
1998-08-24,-1.1934752704555
1998-08-25,-1.2053497868002
1998-08-26,-1.21713350183681
1998-08-27,-1.22882708775617
1998-08-28,-1.24043087392321
1998-08-29,-1.25194482006712
1998-08-30,-1.26336848986243
1998-08-31,-1.27470102489301
1998-09-01,-1.28594111899131
1998-09-02,-1.29708700466824
1998-09-03,-1.30813648664925
1998-09-04,-1.31908698676497
1998-09-05,-1.32993558834202
1998-09-06,-1.34067908011189
1998-09-07,-1.35131399965551
1998-09-08,-1.36183667640084
1998-09-09,-1.3722432741909
1998-09-10,-1.38252983343926
1998-09-11,-1.39269231288988
1998-09-12,-1.40272663099818
1998-09-13,-1.4126287069499
1998-09-14,-1.42239450133421
1998-09-15,-1.43202005648741
1998-09-16,-1.4415015365233
1998-09-17,-1.45083526706633
1998-09-18,-1.4600177747033
1998-09-19,-1.46904582616938
1998-09-20,-1.47791646728396
1998-09-21,-1.48662706165186
1998-09-22,-1.49517532914508
1998-09-23,-1.50355938418035
1998-09-24,-1.51177777380744
1998-09-25,-1.51982951562319
1998-09-26,-1.52771413552589
1998-09-27,-1.53543170532491
1998-09-28,-1.54298288021976
1998-09-29,-1.5503689361633
1998-09-30,-1.55759180712313
1998-10-01,-1.56465412225547
1998-10-02,-1.57155922565718
1998-10-03,-1.57831112680438
1998-10-04,-1.5849144342877
1998-10-05,-1.59137429031167
1998-10-06,-1.59769630593117
1998-10-07,-1.60388649699846
1998-10-08,-1.60995122079414
1998-10-09,-1.615897113316
1998-10-10,-1.62173102719984
1998-10-11,-1.62745997024649
1998-10-12,-1.63309104452977
1998-10-13,-1.63863138605998
1998-10-14,-1.64408810497824
1998-10-15,-1.6494682262567
1998-10-16,-1.65477863088035
1998-10-17,-1.66002599748604
1998-10-18,-1.66521674443466
1998-10-19,-1.67035697229277
1998-10-20,-1.67545240669996
1998-10-21,-1.68050834159856
1998-10-22,-1.68552958280252
1998-10-23,-1.6905203918825
1998-10-24,-1.69548443034425
1998-10-25,-1.70042470407782
1998-10-26,-1.70534350805515
1998-10-27,-1.71024237125369
1998-10-28,-1.71512200178421
1998-10-29,-1.71998223220084
1998-10-30,-1.72482196497156
1998-10-31,-1.7296391180879
1998-11-01,-1.7344305707922
1998-11-02,-1.73919213273542
1998-11-03,-1.74391860637478
1998-11-04,-1.74860387191258
1998-11-05,-1.75324097129678
1998-11-06,-1.75782219131801
1998-11-07,-1.76233914583778
1998-11-08,-1.76678285718194
1998-11-09,-1.77114383673338
1998-11-10,-1.77541216475774
1998-11-11,-1.7795775694953
1998-11-12,-1.78362950555239
1998-11-13,-1.78755723162488
1998-11-14,-1.79134988758662
1998-11-15,-1.79499657097485
1998-11-16,-1.79848641290482
1998-11-17,-1.8018086534453
1998-11-18,-1.80495271648664
1998-11-19,-1.80790828413262
1998-11-20,-1.81066537064719
1998-11-21,-1.81321439598696
1998-11-22,-1.81554625895011
1998-11-23,-1.81765240997206
1998-11-24,-1.81952492359812
1998-11-25,-1.82115657066315
1998-11-26,-1.82254089020797
1998-11-27,-1.82367226116217
1998-11-28,-1.82454597382259
1998-11-29,-1.82515830115678
1998-11-30,-1.82550656996049
1998-12-01,-1.82558923189784
1998-12-02,-1.82540591117112
1998-12-03,-1.82495735910013
1998-12-04,-1.82424538586555
1998-12-05,-1.82327279277376
1998-12-06,-1.82204330501082
1998-12-07,-1.82056150485373
1998-12-08,-1.81883276530699
1998-12-09,-1.81686318413262
1998-12-10,-1.81465951824179
1998-12-11,-1.81222911841653
1998-12-12,-1.80957986432976
1998-12-13,-1.80672009983224
1998-12-14,-1.80365856847468
1998-12-15,-1.80040434923391
1998-12-16,-1.79696679241138
1998-12-17,-1.79335545567289
1998-12-18,-1.78958004019797
1998-12-19,-1.78565032690786
1998-12-20,-1.78157611274053
1998-12-21,-1.77736714694167
1998-12-22,-1.77303306734029
1998-12-23,-1.76858333657761
1998-12-24,-1.76402717825806
1998-12-25,-1.75937351299098
1998-12-26,-1.75463089429181
1998-12-27,-1.74980744431129
1998-12-28,-1.74491078936148
1998-12-29,-1.73994799520694
1998-12-30,-1.73492550208984
1998-12-31,-1.72984905945731
1999-01-01,-1.7247236603595
1999-01-02,-1.71955349469468
1999-01-03,-1.71434197890598
1999-01-04,-1.70909180453602
1999-01-05,-1.70380498645988
1999-01-06,-1.69848291082111
1999-01-07,-1.6931263826957
1999-01-08,-1.68773567350853
1999-01-09,-1.68231056822709
1999-01-10,-1.67685041235693
1999-01-11,-1.67135415876359
1999-01-12,-1.66582041434546
1999-01-13,-1.66024748658204
1999-01-14,-1.65463342998239
1999-01-15,-1.64897609245791
1999-01-16,-1.64327316164428
1999-01-17,-1.6375222111969
1999-01-18,-1.63172074708432
1999-01-19,-1.62586625390436
1999-01-20,-1.61995624124728
1999-01-21,-1.61398829013069
1999-01-22,-1.60796009953072
1999-01-23,-1.60186953303415
1999-01-24,-1.59571466563616
1999-01-25,-1.58949383070834
1999-01-26,-1.58320566716187
1999-01-27,-1.57684916683059
1999-01-28,-1.57042372209884
1999-01-29,-1.56392917379914
1999-01-30,-1.55736585940465
1999-01-31,-1.55073466154146
1999-02-01,-1.54403705684608
1999-02-02,-1.53727514853614
1999-02-03,-1.53045163278083
1999-02-04,-1.5235697489905
1999-02-05,-1.51663323070532
1999-02-06,-1.50964625706634
1999-02-07,-1.5026134048527
1999-02-08,-1.49553960106883
1999-02-09,-1.48843007606554
1999-02-10,-1.48129031717947
1999-02-11,-1.47412602287512
1999-02-12,-1.46694305737427
1999-02-13,-1.45974740575743
1999-02-14,-1.45254512952253
1999-02-15,-1.44534232258586
1999-02-16,-1.43814506771083
1999-02-17,-1.43095939334994
1999-02-18,-1.42379123088594
1999-02-19,-1.41664637225789
1999-02-20,-1.40953042795848
1999-02-21,-1.40244878538871
1999-02-22,-1.3954065675566
1999-02-23,-1.38840859210649
1999-02-24,-1.38145933066584
1999-02-25,-1.37456286849647
1999-02-26,-1.36772286443762
1999-02-27,-1.36094251112797
1999-02-28,-1.3542244954944
1999-03-01,-1.34757095949506
1999-03-02,-1.34098347390039
1999-03-03,-1.33446306338492
1999-03-04,-1.32801024412474
1999-03-05,-1.32162506100486
1999-03-06,-1.31530712444173
1999-03-07,-1.30905564682536
1999-03-08,-1.30286947858628
1999-03-09,-1.29674714389151
1999-03-10,-1.29068687597434
1999-03-11,-1.28468665210227
1999-03-12,-1.27874422818718
1999-03-13,-1.27285717304211
1999-03-14,-1.26702290228839
1999-03-15,-1.26123871191727
1999-03-16,-1.25550181150943
1999-03-17,-1.24980935711624
1999-03-18,-1.24415848380613
1999-03-19,-1.23854633787925
1999-03-20,-1.23297010875378
1999-03-21,-1.22742706052674
1999-03-22,-1.22191456321222
1999-03-23,-1.21643012365973
1999-03-24,-1.21097141615525
1999-03-25,-1.20553631270733
1999-03-26,-1.20012291302044
1999-03-27,-1.19472957415778
1999-03-28,-1.18935493989529
1999-03-29,-1.18399796976871
1999-03-30,-1.17865796781521
1999-03-31,-1.173334611011
1999-04-01,-1.16802797740613
1999-04-02,-1.16273856520281
1999-04-03,-1.15746727655522
1999-04-04,-1.15221539252024
1999-04-05,-1.146984547952
1999-04-06,-1.14177670633651
1999-04-07,-1.13659413456237
1999-04-08,-1.13143937762354
1999-04-09,-1.12631523325027
1999-04-10,-1.1212247264639
1999-04-11,-1.1161710840514
1999-04-12,-1.11115770895551
1999-04-13,-1.10618815457599
1999-04-14,-1.10126609897781
1999-04-15,-1.09639531900168
1999-04-16,-1.09157966427254
1999-04-17,-1.08682303110148
1999-04-18,-1.08212933627641
1999-04-19,-1.07750249073691
1999-04-20,-1.07294637312848
1999-04-21,-1.06846480323156
1999-04-22,-1.06406151526031
1999-04-23,-1.0597401310265
1999-04-24,-1.05550413296344
1999-04-25,-1.05135683700508
1999-04-26,-1.04730136531523
1999-04-27,-1.04334061886184
1999-04-28,-1.03947724983131
1999-04-29,-1.03571363387754
1999-04-30,-1.03205184220068
1999-05-01,-1.02849361345024
1999-05-02,-1.02504033227368
1999-05-03,-1.02169303508016
1999-05-04,-1.01845242292127
1999-05-05,-1.0153188747625
1999-05-06,-1.01229246115193
1999-05-07,-1.00937295829245
1999-05-08,-1.00655986252431
1999-05-09,-1.00385240522493
1999-05-10,-1.00124956813299
1999-05-11,-0.998750099104363
1999-05-12,-0.996352528307294
1999-05-13,-0.994055184864714
1999-05-14,-0.991856213951721
1999-05-15,-0.989753594356463
1999-05-16,-0.987745156512927
1999-05-17,-0.985828601014333
1999-05-18,-0.984001517616099
1999-05-19,-0.982261404737542
1999-05-20,-0.980605689471738
1999-05-21,-0.979031748113204
1999-05-22,-0.977536927213269
1999-05-23,-0.976118565173296
1999-05-24,-0.974774014386112
1999-05-25,-0.973500663936279
1999-05-26,-0.972295962870066
1999-05-27,-0.971157444046257
1999-05-28,-0.970082748579138
1999-05-29,-0.969069650885323
1999-05-30,-0.968116084346265
1999-05-31,-0.967220167598621
1999-06-01,-0.966380231464849
1999-06-02,-0.965594843002587
1999-06-03,-0.964862815813179
1999-06-04,-0.964183216142024
1999-06-05,-0.963555368036311
1999-06-06,-0.962978857559076
1999-06-07,-0.962453536058027
1999-06-08,-0.961979522487163
1999-06-09,-0.961557204778738
1999-06-10,-0.961187240262682
1999-06-11,-0.960870555130122
1999-06-12,-0.960608342937201
1999-06-13,-0.960402062144917
1999-06-14,-0.960253432690266
1999-06-15,-0.960164431583484
1999-06-16,-0.960137287525745
1999-06-17,-0.960174474541179
1999-06-18,-0.960278704616629
1999-06-19,-0.960452919342078
1999-06-20,-0.960700280544212
1999-06-21,-0.961024159905108
1999-06-22,-0.961428127557556
1999-06-23,-0.961915939648043
1999-06-24,-0.962491524857951
1999-06-25,-0.963158969873023
1999-06-26,-0.963922503790675
1999-06-27,-0.96478648145422
1999-06-28,-0.96575536570261
1999-06-29,-0.966833708523759
1999-06-30,-0.968026131099054
1999-07-01,-0.969337302726116
1999-07-02,-0.970771916015465
1999-07-03,-0.972334651014439
1999-07-04,-0.974030137776777
1999-07-05,-0.975862920392943
1999-07-06,-0.97783742246545
1999-07-07,-0.979957914014125
1999-07-08,-0.982228479796891
1999-07-09,-0.984652989032297
1999-07-10,-0.987235066510672
1999-07-11,-0.989978065081431
1999-07-12,-0.992885039504681
1999-07-13,-0.995958721655935
1999-07-14,-0.99920149707339
1999-07-15,-1.00261538283782
1999-07-16,-1.00620200677579
1999-07-17,-1.00996258797762
1999-07-18,-1.01389791862189
1999-07-19,-1.01800834709933
1999-07-20,-1.02229376242911
1999-07-21,-1.02675357996158
1999-07-22,-1.03138672836174
1999-07-23,-1.03619163786882
1999-07-24,-1.04116622982746
1999-07-25,-1.046307907487
1999-07-26,-1.05161354806584
1999-07-27,-1.05707949607853
1999-07-28,-1.06270155792368
1999-07-29,-1.06847499773175
1999-07-30,-1.07439453447213
1999-07-31,-1.08045434031953
1999-08-01,-1.0866480402806
1999-08-02,-1.09296872232185
1999-08-03,-1.09940898529424
1999-08-04,-1.10596099523831
1999-08-05,-1.11261654043
1999-08-06,-1.11936708519774
1999-08-07,-1.12620382254085
1999-08-08,-1.13311772557861
1999-08-09,-1.14009959785918
1999-08-10,-1.14714012255677
1999-08-11,-1.15422991058516
1999-08-12,-1.16135954765512
1999-08-13,-1.16851964030295
1999-08-14,-1.17570086091665
1999-08-15,-1.18289399178606
1999-08-16,-1.19008996820267
1999-08-17,-1.19727992063453
1999-08-18,-1.20445521600101
1999-08-19,-1.21160749807206
1999-08-20,-1.21872872701595
1999-08-21,-1.22581121811909
1999-08-22,-1.23284767970135
1999-08-23,-1.2398312502495
1999-08-24,-1.24675553479143
1999-08-25,-1.25361464053306
1999-08-26,-1.26040321177973
1999-08-27,-1.26711646416327
1999-08-28,-1.27375021819577
1999-08-29,-1.28030093217057
1999-08-30,-1.28676573443066
1999-08-31,-1.29314245502434
1999-09-01,-1.29942965676769
1999-09-02,-1.30562665152851
1999-09-03,-1.31173345931188
1999-09-04,-1.3177507534671
1999-09-05,-1.32367980637017
1999-09-06,-1.32952243554806
1999-09-07,-1.33528095021184
1999-09-08,-1.34095809816547
1999-09-09,-1.34655701305718
1999-09-10,-1.35208116194067
1999-09-11,-1.35753429311322
1999-09-12,-1.36292038419803
1999-09-13,-1.36824359043816
1999-09-14,-1.3735081931695
1999-09-15,-1.37871854844016
1999-09-16,-1.38387903574397
1999-09-17,-1.38899400683551
1999-09-18,-1.39406773459434
1999-09-19,-1.39910436190616
1999-09-20,-1.40410785052831
1999-09-21,-1.40908192990754
1999-09-22,-1.41403004591753
1999-09-23,-1.41895530948384
1999-09-24,-1.423860445064
1999-09-25,-1.42874773895024
1999-09-26,-1.43361898736253
1999-09-27,-1.43847544429936
1999-09-28,-1.44331776911385
1999-09-29,-1.44814597378255
1999-09-30,-1.45295936983431
1999-10-01,-1.45775651490643
1999-10-02,-1.46253517655609
1999-10-03,-1.46729236632318
1999-10-04,-1.47202439122886
1999-10-05,-1.47672690511826
1999-10-06,-1.48139495988049
1999-10-07,-1.48602305657904
1999-10-08,-1.49060519652582
1999-10-09,-1.49513493233192
1999-10-10,-1.49960541896847
1999-10-11,-1.50400946487075
1999-10-12,-1.50833958311916
1999-10-13,-1.51258804273022
1999-10-14,-1.51674692009136
1999-10-15,-1.52080815057304
1999-10-16,-1.52476358035186
1999-10-17,-1.52860501847863
1999-10-18,-1.5323242892253
1999-10-19,-1.53591328474476
1999-10-20,-1.53936401807788
1999-10-21,-1.54266867654205
1999-10-22,-1.54581967553581
1999-10-23,-1.54880971279418
1999-10-24,-1.55163182312968
1999-10-25,-1.55427943369396
1999-10-26,-1.55674641979541
1999-10-27,-1.55902716130802
1999-10-28,-1.56111659970739
1999-10-29,-1.56301029576947
1999-10-30,-1.56470448796842
1999-10-31,-1.56619615160969
1999-11-01,-1.56748305873511
1999-11-02,-1.56856381971431
1999-11-03,-1.56943784913521
1999-11-04,-1.57010531315566
1999-11-05,-1.5705670773573
1999-11-06,-1.57082465506526
1999-11-07,-1.57088015609783
1999-11-08,-1.57073623590995
1999-11-09,-1.57039604509493
1999-11-10,-1.56986317920837
1999-11-11,-1.56914162887896
1999-11-12,-1.56823573017021
1999-11-13,-1.5671501151579
1999-11-14,-1.56588966268766
1999-11-15,-1.56445944927723
1999-11-16,-1.56286470012806
1999-11-17,-1.56111074021101
1999-11-18,-1.55920294539053
1999-11-19,-1.55714669355236
1999-11-20,-1.55494731569901
1999-11-21,-1.55261004697806
1999-11-22,-1.55013997760761
1999-11-23,-1.54754200366357
1999-11-24,-1.5448207776934
1999-11-25,-1.5419806591207
1999-11-26,-1.5390256644051
1999-11-27,-1.53595941692183
1999-11-28,-1.53278509652518
1999-11-29,-1.52950538876008
1999-11-30,-1.52612243368589
1999-12-01,-1.52263777427618
1999-12-02,-1.51905232348951
1999-12-03,-1.51536640725112
1999-12-04,-1.51157982546374
1999-12-05,-1.5076919118248
1999-12-06,-1.50370159248708
1999-12-07,-1.49960744359875
1999-12-08,-1.49540774775863
1999-12-09,-1.49110054942214
1999-12-10,-1.48668370929258
1999-12-11,-1.48215495773249
1999-12-12,-1.47751194722887
1999-12-13,-1.47275230394613
1999-12-14,-1.46787367839988
1999-12-15,-1.46287379528449
1999-12-16,-1.45775050248686
1999-12-17,-1.45250181931856
1999-12-18,-1.44712598399807
1999-12-19,-1.44162150041438
1999-12-20,-1.43598718420334
1999-12-21,-1.43022220816699
1999-12-22,-1.42432614706672
1999-12-23,-1.41829902182
1999-12-24,-1.41214134313053
1999-12-25,-1.4058541545813
1999-12-26,-1.3994390752196
1999-12-27,-1.39289834166299
1999-12-28,-1.38623484975456
1999-12-29,-1.3794521957961
1999-12-30,-1.37255471738689
1999-12-31,-1.36554753389612
2000-01-01,-1.35843658659641
2000-01-02,-1.35122865830752
2000-01-03,-1.34393131234883
2000-01-04,-1.3365528125736
2000-01-05,-1.32910204494061
2000-01-06,-1.32158844058403
2000-01-07,-1.3140219003435
2000-01-08,-1.30641272071641
2000-01-09,-1.29877152119539
2000-01-10,-1.29110917295435
2000-01-11,-1.28343672884702
2000-01-12,-1.27576535468266
2000-01-13,-1.26810626174377
2000-01-14,-1.2604706405117
2000-01-15,-1.25286959556605
2000-01-16,-1.24531408162474
2000-01-17,-1.23781484069183
2000-01-18,-1.23038234028081
2000-01-19,-1.22302671268161
2000-01-20,-1.21575769523996
2000-01-21,-1.20858457161841
2000-01-22,-1.2015161140086
2000-01-23,-1.19456052626494
2000-01-24,-1.18772538793035
2000-01-25,-1.18101759912525
2000-01-26,-1.17444332627111
2000-01-27,-1.16800794862084
2000-01-28,-1.16171600556822
2000-01-29,-1.1555711447095
2000-01-30,-1.14957607063026
2000-01-31,-1.14373249439143
2000-02-01,-1.13804108368861
2000-02-02,-1.13250143433621
2000-02-03,-1.1271121248094
2000-02-04,-1.12187079070764
2000-02-05,-1.11677419821247
2000-02-06,-1.11181831657177
2000-02-07,-1.1069983896417
2000-02-08,-1.10230900651782
2000-02-09,-1.09774417128594
2000-02-10,-1.09329737192348
2000-02-11,-1.08896164838155
2000-02-12,-1.08472965987755
2000-02-13,-1.08059375142814
2000-02-14,-1.07654601965171
2000-02-15,-1.07257837786961
2000-02-16,-1.06868262053474
2000-02-17,-1.06485048701613
2000-02-18,-1.06107372476766
2000-02-19,-1.05734415190889
2000-02-20,-1.05365371924568
2000-02-21,-1.0499945717581
2000-02-22,-1.0463591095827
2000-02-23,-1.04274004851616
2000-02-24,-1.03913048006702
2000-02-25,-1.03552393108184
2000-02-26,-1.03191442297213
2000-02-27,-1.02829653056794
2000-02-28,-1.02466544062399
2000-02-29,-1.02101701000367
2000-03-01,-1.01734782356656
2000-03-02,-1.013655235728
2000-03-03,-1.00993734763591
2000-03-04,-1.0061929685074
2000-03-05,-1.00242157726195
2000-03-06,-0.998623284436247
2000-03-07,-0.994798794365609
2000-03-08,-0.990949367617229
2000-03-09,-0.987076783660303
2000-03-10,-0.983183303758264
2000-03-11,-0.979271634068342
2000-03-12,-0.975344888933698
2000-03-13,-0.971406554353438
2000-03-14,-0.967460451615839
2000-03-15,-0.963510701080119
2000-03-16,-0.95956168609215
2000-03-17,-0.955618017019516
2000-03-18,-0.951684495391338
2000-03-19,-0.947766078128329
2000-03-20,-0.943867841848515
2000-03-21,-0.939994947234147
2000-03-22,-0.936152603445251
2000-03-23,-0.932346032565358
2000-03-24,-0.928580434064912
2000-03-25,-0.924860949267876
2000-03-26,-0.921192625807062
2000-03-27,-0.917580382053715
2000-03-28,-0.914028971506872
2000-03-29,-0.910542947128021
2000-03-30,-0.907126625606582
2000-03-31,-0.903784051541708
2000-04-01,-0.90051896152592
2000-04-02,-0.897334755650022
2000-04-03,-0.89423449903239
2000-04-04,-0.89122093082242
2000-04-05,-0.888296473160644
2000-04-06,-0.885463240099321
2000-04-07,-0.882723046487304
2000-04-08,-0.880077416822994
2000-04-09,-0.877527594079256
2000-04-10,-0.875074548504143
2000-04-11,-0.872718986401322
2000-04-12,-0.870461358894125
2000-04-13,-0.868301870677158
2000-04-14,-0.866240488759424
2000-04-15,-0.86427695120296
2000-04-16,-0.862410775860982
2000-04-17,-0.860641269119604
2000-04-18,-0.858967534647171
2000-04-19,-0.85738848215532
2000-04-20,-0.855902836175885
2000-04-21,-0.854509144857809
2000-04-22,-0.853205788788231
2000-04-23,-0.851990989841985
2000-04-24,-0.850862820063746
2000-04-25,-0.849819210587111
2000-04-26,-0.848857960594928
2000-04-27,-0.847976746325223
2000-04-28,-0.847173130127125
2000-04-29,-0.846444569571189
2000-04-30,-0.845788426618599
2000-05-01,-0.845201976853746
2000-05-02,-0.844682417352722
2000-05-03,-0.844226868870524
2000-05-04,-0.843832376542821
2000-05-05,-0.843495910506885
2000-05-06,-0.84321436643886
2000-05-07,-0.842984566004549
2000-05-08,-0.842803257220854
2000-05-09,-0.842667114724973
2000-05-10,-0.842572739948429
2000-05-11,-0.842516661192973
2000-05-12,-0.84249533360537
2000-05-13,-0.842505139048022
2000-05-14,-0.842542385862375
2000-05-15,-0.842603308521998
2000-05-16,-0.842684067172176
2000-05-17,-0.84278074705284
2000-05-18,-0.842889357801587
2000-05-19,-0.843005832633525
2000-05-20,-0.843126027394604
2000-05-21,-0.843245719485069
2000-05-22,-0.843360606649621
2000-05-23,-0.843466305630797
2000-05-24,-0.843558350682064
2000-05-25,-0.843632191937044
2000-05-26,-0.843683193631234
2000-05-27,-0.843706632172552
2000-05-28,-0.843697694056947
2000-05-29,-0.843651473625287
2000-05-30,-0.843562970657648
2000-05-31,-0.8434270878011
2000-06-01,-0.843238627826978
2000-06-02,-0.84299229763461
2000-06-03,-0.842682739712573
2000-06-04,-0.842304570104229
2000-06-05,-0.841852415929695
2000-06-06,-0.841320952490019
2000-06-07,-0.840704939979185
2000-06-08,-0.839999259829338
2000-06-09,-0.839198950714506
2000-06-10,-0.838299244237882
2000-06-11,-0.83729560032759
2000-06-12,-0.836183742365707
2000-06-13,-0.834959692075165
2000-06-14,-0.833619804189005
2000-06-15,-0.832160800926356
2000-06-16,-0.830579806299347
2000-06-17,-0.828874380275067
2000-06-18,-0.827042552816572
2000-06-19,-0.82508285782683
2000-06-20,-0.822994367019392
2000-06-21,-0.820776723739497
2000-06-22,-0.818430176759219
2000-06-23,-0.815955614070199
2000-06-24,-0.813354596697423
2000-06-25,-0.810629392557453
2000-06-26,-0.807783010384437
2000-06-27,-0.804819233747195
2000-06-28,-0.801742655180625
2000-06-29,-0.798558710454615
2000-06-30,-0.795273713003646
2000-07-01,-0.791894888540201
2000-07-02,-0.788430389825718
2000-07-03,-0.784889231659899
2000-07-04,-0.781281206991386
2000-07-05,-0.777616804346443
2000-07-06,-0.773907126524964
2000-07-07,-0.770163810513547
2000-07-08,-0.766398948565905
2000-07-09,-0.762625010401284
2000-07-10,-0.758854766472051
2000-07-11,-0.755101212252013
2000-07-12,-0.751377493497469
2000-07-13,-0.747696832433395
2000-07-14,-0.744072454817553
2000-07-15,-0.740517517835706
2000-07-16,-0.737045038781489
2000-07-17,-0.733667824474833
2000-07-18,-0.730398401373203
2000-07-19,-0.727248946330225
2000-07-20,-0.72423121795662
2000-07-21,-0.721356488538645
2000-07-22,-0.718635476469566
2000-07-23,-0.716078279149959
2000-07-24,-0.713694306312904
2000-07-25,-0.711492213730422
2000-07-26,-0.70947983725772
2000-07-27,-0.707664127172096
2000-07-28,-0.706051082763524
2000-07-29,-0.704645687134215
2000-07-30,-0.703451842164613
2000-07-31,-0.702472303603496
2000-08-01,-0.701708616240038
2000-08-02,-0.701161071848849
2000-08-03,-0.700828757841796
2000-08-04,-0.700709627506644
2000-08-05,-0.70080056890695
2000-08-06,-0.701097472488277
2000-08-07,-0.701595297435288
2000-08-08,-0.702288136823897
2000-08-09,-0.703169281612184
2000-08-10,-0.704231283513384
2000-08-11,-0.705466016793858
2000-08-12,-0.706864739038551
2000-08-13,-0.708418150926075
2000-08-14,-0.710116455055176
2000-08-15,-0.711949413863982
2000-08-16,-0.713906406683101
2000-08-17,-0.715976485963295
2000-08-18,-0.71814843271812
2000-08-19,-0.720410811221634
2000-08-20,-0.722752023000957
2000-08-21,-0.72516036016319
2000-08-22,-0.72762405809591
2000-08-23,-0.730131347580204
2000-08-24,-0.732670506354948
2000-08-25,-0.735229910170778
2000-08-26,-0.737798083371993
2000-08-27,-0.740363749044387
2000-08-28,-0.742915878766797
2000-08-29,-0.74544374200398
2000-08-30,-0.747936955178197
2000-08-31,-0.750385530456751
2000-09-01,-0.752779924292531
2000-09-02,-0.755111075934539
2000-09-03,-0.757370406611803
2000-09-04,-0.759549809384771
2000-09-05,-0.761641639607093
2000-09-06,-0.76363870598655
2000-09-07,-0.765534262234078
2000-09-08,-0.767321999290064
2000-09-09,-0.768996038117277
2000-09-10,-0.770550923050019
2000-09-11,-0.771981615689255
2000-09-12,-0.773283489333692
2000-09-13,-0.77445232393696
2000-09-14,-0.77548430158124
2000-09-15,-0.77637600245785
2000-09-16,-0.777124401345505
2000-09-17,-0.777726864577113
2000-09-18,-0.778181147486163
2000-09-19,-0.778485392323922
2000-09-20,-0.778638126638809
2000-09-21,-0.778638262109497
2000-09-22,-0.77848509382344
2000-09-23,-0.77817829999266
2000-09-24,-0.777717942098814
2000-09-25,-0.777104465459673
2000-09-26,-0.776338700209306
2000-09-27,-0.775421862684402
2000-09-28,-0.77435555720928
2000-09-29,-0.773141778272301
2000-09-30,-0.771782913086495
2000-10-01,-0.770281744527352
2000-10-02,-0.768641449653195
2000-10-03,-0.766865579412317
2000-10-04,-0.764958033787887
2000-10-05,-0.76292303712889
2000-10-06,-0.760765113652407
2000-10-07,-0.758489063102562
2000-10-08,-0.756099936551507
2000-10-09,-0.753603012327845
2000-10-10,-0.751003772057918
2000-10-11,-0.748307876805401
2000-10-12,-0.745521143294691
2000-10-13,-0.742649520203557
2000-10-14,-0.739699064510558
2000-10-15,-0.736675917882745
2000-10-16,-0.733586283089143
2000-10-17,-0.73043640042554
2000-10-18,-0.727232524136094
2000-10-19,-0.723980898817259
2000-10-20,-0.720687735789533
2000-10-21,-0.717359189422503
2000-10-22,-0.714001333398667
2000-10-23,-0.710620136901471
2000-10-24,-0.707221440712975
2000-10-25,-0.703810933206565
2000-10-26,-0.700394126220047
2000-10-27,-0.696976330794471
2000-10-28,-0.693562632763956
2000-10-29,-0.690157868181777
2000-10-30,-0.6867665985679
2000-10-31,-0.683393085963114
2000-11-01,-0.680041267774871
2000-11-02,-0.676714739398775
2000-11-03,-0.673416768538953
2000-11-04,-0.670150316986178
2000-11-05,-0.666918061806489
2000-11-06,-0.663722415955458
2000-11-07,-0.660565548333018
2000-11-08,-0.657449403293548
2000-11-09,-0.654375719625706
2000-11-10,-0.651346049016291
2000-11-11,-0.648361774012192
2000-11-12,-0.645424125494308
2000-11-13,-0.642534199677098
2000-11-14,-0.639692974647246
2000-11-15,-0.636901326454728
2000-11-16,-0.634160044769379
2000-11-17,-0.631469848115897
2000-11-18,-0.6288313987
2000-11-19,-0.626245316838332
2000-11-20,-0.623712195004506
2000-11-21,-0.62123261150352
2000-11-22,-0.618807143786606
2000-11-23,-0.616436381418454
2000-11-24,-0.614120938708527
2000-11-25,-0.611861467018121
2000-11-26,-0.609658666754582
2000-11-27,-0.607513299064036
2000-11-28,-0.605426197233779
2000-11-29,-0.603398277815388
2000-11-30,-0.601430551479435
2000-12-01,-0.599524133612609
2000-12-02,-0.597680246909758
2000-12-03,-0.595900192859862
2000-12-04,-0.594185316057299
2000-12-05,-0.592536969246607
2000-12-06,-0.590956479083655
2000-12-07,-0.589445112596462
2000-12-08,-0.58800404432921
2000-12-09,-0.586634324153312
2000-12-10,-0.585336845729701
2000-12-11,-0.584112315606817
2000-12-12,-0.582961222939066
2000-12-13,-0.581883809810821
2000-12-14,-0.580880042151331
2000-12-15,-0.579949581226215
2000-12-16,-0.57909175569147
2000-12-17,-0.578305534196243
2000-12-18,-0.577589498520884
2000-12-19,-0.576941817237078
2000-12-20,-0.576360219877145
2000-12-21,-0.57584197159985
2000-12-22,-0.575383848340355
2000-12-23,-0.57498211243222
2000-12-24,-0.574632488689603
2000-12-25,-0.574330140938102
2000-12-26,-0.574069648982925
2000-12-27,-0.573844986003358
2000-12-28,-0.573649496362715
2000-12-29,-0.573475873823274
2000-12-30,-0.573316140155902
2000-12-31,-0.573161624134346
2001-01-01,-0.573002940904431
2001-01-02,-0.572829991419598
2001-01-03,-0.572632040765652
2001-01-04,-0.572397815188238
2001-01-05,-0.572115597884818
2001-01-06,-0.57177332360285
2001-01-07,-0.571358672085331
2001-01-08,-0.570859160404432
2001-01-09,-0.570262234223468
2001-01-10,-0.569555358027004
2001-01-11,-0.568726104358422
2001-01-12,-0.567762242103848
2001-01-13,-0.566651823860908
2001-01-14,-0.565383272430322
2001-01-15,-0.563945466467956
2001-01-16,-0.56232782533449
2001-01-17,-0.560520393179513
2001-01-18,-0.55851392229638
2001-01-19,-0.556299955783817
2001-01-20,-0.55387090954985
2001-01-21,-0.551220153693258
2001-01-22,-0.548342093297341
2001-01-23,-0.545232248670468
2001-01-24,-0.541887335067456
2001-01-25,-0.538305341925497
2001-01-26,-0.534485611647981
2001-01-27,-0.530428917969217
2001-01-28,-0.526137543932703
2001-01-29,-0.521615359515269
2001-01-30,-0.516867898929051
2001-01-31,-0.511902437632972
2001-02-01,-0.506728069085031
2001-02-02,-0.501355739541472
2001-02-03,-0.495798116130842
2001-02-04,-0.490069414879221
2001-02-05,-0.484185230726261
2001-02-06,-0.47816236945756
2001-02-07,-0.472018681479604
2001-02-08,-0.465772897364169
2001-02-09,-0.459444465089753
2001-02-10,-0.453053388908262
2001-02-11,-0.446620069765806
2001-02-12,-0.440165147207098
2001-02-13,-0.433709342693548
2001-02-14,-0.427273304265767
2001-02-15,-0.420877452481764
2001-02-16,-0.414541827562716
2001-02-17,-0.408285937678738
2001-02-18,-0.402128608307641
2001-02-19,-0.396087832600218
2001-02-20,-0.390180622686097
2001-02-21,-0.384422861854748
2001-02-22,-0.378829157546722
2001-02-23,-0.373412695090685
2001-02-24,-0.368185092122317
2001-02-25,-0.363156253621593
2001-02-26,-0.358334227505425
2001-02-27,-0.353725060713122
2001-02-28,-0.349332655722509
2001-03-01,-0.345158627435039
2001-03-02,-0.341202211887978
2001-03-03,-0.3374603809307
2001-03-04,-0.333928006827115
2001-03-05,-0.330598024954335
2001-03-06,-0.327461594668946
2001-03-07,-0.324508258411675
2001-03-08,-0.321726099120674
2001-03-09,-0.31910189602307
2001-03-10,-0.316621278873869
2001-03-11,-0.314268880710794
2001-03-12,-0.31202848919307
2001-03-13,-0.309883196591701
2001-03-14,-0.307815548498224
2001-03-15,-0.305807691318514
2001-03-16,-0.303841518617647
2001-03-17,-0.301898816381445
2001-03-18,-0.299961407259813
2001-03-19,-0.298011293856573
2001-03-20,-0.296030801130062
2001-03-21,-0.294002717968322
2001-03-22,-0.291910438002355
2001-03-23,-0.289738099720454
2001-03-24,-0.287470725946302
2001-03-25,-0.285094362743125
2001-03-26,-0.282596217805818
2001-03-27,-0.279964798402658
2001-03-28,-0.277190048927824
2001-03-29,-0.274263488125666
2001-03-30,-0.27117834604732
2001-03-31,-0.267929700799977
2001-04-01,-0.264514615148806
2001-04-02,-0.260932227604883
2001-04-03,-0.257183662004838
2001-04-04,-0.253271892803445
2001-04-05,-0.249201611695
2001-04-06,-0.244979095508724
2001-04-07,-0.240612075323822
2001-04-08,-0.236109606750155
2001-04-09,-0.231481941320856
2001-04-10,-0.226740398943542
2001-04-11,-0.221897241357124
2001-04-12,-0.216965546541518
2001-04-13,-0.211959084027885
2001-04-14,-0.206892191057348
2001-04-15,-0.201779649536399
2001-04-16,-0.196636563737521
2001-04-17,-0.191478238693829
2001-04-18,-0.186320059236785
2001-04-19,-0.181177369626336
2001-04-20,-0.176065353723054
2001-04-21,-0.170998915652106
2001-04-22,-0.165992560909141
2001-04-23,-0.161060277858378
2001-04-24,-0.156215419573428
2001-04-25,-0.151470585971584
2001-04-26,-0.146837506192525
2001-04-27,-0.14232692117256
2001-04-28,-0.137948466365757
2001-04-29,-0.133710554563453
2001-04-30,-0.129620258763846
2001-05-01,-0.125683195043491
2001-05-02,-0.121903439543375
2001-05-03,-0.118283581903497
2001-05-04,-0.114824812228704
2001-05-05,-0.111527007340693
2001-05-06,-0.108388816344329
2001-05-07,-0.105407745536317
2001-05-08,-0.102580242684075
2001-05-09,-0.0999017807025354
2001-05-10,-0.0973669407564594
2001-05-11,-0.0949694948156801
2001-05-12,-0.0927024876905859
2001-05-13,-0.0905583185749966
2001-05-14,-0.0885288221234579
2001-05-15,-0.0866053490898481
2001-05-16,-0.0847788465540606
2001-05-17,-0.0830399377634004
2001-05-18,-0.081379001615208
2001-05-19,-0.0797862518071007
2001-05-20,-0.0782518156811056
2001-05-21,-0.0767658127878373
2001-05-22,-0.075318433196762
2001-05-23,-0.0739000155784757
2001-05-24,-0.0725011250848153
2001-05-25,-0.0711126310525123
2001-05-26,-0.0697257845559966
2001-05-27,-0.0683322958348508
2001-05-28,-0.0669244116213193
2001-05-29,-0.0654949923931727
2001-05-30,-0.0640375895771377
2001-05-31,-0.0625465227280035
2001-06-01,-0.0610169567084257
2001-06-02,-0.0594449594151335
2001-06-03,-0.057827481669749
2001-06-04,-0.0561623178557923
2001-06-05,-0.0544480668114942
2001-06-06,-0.0526840929726936
2001-06-07,-0.0508704877601135
2001-06-08,-0.0490080312053269
2001-06-09,-0.047098153809748
2001-06-10,-0.0451428986310026
2001-06-11,-0.0431448835910615
2001-06-12,-0.0411072640005419
2001-06-13,-0.0390336952936171
2001-06-14,-0.0369282959679986
2001-06-15,-0.0347956107244941
2001-06-16,-0.0326405738006727
2001-06-17,-0.0304684724932117
2001-06-18,-0.0282849108635312
2001-06-19,-0.0260957736213693
2001-06-20,-0.0239071901809867
2001-06-21,-0.021725498884738
2001-06-22,-0.019557211388791
2001-06-23,-0.0174089772058222
2001-06-24,-0.0152875483995685
2001-06-25,-0.0131997444261639
2001-06-26,-0.0111524171172464
2001-06-27,-0.0091524157998723
2001-06-28,-0.0072065525483348
2001-06-29,-0.0053215675630417
2001-06-30,-0.0035040946716679
2001-07-01,-0.0017606269478627
2001-07-02,-9.74858671594931e-05
2001-07-03,0.0014791957493296
2001-07-04,0.0029634873532473
2001-07-05,0.0043496743028712
2001-07-06,0.005632271525385
2001-07-07,0.0068060372203724
2001-07-08,0.0078659866173581
2001-07-09,0.0088074058002143
2001-07-10,0.0096258656112513
2001-07-11,0.0103172356478152
2001-07-12,0.0108776983642217
2001-07-13,0.0113037632918694
2001-07-14,0.0115922813903881
2001-07-15,0.0117404595427028
2001-07-16,0.0117458752069125
2001-07-17,0.0116064912379156
2001-07-18,0.0113206708917421
2001-07-19,0.0108871930255925
2001-07-20,0.0103052675066201
2001-07-21,0.0095745508425397
2001-07-22,0.0086951620471941
2001-07-23,0.0076676987542588
2001-07-24,0.0064932535923272
2001-07-25,0.0051734308346733
2001-07-26,0.0037103633370557
2001-07-27,0.002106729776996
2001-07-28,0.0003657722080333
2001-07-29,-0.001508686057462
2001-07-30,-0.0035122222232586
2001-07-31,-0.0056397954282694
2001-08-01,-0.0078857277957633
2001-08-02,-0.0102436965781229
2001-08-03,-0.012706771903632
2001-08-04,-0.0152674660106855
2001-08-05,-0.0179177825911544
2001-08-06,-0.0206492662677852
2001-08-07,-0.0234530522306251
2001-08-08,-0.026319916057596
2001-08-09,-0.0292403237444649
2001-08-10,-0.0322044819695967
2001-08-11,-0.0352023886190169
2001-08-12,-0.038223883597456
2001-08-13,-0.0412586999512014
2001-08-14,-0.0442965153287379
2001-08-15,-0.0473270038053237
2001-08-16,-0.050339888097816
2001-08-17,-0.0533249921962327
2001-08-18,-0.056272294438722
2001-08-19,-0.0591719810567903
2001-08-20,-0.0620145002178374
2001-08-21,-0.0647906165922389
2001-08-22,-0.0674914664724233
2001-08-23,-0.0701086134715978
2001-08-24,-0.0726341048299914
2001-08-25,-0.0750605283567049
2001-08-26,-0.0773810700354852
2001-08-27,-0.0795895723229693
2001-08-28,-0.0816805931681883
2001-08-29,-0.083649465782359
2001-08-30,-0.0854923591882456
2001-08-31,-0.0872063395786293
2001-09-01,-0.0887894325136844
2001-09-02,-0.0902406667859316
2001-09-03,-0.0915600421740048
2001-09-04,-0.0927484778913192
2001-09-05,-0.0938077607114461
2001-09-06,-0.0947404927462532
2001-09-07,-0.0955500388526069
2001-09-08,-0.0962404736431748
2001-09-09,-0.0968165280766008
2001-09-10,-0.0972835356020522
2001-09-11,-0.0976473778328653
2001-09-12,-0.0979144297237314
2001-09-13,-0.0980915042255858
2001-09-14,-0.0981857963920636
2001-09-15,-0.0982048269110977
2001-09-16,-0.0981563850349287
2001-09-17,-0.0980484708814923
2001-09-18,-0.0978892370798363
2001-09-19,-0.0976869297319047
2001-09-20,-0.097449828662701
2001-09-21,-0.0971861869305179
2001-09-22,-0.0969041695685838
2001-09-23,-0.096611791529139
2001-09-24,-0.0963168548006094
2001-09-25,-0.0960268846681936
2001-09-26,-0.0957490650878244
2001-09-27,-0.0954901731431009
2001-09-28,-0.095256512554421
2001-09-29,-0.095053846209168
2001-09-30,-0.0948873276814254
2001-10-01,-0.0947614317093066
2001-10-02,-0.0946799009273136
2001-10-03,-0.0946457610723202
2001-10-04,-0.0946613536969049
2001-10-05,-0.0947283693261315
2001-10-06,-0.094847881069031
2001-10-07,-0.0950203786963162
2001-10-08,-0.0952458031961431
2001-10-09,-0.0955235818200115
2001-10-10,-0.0958526636311834
2001-10-11,-0.096231555568279
2001-10-12,-0.096658359036999
2001-10-13,-0.0971308070432057
2001-10-14,-0.0976463018808875
2001-10-15,-0.0982019533888204
2001-10-16,-0.0987946177900313
2001-10-17,-0.0994209371284649
2001-10-18,-0.100077379317548
2001-10-19,-0.100760278815649
2001-10-20,-0.101465877943719
2001-10-21,-0.102190368860717
2001-10-22,-0.102929936212718
2001-10-23,-0.103680800471906
2001-10-24,-0.104439261981959
2001-10-25,-0.105201745726675
2001-10-26,-0.105964846838944
2001-10-27,-0.106725376867538
2001-10-28,-0.107480410819493
2001-10-29,-0.108227334996154
2001-10-30,-0.108963895641312
2001-10-31,-0.109688248420171
2001-11-01,-0.110399008748195
2001-11-02,-0.111095289749455
2001-11-03,-0.111776687936037
2001-11-04,-0.112443255508855
2001-11-05,-0.11309547231018
2001-11-06,-0.113734217422823
2001-11-07,-0.11436074041068
2001-11-08,-0.11497663219516
2001-11-09,-0.115583795561806
2001-11-10,-0.116184415291203
2001-11-11,-0.116780927908071
2001-11-12,-0.117375991042252
2001-11-13,-0.117972452395063
2001-11-14,-0.118573318304323
2001-11-15,-0.119181721901137
2001-11-16,-0.119800890851323
2001-11-17,-0.120434114674171
2001-11-18,-0.121084711631034
2001-11-19,-0.121755995176027
2001-11-20,-0.122451239960934
2001-11-21,-0.123173647386218
2001-11-22,-0.123926310689829
2001-11-23,-0.124712179565303
2001-11-24,-0.125534024300463
2001-11-25,-0.126394399427822
2001-11-26,-0.127295606877603
2001-11-27,-0.128239658624071
2001-11-28,-0.129228238815719
2001-11-29,-0.130262665379605
2001-11-30,-0.131343851089984
2001-12-01,-0.132472264091143
2001-12-02,-0.133647898106379
2001-12-03,-0.134870283148972
2001-12-04,-0.136138506399066
2001-12-05,-0.137451233103713
2001-12-06,-0.138806727501821
2001-12-07,-0.140202873775858
2001-12-08,-0.141637197032177
2001-12-09,-0.143106884311929
2001-12-10,-0.144608805634551
2001-12-11,-0.146139535075881
2001-12-12,-0.147695371883025
2001-12-13,-0.149272361628115
2001-12-14,-0.150866317403179
2001-12-15,-0.152472841058375
2001-12-16,-0.154087344485891
2001-12-17,-0.155705070951865
2001-12-18,-0.157321116478712
2001-12-19,-0.158930451280289
2001-12-20,-0.160527941252386
2001-12-21,-0.162108369521043
2001-12-22,-0.163666458051255
2001-12-23,-0.165196889318649
2001-12-24,-0.166694328046765
2001-12-25,-0.16815344301259
2001-12-26,-0.169568928923037
2001-12-27,-0.170935528365105
2001-12-28,-0.172248053832451
2001-12-29,-0.173501409831167
2001-12-30,-0.174690615067571
2001-12-31,-0.175810824720835
2002-01-01,-0.176857352803314
2002-01-02,-0.177825690905747
2002-01-03,-0.178711512178181
2002-01-04,-0.179510671527285
2002-01-05,-0.180219205704835
2002-01-06,-0.180833333291503
2002-01-07,-0.181349454579996
2002-01-08,-0.181764151361551
2002-01-09,-0.182074186619702
2002-01-10,-0.182276504135196
2002-01-11,-0.182368228005846
2002-01-12,-0.182346662085087
2002-01-13,-0.182209289342902
2002-01-14,-0.181953771152767
2002-01-15,-0.181577946508178
2002-01-16,-0.181079831172302
2002-01-17,-0.180457616764211
2002-01-18,-0.179709669785136
2002-01-19,-0.178834530588114
2002-01-20,-0.177830912294364
2002-01-21,-0.176697699659676
2002-01-22,-0.175433947894069
2002-01-23,-0.174038881437909
2002-01-24,-0.172511892697662
2002-01-25,-0.170852540744412
2002-01-26,-0.169060549978225
2002-01-27,-0.167135808761426
2002-01-28,-0.165078368023807
2002-01-29,-0.16288843984276
2002-01-30,-0.160566396001289
2002-01-31,-0.158112766526853
2002-02-01,-0.155528238213914
2002-02-02,-0.152813649487684
2002-02-03,-0.149969970770246
2002-02-04,-0.146998281664847
2002-02-05,-0.143899748692479
2002-02-06,-0.140675603573313
2002-02-07,-0.137327122045762
2002-02-08,-0.133855603216182
2002-02-09,-0.130262349432465
2002-02-10,-0.126548646674993
2002-02-11,-0.122715745458661
2002-02-12,-0.118764842239905
2002-02-13,-0.114697061322901
2002-02-14,-0.110513437259321
2002-02-15,-0.106214897736282
2002-02-16,-0.101802246947321
2002-02-17,-0.0972761494414895
2002-02-18,-0.092637114445859
2002-02-19,-0.0878854806569826
2002-02-20,-0.0830214014970631
2002-02-21,-0.0780448308308191
2002-02-22,-0.0729555091392633
2002-02-23,-0.0677529501468309
2002-02-24,-0.0624364278985307
2002-02-25,-0.0570049642840101
2002-02-26,-0.0514573170056596
2002-02-27,-0.0457919679881052
2002-02-28,-0.0400071122266675
2002-03-01,-0.0341006470725928
2002-03-02,-0.0280701712995842
2002-03-03,-0.0219130217617104
2002-03-04,-0.0156263186938367
2002-03-05,-0.0092070100930536
2002-03-06,-0.0026519151962564
2002-03-07,0.0040422329313494
2002-03-08,0.0108787456824254
2002-03-09,0.017860938054348
2002-03-10,0.0249920886430922
2002-03-11,0.0322754004708942
2002-03-12,0.0397139626348121
2002-03-13,0.0473107127636767
2002-03-14,0.0550684002713008
2002-03-15,0.0629895503941856
2002-03-16,0.071076429002336
2002-03-17,0.0793310081721661
2002-03-18,0.0877549325108475
2002-03-19,0.0963494862218222
2002-03-20,0.10511556090157
2002-03-21,0.114053624058086
2002-03-22,0.123163688341903
2002-03-23,0.132445281480841
2002-03-24,0.141897416910047
2002-03-25,0.151518565089265
2002-03-26,0.16130662549961
2002-03-27,0.17125889931252
2002-03-28,0.181372062723911
2002-03-29,0.191642140946926
2002-03-30,0.202064482857038
2002-03-31,0.212633736283639
2002-04-01,0.223343823942611
2002-04-02,0.234187935302459
2002-04-03,0.245158579956402
2002-04-04,0.256247655343769
2002-04-05,0.267446513227832
2002-04-06,0.2787460249556
2002-04-07,0.290136645524648
2002-04-08,0.301608476481552
2002-04-09,0.313151327676055
2002-04-10,0.324754777894596
2002-04-11,0.336408234396389
2002-04-12,0.348100991374766
2002-04-13,0.35982228736604
2002-04-14,0.371561361627697
2002-04-15,0.383307509507258
2002-04-16,0.395050136822719
2002-04-17,0.406778813275021
2002-04-18,0.418483324912549
2002-04-19,0.43015372566724
2002-04-20,0.441780387981423
2002-04-21,0.453354052544077
2002-04-22,0.464865877154773
2002-04-23,0.476307484733116
2002-04-24,0.487671010491092
2002-04-25,0.498949148285274
2002-04-26,0.510135196165451
2002-04-27,0.521223101135767
2002-04-28,0.532207503144102
2002-04-29,0.543083778314935
2002-04-30,0.553848081440582
2002-05-01,0.564497387745218
2002-05-02,0.575029517644392
2002-05-03,0.5854430959424
2002-05-04,0.595737495560443
2002-05-05,0.605912782374879
2002-05-06,0.615969661145444
2002-05-07,0.625909422513746
2002-05-08,0.63573389105271
2002-05-09,0.645445374348068
2002-05-10,0.65504661309338
2002-05-11,0.664540732180472
2002-05-12,0.673931192767554
2002-05-13,0.683221745307692
2002-05-14,0.692416383520688
2002-05-15,0.701519299291795
2002-05-16,0.710534838481116
2002-05-17,0.719467457627853
2002-05-18,0.728321681534043
2002-05-19,0.737102061712702
2002-05-20,0.745813135685751
2002-05-21,0.75445938711742
2002-05-22,0.763045206769245
2002-05-23,0.771574854263102
2002-05-24,0.780052420639127
2002-05-25,0.788481791695726
2002-05-26,0.796866612099237
2002-05-27,0.80521025025121
2002-05-28,0.813515763901577
2002-05-29,0.821785866496422
2002-05-30,0.83002289424935
2002-05-31,0.838228773925886
2002-06-01,0.846404991330636
2002-06-02,0.854552570309867
2002-06-03,0.862672091471257
2002-06-04,0.870763720121597
2002-06-05,0.878827233347674
2002-06-06,0.886862046246709
2002-06-07,0.894867237312367
2002-06-08,0.902841572982067
2002-06-09,0.910783531350953
2002-06-10,0.918691325057549
2002-06-11,0.926562923345823
2002-06-12,0.934396073307996
2002-06-13,0.942188320312153
2002-06-14,0.949937027618316
2002-06-15,0.957639395186362
2002-06-16,0.965292477678771
2002-06-17,0.972893201660905
2002-06-18,0.980438382001128
2002-06-19,0.987924737472782
2002-06-20,0.995348905559644
2002-06-21,1.0027074564662
2002-06-22,1.00999690633366
2002-06-23,1.01721372966237
2002-06-24,1.02435437094088
2002-06-25,1.03141525548152
2002-06-26,1.03839279946217
2002-06-27,1.04528341917338
2002-06-28,1.05208353946966
2002-06-29,1.05878960142356
2002-06-30,1.06539806918055
2002-07-01,1.07190543601269
2002-07-02,1.07830823012456
2002-07-03,1.08460302210204
2002-07-04,1.0907864332328
2002-07-05,1.09685514437678
2002-07-06,1.10280590539944
2002-07-07,1.10863554518071
2002-07-08,1.1143409822128
2002-07-09,1.11991923580064
2002-07-10,1.12536743787829
2002-07-11,1.1306828454557
2002-07-12,1.13586285370985
2002-07-13,1.14090500973492
2002-07-14,1.14580702696633
2002-07-15,1.15056680029369
2002-07-16,1.1551824218781
2002-07-17,1.15965219768948
2002-07-18,1.16397466477994
2002-07-19,1.16814860930942
2002-07-20,1.17217308534022
2002-07-21,1.17604743441737
2002-07-22,1.17977130595206
2002-07-23,1.18334467842556
2002-07-24,1.18676788143172
2002-07-25,1.1900416185761
2002-07-26,1.19316699125037
2002-07-27,1.19614552330079
2002-07-28,1.19897918661023
2002-07-29,1.20167042761307
2002-07-30,1.20422219476314
2002-07-31,1.20663796697504
2002-08-01,1.20892178305943
2002-08-02,1.21107825931112
2002-08-03,1.21311255649413
2002-08-04,1.21503033406447
2002-08-05,1.21683770428062
2002-08-06,1.21854118617021
2002-08-07,1.22014765932138
2002-08-08,1.22166431746697
2002-08-09,1.22309862182983
2002-08-10,1.22445825419711
2002-08-11,1.22575106969145
2002-08-12,1.22698504920674
2002-08-13,1.22816825147598
2002-08-14,1.2293087647385
2002-08-15,1.23041465797381
2002-08-16,1.2314939316689
2002-08-17,1.23255446808586
2002-08-18,1.23360398099624
2002-08-19,1.23464996484851
2002-08-20,1.23569964333475
2002-08-21,1.23675991732225
2002-08-22,1.23783731211575
2002-08-23,1.23893792401559
2002-08-24,1.2400673661368
2002-08-25,1.24123071345387
2002-08-26,1.24243244703582
2002-08-27,1.24367639743561
2002-08-28,1.24496568719783
2002-08-29,1.24630267244824
2002-08-30,1.24768888352838
2002-08-31,1.24912496463814
2002-09-01,1.25061061244891
2002-09-02,1.25214453398893
2002-09-03,1.25372448490353
2002-09-04,1.25534732753444
2002-09-05,1.25700908862362
2002-09-06,1.25870501667621
2002-09-07,1.2604296390173
2002-09-08,1.26217681857726
2002-09-09,1.2639398104401
2002-09-10,1.2657113181895
2002-09-11,1.2674835500871
2002-09-12,1.2692482751175
2002-09-13,1.27099687893458
2002-09-14,1.27272041974364
2002-09-15,1.27440968415408
2002-09-16,1.27605524303689
2002-09-17,1.27764750742202
2002-09-18,1.27917678446984
2002-09-19,1.28063333355176
2002-09-20,1.28200742247467
2002-09-21,1.28328938388395
2002-09-22,1.28446967188017
2002-09-23,1.28553891888433
2002-09-24,1.28648799278693
2002-09-25,1.28730805441586
2002-09-26,1.28799061535868
2002-09-27,1.28852759617461
2002-09-28,1.28891138503179
2002-09-29,1.28913489680572
2002-09-30,1.28919163267458
2002-10-01,1.28907574024751
2002-10-02,1.28878205907747
2002-10-03,1.28830610602921
2002-10-04,1.28764404603796
2002-10-05,1.28679266342635
2002-10-06,1.28574933376601
2002-10-07,1.28451199627022
2002-10-08,1.28307912670444
2002-10-09,1.28144971080138
2002-10-10,1.27962321816771
2002-10-11,1.27759957666962
2002-10-12,1.27537914728433
2002-10-13,1.2729626994053
2002-10-14,1.27035138658846
2002-10-15,1.26754672272754
2002-10-16,1.26455055864607
2002-10-17,1.26136505909442
2002-10-18,1.25799268013986
2002-10-19,1.2544361469381
2002-10-20,1.25069843187464
2002-10-21,1.24678273306473
2002-10-22,1.24269245320048
2002-10-23,1.23843117873414
2002-10-24,1.23400265938639
2002-10-25,1.22941078796884
2002-10-26,1.22465958051004
2002-10-27,1.21975315667412
2002-10-28,1.21469572046179
2002-10-29,1.2094915411831
2002-10-30,1.20414493469176
2002-10-31,1.19866024487068
2002-11-01,1.19304182535882
2002-11-02,1.18729402402754
2002-11-03,1.18142117767424
2002-11-04,1.17542760905947
2002-11-05,1.16931762367963
2002-11-06,1.16309550626221
2002-11-07,1.15676551697066
2002-11-08,1.1503318873054
2002-11-09,1.14379881568789
2002-11-10,1.13717046271403
2002-11-11,1.13045094606343
2002-11-12,1.12364433505064
2002-11-13,1.11675464480449
2002-11-14,1.10978583006133
2002-11-15,1.10274177855805
2002-11-16,1.09562630401028
2002-11-17,1.0884431386613
2002-11-18,1.08119592538675
2002-11-19,1.07388820934023
2002-11-20,1.06652342912454
2002-11-21,1.05910490747328
2002-11-22,1.05163584142708
2002-11-23,1.04411929198883
2002-11-24,1.03655817324172
2002-11-25,1.02895524091407
2002-11-26,1.02131308037416
2002-11-27,1.01363409403879
2002-11-28,1.00592048817814
2002-11-29,0.998174259100185
2002-11-30,0.990397178696909
2002-12-01,0.982590779334747
2002-12-02,0.974756344529458
2002-12-03,0.966894924830705
2002-12-04,0.959007359806641
2002-12-05,0.951094299758064
2002-12-06,0.943156227188246
2002-12-07,0.935193478054498
2002-12-08,0.927206262827426
2002-12-09,0.91919468738379
2002-12-10,0.911158773758801
2002-12-11,0.903098480783632
2002-12-12,0.895013724633917
2002-12-13,0.886904399314934
2002-12-14,0.878770397109164
2002-12-15,0.870611629011924
2002-12-16,0.862428045180722
2002-12-17,0.854219655424034
2002-12-18,0.84598654975517
2002-12-19,0.837728919036968
2002-12-20,0.829447075743034
2002-12-21,0.821141474861332
2002-12-22,0.812812734965937
2002-12-23,0.804461659482865
2002-12-24,0.79608925817591
2002-12-25,0.787696768878549
2002-12-26,0.779285679498018
2002-12-27,0.770857750317776
2002-12-28,0.762415036624682
2002-12-29,0.753959911687305
2002-12-30,0.745495090111931
2002-12-31,0.737023651602936
2003-01-01,0.728549065154362
2003-01-02,0.720075202276677
2003-01-03,0.711606305042901
2003-01-04,0.70314694334448
2003-01-05,0.694701972784772
2003-01-06,0.686276493179526
2003-01-07,0.677875807634002
2003-01-08,0.669505382166599
2003-01-09,0.661170805849068
2003-01-10,0.652877751433623
2003-01-11,0.644631936437436
2003-01-12,0.636439084655216
2003-01-13,0.628304888070746
2003-01-14,0.620234969138445
2003-01-15,0.612234843406168
2003-01-16,0.604309882450631
2003-01-17,0.596465277097012
2003-01-18,0.588706000894385
2003-01-19,0.581036773818825
2003-01-20,0.57346202617611
2003-01-21,0.565985862676091
2003-01-22,0.558612026650902
2003-01-23,0.551343864389277
2003-01-24,0.544184289559349
2003-01-25,0.537135747692386
2003-01-26,0.530200180699991
2003-01-27,0.523378991397377
2003-01-28,0.516673008005366
2003-01-29,0.510082448603855
2003-01-30,0.503606885509486
2003-01-31,0.497245209550342
2003-02-01,0.490995594210492
2003-02-02,0.484855476491351
2003-02-03,0.478821605013392
2003-02-04,0.472890104432638
2003-02-05,0.467056539251909
2003-02-06,0.461315977063023
2003-02-07,0.455663051255937
2003-02-08,0.450092023230655
2003-02-09,0.444596844147551
2003-02-10,0.439171216251599
2003-02-11,0.433808653805833
2003-02-12,0.428502543669236
2003-02-13,0.423246205554111
2003-02-14,0.418032951997853
2003-02-15,0.412856148083928
2003-02-16,0.407709270946759
2003-02-17,0.402585969095112
2003-02-18,0.397480121588471
2003-02-19,0.392385897100821
2003-02-20,0.387297812906179
2003-02-21,0.382210793820124
2003-02-22,0.377120231131555
2003-02-23,0.372022041558808
2003-02-24,0.36691272626425
2003-02-25,0.361789429961435
2003-02-26,0.35665000014885
2003-02-27,0.351493046504287
2003-02-28,0.346318000473867
2003-03-01,0.341125175089704
2003-03-02,0.335915806072622
2003-03-03,0.330692017296379
2003-03-04,0.325456767470692
2003-03-05,0.320213796974448
2003-03-06,0.314967574806285
2003-03-07,0.309723245619722
2003-03-08,0.304486576809952
2003-03-09,0.299263905619356
2003-03-10,0.294062086228741
2003-03-11,0.28888843680122
2003-03-12,0.283750686445569
2003-03-13,0.27865692206583
2003-03-14,0.273615535063789
2003-03-15,0.268635167860894
2003-03-16,0.263724660206023
2003-03-17,0.258892995235418
2003-03-18,0.254149245250947
2003-03-19,0.249502517182725
2003-03-20,0.244961897701968
2003-03-21,0.240536397949795
2003-03-22,0.236234897847526
2003-03-23,0.232066089953846
2003-03-24,0.228038422834023
2003-03-25,0.224160043906152
2003-03-26,0.220438741729228
2003-03-27,0.216881887697607
2003-03-28,0.213496377106198
2003-03-29,0.210288569550519
2003-03-30,0.207264228625474
2003-03-31,0.204428460886488
2003-04-01,0.201785654036365
2003-04-02,0.199339430215133
2003-04-03,0.197092662305686
2003-04-04,0.195047506316923
2003-04-05,0.193205434158065
2003-04-06,0.191567266836279
2003-04-07,0.190133208109958
2003-04-08,0.188902878630346
2003-04-09,0.187875350604425
2003-04-10,0.187049183012347
2003-04-11,0.186422457412938
2003-04-12,0.185992814371178
2003-04-13,0.185757490541874
2003-04-14,0.185713356444062
2003-04-15,0.185856954961093
2003-04-16,0.186184540601644
2003-04-17,0.186692119557339
2003-04-18,0.187375490593027
2003-04-19,0.188230286806149
2003-04-20,0.189252018292072
2003-04-21,0.190436115752664
2003-04-22,0.191777975085831
2003-04-23,0.193273002994179
2003-04-24,0.194916663651422
2003-04-25,0.196704526465635
2003-04-26,0.19863231497892
2003-04-27,0.200695956943553
2003-04-28,0.202891635615201
2003-04-29,0.205215842304278
2003-04-30,0.207665430227084
2003-05-01,0.210237669698888
2003-05-02,0.212930289234773
2003-05-03,0.215741455884075
2003-05-04,0.218669740112529
2003-05-05,0.221714080399189
2003-05-06,0.224873747511544
2003-05-07,0.228148308422056
2003-05-08,0.231537589829136
2003-05-09,0.235041641245385
2003-05-10,0.238660697615675
2003-05-11,0.242395141427439
2003-05-12,0.246245464275269
2003-05-13,0.250212227841669
2003-05-14,0.254296024255545
2003-05-15,0.258497435789705
2003-05-16,0.262816993858371
2003-05-17,0.26725513727538
2003-05-18,0.271812169733427
2003-05-19,0.276488216464365
2003-05-20,0.281283180040247
2003-05-21,0.286196695274403
2003-05-22,0.291228083181497
2003-05-23,0.296376303955094
2003-05-24,0.30163990892091
2003-05-25,0.307016991423444
2003-05-26,0.312505136603314
2003-05-27,0.318101370022162
2003-05-28,0.323802105091522
2003-05-29,0.329603089261612
2003-05-30,0.335499348925496
2003-05-31,0.341485132993589
2003-06-01,0.347553855092972
2003-06-02,0.353698056045119
2003-06-03,0.359909451875225
2003-06-04,0.366179003026167
2003-06-05,0.372496983311472
2003-06-06,0.378853048656704
2003-06-07,0.38523630567864
2003-06-08,0.391635380151621
2003-06-09,0.398038485410473
2003-06-10,0.404433490739417
2003-06-11,0.410807989796441
2003-06-12,0.417149369122647
2003-06-13,0.423444876786175
2003-06-14,0.42968169121037
2003-06-15,0.435846990235971
2003-06-16,0.441928020467218
2003-06-17,0.447912166951875
2003-06-18,0.453787023245331
2003-06-19,0.459540461909098
2003-06-20,0.465160705494161
2003-06-21,0.470636398059869
2003-06-22,0.475956677279203
2003-06-23,0.481111247181512
2003-06-24,0.48609045158399
2003-06-25,0.490885348263463
2003-06-26,0.495487783920243
2003-06-27,0.49989046998614
2003-06-28,0.504087059328961
2003-06-29,0.508072223906139
2003-06-30,0.511841733420452
2003-07-01,0.515392535031108
2003-07-02,0.518722808667148
2003-07-03,0.52183192133461
2003-07-04,0.524720356405524
2003-07-05,0.527389643225168
2003-07-06,0.529842286993408
2003-07-07,0.532081698875922
2003-07-08,0.534112126301116
2003-07-09,0.535938583398505
2003-07-10,0.537566781534298
2003-07-11,0.539003059899878
2003-07-12,0.540254316108817
2003-07-13,0.541327936757989
2003-07-14,0.542231727908258
2003-07-15,0.542973845440145
2003-07-16,0.543562725239745
2003-07-17,0.544007013170069
2003-07-18,0.544315494782851
2003-07-19,0.544497024725719
2003-07-20,0.544560455799474
2003-07-21,0.544514567620063
2003-07-22,0.544367994839659
2003-07-23,0.544129154881055
2003-07-24,0.543806175139398
2003-07-25,0.543406819605079
2003-07-26,0.542938414861349
2003-07-27,0.542407775410014
2003-07-28,0.541821128278318
2003-07-29,0.541184036859837
2003-07-30,0.540501323941972
2003-07-31,0.539776993872298
2003-08-01,0.539014153815788
2003-08-02,0.538214954965237
2003-08-03,0.537380616581993
2003-08-04,0.536511470873793
2003-08-05,0.53560700800838
2003-08-06,0.534665921291646
2003-08-07,0.533686152539197
2003-08-08,0.532664937670427
2003-08-09,0.531598852554363
2003-08-10,0.53048385913675
2003-08-11,0.529315351878044
2003-08-12,0.528088204532191
2003-08-13,0.526796817296288
2003-08-14,0.525435164361445
2003-08-15,0.523996841895414
2003-08-16,0.52247511648778
2003-08-17,0.52086297408876
2003-08-18,0.519153169472933
2003-08-19,0.517338276259461
2003-08-20,0.515410737520661
2003-08-21,0.513362917011064
2003-08-22,0.511187151049379
2003-08-23,0.5088758010861
2003-08-24,0.506421306989783
2003-08-25,0.503816241085348
2003-08-26,0.501053362978086
2003-08-27,0.498125675197381
2003-08-28,0.495026479694512
2003-08-29,0.491749435229229
2003-08-30,0.488288615680187
2003-08-31,0.484638569314665
2003-09-01,0.480794379053399
2003-09-02,0.476751715023032
2003-09-03,0.472506852852133
2003-09-04,0.468056682574598
2003-09-05,0.463398716542125
2003-09-06,0.458531096347054
2003-09-07,0.453452598756329
2003-09-08,0.448162640656859
2003-09-09,0.442661283012007
2003-09-10,0.436949233828439
2003-09-11,0.431027850132041
2003-09-12,0.424899138951096
2003-09-13,0.418565757304393
2003-09-14,0.412031011191431
2003-09-15,0.405298853581337
2003-09-16,0.398373881396619
2003-09-17,0.391261331487334
2003-09-18,0.383967075590742
2003-09-19,0.376497614270958
2003-09-20,0.368860069832642
2003-09-21,0.361062178202158
2003-09-22,0.353112279769179
2003-09-23,0.345019309181126
2003-09-24,0.336792784082303
2003-09-25,0.328442792789072
2003-09-26,0.319979980891839
2003-09-27,0.311415536774098
2003-09-28,0.302761176038222
2003-09-29,0.294029124827138
2003-09-30,0.285232102030483
2003-10-01,0.276383300363255
2003-10-02,0.267496357607998
2003-10-03,0.258585292450849
2003-10-04,0.24966443311415
2003-10-05,0.240748347980016
2003-10-06,0.231851778166407
2003-10-07,0.222989572018152
2003-10-08,0.214176621476151
2003-10-09,0.205427800288839
2003-10-10,0.196757904030799
2003-10-11,0.188181591894229
2003-10-12,0.179713330219738
2003-10-13,0.171367337733792
2003-10-14,0.163157532460838
2003-10-15,0.155097480278996
2003-10-16,0.147200345088897
2003-10-17,0.139478840566059
2003-10-18,0.131945183467923
2003-10-19,0.124611048467421
2003-10-20,0.117487524485688
2003-10-21,0.110585072497255
2003-10-22,0.103913484781799
2003-10-23,0.0974818455972263
2003-10-24,0.0912984932495988
2003-10-25,0.0853709835360911
2003-10-26,0.0797060545378948
2003-10-27,0.0743095927406575
2003-10-28,0.0691866004607452
2003-10-29,0.0643411645562912
2003-10-30,0.0597764264026737
2003-10-31,0.0554945531127369
2003-11-01,0.0514967099827326
2003-11-02,0.047783048777716
2003-11-03,0.0443527551985259
2003-11-04,0.0412041094803565
2003-11-05,0.038334544983383
2003-11-06,0.0357407048130262
2003-11-07,0.0334184965066602
2003-11-08,0.0313631448228024
2003-11-09,0.029569242668061
2003-11-10,0.0280308001963716
2003-11-11,0.0267412921143091
2003-11-12,0.025693703225532
2003-11-13,0.0248805722466962
2003-11-14,0.0242940339264602
2003-11-15,0.0239258594985014
2003-11-16,0.023767495498767
2003-11-17,0.0238101009764987
2003-11-18,0.0240445831278921
2003-11-19,0.0244616313805799
2003-11-20,0.0250517499564731
2003-11-21,0.0258052889398356
2003-11-22,0.0267124738768282
2003-11-23,0.0277634339321185
2003-11-24,0.0289482286275271
2003-11-25,0.0302568731870585
2003-11-26,0.0316793625120524
2003-11-27,0.0332056938095882
2003-11-28,0.034825887896673
2003-11-29,0.0365300092021589
2003-11-30,0.0383081844877472
2003-12-01,0.040150620308865
2003-12-02,0.042047616860536
2003-12-03,0.043989571487181
2003-12-04,0.0459669805343186
2003-12-05,0.04797044229739
2003-12-06,0.0499906610589613
2003-12-07,0.0520184522060291
2003-12-08,0.0540447484196233
2003-12-09,0.0560606069293675
2003-12-10,0.0580572178261166
2003-12-11,0.0600259134262483
2003-12-12,0.0619581786816396
2003-12-13,0.0638456626298059
2003-12-14,0.0656801908791288
2003-12-15,0.0674537791245392
2003-12-16,0.0691586476894602
2003-12-17,0.0707872370902501
2003-12-18,0.0723322246198182
2003-12-19,0.0737865419475115
2003-12-20,0.0751433937327994
2003-12-21,0.0763962772507015
2003-12-22,0.0775390030273248
2003-12-23,0.0785657164842919
2003-12-24,0.0794709205912539
2003-12-25,0.0802494995260921
2003-12-26,0.0808967433428185
2003-12-27,0.0814083736475924
2003-12-28,0.081780570283667
2003-12-29,0.0820099990264844
2003-12-30,0.0820938402905281
2003-12-31,0.0820298188499407
2004-01-01,0.0818162345753028
2004-01-02,0.0814519873685741
2004-01-03,0.0809365755035532
2004-01-04,0.0802700865035854
2004-01-05,0.0794531870461017
2004-01-06,0.0784871118955887
2004-01-07,0.0773736518660921
2004-01-08,0.0761151408138567
2004-01-09,0.0747144416602051
2004-01-10,0.0731749314442679
2004-01-11,0.0715004854046753
2004-01-12,0.0696954600888358
2004-01-13,0.0677646754879278
2004-01-14,0.0657133961952451
2004-01-15,0.0635473115850445
2004-01-16,0.0612725150085563
2004-01-17,0.0588954820033303
2004-01-18,0.0564230475116017
2004-01-19,0.0538623821028778
2004-01-20,0.051220967195457
2004-01-21,0.0485065692711081
2004-01-22,0.0457272130766521
2004-01-23,0.0428911538057046
2004-01-24,0.0400068482533505
2004-01-25,0.0370829249360395
2004-01-26,0.0341281531685053
2004-01-27,0.0311514110890272
2004-01-28,0.0281616526238665
2004-01-29,0.0251678733812252
2004-01-30,0.0221790754645902
2004-01-31,0.0192042311948359
2004-02-01,0.0162522457299753
2004-02-02,0.013331919965796
2004-02-03,0.01045191834517
2004-02-04,0.0076207392014904
2004-02-05,0.0048466866892576
2004-02-06,0.002137844295904
2004-02-07,-0.0004979500703274
2004-02-08,-0.0030531274209062
2004-02-09,-0.0055204094596668
2004-02-10,-0.007892828790586
2004-02-11,-0.0101637475629509
2004-02-12,-0.0123268745554509
2004-02-13,-0.0143762806999892
2004-02-14,-0.0163064130452791
2004-02-15,-0.018112107159546
2004-02-16,-0.0197885979709225
2004-02-17,-0.0213315290433778
2004-02-18,-0.0227369602852806
2004-02-19,-0.0240013740869474
2004-02-20,-0.0251216798827804
2004-02-21,-0.0260952171328456
2004-02-22,-0.0269197567179889
2004-02-23,-0.0275935007418307
2004-02-24,-0.0281150807322163
2004-02-25,-0.0284835542339396
2004-02-26,-0.0286983997837871
2004-02-27,-0.0287595102581797
2004-02-28,-0.0286671845829136
2004-02-29,-0.0284221177937257
2004-03-01,-0.0280253894356251
2004-03-02,-0.0274784454066145
2004-03-03,-0.0267830591535188
2004-03-04,-0.0259412891169389
2004-03-05,-0.0249554378732347
2004-03-06,-0.0238280129775246
2004-03-07,-0.0225616895124138
2004-03-08,-0.0211592743479026
2004-03-09,-0.0196236721186661
2004-03-10,-0.0179578529256493
2004-03-11,-0.0161648217696762
2004-03-12,-0.0142475897255365
2004-03-13,-0.0122091468657847
2004-03-14,-0.0100524369442663
2004-03-15,-0.0077803338501704
2004-03-16,-0.0053956198442044
2004-03-17,-0.0029009655892878
2004-03-18,-0.0002989119889726
2004-03-19,0.0024081461523837
2004-03-20,0.005217974632839
2004-03-21,0.008128512503792
2004-03-22,0.0111378828520814
2004-03-23,0.0142444016958694
2004-03-24,0.0174465849760645
2004-03-25,0.0207431536241621
2004-03-26,0.0241330366865035
2004-03-27,0.027615372484063
2004-03-28,0.0311895077859731
2004-03-29,0.0348549949740873
2004-03-30,0.0386115871749631
2004-03-31,0.042459231334713
2004-04-01,0.046398059211237
2004-04-02,0.0504283723743023
2004-04-03,0.0545506101867296
2004-04-04,0.0587653149948932
2004-04-05,0.0630730990703347
2004-04-06,0.0674746133193087
2004-04-07,0.0719705177778592
2004-04-08,0.0765614539108154
2004-04-09,0.081248018733899
2004-04-10,0.0860307407789493
2004-04-11,0.0909100579230996
2004-04-12,0.0958862971035764
2004-04-13,0.100959655940643
2004-04-14,0.106130186292075
2004-04-15,0.111397779763429
2004-04-16,0.116762155199252
2004-04-17,0.122222848181285
2004-04-18,0.127779202560635
2004-04-19,0.133430364051792
2004-04-20,0.139175275917346
2004-04-21,0.145012676773178
2004-04-22,0.150941100544897
2004-04-23,0.156958878607257
2004-04-24,0.163064144139297
2004-04-25,0.169254838728948
2004-04-26,0.175528721261884
2004-04-27,0.181883379130444
2004-04-28,0.188316241799475
2004-04-29,0.194824596767055
2004-04-30,0.201405607959114
2004-05-01,0.208056336598084
2004-05-02,0.214773764735152
2004-05-03,0.221554821251112
2004-05-04,0.228396407185144
2004-05-05,0.235295419556745
2004-05-06,0.242248773666686
2004-05-07,0.249253423862201
2004-05-08,0.256306382750898
2004-05-09,0.263404738847239
2004-05-10,0.270545672634668
2004-05-11,0.277726471025805
2004-05-12,0.284944540202365
2004-05-13,0.292197416815744
2004-05-14,0.299482777528456
2004-05-15,0.306798446875875
2004-05-16,0.31414240342693
2004-05-17,0.321512784221671
2004-05-18,0.328907887462809
2004-05-19,0.33632617343754
2004-05-20,0.343766263645168
2004-05-21,0.35122693810521
2004-05-22,0.358707130819844
2004-05-23,0.366205923363713
2004-05-24,0.373722536573262
2004-05-25,0.381256320306892
2004-05-26,0.38880674124637
2004-05-27,0.396373368709023
2004-05-28,0.403955858439357
2004-05-29,0.411553934347829
2004-05-30,0.419167368163561
2004-05-31,0.426795956966863
2004-06-01,0.43443949856649
2004-06-02,0.442097764248305
2004-06-03,0.449770468161649
2004-06-04,0.457457237083913
2004-06-05,0.465157581610098
2004-06-06,0.472870868768842
2004-06-07,0.480596296067087
2004-06-08,0.488332866966166
2004-06-09,0.496079367792797
2004-06-10,0.503834346089081
2004-06-11,0.511596090406314
2004-06-12,0.519362611548067
2004-06-13,0.527131625268665
2004-06-14,0.534900536433897
2004-06-15,0.542666424651453
2004-06-16,0.550426031379288
2004-06-17,0.5581757485208
2004-06-18,0.56591160851643
2004-06-19,0.573629275941975
2004-06-20,0.581324040624638
2004-06-21,0.588990812288548
2004-06-22,0.596624116742215
2004-06-23,0.60421809362111
2004-06-24,0.611766495699307
2004-06-25,0.619262689784858
2004-06-26,0.626699659214329
2004-06-27,0.634070007962691
2004-06-28,0.641365966385505
2004-06-29,0.648579398611127
2004-06-30,0.655701811601439
2004-07-01,0.662724365900387
2004-07-02,0.669637896813057
2004-07-03,0.676432971614409
2004-07-04,0.683099954282283
2004-07-05,0.689629068462794
2004-07-06,0.696010458687697
2004-07-07,0.702234249862531
2004-07-08,0.708290605043622
2004-07-09,0.714169781521232
2004-07-10,0.719862185225399
2004-07-11,0.725358423470252
2004-07-12,0.730649356051821
2004-07-13,0.735726144713612
2004-07-14,0.740580300993465
2004-07-15,0.745203732464433
2004-07-16,0.749588787381689
2004-07-17,0.753728297746702
2004-07-18,0.757615620799162
2004-07-19,0.761244678946375
2004-07-20,0.764609998139108
2004-07-21,0.767706744702082
2004-07-22,0.770530760626562
2004-07-23,0.773078597331747
2004-07-24,0.775347547900868
2004-07-25,0.777335677797174
2004-07-26,0.779041854064193
2004-07-27,0.780465773013918
2004-07-28,0.781607986405759
2004-07-29,0.782469926118389
2004-07-30,0.783053927315774
2004-07-31,0.783363250107964
2004-08-01,0.783402099706399
2004-08-02,0.783175629686404
2004-08-03,0.782689882730597
2004-08-04,0.781951717143961
2004-08-05,0.780968735040171
2004-08-06,0.779749212174703
2004-08-07,0.778302029400928
2004-08-08,0.776636605726016
2004-08-09,0.77476283294413
2004-08-10,0.772691011825019
2004-08-11,0.770431789836769
2004-08-12,0.76799610038209
2004-08-13,0.765395103528176
2004-08-14,0.762640128210769
2004-08-15,0.759742615893735
2004-08-16,0.756714065666044
2004-08-17,0.753565980758704
2004-08-18,0.750309816464813
2004-08-19,0.746956929446519
2004-08-20,0.743518528413299
2004-08-21,0.740005626156598
2004-08-22,0.736428992926484
2004-08-23,0.732799111136595
2004-08-24,0.729126131384288
2004-08-25,0.725419829773491
2004-08-26,0.721689566528425
2004-08-27,0.71794424588692
2004-08-28,0.714192277262731
2004-08-29,0.710441537666837
2004-08-30,0.706699335378337
2004-08-31,0.702972374856189
2004-09-01,0.69926672288363
2004-09-02,0.695587787372424
2004-09-03,0.691940342815104
2004-09-04,0.688328566841834
2004-09-05,0.68475607614518
2004-09-06,0.681225961782091
2004-09-07,0.677740823862193
2004-09-08,0.674302805631273
2004-09-09,0.670913626958615
2004-09-10,0.667574617236675
2004-09-11,0.664286747701309
2004-09-12,0.661050663180612
2004-09-13,0.657866713280187
2004-09-14,0.654734983012439
2004-09-15,0.651655322877312
2004-09-16,0.648627378401633
2004-09-17,0.645650619144053
2004-09-18,0.64272436717231
2004-09-19,0.639847825019398
2004-09-20,0.63702010312492
2004-09-21,0.63424024676778
2004-09-22,0.631507262496075
2004-09-23,0.628820144059885
2004-09-24,0.626177897852419
2004-09-25,0.623579567864754
2004-09-26,0.621024260159203
2004-09-27,0.61851116686611
2004-09-28,0.616039589708668
2004-09-29,0.613608963060119
2004-09-30,0.611218876537486
2004-10-01,0.608869097135757
2004-10-02,0.606559585911224
2004-10-03,0.604290494285772
2004-10-04,0.602062155173444
2004-10-05,0.599875073978924
2004-10-06,0.597729919468799
2004-10-07,0.595627514516374
2004-10-08,0.59356882672073
2004-10-09,0.591554958900657
2004-10-10,0.589587139464017
2004-10-11,0.587666712653001
2004-10-12,0.585795128665714
2004-10-13,0.583973933654413
2004-10-14,0.582204759600667
2004-10-15,0.580489314067672
2004-10-16,0.578829369829836
2004-10-17,0.577226754379731
2004-10-18,0.575683339312424
2004-10-19,0.574201029587145
2004-10-20,0.572781752666179
2004-10-21,0.571427447530843
2004-10-22,0.570140053574294
2004-10-23,0.568921499370931
2004-10-24,0.567773691322022
2004-10-25,0.566698502177206
2004-10-26,0.5656977594314
2004-10-27,0.564773233596652
2004-10-28,0.563926626348379
2004-10-29,0.563159558545412
2004-10-30,0.562473558123201
2004-10-31,0.561870047859517
2004-11-01,0.561350333011891
2004-11-02,0.560915590747792
2004-11-03,0.560566867178108
2004-11-04,0.560305076411078
2004-11-05,0.560130999743602
2004-11-06,0.560045284981139
2004-11-07,0.56004844587753
2004-11-08,0.560140861686117
2004-11-09,0.56032277681361
2004-11-10,0.560594300568203
2004-11-11,0.560955406993526
2004-11-12,0.561405934780023
2004-11-13,0.561945587245462
2004-11-14,0.562573932376266
2004-11-15,0.563290402921449
2004-11-16,0.564094296530942
2004-11-17,0.564984775930149
2004-11-18,0.565960869122612
2004-11-19,0.567021469612665
2004-11-20,0.568165336640011
2004-11-21,0.56939109541816
2004-11-22,0.570697237368685
2004-11-23,0.572082120343278
2004-11-24,0.573543968825584
2004-11-25,0.575080874104802
2004-11-26,0.576690794413058
2004-11-27,0.578371555018529
2004-11-28,0.580120848266316
2004-11-29,0.581936233559053
2004-11-30,0.583815137269204
2004-12-01,0.585754852575026
2004-12-02,0.587752540863145
2004-12-03,0.589805239659787
2004-12-04,0.591909872202631
2004-12-05,0.594063257035218
2004-12-06,0.596262117644687
2004-12-07,0.598503092163591
2004-12-08,0.600782743156616
2004-12-09,0.603097567513055
2004-12-10,0.605444006465961
2004-12-11,0.607818455758954
2004-12-12,0.610217275981729
2004-12-13,0.612636803095417
2004-12-14,0.615073359168997
2004-12-15,0.617523263348093
2004-12-16,0.619982843077575
2004-12-17,0.622448445599503
2004-12-18,0.624916449748072
2004-12-19,0.627383278063344
2004-12-20,0.629845409245698
2004-12-21,0.632299390973076
2004-12-22,0.634741853103242
2004-12-23,0.63716952128346
2004-12-24,0.63957923099014
2004-12-25,0.641967942021218
2004-12-26,0.644332753464184
2004-12-27,0.646670919162896
2004-12-28,0.648979863706522
2004-12-29,0.651257198964152
2004-12-30,0.653500741188863
2004-12-31,0.655708528715233
2005-01-01,0.657878840274566
2005-01-02,0.66001020743524
2005-01-03,0.662101401558911
2005-01-04,0.66415141450728
2005-01-05,0.666159439508777
2005-01-06,0.668124852150364
2005-01-07,0.670047191459699
2005-01-08,0.671926141042915
2005-01-09,0.673761510243281
2005-01-10,0.675553215285986
2005-01-11,0.677301260374304
2005-01-12,0.679005718702316
2005-01-13,0.680666713349352
2005-01-14,0.682284398021254
2005-01-15,0.683858937603449
2005-01-16,0.685390488490797
2005-01-17,0.686879178659012
2005-01-18,0.688325087442396
2005-01-19,0.689728224982451
2005-01-20,0.691088511311837
2005-01-21,0.692405755037943
2005-01-22,0.693679631590228
2005-01-23,0.694909660995238
2005-01-24,0.696095185143079
2005-01-25,0.697235344508866
2005-01-26,0.698329054292472
2005-01-27,0.699374979939661
2005-01-28,0.700371512007437
2005-01-29,0.701316740336176
2005-01-30,0.70220842749084
2005-01-31,0.703043981433273
2005-02-01,0.703820427387279
2005-02-02,0.704534391446186
2005-02-03,0.705182133655749
2005-02-04,0.705759592810812
2005-02-05,0.706262430421284
2005-02-06,0.706686073899492
2005-02-07,0.70702575902065
2005-02-08,0.707276571707901
2005-02-09,0.707433489193086
2005-02-10,0.707491420604162
2005-02-11,0.707445247029924
2005-02-12,0.707289861112484
2005-02-13,0.707020206217723
2005-02-14,0.706631315233773
2005-02-15,0.706118349047403
2005-02-16,0.705476634748017
2005-02-17,0.704701703608847
2005-02-18,0.703789328894821
2005-02-19,0.70273556354644
2005-02-20,0.701536777788966
2005-02-21,0.700189696716125
2005-02-22,0.698691437897477
2005-02-23,0.697039549058613
2005-02-24,0.695232045883258
2005-02-25,0.693267449986447
2005-02-26,0.691144827107877
2005-02-27,0.688863825574644
2005-02-28,0.686424715082593
2005-03-01,0.683828425845593
2005-03-02,0.681076571418503
2005-03-03,0.678171405135432
2005-03-04,0.675115760920487
2005-03-05,0.671912995310538
2005-03-06,0.668566930647827
2005-03-07,0.665081799400766
2005-03-08,0.661462189571682
2005-03-09,0.65771299115072
2005-03-10,0.653839343575534
2005-03-11,0.649846584156808
2005-03-12,0.645740197430046
2005-03-13,0.641525765394475
2005-03-14,0.637208918600263
2005-03-15,0.632795288045634
2005-03-16,0.628290457845814
2005-03-17,0.62369991863608
2005-03-18,0.619029021671535
2005-03-19,0.614282933586514
2005-03-20,0.609466591776897
2005-03-21,0.60458466036884
2005-03-22,0.599641486737768
2005-03-23,0.594641058541729
2005-03-24,0.589586961233497
2005-03-25,0.584482336016022
2005-03-26,0.579329838206135
2005-03-27,0.574131595971591
2005-03-28,0.568889169406788
2005-03-29,0.563603509912707
2005-03-30,0.55827491984682
2005-03-31,0.552903012408894
2005-04-01,0.547486671728827
2005-04-02,0.542024032661252
2005-04-03,0.536512538640779
2005-04-04,0.530949018048319
2005-04-05,0.525329759345481
2005-04-06,0.51965058501145
2005-04-07,0.51390692431633
2005-04-08,0.508093884964446
2005-04-09,0.502206323640656
2005-04-10,0.496238915492256
2005-04-11,0.490186222578643
2005-04-12,0.484042761320429
2005-04-13,0.477803068979294
2005-04-14,0.471461769199434
2005-04-15,0.46501363664102
2005-04-16,0.458453660735699
2005-04-17,0.451777108593731
2005-04-18,0.444979587091975
2005-04-19,0.438057104171529
2005-04-20,0.431006129373432
2005-04-21,0.423823653640465
2005-04-22,0.416507248412685
2005-04-23,0.409055124043971
2005-04-24,0.401466187566486
2005-04-25,0.393740099829569
2005-04-26,0.385877332039254
2005-04-27,0.377879221724219
2005-04-28,0.36974802815363
2005-04-29,0.361486987232018
2005-04-30,0.353100365895942
2005-05-01,0.344593516036907
2005-05-02,0.335972902875797
2005-05-03,0.327246032793373
2005-05-04,0.318421357035046
2005-05-05,0.309508176635584
2005-05-06,0.300516548522951
2005-05-07,0.291457192760841
2005-05-08,0.282341400889954
2005-05-09,0.273180945328413
2005-05-10,0.263987989792173
2005-05-11,0.25477500069664
2005-05-12,0.245554659501123
2005-05-13,0.236339775958123
2005-05-14,0.227143202229849
2005-05-15,0.217977747834698
2005-05-16,0.208856095386842
2005-05-17,0.199790717092379
2005-05-18,0.190793791965881
2005-05-19,0.18187712373153
2005-05-20,0.173052059373337
2005-05-21,0.164329408299297
2005-05-22,0.155719362084664
2005-05-23,0.147231414759836
2005-05-24,0.138874283608657
2005-05-25,0.130655830443264
2005-05-26,0.122582983321909
2005-05-27,0.11466165867646
2005-05-28,0.106896683816613
2005-05-29,0.0992917197781149
2005-05-30,0.0918491844825662
2005-05-31,0.0845701761766814
2005-06-01,0.0774543971191226
2005-06-02,0.0705001059585365
2005-06-03,0.0637041840019799
2005-06-04,0.0570622291491623
2005-06-05,0.0505686488555153
2005-06-06,0.0442167521701671
2005-06-07,0.0379988408946264
2005-06-08,0.0319062999077204
2005-06-09,0.0259296867020741
2005-06-10,0.0200588201771783
2005-06-11,0.0142828687338577
2005-06-12,0.0085904377147272
2005-06-13,0.0029696562350076
2005-06-14,-0.0025917365521317
2005-06-15,-0.0081063057117322
2005-06-16,-0.0135868352609234
2005-06-17,-0.0190462433369105
2005-06-18,-0.0244974977556341
2005-06-19,-0.0299535319178193
2005-06-20,-0.0354271610192827
2005-06-21,-0.0409309985225045
2005-06-22,-0.0464773728466042
2005-06-23,-0.0520782442329777
2005-06-24,-0.057745121743966
2005-06-25,-0.0634889803520302
2005-06-26,-0.0693201780769976
2005-06-27,-0.0752483731290301
2005-06-28,-0.0812824410150406
2005-06-29,-0.0874303915663483
2005-06-30,-0.0936992858454225
2005-07-01,-0.10009515288961
2005-07-02,-0.106622928541215
2005-07-03,-0.113286483154507
2005-07-04,-0.120088671108697
2005-07-05,-0.127031379812364
2005-07-06,-0.134115578229962
2005-07-07,-0.141341364960966
2005-07-08,-0.148708015902094
2005-07-09,-0.156214031522984
2005-07-10,-0.163857183785606
2005-07-11,-0.171634562737645
2005-07-12,-0.179542622810007
2005-07-13,-0.187577228848574
2005-07-14,-0.19573370191027
2005-07-15,-0.20400686485347
2005-07-16,-0.212391087752758
2005-07-17,-0.220880333168029
2005-07-18,-0.229468201297894
2005-07-19,-0.238147975047371
2005-07-20,-0.246912665039829
2005-07-21,-0.25575505460318
2005-07-22,-0.26466774476032
2005-07-23,-0.273643199253854
2005-07-24,-0.282673789635189
2005-07-25,-0.291751840448104
2005-07-26,-0.300869674536963
2005-07-27,-0.31001965850982
2005-07-28,-0.319194248386701
2005-07-29,-0.328386035463448
2005-07-30,-0.337587792421587
2005-07-31,-0.346792519714786
2005-08-01,-0.355993492262547
2005-08-02,-0.365184296512338
2005-08-03,-0.374358827952228
2005-08-04,-0.383511278846415
2005-08-05,-0.39263612611841
2005-08-06,-0.401728119370027
2005-08-07,-0.410782269024336
2005-08-08,-0.419793834580756
2005-08-09,-0.428758312970503
2005-08-10,-0.437671427000602
2005-08-11,-0.446529113874696
2005-08-12,-0.455327513778902
2005-08-13,-0.464062958520928
2005-08-14,-0.472731960210728
2005-08-15,-0.481331199970903
2005-08-16,-0.489857516665093
2005-08-17,-0.498307895632581
2005-08-18,-0.506679457417292
2005-08-19,-0.514969446479399
2005-08-20,-0.523175219877665
2005-08-21,-0.531294235910673
2005-08-22,-0.539324042705034
2005-08-23,-0.547262266738644
2005-08-24,-0.555106601287002
2005-08-25,-0.562854794780591
2005-08-26,-0.570504639061232
2005-08-27,-0.578053957525313
2005-08-28,-0.585500593141708
2005-08-29,-0.59284239633216
2005-08-30,-0.600077212701825
2005-08-31,-0.607202870607618
2005-09-01,-0.614217168551925
2005-09-02,-0.621117864570555
2005-09-03,-0.62790267424502
2005-09-04,-0.634569271179271
2005-09-05,-0.641115287859387
2005-09-06,-0.64753831690047
2005-09-07,-0.653835912685235
2005-09-08,-0.660005593398922
2005-09-09,-0.666044843465338
2005-09-10,-0.671951116389058
2005-09-11,-0.677721838008937
2005-09-12,-0.683354410168348
2005-09-13,-0.688846214807665
2005-09-14,-0.69419461848479
2005-09-15,-0.699396977329629
2005-09-16,-0.704450642438695
2005-09-17,-0.709352965716153
2005-09-18,-0.71410130616786
2005-09-19,-0.71869303665513
2005-09-20,-0.723125551115184
2005-09-21,-0.727396272255422
2005-09-22,-0.731502659728885
2005-09-23,-0.735442218798473
2005-09-24,-0.739212509497711
2005-09-25,-0.742811156296051
2005-09-26,-0.746235858276946
2005-09-27,-0.749484399837119
2005-09-28,-0.752554661915698
2005-09-29,-0.755444633762108
2005-09-30,-0.758152425251836
2005-10-01,-0.76067627975941
2005-10-02,-0.763014590150621
2005-10-03,-0.765165925281711
2005-10-04,-0.767129058240768
2005-10-05,-0.768902993508868
2005-10-06,-0.770486993049785
2005-10-07,-0.771880601336548
2005-10-08,-0.773083669322648
2005-10-09,-0.774096377365156
2005-10-10,-0.774919257106567
2005-10-11,-0.77555321232162
2005-10-12,-0.775999538734889
2005-10-13,-0.776259942814421
2005-10-14,-0.776336559546179
2005-10-15,-0.776231969193574
2005-10-16,-0.775949213045853
2005-10-17,-0.775491808158599
2005-10-18,-0.77486376108911
2005-10-19,-0.774069580628919
2005-10-20,-0.773114289535204
2005-10-21,-0.772003435262328
2005-10-22,-0.770743099694269
2005-10-23,-0.769339907878167
2005-10-24,-0.767801035758706
2005-10-25,-0.766134216912572
2005-10-26,-0.764347748281668
2005-10-27,-0.762450494903309
2005-10-28,-0.760451893635061
2005-10-29,-0.758361955871402
2005-10-30,-0.756191269248857
2005-10-31,-0.753950998335744
2005-11-01,-0.751652884302125
2005-11-02,-0.749309228470436
2005-11-03,-0.746932814932351
2005-11-04,-0.744536819404649
2005-11-05,-0.742134719861121
2005-11-06,-0.739740208903187
2005-11-07,-0.737367107832635
2005-11-08,-0.735029282390609
2005-11-09,-0.732740560127719
2005-11-10,-0.730514649370867
2005-11-11,-0.728365059753077
2005-11-12,-0.726305024273362
2005-11-13,-0.724347422854323
2005-11-14,-0.722504707365932
2005-11-15,-0.720788828084581
2005-11-16,-0.719211161557217
2005-11-17,-0.717782439841052
2005-11-18,-0.716512681090017
2005-11-19,-0.715411121459797
2005-11-20,-0.71448614830397
2005-11-21,-0.713745234634438
2005-11-22,-0.713194874819987
2005-11-23,-0.712840521497489
2005-11-24,-0.7126865236709
2005-11-25,-0.712736065973883
2005-11-26,-0.712991109072491
2005-11-27,-0.713452331185045
2005-11-28,-0.714119070696929
2005-11-29,-0.714989269848708
2005-11-30,-0.716059419476579
2005-12-01,-0.717324504784809
2005-12-02,-0.718777979283702
2005-12-03,-0.72041184783766
2005-12-04,-0.722216775370918
2005-12-05,-0.724182193613693
2005-12-06,-0.726296405930317
2005-12-07,-0.728546690270213
2005-12-08,-0.730919400281893
2005-12-09,-0.733400064629414
2005-12-10,-0.735973484550083
2005-12-11,-0.738623829691494
2005-12-12,-0.741334732265281
2005-12-13,-0.744089379554334
2005-12-14,-0.746870604809523
2005-12-15,-0.749660976571321
2005-12-16,-0.75244288645106
2005-12-17,-0.755198635405891
2005-12-18,-0.757910518540874
2005-12-19,-0.760560908470978
2005-12-20,-0.763132337275129
2005-12-21,-0.765607577073802
2005-12-22,-0.767969719261034
2005-12-23,-0.770202252421096
2005-12-24,-0.772289138959442
2005-12-25,-0.774214890476925
2005-12-26,-0.775964641915683
2005-12-27,-0.777524224504448
2005-12-28,-0.778880237530443
2005-12-29,-0.780020118964431
2005-12-30,-0.780932214964868
2005-12-31,-0.781605848286523
2006-01-01,-0.782031385618322
2006-01-02,-0.782200285081805
2006-01-03,-0.782105067917626
2006-01-04,-0.781739272285218
2006-01-05,-0.781097408348103
2006-01-06,-0.780174914637598
2006-01-07,-0.778968115688126
2006-01-08,-0.777474180937793
2006-01-09,-0.775691084888359
2006-01-10,-0.77361756851919
2006-01-11,-0.771253101950237
2006-01-12,-0.768597848349562
2006-01-13,-0.765652629081401
2006-01-14,-0.762418890091215
2006-01-15,-0.758898669524663
2006-01-16,-0.755094566577908
2006-01-17,-0.751009711577131
2006-01-18,-0.746647737285642
2006-01-19,-0.742012751437419
2006-01-20,-0.737109310496432
2006-01-21,-0.731942394641574
2006-01-22,-0.726517383977529
2006-01-23,-0.720840035972394
2006-01-24,-0.714916464123378
2006-01-25,-0.708753117852399
2006-01-26,-0.702356763633914
2006-01-27,-0.695734467357816
2006-01-28,-0.688893577930747
2006-01-29,-0.681841712119711
2006-01-30,-0.674586740642359
2006-01-31,-0.667136775508866
2006-02-01,-0.65950015862085
2006-02-02,-0.6516854487789
2006-02-03,-0.643701398280313
2006-02-04,-0.635556926624933
2006-02-05,-0.627261093902718
2006-02-06,-0.61882307383864
2006-02-07,-0.610252126470394
2006-02-08,-0.601557570434184
2006-02-09,-0.592748754833682
2006-02-10,-0.583835030667067
2006-02-11,-0.574825721786842
2006-02-12,-0.565730095366927
2006-02-13,-0.556557331851294
2006-02-14,-0.547316494358212
2006-02-15,-0.538016497513911
2006-02-16,-0.528666075689247
2006-02-17,-0.519273750612704
2006-02-18,-0.5098477983328
2006-02-19,-0.500396215502713
2006-02-20,-0.490926684959659
2006-02-21,-0.481446540571287
2006-02-22,-0.471962731321032
2006-02-23,-0.462481784604129
2006-02-24,-0.453009768705613
2006-02-25,-0.443552254431375
2006-02-26,-0.434114275862989
2006-02-27,-0.424700290206691
2006-02-28,-0.415314136706581
2006-03-01,-0.405958994591721
2006-03-02,-0.396637353555332
2006-03-03,-0.38735103746623
2006-03-04,-0.378101241281276
2006-03-05,-0.368888567782829
2006-03-06,-0.359713064157237
2006-03-07,-0.350574258430434
2006-03-08,-0.341471195776669
2006-03-09,-0.332402474716439
2006-03-10,-0.323366283219668
2006-03-11,-0.314360434730225
2006-03-12,-0.305382404127841
2006-03-13,-0.296429363643546
2006-03-14,-0.287498218744731
2006-03-15,-0.278585644005979
2006-03-16,-0.26968811898184
2006-03-17,-0.260801964097729
2006-03-18,-0.251923376575187
2006-03-19,-0.243048466407752
2006-03-20,-0.234173292403744
2006-03-21,-0.225293898312298
2006-03-22,-0.216406349049024
2006-03-23,-0.207506767037715
2006-03-24,-0.198591368684588
2006-03-25,-0.189656501001578
2006-03-26,-0.180698678395263
2006-03-27,-0.171714619638073
2006-03-28,-0.162701285038473
2006-03-29,-0.153655913826899
2006-03-30,-0.144576061774269
2006-03-31,-0.135459639059984
2006-04-01,-0.126304948406395
2006-04-02,-0.117110712907725
2006-04-03,-0.107876061787137
2006-04-04,-0.09860050579857
2006-04-05,-0.0892839128489071
2006-04-06,-0.0799264838403456
2006-04-07,-0.0705287287328965
2006-04-08,-0.0610914428269977
2006-04-09,-0.0516156832662854
2006-04-10,-0.0421027457606366
2006-04-11,-0.0325541415296596
2006-04-12,-0.0229715744668824
2006-04-13,-0.0133569185249586
2006-04-14,-0.0037121953222895
2006-04-15,0.0059604480284606
2006-04-16,0.0156587608694026
2006-04-17,0.0253804107233657
2006-04-18,0.0351230047960231
2006-04-19,0.0448841112533764
2006-04-20,0.0546612802736877
2006-04-21,0.0644520648728523
2006-04-22,0.0742540415021032
2006-04-23,0.0840648304168397
2006-04-24,0.0938821158152662
2006-04-25,0.10370366574542
2006-04-26,0.113527351779055
2006-04-27,0.12335116845074
2006-04-28,0.133173252460399
2006-04-29,0.142991901637425
2006-04-30,0.152805593664349
2006-05-01,0.162613004557944
2006-05-02,0.172413019916249
2006-05-03,0.182204718061442
2006-05-04,0.191987346444585
2006-05-05,0.201760298402003
2006-05-06,0.211523090264483
2006-05-07,0.221275338820634
2006-05-08,0.231016739135875
2006-05-09,0.240747042728663
2006-05-10,0.250466036105738
2006-05-11,0.260173519658312
2006-05-12,0.269869286921265
2006-05-13,0.279553104197602
2006-05-14,0.289224690550569
2006-05-15,0.298883698165995
2006-05-16,0.308529693087606
2006-05-17,0.318162136328218
2006-05-18,0.327780365359913
2006-05-19,0.33738357598645
2006-05-20,0.346970804601403
2006-05-21,0.356540910835628
2006-05-22,0.366092560597944
2006-05-23,0.375624209513026
2006-05-24,0.385134086760767
2006-05-25,0.394620179321536
2006-05-26,0.404080216631982
2006-05-27,0.413511655656243
2006-05-28,0.422911666377624
2006-05-29,0.432277117716045
2006-05-30,0.441604563876773
2006-05-31,0.450890231136171
2006-06-01,0.460130005070452
2006-06-02,0.469319426332796
2006-06-03,0.478453719112044
2006-06-04,0.487527827299941
2006-06-05,0.496536450106657
2006-06-06,0.505474077134619
2006-06-07,0.51433502292044
2006-06-08,0.523113460954543
2006-06-09,0.531803457187864
2006-06-10,0.540399003034783
2006-06-11,0.548894047881255
2006-06-12,0.557282531106864
2006-06-13,0.56555841362936
2006-06-14,0.573715708979958
2006-06-15,0.581748513917543
2006-06-16,0.589651038589659
2006-06-17,0.59741763624796
2006-06-18,0.605042832525617
2006-06-19,0.61252135428392
2006-06-20,0.61984815803513
2006-06-21,0.627018457948424
2006-06-22,0.63402775344554
2006-06-23,0.64087185639255
2006-06-24,0.647546917893943
2006-06-25,0.654049454695003
2006-06-26,0.660376375198258
2006-06-27,0.666525005099542
2006-06-28,0.672493112649015
2006-06-29,0.678278933542255
2006-06-30,0.683881195446337
2006-07-01,0.689299142165575
2006-07-02,0.694532547263655
2006-07-03,0.699581686741096
2006-07-04,0.704447301963551
2006-07-05,0.709130563173273
2006-07-06,0.713633033567122
2006-07-07,0.717956633924675
2006-07-08,0.722103607770192
2006-07-09,0.72607648705242
2006-07-10,0.729878058326356
2006-07-11,0.733511329421343
2006-07-12,0.736979496580003
2006-07-13,0.740285912052734
2006-07-14,0.743434052132663
2006-07-15,0.746427485616117
2006-07-16,0.749269842673872
2006-07-17,0.751964784118585
2006-07-18,0.754515971054008
2006-07-19,0.756927034891737
2006-07-20,0.759201547721407
2006-07-21,0.761342993020418
2006-07-22,0.763354736689429
2006-07-23,0.765239998400012
2006-07-24,0.767001823241015
2006-07-25,0.76864305365032
2006-07-26,0.770166301618858
2006-07-27,0.771573921153856
2006-07-28,0.772867980988443
2006-07-29,0.77405023752491
2006-07-30,0.775122107999007
2006-07-31,0.776084643852837
2006-08-01,0.776938504304022
2006-08-02,0.777683939818601
2006-08-03,0.778320814536242
2006-08-04,0.77884863808877
2006-08-05,0.779266597008241
2006-08-06,0.779573585743896
2006-08-07,0.779768237307198
2006-08-08,0.77984895356401
2006-08-09,0.779813935192862
2006-08-10,0.779661211328119
2006-08-11,0.779388668906755
2006-08-12,0.778994081737319
2006-08-13,0.778475139309583
2006-08-14,0.777829475363237
2006-08-15,0.777054696233937
2006-08-16,0.776148408994865
2006-08-17,0.775108249411942
2006-08-18,0.773931909730671
2006-08-19,0.772617166312584
2006-08-20,0.771161907139144
2006-08-21,0.769564159200898
2006-08-22,0.767822115789631
2006-08-23,0.765934163711172
2006-08-24,0.763898910436491
2006-08-25,0.761715211208649
2006-08-26,0.759382196123116
2006-08-27,0.756899297198957
2006-08-28,0.754266275458317
2006-08-29,0.751483248031625
2006-08-30,0.748550715305906
2006-08-31,0.745469588133564
2006-09-01,0.742241215118979
2006-09-02,0.73886740066076
2006-09-03,0.735350385719758
2006-09-04,0.73169281922709
2006-09-05,0.727897729427215
2006-09-06,0.723968495133687
2006-09-07,0.719908816875089
2006-09-08,0.715722687908608
2006-09-09,0.711414365078584
2006-09-10,0.706988339497261
2006-09-11,0.702449307024887
2006-09-12,0.697802138526152
2006-09-13,0.693051849879869
2006-09-14,0.688203571718642
2006-09-15,0.683262518875144
2006-09-16,0.678233959511483
2006-09-17,0.673123183907971
2006-09-18,0.667935472887472
2006-09-19,0.662676065851318
2006-09-20,0.657350128402632
2006-09-21,0.651962719532698
2006-09-22,0.646518758345857
2006-09-23,0.641022990298171
2006-09-24,0.635479952924959
2006-09-25,0.629893941032046
2006-09-26,0.624268971325374
2006-09-27,0.618608746453414
2006-09-28,0.612916618436564
2006-09-29,0.607195551457504
2006-09-30,0.601448083986213
2006-10-01,0.595676290213129
2006-10-02,0.589881750423131
2006-10-03,0.584065559488491
2006-10-04,0.578228345389439
2006-10-05,0.572370288338128
2006-10-06,0.566491140521881
2006-10-07,0.560590246481968
2006-10-08,0.554666564144441
2006-10-09,0.548718686519949
2006-10-10,0.542744864089749
2006-10-11,0.536743027895514
2006-10-12,0.530710813350874
2006-10-13,0.524645584792989
2006-10-14,0.518544460792819
2006-10-15,0.512404340243135
2006-10-16,0.506221929243655
2006-10-17,0.499993768803133
2006-10-18,0.493716263378546
2006-10-19,0.487385710271963
2006-10-20,0.480998329906066
2006-10-21,0.47455029699969
2006-10-22,0.468037772665166
2006-10-23,0.461456937449672
2006-10-24,0.454804025343194
2006-10-25,0.448075358776171
2006-10-26,0.441267384630291
2006-10-27,0.434376711286365
2006-10-28,0.427400146733661
2006-10-29,0.420334737765509
2006-10-30,0.413177810286479
2006-10-31,0.405927010756879
2006-11-01,0.398580348800798
2006-11-02,0.391136233801617
2006-11-03,0.383593483583251
2006-11-04,0.375951325525729
2006-11-05,0.368209396998986
2006-11-06,0.360367745110994
2006-11-07,0.352426825766003
2006-11-08,0.344387502028327
2006-11-09,0.33625104178671
2006-11-10,0.328019114714006
2006-11-11,0.319693788516486
2006-11-12,0.311277524466764
2006-11-13,0.302773172213956
2006-11-14,0.294183963864297
2006-11-15,0.285513507325111
2006-11-16,0.276765778904618
2006-11-17,0.267945115159698
2006-11-18,0.259056203983376
2006-11-19,0.250104074923368
2006-11-20,0.241094088722685
2006-11-21,0.232031926072879
2006-11-22,0.222923575570141
2006-11-23,0.213775320864053
2006-11-24,0.204593726988412
2006-11-25,0.19538562586315
2006-11-26,0.186158100955944
2006-11-27,0.176918471091743
2006-11-28,0.167674273397994
2006-11-29,0.158433245372969
2006-11-30,0.14920330606414
2006-12-01,0.139992536343169
2006-12-02,0.130809155564687
2006-12-03,0.121661486762655
2006-12-04,0.112557919526193
2006-12-05,0.103506873503528
2006-12-06,0.0945167625190097
2006-12-07,0.0855959592883569
2006-12-08,0.0767527607175917
2006-12-09,0.0679953537713847
2006-12-10,0.0593317818967828
2006-12-11,0.0507699119885634
2006-12-12,0.0423174018827131
2006-12-13,0.0339816683647836
2006-12-14,0.0257698556801343
2006-12-15,0.0176888045333213
2006-12-16,0.0097450215641429
2006-12-17,0.0019446492880999
2006-12-18,-0.0057065635107248
2006-12-19,-0.0132032909461196
2006-12-20,-0.0205406587670364
2006-12-21,-0.0277142726769929
2006-12-22,-0.0347202462466111
2006-12-23,-0.0415552284300829
2006-12-24,-0.0482164306961182
2006-12-25,-0.0547016537836951
2006-12-26,-0.0610093140926977
2006-12-27,-0.0671384697192983
2006-12-28,-0.0730888461457058
2006-12-29,-0.0788608615936764
2006-12-30,-0.0844556520509525
2006-12-31,-0.089875095979569
2007-01-01,-0.09512183871474
2007-01-02,-0.100199301360917
2007-01-03,-0.105111628823815
2007-01-04,-0.109863623530947
2007-01-05,-0.114460680256294
2007-01-06,-0.118908722020841
2007-01-07,-0.123214137041116
2007-01-08,-0.12738371669828
2007-01-09,-0.131424594500703
2007-01-10,-0.135344186013384
2007-01-11,-0.139150129727922
2007-01-12,-0.142850228847173
2007-01-13,-0.146452393959082
2007-01-14,-0.149964586574564
2007-01-15,-0.153394763504685
2007-01-16,-0.156750822052757
2007-01-17,-0.160040545997318
2007-01-18,-0.163271552342352
2007-01-19,-0.16645123881142
2007-01-20,-0.169586732062764
2007-01-21,-0.172684836602769
2007-01-22,-0.175751984375514
2007-01-23,-0.178794185006494
2007-01-24,-0.181816976678908
2007-01-25,-0.18482537762127
2007-01-26,-0.187823838185399
2007-01-27,-0.190816193494181
2007-01-28,-0.193805616638823
2007-01-29,-0.196794572405621
2007-01-30,-0.199784771512591
2007-01-31,-0.202777125336614
2007-02-01,-0.205771701112054
2007-02-02,-0.208767699631054
2007-02-03,-0.211763521211656
2007-02-04,-0.214756852328836
2007-02-05,-0.21774475052316
2007-02-06,-0.220723727621132
2007-02-07,-0.223689831300648
2007-02-08,-0.226638725034255
2007-02-09,-0.229565766442299
2007-02-10,-0.23246608408734
2007-02-11,-0.235334652740567
2007-02-12,-0.2381663671503
2007-02-13,-0.240956114342012
2007-02-14,-0.243698844478649
2007-02-15,-0.2463896403094
2007-02-16,-0.249023785234422
2007-02-17,-0.2515968300124
2007-02-18,-0.254104658137197
2007-02-19,-0.256543549909194
2007-02-20,-0.25891024522636
2007-02-21,-0.261202005119406
2007-02-22,-0.263416672054811
2007-02-23,-0.265552729028881
2007-02-24,-0.267609357475399
2007-02-25,-0.269586494008804
2007-02-26,-0.271484886024267
2007-02-27,-0.273306146175407
2007-02-28,-0.275052805749805
2007-03-01,-0.276728366961881
2007-03-02,-0.278337330635143
2007-03-03,-0.279885129119626
2007-03-04,-0.281378036967314
2007-03-05,-0.282823083352534
2007-03-06,-0.284227966200338
2007-03-07,-0.285600967986544
2007-03-08,-0.286950873173824
2007-03-09,-0.288286887248829
2007-03-10,-0.289618557326031
2007-03-11,-0.290955694284602
2007-03-12,-0.292308296405295
2007-03-13,-0.293686474474923
2007-03-14,-0.295100378326661
2007-03-15,-0.296560124785049
2007-03-16,-0.298075726985153
2007-03-17,-0.299657025035998
2007-03-18,-0.301313617998965
2007-03-19,-0.303054797152486
2007-03-20,-0.30488948051492
2007-03-21,-0.306826148598154
2007-03-22,-0.308872781365015
2007-03-23,-0.311036796364188
2007-03-24,-0.313324988016918
2007-03-25,-0.315743468030346
2007-03-26,-0.318297606912915
2007-03-27,-0.320991976567843
2007-03-28,-0.323830293941225
2007-03-29,-0.326815365701918
2007-03-30,-0.329949033930868
2007-03-31,-0.333232122798163
2007-04-01,-0.33666438620659
2007-04-02,-0.340244477573577
2007-04-03,-0.34397000492184
2007-04-04,-0.347837606142049
2007-04-05,-0.351843022873182
2007-04-06,-0.355981173034459
2007-04-07,-0.360246222042236
2007-04-08,-0.364631652744763
2007-04-09,-0.369130334107228
2007-04-10,-0.373734588679017
2007-04-11,-0.378436258874666
2007-04-12,-0.383226772099514
2007-04-13,-0.388097204750593
2007-04-14,-0.393038345122856
2007-04-15,-0.3980407552504
2007-04-16,-0.403094831711867
2007-04-17,-0.408190865428824
2007-04-18,-0.413319100485441
2007-04-19,-0.418469791997406
2007-04-20,-0.423633263057558
2007-04-21,-0.428799960785345
2007-04-22,-0.433960511506781
2007-04-23,-0.439105775091174
2007-04-24,-0.444226898470516
2007-04-25,-0.449315368367029
2007-04-26,-0.454363063253959
2007-04-27,-0.459362304574349
2007-04-28,-0.464305907242132
2007-04-29,-0.469187229449532
2007-04-30,-0.474000221804353
2007-05-01,-0.478739475820429
2007-05-02,-0.483400260123167
2007-05-03,-0.487978509558987
2007-05-04,-0.492470802804061
2007-05-05,-0.496874340275282
2007-05-06,-0.501186922330638
2007-05-07,-0.505406927746182
2007-05-08,-0.509533292456853
2007-05-09,-0.513565488548477
2007-05-10,-0.51750350348829
2007-05-11,-0.521347819581383
2007-05-12,-0.525099393640522
2007-05-13,-0.528759636856798
2007-05-14,-0.532330394858643
2007-05-15,-0.535813927946727
2007-05-16,-0.539212891492328
2007-05-17,-0.542530316486751
2007-05-18,-0.545769590229418
2007-05-19,-0.548934437142253
2007-05-20,-0.552028899698018
2007-05-21,-0.555057319450248
2007-05-22,-0.558024318152449
2007-05-23,-0.560934778954233
2007-05-24,-0.563793827662063
2007-05-25,-0.566606814052264
2007-05-26,-0.569379293223979
2007-05-27,-0.572117006979714
2007-05-28,-0.574825865221121
2007-05-29,-0.577511927347639
2007-05-30,-0.580181383645615
2007-05-31,-0.582840536655481
2007-06-01,-0.585495782504555
2007-06-02,-0.588153591731284
2007-06-03,-0.59082048832447
2007-06-04,-0.593503028836164
2007-06-05,-0.596207782144843
2007-06-06,-0.598941309864116
2007-06-07,-0.601710147392408
2007-06-08,-0.604520785599439
2007-06-09,-0.607379653145543
2007-06-10,-0.610293099430182
2007-06-11,-0.613267378166313
2007-06-12,-0.616308631577508
2007-06-13,-0.619422875215078
2007-06-14,-0.622615983392683
2007-06-15,-0.625893675236235
2007-06-16,-0.62926150134719
2007-06-17,-0.632724831077588
2007-06-18,-0.636288840415544
2007-06-19,-0.639958500480119
2007-06-20,-0.643738566624866
2007-06-21,-0.647633568149579
2007-06-22,-0.651647798620115
2007-06-23,-0.655785306796424
2007-06-24,-0.660049888169245
2007-06-25,-0.664445077106208
2007-06-26,-0.668974139608403
2007-06-27,-0.673640066678746
2007-06-28,-0.678445568303825
2007-06-29,-0.683393068051164
2007-06-30,-0.688484698284189
2007-07-01,-0.693722295997465
2007-07-02,-0.699107401567116
2007-07-03,-0.704641267083389
2007-07-04,-0.710324866543401
2007-07-05,-0.716158905402255
2007-07-06,-0.722143829484636
2007-07-07,-0.728279833258722
2007-07-08,-0.734566867474012
2007-07-09,-0.741004646164399
2007-07-10,-0.747592653017581
2007-07-11,-0.75433014711164
2007-07-12,-0.761216168019358
2007-07-13,-0.768249540280589
2007-07-14,-0.775428877242767
2007-07-15,-0.782752584269329
2007-07-16,-0.790218861315632
2007-07-17,-0.797825704871644
2007-07-18,-0.805570909270438
2007-07-19,-0.813452067361281
2007-07-20,-0.821466570545824
2007-07-21,-0.829611608175653
2007-07-22,-0.837884166309201
2007-07-23,-0.846281025825743
2007-07-24,-0.85479875989397
2007-07-25,-0.863433730792322
2007-07-26,-0.872182086078043
2007-07-27,-0.881039754101627
2007-07-28,-0.890002438863078
2007-07-29,-0.899065614206114
2007-07-30,-0.908224517346196
2007-07-31,-0.917474141728006
2007-08-01,-0.92680922920767
2007-08-02,-0.936224266026478
2007-08-03,-0.94571349612794
2007-08-04,-0.955270938968731
2007-08-05,-0.964890407500395
2007-08-06,-0.974565526330609
2007-08-07,-0.984289750072945
2007-08-08,-0.994056381894152
2007-08-09,-1.00385859226809
2007-08-10,-1.01368943794555
2007-08-11,-1.02354188114941
2007-08-12,-1.03340880900438
2007-08-13,-1.04328305321123
2007-08-14,-1.05315740997494
2007-08-15,-1.06302466019671
2007-08-16,-1.07287758993983
2007-08-17,-1.08270901117933
2007-08-18,-1.09251178284576
2007-08-19,-1.10227883217334
2007-08-20,-1.11200317636294
2007-08-21,-1.12167794457052
2007-08-22,-1.13129640023166
2007-08-23,-1.1408519637332
2007-08-24,-1.1503382354428
2007-08-25,-1.15974901910763
2007-08-26,-1.16907834563362
2007-08-27,-1.17832049725636
2007-08-28,-1.18747003211564
2007-08-29,-1.19652180924495
2007-08-30,-1.20547101398815
2007-08-31,-1.21431318385511
2007-09-01,-1.22304423482867
2007-09-02,-1.23166048158544
2007-09-03,-1.24015863190897
2007-09-04,-1.24853577461404
2007-09-05,-1.25678936744433
2007-09-06,-1.26491722493809
2007-09-07,-1.27291750625613
2007-09-08,-1.28078870296663
2007-09-09,-1.28852962678119
2007-09-10,-1.29613939723614
2007-09-11,-1.30361742931358
2007-09-12,-1.31096342099627
2007-09-13,-1.31817734075028
2007-09-14,-1.3252594149297
2007-09-15,-1.33221011509711
2007-09-16,-1.33903014525392
2007-09-17,-1.34572042897421
2007-09-18,-1.35228209643603
2007-09-19,-1.35871647134363
2007-09-20,-1.3650250577344
2007-09-21,-1.37120952666394
2007-09-22,-1.3772717027628
2007-09-23,-1.3832135506582
2007-09-24,-1.38903716125412
2007-09-25,-1.39474473786292
2007-09-26,-1.40033858218162
2007-09-27,-1.40582108010595
2007-09-28,-1.41119468737518
2007-09-29,-1.41646191504047
2007-09-30,-1.42162531474976
2007-10-01,-1.42668746384175
2007-10-02,-1.43165095074974
2007-10-03,-1.4365183623124
2007-10-04,-1.44129227177962
2007-10-05,-1.44597522708072
2007-10-06,-1.45056973935038
2007-10-07,-1.45507827170851
2007-10-08,-1.45950322828972
2007-10-09,-1.46384694351873
2007-10-10,-1.4681116716277
2007-10-11,-1.47229957641196
2007-10-12,-1.47641272122054
2007-10-13,-1.48045305917797
2007-10-14,-1.48442242363413
2007-10-15,-1.48832251883884
2007-10-16,-1.49215491083817
2007-10-17,-1.49592101858932
2007-10-18,-1.49962210529143
2007-10-19,-1.50325926992936
2007-10-20,-1.5068334390278
2007-10-21,-1.51034535861335
2007-10-22,-1.51379558638189
2007-10-23,-1.51718448406915
2007-10-24,-1.52051221002209
2007-10-25,-1.5237787119692
2007-10-26,-1.52698371998757
2007-10-27,-1.53012673966492
2007-10-28,-1.53320704545496
2007-10-29,-1.5362236742242
2007-10-30,-1.53917541898895
2007-10-31,-1.54206082284085
2007-11-01,-1.54487817305989
2007-11-02,-1.54762549963559
2007-11-03,-1.55030059076254
2007-11-04,-1.552901012245
2007-11-05,-1.55542412649006
2007-11-06,-1.55786711109067
2007-11-07,-1.56022697699959
2007-11-08,-1.5625005862954
2007-11-09,-1.56468466954118
2007-11-10,-1.56677584273682
2007-11-11,-1.56877062386515
2007-11-12,-1.57066544903242
2007-11-13,-1.57245668820321
2007-11-14,-1.57414066052978
2007-11-15,-1.57571364927566
2007-11-16,-1.57717191633316
2007-11-17,-1.57851171633417
2007-11-18,-1.57972931035368
2007-11-19,-1.58082097920496
2007-11-20,-1.5817830363255
2007-11-21,-1.58261184025225
2007-11-22,-1.5833038066849
2007-11-23,-1.5838554201354
2007-11-24,-1.58426324516203
2007-11-25,-1.58452393718588
2007-11-26,-1.5846342528876
2007-11-27,-1.58459106018198
2007-11-28,-1.58439134776772
2007-11-29,-1.58403223424959
2007-11-30,-1.58351097682998
2007-12-01,-1.58282497956658
2007-12-02,-1.58197180010899
2007-12-03,-1.58094915172919
2007-12-04,-1.57975490417617
2007-12-05,-1.57838708451957
2007-12-06,-1.57684387799633
2007-12-07,-1.5751236288747
2007-12-08,-1.57322484134946
2007-12-09,-1.57114618048263
2007-12-10,-1.56888647320366
2007-12-11,-1.56644470938322
2007-12-12,-1.56382004299478
2007-12-13,-1.561011793378
2007-12-14,-1.55801944661819
2007-12-15,-1.55484265705602
2007-12-16,-1.55148124894163
2007-12-17,-1.54793521824755
2007-12-18,-1.54420473465466
2007-12-19,-1.54029014372566
2007-12-20,-1.53619196928032
2007-12-21,-1.53191091598736
2007-12-22,-1.52744787218716
2007-12-23,-1.5228039129603
2007-12-24,-1.51798030345652
2007-12-25,-1.51297850249898
2007-12-26,-1.50780016647882
2007-12-27,-1.50244715355512
2007-12-28,-1.49692152817529
2007-12-29,-1.49122556593132
2007-12-30,-1.48536175876734
2007-12-31,-1.47933282055386
2008-01-01,-1.4731416930446
2008-01-02,-1.46679154874361
2008-01-03,-1.46028578024058
2008-01-04,-1.45362798651173
2008-01-05,-1.44682195966592
2008-01-06,-1.43987167211598
2008-01-07,-1.43278126415534
2008-01-08,-1.42555503192027
2008-01-09,-1.4181974157182
2008-01-10,-1.41071298870253
2008-01-11,-1.40310644587495
2008-01-12,-1.39538259339572
2008-01-13,-1.38754633818329
2008-01-14,-1.37960267778397
2008-01-15,-1.37155669049317
2008-01-16,-1.36341352570918
2008-01-17,-1.35517839450124
2008-01-18,-1.34685656037299
2008-01-19,-1.3384533302032
2008-01-20,-1.32997404534514
2008-01-21,-1.32142407286648
2008-01-22,-1.31280879691134
2008-01-23,-1.30413361016635
2008-01-24,-1.29540390541258
2008-01-25,-1.28662506714516
2008-01-26,-1.27780246324261
2008-01-27,-1.26894143666771
2008-01-28,-1.26004729718192
2008-01-29,-1.2511253130553
2008-01-30,-1.24218070275393
2008-01-31,-1.2332186265867
2008-02-01,-1.22424417829357
2008-02-02,-1.2152623754492
2008-02-03,-1.20627814535038
2008-02-04,-1.19729630973393
2008-02-05,-1.18832156943989
2008-02-06,-1.17935848901993
2008-02-07,-1.1704114812914
2008-02-08,-1.16148479183694
2008-02-09,-1.1525824834499
2008-02-10,-1.14370842052579
2008-02-11,-1.13486625339972
2008-02-12,-1.1260594026301
2008-02-13,-1.11729104322873
2008-02-14,-1.10856408883737
2008-02-15,-1.09988117585096
2008-02-16,-1.09124464748764
2008-02-17,-1.08265653780581
2008-02-18,-1.07411855566824
2008-02-19,-1.06563206865356
2008-02-20,-1.05719808691535
2008-02-21,-1.04881724698882
2008-02-22,-1.04048979554568
2008-02-23,-1.03221557309709
2008-02-24,-1.02399399764527
2008-02-25,-1.01582404828385
2008-02-26,-1.00770424874744
2008-02-27,-0.999632650910725
2008-02-28,-0.991606818237469
2008-02-29,-0.983623809179876
2008-03-01,-0.975680160528758
2008-03-02,-0.967771884332012
2008-03-03,-0.959894519076397
2008-03-04,-0.952043193660417
2008-03-05,-0.944212690408016
2008-03-06,-0.936397507150566
2008-03-07,-0.928591918404312
2008-03-08,-0.920790035670005
2008-03-09,-0.912985866881147
2008-03-10,-0.905173375026863
2008-03-11,-0.897346535975096
2008-03-12,-0.889499395521452
2008-03-13,-0.881626125688673
2008-03-14,-0.873721080301387
2008-03-15,-0.865778849860438
2008-03-16,-0.857794315740761
2008-03-17,-0.849762703736448
2008-03-18,-0.841679636976321
2008-03-19,-0.833541188233009
2008-03-20,-0.825343931648197
2008-03-21,-0.817084993896426
2008-03-22,-0.808762104809494
2008-03-23,-0.800373647483203
2008-03-24,-0.791918707887917
2008-03-25,-0.783397124004065
2008-03-26,-0.774809534503456
2008-03-27,-0.766157426996975
2008-03-28,-0.757443185868929
2008-03-29,-0.748670139718048
2008-03-30,-0.739842608424852
2008-03-31,-0.730965949864819
2008-04-01,-0.722046606286521
2008-04-02,-0.713092124601239
2008-04-03,-0.704111073662349
2008-04-04,-0.695112937366739
2008-04-05,-0.686108009693366
2008-04-06,-0.677107291634947
2008-04-07,-0.66812238997957
2008-04-08,-0.65916541789973
2008-04-09,-0.650248897307016
2008-04-10,-0.641385662931441
2008-04-11,-0.632588768085089
2008-04-12,-0.623871392070481
2008-04-13,-0.615246749194788
2008-04-14,-0.606727999351675
2008-04-15,-0.598328160133316
2008-04-16,-0.590060020435732
2008-04-17,-0.581936055521372
2008-04-18,-0.573968343503451
2008-04-19,-0.566168483217299
2008-04-20,-0.558547513444581
2008-04-21,-0.551115833456955
2008-04-22,-0.543883124846361
2008-04-23,-0.536858274609786
2008-04-24,-0.530049299456997
2008-04-25,-0.523463271310384
2008-04-26,-0.517106243966663
2008-04-27,-0.510983180890834
2008-04-28,-0.505097884113419
2008-04-29,-0.499452924202603
2008-04-30,-0.494049571283549
2008-05-01,-0.488887727077724
2008-05-02,-0.483965886105767
2008-05-03,-0.479281210031273
2008-05-04,-0.474829628593189
2008-05-05,-0.47060593847667
2008-05-06,-0.466603900158901
2008-05-07,-0.462816332765573
2008-05-08,-0.459235206972986
2008-05-09,-0.455851735989944
2008-05-10,-0.452656464652903
2008-05-11,-0.449639356667024
2008-05-12,-0.446789880025089
2008-05-13,-0.444097090635455
2008-05-14,-0.441549714189503
2008-05-15,-0.439136226298292
2008-05-16,-0.436844930927412
2008-05-17,-0.434664037158261
2008-05-18,-0.432581734303312
2008-05-19,-0.430586265402138
2008-05-20,-0.428665999124309
2008-05-21,-0.42680950010451
2008-05-22,-0.42500559773455
2008-05-23,-0.423243453436202
2008-05-24,-0.421512626438112
2008-05-25,-0.419803138079305
2008-05-26,-0.41810553466113
2008-05-27,-0.416410948868753
2008-05-28,-0.414711159782644
2008-05-29,-0.41299865149977
2008-05-30,-0.411266670383557
2008-05-31,-0.40950928096093
2008-06-01,-0.407721420484112
2008-06-02,-0.405898936119082
2008-06-03,-0.404038557029337
2008-06-04,-0.40213785120122
2008-06-05,-0.400195183477171
2008-06-06,-0.39820967478678
2008-06-07,-0.396181162565942
2008-06-08,-0.394110162354875
2008-06-09,-0.391997830566188
2008-06-10,-0.389845928414641
2008-06-11,-0.387656787000665
2008-06-12,-0.38543327354017
2008-06-13,-0.3831787587336
2008-06-14,-0.38089708526765
2008-06-15,-0.378592537443489
2008-06-16,-0.3762698119258
2008-06-17,-0.373933989607382
2008-06-18,-0.371590508584502
2008-06-19,-0.369245138238666
2008-06-20,-0.366903954420879
2008-06-21,-0.364573315734962
2008-06-22,-0.362259840916931
2008-06-23,-0.359970387307885
2008-06-24,-0.357712030418327
2008-06-25,-0.35549204458229
2008-06-26,-0.353317884700105
2008-06-27,-0.3511971690691
2008-06-28,-0.349137663301996
2008-06-29,-0.347147265333223
2008-06-30,-0.345233991513841
2008-07-01,-0.343405963796245
2008-07-02,-0.341671395266423
2008-07-03,-0.340038565623974
2008-07-04,-0.338515794159111
2008-07-05,-0.3371114127868
2008-07-06,-0.335833739121533
2008-07-07,-0.334691049576295
2008-07-08,-0.333691552469265
2008-07-09,-0.332843361121816
2008-07-10,-0.332154466931371
2008-07-11,-0.331632712402692
2008-07-12,-0.331285764121148
2008-07-13,-0.331121085651527
2008-07-14,-0.331145910345911
2008-07-15,-0.331367214044165
2008-07-16,-0.331791687650516
2008-07-17,-0.332425709569707
2008-07-18,-0.333275317986181
2008-07-19,-0.334346182969702
2008-07-20,-0.335643578390783
2008-07-21,-0.337172353629277
2008-07-22,-0.338936905059398
2008-07-23,-0.340941147294427
2008-07-24,-0.343188484174283
2008-07-25,-0.345681779479089
2008-07-26,-0.348423327351798
2008-07-27,-0.351414822412878
2008-07-28,-0.354657329549997
2008-07-29,-0.358151253365538
2008-07-30,-0.361896307264747
2008-07-31,-0.365891482167199
2008-08-01,-0.370135014824181
2008-08-02,-0.374624368451859
2008-08-03,-0.379356263819564
2008-08-04,-0.384326722499446
2008-08-05,-0.389531109539482
2008-08-06,-0.394964175580521
2008-08-07,-0.400620098437895
2008-08-08,-0.406492524167964
2008-08-09,-0.412574607639786
2008-08-10,-0.418859052631954
2008-08-11,-0.425338151474495
2008-08-12,-0.432003824255556
2008-08-13,-0.438847657612483
2008-08-14,-0.445860943126723
2008-08-15,-0.453034715341888
2008-08-16,-0.460359789424136
2008-08-17,-0.467826798483938
2008-08-18,-0.47542623057814
2008-08-19,-0.483148465411142
2008-08-20,-0.490983810753866
2008-08-21,-0.498922538599093
2008-08-22,-0.50695492107164
2008-08-23,-0.515071266111723
2008-08-24,-0.523261952949784
2008-08-25,-0.531517467390925
2008-08-26,-0.53982843692703
2008-08-27,-0.548185665694552
2008-08-28,-0.556580169295853
2008-08-29,-0.565003209501923
2008-08-30,-0.573446328854192
2008-08-31,-0.581901385183117
2008-09-01,-0.590360586061126
2008-09-02,-0.598816516364005
2008-09-03,-0.607262138464917
2008-09-04,-0.615690785753228
2008-09-05,-0.624096156358487
2008-09-06,-0.632472307076052
2008-09-07,-0.640813647490852
2008-09-08,-0.649114934295857
2008-09-09,-0.657371265801865
2008-09-10,-0.665578076635258
2008-09-11,-0.673731132620416
2008-09-12,-0.68182652584353
2008-09-13,-0.689860669894595
2008-09-14,-0.697830295284401
2008-09-15,-0.705732445033392
2008-09-16,-0.713564470429273
2008-09-17,-0.721324026950328
2008-09-18,-0.729009070351412
2008-09-19,-0.73661785290963
2008-09-20,-0.744148919826753
2008-09-21,-0.751601105785463
2008-09-22,-0.758973531656532
2008-09-23,-0.766265601354101
2008-09-24,-0.773476998836226
2008-09-25,-0.780607685247923
2008-09-26,-0.787657896203946
2008-09-27,-0.794628139208582
2008-09-28,-0.801519191209758
2008-09-29,-0.808332096284801
2008-09-30,-0.815068163455201
2008-10-01,-0.821728964627778
2008-10-02,-0.828316326583338
2008-10-03,-0.834832298852898
2008-10-04,-0.841279115991885
2008-10-05,-0.847659160386706
2008-10-06,-0.853974925578232
2008-10-07,-0.860228980086931
2008-10-08,-0.866423931724624
2008-10-09,-0.872562392377994
2008-10-10,-0.878646943249268
2008-10-11,-0.884680100539587
2008-10-12,-0.89066428156089
2008-10-13,-0.89660177126225
2008-10-14,-0.902494689156845
2008-10-15,-0.908344956635923
2008-10-16,-0.914154264656317
2008-10-17,-0.919924041788258
2008-10-18,-0.925655422610403
2008-10-19,-0.931349216439219
2008-10-20,-0.937005876380001
2008-10-21,-0.942625468687025
2008-10-22,-0.948207642420483
2008-10-23,-0.953751599388048
2008-10-24,-0.959256064359094
2008-10-25,-0.964719255539732
2008-10-26,-0.970138855297057
2008-10-27,-0.975511981121119
2008-10-28,-0.980835156813326
2008-10-29,-0.986104283890139
2008-10-30,-0.991314613191112
2008-10-31,-0.996460716680457
2008-11-01,-1.0015364594315
2008-11-02,-1.00653498943789
2008-11-03,-1.01144879796425
2008-11-04,-1.01626979651052
2008-11-05,-1.02098939252045
2008-11-06,-1.02559856386549
2008-11-07,-1.03008793213499
2008-11-08,-1.03444783476296
2008-11-09,-1.03866839602132
2008-11-10,-1.04273959690893
2008-11-11,-1.04665134396544
2008-11-12,-1.05039353703825
2008-11-13,-1.05395613603082
2008-11-14,-1.05732922665955
2008-11-15,-1.06050308524671
2008-11-16,-1.06346824257567
2008-11-17,-1.06621554683499
2008-11-18,-1.06873622567693
2008-11-19,-1.0710219474158
2008-11-20,-1.07306488139104
2008-11-21,-1.07485775751955
2008-11-22,-1.07639392506138
2008-11-23,-1.07766741062227
2008-11-24,-1.07867297541649
2008-11-25,-1.07940617181271
2008-11-26,-1.07986339918526
2008-11-27,-1.08004195909303
2008-11-28,-1.07994010980732
2008-11-29,-1.07955712021013
2008-11-30,-1.07889332308366
2008-12-01,-1.07795016781138
2008-12-02,-1.07673024892464
2008-12-03,-1.075237240093
2008-12-04,-1.07347580567389
2008-12-05,-1.07145151371634
2008-12-06,-1.06917075038127
2008-12-07,-1.06664063574122
2008-12-08,-1.06386894092316
2008-12-09,-1.06086400655838
2008-12-10,-1.05763466250401
2008-12-11,-1.05419014880111
2008-12-12,-1.05054003783505
2008-12-13,-1.04669415766403
2008-12-14,-1.04266251648232
2008-12-15,-1.03845522818521
2008-12-16,-1.03408243900306
2008-12-17,-1.0295542551724
2008-12-18,-1.02488067161244
2008-12-19,-1.02007150157588
2008-12-20,-1.01513630724307
2008-12-21,-1.01008433122959
2008-12-22,-1.004924428977
2008-12-23,-0.999665001997672
2008-12-24,-0.994313931944482
2008-12-25,-0.988878515476921
2008-12-26,-0.9833653998954
2008-12-27,-0.977780519516026
2008-12-28,-0.972129032758502
2008-12-29,-0.966415259920213
2008-12-30,-0.960642621609951
2008-12-31,-0.954813577815144
2009-01-01,-0.948929567576796
2009-01-02,-0.942990971046836
2009-01-03,-0.936997159027877
2009-01-04,-0.93094656347996
2009-01-05,-0.9248367469424
2009-01-06,-0.918664470903205
2009-01-07,-0.912425763148182
2009-01-08,-0.906115984121504
2009-01-09,-0.899729892329112
2009-01-10,-0.893261708816026
2009-01-11,-0.886705180748253
2009-01-12,-0.880053644129695
2009-01-13,-0.873300085684071
2009-01-14,-0.866437203931596
2009-01-15,-0.859457469489811
2009-01-16,-0.852353184627655
2009-01-17,-0.845116542101566
2009-01-18,-0.837739683302094
2009-01-19,-0.830214755739225
2009-01-20,-0.822533969894301
2009-01-21,-0.81468965546617
2009-01-22,-0.806674317038909
2009-01-23,-0.798480689198174
2009-01-24,-0.790101791122997
2009-01-25,-0.781530980679565
2009-01-26,-0.772762008043269
2009-01-27,-0.763789068875066
2009-01-28,-0.754606857077939
2009-01-29,-0.745210617159017
2009-01-30,-0.73559619622266
2009-01-31,-0.725760095619627
2009-02-01,-0.715699522277151
2009-02-02,-0.705412426452717
2009-02-03,-0.694897486180448
2009-02-04,-0.684154078634224
2009-02-05,-0.673182251770556
2009-02-06,-0.661982696235495
2009-02-07,-0.650556717519919
2009-02-08,-0.638906208347557
2009-02-09,-0.62703362128014
2009-02-10,-0.614941941524115
2009-02-11,-0.602634659923366
2009-02-12,-0.590115746122407
2009-02-13,-0.577389621884534
2009-02-14,-0.56446113454944
2009-02-15,-0.551335530614788
2009-02-16,-0.538018429426267
2009-02-17,-0.524515796960639
2009-02-18,-0.510833919686279
2009-02-19,-0.496979378485736
2009-02-20,-0.482959022624786
2009-02-21,-0.468779943752472
2009-02-22,-0.454449449916589
2009-02-23,-0.439975039579064
2009-02-24,-0.425364375615631
2009-02-25,-0.410625259284208
2009-02-26,-0.395765604146317
2009-02-27,-0.380793409925862
2009-02-28,-0.365716736289551
2009-03-01,-0.350543676533186
2009-03-02,-0.33528233159249
2009-03-03,-0.319940785778242
2009-03-04,-0.30452708336611
2009-03-05,-0.289049205708263
2009-03-06,-0.273515048857446
2009-03-07,-0.257932401694413
2009-03-08,-0.242308924549871
2009-03-09,-0.226652128312285
2009-03-10,-0.210969354013176
2009-03-11,-0.19526775288172
2009-03-12,-0.179554266860733
2009-03-13,-0.163835609576314
2009-03-14,-0.148118247753685
2009-03-15,-0.13240838307195
2009-03-16,-0.116711934450757
2009-03-17,-0.101034520762051
2009-03-18,-0.085381443960328
2009-03-19,-0.0697576726250284
2009-03-20,-0.0541678259089332
2009-03-21,-0.0386161578866307
2009-03-22,-0.0231065422973562
2009-03-23,-0.0076424576767175
2009-03-24,0.0077730271279583
2009-03-25,0.0231372670637099
2009-03-26,0.0384480546042867
2009-03-27,0.0537036331133747
2009-03-28,0.0689027098430998
2009-03-29,0.084044468571996
2009-03-30,0.099128581886407
2009-03-31,0.114155223109076
2009-04-01,0.129125077878467
2009-04-02,0.144039343377291
2009-04-03,0.158899679408865
2009-04-04,0.17370814817391
2009-04-05,0.188467154940517
2009-04-06,0.20317938958044
2009-04-07,0.217847768945154
2009-04-08,0.232475380055532
2009-04-09,0.24706542407926
2009-04-10,0.261621161070501
2009-04-11,0.276145855446594
2009-04-12,0.290642722176935
2009-04-13,0.305114873659482
2009-04-14,0.319565267260646
2009-04-15,0.333996653494623
2009-04-16,0.348411524818565
2009-04-17,0.362812065020228
2009-04-18,0.377200099175085
2009-04-19,0.391577044150144
2009-04-20,0.405943859632018
2009-04-21,0.42030099965706
2009-04-22,0.434648364621671
2009-04-23,0.448985253751147
2009-04-24,0.463310318005712
2009-04-25,0.477621513402629
2009-04-26,0.491916054733578
2009-04-27,0.506190369656713
2009-04-28,0.520440053143082
2009-04-29,0.534659822257342
2009-04-30,0.54884347125294
2009-05-01,0.562983826962195
2009-05-02,0.577072726280375
2009-05-03,0.591101080991272
2009-05-04,0.605058963714274
2009-05-05,0.618935692993622
2009-05-06,0.632719917566849
2009-05-07,0.646399699849169
2009-05-08,0.659962598670283
2009-05-09,0.673395751299801
2009-05-10,0.686685954797253
2009-05-11,0.699819746722364
2009-05-12,0.712783485241082
2009-05-13,0.725563428662534
2009-05-14,0.738145814441937
2009-05-15,0.750516937684191
2009-05-16,0.762663229182704
2009-05-17,0.774571333027781
2009-05-18,0.786228183818672
2009-05-19,0.79762108351322
2009-05-20,0.808737777948804
2009-05-21,0.819566533068126
2009-05-22,0.830096210883173
2009-05-23,0.840316345210536
2009-05-24,0.850217217211067
2009-05-25,0.859789930766718
2009-05-26,0.869026487727222
2009-05-27,0.877919863059137
2009-05-28,0.886464079929616
2009-05-29,0.894654284757129
2009-05-30,0.902486822261213
2009-05-31,0.909959310543214
2009-06-01,0.91707071622984
2009-06-02,0.923821405271579
2009-06-03,0.930213096144489
2009-06-04,0.936248788939661
2009-06-05,0.941932694798844
2009-06-06,0.947270165669525
2009-06-07,0.952267624352726
2009-06-08,0.956932494816786
2009-06-09,0.961273132750411
2009-06-10,0.965298756328222
2009-06-11,0.969019377162049
2009-06-12,0.972445731411192
2009-06-13,0.975589211024841
2009-06-14,0.978461795089827
2009-06-15,0.981075981256847
2009-06-16,0.983444717218268
2009-06-17,0.985581332210572
2009-06-18,0.987499468514481
2009-06-19,0.989213012925732
2009-06-20,0.990736028169438
2009-06-21,0.992082684230909
2009-06-22,0.993267189575758
2009-06-23,0.994303722232038
2009-06-24,0.995206360707115
2009-06-25,0.995989014711883
2009-06-26,0.996665355664885
2009-06-27,0.997248746948792
2009-06-28,0.997752173891635
2009-06-29,0.998188173445094
2009-06-30,0.998568763532041
2009-07-01,0.99890537203546
2009-07-02,0.999208781319183
2009-07-03,0.999489136077337
2009-07-04,0.999755967012948
2009-07-05,1.00001821449346
2009-07-06,1.00028425218465
2009-07-07,1.00056191066441
2009-07-08,1.00085850101803
2009-07-09,1.00118083841656
2009-07-10,1.00153526567988
2009-07-11,1.0019276768264
2009-07-12,1.00236354061091
2009-07-13,1.00284792405258
2009-07-14,1.003385515955
2009-07-15,1.00398065042004
2009-07-16,1.00463733035758
2009-07-17,1.00535925099314
2009-07-18,1.00614982337537
2009-07-19,1.00701219788547
2009-07-20,1.00794928775078
2009-07-21,1.00896379256443
2009-07-22,1.01005822181357
2009-07-23,1.01123491841794
2009-07-24,1.01249608228148
2009-07-25,1.0138437938588
2009-07-26,1.01528003773914
2009-07-27,1.01680672624982
2009-07-28,1.01842572308173
2009-07-29,1.02013886693903
2009-07-30,1.02194799521556
2009-07-31,1.02385496770014
2009-08-01,1.02586169031334
2009-08-02,1.0279701288693
2009-08-03,1.03018228292843
2009-08-04,1.03250015012514
2009-08-05,1.03492569106492
2009-08-06,1.03746079478625
2009-08-07,1.04010724478308
2009-08-08,1.0428666855837
2009-08-09,1.04574058988248
2009-08-10,1.04873022622069
2009-08-11,1.05183662721335
2009-08-12,1.05506055831908
2009-08-13,1.05840248715016
2009-08-14,1.0618625533205
2009-08-15,1.06544053882923
2009-08-16,1.06913583897815
2009-08-17,1.07294743382127
2009-08-18,1.07687386014529
2009-08-19,1.08091318397988
2009-08-20,1.08506297363706
2009-08-21,1.08932027327912
2009-08-22,1.09368157701511
2009-08-23,1.09814280352578
2009-08-24,1.1026992712177
2009-08-25,1.10734567390698
2009-08-26,1.11207605703389
2009-08-27,1.11688379440958
2009-08-28,1.12176156549665
2009-08-29,1.12670133322549
2009-08-30,1.13169432234874
2009-08-31,1.1367309983365
2009-09-01,1.14180104681517
2009-09-02,1.14689337397671
2009-09-03,1.15199618890952
2009-09-04,1.15709710529906
2009-09-05,1.1621832417826
2009-09-06,1.16724132099301
2009-09-07,1.17225776732625
2009-09-08,1.17721880346667
2009-09-09,1.18211054570346
2009-09-10,1.1869190980715
2009-09-11,1.19163064534896
2009-09-12,1.1962315449437
2009-09-13,1.20070841769995
2009-09-14,1.20504823765628
2009-09-15,1.20923842078535
2009-09-16,1.21326691274541
2009-09-17,1.21712227567311
2009-09-18,1.22079377404658
2009-09-19,1.22427145964732
2009-09-20,1.22754625564905
2009-09-21,1.23061003986084
2009-09-22,1.23345572715193
2009-09-23,1.23607735108456
2009-09-24,1.23847014478112
2009-09-25,1.24063062105121
2009-09-26,1.24255665180382
2009-09-27,1.2442475467693
2009-09-28,1.24570413155555
2009-09-29,1.2469288250619
2009-09-30,1.24792571627436
2009-10-01,1.24870064046486
2009-10-02,1.24926121846268
2009-10-03,1.24961675030825
2009-10-04,1.24977807376497
2009-10-05,1.24975742435158
2009-10-06,1.24956829683968
2009-10-07,1.24922530816181
2009-10-08,1.2487440616757
2009-10-09,1.24814101273082
2009-10-10,1.24743333548393
2009-10-11,1.24663879091079
2009-10-12,1.24577559596135
2009-10-13,1.24486229380671
2009-10-14,1.24391762512599
2009-10-15,1.24296040038217
2009-10-16,1.24200937303595
2009-10-17,1.24108311364754
2009-10-18,1.24019988481624
2009-10-19,1.23937751690835
2009-10-20,1.23863328452439
2009-10-21,1.2379837836566
2009-10-22,1.23744480948859
2009-10-23,1.23703123478899
2009-10-24,1.23675688885137
2009-10-25,1.23663443693329
2009-10-26,1.23667526014735
2009-10-27,1.23688933575766
2009-10-28,1.23728511783549
2009-10-29,1.23786941822801
2009-10-30,1.23864728779454
2009-10-31,1.23962189786498
2009-11-01,1.2407944218753
2009-11-02,1.24216395752498
2009-11-03,1.24372761039753
2009-11-04,1.24548061711377
2009-11-05,1.24741646747738
2009-11-06,1.24952702566012
2009-11-07,1.25180265047371
2009-11-08,1.25423231477543
2009-11-09,1.2568037240541
2009-11-10,1.25950343424272
2009-11-11,1.26231696880448
2009-11-12,1.26522893513778
2009-11-13,1.26822314034662
2009-11-14,1.27128270642169
2009-11-15,1.27439018487815
2009-11-16,1.2775276708952
2009-11-17,1.28067691700291
2009-11-18,1.28381944636124
2009-11-19,1.28693666567646
2009-11-20,1.29000997779962
2009-11-21,1.29302089405181
2009-11-22,1.2959511463209
2009-11-23,1.29878279897418
2009-11-24,1.30149836063118
2009-11-25,1.30408089584113
2009-11-26,1.30651413670903
2009-11-27,1.30878259451459
2009-11-28,1.31087167136789
2009-11-29,1.31276777194583
2009-11-30,1.31445841535308
2009-12-01,1.3159323471515
2009-12-02,1.3171796225566
2009-12-03,1.31819157370939
2009-12-04,1.31896074819011
2009-12-05,1.3194808478081
2009-12-06,1.31974666764689
2009-12-07,1.31975403534361
2009-12-08,1.31949975058155
2009-12-09,1.31898152477488
2009-12-10,1.31819792092446
2009-12-11,1.31714829362363
2009-12-12,1.3158327291928
2009-12-13,1.31425198592169
2009-12-14,1.31240743439796
2009-12-15,1.31030099790105
2009-12-16,1.30793509283985
2009-12-17,1.30531256921291
2009-12-18,1.30243665106972
2009-12-19,1.29931087695168
2009-12-20,1.29593904029131
2009-12-21,1.29232512974793
2009-12-22,1.28847326945852
2009-12-23,1.28438765918179
2009-12-24,1.28007251431387
2009-12-25,1.27553200575382
2009-12-26,1.27077019959705
2009-12-27,1.26579099663473
2009-12-28,1.26059807163711
2009-12-29,1.25519481239876
2009-12-30,1.24958425852349
2009-12-31,1.24376903992669
2010-01-01,1.23775131503279
2010-01-02,1.23153272516237
2010-01-03,1.22511441471012
2010-01-04,1.21849706783602
2010-01-05,1.21168094522878
2010-01-06,1.20466592095059
2010-01-07,1.19745151937199
2010-01-08,1.1900369522059
2010-01-09,1.18242115564998
2010-01-10,1.17460282764642
2010-01-11,1.16658046526852
2010-01-12,1.1583524022433
2010-01-13,1.14991684661981
2010-01-14,1.14127191859237
2010-01-15,1.13241568848862
2010-01-16,1.12334621493192
2010-01-17,1.11406158318788
2010-01-18,1.10455994370505
2010-01-19,1.09483955085947
2010-01-20,1.0848988019133
2010-01-21,1.07473627619757
2010-01-22,1.06435077452926
2010-01-23,1.05374135887294
2010-01-24,1.04290739225746
2010-01-25,1.03184857895797
2010-01-26,1.02056500495391
2010-01-27,1.0090571786736
2010-01-28,0.997326072035971
2010-01-29,0.985373161800425
2010-01-30,0.973200471235505
2010-01-31,0.960810612117425
2010-02-01,0.948206827069429
2010-02-02,0.935393018625455
2010-02-03,0.922373724079123
2010-02-04,0.909154076740475
2010-02-05,0.895739767156558
2010-02-06,0.882137004288227
2010-02-07,0.86835247663547
2010-02-08,0.854393313303488
2010-02-09,0.840267045001634
2010-02-10,0.825981564967294
2010-02-11,0.811545089806665
2010-02-12,0.796966120244328
2010-02-13,0.782253401773427
2010-02-14,0.767415885198192
2010-02-15,0.752462687060469
2010-02-16,0.737403049941833
2010-02-17,0.722246302632801
2010-02-18,0.707001820160568
2010-02-19,0.691678983666645
2010-02-20,0.67628714012567
2010-02-21,0.660835561896626
2010-02-22,0.645333406097593
2010-02-23,0.629789673795141
2010-02-24,0.614213168999333
2010-02-25,0.598612457455322
2010-02-26,0.58299582522237
2010-02-27,0.567371237031134
2010-02-28,0.551746294409935
2010-03-01,0.536128193570682
2010-03-02,0.520523691764191
2010-03-03,0.504939108240358
2010-03-04,0.489380333598063
2010-03-05,0.473852838789316
2010-03-06,0.458361683774688
2010-03-07,0.442911525826961
2010-03-08,0.427506627479789
2010-03-09,0.412150864118095
2010-03-10,0.39684773120679
2010-03-11,0.381600351154282
2010-03-12,0.366411479807143
2010-03-13,0.351283512572167
2010-03-14,0.336218490161932
2010-03-15,0.321218103959857
2010-03-16,0.306283701000613
2010-03-17,0.291416288561621
2010-03-18,0.276616538361231
2010-03-19,0.26188479035905
2010-03-20,0.247221056153736
2010-03-21,0.232625021973453
2010-03-22,0.218096051254012
2010-03-23,0.203633186799615
2010-03-24,0.189235152520925
2010-03-25,0.174900354745086
2010-03-26,0.160626883092111
2010-03-27,0.146412510911943
2010-03-28,0.132254695276315
2010-03-29,0.118150576519368
2010-03-30,0.104096977320846
2010-03-31,0.0900904013254924
2010-04-01,0.0761270312921229
2010-04-02,0.0622027324984027
2010-04-03,0.0483130787655879
2010-04-04,0.0344533845945086
2010-04-05,0.0206187378698002
2010-04-06,0.0068040331541861
2010-04-07,-0.0069959944050974
2010-04-08,-0.0207867345353448
2010-04-09,-0.0345736666402053
2010-04-10,-0.0483623239212908
2010-04-11,-0.0621582567962558
2010-04-12,-0.0759669955897205
2010-04-13,-0.0897940124730803
2010-04-14,-0.103644682628913
2010-04-15,-0.117524244615357
2010-04-16,-0.131437759905489
2010-04-17,-0.145390071576371
2010-04-18,-0.1593857621221
2010-04-19,-0.17342911036479
2010-04-20,-0.187524047437096
2010-04-21,-0.201674111809458
2010-04-22,-0.215882403334902
2010-04-23,-0.230151536283817
2010-04-24,-0.244483591340744
2010-04-25,-0.258880066534787
2010-04-26,-0.273341827074876
2010-04-27,-0.287869054060655
2010-04-28,-0.302461192039373
2010-04-29,-0.317116895378702
2010-04-30,-0.331833973424977
2010-05-01,-0.346609334415892
2010-05-02,-0.36143894877254
2010-05-03,-0.376317893974088
2010-05-04,-0.391240420090856
2010-05-05,-0.40620001561213
2010-05-06,-0.421189473606906
2010-05-07,-0.436200958256057
2010-05-08,-0.451226071794607
2010-05-09,-0.466255921903091
2010-05-10,-0.48128118958723
2010-05-11,-0.496292197585422
2010-05-12,-0.511278979343851
2010-05-13,-0.526231348599299
2010-05-14,-0.541138969610043
2010-05-15,-0.555991428075561
2010-05-16,-0.570778302786071
2010-05-17,-0.585489238043255
2010-05-18,-0.600114016893909
2010-05-19,-0.614642635218551
2010-05-20,-0.62906537671744
2010-05-21,-0.643372888836802
2010-05-22,-0.657556259678446
2010-05-23,-0.671607095936373
2010-05-24,-0.685517601904344
2010-05-25,-0.699280659598837
2010-05-26,-0.712889910042215
2010-05-27,-0.726339835751382
2010-05-28,-0.739625844477632
2010-05-29,-0.752744354243896
2010-05-30,-0.765692879726007
2010-05-31,-0.778470120025123
2010-06-01,-0.791076047878933
2010-06-02,-0.803511971675253
2010-06-03,-0.815780483993647
2010-06-04,-0.827885381684039
2010-06-05,-0.839831585868881
2010-06-06,-0.851625061824798
2010-06-07,-0.863272738699438
2010-06-08,-0.874782429019084
2010-06-09,-0.886162747942348
2010-06-10,-0.897423032215072
2010-06-11,-0.908573258781323
2010-06-12,-0.919623963005138
2010-06-13,-0.930586156457411
2010-06-14,-0.941471244222087
2010-06-15,-0.952290941675507
2010-06-16,-0.963057190692533
2010-06-17,-0.973782075232715
2010-06-18,-0.984477736259534
2010-06-19,-0.995156285945375
2010-06-20,-1.00582972111461
2010-06-21,-1.0165098358768
2010-06-22,-1.02720813340173
2010-06-23,-1.03793573678748
2010-06-24,-1.04870329897268
2010-06-25,-1.05952091164329
2010-06-26,-1.07039801308424
2010-06-27,-1.08134329492564
2010-06-28,-1.09236460773291
2010-06-29,-1.10346886538974
2010-06-30,-1.11466194822244
2010-07-01,-1.12594860481362
2010-07-02,-1.13733237755473
2010-07-03,-1.14881562747341
2010-07-04,-1.1603995841214
2010-07-05,-1.17208439571628
2010-07-06,-1.18386917956203
2010-07-07,-1.19575207277411
2010-07-08,-1.20773028333469
2010-07-09,-1.21980014150406
2010-07-10,-1.23195715161451
2010-07-11,-1.24419604427318
2010-07-12,-1.25651082900082
2010-07-13,-1.26889484733343
2010-07-14,-1.28134082641426
2010-07-15,-1.29384093310395
2010-07-16,-1.30638682863656
2010-07-17,-1.31896972385016
2010-07-18,-1.33158043502027
2010-07-19,-1.34420944032536
2010-07-20,-1.35684693697349
2010-07-21,-1.36948289901982
2010-07-22,-1.38210713590497
2010-07-23,-1.3947093517444
2010-07-24,-1.40727920539953
2010-07-25,-1.41980637136174
2010-07-26,-1.43228060148037
2010-07-27,-1.44469178756672
2010-07-28,-1.45703002490607
2010-07-29,-1.46928567671024
2010-07-30,-1.48144943954372
2010-07-31,-1.4935124097565
2010-08-01,-1.50546615095757
2010-08-02,-1.51730275038828
2010-08-03,-1.52901482738247
2010-08-04,-1.54059552917202
2010-08-05,-1.55203852589419
2010-08-06,-1.56333800479984
2010-08-07,-1.57448866366077
2010-08-08,-1.58548570337456
2010-08-09,-1.5963248197644
2010-08-10,-1.60700219457129
2010-08-11,-1.61751448563538
2010-08-12,-1.62785881626293
2010-08-13,-1.63803276377488
2010-08-14,-1.64803434723265
2010-08-15,-1.65786201433627
2010-08-16,-1.66751462748966
2010-08-17,-1.67699144902736
2010-08-18,-1.68629212559666
2010-08-19,-1.69541667168851
2010-08-20,-1.70436545231037
2010-08-21,-1.71313916479359
2010-08-22,-1.72173881972755
2010-08-23,-1.7301657210123
2010-08-24,-1.73842144502105
2010-08-25,-1.74650781886353
2010-08-26,-1.7544268977405
2010-08-27,-1.76218094137971
2010-08-28,-1.76977238954268
2010-08-29,-1.77720383659169
2010-08-30,-1.78447800510556
2010-08-31,-1.79159771853259
2010-09-01,-1.79856587286848
2010-09-02,-1.80538540825569
2010-09-03,-1.81205928357276
2010-09-04,-1.81859045269285
2010-09-05,-1.82498184184478
2010-09-06,-1.83123632806501
2010-09-07,-1.83735671872936
2010-09-08,-1.84334573215368
2010-09-09,-1.84920597925336
2010-09-10,-1.85493994625179
2010-09-11,-1.86054997842871
2010-09-12,-1.86603826489942
2010-09-13,-1.87140682441674
2010-09-14,-1.87665749218786
2010-09-15,-1.88179190769855
2010-09-16,-1.88681150353808
2010-09-17,-1.89171749521823
2010-09-18,-1.89651087198058
2010-09-19,-1.90119238858644
2010-09-20,-1.90576255808455
2010-09-21,-1.91022164555191
2010-09-22,-1.91456966280356
2010-09-23,-1.91880636406789
2010-09-24,-1.92293124262408
2010-09-25,-1.92694352839902
2010-09-26,-1.93084218652155
2010-09-27,-1.93462591683207
2010-09-28,-1.93829315434623
2010-09-29,-1.94184207067185
2010-09-30,-1.94527057637856
2010-10-01,-1.94857632432024
2010-10-02,-1.95175671824688
2010-10-03,-1.95480893942227
2010-10-04,-1.95772997707011
2010-10-05,-1.96051665803278
2010-10-06,-1.96316567565811
2010-10-07,-1.96567361792954
2010-10-08,-1.9680369948543
2010-10-09,-1.9702522651245
2010-10-10,-1.97231586206495
2010-10-11,-1.97422421888212
2010-10-12,-1.97597379322735
2010-10-13,-1.97756109108816
2010-10-14,-1.97898269002012
2010-10-15,-1.98023526173254
2010-10-16,-1.98131559403991
2010-10-17,-1.98222061219157
2010-10-18,-1.98294739959129
2010-10-19,-1.98349321791829
2010-10-20,-1.98385552666097
2010-10-21,-1.98403200207446
2010-10-22,-1.98402055557247
2010-10-23,-1.98381935156403
2010-10-24,-1.98342682474514
2010-10-25,-1.98284169685539
2010-10-26,-1.98206299290887
2010-10-27,-1.98109005690897
2010-10-28,-1.97992256705602
2010-10-29,-1.97856055045654
2010-10-30,-1.97700439734272
2010-10-31,-1.97525487481038
2010-11-01,-1.97331314008346
2010-11-02,-1.9711807498456
2010-11-03,-1.96885965530885
2010-11-04,-1.9663521936813
2010-11-05,-1.96366107956214
2010-11-06,-1.96078939625954
2010-11-07,-1.95774058702677
2010-11-08,-1.95451844621182
2010-11-09,-1.95112711031578
2010-11-10,-1.94757104895503
2010-11-11,-1.94385505572247
2010-11-12,-1.93998423894249
2010-11-13,-1.93596401231488
2010-11-14,-1.93180008544212
2010-11-15,-1.92749845423514
2010-11-16,-1.92306539119183
2010-11-17,-1.91850743554303
2010-11-18,-1.91383138326043
2010-11-19,-1.90904427692055
2010-11-20,-1.90415339541932
2010-11-21,-1.89916624353119
2010-11-22,-1.89409054130689
2010-11-23,-1.8889342133039
2010-11-24,-1.88370537764332
2010-11-25,-1.87841233488705
2010-11-26,-1.87306355672881
2010-11-27,-1.8676676744927
2010-11-28,-1.86223346743253
2010-11-29,-1.85676985082549
2010-11-30,-1.85128586385326
2010-12-01,-1.84579065726363
2010-12-02,-1.84029347317718
2010-12-03,-1.83480359441908
2010-12-04,-1.82933028734351
2010-12-05,-1.82388274602618
2010-12-06,-1.81847003779569
2010-12-07,-1.81310105007469
2010-12-08,-1.80778443850273
2010-12-09,-1.80252857631314
2010-12-10,-1.79734150493681
2010-12-11,-1.79223088580648
2010-12-12,-1.7872039533355
2010-12-13,-1.78226746904592
2010-12-14,-1.77742767682092
2010-12-15,-1.77269025925745
2010-12-16,-1.7680602950955
2010-12-17,-1.76354221770069
2010-12-18,-1.75913977457776
2010-12-19,-1.75485598789278
2010-12-20,-1.75069311598267
2010-12-21,-1.74665261583099
2010-12-22,-1.7427351064895
2010-12-23,-1.73894033342557
2010-12-24,-1.73526713377596
2010-12-25,-1.73171340248811
2010-12-26,-1.72827605933034
2010-12-27,-1.72495101675323
2010-12-28,-1.72173314858454
2010-12-29,-1.71861625954082
2010-12-30,-1.71559305553926
2010-12-31,-1.71265511479364
2011-01-01,-1.70979285967912
2011-01-02,-1.70699555477981
2011-01-03,-1.70425140683713
2011-01-04,-1.70154768808758
2011-01-05,-1.69887085705513
2011-01-06,-1.69620667685984
2011-01-07,-1.69354033110367
2011-01-08,-1.6908565373931
2011-01-09,-1.68813965855744
2011-01-10,-1.68537381162062
2011-01-11,-1.68254297458332
2011-01-12,-1.6796310910713
2011-01-13,-1.67662217290507
2011-01-14,-1.67350040064472
2011-01-15,-1.67025022216325
2011-01-16,-1.66685644930055
2011-01-17,-1.66330435264942
2011-01-18,-1.65957975452411
2011-01-19,-1.65566912016101
2011-01-20,-1.65155964720017
2011-01-21,-1.6472393534958
2011-01-22,-1.64269716330256
2011-01-23,-1.63792299188413
2011-01-24,-1.63290782858942
2011-01-25,-1.62764381844118
2011-01-26,-1.6221243422807
2011-01-27,-1.616344095512
2011-01-28,-1.61029916548749
2011-01-29,-1.60398710757701
2011-01-30,-1.59740701996073
2011-01-31,-1.59055961718637
2011-02-01,-1.58344730252967
2011-02-02,-1.57607420317928
2011-02-03,-1.56844606095384
2011-02-04,-1.56057008951887
2011-02-05,-1.55245483479241
2011-02-06,-1.54411003847028
2011-02-07,-1.53554650460262
2011-02-08,-1.52677596915522
2011-02-09,-1.51781097248963
2011-02-10,-1.5086647346978
2011-02-11,-1.49935103372798
2011-02-12,-1.48988408623963
2011-02-13,-1.48027843112647
2011-02-14,-1.47054881564788
2011-02-15,-1.46071008410977
2011-02-16,-1.45077706903759
2011-02-17,-1.44076448478473
2011-02-18,-1.43068682352106
2011-02-19,-1.42055825354722
2011-02-20,-1.41039251988142
2011-02-21,-1.40020284706654
2011-02-22,-1.39000184414622
2011-02-23,-1.37980141176001
2011-02-24,-1.36961265130828
2011-02-25,-1.35944577613878
2011-02-26,-1.34931002470777
2011-02-27,-1.33921357566953
2011-02-28,-1.32916346484909
2011-03-01,-1.31916550405393
2011-03-02,-1.30922423143348
2011-03-03,-1.29934298187007
2011-03-04,-1.28952398519716
2011-03-05,-1.27976846179273
2011-03-06,-1.27007671559109
2011-03-07,-1.26044822455551
2011-03-08,-1.25088172865306
2011-03-09,-1.24137531537183
2011-03-10,-1.23192650281999
2011-03-11,-1.22253232044492
2011-03-12,-1.21318938740969
2011-03-13,-1.20389398866332
2011-03-14,-1.19464214874007
2011-03-15,-1.18542970332214
2011-03-16,-1.17625236859928
2011-03-17,-1.16710580845764
2011-03-18,-1.1579856995294
2011-03-19,-1.14888779413382
2011-03-20,-1.1398079811391
2011-03-21,-1.13074234477395
2011-03-22,-1.12168722141651
2011-03-23,-1.11263925438738
2011-03-24,-1.10359544677276
2011-03-25,-1.09455321230266
2011-03-26,-1.08551042430822
2011-03-27,-1.0764654627813
2011-03-28,-1.0674172595587
2011-03-29,-1.05836534165231
2011-03-30,-1.04930987274566
2011-03-31,-1.04025169287656
2011-04-01,-1.03119235632441
2011-04-02,-1.0221341517494
2011-04-03,-1.01308005725224
2011-04-04,-1.00403368053491
2011-04-05,-0.994999200680868
2011-04-06,-0.985981311532028
2011-04-07,-0.976985166640398
2011-04-08,-0.968016325772924
2011-04-09,-0.959080702948696
2011-04-10,-0.950184515988342
2011-04-11,-0.941334237556051
2011-04-12,-0.93253654767528
2011-04-13,-0.923798287699873
2011-04-14,-0.915126415722881
2011-04-15,-0.906527963406054
2011-04-16,-0.89800999421356
2011-04-17,-0.889579563034102
2011-04-18,-0.881243677176245
2011-04-19,-0.87300925872235
2011-04-20,-0.864883108227139
2011-04-21,-0.856871869747516
2011-04-22,-0.848981997190888
2011-04-23,-0.841219721969822
2011-04-24,-0.833591021951479
2011-04-25,-0.826101591690889
2011-04-26,-0.818756813937707
2011-04-27,-0.811561732406708
2011-04-28,-0.804521025802866
2011-04-29,-0.797638983092478
2011-04-30,-0.790919480012376
2011-05-01,-0.784365956809868
2011-05-02,-0.777981402928341
2011-05-03,-0.771768365588647
2011-05-04,-0.76572896426225
2011-05-05,-0.759864905108902
2011-05-06,-0.754177495383823
2011-05-07,-0.748667657819403
2011-05-08,-0.743335944986471
2011-05-09,-0.738182553640227
2011-05-10,-0.733207339055942
2011-05-11,-0.72840982935961
2011-05-12,-0.723789239858727
2011-05-13,-0.719344487378455
2011-05-14,-0.71507420460843
2011-05-15,-0.710976754465531
2011-05-16,-0.707050244477987
2011-05-17,-0.703292541196182
2011-05-18,-0.699701284635639
2011-05-19,-0.696273902757627
2011-05-20,-0.693007625992943
2011-05-21,-0.68989950181443
2011-05-22,-0.686946409363836
2011-05-23,-0.68414507413869
2011-05-24,-0.68149208274489
2011-05-25,-0.678983897720761
2011-05-26,-0.676616872438384
2011-05-27,-0.674387266088052
2011-05-28,-0.672291258751741
2011-05-29,-0.670324966571561
2011-05-30,-0.668484457019193
2011-05-31,-0.666765764272343
2011-06-01,-0.665164904704354
2011-06-02,-0.66367789513601
2011-06-03,-0.662300781572426
2011-06-04,-0.661029669655553
2011-06-05,-0.659860753988465
2011-06-06,-0.658790346342987
2011-06-07,-0.657814902761762
2011-06-08,-0.65693104956532
2011-06-09,-0.656135608274215
2011-06-10,-0.655425619455794
2011-06-11,-0.65479836550466
2011-06-12,-0.654251392365385
2011-06-13,-0.653782530205544
2011-06-14,-0.653389913046612
2011-06-15,-0.653071997359809
2011-06-16,-0.652827579633446
2011-06-17,-0.652655812917849
2011-06-18,-0.652556222353432
2011-06-19,-0.652528719686999
2011-06-20,-0.652573616780869
2011-06-21,-0.652691638118906
2011-06-22,-0.652883932313051
2011-06-23,-0.653152082613467
2011-06-24,-0.653498116424904
2011-06-25,-0.653924513831389
2011-06-26,-0.654434215130887
2011-06-27,-0.65503062738103
2011-06-28,-0.655717629956575
2011-06-29,-0.656499579118704
2011-06-30,-0.657381311595829
2011-07-01,-0.658368147175033
2011-07-02,-0.659465877846752
2011-07-03,-0.660680706602026
2011-07-04,-0.6620191751208
2011-07-05,-0.663488093251773
2011-07-06,-0.665094470255027
2011-07-07,-0.666845447779434
2011-07-08,-0.668748234547584
2011-07-09,-0.670810042721738
2011-07-10,-0.673038025925017
2011-07-11,-0.675439218892823
2011-07-12,-0.678020478730175
2011-07-13,-0.680788427751404
2011-07-14,-0.683749397879354
2011-07-15,-0.686909376581993
2011-07-16,-0.690273954325002
2011-07-17,-0.693848273519692
2011-07-18,-0.69763697894625
2011-07-19,-0.701644169633074
2011-07-20,-0.70587335217363
2011-07-21,-0.710327395462996
2011-07-22,-0.715008486836927
2011-07-23,-0.719918089597018
2011-07-24,-0.725056901906198
2011-07-25,-0.730424817039505
2011-07-26,-0.7360208849758
2011-07-27,-0.741843275316718
2011-07-28,-0.747889241519922
2011-07-29,-0.754155086434332
2011-07-30,-0.760636129125763
2011-07-31,-0.767326672982027
2011-08-01,-0.774219975087308
2011-08-02,-0.781308237336734
2011-08-03,-0.788582680147638
2011-08-04,-0.796033635020528
2011-08-05,-0.803650634922722
2011-08-06,-0.811422502531176
2011-08-07,-0.819337436370159
2011-08-08,-0.827383094878604
2011-08-09,-0.835546678441075
2011-08-10,-0.843815009415476
2011-08-11,-0.852174610189789
2011-08-12,-0.86061177929926
2011-08-13,-0.869112665634677
2011-08-14,-0.877663340771511
2011-08-15,-0.886249869448894
2011-08-16,-0.894858378226597
2011-08-17,-0.903475122347346
2011-08-18,-0.912086550831012
2011-08-19,-0.920679369826419
2011-08-20,-0.929240604245692
2011-08-21,-0.937757657705297
2011-08-22,-0.946218370797113
2011-08-23,-0.954611077712101
2011-08-24,-0.962924661238334
2011-08-25,-0.971148606154398
2011-08-26,-0.979273051038349
2011-08-27,-0.987288838511689
2011-08-28,-0.995187563937006
2011-08-29,-1.00296162258717
2011-08-30,-1.01060425530319
2011-08-31,-1.01810959265715
2011-09-01,-1.02547269763568
2011-09-02,-1.0326895880786
2011-09-03,-1.03975718310608
2011-09-04,-1.04667323212432
2011-09-05,-1.05343624572822
2011-09-06,-1.06004542847207
2011-09-07,-1.06650061348016
2011-09-08,-1.07280219886979
2011-09-09,-1.07895108595995
2011-09-10,-1.08494861923974
2011-09-11,-1.09079652807114
2011-09-12,-1.09649687010169
2011-09-13,-1.10205197636324
2011-09-14,-1.10746439803354
2011-09-15,-1.11273685483841
2011-09-16,-1.11787218507269
2011-09-17,-1.12287329721894
2011-09-18,-1.12774312314368
2011-09-19,-1.1324845728515
2011-09-20,-1.13710049077811
2011-09-21,-1.14159361360411
2011-09-22,-1.14596652957195
2011-09-23,-1.15022163928919
2011-09-24,-1.15436111800192
2011-09-25,-1.15838687932271
2011-09-26,-1.16230054039846
2011-09-27,-1.16610338850379
2011-09-28,-1.16979634904664
2011-09-29,-1.17337995497306
2011-09-30,-1.17685431755928
2011-10-01,-1.1802190985794
2011-10-02,-1.18347349382619
2011-10-03,-1.18661625752786
2011-10-04,-1.18964573604362
2011-10-05,-1.19255990045329
2011-10-06,-1.19535637806133
2011-10-07,-1.19803248283505
2011-10-08,-1.20058524479648
2011-10-09,-1.20301143838676
2011-10-10,-1.20530760982171
2011-10-11,-1.20747010345656
2011-10-12,-1.20949508717774
2011-10-13,-1.21137857683886
2011-10-14,-1.21311645975783
2011-10-15,-1.21470451729163
2011-10-16,-1.21613844650487
2011-10-17,-1.2174138809477
2011-10-18,-1.21852641055857
2011-10-19,-1.21947160070665
2011-10-20,-1.22024501038848
2011-10-21,-1.22084220959315
2011-10-22,-1.22125879584965
2011-10-23,-1.22149040996999
2011-10-24,-1.22153275100106
2011-10-25,-1.22138159039809
2011-10-26,-1.22103278543192
2011-10-27,-1.22048229184227
2011-10-28,-1.2197261757486
2011-10-29,-1.21876062482989
2011-10-30,-1.21758195878441
2011-10-31,-1.21618663908002
2011-11-01,-1.21457127800556
2011-11-02,-1.21273264779739
2011-11-03,-1.21066769230635
2011-11-04,-1.20837353956634
2011-11-05,-1.20584751465789
2011-11-06,-1.20308715286001
2011-11-07,-1.20009021308343
2011-11-08,-1.19685469157869
2011-11-09,-1.19337883591248
2011-11-10,-1.1896611592058
2011-11-11,-1.18570045462763
2011-11-12,-1.18149581013765
2011-11-13,-1.17704662347207
2011-11-14,-1.17235261736621
2011-11-15,-1.16741385500788
2011-11-16,-1.16223075571554
2011-11-17,-1.1568041108353
2011-11-18,-1.1511350998509
2011-11-19,-1.14522530670082
2011-11-20,-1.13907673629672
2011-11-21,-1.13269183123749
2011-11-22,-1.12607348871327
2011-11-23,-1.11922507759362
2011-11-24,-1.11215045569434
2011-11-25,-1.10485398721729
2011-11-26,-1.09734056035748
2011-11-27,-1.08961560507215
2011-11-28,-1.08168511100588
2011-11-29,-1.0735556455665
2011-11-30,-1.06523437214606
2011-12-01,-1.0567290684813
2011-12-02,-1.04804813317524
2011-12-03,-1.03920054446763
2011-12-04,-1.03019580721348
2011-12-05,-1.0210439000404
2011-12-06,-1.0117552226688
2011-12-07,-1.00234054337918
2011-12-08,-0.992810946610639
2011-12-09,-0.983177780674766
2011-12-10,-0.97345260556911
2011-12-11,-0.963647140874469
2011-12-12,-0.953773213720172
2011-12-13,-0.943842706801612
2011-12-14,-0.933867506434251
2011-12-15,-0.923859450628368
2011-12-16,-0.913830277168787
2011-12-17,-0.903791571683868
2011-12-18,-0.893754715688028
2011-12-19,-0.883730834582073
2011-12-20,-0.873730745595621
2011-12-21,-0.863764905655918
2011-12-22,-0.853843359167323
2011-12-23,-0.843975685685774
2011-12-24,-0.834170947472515
2011-12-25,-0.824437636911399
2011-12-26,-0.814783623774051
2011-12-27,-0.80521610231719
2011-12-28,-0.795741538196418
2011-12-29,-0.786365615180749
2011-12-30,-0.777093181652181
2011-12-31,-0.767928196874597
2012-01-01,-0.758873677016266
2012-01-02,-0.74993165757166
2012-01-03,-0.741103222190942
2012-01-04,-0.732388548082852
2012-01-05,-0.723786951386396
2012-01-06,-0.715296932535035
2012-01-07,-0.706916221637138
2012-01-08,-0.698641823896583
2012-01-09,-0.690470065097494
2012-01-10,-0.682396637177223
2012-01-11,-0.674416643911784
2012-01-12,-0.6665246467381
2012-01-13,-0.658714710737532
2012-01-14,-0.6509804508053
2012-01-15,-0.643315078030555
2012-01-16,-0.635711446312
2012-01-17,-0.628162099234103
2012-01-18,-0.620659317229129
2012-01-19,-0.613195165050349
2012-01-20,-0.60576153958198
2012-01-21,-0.598350218011567
2012-01-22,-0.590952906390716
2012-01-23,-0.583561288610262
2012-01-24,-0.576167075816144
2012-01-25,-0.568762056292478
2012-01-26,-0.561338145838508
2012-01-27,-0.55388743866633
2012-01-28,-0.546402258846497
2012-01-29,-0.538875212328852
2012-01-30,-0.531299239566138
2012-01-31,-0.523667668768205
2012-02-01,-0.515974269814834
2012-02-02,-0.508213298353854
2012-02-03,-0.500379498433893
2012-02-04,-0.492468094500737
2012-02-05,-0.48447478307669
2012-02-06,-0.476395724107505
2012-02-07,-0.468227531961234
2012-02-08,-0.459967266063171
2012-02-09,-0.451612421150816
2012-02-10,-0.44316091713259
2012-02-11,-0.434611088533772
2012-02-12,-0.425961673512939
2012-02-13,-0.41721180243191
2012-02-14,-0.408360985961962
2012-02-15,-0.399409102708855
2012-02-16,-0.390356386338899
2012-02-17,-0.381203412188076
2012-02-18,-0.371951083335926
2012-02-19,-0.362600616125646
2012-02-20,-0.353153525111554
2012-02-21,-0.343611607414792
2012-02-22,-0.333976926467815
2012-02-23,-0.324251795127953
2012-02-24,-0.314438758139974
2012-02-25,-0.304540573927279
2012-02-26,-0.294560195691051
2012-02-27,-0.284500751796292
2012-02-28,-0.274365525423417
2012-02-29,-0.264157933463645
2012-03-01,-0.25388150463615
2012-03-02,-0.243539858902228
2012-03-03,-0.233136694648649
2012-03-04,-0.222675778136713
2012-03-05,-0.212160933325783
2012-03-06,-0.201596032081701
2012-03-07,-0.190984984780657
2012-03-08,-0.180331731319243
2012-03-09,-0.169640232541618
2012-03-10,-0.158914462094859
2012-03-11,-0.148158398723811
2012-03-12,-0.137376019016885
2012-03-13,-0.126571290614515
2012-03-14,-0.11574816589213
2012-03-15,-0.104910576129763
2012-03-16,-0.0940624261806002
2012-03-17,-0.0832075896510191
2012-03-18,-0.072349904604884
2012-03-19,-0.0614931698051131
2012-03-20,-0.0506411415057691
2012-03-21,-0.0397975308081769
2012-03-22,-0.0289660015948291
2012-03-23,-0.0181501690551016
2012-03-24,-0.0073535988170718
2012-03-25,0.003420193299992
2012-03-26,0.0141677408976224
2012-03-27,0.0248856259594822
2012-03-28,0.0355704771466006
2012-03-29,0.046218967410776
2012-03-30,0.0568278109100993
2012-03-31,0.0673937592102345
2012-04-01,0.0779135967547712
2012-04-02,0.0883841346409453
2012-04-03,0.0988022000227107
2012-04-04,0.109164624686119
2012-04-05,0.119468233930201
2012-04-06,0.129709835765525
2012-04-07,0.139886210442769
2012-04-08,0.149994100323762
2012-04-09,0.160030200107641
2012-04-10,0.169991147424904
2012-04-11,0.179873513812323
2012-04-12,0.189673796081854
2012-04-13,0.199388408096873
2012-04-14,0.209013672969231
2012-04-15,0.218545815690856
2012-04-16,0.227980956213803
2012-04-17,0.237315102992881
2012-04-18,0.246544147005197
2012-04-19,0.255663856261185
2012-04-20,0.26466987082192
2012-04-21,0.273557698337772
2012-04-22,0.282322710123658
2012-04-23,0.290960137786467
2012-04-24,0.299465070420448
2012-04-25,0.307832452386629
2012-04-26,0.316057081692637
2012-04-27,0.324133608989538
2012-04-28,0.332056537202633
2012-04-29,0.339820221813441
2012-04-30,0.347418871810395
2012-05-01,0.354846551326109
2012-05-02,0.362097188121561
2012-05-03,0.369164607151364
2012-05-04,0.376042569956826
2012-05-05,0.382724813541173
2012-05-06,0.389205088731815
2012-05-07,0.395477198034336
2012-05-08,0.401535032982639
2012-05-09,0.407372610989456
2012-05-10,0.412984111701193
2012-05-11,0.418363912860861
2012-05-12,0.423506625682577
2012-05-13,0.428407129740913
2012-05-14,0.433060607378095
2012-05-15,0.437462577631824
2012-05-16,0.441608929686257
2012-05-17,0.445495955848387
2012-05-18,0.449120384051861
2012-05-19,0.452479409889983
2012-05-20,0.455570728179391
2012-05-21,0.45839256405565
2012-05-22,0.460943703601719
2012-05-23,0.463223524009976
2012-05-24,0.465232023278245
2012-05-25,0.466969849439939
2012-05-26,0.468438329328197
2012-05-27,0.469639496873591
2012-05-28,0.470576120934692
2012-05-29,0.47125173266049
2012-05-30,0.471670652383375
2012-05-31,0.471838016041089
2012-06-01,0.471759801125743
2012-06-02,0.471442834738631
2012-06-03,0.470894731748505
2012-06-04,0.470123816333368
2012-06-05,0.469139044560439
2012-06-06,0.467949927978985
2012-06-07,0.466566458201133
2012-06-08,0.464999032446102
2012-06-09,0.463258380023723
2012-06-10,0.461355489733431
2012-06-11,0.459301538155328
2012-06-12,0.457107818810247
2012-06-13,0.454785672166139
2012-06-14,0.452346416468456
2012-06-15,0.449801279372559
2012-06-16,0.447161330356558
2012-06-17,0.444437413893325
2012-06-18,0.44164008336081
2012-06-19,0.438779535670102
2012-06-20,0.435865546591082
2012-06-21,0.432907406755823
2012-06-22,0.42991385832027
2012-06-23,0.42689303226507
2012-06-24,0.423852386316787
2012-06-25,0.420798643471063
2012-06-26,0.417737731099652
2012-06-27,0.414674720623588
2012-06-28,0.411613767735114
2012-06-29,0.408558053151306
2012-06-30,0.405509723882712
2012-07-01,0.402469835000654
2012-07-02,0.39943831630276
2012-07-03,0.39641403684919
2012-07-04,0.393394893080168
2012-07-05,0.390377895863031
2012-07-06,0.387359256498512
2012-07-07,0.384334471715659
2012-07-08,0.381298407684403
2012-07-09,0.378245383074443
2012-07-10,0.375169251188788
2012-07-11,0.372063481199896
2012-07-12,0.368921238516073
2012-07-13,0.365735464305386
2012-07-14,0.362498954204053
2012-07-15,0.359204436235914
2012-07-16,0.355844647969251
2012-07-17,0.352412412936905
2012-07-18,0.348900716345298
2012-07-19,0.345302780097645
2012-07-20,0.341612137156326
2012-07-21,0.337822705269034
2012-07-22,0.333928860083049
2012-07-23,0.329925507671604
2012-07-24,0.325808156496056
2012-07-25,0.32157298882722
2012-07-26,0.317216931648918
2012-07-27,0.312737727066513
2012-07-28,0.308134002242847
2012-07-29,0.303405338883731
2012-07-30,0.298552342294816
2012-07-31,0.293576710031364
2012-08-01,0.288481300162154
2012-08-02,0.283270172523558
2012-08-03,0.277948523228878
2012-08-04,0.272522593095276
2012-08-05,0.266999576786529
2012-08-06,0.2613875326368
2012-08-07,0.255695293120788
2012-08-08,0.249932375935807
2012-08-09,0.244108895661531
2012-08-10,0.238235475963323
2012-08-11,0.232323162305224
2012-08-12,0.226383335138857
2012-08-13,0.220427623534666
2012-08-14,0.21446781922205
2012-08-15,0.20851579100513
2012-08-16,0.202583399521009
2012-08-17,0.196682412307558
2012-08-18,0.190824419147867
2012-08-19,0.185020747658659
2012-08-20,0.17928237909009
2012-08-21,0.173619864304475
2012-08-22,0.168043239901597
2012-08-23,0.162561944458403
2012-08-24,0.157184734850948
2012-08-25,0.151919602626614
2012-08-26,0.146773690394689
2012-08-27,0.141753208203514
2012-08-28,0.136863349872482
2012-08-29,0.132108209247284
2012-08-30,0.127490696346863
2012-08-31,0.123012453370624
2012-09-01,0.118673770534532
2012-09-02,0.114473529860062
2012-09-03,0.110409261303277
2012-09-04,0.10647722654899
2012-09-05,0.102672502292817
2012-09-06,0.0989890630477895
2012-09-07,0.0954198635121064
2012-09-08,0.0919569205345611
2012-09-09,0.0885913947141042
2012-09-10,0.085313671669955
2012-09-11,0.0821134430186307
2012-09-12,0.0789797870942185
2012-09-13,0.0759012494481855
2012-09-14,0.0728659231649955
2012-09-15,0.0698615290297795
2012-09-16,0.0668754955842979
2012-09-17,0.0638950391074227
2012-09-18,0.060907243556371
2012-09-19,0.0578991405049278
2012-09-20,0.0548577891149103
2012-09-21,0.0517703561771463
2012-09-22,0.0486241962582691
2012-09-23,0.0454069319896631
2012-09-24,0.0421065345349366
2012-09-25,0.0387114042723483
2012-09-26,0.035210451728665
2012-09-27,0.0315931788009935
2012-09-28,0.0278497603031947
2012-09-29,0.0239711258735663
2012-09-30,0.0199490422805594
2012-10-01,0.0157761961633848
2012-10-02,0.011446257784023
2012-10-03,0.0069538673794156
2012-10-04,0.002294602255572
2012-10-05,-0.0025350559901816
2012-10-06,-0.0075377541349831
2012-10-07,-0.0127152999004759
2012-10-08,-0.0180686944433986
2012-10-09,-0.0235981647830774
2012-10-10,-0.0293031961822389
2012-10-11,-0.0351825644976323
2012-10-12,-0.041234368517026
2012-10-13,-0.0474560622992166
2012-10-14,-0.0538444875337726
2012-10-15,-0.0603959059373187
2012-10-16,-0.0671060317032536
2012-10-17,-0.0739700640218889
2012-10-18,-0.0809827196880881
2012-10-19,-0.0881382658135902
2012-10-20,-0.0954305526612996
2012-10-21,-0.102853046618934
2012-10-22,-0.110398863329536
2012-10-23,-0.118060800996462
2012-10-24,-0.125831373880588
2012-10-25,-0.133702846007589
2012-10-26,-0.141667265103285
2012-10-27,-0.14971649677516
2012-10-28,-0.157842258958322
2012-10-29,-0.166036156644277
2012-10-30,-0.17428971691107
2012-10-31,-0.182594424273468
2012-11-01,-0.190941756372015
2012-11-02,-0.199323217633037
2012-11-03,-0.207730363586453
2012-11-04,-0.216154822334017
2012-11-05,-0.224588315395602
2012-11-06,-0.233022677944056
2012-11-07,-0.241449878438889
2012-11-08,-0.249862037668765
2012-11-09,-0.258251447212495
2012-11-10,-0.266610587327934
2012-11-11,-0.274932144277948
2012-11-12,-0.283209027102299
2012-11-13,-0.291434383844055
2012-11-14,-0.299601617238852
2012-11-15,-0.307704399875072
2012-11-16,-0.315736688832732
2012-11-17,-0.323692739808606
2012-11-18,-0.331567120734864
2012-11-19,-0.33935472489823
2012-11-20,-0.347050783566401
2012-11-21,-0.354650878128234
2012-11-22,-0.362150951753922
2012-11-23,-0.369547320581146
2012-11-24,-0.376836684432926
2012-11-25,-0.384016137072647
2012-11-26,-0.391083176001485
2012-11-27,-0.398035711803199
2012-11-28,-0.404872077041015
2012-11-29,-0.411591034711079
2012-11-30,-0.418191786256704
2012-12-01,-0.424673979147398
2012-12-02,-0.431037706471002
2012-12-03,-0.437283476081503
2012-12-04,-0.443412172788686
2012-12-05,-0.449425021332676
2012-12-06,-0.455323550121797
2012-12-07,-0.46110955571251
2012-12-08,-0.466785068010505
2012-12-09,-0.472352316172258
2012-12-10,-0.477813695186708
2012-12-11,-0.483171733116946
2012-12-12,-0.488429058982098
2012-12-13,-0.493588371259864
2012-12-14,-0.498652406990419
2012-12-15,-0.503623911462655
2012-12-16,-0.508505608463999
2012-12-17,-0.513300171075282
2012-12-18,-0.518010192992389
2012-12-19,-0.522638160356656
2012-12-20,-0.52718642407622
2012-12-21,-0.531657172620751
2012-12-22,-0.536052405272234
2012-12-23,-0.540373905814682
2012-12-24,-0.544623216645874
2012-12-25,-0.548801613294455
2012-12-26,-0.552910079325889
2012-12-27,-0.556949281621028
2012-12-28,-0.560919546011199
2012-12-29,-0.56482083325395
2012-12-30,-0.568652715333763
2012-12-31,-0.572414352072246
2013-01-01,-0.576104468032485
2013-01-02,-0.579721340864483
2013-01-03,-0.583262834398069
2013-01-04,-0.586726442329407
2013-01-05,-0.590109331191223
2013-01-06,-0.593408382629902
2013-01-07,-0.596620235012291
2013-01-08,-0.599741324384826
2013-01-09,-0.602767924807305
2013-01-10,-0.605696188083402
2013-01-11,-0.608522182909746
2013-01-12,-0.611241933465154
2013-01-13,-0.613851457461362
2013-01-14,-0.616346803676383
2013-01-15,-0.618724088991349
2013-01-16,-0.620979534951518
2013-01-17,-0.623109503871879
2013-01-18,-0.625110534507567
2013-01-19,-0.626979377309116
2013-01-20,-0.628713029282345
2013-01-21,-0.630308768472492
2013-01-22,-0.631764188091997
2013-01-23,-0.633077230311162
2013-01-24,-0.634246219730704
2013-01-25,-0.635269896555068
2013-01-26,-0.636147449485145
2013-01-27,-0.636878548348919
2013-01-28,-0.637463376488342
2013-01-29,-0.637902662920615
2013-01-30,-0.638197714291874
2013-01-31,-0.638350446641112
2013-02-01,-0.638363416992043
2013-02-02,-0.638239839337513
2013-02-03,-0.637983538909789
2013-02-04,-0.637598892043757
2013-02-05,-0.637090767298817
2013-02-06,-0.636464467810171
2013-02-07,-0.635725674840714
2013-02-08,-0.634880392505197
2013-02-09,-0.633934893638832
2013-02-10,-0.632895666782971
2013-02-11,-0.63176936426095
2013-02-12,-0.630562751317666
2013-02-13,-0.629282656296897
2013-02-14,-0.627935921830824
2013-02-15,-0.626529357016668
2013-02-16,-0.625069690555784
2013-02-17,-0.62356352483099
2013-02-18,-0.622017290898329
2013-02-19,-0.620437204369909
2013-02-20,-0.618829222164838
2013-02-21,-0.617199000105745
2013-02-22,-0.615551851338718
2013-02-23,-0.613892705554945
2013-02-24,-0.612226068992715
2013-02-25,-0.610555985198838
2013-02-26,-0.608885996528926
2013-02-27,-0.607219106366363
2013-02-28,-0.605557742040174
2013-03-01,-0.603903718422371
2013-03-02,-0.602258217191757
2013-03-03,-0.600621826409461
2013-03-04,-0.598994593961552
2013-03-05,-0.597376079531706
2013-03-06,-0.595765405134788
2013-03-07,-0.594161304241685
2013-03-08,-0.592562169525127
2013-03-09,-0.590966099255644
2013-03-10,-0.589370942376301
2013-03-11,-0.587774342284226
2013-03-12,-0.586173779346462
2013-03-13,-0.584566612177108
2013-03-14,-0.582950117702163
2013-03-15,-0.581321530038007
2013-03-16,-0.579678078208885
2013-03-17,-0.578017022728284
2013-03-18,-0.57633569106857
2013-03-19,-0.57463151204275
2013-03-20,-0.572902049121746
2013-03-21,-0.571145032710074
2013-03-22,-0.569358391402328
2013-03-23,-0.567540282242425
2013-03-24,-0.565689120007073
2013-03-25,-0.563803605534469
2013-03-26,-0.561882753118784
2013-03-27,-0.559925916990547
2013-03-28,-0.55793281690257
2013-03-29,-0.55590356284065
2013-03-30,-0.553838678877835
2013-03-31,-0.551739126190604
2013-04-01,-0.549606325254913
2013-04-02,-0.547442165579556
2013-04-03,-0.545248968364005
2013-04-04,-0.543029438470323
2013-04-05,-0.540786617694665
2013-04-06,-0.538523839305715
2013-04-07,-0.536244683817925
2013-04-08,-0.53395293596794
2013-04-09,-0.5316525428631
2013-04-10,-0.52934757327141
2013-04-11,-0.52704217802286
2013-04-12,-0.524740551492444
2013-04-13,-0.52244689413573
2013-04-14,-0.520165376048254
2013-04-15,-0.51790010152051
2013-04-16,-0.515655074560722
2013-04-17,-0.513434165358048
2013-04-18,-0.511241077659268
2013-04-19,-0.509079317032464
2013-04-20,-0.506952159991593
2013-04-21,-0.504862623956261
2013-04-22,-0.502813438021417
2013-04-23,-0.500807014512071
2013-04-24,-0.498845421298517
2013-04-25,-0.496930354847931
2013-04-26,-0.495063113988574
2013-04-27,-0.493244574363193
2013-04-28,-0.491475163548566
2013-04-29,-0.489754836818486
2013-04-30,-0.488083053527823
2013-05-01,-0.486458754095612
2013-05-02,-0.484880348517621
2013-05-03,-0.483345749016456
2013-05-04,-0.481852413052002
2013-05-05,-0.480397385532879
2013-05-06,-0.478977340256622
2013-05-07,-0.47758862060601
2013-05-08,-0.476227279528649
2013-05-09,-0.474889118826688
2013-05-10,-0.47356972778321
2013-05-11,-0.472264521151629
2013-05-12,-0.47096877653413
2013-05-13,-0.469677671174953
2013-05-14,-0.46838631819407
2013-05-15,-0.467089802286577
2013-05-16,-0.46578321491288
2013-05-17,-0.464461689004532
2013-05-18,-0.463120433210373
2013-05-19,-0.46175476570741
2013-05-20,-0.460360147600651
2013-05-21,-0.458932215935952
2013-05-22,-0.457466816349704
2013-05-23,-0.455960035379039
2013-05-24,-0.454408232456028
2013-05-25,-0.452808071609206
2013-05-26,-0.451156552895564
2013-05-27,-0.449451043586026
2013-05-28,-0.447689309127247
2013-05-29,-0.445869543902447
2013-05-30,-0.443990401813858
2013-05-31,-0.442051026709215
2013-06-01,-0.440051082674619
2013-06-02,-0.437990775459401
2013-06-03,-0.435870838814677
2013-06-04,-0.433692512147775
2013-06-05,-0.431457518266041
2013-06-06,-0.429168041190764
2013-06-07,-0.426826704021938
2013-06-08,-0.424436546834519
2013-06-09,-0.422001004586835
2013-06-10,-0.419523885021735
2013-06-11,-0.417009346541025
2013-06-12,-0.414461876033684
2013-06-13,-0.411886266638285
2013-06-14,-0.409287595419989
2013-06-15,-0.406671200942387
2013-06-16,-0.404042660714409
2013-06-17,-0.401407768492416
2013-06-18,-0.398772511417497
2013-06-19,-0.39614304696791
2013-06-20,-0.393525679706483
2013-06-21,-0.390926837802687
2013-06-22,-0.388353049308985
2013-06-23,-0.385810918170918
2013-06-24,-0.383307099950267
2013-06-25,-0.38084827724051
2013-06-26,-0.378441134753612
2013-06-27,-0.376092334057077
2013-06-28,-0.373808487940008
2013-06-29,-0.371596134386769
2013-06-30,-0.369461710136672
2013-07-01,-0.367411523807936
2013-07-02,-0.365451730229643
2013-07-03,-0.363588311092683
2013-07-04,-0.361827057448691
2013-07-05,-0.360173552524341
2013-07-06,-0.35863315485185
2013-07-07,-0.357210981716739
2013-07-08,-0.355911892924041
2013-07-09,-0.354740474884333
2013-07-10,-0.353701025021142
2013-07-11,-0.352797536501428
2013-07-12,-0.352033683291062
2013-07-13,-0.351412805537367
2013-07-14,-0.350937895280974
2013-07-15,-0.350611582499462
2013-07-16,-0.350436121485403
2013-07-17,-0.350413377561641
2013-07-18,-0.350544814136833
2013-07-19,-0.350831480104463
2013-07-20,-0.351273997588761
2013-07-21,-0.351872550041138
2013-07-22,-0.352626870690967
2013-07-23,-0.353536231354766
2013-07-24,-0.354599431608006
2013-07-25,-0.355814788324034
2013-07-26,-0.357180125584792
2013-07-27,-0.358692764968233
2013-07-28,-0.360349516217577
2013-07-29,-0.362146668297761
2013-07-30,-0.3640799808447
2013-07-31,-0.366144676013155
2013-08-01,-0.368335430729325
2013-08-02,-0.370646379027785
2013-08-03,-0.373071153356992
2013-08-04,-0.375602935272673
2013-08-05,-0.378234505720495
2013-08-06,-0.380958294927157
2013-08-07,-0.383766431918871
2013-08-08,-0.386650793686104
2013-08-09,-0.389603054013311
2013-08-10,-0.392614731992291
2013-08-11,-0.395677240237651
2013-08-12,-0.39878193282278
2013-08-13,-0.401920152954601
2013-08-14,-0.405083280405267
2013-08-15,-0.408262778718864
2013-08-16,-0.41145024221107
2013-08-17,-0.414637442779627
2013-08-18,-0.417816376543376
2013-08-19,-0.420979310327508
2013-08-20,-0.424118828012601
2013-08-21,-0.427227876764891
2013-08-22,-0.430299813165183
2013-08-23,-0.433328449253664
2013-08-24,-0.436308098507843
2013-08-25,-0.439233621770726
2013-08-26,-0.442100473146271
2013-08-27,-0.444904745879085
2013-08-28,-0.447643218235248
2013-08-29,-0.450313399401065
2013-08-30,-0.452913575416496
2013-08-31,-0.455442855159922
2013-09-01,-0.457901216400847
2013-09-02,-0.460289531659172
2013-09-03,-0.462609513181407
2013-09-04,-0.464863638386259
2013-09-05,-0.467055076161025
2013-09-06,-0.469187613976899
2013-09-07,-0.471265585791572
2013-09-08,-0.473293800707762
2013-09-09,-0.475277472356619
2013-09-10,-0.477222148975182
2013-09-11,-0.479133644147366
2013-09-12,-0.481017968178162
2013-09-13,-0.48288126007104
2013-09-14,-0.484729720078747
2013-09-15,-0.486569542797955
2013-09-16,-0.48840685077844
2013-09-17,-0.490247628617712
2013-09-18,-0.492097657512229
2013-09-19,-0.493962450236557
2013-09-20,-0.495847186522046
2013-09-21,-0.497756648806807
2013-09-22,-0.499695158328979
2013-09-23,-0.501666511535467
2013-09-24,-0.503673916778541
2013-09-25,-0.505719931272855
2013-09-26,-0.507806398285661
2013-09-27,-0.509934384533137
2013-09-28,-0.512104117755952
2013-09-29,-0.514314924447353
2013-09-30,-0.516565167707213
2013-10-01,-0.518852185195673
2013-10-02,-0.521172251202424
2013-10-03,-0.523520634745682
2013-10-04,-0.525891680811194
2013-10-05,-0.528278890528622
2013-10-06,-0.530675000321935
2013-10-07,-0.533072060070054
2013-10-08,-0.5354615103137
2013-10-09,-0.537834258543994
2013-10-10,-0.540180754608053
2013-10-11,-0.542491065266498
2013-10-12,-0.544754947937436
2013-10-13,-0.546961923661192
2013-10-14,-0.549101349319749
2013-10-15,-0.551162489144519
2013-10-16,-0.553134585545836
2013-10-17,-0.555006929297187
2013-10-18,-0.55676892910699
2013-10-19,-0.558410180610395
2013-10-20,-0.559920534813337
2013-10-21,-0.5612901660208
2013-10-22,-0.562509639280991
2013-10-23,-0.563569977376858
2013-10-24,-0.564462727396166
2013-10-25,-0.565180026911062
2013-10-26,-0.565714669797877
2013-10-27,-0.566060171727621
2013-10-28,-0.566210835357472
2013-10-29,-0.566161815253276
2013-10-30,-0.565909182572912
2013-10-31,-0.565449989540144
2013-11-01,-0.564782333738386
2013-11-02,-0.563905400824476
2013-11-03,-0.562819421483202
2013-11-04,-0.561525607245612
2013-11-05,-0.560026086659258
2013-11-06,-0.558323841780539
2013-11-07,-0.55642264495929
2013-11-08,-0.554326995885848
2013-11-09,-0.552042058870813
2013-11-10,-0.549573600327746
2013-11-11,-0.546927926429084
2013-11-12,-0.544111820905514
2013-11-13,-0.541132482959101
2013-11-14,-0.537997465260403
2013-11-15,-0.534714611999849
2013-11-16,-0.531291996963599
2013-11-17,-0.527737861604096
2013-11-18,-0.5240605530755
2013-11-19,-0.52026846220414
2013-11-20,-0.51636996136409
2013-11-21,-0.512373342227931
2013-11-22,-0.508286753362692
2013-11-23,-0.504118137640925
2013-11-24,-0.49987516943678
2013-11-25,-0.495565191576901
2013-11-26,-0.49119515201585
2013-11-27,-0.486771540205734
2013-11-28,-0.482300323129556
2013-11-29,-0.477786880967778
2013-11-30,-0.473235942367433
2013-12-01,-0.468651519283051
2013-12-02,-0.464036857681313
2013-12-03,-0.459394453222608
2013-12-04,-0.454726083630152
2013-12-05,-0.450032841604714
2013-12-06,-0.445315168297551
2013-12-07,-0.44057288735449
2013-12-08,-0.43580523954441
2013-12-09,-0.43101091798573
2013-12-10,-0.426188103984834
2013-12-11,-0.421334503500699
2013-12-12,-0.416447384250337
2013-12-13,-0.411523613469998
2013-12-14,-0.406559696347429
2013-12-15,-0.401551815140831
2013-12-16,-0.396495869000495
2013-12-17,-0.391387514509463
2013-12-18,-0.3862222069599
2013-12-19,-0.380995242382239
2013-12-20,-0.375701800344483
2013-12-21,-0.370336987539465
2013-12-22,-0.36489588217817
2013-12-23,-0.359373579207646
2013-12-24,-0.353765236372362
2013-12-25,-0.348066121138268
2013-12-26,-0.342271658499174
2013-12-27,-0.336377479685463
2013-12-28,-0.330379471795516
2013-12-29,-0.324273828370629
2013-12-30,-0.318057100934582
2013-12-31,-0.31172625151943
2014-01-01,-0.305278706199463
2014-01-02,-0.298712398404543
2014-01-03,-0.292025767954155
2014-01-04,-0.285217748271963
2014-01-05,-0.278287752703511
2014-01-06,-0.271235659931403
2014-01-07,-0.264061798481882
2014-01-08,-0.256766930316256
2014-01-09,-0.249352233500129
2014-01-10,-0.24181928394299
2014-01-11,-0.234170036200194
2014-01-12,-0.226406803328935
2014-01-13,-0.218532235789348
2014-01-14,-0.210549299381383
2014-01-15,-0.202461252207652
2014-01-16,-0.19427162065197
2014-01-17,-0.185984174362825
2014-01-18,-0.177602900230563
2014-01-19,-0.169131975346573
2014-01-20,-0.160575738932284
2014-01-21,-0.151938663225322
2014-01-22,-0.143225323309663
2014-01-23,-0.134440365876153
2014-01-24,-0.12558847689927
2014-01-25,-0.116674348215509
2014-01-26,-0.107702642988281
2014-01-27,-0.0986779600437255
2014-01-28,-0.0896047970613139
2014-01-29,-0.080487512602656
2014-01-30,-0.0713302869613743
2014-01-31,-0.062137081816435
2014-02-01,-0.0529115986707924
2014-02-02,-0.0436572449340056
2014-02-03,-0.0343771345862571
2014-02-04,-0.025074098076065
2014-02-05,-0.0157506929048618
2014-02-06,-0.0064092149096054
2014-02-07,0.0029482897450686
2014-02-08,0.012320011853299
2014-02-09,0.0217043657208453
2014-02-10,0.0310999749717712
2014-02-11,0.0405056575960409
2014-02-12,0.049920410224749
2014-02-13,0.0593433916193307
2014-02-14,0.0687739053607339
2014-02-15,0.0782113817241539
2014-02-16,0.0876553587245561
2014-02-17,0.0971054623178243
2014-02-18,0.106561385741986
2014-02-19,0.116022867982567
2014-02-20,0.125489671345744
2014-02-21,0.134961558122533
2014-02-22,0.144438266326885
2014-02-23,0.153919484490094
2014-02-24,0.163404825493567
2014-02-25,0.172893799421527
2014-02-26,0.182385785414821
2014-02-27,0.191880002506575
2014-02-28,0.201375479419987
2014-03-01,0.210871023308098
2014-03-02,0.220365194806885
2014-03-03,0.229856311774992
2014-03-04,0.239342460402992
2014-03-05,0.248821506525169
2014-03-06,0.258291107145748
2014-03-07,0.267748722191607
2014-03-08,0.277191626503667
2014-03-09,0.286616922079228
2014-03-10,0.296021550577727
2014-03-11,0.305402306102447
2014-03-12,0.314755848270934
2014-03-13,0.324078715586949
2014-03-14,0.333367339126991
2014-03-15,0.342618056554532
2014-03-16,0.351827126475316
2014-03-17,0.360990743147183
2014-03-18,0.370105051558092
2014-03-19,0.379166162886149
2014-03-20,0.388170170355669
2014-03-21,0.397113165503421
2014-03-22,0.405991254869457
2014-03-23,0.414800577127053
2014-03-24,0.423537320666532
2014-03-25,0.432197741647906
2014-03-26,0.440778182537495
2014-03-27,0.449275091143886
2014-03-28,0.457685040168793
2014-03-29,0.466004747288613
2014-03-30,0.474231095782701
2014-03-31,0.482361155724572
2014-04-01,0.490392205752534
2014-04-02,0.49832175252006
2014-04-03,0.50614753893291
2014-04-04,0.513867549292865
2014-04-05,0.521480014106043
2014-04-06,0.528983414555136
2014-04-07,0.536376486634758
2014-04-08,0.543658224948885
2014-04-09,0.55082788616921
2014-04-10,0.557884992153051
2014-04-11,0.564829332719241
2014-04-12,0.571660968080299
2014-04-13,0.578380230928938
2014-04-14,0.584987728176819
2014-04-15,0.591484342343256
2014-04-16,0.597871232591403
2014-04-17,0.604149835409239
2014-04-18,0.61032186493251
2014-04-19,0.616389312906558
2014-04-20,0.622354448283814
2014-04-21,0.628219816453502
2014-04-22,0.63398823809991
2014-04-23,0.639662807685426
2014-04-24,0.645246891554266
2014-04-25,0.65074412565269
2014-04-26,0.656158412861251
2014-04-27,0.661493919934447
2014-04-28,0.66675507404292
2014-04-29,0.671946558913142
2014-04-30,0.677073310559339
2014-05-01,0.682140512602153
2014-05-02,0.687153585820581
2014-05-03,0.692118156073516
2014-05-04,0.69704001736859
2014-05-05,0.701925095595095
2014-05-06,0.706779412902515
2014-05-07,0.711609052706436
2014-05-08,0.716420125303896
2014-05-09,0.721218734080473
2014-05-10,0.726010942291715
2014-05-11,0.730802740401713
2014-05-12,0.735600013961924
2014-05-13,0.740408512013571
2014-05-14,0.745233815997201
2014-05-15,0.750081309153219
2014-05-16,0.754956146397472
2014-05-17,0.759863224656158
2014-05-18,0.764807153644611
2014-05-19,0.769792227074696
2014-05-20,0.774822394275807
2014-05-21,0.779901232214667
2014-05-22,0.785031917899347
2014-05-23,0.790217201153141
2014-05-24,0.795459377744141
2014-05-25,0.800760262856569
2014-05-26,0.806121164890131
2014-05-27,0.811542859573845
2014-05-28,0.817025564381018
2014-05-29,0.822568913232224
2014-05-30,0.82817193147334
2014-05-31,0.833833011115882
2014-06-01,0.839549886327086
2014-06-02,0.84531961963642
2014-06-03,0.851138630156187
2014-06-04,0.857002731862892
2014-06-05,0.862907171349131
2014-06-06,0.868846665067824
2014-06-07,0.874815436090422
2014-06-08,0.880807250400599
2014-06-09,0.886815452744754
2014-06-10,0.892833002060536
2014-06-11,0.898852506504444
2014-06-12,0.90486625809944
2014-06-13,0.910866267023356
2014-06-14,0.9168442955588
2014-06-15,0.922791891725089
2014-06-16,0.928700422612679
2014-06-17,0.934561107440419
2014-06-18,0.940365050355868
2014-06-19,0.946103272998818
2014-06-20,0.951766746848066
2014-06-21,0.9573464253714
2014-06-22,0.962833275998675
2014-06-23,0.968218311937775
2014-06-24,0.973492623853215
2014-06-25,0.978647411427012
2014-06-26,0.983674014821459
2014-06-27,0.988563946063327
2014-06-28,0.993308920369005
2014-06-29,0.99790088743001
2014-06-30,1.00233206267829
2014-07-01,1.00659495855067
2014-07-02,1.01068241216194
2014-07-03,1.01458759850923
2014-07-04,1.01830403978618
2014-07-05,1.02182561435589
2014-07-06,1.02514656538606
2014-07-07,1.02826150914952
2014-07-08,1.03116544299302
2014-07-09,1.03385375297726
2014-07-10,1.03632222119061
2014-07-11,1.03856703273897
2014-07-12,1.04058478241406
2014-07-13,1.04237248104208
2014-07-14,1.04392756151463
2014-07-15,1.0452478845035
2014-07-16,1.04633174386092
2014-07-17,1.04717787170628
2014-07-18,1.04778544320069
2014-07-19,1.04815408101007
2014-07-20,1.04828385945755
2014-07-21,1.04817530836564
2014-07-22,1.04782941658858
2014-07-23,1.04724763523482
2014-07-24,1.04643188057976
2014-07-25,1.04538453666835
2014-07-26,1.04410845760714
2014-07-27,1.04260696954518
2014-07-28,1.04088387234276
2014-07-29,1.03894344092727
2014-07-30,1.03679042633455
2014-07-31,1.03443005643465
2014-08-01,1.03186803634018
2014-08-02,1.02911054002481
2014-08-03,1.02616416798141
2014-08-04,1.02303589730082
2014-08-05,1.0197330328643
2014-08-06,1.01626315962554
2014-08-07,1.01263409595791
2014-08-08,1.00885384804362
2014-08-09,1.00493056528151
2014-08-10,1.00087249669098
2014-08-11,0.996687948289443
2014-08-12,0.992385241421917
2014-08-13,0.9879726720209
2014-08-14,0.983458470775802
2014-08-15,0.978850764191201
2014-08-16,0.974157536513754
2014-08-17,0.969386592507964
2014-08-18,0.964545521061378
2014-08-19,0.959641659600227
2014-08-20,0.954682059296857
2014-08-21,0.949673451050709
2014-08-22,0.944622212224982
2014-08-23,0.939534334121485
2014-08-24,0.934415390176548
2014-08-25,0.929270504861238
2014-08-26,0.924104323269488
2014-08-27,0.918920981378102
2014-08-28,0.91372407696295
2014-08-29,0.908516641156036
2014-08-30,0.903301110628454
2014-08-31,0.898079300384601
2014-09-01,0.892852377153354
2014-09-02,0.887620848487458
2014-09-03,0.882384612600797
2014-09-04,0.877143022232704
2014-09-05,0.871894947105504
2014-09-06,0.86663883500587
2014-09-07,0.861372771520083
2014-09-08,0.8560945384527
2014-09-09,0.850801670957587
2014-09-10,0.845491513409771
2014-09-11,0.840161274045986
2014-09-12,0.834808078401301
2014-09-13,0.829429021568671
2014-09-14,0.824021219307759
2014-09-15,0.818581858028845
2014-09-16,0.813108243677153
2014-09-17,0.807597849542421
2014-09-18,0.802048363018046
2014-09-19,0.796457731333646
2014-09-20,0.790824206284413
2014-09-21,0.78514638798012
2014-09-22,0.77942326763622
2014-09-23,0.773654269428963
2014-09-24,0.767839291436019
2014-09-25,0.761978745683632
2014-09-26,0.756073597320872
2014-09-27,0.750125402941102
2014-09-28,0.744136348070342
2014-09-29,0.738109283841756
2014-09-30,0.732047762875069
2014-10-01,0.72595607437927
2014-10-02,0.719839261899571
2014-10-03,0.713703074291911
2014-10-04,0.707553901151472
2014-10-05,0.701398709623279
2014-10-06,0.69524498256111
2014-10-07,0.689100658001523
2014-10-08,0.682974069920279
2014-10-09,0.676873890238998
2014-10-10,0.670809072050381
2014-10-11,0.664788794030826
2014-10-12,0.658822406009779
2014-10-13,0.652919375665631
2014-10-14,0.647089236318485
2014-10-15,0.641341535790536
2014-10-16,0.635685786305354
2014-10-17,0.630131415397733
2014-10-18,0.624687717806309
2014-10-19,0.61936380832152
2014-10-20,0.614168575561987
2014-10-21,0.609110636652787
2014-10-22,0.604198292779533
2014-10-23,0.59943948559261
2014-10-24,0.594841754436297
2014-10-25,0.59041219437796
2014-10-26,0.586157415012871
2014-10-27,0.582083500020611
2014-10-28,0.578195967449427
2014-10-29,0.574499730705276
2014-10-30,0.570999060222677
2014-10-31,0.567697545794876
2014-11-01,0.564598059541177
2014-11-02,0.561702734021731
2014-11-03,0.55901299882306
2014-11-04,0.556529630999474
2014-11-05,0.554252804605848
2014-11-06,0.552182139348354
2014-11-07,0.550316748379489
2014-11-08,0.548655285263351
2014-11-09,0.547195990136879
2014-11-10,0.5459367350924
2014-11-11,0.54487506880657
2014-11-12,0.544008260440495
2014-11-13,0.543333342835528
2014-11-14,0.54284715502895
2014-11-15,0.542546384113478
2014-11-16,0.54242760646428
2014-11-17,0.542487328356884
2014-11-18,0.542722025999151
2014-11-19,0.54312818500019
2014-11-20,0.543702339298866
2014-11-21,0.544441109574317
2014-11-22,0.545341241160638
2014-11-23,0.546399641487671
2014-11-24,0.547613417069622
2014-11-25,0.548979910062988
2014-11-26,0.550496734415075
2014-11-27,0.552161811624169
2014-11-28,0.55397340613223
2014-11-29,0.555930160370762
2014-11-30,0.558031129480327
2014-12-01,0.560275815723985
2014-12-02,0.562664189238784
2014-12-03,0.565196655142484
2014-12-04,0.567874007636688
2014-12-05,0.570697384591745
2014-12-06,0.57366822259068
2014-12-07,0.576788212409587
2014-12-08,0.580059254912075
2014-12-09,0.58348341733551
2014-12-10,0.587062889946946
2014-12-11,0.590799943046792
2014-12-12,0.594696884298379
2014-12-13,0.59875601636176
2014-12-14,0.602979594810183
2014-12-15,0.607369786307807
2014-12-16,0.61192862702736
2014-12-17,0.616657981286555
2014-12-18,0.621559500382184
2014-12-19,0.626634581600925
2014-12-20,0.631884327386003
2014-12-21,0.637309504638938
2014-12-22,0.642910504135719
2014-12-23,0.648687300036809
2014-12-24,0.654639409470514
2014-12-25,0.660765852169288
2014-12-26,0.667065110138641
2014-12-27,0.673535087338402
2014-12-28,0.680173069356139
2014-12-29,0.686975683052603
2014-12-30,0.693938856159144
2014-12-31,0.701057776807072
2015-01-01,0.708326852969022
2015-01-02,0.715739691390071
2015-01-03,0.7232891546449
2015-01-04,0.730967436970541
2015-01-05,0.738766139171121
2015-01-06,0.746676342635472
2015-01-07,0.754688682508164
2015-01-08,0.762793420054222
2015-01-09,0.770980514257443
2015-01-10,0.779239692691968
2015-01-11,0.787560521706456
2015-01-12,0.795932475959922
2015-01-13,0.804345007348064
2015-01-14,0.812787613358593
2015-01-15,0.821249904893873
2015-01-16,0.829721673598921
2015-01-17,0.838192958732558
2015-01-18,0.846654113619326
2015-01-19,0.855095871719525
2015-01-20,0.863509412354544
2015-01-21,0.871886426124448
2015-01-22,0.8802191800546
2015-01-23,0.888500582507924
2015-01-24,0.89672424789921
2015-01-25,0.904884561247752
2015-01-26,0.912976742604401
2015-01-27,0.920996911389005
2015-01-28,0.928942150674052
2015-01-29,0.93681057145021
2015-01-30,0.944601376909335
2015-01-31,0.952314926780405
2015-02-01,0.959952801753728
2015-02-02,0.967517840951673
2015-02-03,0.975014071472343
2015-02-04,0.982446612146767
2015-02-05,0.98982157877072
2015-02-06,0.997145990758705
2015-02-07,1.00442767916818
2015-02-08,1.0116751960426
2015-02-09,1.01889772502237
2015-02-10,1.02610499317322
2015-02-11,1.033307183982
2015-02-12,1.04051485147049
2015-02-13,1.04773883537798
2015-02-14,1.05499017736409
2015-02-15,1.06228003818351
2015-02-16,1.069619615785
2015-02-17,1.07702006428697
2015-02-18,1.0844924137829
2015-02-19,1.09204749092971
2015-02-20,1.0996958402729
2015-02-21,1.10744764626248
2015-02-22,1.1153126559141
2015-02-23,1.1233001020701
2015-02-24,1.13141862721555
2015-02-25,1.13967620780453
2015-02-26,1.1480800790525
2015-02-27,1.15663666015047
2015-02-28,1.16535147985736
2015-03-01,1.17422910242688
2015-03-02,1.18327307535171
2015-03-03,1.19248596330194
2015-03-04,1.20186940301992
2015-03-05,1.21142415750779
2015-03-06,1.22115016953978
2015-03-07,1.23104661453094
2015-03-08,1.24111195279417
2015-03-09,1.25134398121678
2015-03-10,1.26173988438799
2015-03-11,1.27229628520848
2015-03-12,1.28300929501283
2015-03-13,1.29387456323578
2015-03-14,1.30488732665292
2015-03-15,1.31604245822627
2015-03-16,1.3273345155853
2015-03-17,1.33875778917343
2015-03-18,1.35030635009046
2015-03-19,1.36197409766072
2015-03-20,1.37375480675708
2015-03-21,1.3856421749106
2015-03-22,1.39762986923571
2015-03-23,1.40971157320046
2015-03-24,1.42188103327178
2015-03-25,1.43413210546499
2015-03-26,1.44645880182746
2015-03-27,1.45885533688562
2015-03-28,1.47131617408506
2015-03-29,1.48383607225294
2015-03-30,1.49641013211222
2015-03-31,1.50903384287722
2015-04-01,1.52170312895971
2015-04-02,1.53441438552485
2015-04-03,1.54716446896365
2015-04-04,1.55995067580777
2015-04-05,1.57277072127227
2015-04-06,1.58562271740458
2015-04-07,1.59850515081768
2015-04-08,1.61141685998543
2015-04-09,1.62435701207751
2015-04-10,1.63732507931131
2015-04-11,1.65032081479791
2015-04-12,1.66334422785884
2015-04-13,1.67639555879029
2015-04-14,1.6894752530509
2015-04-15,1.70258393484927
2015-04-16,1.71572238010669
2015-04-17,1.72889148877066
2015-04-18,1.74209225645414
2015-04-19,1.75532574537538
2015-04-20,1.76859305457275
2015-04-21,1.78189528936867
2015-04-22,1.79523353005642
2015-04-23,1.8086087997833
2015-04-24,1.82202203160309
2015-04-25,1.83547403467069
2015-04-26,1.84896545955116
2015-04-27,1.86249676261508
2015-04-28,1.87606816949198
2015-04-29,1.88967963755278
2015-04-30,1.90333081739218
2015-05-01,1.91702101328128
2015-05-02,1.93074915095578
2015-05-03,1.94451377818347
2015-05-04,1.95831307405517
2015-05-05,1.97214485890326
2015-05-06,1.98600660486869
2015-05-07,1.99989544713732
2015-05-08,2.01380819586671
2015-05-09,2.02774134882523
2015-05-10,2.04169110476521
2015-05-11,2.05565337755266
2015-05-12,2.06962381107612
2015-05-13,2.08359779495785
2015-05-14,2.09757048109068
2015-05-15,2.1115368010246
2015-05-16,2.12549148422717
2015-05-17,2.13942907724259
2015-05-18,2.15334396377442
2015-05-19,2.16723038571768
2015-05-20,2.18108246516611
2015-05-21,2.19489422742119
2015-05-22,2.20865962502983
2015-05-23,2.22237256287795
2015-05-24,2.236026924368
2015-05-25,2.24961659870864
2015-05-26,2.26313550934545
2015-05-27,2.27657764356205
2015-05-28,2.28993708328145
2015-05-29,2.30320803709803
2015-05-30,2.31638487357118
2015-05-31,2.32946215581191
2015-06-01,2.34243467739456
2015-06-02,2.35529749289124
2015-06-03,2.36804592251633
2015-06-04,2.38067554974825
2015-06-05,2.39318221831331
2015-06-06,2.40556202851316
2015-06-07,2.41781133287683
2015-06-08,2.42992673111837
2015-06-09,2.4419050643805
2015-06-10,2.45374340874448
2015-06-11,2.46543906798584
2015-06-12,2.47698956555562
2015-06-13,2.488392635766
2015-06-14,2.49964621415905
2015-06-15,2.51074842703692
2015-06-16,2.52169758013132
2015-06-17,2.53249214638977
2015-06-18,2.54313075285574
2015-06-19,2.55361216661927
2015-06-20,2.56393527981428
2015-06-21,2.57409909363842
2015-06-22,2.58410270137067
2015-06-23,2.59394527036165
2015-06-24,2.60362602297096
2015-06-25,2.61314421642557
2015-06-26,2.62249912157251
2015-06-27,2.63169000049898
2015-06-28,2.64071608299221
2015-06-29,2.64957654181099
2015-06-30,2.65827046674023
2015-07-01,2.6667968373995
2015-07-02,2.67515450126638
2015-07-03,2.6833421766244
2015-07-04,2.6913584620116
2015-07-05,2.69920184595654
2015-07-06,2.70687071701978
2015-07-07,2.71436337415879
2015-07-08,2.72167803743462
2015-07-09,2.72881285907875
2015-07-10,2.73576593493862
2015-07-11,2.74253531632079
2015-07-12,2.74911902225038
2015-07-13,2.75551505216621
2015-07-14,2.76172139907084
2015-07-15,2.767736063155
2015-07-16,2.77355706591628
2015-07-17,2.77918246479199
2015-07-18,2.7846103683263
2015-07-19,2.78983895189234
2015-07-20,2.79486647398957
2015-07-21,2.7996912931377
2015-07-22,2.80431188538806
2015-07-23,2.80872686247404
2015-07-24,2.8129349906222
2015-07-25,2.8169352100461
2015-07-26,2.82072665514509
2015-07-27,2.82430867543062
2015-07-28,2.82768085720302
2015-07-29,2.8308430460018
2015-07-30,2.83379536985309
2015-07-31,2.83653826333791
2015-08-01,2.8390724925056
2015-08-02,2.84139916993202
2015-08-03,2.84351972773144
2015-08-04,2.84543588054482
2015-08-05,2.84714958917208
2015-08-06,2.84866302482568
2015-08-07,2.84997853398278
2015-08-08,2.85109860381386
2015-08-09,2.85202582816555
2015-08-10,2.85276287407604
2015-08-11,2.85331244880116
2015-08-12,2.85367726733007
2015-08-13,2.85386002036908
2015-08-14,2.8538633427728
2015-08-15,2.85368978240182
2015-08-16,2.85334176938628
2015-08-17,2.85282158577494
2015-08-18,2.85213133554969
2015-08-19,2.85127291498528
2015-08-20,2.85024798333459
2015-08-21,2.84905793381963
2015-08-22,2.84770386490885
2015-08-23,2.8461865518614
2015-08-24,2.84450641851904
2015-08-25,2.84266350932683
2015-08-26,2.84065746156347
2015-08-27,2.83848747776269
2015-08-28,2.83615229830704
2015-08-29,2.83365017417539
2015-08-30,2.83097883982603
2015-08-31,2.82813548619688
2015-09-01,2.82511673380473
2015-09-02,2.82191862445524
2015-09-03,2.81853668681341
2015-09-04,2.81496601895014
2015-09-05,2.81120136904049
2015-09-06,2.80723721424882
2015-09-07,2.80306783783539
2015-09-08,2.79868740451803
2015-09-09,2.7940900341219
2015-09-10,2.78926987354948
2015-09-11,2.78422116710241
2015-09-12,2.77893832518566
2015-09-13,2.7734159914243
2015-09-14,2.76764910822194
2015-09-15,2.76163298078944
2015-09-16,2.7553633396718
2015-09-17,2.74883640180024
2015-09-18,2.74204893009592
2015-09-19,2.73499829165105
2015-09-20,2.72768251451236
2015-09-21,2.72010034309123
2015-09-22,2.71225129222413
2015-09-23,2.70413569990638
2015-09-24,2.69575477872135
2015-09-25,2.68711066598678
2015-09-26,2.67820647263913
2015-09-27,2.66904633087614
2015-09-28,2.65963544057725
2015-09-29,2.64998011452064
2015-09-30,2.64008782241536
2015-10-01,2.62996723376593
2015-10-02,2.61962823507063
2015-10-03,2.6090818483818
2015-10-04,2.59834012701772
2015-10-05,2.58741605346829
2015-10-06,2.57632343945256
2015-10-07,2.56507682808712
2015-10-08,2.55369139812517
2015-10-09,2.54218287022695
2015-10-10,2.530567415223
2015-10-11,2.51886156433263
2015-10-12,2.50708212130068
2015-10-13,2.49524607641653
2015-10-14,2.48337052238017
2015-10-15,2.4714725719808
2015-10-16,2.45956927755442
2015-10-17,2.44767755218752
2015-10-18,2.43581409263469
2015-10-19,2.42399530391906
2015-10-20,2.41223722558492
2015-10-21,2.4005554595728
2015-10-22,2.38896509968804
2015-10-23,2.37748066263468
2015-10-24,2.36611602058717
2015-10-25,2.35488433527309
2015-10-26,2.34379799354119
2015-10-27,2.33286854438929
2015-10-28,2.32210663742763
2015-10-29,2.31152196275407
2015-10-30,2.30112319221793
2015-10-31,2.29091792205044
2015-11-01,2.28091261683998
2015-11-02,2.27111257065388
2015-11-03,2.26152193239733
2015-11-04,2.25214374650621
2015-11-05,2.24297999280715
2015-11-06,2.23403162556232
2015-11-07,2.22529861171586
2015-11-08,2.21677996835919
2015-11-09,2.20847379943161
2015-11-10,2.20037733167276
2015-11-11,2.19248694984318
2015-11-12,2.18479823122899
2015-11-13,2.17730597944638
2015-11-14,2.17000425756158
2015-11-15,2.1628864205416
2015-11-16,2.15594514705098
2015-11-17,2.14917247060933
2015-11-18,2.1425598101245
2015-11-19,2.13609799981598
2015-11-20,2.1297773185426
2015-11-21,2.12358751854897
2015-11-22,2.11751785364436
2015-11-23,2.11155710682793
2015-11-24,2.10569361737374
2015-11-25,2.099915307389
2015-11-26,2.09420970785875
2015-11-27,2.08856398418991
2015-11-28,2.08296496126757
2015-11-29,2.07739914803627
2015-11-30,2.07185276161856
2015-12-01,2.06631175098338
2015-12-02,2.06076182786618
2015-12-03,2.05518852790186
2015-12-04,2.04957727842995
2015-12-05,2.0439134651825
2015-12-06,2.03818249787739
2015-12-07,2.03236987473948
2015-12-08,2.02646124597129
2015-12-09,2.02044247619482
2015-12-10,2.01429970588515
2015-12-11,2.00801941181642
2015-12-12,2.0015884665401
2015-12-13,1.99499419691496
2015-12-14,1.9882244417078
2015-12-15,1.98126760828354
2015-12-16,1.97411272840259
2015-12-17,1.96674951314328
2015-12-18,1.95916840696637
2015-12-19,1.95136064093842
2015-12-20,1.94331828513015
2015-12-21,1.93503430020565
2015-12-22,1.92650258821764
2015-12-23,1.91771804262378
2015-12-24,1.90867659753822
2015-12-25,1.89937527623249
2015-12-26,1.88981223889911
2015-12-27,1.87998682969103
2015-12-28,1.86989962304929
2015-12-29,1.85955246933123
2015-12-30,1.84894853975073
2015-12-31,1.83809237064172
2016-01-01,1.82698990705575
2016-01-02,1.8156485194307
2016-01-03,1.80407691493307
2016-01-04,1.79228502394081
2016-01-05,1.78028388831687
2016-01-06,1.76808555143001
2016-01-07,1.75570294988031
2016-01-08,1.74314980688737
2016-01-09,1.73044052729974
2016-01-10,1.71759009418499
2016-01-11,1.70461396696022
2016-01-12,1.69152798102347
2016-01-13,1.67834824884725
2016-01-14,1.66509106249586
2016-01-15,1.65177279752881
2016-01-16,1.63840981825329
2016-01-17,1.6250183842892
2016-01-18,1.61161455841087
2016-01-19,1.59821411563002
2016-01-20,1.58483245348545
2016-01-21,1.57148450350506
2016-01-22,1.5581846438067
2016-01-23,1.54494661280485
2016-01-24,1.53178342399054
2016-01-25,1.51870728175266
2016-01-26,1.50572949820926
2016-01-27,1.49286041101796
2016-01-28,1.48010930213528
2016-01-29,1.46748431749495
2016-01-30,1.45499238757621
2016-01-31,1.44263914883321
2016-02-01,1.43042886595742
2016-02-02,1.41836438285744
2016-02-03,1.40644718568395
2016-02-04,1.39467749262385
2016-02-05,1.38305434219902
2016-02-06,1.37157568010912
2016-02-07,1.36023844465714
2016-02-08,1.34903865079599
2016-02-09,1.33797147283392
2016-02-10,1.327031325836
2016-02-11,1.3162119457586
2016-02-12,1.30550646835306
2016-02-13,1.29490750687455
2016-02-14,1.28440722863137
2016-02-15,1.27399743040978
2016-02-16,1.26366961280881
2016-02-17,1.25341505351908
2016-02-18,1.24322487957923
2016-02-19,1.23309013864332
2016-02-20,1.22300186929168
2016-02-21,1.21295117041788
2016-02-22,1.20292926972349
2016-02-23,1.19292759135235
2016-02-24,1.18293782269542
2016-02-25,1.17295198039694
2016-02-26,1.16296247559228
2016-02-27,1.15296217840748
2016-02-28,1.14294448175003
2016-02-29,1.13290336442018
2016-03-01,1.12283345357163
2016-03-02,1.11273007109306
2016-03-03,1.10258921779589
2016-03-04,1.09240754271181
2016-03-05,1.08218231317508
2016-03-06,1.07191138567215
2016-03-07,1.06159317744156
2016-03-08,1.05122663880706
2016-03-09,1.04081122622753
2016-03-10,1.03034687604713
2016-03-11,1.01983397892971
2016-03-12,1.00927335496157
2016-03-13,0.998666229406922
2016-03-14,0.988014209100659
2016-03-15,0.97731925946337
2016-03-16,0.966583682123594
2016-03-17,0.955810093132679
2016-03-18,0.945001401757767
2016-03-19,0.934160789838673
2016-03-20,0.923291691694627
2016-03-21,0.912397774567078
2016-03-22,0.901482919584952
2016-03-23,0.890551203238964
2016-03-24,0.87960687935181
2016-03-25,0.868654361531216
2016-03-26,0.857698206093066
2016-03-27,0.846743095441983
2016-03-28,0.835793821896945
2016-03-29,0.824855271949698
2016-03-30,0.813932410943898
2016-03-31,0.803030268163109
2016-04-01,0.792153922315933
2016-04-02,0.781308487986993
2016-04-03,0.770499104703308
2016-04-04,0.759730926546935
2016-04-05,0.749009111653875
2016-04-06,0.73833881160153
2016-04-07,0.727725160686978
2016-04-08,0.717173265098265
2016-04-09,0.70668819198086
2016-04-10,0.696274958401409
2016-04-11,0.685938520210841
2016-04-12,0.675683760808876
2016-04-13,0.66551547981192
2016-04-14,0.655438381626327
2016-04-15,0.645457063928934
2016-04-16,0.635576006056797
2016-04-17,0.625799557307981
2016-04-18,0.616131925155265
2016-04-19,0.60657716337457
2016-04-20,0.597139160089927
2016-04-21,0.587821625736763
2016-04-22,0.578628080945267
2016-04-23,0.569561844345595
2016-04-24,0.560626020296644
2016-04-25,0.551823486540131
2016-04-26,0.5431568817817
2016-04-27,0.534628593200757
2016-04-28,0.526240743890762
2016-04-29,0.517995180231676
2016-04-30,0.509893459196276
2016-05-01,0.501936835592051
2016-05-02,0.494126252143147
2016-05-03,0.486462341115608
2016-05-04,0.478945428751517
2016-05-05,0.471575539598995
2016-05-06,0.464352400733382
2016-05-07,0.457275445864906
2016-05-08,0.450343819328163
2016-05-09,0.443556379948654
2016-05-10,0.436911704781668
2016-05-11,0.430408092718735
2016-05-12,0.424043567956863
2016-05-13,0.417815883325734
2016-05-14,0.41172252346802
2016-05-15,0.405760707867935
2016-05-16,0.399927393723093
2016-05-17,0.394219278654734
2016-05-18,0.388632803251299
2016-05-19,0.38316415344033
2016-05-20,0.377809262683594
2016-05-21,0.3725638139903
2016-05-22,0.367423241743216
2016-05-23,0.36238273333245
2016-05-24,0.357437230591584
2016-05-25,0.352581431030822
2016-05-26,0.347809788861707
2016-05-27,0.343116515807947
2016-05-28,0.338495581696785
2016-05-29,0.333940714825297
2016-05-30,0.329445402095923
2016-05-31,0.325002888915477
2016-06-01,0.320606178851769
2016-06-02,0.316248039360162
2016-06-03,0.311921032516326
2016-06-04,0.307617551750157
2016-06-05,0.303329858269289
2016-06-06,0.299050117196142
2016-06-07,0.294770433442305
2016-06-08,0.290482887343979
2016-06-09,0.286179570082087
2016-06-10,0.281852618910563
2016-06-11,0.27749425221626
2016-06-12,0.273096804433817
2016-06-13,0.26865276083877
2016-06-14,0.26415479224212
2016-06-15,0.259595789609482
2016-06-16,0.254968898627938
2016-06-17,0.250267554243612
2016-06-18,0.245485515192976
2016-06-19,0.240616898550852
2016-06-20,0.235656214318033
2016-06-21,0.23059840007144
2016-06-22,0.225438855699702
2016-06-23,0.220173478247026
2016-06-24,0.214798696888247
2016-06-25,0.20931150805791
2016-06-26,0.203709510756273
2016-06-27,0.197990942055118
2016-06-28,0.192154712826271
2016-06-29,0.186200443715776
2016-06-30,0.18012850138667
2016-07-01,0.173940035053367
2016-07-02,0.16763699919715
2016-07-03,0.161222120077112
2016-07-04,0.154698848418925
2016-07-05,0.148071312385705
2016-07-06,0.14134427080097
2016-07-07,0.134523066593733
2016-07-08,0.1276135804358
2016-07-09,0.120622184541351
2016-07-10,0.113555696598893
2016-07-11,0.106421333805694
2016-07-12,0.0992266669747602
2016-07-13,0.0919795746844474
2016-07-14,0.0846881974407457
2016-07-15,0.0773608918222601
2016-07-16,0.0700061845778664
2016-07-17,0.0626327266469745
2016-07-18,0.0552492470722801
2016-07-19,0.0478645067748209
2016-07-20,0.0404872521610821
2016-07-21,0.0331261685318211
2016-07-22,0.0257898332621899
2016-07-23,0.0184866687226431
2016-07-24,0.0112248949100137
2016-07-25,0.0040124817580296
2016-07-26,-0.0031428989035756
2016-07-27,-0.0102339217723326
2016-07-28,-0.0172536569097949
2016-07-29,-0.0241956190230393
2016-07-30,-0.0310538172223136
2016-07-31,-0.0378228052863944
2016-08-01,-0.044497732467389
2016-08-02,-0.0510743834669687
2016-08-03,-0.0575491732141126
2016-08-04,-0.0639191298590277
2016-08-05,-0.0701818771715446
2016-08-06,-0.0763356163260184
2016-08-07,-0.0823791070544238
2016-08-08,-0.088311648148982
2016-08-09,-0.0941330572953031
2016-08-10,-0.0998436502166649
2016-08-11,-0.105444219109683
2016-08-12,-0.110936010351249
2016-08-13,-0.116320701456237
2016-08-14,-0.121600377265091
2016-08-15,-0.126777505340007
2016-08-16,-0.131854910548029
2016-08-17,-0.136835748808971
2016-08-18,-0.141723479985655
2016-08-19,-0.146521839893545
2016-08-20,-0.151234811406418
2016-08-21,-0.15586659463429
2016-08-22,-0.160421576149362
2016-08-23,-0.164904297235295
2016-08-24,-0.169319421134706
2016-08-25,-0.173671699269239
2016-08-26,-0.177965936406177
2016-08-27,-0.182206954745014
2016-08-28,-0.186399556896958
2016-08-29,-0.19054848772982
2016-08-30,-0.194658395050253
2016-08-31,-0.198733789094789
2016-09-01,-0.2027790008006
2016-09-02,-0.206798144885418
2016-09-03,-0.210795106274209
2016-09-04,-0.214773533233701
2016-09-05,-0.218736831546888
2016-09-06,-0.222688159734701
2016-09-07,-0.226630425332507
2016-09-08,-0.230566282229607
2016-09-09,-0.234498129080402
2016-09-10,-0.238428108796411
2016-09-11,-0.242358109128826
2016-09-12,-0.246289764351811
2016-09-13,-0.250224458057281
2016-09-14,-0.254163327072396
2016-09-15,-0.258107266511568
2016-09-16,-0.262056935975292
2016-09-17,-0.26601276690865
2016-09-18,-0.269974971132897
2016-09-19,-0.273943550564073
2016-09-20,-0.277918308133154
2016-09-21,-0.28189885992279
2016-09-22,-0.285884648536279
2016-09-23,-0.289874957714962
2016-09-24,-0.293868928220829
2016-09-25,-0.297865575001691
2016-09-26,-0.301863805656854
2016-09-27,-0.305862440221872
2016-09-28,-0.309860232291476
2016-09-29,-0.313855891500467
2016-09-30,-0.317848107382917
2016-10-01,-0.321835574630663
2016-10-02,-0.32581701401439
2016-10-03,-0.329791171416187
2016-10-04,-0.333756811072491
2016-10-05,-0.337712708485072
2016-10-06,-0.341657642992676
2016-10-07,-0.345590389995807
2016-10-08,-0.349509712826965
2016-10-09,-0.3534143542585
2016-10-10,-0.357303027640081
2016-10-11,-0.361174407657631
2016-10-12,-0.365027120705384
2016-10-13,-0.368859734862585
2016-10-14,-0.37267074946616
2016-10-15,-0.376458584270518
2016-10-16,-0.380221568185481
2016-10-17,-0.383957927583133
2016-10-18,-0.387665774164229
2016-10-19,-0.391343092374601
2016-10-20,-0.394987726361812
2016-10-21,-0.398597366462127
2016-10-22,-0.402169535207678
2016-10-23,-0.405701572843485
2016-10-24,-0.409190622343826
2016-10-25,-0.412633613917228
2016-10-26,-0.416027248989141
2016-10-27,-0.419367983651176
2016-10-28,-0.422652011565537
2016-10-29,-0.425875246313116
2016-10-30,-0.429033303173441
2016-10-31,-0.432121480324503
2016-11-01,-0.435134739450225
2016-11-02,-0.438067696213508
2016-11-03,-0.440914652004502
2016-11-04,-0.443669635590289
2016-11-05,-0.446326444220176
2016-11-06,-0.448878684205061
2016-11-07,-0.451319810989118
2016-11-08,-0.453643168731838
2016-11-09,-0.45584202941827
2016-11-10,-0.457909631515107
2016-11-11,-0.459839218190064
2016-11-12,-0.461624075111808
2016-11-13,-0.463257567847515
2016-11-14,-0.464733178874944
2016-11-15,-0.466044544225718
2016-11-16,-0.467185489776372
2016-11-17,-0.468150067203484
2016-11-18,-0.468932589619098
2016-11-19,-0.469527666902448
2016-11-20,-0.469930240743812
2016-11-21,-0.470135619416203
2016-11-22,-0.4701395122904
2016-11-23,-0.469938064108702
2016-11-24,-0.469527889032596
2016-11-25,-0.468906104479425
2016-11-26,-0.468070364762934
2016-11-27,-0.467018894552489
2016-11-28,-0.465750522165563
2016-11-29,-0.46426471270798
2016-11-30,-0.462561601076261
2016-12-01,-0.46064202483626
2016-12-02,-0.458507543869993
2016-12-03,-0.456160407559252
2016-12-04,-0.453603509365062
2016-12-05,-0.450840342029951
2016-12-06,-0.447874953380721
2016-12-07,-0.44471190270965
2016-12-08,-0.441356217712186
2016-12-09,-0.437813351959453
2016-12-10,-0.434089142884008
2016-12-11,-0.430189770257505
2016-12-12,-0.4261217151391
2016-12-13,-0.421891719273552
2016-12-14,-0.417506744918213
2016-12-15,-0.412973935078195
2016-12-16,-0.408300574129194
2016-12-17,-0.403494048807595
2016-12-18,-0.398561809547624
2016-12-19,-0.393511332145465
2016-12-20,-0.388350079730378
2016-12-21,-0.383085465023019
2016-12-22,-0.377724812861265
2016-12-23,-0.372275322973987
2016-12-24,-0.36674403298333
2016-12-25,-0.361137781616164
2016-12-26,-0.355463172105523
2016-12-27,-0.349726535762895
2016-12-28,-0.343933895702383
2016-12-29,-0.338090930697835
2016-12-30,-0.332202939154126
2016-12-31,-0.326274803173899
2017-01-01,-0.320310952701116
2017-01-02,-0.314315340437587
2017-01-03,-0.308291459636009
2017-01-04,-0.302242372525635
2017-01-05,-0.296170738650385
2017-01-06,-0.290078843142995
2017-01-07,-0.283968624958821
2017-01-08,-0.277841705092955
2017-01-09,-0.271699414804311
2017-01-10,-0.265542823870429
2017-01-11,-0.259372768896735
2017-01-12,-0.253189881704101
2017-01-13,-0.246994617818574
2017-01-14,-0.240787285087241
2017-01-15,-0.234568072444249
2017-01-16,-0.228337078851106
2017-01-17,-0.222094342435459
2017-01-18,-0.215839869852661
2017-01-19,-0.209573665894545
2017-01-20,-0.203295763369913
2017-01-21,-0.197006253281407
2017-01-22,-0.190705315323524
2017-01-23,-0.184393248726703
2017-01-24,-0.178070503472513
2017-01-25,-0.171737711905186
2017-01-26,-0.165395720764824
2017-01-27,-0.159045623667845
2017-01-28,-0.152688794060355
2017-01-29,-0.146326918670333
2017-01-30,-0.139962031484731
2017-01-31,-0.133596548277729
2017-02-01,-0.127233301716659
2017-02-02,-0.120875566265469
2017-02-03,-0.114527040324104
2017-02-04,-0.108191817368684
2017-02-05,-0.10187435670861
2017-02-06,-0.095579453828005
2017-02-07,-0.0893122102786654
2017-02-08,-0.0830780030914642
2017-02-09,-0.0768824536728901
2017-02-10,-0.0707313961531507
2017-02-11,-0.0646308451519895
2017-02-12,-0.058586962928088
2017-02-13,-0.0526060258776223
2017-02-14,-0.0466943903472411
2017-02-15,-0.0408584577264094
2017-02-16,-0.0351046387837351
2017-02-17,-0.0294393172115497
2017-02-18,-0.0238688123426647
2017-02-19,-0.0183993410028554
2017-02-20,-0.0130369784622498
2017-02-21,-0.0077876184484063
2017-02-22,-0.0026569321834718
2017-02-23,0.0023496735926156
2017-02-24,0.0072270996513287
2017-02-25,0.0119705983960513
2017-02-26,0.0165758191132193
2017-02-27,0.021038854393906
2017-02-28,0.0253562877661311
2017-03-01,0.0295252425786616
2017-03-02,0.0335434200974956
2017-03-03,0.0374090903604177
2017-03-04,0.041121071036004
2017-03-05,0.0446787060963697
2017-03-06,0.0480818442775467
2017-03-07,0.0513308173012247
2017-03-08,0.0544264178314186
2017-03-09,0.0573698771394557
2017-03-10,0.0601628424504882
2017-03-11,0.0628073539445445
2017-03-12,0.06530582138493
2017-03-13,0.0676610003465756
2017-03-14,0.0698759680167104
2017-03-15,0.0719540985400048
2017-03-16,0.0738990378800871
2017-03-17,0.0757146781690896
2017-03-18,0.0774051315166173
2017-03-19,0.0789747032492634
2017-03-20,0.0804278645515177
2017-03-21,0.0817692244786221
2017-03-22,0.0830035013116291
2017-03-23,0.0841354932246113
2017-03-24,0.0851700482336477
2017-03-25,0.0861120333968856
2017-03-26,0.0869663032346368
2017-03-27,0.0877376673381156
2017-03-28,0.0884308571350679
2017-03-29,0.0890504917801698
2017-03-30,0.0896010431376922
2017-03-31,0.0900867998235372
2017-04-01,0.0905118302733524
2017-04-02,0.0908799511591055
2017-04-03,0.0911947203400544
2017-04-04,0.0914594358603718
2017-04-05,0.0916771347939528
2017-04-06,0.0918505919490876
2017-04-07,0.0919823184456544
2017-04-08,0.0920745601774562
2017-04-09,0.0921292961723098
2017-04-10,0.0921482368624774
2017-04-11,0.0921328222780245
2017-04-12,0.0920842201756843
2017-04-13,0.0920033241158128
2017-04-14,0.0918907515000247
2017-04-15,0.0917468415821205
2017-04-16,0.0915716534649286
2017-04-17,0.0913649640957193
2017-04-18,0.0911262662728747
2017-04-19,0.0908547666765412
2017-04-20,0.0905493839360302
2017-04-21,0.090208746746788
2017-04-22,0.089831192049808
2017-04-23,0.0894147632864215
2017-04-24,0.0889572087414716
2017-04-25,0.0884559799879473
2017-04-26,0.0879082304462377
2017-04-27,0.0873108140712473
2017-04-28,0.0866602841807113
2017-04-29,0.0859528924381414
2017-04-30,0.085184588003944
2017-05-01,0.0843510168683558
2017-05-02,0.0834475275869359
2017-05-03,0.0824692020324226
2017-05-04,0.0814108924709567
2017-05-05,0.0802672587431408
2017-05-06,0.079032805557306
2017-05-07,0.0777019199024317
2017-05-08,0.0762689085882353
2017-05-09,0.0747280359200182
2017-05-10,0.0730735615159248
2017-05-11,0.0712997782743406
2017-05-12,0.0694010504992196
2017-05-13,0.0673718521912024
2017-05-14,0.0652068055124473
2017-05-15,0.0629007194331649
2017-05-16,0.0604486285679076
2017-05-17,0.0578458322097297
2017-05-18,0.0550879335703943
2017-05-19,0.0521708792348649
2017-05-20,0.049090998838379
2017-05-21,0.045845044974459
2017-05-22,0.0424302333422753
2017-05-23,0.0388442831418316
2017-05-24,0.0350854577255005
2017-05-25,0.0311526055144898
2017-05-26,0.0270452011888773
2017-05-27,0.0227633871599021
2017-05-28,0.0183080153332545
2017-05-29,0.0136806891721567
2017-05-30,0.0088838060690783
2017-05-31,0.0039206000349769
2017-06-01,-0.0012048152849943
2017-06-02,-0.0064874225688275
2017-06-03,-0.0119213536668245
2017-06-04,-0.0174999614228784
2017-06-05,-0.0232158911808996
2017-06-06,-0.0290611520012338
2017-06-07,-0.0350271876118754
2017-06-08,-0.0411049471192351
2017-06-09,-0.0472849555031806
2017-06-10,-0.0535573839210306
2017-06-11,-0.0599121198451476
2017-06-12,-0.0663388370587415
2017-06-13,-0.0728270655344675
2017-06-14,-0.0793662612203735
2017-06-15,-0.0859458757577288
2017-06-16,-0.0925554261552428
2017-06-17,-0.0991845644441652
2017-06-18,-0.105823147338742
2017-06-19,-0.112461305926488
2017-06-20,-0.119089515412727
2017-06-21,-0.125698664943839
2017-06-22,-0.132280127533656
2017-06-23,-0.138825830117438
2017-06-24,-0.145328323757861
2017-06-25,-0.151780854027455
2017-06-26,-0.158177431591944
2017-06-27,-0.164512903018915
2017-06-28,-0.170783021836304
2017-06-29,-0.176984519865151
2017-06-30,-0.183115178851129
2017-07-01,-0.189173902419335
2017-07-02,-0.195160763863684
2017-07-03,-0.201076956333589
2017-07-04,-0.206924719284791
2017-07-05,-0.212707265767427
2017-07-06,-0.218428710525145
2017-07-07,-0.224093998879265
2017-07-08,-0.229708836372314
2017-07-09,-0.235279619145415
2017-07-10,-0.240813365024319
2017-07-11,-0.24631764528906
2017-07-12,-0.251800517102466
2017-07-13,-0.257270456572968
2017-07-14,-0.262736292427407
2017-07-15,-0.26820714026973
2017-07-16,-0.273692337401685
2017-07-17,-0.279201378181886
2017-07-18,-0.284743849899769
2017-07-19,-0.290329369141219
2017-07-20,-0.29596751862284
2017-07-21,-0.301667784472037
2017-07-22,-0.307439493930302
2017-07-23,-0.313291753457269
2017-07-24,-0.319233387213329
2017-07-25,-0.325272875898771
2017-07-26,-0.331418295927613
2017-07-27,-0.337677258914469
2017-07-28,-0.344056851453014
2017-07-29,-0.350563575164742
2017-07-30,-0.357203286996953
2017-07-31,-0.363981139749031
2017-08-01,-0.370901522806298
2017-08-02,-0.377968019289882
2017-08-03,-0.385183428095637
2017-08-04,-0.392549801345395
2017-08-05,-0.400068480832889
2017-08-06,-0.407740133474084
2017-08-07,-0.415564785771263
2017-08-08,-0.423541857299901
2017-08-09,-0.431670193226951
2017-08-10,-0.439948095868843
2017-08-11,-0.448373355297114
2017-08-12,-0.456943278999242
2017-08-13,-0.465654720601878
2017-08-14,-0.474504107663329
2017-08-15,-0.483487468541772
2017-08-16,-0.492600458345319
2017-08-17,-0.501838383969685
2017-08-18,-0.511196228228862
2017-08-19,-0.520668673083838
2017-08-20,-0.530250121974005
2017-08-21,-0.539934721255587
2017-08-22,-0.549716380751014
2017-08-23,-0.55958879341281
2017-08-24,-0.569545454105213
2017-08-25,-0.579579677506353
2017-08-26,-0.589684615133475
2017-08-27,-0.599853271493281
2017-08-28,-0.61007851935915
2017-08-29,-0.620353114176569
2017-08-30,-0.630669707597775
2017-08-31,-0.641020860146216
2017-09-01,-0.651399053011055
2017-09-02,-0.661796698507511
2017-09-03,-0.672206148051475
2017-09-04,-0.682619700006357
2017-09-05,-0.693029608114721
2017-09-06,-0.703428090523788
2017-09-07,-0.7138073394142
2017-09-08,-0.724159531241659
2017-09-09,-0.734476837601363
2017-09-10,-0.74475143672544
2017-09-11,-0.754975525623846
2017-09-12,-0.76514133287949
2017-09-13,-0.775241132108651
2017-09-14,-0.785267256098006
2017-09-15,-0.79521211162994
2017-09-16,-0.805068195008051
2017-09-17,-0.814828108295112
2017-09-18,-0.824484576276027
2017-09-19,-0.834030464158662
2017-09-20,-0.843458796025694
2017-09-21,-0.85276277405101
2017-09-22,-0.861935798494437
2017-09-23,-0.870971488488972
2017-09-24,-0.879863703634964
2017-09-25,-0.888606566416065
2017-09-26,-0.897194485452082
2017-09-27,-0.905622179604234
2017-09-28,-0.913884702948623
2017-09-29,-0.921977470634116
2017-09-30,-0.929896285641166
2017-10-01,-0.937637366458481
2017-10-02,-0.945197369428029
2017-10-03,-0.952573386755802
2017-10-04,-0.959762938122527
2017-10-05,-0.966763961939044
2017-10-06,-0.973574806240177
2017-10-07,-0.980194219210659
2017-10-08,-0.986621339336514
2017-10-09,-0.99285568517504
2017-10-10,-0.998897144736365
2017-10-11,-1.00474596446928
2017-10-12,-1.0104027378439
2017-10-13,-1.01586839352337
2017-10-14,-1.02114418311679
2017-10-15,-1.0262316685051
2017-10-16,-1.03113270873158
2017-10-17,-1.03584944644835
2017-10-18,-1.04038429390999
2017-10-19,-1.04473991850526
2017-10-20,-1.04891922781749
2017-10-21,-1.05292535420418
2017-10-22,-1.0567616388859
2017-10-23,-1.0604316155346
2017-10-24,-1.06393899335078
2017-10-25,-1.06728763961929
2017-10-26,-1.07048156173262
2017-10-27,-1.07352488867087
2017-10-28,-1.07642185192703
2017-10-29,-1.07917676586587
2017-10-30,-1.08179400750474
2017-10-31,-1.08427799570415
2017-11-01,-1.08663316975562
2017-11-02,-1.08886396908534
2017-11-03,-1.09097481944658
2017-11-04,-1.09297012116777
2017-11-05,-1.09485423791382
2017-11-06,-1.09663148595793
2017-11-07,-1.0983061239614
2017-11-08,-1.09988234325951
2017-11-09,-1.10136425865144
2017-11-10,-1.10275589969241
2017-11-11,-1.10406120248686
2017-11-12,-1.10528400198121
2017-11-13,-1.10642802475529
2017-11-14,-1.10749688231171
2017-11-15,-1.10849406486268
2017-11-16,-1.10942293561378
2017-11-17,-1.11028672554501
2017-11-18,-1.11108852868886
2017-11-19,-1.11183129790625
2017-11-20,-1.11251784116061
2017-11-21,-1.11315081829137
2017-11-22,-1.11373273828768
2017-11-23,-1.11426595706392
2017-11-24,-1.11475267573859
2017-11-25,-1.11519493941844
2017-11-26,-1.11559463648988
2017-11-27,-1.11595349842015
2017-11-28,-1.11627310007068
2017-11-29,-1.11655486052568
2017-11-30,-1.11680004443884
2017-12-01,-1.1170097639017
2017-12-02,-1.11718497918628
2017-12-03,-1.11732649333551
2017-12-04,-1.11743494524239
2017-12-05,-1.11751080278283
2017-12-06,-1.11755435599215
2017-12-07,-1.11756571027534
2017-12-08,-1.11754477964122
2017-12-09,-1.1174912799506
2017-12-10,-1.11740472216864
2017-12-11,-1.11728440561155
2017-12-12,-1.11712941117798
2017-12-13,-1.1169385945552
2017-12-14,-1.11671057939035
2017-12-15,-1.11644375041709
2017-12-16,-1.1161362465279
2017-12-17,-1.11578595378218
2017-12-18,-1.11539049834065
2017-12-19,-1.11494723931609
2017-12-20,-1.11445326153083
2017-12-21,-1.11390536817123
2017-12-22,-1.11330007332931
2017-12-23,-1.11263359442185
2017-12-24,-1.11190184447709
2017-12-25,-1.11110042427924
2017-12-26,-1.11022461436093
2017-12-27,-1.10926936683381
2017-12-28,-1.10822929704722
2017-12-29,-1.1070986750651
2017-12-30,-1.10587141695115
2017-12-31,-1.10454107585211
2018-01-01,-1.10310083286916
2018-01-02,-1.10154349984378
2018-01-03,-1.09986157026233
2018-01-04,-1.09804728108719
2018-01-05,-1.09609267321424
2018-01-06,-1.09398965059652
2018-01-07,-1.09173003807276
2018-01-08,-1.08930563793933
2018-01-09,-1.08670828530352
2018-01-10,-1.08392990225536
2018-01-11,-1.08096255089489
2018-01-12,-1.07779848525107
2018-01-13,-1.07443020212819
2018-01-14,-1.07085049091487
2018-01-15,-1.06705248239073
2018-01-16,-1.06302969656467
2018-01-17,-1.05877608957886
2018-01-18,-1.05428609971164
2018-01-19,-1.04955469251234
2018-01-20,-1.04457740510038
2018-01-21,-1.0393503896608
2018-01-22,-1.03387045616773
2018-01-23,-1.02813511436701
2018-01-24,-1.02214261504878
2018-01-25,-1.01589199064043
2018-01-26,-1.00938309514974
2018-01-27,-1.00261664348815
2018-01-28,-0.995594250202991
2018-01-29,-0.988318467647933
2018-01-30,-0.980792823619885
2018-01-31,-0.973021858490684
2018-02-01,-0.965011161861322
2018-02-02,-0.956767386868601
2018-02-03,-0.948298176918569
2018-02-04,-0.939612072313564
2018-02-05,-0.930718419069158
2018-02-06,-0.921627279866535
2018-02-07,-0.912349347086681
2018-02-08,-0.902895857873613
2018-02-09,-0.89327851117469
2018-02-10,-0.883509386706892
2018-02-11,-0.873600865798735
2018-02-12,-0.863565554058289
2018-02-13,-0.853416205818537
2018-02-14,-0.843165650312096
2018-02-15,-0.832826719528056
2018-02-16,-0.822412177704444
2018-02-17,-0.811934652410541
2018-02-18,-0.801406567174009
2018-02-19,-0.790840075608467
2018-02-20,-0.780246996997882
2018-02-21,-0.769638753294779
2018-02-22,-0.759026307489984
2018-02-23,-0.748420103312246
2018-02-24,-0.737830006216732
2018-02-25,-0.72726524562205
2018-02-26,-0.716734358356033
2018-02-27,-0.706245133271181
2018-02-28,-0.695804556991226
2018-03-01,-0.685418760750879
2018-03-02,-0.67509298454672
2018-03-03,-0.664831606961295
2018-03-04,-0.654638190400728
2018-03-05,-0.644515525139208
2018-03-06,-0.634465672196011
2018-03-07,-0.624490005070294
2018-03-08,-0.614589250358478
2018-03-09,-0.604763527278593
2018-03-10,-0.595012386125593
2018-03-11,-0.585334845681194
2018-03-12,-0.575729429601428
2018-03-13,-0.566194201804695
2018-03-14,-0.556726800882705
2018-03-15,-0.547324473556332
2018-03-16,-0.537984107198018
2018-03-17,-0.528702261442
2018-03-18,-0.519475198903264
2018-03-19,-0.510298915025771
2018-03-20,-0.501169167080164
2018-03-21,-0.492081502330779
2018-03-22,-0.483031285391492
2018-03-23,-0.474013724789543
2018-03-24,-0.465023898756202
2018-03-25,-0.456056780262763
2018-03-26,-0.447107261320071
2018-03-27,-0.438170176559448
2018-03-28,-0.429240326112584
2018-03-29,-0.420312497807654
2018-03-30,-0.41138148869861
2018-03-31,-0.402442125944313
2018-04-01,-0.39348928705388
2018-04-02,-0.384517919119619
2018-04-03,-0.375523055933212
2018-04-04,-0.366499834439203
2018-04-05,-0.357443510992405
2018-04-06,-0.348349477425556
2018-04-07,-0.339213276933464
2018-04-08,-0.330030619779796
2018-04-09,-0.320797398832534
2018-04-10,-0.311509704934066
2018-04-11,-0.302163842111756
2018-04-12,-0.29275634263475
2018-04-13,-0.283283981922699
2018-04-14,-0.273743793311947
2018-04-15,-0.264133082684691
2018-04-16,-0.254449442966483
2018-04-17,-0.244690768497384
2018-04-18,-0.234855269281972
2018-04-19,-0.224941485123329
2018-04-20,-0.214948299646035
2018-04-21,-0.204874954213109
2018-04-22,-0.194721061741758
2018-04-23,-0.184486620422695
2018-04-24,-0.174172027347707
2018-04-25,-0.163778092050079
2018-04-26,-0.15330604996237
2018-04-27,-0.142757575795964
2018-04-28,-0.132134796846753
2018-04-29,-0.121440306231181
2018-04-30,-0.110677176056843
2018-05-01,-0.0998489705317099
2018-05-02,-0.0889597486719256
2018-05-03,-0.078014025751562
2018-05-04,-0.0670167252129554
2018-05-05,-0.0559731315375778
2018-05-06,-0.044888844058088
2018-05-07,-0.0337697316925859
2018-05-08,-0.0226218885824651
2018-05-09,-0.0114515906156334
2018-05-10,-0.0002652528172344
2018-05-11,0.0109306124096269
2018-05-12,0.0221294362102932
2018-05-13,0.0333246333888738
2018-05-14,0.044509641718895
2018-05-15,0.0556779604703476
2018-05-16,0.0668231881688441
2018-05-17,0.0779390596022515
2018-05-18,0.0890194820898166
2018-05-19,0.100058571028456
2018-05-20,0.111050684730542
2018-05-21,0.121990458567176
2018-05-22,0.132872838430597
2018-05-23,0.14369311352905
2018-05-24,0.154446948527085
2018-05-25,0.165130415043949
2018-05-26,0.175740022522382
2018-05-27,0.186272748479818
2018-05-28,0.196726068153644
2018-05-29,0.207097983551867
2018-05-30,0.217387051920208
2018-05-31,0.227592413636304
2018-06-01,0.237713819541411
2018-06-02,0.247751644201631
2018-06-03,0.257706844830492
2018-06-04,0.267580907535837
2018-06-05,0.27737579467001
2018-06-06,0.287093893263645
2018-06-07,0.296737964523757
2018-06-08,0.306311094377313
2018-06-09,0.315816645041833
2018-06-10,0.325258207605019
2018-06-11,0.334639555595822
2018-06-12,0.34396459952976
2018-06-13,0.353237342411735
2018-06-14,0.362461836179979
2018-06-15,0.371642139075198
2018-06-16,0.380782273919366
2018-06-17,0.38988618728903
2018-06-18,0.398957709568406
2018-06-19,0.408000515867927
2018-06-20,0.41701808779431
2018-06-21,0.42601367605861
2018-06-22,0.434990263909127
2018-06-23,0.443950531376412
2018-06-24,0.452896820318033
2018-06-25,0.461831100251141
2018-06-26,0.470754934961256
2018-06-27,0.479669449876116
2018-06-28,0.488575300193779
2018-06-29,0.497472639754596
2018-06-30,0.506361090647026
2018-07-01,0.515239713537665
2018-07-02,0.524106989824239
2018-07-03,0.532960848681632
2018-07-04,0.541798704692611
2018-07-05,0.550617494722462
2018-07-06,0.559413714053666
2018-07-07,0.568183451796456
2018-07-08,0.57692242559085
2018-07-09,0.585626015615443
2018-07-10,0.594289297918024
2018-07-11,0.602907077082805
2018-07-12,0.611473918248751
2018-07-13,0.619984178493325
2018-07-14,0.628432037595607
2018-07-15,0.636811528192594
2018-07-16,0.645116565342148
2018-07-17,0.653340975505886
2018-07-18,0.661478524965004
2018-07-19,0.669522947681836
2018-07-20,0.677467972619651
2018-07-21,0.685307350533015
2018-07-22,0.693034880240766
2018-07-23,0.700644434393427
2018-07-24,0.708129984746668
2018-07-25,0.715485626952168
2018-07-26,0.722705604877043
2018-07-27,0.729784334462738
2018-07-28,0.736716427134082
2018-07-29,0.743496712768992
2018-07-30,0.750120262239067
2018-07-31,0.756582409531121
2018-08-01,0.762878773459479
2018-08-02,0.769005275142395
2018-08-03,0.774958139820958
2018-08-04,0.780733894846847
2018-08-05,0.786329367751416
2018-08-06,0.791741684392564
2018-08-07,0.796968267175835
2018-08-08,0.802006833346218
2018-08-09,0.806855393347086
2018-08-10,0.811512249242724
2018-08-11,0.815975993200893
2018-08-12,0.820245506031849
2018-08-13,0.824319955780255
2018-08-14,0.82819879636639
2018-08-15,0.831881766273063
2018-08-16,0.835368887274615
2018-08-17,0.838660463204385
2018-08-18,0.841757078756999
2018-08-19,0.844659598321824
2018-08-20,0.847369164843898
2018-08-21,0.849887198708647
2018-08-22,0.852215396646668
2018-08-23,0.854355730654818
2018-08-24,0.856310446929859
2018-08-25,0.858082064810844
2018-08-26,0.859673375726427
2018-08-27,0.86108744214324
2018-08-28,0.862327596511446
2018-08-29,0.863397440203561
2018-08-30,0.864300842442567
2018-08-31,0.865041939215345
2018-09-01,0.865625132167396
2018-09-02,0.8660550841111
2018-09-03,0.866336701078052
2018-09-04,0.866475111104427
2018-09-05,0.866475643132871
2018-09-06,0.866343806024831
2018-09-07,0.866085267677262
2018-09-08,0.865705834237676
2018-09-09,0.865211429411512
2018-09-10,0.864608073855854
2018-09-11,0.863901864653532
2018-09-12,0.863098954861651
2018-09-13,0.862205533128665
2018-09-14,0.861227803374079
2018-09-15,0.860171964524927
2018-09-16,0.859044190303185
2018-09-17,0.857850609058288
2018-09-18,0.856597283638974
2018-09-19,0.855290191298662
2018-09-20,0.853935203628627
2018-09-21,0.852538066513242
2018-09-22,0.851104380101574
2018-09-23,0.849639578789657
2018-09-24,0.848148911207785
2018-09-25,0.846637420207169
2018-09-26,0.845109922840355
2018-09-27,0.8435709903298
2018-09-28,0.84202492801903
2018-09-29,0.840475755300823
2018-09-30,0.83892718551689
2018-10-01,0.837382605823534
2018-10-02,0.835845062554815
2018-10-03,0.834317268742761
2018-10-04,0.832801617394785
2018-10-05,0.831300195044243
2018-10-06,0.829814795574098
2018-10-07,0.828346934313842
2018-10-08,0.826897862409985
2018-10-09,0.825468581470546
2018-10-10,0.824059858484175
2018-10-11,0.822672241014655
2018-10-12,0.821306072671691
2018-10-13,0.819961508859056
2018-10-14,0.818638532801289
2018-10-15,0.817336971850307
2018-10-16,0.816056514073428
2018-10-17,0.81479672512443
2018-10-18,0.813557065399462
2018-10-19,0.812336907479696
2018-10-20,0.811135553862818
2018-10-21,0.809952254985537
2018-10-22,0.808786227539466
2018-10-23,0.807636673082863
2018-10-24,0.80650279695082
2018-10-25,0.805383827466684
2018-10-26,0.804279035457564
2018-10-27,0.803187754076954
2018-10-28,0.802109398937629
2018-10-29,0.801043488558069
2018-10-30,0.799989665125841
2018-10-31,0.79894771558147
2018-11-01,0.797917593026464
2018-11-02,0.796899432006177
2018-11-03,0.795893538238456
2018-11-04,0.794900371856142
2018-11-05,0.79392053054318
2018-11-06,0.792954732563838
2018-11-07,0.792003799684429
2018-11-08,0.791068639986926
2018-11-09,0.790150230573728
2018-11-10,0.789249600162861
2018-11-11,0.788367811572748
2018-11-12,0.787505944095713
2018-11-13,0.786665075759271
2018-11-14,0.785846265474228
2018-11-15,0.785050535068563
2018-11-16,0.784278851206016
2018-11-17,0.783532107188254
2018-11-18,0.782811104639445
2018-11-19,0.782116535072022
2018-11-20,0.781448961332388
2018-11-21,0.780808798925257
2018-11-22,0.780196297215305
2018-11-23,0.779611520504739
2018-11-24,0.779054328985397
2018-11-25,0.778524359563923
2018-11-26,0.77802100655854
2018-11-27,0.777543402265917
2018-11-28,0.7770903973966
2018-11-29,0.776660541377431
2018-11-30,0.776252062519371
2018-12-01,0.77586284804911
2018-12-02,0.775490433854151
2018-12-03,0.775132033438564
2018-12-04,0.774784576316692
2018-12-05,0.774444745952194
2018-12-06,0.774109017259235
2018-12-07,0.773773693682399
2018-12-08,0.773434943871781
2018-12-09,0.773088837969527
2018-12-10,0.772731383523961
2018-12-11,0.772358561047246
2018-12-12,0.77196635923241
2018-12-13,0.77155080984541
2018-12-14,0.771108022307737
2018-12-15,0.770634217984963
2018-12-16,0.770125764196454
2018-12-17,0.769579207961358
2018-12-18,0.76899130949584
2018-12-19,0.768359075476387
2018-12-20,0.767679792083899
2018-12-21,0.766951057843145
2018-12-22,0.766170816272033
2018-12-23,0.765337388355033
2018-12-24,0.764449504854971
2018-12-25,0.763506338477283
2018-12-26,0.762507535900729
2018-12-27,0.76145324968842
2018-12-28,0.760344170092944
2018-12-29,0.759181556769237
2018-12-30,0.757967270408746
2018-12-31,0.756703804308356
2019-01-01,0.755394315887414
2019-01-02,0.754042643481331
2019-01-03,0.752653264526292
2019-01-04,0.751231239817585
2019-01-05,0.749782158656348
2019-01-06,0.748312084851537
2019-01-07,0.746827503544272
2019-01-08,0.745335268821975
2019-01-09,0.743842552090078
2019-01-10,0.742356791169307
2019-01-11,0.740885640086906
2019-01-12,0.739436919530372
2019-01-13,0.738018567932599
2019-01-14,0.736638593157554
2019-01-15,0.735305024755878
2019-01-16,0.734025866760056
2019-01-17,0.732809050989009
2019-01-18,0.731662390832243
2019-01-19,0.730593535483843
2019-01-20,0.729609924596888
2019-01-21,0.728718743329006
2019-01-22,0.727926877750035
2019-01-23,0.727240870582907
2019-01-24,0.7266668772491
2019-01-25,0.726210622190127
2019-01-26,0.725877355436755
2019-01-27,0.725671809397753
2019-01-28,0.72559815584017
2019-01-29,0.725659963033263
2019-01-30,0.725860153028324
2019-01-31,0.726200959046833
2019-02-01,0.726683882949424
2019-02-02,0.72730966894387
2019-02-03,0.728078341842313
2019-02-04,0.72898926041704
2019-02-05,0.730041169471394
2019-02-06,0.731232250656367
2019-02-07,0.732560172062946
2019-02-08,0.734022136619788
2019-02-09,0.735614929325364
2019-02-10,0.737334963343199
2019-02-11,0.739178324988415
2019-02-12,0.741140817633322
2019-02-13,0.743218004559352
2019-02-14,0.745405250782198
2019-02-15,0.747697763876603
2019-02-16,0.750090633826801
2019-02-17,0.752578871928212
2019-02-18,0.75515744876558
2019-02-19,0.757821331292336
2019-02-20,0.760565519035572
2019-02-21,0.763385079450642
2019-02-22,0.766275182448989
2019-02-23,0.769231134122452
2019-02-24,0.772248409686919
2019-02-25,0.775322685667836
2019-02-26,0.778449871349724
2019-02-27,0.78162613951149
2019-02-28,0.784847956469001
2019-03-01,0.788112111446029
2019-03-02,0.791415735330315
2019-03-03,0.79475627921982
2019-03-04,0.798131483773082
2019-03-05,0.801539349599803
2019-03-06,0.804978108682469
2019-03-07,0.808446196820291
2019-03-08,0.811942227087125
2019-03-09,0.815464964295505
2019-03-10,0.81901330045932
2019-03-11,0.822586231248101
2019-03-12,0.826182833426323
2019-03-13,0.829802243271542
2019-03-14,0.833443635965598
2019-03-15,0.837106205953591
2019-03-16,0.8407891482657
2019-03-17,0.844491640797394
2019-03-18,0.848212827543987
2019-03-19,0.851951802785913
2019-03-20,0.855707596221532
2019-03-21,0.859479159044725
2019-03-22,0.863265350964906
2019-03-23,0.867064928167593
2019-03-24,0.870876532214026
2019-03-25,0.874698679878817
2019-03-26,0.878529753924994
2019-03-27,0.88236799481629
2019-03-28,0.8862114933669
2019-03-29,0.890058184329411
2019-03-30,0.893905840922038
2019-03-31,0.897752070296699
2019-04-01,0.901594309949956
2019-04-02,0.905429828279039
2019-04-03,0.909255738614807
2019-04-04,0.91306901605294
2019-04-05,0.916866513610923
2019-04-06,0.920644977707213
2019-04-07,0.924401062958702
2019-04-08,0.928131346292283
2019-04-09,0.931832340366039
2019-04-10,0.93550050629528
2019-04-11,0.939132265678338
2019-04-12,0.942724011916739
2019-04-13,0.946272120824051
2019-04-14,0.949772960517399
2019-04-15,0.953222900585313
2019-04-16,0.956618320525267
2019-04-17,0.959955617443921
2019-04-18,0.963231213012778
2019-04-19,0.966441559671593
2019-04-20,0.969583146071579
2019-04-21,0.972652501750075
2019-04-22,0.975646201028016
2019-04-23,0.978560866121183
2019-04-24,0.981393169455869
2019-04-25,0.984139835179205
2019-04-26,0.986797639854085
2019-04-27,0.989363412328178
2019-04-28,0.991834032766225
2019-04-29,0.994206430834367
2019-04-30,0.99647758302493
2019-05-01,0.998644509109641
2019-05-02,1.00070426986341
2019-05-03,1.00265397272364
2019-05-04,1.00449077977073
2019-05-05,1.00621191610079
2019-05-06,1.00781467860675
2019-05-07,1.00929644518437
2019-05-08,1.0106546843796
2019-05-09,1.01188696549416
2019-05-10,1.01299096916618
2019-05-11,1.01396449844319
2019-05-12,1.01480549036474
2019-05-13,1.01551202807218
2019-05-14,1.01608235346356
2019-05-15,1.01651488041149
2019-05-16,1.01680820856231
2019-05-17,1.01696113773505
2019-05-18,1.01697268293889
2019-05-19,1.01684209002814
2019-05-20,1.01656885201396
2019-05-21,1.01615272605237
2019-05-22,1.01559375112828
2019-05-23,1.01489226645568
2019-05-24,1.01404893061422
2019-05-25,1.013064741443
2019-05-26,1.01194105671235
2019-05-27,1.01067961559493
2019-05-28,1.00928256095768
2019-05-29,1.00775246249655
2019-05-30,1.00609234073622
2019-05-31,1.00430569191724
2019-06-01,1.00239651379368
2019-06-02,1.00036932003851
2019-06-03,0.998229106100701
2019-06-04,0.995981302698432
2019-06-05,0.9936317290491
2019-06-06,0.99118654580388
2019-06-07,0.988652207654062
2019-06-08,0.986035415576387
2019-06-09,0.983343068684341
2019-06-10,0.980582215652168
2019-06-11,0.97776000567818
2019-06-12,0.974883638953661
2019-06-13,0.971960316603504
2019-06-14,0.968997190064404
2019-06-15,0.966001309866242
2019-06-16,0.962979573781983
2019-06-17,0.959938674311196
2019-06-18,0.956885045461963
2019-06-19,0.95382480879571
2019-06-20,0.950763718699164
2019-06-21,0.947707106847341
2019-06-22,0.944659825821151
2019-06-23,0.941626191842885
2019-06-24,0.93860992659251
2019-06-25,0.93561409806733
2019-06-26,0.932641060447266
2019-06-27,0.929692392927575
2019-06-28,0.926768837480516
2019-06-29,0.923870235507029
2019-06-30,0.920995463339143
2019-07-01,0.918142366553393
2019-07-02,0.915307717174607
2019-07-03,0.912487266299414
2019-07-04,0.909675820600159
2019-07-05,0.906867318831672
2019-07-06,0.904054908385806
2019-07-07,0.901231021938745
2019-07-08,0.898387454236262
2019-07-09,0.895515439062199
2019-07-10,0.892605726435658
2019-07-11,0.889648660082498
2019-07-12,0.886634255226968
2019-07-13,0.883552276749457
2019-07-14,0.880392317756557
2019-07-15,0.877143878609855
2019-07-16,0.873796446460089
2019-07-17,0.870339575333533
2019-07-18,0.866762966817724
2019-07-19,0.863056551393929
2019-07-20,0.859210570463978
2019-07-21,0.855215659119402
2019-07-22,0.851062929701104
2019-07-23,0.846744056198091
2019-07-24,0.842251359534115
2019-07-25,0.837577893791402
2019-07-26,0.832717533420986
2019-07-27,0.827665061489533
2019-07-28,0.822416259012871
2019-07-29,0.816967995426873
2019-07-30,0.811318320246668
2019-07-31,0.80546655596561
2019-08-01,0.799413392245815
2019-08-02,0.793160952115479
2019-08-03,0.786712741993285
2019-08-04,0.780073572702412
2019-08-05,0.773249480560371
2019-08-06,0.766247648498501
2019-08-07,0.759076327164808
2019-08-08,0.751744755963716
2019-08-09,0.744263083986126
2019-08-10,0.736642290783019
2019-08-11,0.728894106935662
2019-08-12,0.721030934375297
2019-08-13,0.713065766404969
2019-08-14,0.705012107375975
2019-08-15,0.696883891971147
2019-08-16,0.688695404046993
2019-08-17,0.68046119498643
2019-08-18,0.672196001513625
2019-08-19,0.663914662922151
2019-08-20,0.655632037667406
2019-08-21,0.647362919273947
2019-08-22,0.639121951508063
2019-08-23,0.630923542765624
2019-08-24,0.622781779624869
2019-08-25,0.6147103395135
2019-08-26,0.606722402439049
2019-08-27,0.598830561731141
2019-08-28,0.591046733743892
2019-08-29,0.583382066466263
2019-08-30,0.575846846987827
2019-08-31,0.568450407766944
2019-09-01,0.561201031647932
2019-09-02,0.554105878459324
2019-09-03,0.547171002078518
2019-09-04,0.540401390390932
2019-09-05,0.533801005552979
2019-09-06,0.527372824586268
2019-09-07,0.521118880330689
2019-09-08,0.515040302784321
2019-09-09,0.509137360858388
2019-09-10,0.503409504575782
2019-09-11,0.497855407741948
2019-09-12,0.492473011117274
2019-09-13,0.487259566120404
2019-09-14,0.482211679092233
2019-09-15,0.477325356150677
2019-09-16,0.47259604866664
2019-09-17,0.468018699391954
2019-09-18,0.463587789270418
2019-09-19,0.459297384963434
2019-09-20,0.455141187122112
2019-09-21,0.451112579438069
2019-09-22,0.447204678505593
2019-09-23,0.443410384528177
2019-09-24,0.439722432902892
2019-09-25,0.436133446716437
2019-09-26,0.432635990187181
2019-09-27,0.429222623087882
2019-09-28,0.425885956184284
2019-09-29,0.422618707725181
2019-09-30,0.419413761020047
2019-10-01,0.416264223140781
2019-10-02,0.41316347448481
2019-10-03,0.410105178079656
2019-10-04,0.407083278526206
2019-10-05,0.404092000622348
2019-10-06,0.40112584765913
2019-10-07,0.398179599381474
2019-10-08,0.395248309605276
2019-10-09,0.392327303482519
2019-10-10,0.389412174405877
2019-10-11,0.386498780544053
2019-10-12,0.383583240998928
2019-10-13,0.380661931575389
2019-10-14,0.377731480154491
2019-10-15,0.374788761660424
2019-10-16,0.371830892611513
2019-10-17,0.368855225245299
2019-10-18,0.365859341207512
2019-10-19,0.362841044794512
2019-10-20,0.359798355738587
2019-10-21,0.356729501525231
2019-10-22,0.353632909231298
2019-10-23,0.350507196872717
2019-10-24,0.347351164250165
2019-10-25,0.344163783280891
2019-10-26,0.340944187804615
2019-10-27,0.337691662851164
2019-10-28,0.334405633357269
2019-10-29,0.33108565231966
2019-10-30,0.32773138837135
2019-10-31,0.324342612767716
2019-11-01,0.3209191857687
2019-11-02,0.317461045481346
2019-11-03,0.313968208456522
2019-11-04,0.310440773088593
2019-11-05,0.306878922813573
2019-11-06,0.303282929108609
2019-11-07,0.299653154295531
2019-11-08,0.295990054151128
2019-11-09,0.292294180326674
2019-11-10,0.288566182579182
2019-11-11,0.284806810816726
2019-11-12,0.281016916960097
2019-11-13,0.277197456622965
2019-11-14,0.273349490612625
2019-11-15,0.269474186253301
2019-11-16,0.265572818533914
2019-11-17,0.261646771082106
2019-11-18,0.257697536966229
2019-11-19,0.253726719326941
2019-11-20,0.249736031839913
2019-11-21,0.245727299011121
2019-11-22,0.241702456306059
2019-11-23,0.237663550114153
2019-11-24,0.23361273754957
2019-11-25,0.229552286089494
2019-11-26,0.225484573050913
2019-11-27,0.221412084906819
2019-11-28,0.217337416442683
2019-11-29,0.213263269753952
2019-11-30,0.209192453085253
2019-12-01,0.205127879511887
2019-12-02,0.201072561985581
2019-12-03,0.197029594467705
2019-12-04,0.193002130218904
2019-12-05,0.188993360877509
2019-12-06,0.1850064963214
2019-12-07,0.181044745308281
2019-12-08,0.177111296889711
2019-12-09,0.173209302594565
2019-12-10,0.169341859377944
2019-12-11,0.165511993331902
2019-12-12,0.161722644154699
2019-12-13,0.15797665037564
2019-12-14,0.154276735332912
2019-12-15,0.150625493902155
2019-12-16,0.147025379973893
2019-12-17,0.143478694678245
2019-12-18,0.139987575355739
2019-12-19,0.136553985273371
2019-12-20,0.133179704085401
2019-12-21,0.129866319038756
2019-12-22,0.12661521692323
2019-12-23,0.123427576767052
2019-12-24,0.120304363278738
2019-12-25,0.117246321036498
2019-12-26,0.114253969426826
2019-12-27,0.111327598334278
2019-12-28,0.108467264584773
2019-12-29,0.105672789145149
2019-12-30,0.102943755082044
2019-12-31,0.100279506283548
2020-01-01,0.097679146947447
2020-01-02,0.0951415472457443
2020-01-03,0.0926653710907879
2020-01-04,0.0902491086097171
2020-01-05,0.0878911076377601
2020-01-06,0.085589604243217
2020-01-07,0.0833427522965494
2020-01-08,0.0811486520955852
2020-01-09,0.0790053780584327
2020-01-10,0.0769110054952946
2020-01-11,0.0748636364699596
2020-01-12,0.0728614247613478
2020-01-13,0.0709025999350793
2020-01-14,0.0689854905346339
2020-01-15,0.0671085464012681
2020-01-16,0.0652703601314563
2020-01-17,0.0634696876802246
2020-01-18,0.0617054681183462
2020-01-19,0.0599768425509756
2020-01-20,0.0582831722048977
2020-01-21,0.0566240556911797
2020-01-22,0.0549993454496153
2020-01-23,0.0534091633809625
2020-01-24,0.0518539156725804
2020-01-25,0.0503343068226835
2020-01-26,0.0488513528680383
2020-01-27,0.0474063938195382
2020-01-28,0.046001105309704
2020-01-29,0.0446375094557655
2020-01-30,0.0433179849415945
2020-01-31,0.0420452763213671
2020-02-01,0.0408225025474465
2020-02-02,0.0396531543853689
2020-02-03,0.0385410499784369
2020-02-04,0.0374902806896284
2020-02-05,0.0365051578141882
2020-02-06,0.0355901601337541
2020-02-07,0.0347498822832223
2020-02-08,0.0339889839018947
2020-02-09,0.0333121395407931
2020-02-10,0.0327239892983472
2020-02-11,0.0322290901569918
2020-02-12,0.031831867993523
2020-02-13,0.0315365702363714
2020-02-14,0.0313472191432576
2020-02-15,0.0312675656729899
2020-02-16,0.0313010439254555
2020-02-17,0.0314507261241439
2020-02-18,0.0317192781158166
2020-02-19,0.0321089153622142
2020-02-20,0.0326213593989539
2020-02-21,0.0332577947370385
2020-02-22,0.0340188261826447
2020-02-23,0.0349044365511166
2020-02-24,0.0359139447513266
2020-02-25,0.0370459642168105
2020-02-26,0.0382983616603099
2020-02-27,0.0396682161285874
2020-02-28,0.0411517783345988
2020-02-29,0.0427444302443221
2020-03-01,0.0444406448957569
2020-03-02,0.0462339652409224
2020-03-03,0.0481170582571626
2020-03-04,0.0500817871925986
2020-03-05,0.052119282989224
2020-03-06,0.0542200149208735
2020-03-07,0.0563738604830319
2020-03-08,0.0585701745711949
2020-03-09,0.0607978579842454
2020-03-10,0.0630454252890694
2020-03-11,0.0653010720824054
2020-03-12,0.0675527416856966
2020-03-13,0.069788191308507
2020-03-14,0.0719950577158309
2020-03-15,0.0741609224344619
2020-03-16,0.0762733765333733
2020-03-17,0.0783200850128833
2020-03-18,0.0802888508372029
2020-03-19,0.0821676786447992
2020-03-20,0.0839448381708424
2020-03-21,0.0856089274158577
2020-03-22,0.0871489355945559
2020-03-23,0.0885543058986817
2020-03-24,0.0898149981075881
2020-03-25,0.0909215510801261
2020-03-26,0.0918651451613241
2020-03-27,0.0926376645372256
2020-03-28,0.0932317595711551
2020-03-29,0.0936409091545923
2020-03-30,0.0938594831057491
2020-03-31,0.0938828046488702
2020-04-01,0.0937072130072075
2020-04-02,0.0933301056407239
2020-04-03,0.0927498987199199
2020-04-04,0.0919659676204473
2020-04-05,0.0909785879878099
2020-04-06,0.0897888773457984
2020-04-07,0.0883987372224367
2020-04-08,0.0868107957673552
2020-04-09,0.0850283508346264
2020-04-10,0.0830553135052269
2020-04-11,0.080896152023402
2020-04-12,0.0785558361213251
2020-04-13,0.0760397817065481
2020-04-14,0.0733537958868459
2020-04-15,0.0705040223071517
2020-04-16,0.0674968867733774
2020-04-17,0.0643390431379964
2020-04-18,0.0610373194223549
2020-04-19,0.0575986641507534
2020-04-20,0.0540300928714141
2020-04-21,0.0503386348395199
2020-04-22,0.0465312798375753
2020-04-23,0.0426149251083975
2020-04-24,0.0385963223761031
2020-04-25,0.0344820249305035
2020-04-26,0.0302783347503689
2020-04-27,0.0259912496410616
2020-04-28,0.0216264103620746
2020-04-29,0.0171890477200417
2020-04-30,0.0126839296028151
2020-05-01,0.0081153079302251
2020-05-02,0.0034868784770923
2020-05-03,-0.0011982075085572
2020-05-04,-0.005937318820774
2020-05-05,-0.0107283199137229
2020-05-06,-0.0155695466137733
2020-05-07,-0.0204597819169192
2020-05-08,-0.0253982318627902
2020-05-09,-0.0303845014764944
2020-05-10,-0.0354185707695178
2020-05-11,-0.0405007707908816
2020-05-12,-0.0456317597197379
2020-05-13,-0.0508124989905618
2020-05-14,-0.0560442294420744
2020-05-15,-0.0613284474810043
2020-05-16,-0.0666668812517711
2020-05-17,-0.0720614668031469
2020-05-18,-0.07751432424292
2020-05-19,-0.0830277338715608
2020-05-20,-0.0886041122858535
2020-05-21,-0.0942459884434285
2020-05-22,-0.099955979679095
2020-05-23,-0.10573676766384
2020-05-24,-0.111591074297325
2020-05-25,-0.117521637524665
2020-05-26,-0.123531187068261
2020-05-27,-0.129622420065374
2020-05-28,-0.135797976602147
2020-05-29,-0.142060415134669
2020-05-30,-0.148412187787703
2020-05-31,-0.154855615521595
2020-06-01,-0.161392863157871
2020-06-02,-0.168025918339503
2020-06-03,-0.174756586709831
2020-06-04,-0.181586491193023
2020-06-05,-0.188517071323334
2020-06-06,-0.195549582620026
2020-06-07,-0.202685096004889
2020-06-08,-0.209924497259325
2020-06-09,-0.217268486517998
2020-06-10,-0.224717577796099
2020-06-11,-0.232272098547302
2020-06-12,-0.239932189249528
2020-06-13,-0.247697803015667
2020-06-14,-0.255568705226444
2020-06-15,-0.263544473182636
2020-06-16,-0.271624495773901
2020-06-17,-0.279807973161477
2020-06-18,-0.288093916472066
2020-06-19,-0.29648114750023
2020-06-20,-0.304968298416658
2020-06-21,-0.313553811479678
2020-06-22,-0.322235938747438
2020-06-23,-0.331012741788156
2020-06-24,-0.339882091385915
2020-06-25,-0.348841667239458
2020-06-26,-0.35788895765148
2020-06-27,-0.367021259205911
2020-06-28,-0.376235676430736
2020-06-29,-0.385529121443873
2020-06-30,-0.394898313579674
2020-07-01,-0.404339778993619
2020-07-02,-0.413849852280606
2020-07-03,-0.423424686272973
2020-07-04,-0.433060264124647
2020-07-05,-0.442752411706086
2020-07-06,-0.452496810319485
2020-07-07,-0.462289009743931
2020-07-08,-0.472124441620296
2020-07-09,-0.481998433185864
2020-07-10,-0.491906221368856
2020-07-11,-0.501842967253156
2020-07-12,-0.511803770923763
2020-07-13,-0.521783686703644
2020-07-14,-0.531777738792834
2020-07-15,-0.541780937320862
2020-07-16,-0.5517882948237
2020-07-17,-0.561794843156698
2020-07-18,-0.571795650855095
2020-07-19,-0.581785840953936
2020-07-20,-0.59176060927942
2020-07-21,-0.601715243223874
2020-07-22,-0.611645141016816
2020-07-23,-0.621545831504712
2020-07-24,-0.6314129944523
2020-07-25,-0.641242481378542
2020-07-26,-0.651030336940493
2020-07-27,-0.660772820878607
2020-07-28,-0.670466430537204
2020-07-29,-0.680107923974094
2020-07-30,-0.689694343673545
2020-07-31,-0.699223040877042
2020-08-01,-0.708691700546541
2020-08-02,-0.718098361816217
2020-08-03,-0.727441418235871
2020-08-04,-0.73671961235329
2020-08-05,-0.745932029557349
2020-08-06,-0.755078091176324
2020-08-07,-0.764157546825491
2020-08-08,-0.773170465997764
2020-08-09,-0.78211722889069
2020-08-10,-0.790998516462785
2020-08-11,-0.799815299711789
2020-08-12,-0.808568828167057
2020-08-13,-0.817260617587898
2020-08-14,-0.825892436859296
2020-08-15,-0.834466294076074
2020-08-16,-0.842984421806132
2020-08-17,-0.851449261523041
2020-08-18,-0.85986344719785
2020-08-19,-0.868229788039567
2020-08-20,-0.876551250373377
2020-08-21,-0.884830938645272
2020-08-22,-0.893072075541313
2020-08-23,-0.901277981209398
2020-08-24,-0.909452051570932
2020-08-25,-0.917597735709431
2020-08-26,-0.925718512322633
2020-08-27,-0.933817865224295
2020-08-28,-0.941899257881399
2020-08-29,-0.949966106972087
2020-08-30,-0.958021754949202
2020-08-31,-0.966069441593849
2020-09-01,-0.974112274543002
2020-09-02,-0.982153200919686
2020-09-03,-0.990194986790433
2020-09-04,-0.998240199225555
2020-09-05,-1.00629118911345
2020-09-06,-1.01435007472027
2020-09-07,-1.0224187259866
2020-09-08,-1.03049874955328
2020-09-09,-1.03859147450855
2020-09-10,-1.04669793884951
2020-09-11,-1.05481887665076
2020-09-12,-1.06295470593383
2020-09-13,-1.07110551723105
2020-09-14,-1.07927106283808
2020-09-15,-1.08745074674958
2020-09-16,-1.0956436152727
2020-09-17,-1.10384834831383
2020-09-18,-1.11206325133382
2020-09-19,-1.1202862479677
2020-09-20,-1.12851487330505
2020-09-21,-1.13674626782752
2020-09-22,-1.14497717200036
2020-09-23,-1.15320392151525
2020-09-24,-1.16142244318183
2020-09-25,-1.1696282514659
2020-09-26,-1.17781644567255
2020-09-27,-1.18598170777262
2020-09-28,-1.19411830087148
2020-09-29,-1.20222006831937
2020-09-30,-1.21028043346277
2020-10-01,-1.21829240003677
2020-10-02,-1.22624856186821
2020-10-03,-1.23414114764806
2020-10-04,-1.24196207376483
2020-10-05,-1.24970299630227
2020-10-06,-1.25735536222966
2020-10-07,-1.26491045981271
2020-10-08,-1.27235946827279
2020-10-09,-1.27969350672171
2020-10-10,-1.28690368239936
2020-10-11,-1.29398113824067
2020-10-12,-1.30091709979863
2020-10-13,-1.30770292154925
2020-10-14,-1.31433013260462
2020-10-15,-1.32079048185945
2020-10-16,-1.32707598259654
2020-10-17,-1.33317895657618
2020-10-18,-1.3390920776343
2020-10-19,-1.34480841481395
2020-10-20,-1.35032147505435
2020-10-21,-1.35562524546158
2020-10-22,-1.3607142351847
2020-10-23,-1.36558351692098
2020-10-24,-1.37022876807344
2020-10-25,-1.37464631158399
2020-10-26,-1.37883315646491
2020-10-27,-1.38278703805164
2020-10-28,-1.38650645799902
2020-10-29,-1.3899907240437
2020-10-30,-1.39323998955442
2020-10-31,-1.39625529289245
2020-11-01,-1.39903859660359
2020-11-02,-1.40159280855319
2020-11-03,-1.40392173145735
2020-11-04,-1.40602999520615
2020-11-05,-1.4079229900259
2020-11-06,-1.4096068004446
2020-11-07,-1.41108814002501
2020-11-08,-1.41237428683015
2020-11-09,-1.41347301958591
2020-11-10,-1.41439255450626
2020-11-11,-1.41514148274627
2020-11-12,-1.4157287084487
2020-11-13,-1.41616338734995
2020-11-14,-1.41645486591152
2020-11-15,-1.41661262094329
2020-11-16,-1.41664619968503
2020-11-17,-1.41656516031281
2020-11-18,-1.41637901283729
2020-11-19,-1.41609716036079
2020-11-20,-1.41572884066038
2020-11-21,-1.41528306806435
2020-11-22,-1.41476857558957
2020-11-23,-1.41419375730735
2020-11-24,-1.4135666109056
2020-11-25,-1.41289468041523
2020-11-26,-1.41218499906879
2020-11-27,-1.4114440322594
2020-11-28,-1.41067762056845
2020-11-29,-1.40989092283011
2020-11-30,-1.40908835920135
2020-12-01,-1.40827355420579
2020-12-02,-1.40744929655612
2020-12-03,-1.40661756621434
2020-12-04,-1.40577957809087
2020-12-05,-1.40493582554373
2020-12-06,-1.40408612370159
2020-12-07,-1.40322965263455
2020-12-08,-1.40236500039632
2020-12-09,-1.40149020596169
2020-12-10,-1.40060280208303
2020-12-11,-1.39969985808986
2020-12-12,-1.39877802265509
2020-12-13,-1.39783356655216
2020-12-14,-1.39686242542685
2020-12-15,-1.3958602426079
2020-12-16,-1.39482241198045
2020-12-17,-1.39374412094647
2020-12-18,-1.39262039349647
2020-12-19,-1.39144613341661
2020-12-20,-1.39021616765578
2020-12-21,-1.38892528987688
2020-12-22,-1.38756830421711
2020-12-23,-1.38614006928162
2020-12-24,-1.38463554239551
2020-12-25,-1.38304982413888
2020-12-26,-1.38137820318995
2020-12-27,-1.37961620150138
2020-12-28,-1.37775961983487
2020-12-29,-1.37580458367958
2020-12-30,-1.37374758957964
2020-12-31,-1.37158555189659
2021-01-01,-1.36931585003233
2021-01-02,-1.36693636331564
2021-01-03,-1.36444545497195
2021-01-04,-1.36184194311548
2021-01-05,-1.35912507143879
2021-01-06,-1.35629447958155
2021-01-07,-1.35335017315971
2021-01-08,-1.35029249343667
2021-01-09,-1.34712208661728
2021-01-10,-1.34383987274569
2021-01-11,-1.34044701418757
2021-01-12,-1.33694488367726
2021-01-13,-1.33333503190996
2021-01-14,-1.32961915465905
2021-01-15,-1.32579905939819
2021-01-16,-1.32187663140772
2021-01-17,-1.31785379934479
2021-01-18,-1.31373250025598
2021-01-19,-1.30951464401146
2021-01-20,-1.30520207713892
2021-01-21,-1.30079654603583
2021-01-22,-1.2962996595377
2021-01-23,-1.29171285082024
2021-01-24,-1.28703733861283
2021-01-25,-1.28227408770027
2021-01-26,-1.27742376868991
2021-01-27,-1.27248671702048
2021-01-28,-1.26746289118902
2021-01-29,-1.26235183017169
2021-01-30,-1.25715261001426
2021-01-31,-1.25186379956742
2021-02-01,-1.246483415342
2021-02-02,-1.24100889318861
2021-02-03,-1.23543713011675
2021-02-04,-1.2297645436504
2021-02-05,-1.2239871311647
2021-02-06,-1.21810052923754
2021-02-07,-1.21210007305015
2021-02-08,-1.20598085587052
2021-02-09,-1.19973778865382
2021-02-10,-1.19336565979401
2021-02-11,-1.18685919506077
2021-02-12,-1.18021311775616
2021-02-13,-1.17342220912544
2021-02-14,-1.16648136905671
2021-02-15,-1.15938567710378
2021-02-16,-1.15213045386743
2021-02-17,-1.14471132276974
2021-02-18,-1.13712427225671
2021-02-19,-1.12936571846441
2021-02-20,-1.12143256838403
2021-02-21,-1.11332228356147
2021-02-22,-1.10503294436727
2021-02-23,-1.09656331487263
2021-02-24,-1.08791290836803
2021-02-25,-1.07908205356046
2021-02-26,-1.07007196148604
2021-02-27,-1.06088479317476
2021-02-28,-1.05152372810443
2021-03-01,-1.04199303348096
2021-03-02,-1.03229810900873
2021-03-03,-1.02244543103327
2021-03-04,-1.01244247206995
2021-03-05,-1.00229762103391
2021-03-06,-0.992020104133564
2021-03-07,-0.98161990639027
2021-03-08,-0.971107693746719
2021-03-09,-0.960494735726981
2021-03-10,-0.949792828611217
2021-03-11,-0.939014219088215
2021-03-12,-0.928171528349109
2021-03-13,-0.917277676585734
2021-03-14,-0.906345807857248
2021-03-15,-0.895389215288737
2021-03-16,-0.884421266565693
2021-03-17,-0.87345532968832
2021-03-18,-0.862504698949758
2021-03-19,-0.851582521102414
2021-03-20,-0.840701721676667
2021-03-21,-0.829874931416306
2021-03-22,-0.819114412795159
2021-03-23,-0.808431986579393
2021-03-24,-0.797838958400083
2021-03-25,-0.787346045300671
2021-03-26,-0.776963302223987
2021-03-27,-0.766700048403564
2021-03-28,-0.756564793624002
2021-03-29,-0.746565164315155
2021-03-30,-0.736707829444963
2021-03-31,-0.726998426175734
2021-04-01,-0.717441485248709
2021-04-02,-0.708040381225969
2021-04-03,-0.698797382971195
2021-04-04,-0.689713728547676
2021-04-05,-0.680789699308861
2021-04-06,-0.672024693206896
2021-04-07,-0.663417297344371
2021-04-08,-0.654965359794246
2021-04-09,-0.646666060712717
2021-04-10,-0.638515982769525
2021-04-11,-0.630511180920026
2021-04-12,-0.622647251543071
2021-04-13,-0.614919400968561
2021-04-14,-0.607322513418308
2021-04-15,-0.599851218383618
2021-04-16,-0.592499957462796
2021-04-17,-0.585263050681581
2021-04-18,-0.578134762319272
2021-04-19,-0.571109366263158
2021-04-20,-0.564181210913588
2021-04-21,-0.557344783661896
2021-04-22,-0.550594774963117
2021-04-23,-0.54392614202531
2021-04-24,-0.537334172137043
2021-04-25,-0.530814545654441
2021-04-26,-0.524363398669006
2021-04-27,-0.517977385377205
2021-04-28,-0.511653740172667
2021-04-29,-0.50539033948162
2021-04-30,-0.499185763362033
2021-05-01,-0.493039356886734
2021-05-02,-0.486951271085304
2021-05-03,-0.480922422863878
2021-05-04,-0.474954435193895
2021-05-05,-0.469049577943238
2021-05-06,-0.463210709337574
2021-05-07,-0.457441218039897
2021-05-08,-0.451744965836465
2021-05-09,-0.446126230917573
2021-05-10,-0.440589651741767
2021-05-11,-0.435140171472338
2021-05-12,-0.429782982975156
2021-05-13,-0.424523474367096
2021-05-14,-0.419367175104541
2021-05-15,-0.414319702601658
2021-05-16,-0.409386709368363
2021-05-17,-0.40457383065811
2021-05-18,-0.399886632615877
2021-05-19,-0.395330560916914
2021-05-20,-0.390910889887085
2021-05-21,-0.386632672095835
2021-05-22,-0.38250068841306
2021-05-23,-0.378519398521375
2021-05-24,-0.374692891875533
2021-05-25,-0.37102483910096
2021-05-26,-0.367518443823627
2021-05-27,-0.36417639492372
2021-05-28,-0.361000819205803
2021-05-29,-0.357993234478415
2021-05-30,-0.355154503036317
2021-05-31,-0.352484785538817
2021-06-01,-0.349983495277874
2021-06-02,-0.347649271175523
2021-06-03,-0.345480024382996
2021-06-04,-0.343473002808302
2021-06-05,-0.341624855078801
2021-06-06,-0.339931693952481
2021-06-07,-0.338389159191515
2021-06-08,-0.336992479911474
2021-06-09,-0.335736536419399
2021-06-10,-0.334615921553752
2021-06-11,-0.333625001539099
2021-06-12,-0.332757976368176
2021-06-13,-0.332008939723814
2021-06-14,-0.331371938453029
2021-06-15,-0.330841031605357
2021-06-16,-0.330410349047372
2021-06-17,-0.330074149665098
2021-06-18,-0.329826879165854
2021-06-19,-0.329663227490865
2021-06-20,-0.329578185849795
2021-06-21,-0.329567103388139
2021-06-22,-0.329625743498221
2021-06-23,-0.329750339784352
2021-06-24,-0.32993765169249
2021-06-25,-0.330185019814534
2021-06-26,-0.3304904208772
2021-06-27,-0.330852522425185
2021-06-28,-0.331270737208149
2021-06-29,-0.331745277280797
2021-06-30,-0.332277207825164
2021-07-01,-0.332868500703957
2021-07-02,-0.33352206700975
2021-07-03,-0.334241706537928
2021-07-04,-0.335032037022233
2021-07-05,-0.335898424010814
2021-07-06,-0.336846911360951
2021-07-07,-0.337884152330805
2021-07-08,-0.339017341246717
2021-07-09,-0.340254145724778
2021-07-10,-0.341602639425578
2021-07-11,-0.343071235321212
2021-07-12,-0.344668619453814
2021-07-13,-0.346403685165053
2021-07-14,-0.348285467776221
2021-07-15,-0.350323079698714
2021-07-16,-0.352525645954865
2021-07-17,-0.354902240089294
2021-07-18,-0.357461820451079
2021-07-19,-0.360213166827253
2021-07-20,-0.363164817408269
2021-07-21,-0.36632500606629
2021-07-22,-0.369701599927269
2021-07-23,-0.373302037218018
2021-07-24,-0.37713326536956
2021-07-25,-0.381201679358295
2021-07-26,-0.385513060266603
2021-07-27,-0.390072514044735
2021-07-28,-0.394884410455953
2021-07-29,-0.399952322187078
2021-07-30,-0.405278964106736
2021-07-31,-0.410866132653773
2021-08-01,-0.416714645338469
2021-08-02,-0.422824300236982
2021-08-03,-0.429193914996353
2021-08-04,-0.435821385011554
2021-08-05,-0.442703740731498
2021-08-06,-0.449837204113025
2021-08-07,-0.457217244241624
2021-08-08,-0.464838632137358
2021-08-09,-0.472695494764183
2021-08-10,-0.480781368260607
2021-08-11,-0.489089250409306
2021-08-12,-0.497611652363128
2021-08-13,-0.506340649644552
2021-08-14,-0.51526793243549
2021-08-15,-0.524384855173988
2021-08-16,-0.53368248547417
2021-08-17,-0.543151652385465
2021-08-18,-0.552782994006918
2021-08-19,-0.562567004472138
2021-08-20,-0.57249408032014
2021-08-21,-0.582554566267122
2021-08-22,-0.59273880039394
2021-08-23,-0.60303715876379
2021-08-24,-0.613440099484367
2021-08-25,-0.623938206228498
2021-08-26,-0.634522231227024
2021-08-27,-0.645183137747411
2021-08-28,-0.655912142071385
2021-08-29,-0.666700754984567
2021-08-30,-0.677540822790894
2021-08-31,-0.688424567864339
2021-09-01,-0.699344628750193
2021-09-02,-0.710294089328479
2021-09-03,-0.721266465776858
2021-09-04,-0.732255683736333
2021-09-05,-0.743256056402193
2021-09-06,-0.754262263537037
2021-09-07,-0.765269331403009
2021-09-08,-0.776272613610822
2021-09-09,-0.78726777288346
2021-09-10,-0.798250763732843
2021-09-11,-0.809217816048099
2021-09-12,-0.820165419594468
2021-09-13,-0.831090309422228
2021-09-14,-0.841989452185412
2021-09-15,-0.852860033370467
2021-09-16,-0.86369944543537
2021-09-17,-0.874505276860109
2021-09-18,-0.885275302109817
2021-09-19,-0.896007472512216
2021-09-20,-0.906699908051447
2021-09-21,-0.9173508900807
2021-09-22,-0.927958854956507
2021-09-23,-0.938522388597891
2021-09-24,-0.949040221974008
2021-09-25,-0.959511227524292
2021-09-26,-0.969934416515513
2021-09-27,-0.980308937340554
2021-09-28,-0.990634074764133
2021-09-29,-1.00090925012109
2021-09-30,-1.01113402247328
2021-10-01,-1.02130809073145
2021-10-02,-1.03143129239619
2021-10-03,-1.04150358568115
2021-10-04,-1.05152502734058
2021-10-05,-1.06149575035824
2021-10-06,-1.07141594148386
2021-10-07,-1.08128581860264
2021-10-08,-1.09110560792375
2021-10-09,-1.10087552097332
2021-10-10,-1.11059573137759
2021-10-11,-1.1202663514216
2021-10-12,-1.1298874083688
2021-10-13,-1.13945882052686
2021-10-14,-1.1489803730449
2021-10-15,-1.15845169342699
2021-10-16,-1.16787222674722
2021-10-17,-1.17724121055073
2021-10-18,-1.18655764942585
2021-10-19,-1.19582028923158
2021-10-20,-1.20502759096514
2021-10-21,-1.21417770425372
2021-10-22,-1.22326844045479
2021-10-23,-1.23229724534892
2021-10-24,-1.2412611714091
2021-10-25,-1.25015684963027
2021-10-26,-1.25898046090281
2021-10-27,-1.26772770691323
2021-10-28,-1.27639378055566
2021-10-29,-1.28497333583708
2021-10-30,-1.29346045725932
2021-10-31,-1.30184862866074
2021-11-01,-1.31013070150007
2021-11-02,-1.31829888246884
2021-11-03,-1.32634479999385
2021-11-04,-1.33425958938295
2021-11-05,-1.34203397660578
2021-11-06,-1.3496583607456
2021-11-07,-1.35712289515759
2021-11-08,-1.36441756736872
2021-11-09,-1.37153227775328
2021-11-10,-1.37845691701825
2021-11-11,-1.38518144253171
2021-11-12,-1.39169595352707
2021-11-13,-1.39799076521557
2021-11-14,-1.40405648183881
2021-11-15,-1.40988406869262
2021-11-16,-1.41546492315312
2021-11-17,-1.42079094473531
2021-11-18,-1.4258546042141
2021-11-19,-1.43064901183704
2021-11-20,-1.43516798465784
2021-11-21,-1.43940611301892
2021-11-22,-1.44335882621124
2021-11-23,-1.44702245733861
2021-11-24,-1.45039430741386
2021-11-25,-1.45347270871331
2021-11-26,-1.45625708741578
2021-11-27,-1.45874802555189
2021-11-28,-1.46094732228893
2021-11-29,-1.46285805457618
2021-11-30,-1.46448463717519
2021-12-01,-1.46583288209888
2021-12-02,-1.46691002859534
2021-12-03,-1.46772465744195
2021-12-04,-1.46828657785081
2021-12-05,-1.46860671624889
2021-12-06,-1.46869700689198
2021-12-07,-1.46857028427201
2021-12-08,-1.4682401772782
2021-12-09,-1.46772100507313
2021-12-10,-1.4670276746454
2021-12-11,-1.46617558000122
2021-12-12,-1.46518050295816
2021-12-13,-1.46405851550464
2021-12-14,-1.46282588368944
2021-12-15,-1.46149897300654
2021-12-16,-1.46009415524059
2021-12-17,-1.45862771673958
2021-12-18,-1.45711576808145
2021-12-19,-1.45557415510238
2021-12-20,-1.45401837125472
2021-12-21,-1.45246347126363
2021-12-22,-1.45092398605165
2021-12-23,-1.44941383890138
2021-12-24,-1.44794626282683
2021-12-25,-1.44653371912481
2021-12-26,-1.44518781707821
2021-12-27,-1.44391923478356
2021-12-28,-1.44273764107609
2021-12-29,-1.44165161852593
2021-12-30,-1.44066858747963
2021-12-31,-1.43979473112201
2022-01-01,-1.43903492153375
2022-01-02,-1.43839267095113
2022-01-03,-1.4378701805767
2022-01-04,-1.43746841295667
2022-01-05,-1.43718716338821
2022-01-06,-1.437025130376
2022-01-07,-1.43697998515756
2022-01-08,-1.4370484403161
2022-01-09,-1.4372263174997
2022-01-10,-1.43750861426528
2022-01-11,-1.43788957006536
2022-01-12,-1.43836273139556
2022-01-13,-1.43892101612034
2022-01-14,-1.43955677699421
2022-01-15,-1.44026186439557
2022-01-16,-1.44102768828965
2022-01-17,-1.44184527943711
2022-01-18,-1.44270534986444
2022-01-19,-1.44359835261193
2022-01-20,-1.44451454077482
2022-01-21,-1.4454440258529
2022-01-22,-1.44637683542363
2022-01-23,-1.44730297015325
2022-01-24,-1.44821246016071
2022-01-25,-1.44909542074811
2022-01-26,-1.44994210751183
2022-01-27,-1.45074297084781
2022-01-28,-1.45148870986421
2022-01-29,-1.45217032571451
2022-01-30,-1.45277917436378
2022-01-31,-1.45330701880041
2022-02-01,-1.45374608070566
2022-02-02,-1.45408908067552
2022-02-03,-1.45432923434278
2022-02-04,-1.45446023750931
2022-02-05,-1.45447625129951
2022-02-06,-1.45437188734024
2022-02-07,-1.4541421929731
2022-02-08,-1.45378263650416
2022-02-09,-1.45328909249687
2022-02-10,-1.45265782711346
2022-02-11,-1.45188548351016
2022-02-12,-1.45096906729176
2022-02-13,-1.44990593203068
2022-02-14,-1.44869376485602
2022-02-15,-1.44733057211788
2022-02-16,-1.44581466513227
2022-02-17,-1.44414464601182
2022-02-18,-1.44231939358788
2022-02-19,-1.44033804942901
2022-02-20,-1.43820000396145
2022-02-21,-1.43590488269678
2022-02-22,-1.43345253257225
2022-02-23,-1.43084300840904
2022-02-24,-1.42807655949397
2022-02-25,-1.42515361629014
2022-02-26,-1.42207477728185
2022-02-27,-1.41884079595942
2022-02-28,-1.41545256794953
2022-03-01,-1.41191111829654
2022-03-02,-1.40821759041131
2022-03-03,-1.40437324123104
2022-03-04,-1.40037943808356
2022-03-05,-1.39623765574571
2022-03-06,-1.39194947368827
2022-03-07,-1.38751657350012
2022-03-08,-1.38294073648422
2022-03-09,-1.37822384141824
2022-03-10,-1.37336786247263
2022-03-11,-1.36837486727896
2022-03-12,-1.36324701514154
2022-03-13,-1.35798655538514
2022-03-14,-1.35259582583198
2022-03-15,-1.34707725140106
2022-03-16,-1.34143334282282
2022-03-17,-1.33566669546242
2022-03-18,-1.32977998824475
2022-03-19,-1.32377598267446
2022-03-20,-1.31765752194424
2022-03-21,-1.31142753012467
2022-03-22,-1.3050890114289
2022-03-23,-1.29864504954561
2022-03-24,-1.29209880703348
2022-03-25,-1.2854535247707
2022-03-26,-1.27871252145281
2022-03-27,-1.27187919313226
2022-03-28,-1.26495701279331
2022-03-29,-1.25794952995541
2022-03-30,-1.25086037029869
2022-03-31,-1.24369323530496
2022-04-01,-1.23645190190759
2022-04-02,-1.22914022192934
2022-04-03,-1.22176212064394
2022-04-04,-1.21432159504067
2022-04-05,-1.20682271199007
2022-04-06,-1.19926960630929
2022-04-07,-1.19166647872601
2022-04-08,-1.18401759373954
2022-04-09,-1.17632727737788
2022-04-10,-1.16859991484919
2022-04-11,-1.16083994808624
2022-04-12,-1.15305187318244
2022-04-13,-1.14524023771777
2022-04-14,-1.13740963797296
2022-04-15,-1.12956471603039
2022-04-16,-1.12171015675981
2022-04-17,-1.11385068468721
2022-04-18,-1.10599106074491
2022-04-19,-1.09813607890102
2022-04-20,-1.0902905626662
2022-04-21,-1.08245936147594
2022-04-22,-1.07464734694591
2022-04-23,-1.06685940899861
2022-04-24,-1.05910045185886
2022-04-25,-1.05137538991596
2022-04-26,-1.04368914345024
2022-04-27,-1.03604663422151
2022-04-28,-1.02845278091706
2022-04-29,-1.02091249445665
2022-04-30,-1.01343067315192
2022-05-01,-1.00601219771759
2022-05-02,-0.998661926090346
2022-05-03,-0.991384687983185
2022-05-04,-0.984185279516
2022-05-05,-0.977068458018323
2022-05-06,-0.970038937004542
2022-05-07,-0.963101381322053
2022-05-08,-0.956260402472834
2022-05-09,-0.949520554109049
2022-05-10,-0.942886327703363
2022-05-11,-0.936362148394722
2022-05-12,-0.929952371010447
2022-05-13,-0.923661276265592
2022-05-14,-0.917493067140564
2022-05-15,-0.911451865438145
2022-05-16,-0.905541708521085
2022-05-17,-0.899766546231579
2022-05-18,-0.894130237994
2022-05-19,-0.88863655010236
2022-05-20,-0.88328915319406
2022-05-21,-0.878091619911602
2022-05-22,-0.873047422754002
2022-05-23,-0.868159932119768
2022-05-24,-0.863432414543377
2022-05-25,-0.858868031127311
2022-05-26,-0.854469836171783
2022-05-27,-0.850240776004414
2022-05-28,-0.846183688012192
2022-05-29,-0.842301299878179
2022-05-30,-0.838596229025506
2022-05-31,-0.835070982271325
2022-06-01,-0.831727955693478
2022-06-02,-0.828569434015572
2022-06-03,-0.825597587387549
2022-06-04,-0.822814467517948
2022-06-05,-0.820222003817507
2022-06-06,-0.81782199954961
2022-06-07,-0.81561612798312
2022-06-08,-0.813605928543132
2022-06-09,-0.811792802955217
2022-06-10,-0.810178011378702
2022-06-11,-0.808762668524609
2022-06-12,-0.807547739753805
2022-06-13,-0.806534037150992
2022-06-14,-0.805722215570127
2022-06-15,-0.805112768646905
2022-06-16,-0.804706024773893
2022-06-17,-0.804502143033961
2022-06-18,-0.804501109087618
2022-06-19,-0.804702731009865
2022-06-20,-0.805106635072201
2022-06-21,-0.805712261465378
2022-06-22,-0.806518859958515
2022-06-23,-0.807525485490195
2022-06-24,-0.808730993687097
2022-06-25,-0.810134036305798
2022-06-26,-0.811733056593272
2022-06-27,-0.813526284561683
2022-06-28,-0.815511732172995
2022-06-29,-0.817687188428949
2022-06-30,-0.820050214361915
2022-07-01,-0.822598137922116
2022-07-02,-0.825328052816623
2022-07-03,-0.828236833409562
2022-07-04,-0.831321153238811
2022-07-05,-0.834577503032179
2022-07-06,-0.838002208234202
2022-07-07,-0.841591446054512
2022-07-08,-0.845341262048557
2022-07-09,-0.849247586241204
2022-07-10,-0.853306248803637
2022-07-11,-0.857512995293727
2022-07-12,-0.86186350146989
2022-07-13,-0.866353387688266
2022-07-14,-0.870978232892862
2022-07-15,-0.875733588208161
2022-07-16,-0.880614990143474
2022-07-17,-0.885617973418196
2022-07-18,-0.890738083416924
2022-07-19,-0.89597088828324
2022-07-20,-0.901311990660814
2022-07-21,-0.906757039090295
2022-07-22,-0.912301739070322
2022-07-23,-0.917941863790831
2022-07-24,-0.923673264546662
2022-07-25,-0.929491880839348
2022-07-26,-0.935393750174792
2022-07-27,-0.941375017564419
2022-07-28,-0.947431944737214
2022-07-29,-0.953560919069961
2022-07-30,-0.959758462242794
2022-07-31,-0.966021238627118
2022-08-01,-0.972346063412731
2022-08-02,-0.978729906816596
2022-08-03,-0.98516988354106
2022-08-04,-0.991663239095314
2022-08-05,-0.99820733679349
2022-08-06,-1.00479964542218
2022-08-07,-1.01143772757048
2022-08-08,-1.01811922861585
2022-08-09,-1.02484186635954
2022-08-10,-1.03160342130546
2022-08-11,-1.03840172757661
2022-08-12,-1.04523466446372
2022-08-13,-1.0521001486007
2022-08-14,-1.05899612676201
2022-08-15,-1.06592056927725
2022-08-16,-1.07287146405849
2022-08-17,-1.07984681123622
2022-08-18,-1.08684461840005
2022-08-19,-1.0938628964405
2022-08-20,-1.10089965598857
2022-08-21,-1.1079529044499
2022-08-22,-1.1150206436309
2022-08-23,-1.12210086795405
2022-08-24,-1.12919156326023
2022-08-25,-1.13629070619608
2022-08-26,-1.14339626418441
2022-08-27,-1.15050619597642
2022-08-28,-1.15761845278429
2022-08-29,-1.16473097999317
2022-08-30,-1.17184171945198
2022-08-31,-1.17894861234235
2022-09-01,-1.18604960262565
2022-09-02,-1.19314263983323
2022-09-03,-1.20022567738247
2022-09-04,-1.20729666966893
2022-09-05,-1.21435356905109
2022-09-06,-1.2213943227221
2022-09-07,-1.22841686946232
2022-09-08,-1.2354191362668
2022-09-09,-1.24239903484175
2022-09-10,-1.24935445796372
2022-09-11,-1.25628327569551
2022-09-12,-1.26318333145251
2022-09-13,-1.27005243791324
2022-09-14,-1.27688837276772
2022-09-15,-1.28368887429723
2022-09-16,-1.29045163677912
2022-09-17,-1.29717430570993
2022-09-18,-1.30385447284029
2022-09-19,-1.31048967101496
2022-09-20,-1.31707736881103
2022-09-21,-1.32361496496759
2022-09-22,-1.33009978259987
2022-09-23,-1.33652906319071
2022-09-24,-1.34289996035237
2022-09-25,-1.3492095333513
2022-09-26,-1.35545474038877
2022-09-27,-1.36163243162959
2022-09-28,-1.36773934197184
2022-09-29,-1.37377208354955
2022-09-30,-1.37972713796098
2022-10-01,-1.38560084821434
2022-10-02,-1.3913894168556
2022-10-03,-1.39708892961529
2022-10-04,-1.40269538486715
2022-10-05,-1.40820472237197
2022-10-06,-1.41361285132896
2022-10-07,-1.41891567775679
2022-10-08,-1.42410913122615
2022-10-09,-1.42918919096522
2022-10-10,-1.43415191135936
2022-10-11,-1.43899344686596
2022-10-12,-1.44371007636509
2022-10-13,-1.44829822696645
2022-10-14,-1.45275449729272
2022-10-15,-1.4570756802592
2022-10-16,-1.46125878536947
2022-10-17,-1.46530106054648
2022-10-18,-1.46920001351825
2022-10-19,-1.47295343277712
2022-10-20,-1.47655940813142
2022-10-21,-1.48001635086787
2022-10-22,-1.48332301354334
2022-10-23,-1.48647850942377
2022-10-24,-1.48948233158847
2022-10-25,-1.49233437171726
2022-10-26,-1.49503493857826
2022-10-27,-1.49758477623347
2022-10-28,-1.49998508197948
2022-10-29,-1.50223752404029
2022-10-30,-1.50434425902904
2022-10-31,-1.50630794919551
2022-11-01,-1.50813177947573
2022-11-02,-1.50981946534511
2022-11-03,-1.51137522457868
2022-11-04,-1.51280374050486
2022-11-05,-1.51411012588376
2022-11-06,-1.51529988738638
2022-11-07,-1.51637889065137
2022-11-08,-1.51735332589638
2022-11-09,-1.51822967406078
2022-11-10,-1.51901467345743
2022-11-11,-1.51971528691053
2022-11-12,-1.5203386693576
2022-11-13,-1.5208921358932
2022-11-14,-1.52138313023241
2022-11-15,-1.52181919357242
2022-11-16,-1.52220793383032
2022-11-17,-1.52255699523587
2022-11-18,-1.52287402825761
2022-11-19,-1.5231666598414
2022-11-20,-1.52344246394002
2022-11-21,-1.52370893231319
2022-11-22,-1.52397344557697
2022-11-23,-1.52424324448197
2022-11-24,-1.52452540139977
2022-11-25,-1.52482679199708
2022-11-26,-1.52515406707734
2022-11-27,-1.52551362456935
2022-11-28,-1.52591158164291
2022-11-29,-1.52635374693138
2022-11-30,-1.52684559284101
2022-12-01,-1.52739222792726
2022-12-02,-1.52799836931823
2022-12-03,-1.52866831516534
2022-12-04,-1.52940591710156
2022-12-05,-1.53021455268751
2022-12-06,-1.53109709782581
2022-12-07,-1.53205589912403
2022-12-08,-1.53309274618673
2022-12-09,-1.53420884381704
2022-12-10,-1.53540478410829
2022-12-11,-1.53668051840618
2022-12-12,-1.53803532912201
2022-12-13,-1.53946780137764
2022-12-14,-1.54097579446248
2022-12-15,-1.54255641308325
2022-12-16,-1.54420597838703
2022-12-17,-1.54591999873799
2022-12-18,-1.54769314022843
2022-12-19,-1.54951919690454
2022-12-20,-1.55139106068741
2022-12-21,-1.55330069096962
2022-12-22,-1.55523908386779
2022-12-23,-1.5571962411116
2022-12-24,-1.55908668115603
2022-12-25,-1.56090417976644
2022-12-26,-1.56264234071997
2022-12-27,-1.56429459133432
2022-12-28,-1.56585417792742
2022-12-29,-1.56731416120636
2022-12-30,-1.56866741158466
2022-12-31,-1.5699066044263
2023-01-01,-1.57102421521552
2023-01-02,-1.57201251465085
2023-01-03,-1.5728635636622
2023-01-04,-1.57356920834974
2023-01-05,-1.57412107484303
2023-01-06,-1.57451056407941
2023-01-07,-1.57472884649995
2023-01-08,-1.57476685666183
2023-01-09,-1.57461528776579
2023-01-10,-1.57426458609708
2023-01-11,-1.5737049453788
2023-01-12,-1.57292630103598
2023-01-13,-1.57191832436921
2023-01-14,-1.57067041663624
2023-01-15,-1.56917170304023
2023-01-16,-1.56741102662317
2023-01-17,-1.56537694206305
2023-01-18,-1.56305770937329
2023-01-19,-1.56044128750305
2023-01-20,-1.55751532783681
2023-01-21,-1.5542671675919
2023-01-22,-1.55068382311232
