"Date","Daily_Avg_Soil_Moisture"
"1987-05-29",0.17854105
"1987-05-30",0.175884892916667
"1987-05-31",0.173988575833333
"1987-06-01",0.171336015416667
"1987-06-02",0.166142230833333
"1987-06-03",0.162140779166667
"1987-06-04",0.160521963333333
"1987-06-05",0.159335474166667
"1987-06-06",0.15790498
"1987-06-07",0.156502744166667
"1987-06-08",0.155700289166667
"1987-06-09",0.155518934583333
"1987-06-10",0.155287415416667
"1987-06-11",0.154572960833333
"1987-06-12",0.153449559583333
"1987-06-13",0.151844419166667
"1987-06-14",0.152272084583333
"1987-06-15",0.15443771125
"1987-06-16",0.154835387916667
"1987-06-17",0.15345549625
"1987-06-18",0.152348029166667
"1987-06-19",0.151769938333333
"1987-06-20",0.151363743333333
"1987-06-21",0.1513686075
"1987-06-22",0.15115094875
"1987-06-23",0.14920415625
"1987-06-24",0.14767033375
"1987-06-25",0.14629883
"1987-06-26",0.145201347916667
"1987-06-27",0.144419905416667
"1987-06-28",0.14435638375
"1987-06-29",0.144619748333333
"1987-06-30",0.144702526666667
"1987-07-01",0.144486290833333
"1987-07-02",0.143959346666667
"1987-07-03",0.143426855416667
"1987-07-04",0.143043099166667
"1987-07-05",0.142808929166667
"1987-07-06",0.142562761666667
"1987-07-07",0.1419709125
"1987-07-08",0.141525267083333
"1987-07-09",0.141696100416667
"1987-07-10",0.14181198375
"1987-07-11",0.1440872
"1987-07-12",0.144429462916667
"1987-07-13",0.143371425833333
"1987-07-14",0.142347848333333
"1987-07-15",0.141631184166667
"1987-07-16",0.141342354583333
"1987-07-17",0.14121675375
"1987-07-18",0.141568152916667
"1987-07-19",0.1412110275
"1987-07-20",0.1406458075
"1987-07-21",0.140494865833333
"1987-07-22",0.140266177083333
"1987-07-23",0.1397932
"1987-07-24",0.139615744166667
"1987-07-25",0.13942970875
"1987-07-26",0.139010918333333
"1987-07-27",0.138509405416667
"1987-07-28",0.138114515416667
"1987-07-29",0.137713012916667
"1987-07-30",0.137446440416667
"1987-07-31",0.1371028575
"1987-08-01",0.136411130833333
"1987-08-02",0.1359069775
"1987-08-03",0.135610342916667
"1987-08-04",0.135242942083333
"1987-08-05",0.134945343333333
"1987-08-06",0.134708270416667
"1987-08-07",0.134812186666667
"1987-08-08",0.13517014875
"1987-08-09",0.134933330833333
"1987-08-10",0.134732619166667
"1987-08-11",0.13454481875
"1987-08-12",0.134469874583333
"1987-08-13",0.134639255833333
"1987-08-14",0.13764745375
"1987-08-15",0.139845482083333
"1987-08-16",0.13926720875
"1987-08-17",0.138521353333333
"1987-08-18",0.138240906666667
"1987-08-19",0.138152281666667
"1987-08-20",0.137661894166667
"1987-08-21",0.137016691666667
"1987-08-22",0.136421329166667
"1987-08-23",0.135932852916667
"1987-08-24",0.135720375
"1987-08-25",0.135491434166667
"1987-08-26",0.135357035416667
"1987-08-27",0.135336890833333
"1987-08-28",0.1351141675
"1987-08-29",0.134717180833333
"1987-08-30",0.134311241666667
"1987-08-31",0.133988643333333
"1987-09-01",0.133671133333333
"1987-09-02",0.133374092083333
"1987-09-03",0.133134942916667
"1987-09-04",0.133043398333333
"1987-09-05",0.133670151666667
"1987-09-06",0.134511700416667
"1987-09-07",0.134540578333333
"1987-09-08",0.134140394583333
"1987-09-09",0.133639699583333
"1987-09-10",0.133692148333333
"1987-09-11",0.133819431666667
"1987-09-12",0.134769004583333
"1987-09-13",0.13737397125
"1987-09-14",0.13836654625
"1987-09-15",0.1379376125
"1987-09-16",0.137374409166667
"1987-09-17",0.136520335416667
"1987-09-18",0.135947605
"1987-09-19",0.135303993333333
"1987-09-20",0.13471347625
"1987-09-21",0.134138392916667
"1987-09-22",0.13371718375
"1987-09-23",0.13377663625
"1987-09-24",0.133866799166667
"1987-09-25",0.13374790875
"1987-09-26",0.133676001666667
"1987-09-27",0.13350352375
"1987-09-28",0.133209538333333
"1987-09-29",0.132843504166667
"1987-09-30",0.13252751
"1987-10-01",0.13234836125
"1987-10-02",0.132196729166667
"1987-10-03",0.132110461666667
"1987-10-04",0.131824539166667
"1987-10-05",0.131222504166667
"1987-10-06",0.130570385
"1987-10-07",0.130486100833333
"1987-10-08",0.130607755
"1987-10-09",0.13098402625
"1987-10-10",0.131226715833333
"1987-10-11",0.131248469166667
"1987-10-12",0.1314595
"1987-10-13",0.13177024375
"1987-10-14",0.13196842375
"1987-10-15",0.132031370833333
"1987-10-16",0.132113319166667
"1987-10-17",0.132075108333333
"1987-10-18",0.13182814625
"1987-10-19",0.13172794125
"1987-10-20",0.131826385833333
"1987-10-21",0.13604720625
"1987-10-22",0.14314199375
"1987-10-23",0.321260154583333
"1987-10-24",0.327434369583333
"1987-10-25",0.292707654166667
"1987-10-26",0.270309653333333
"1987-10-27",0.270153349166667
"1987-10-28",0.296478375833333
"1987-10-29",0.292092646666667
"1987-10-30",0.277034979166667
"1987-10-31",0.265044664583333
"1987-11-01",0.25713941875
"1987-11-02",0.251276602916667
"1987-11-03",0.246843896666667
"1987-11-04",0.239331152083333
"1987-11-05",0.238878677916667
"1987-11-06",0.249544147916667
"1987-11-07",0.24757779375
"1987-11-08",0.24055039375
"1987-11-09",0.253136104166667
"1987-11-10",0.253870184583333
"1987-11-11",0.243850345
"1987-11-12",0.235143932083333
"1987-11-13",0.269608644166667
"1987-11-14",0.3509028575
"1987-11-15",0.313401723333333
"1987-11-16",0.295428885416667
"1987-11-17",0.30503462375
"1987-11-18",0.337453410833333
"1987-11-19",0.314026495
"1987-11-20",0.3196087775
"1987-11-21",0.3531694475
"1987-11-22",0.324699944166667
"1987-11-23",0.30974698625
"1987-11-24",0.299808080416667
"1987-11-25",0.290860346666667
"1987-11-26",0.279056506666667
"1987-11-27",0.271118907083333
"1987-11-28",0.267567769583333
"1987-11-29",0.263976880833333
"1987-11-30",0.274971407083333
"1987-12-01",0.404716687916667
"1987-12-02",0.391578525416667
"1987-12-03",0.370547562083333
"1987-12-04",0.374860805416667
"1987-12-05",0.400543040833333
"1987-12-06",0.409195839583333
"1987-12-07",0.400116355833333
"1987-12-08",0.4017209175
"1987-12-09",0.4115843
"1987-12-10",0.406765804583333
"1987-12-11",0.385763005
"1987-12-12",0.366333616666667
"1987-12-13",0.349461000416667
"1987-12-14",0.339569272083333
"1987-12-15",0.3386116625
"1987-12-16",0.398786490416667
"1987-12-17",0.400360653333333
"1987-12-18",0.378339199166667
"1987-12-19",0.369901627916667
"1987-12-20",0.360589772083333
"1987-12-21",0.353593085
"1987-12-22",0.35348061125
"1987-12-23",0.347503564583333
"1987-12-24",0.335582765
"1987-12-25",0.325792875833333
"1987-12-26",0.32147159375
"1987-12-27",0.31904462125
"1987-12-28",0.3898444175
"1987-12-29",0.422479551666667
"1987-12-30",0.40313057375
"1987-12-31",0.384181252083333
"1988-01-01",0.3720024225
"1988-01-02",0.366955974583333
"1988-01-03",0.378109628333333
"1988-01-04",0.426070355
"1988-01-05",0.422873415833333
"1988-01-06",0.39967311125
"1988-01-07",0.385544594583333
"1988-01-08",0.389584238333333
"1988-01-09",0.380880502083333
"1988-01-10",0.375115670833333
"1988-01-11",0.37876364
"1988-01-12",0.369597212083333
"1988-01-13",0.360511299166667
"1988-01-14",0.354266035833333
"1988-01-15",0.387191698333333
"1988-01-16",0.40678116
"1988-01-17",0.416005193333333
"1988-01-18",0.402148029166667
"1988-01-19",0.3865646425
"1988-01-20",0.376082602916667
"1988-01-21",0.369678670416667
"1988-01-22",0.363311468333333
"1988-01-23",0.356835310416667
"1988-01-24",0.349977427916667
"1988-01-25",0.342721067083333
"1988-01-26",0.337797515
"1988-01-27",0.333733340833333
"1988-01-28",0.3284757175
"1988-01-29",0.382022514166667
"1988-01-30",0.39515823125
"1988-01-31",0.37458143875
"1988-02-01",0.365547365416667
"1988-02-02",0.358485322916667
"1988-02-03",0.351594598333333
"1988-02-04",0.34498575875
"1988-02-05",0.338517293333333
"1988-02-06",0.332636529166667
"1988-02-07",0.328095081666667
"1988-02-08",0.324652222083333
"1988-02-09",0.32045815625
"1988-02-10",0.316742654166667
"1988-02-11",0.308199239583333
"1988-02-12",0.301190238333333
"1988-02-13",0.296496555416667
"1988-02-14",0.2932163725
"1988-02-15",0.287258677916667
"1988-02-16",0.284204130416667
"1988-02-17",0.276032318333333
"1988-02-18",0.271075292083333
"1988-02-19",0.264559632083333
"1988-02-20",0.26115089625
"1988-02-21",0.258944425416667
"1988-02-22",0.25781431
"1988-02-23",0.257645579583333
"1988-02-24",0.256536547083333
"1988-02-25",0.255864529166667
"1988-02-26",0.255272075416667
"1988-02-27",0.25950418
"1988-02-28",0.3582480225
"1988-02-29",0.36403308625
"1988-03-01",0.364361972916667
"1988-03-02",0.34471902
"1988-03-03",0.32956975625
"1988-03-04",0.321728912916667
"1988-03-05",0.316855324166667
"1988-03-06",0.311597074166667
"1988-03-07",0.304744264583333
"1988-03-08",0.297964659583333
"1988-03-09",0.291810464583333
"1988-03-10",0.284380094166667
"1988-03-11",0.276561626666667
"1988-03-12",0.268517628333333
"1988-03-13",0.2633819125
"1988-03-14",0.259816587083333
"1988-03-15",0.25680760375
"1988-03-16",0.25584239125
"1988-03-17",0.253231649166667
"1988-03-18",0.249347154583333
"1988-03-19",0.243387805
"1988-03-20",0.237103577083333
"1988-03-21",0.232802555
"1988-03-22",0.2305931675
"1988-03-23",0.228653308333333
"1988-03-24",0.22731151875
"1988-03-25",0.221883461666667
"1988-03-26",0.215333069166667
"1988-03-27",0.209322232916667
"1988-03-28",0.203289347083333
"1988-03-29",0.197882090416667
"1988-03-30",0.19636921125
"1988-03-31",0.191829589166667
"1988-04-01",0.187008039166667
"1988-04-02",0.184429937083333
"1988-04-03",0.1831786025
"1988-04-04",0.183539405416667
"1988-04-05",0.1818770475
"1988-04-06",0.178640854583333
"1988-04-07",0.176613408333333
"1988-04-08",0.17562797375
"1988-04-09",0.17213030375
"1988-04-10",0.167911556666667
"1988-04-11",0.165045899583333
"1988-04-12",0.163819246666667
"1988-04-13",0.171546643333333
"1988-04-14",0.215116264583333
"1988-04-15",0.26125022125
"1988-04-16",0.253586825
"1988-04-17",0.24605690875
"1988-04-18",0.23707376875
"1988-04-19",0.28174318125
"1988-04-20",0.383562120833333
"1988-04-21",0.345056559166667
"1988-04-22",0.325993712083333
"1988-04-23",0.380652968333333
"1988-04-24",0.353869849583333
"1988-04-25",0.333688285416667
"1988-04-26",0.31858896875
"1988-04-27",0.307101292916667
"1988-04-28",0.305655227083333
"1988-04-29",0.30381687625
"1988-04-30",0.295843725416667
"1988-05-01",0.285218696666667
"1988-05-02",0.274463672083333
"1988-05-03",0.267010405416667
"1988-05-04",0.260771432083333
"1988-05-05",0.257123759166667
"1988-05-06",0.268776757916667
"1988-05-07",0.323260775
"1988-05-08",0.33711827875
"1988-05-09",0.313499909166667
"1988-05-10",0.296528520833333
"1988-05-11",0.2799560725
"1988-05-12",0.267607449166667
"1988-05-13",0.26038443875
"1988-05-14",0.251086534583333
"1988-05-15",0.24280585875
"1988-05-16",0.23952295
"1988-05-17",0.242021711666667
"1988-05-18",0.234864955416667
"1988-05-19",0.22644133125
"1988-05-20",0.217735932083333
"1988-05-21",0.20941760125
"1988-05-22",0.203876944166667
"1988-05-23",0.200411197916667
"1988-05-24",0.19774659125
"1988-05-25",0.195718229166667
"1988-05-26",0.19347045125
"1988-05-27",0.191510649583333
"1988-05-28",0.1949129175
"1988-05-29",0.207603268333333
"1988-05-30",0.203704382916667
"1988-05-31",0.198830961666667
"1988-06-01",0.19539486875
"1988-06-02",0.190886336666667
"1988-06-03",0.186491884166667
"1988-06-04",0.183164687083333
"1988-06-05",0.181010917083333
"1988-06-06",0.183110200416667
"1988-06-07",0.20042052875
"1988-06-08",0.203098010833333
"1988-06-09",0.1969740975
"1988-06-10",0.191880461666667
"1988-06-11",0.187345952083333
"1988-06-12",0.183788135833333
"1988-06-13",0.17927092875
"1988-06-14",0.174677926666667
"1988-06-15",0.171535060416667
"1988-06-16",0.169670820416667
"1988-06-17",0.167970429166667
"1988-06-18",0.165570235
"1988-06-19",0.161518690833333
"1988-06-20",0.159283528333333
"1988-06-21",0.158330010833333
"1988-06-22",0.156623370416667
"1988-06-23",0.154583615416667
"1988-06-24",0.15265982875
"1988-06-25",0.15148572125
"1988-06-26",0.150483436666667
"1988-06-27",0.149073974583333
"1988-06-28",0.147699090833333
"1988-06-29",0.146297362083333
"1988-06-30",0.144816031666667
"1988-07-01",0.14362195125
"1988-07-02",0.142759653333333
"1988-07-03",0.142527997916667
"1988-07-04",0.142654275
"1988-07-05",0.142289847083333
"1988-07-06",0.14169404375
"1988-07-07",0.140929206666667
"1988-07-08",0.14036877
"1988-07-09",0.14032911
"1988-07-10",0.140056643333333
"1988-07-11",0.1395549575
"1988-07-12",0.139503424583333
"1988-07-13",0.140401015
"1988-07-14",0.141186920833333
"1988-07-15",0.140637017916667
"1988-07-16",0.139805527083333
"1988-07-17",0.1385788925
"1988-07-18",0.137438619583333
"1988-07-19",0.137210464166667
"1988-07-20",0.137106987916667
"1988-07-21",0.136724454583333
"1988-07-22",0.13629977625
"1988-07-23",0.1359731975
"1988-07-24",0.135881342083333
"1988-07-25",0.13579997125
"1988-07-26",0.135434218333333
"1988-07-27",0.135033307083333
"1988-07-28",0.13471459625
"1988-07-29",0.1344000825
"1988-07-30",0.134252466666667
"1988-07-31",0.134475082083333
"1988-08-01",0.134519406666667
"1988-08-02",0.134435934166667
"1988-08-03",0.134475230833333
"1988-08-04",0.134326654166667
"1988-08-05",0.134220171666667
"1988-08-06",0.13423282125
"1988-08-07",0.13417241
"1988-08-08",0.13412510625
"1988-08-09",0.134084231666667
"1988-08-10",0.134119513333333
"1988-08-11",0.134965819583333
"1988-08-12",0.13687763125
"1988-08-13",0.1374519
"1988-08-14",0.137201227083333
"1988-08-15",0.137976167083333
"1988-08-16",0.13824605625
"1988-08-17",0.137710262083333
"1988-08-18",0.13689834125
"1988-08-19",0.136201893333333
"1988-08-20",0.135977582916667
"1988-08-21",0.135723643333333
"1988-08-22",0.13541141125
"1988-08-23",0.135122328333333
"1988-08-24",0.13468699875
"1988-08-25",0.133980743333333
"1988-08-26",0.133368095
"1988-08-27",0.132997695833333
"1988-08-28",0.132823564166667
"1988-08-29",0.132634046666667
"1988-08-30",0.132425255833333
"1988-08-31",0.132241775416667
"1988-09-01",0.132130218333333
"1988-09-02",0.1320690175
"1988-09-03",0.131987934583333
"1988-09-04",0.131779455416667
"1988-09-05",0.131601944583333
"1988-09-06",0.131512423333333
"1988-09-07",0.1315822325
"1988-09-08",0.1319679025
"1988-09-09",0.1328478675
"1988-09-10",0.133136724583333
"1988-09-11",0.1328596425
"1988-09-12",0.132498589583333
"1988-09-13",0.132492552083333
"1988-09-14",0.13237803875
"1988-09-15",0.132306248333333
"1988-09-16",0.132398316666667
"1988-09-17",0.132488347083333
"1988-09-18",0.132343572916667
"1988-09-19",0.131937355
"1988-09-20",0.133102264583333
"1988-09-21",0.13384103
"1988-09-22",0.133903905416667
"1988-09-23",0.133613470416667
"1988-09-24",0.1332926175
"1988-09-25",0.1353126275
"1988-09-26",0.136216215
"1988-09-27",0.135766438333333
"1988-09-28",0.135286281666667
"1988-09-29",0.134673098333333
"1988-09-30",0.13389425
"1988-10-01",0.133613733333333
"1988-10-02",0.13380072
"1988-10-03",0.13371081375
"1988-10-04",0.1337284225
"1988-10-05",0.134164125833333
"1988-10-06",0.135602625833333
"1988-10-07",0.136998985833333
"1988-10-08",0.13704637125
"1988-10-09",0.13630839875
"1988-10-10",0.135774694166667
"1988-10-11",0.135684840833333
"1988-10-12",0.135802204583333
"1988-10-13",0.136021610833333
"1988-10-14",0.156420192916667
"1988-10-15",0.15696590875
"1988-10-16",0.1542137125
"1988-10-17",0.15008062625
"1988-10-18",0.146609896666667
"1988-10-19",0.14493456
"1988-10-20",0.14391115
"1988-10-21",0.143058322916667
"1988-10-22",0.142423193333333
"1988-10-23",0.141887620833333
"1988-10-24",0.14144005375
"1988-10-25",0.140850318333333
"1988-10-26",0.140421559166667
"1988-10-27",0.140385275
"1988-10-28",0.140876197083333
"1988-10-29",0.1409366975
"1988-10-30",0.140403354166667
"1988-10-31",0.13964752375
"1988-11-01",0.13930848375
"1988-11-02",0.1472177425
"1988-11-03",0.15666798
"1988-11-04",0.155603885416667
"1988-11-05",0.153596060833333
"1988-11-06",0.152899495
"1988-11-07",0.151843035416667
"1988-11-08",0.152472477083333
"1988-11-09",0.159262535416667
"1988-11-10",0.22019675625
"1988-11-11",0.267101455416667
"1988-11-12",0.253318485416667
"1988-11-13",0.27529558125
"1988-11-14",0.329846206666667
"1988-11-15",0.305427159166667
"1988-11-16",0.289322182083333
"1988-11-17",0.320388417916667
"1988-11-18",0.291596457916667
"1988-11-19",0.272552529583333
"1988-11-20",0.261291157083333
"1988-11-21",0.255413734166667
"1988-11-22",0.294451868333333
"1988-11-23",0.385947895
"1988-11-24",0.362909814166667
"1988-11-25",0.391725951666667
"1988-11-26",0.368005452916667
"1988-11-27",0.351362809583333
"1988-11-28",0.341201305833333
"1988-11-29",0.332125447916667
"1988-11-30",0.32110002875
"1988-12-01",0.31286776875
"1988-12-02",0.306095401666667
"1988-12-03",0.30150234625
"1988-12-04",0.2967236225
"1988-12-05",0.2923812525
"1988-12-06",0.288538289166667
"1988-12-07",0.2858316025
"1988-12-08",0.276965027916667
"1988-12-09",0.271307640416667
"1988-12-10",0.267024175833333
"1988-12-11",0.263590939166667
"1988-12-12",0.260575309166667
"1988-12-13",0.256621207916667
"1988-12-14",0.25412622125
"1988-12-15",0.247953270833333
"1988-12-16",0.253761611666667
"1988-12-17",0.26621033625
"1988-12-18",0.262923037916667
"1988-12-19",0.273678127083333
"1988-12-20",0.32620660125
"1988-12-21",0.379098332083333
"1988-12-22",0.367727776666667
"1988-12-23",0.368249675416667
"1988-12-24",0.3995438
"1988-12-25",0.40456263875
"1988-12-26",0.383015315416667
"1988-12-27",0.376949474166667
"1988-12-28",0.38584016625
"1988-12-29",0.367885040833333
"1988-12-30",0.358430232916667
"1988-12-31",0.394855637916667
"1989-01-01",0.3705017825
"1989-01-02",0.3560024625
"1989-01-03",0.345572508333333
"1989-01-04",0.3376606125
"1989-01-05",0.35804864375
"1989-01-06",0.372156335
"1989-01-07",0.371819710833333
"1989-01-08",0.362003765416667
"1989-01-09",0.358108271666667
"1989-01-10",0.3583739625
"1989-01-11",0.359495345416667
"1989-01-12",0.342392551666667
"1989-01-13",0.33362183
"1989-01-14",0.332693715
"1989-01-15",0.3249703
"1989-01-16",0.319737700416667
"1989-01-17",0.316214285833333
"1989-01-18",0.311424207916667
"1989-01-19",0.305254308333333
"1989-01-20",0.29916796375
"1989-01-21",0.29507004375
"1989-01-22",0.291966979583333
"1989-01-23",0.347353688333333
"1989-01-24",0.352295147083333
"1989-01-25",0.331938200416667
"1989-01-26",0.31826915
"1989-01-27",0.31016051875
"1989-01-28",0.30624613125
"1989-01-29",0.302901455416667
"1989-01-30",0.297028231666667
"1989-01-31",0.29217683
"1989-02-01",0.291118812916667
"1989-02-02",0.30075103375
"1989-02-03",0.324371439583333
"1989-02-04",0.355111245833333
"1989-02-05",0.338924490833333
"1989-02-06",0.320952145
"1989-02-07",0.3081842575
"1989-02-08",0.302127428333333
"1989-02-09",0.3538967775
"1989-02-10",0.34270548625
"1989-02-11",0.328692487916667
"1989-02-12",0.3189732275
"1989-02-13",0.312916495416667
"1989-02-14",0.30638710375
"1989-02-15",0.3012397425
"1989-02-16",0.296364825833333
"1989-02-17",0.291074132916667
"1989-02-18",0.292274556666667
"1989-02-19",0.326388723333333
"1989-02-20",0.318013254166667
"1989-02-21",0.307643798333333
"1989-02-22",0.298622672083333
"1989-02-23",0.293026480416667
"1989-02-24",0.28671564125
"1989-02-25",0.281542930833333
"1989-02-26",0.2762148675
"1989-02-27",0.27048925
"1989-02-28",0.264910175416667
"1989-03-01",0.26275749125
"1989-03-02",0.3470649325
"1989-03-03",0.357526502083333
"1989-03-04",0.334129292916667
"1989-03-05",0.35047471625
"1989-03-06",0.371957917083333
"1989-03-07",0.390660112083333
"1989-03-08",0.392327092916667
"1989-03-09",0.39507798
"1989-03-10",0.421927974583333
"1989-03-11",0.41804914875
"1989-03-12",0.391695464583333
"1989-03-13",0.379124312083333
"1989-03-14",0.36567047875
"1989-03-15",0.353505056666667
"1989-03-16",0.371223680416667
"1989-03-17",0.377912385416667
"1989-03-18",0.367793044166667
"1989-03-19",0.3687329275
"1989-03-20",0.361623821666667
"1989-03-21",0.347269005833333
"1989-03-22",0.34022022875
"1989-03-23",0.333140849583333
"1989-03-24",0.3928995125
"1989-03-25",0.410359076666667
"1989-03-26",0.393613217916667
"1989-03-27",0.376235567083333
"1989-03-28",0.369829297916667
"1989-03-29",0.370195695833333
"1989-03-30",0.354790732083333
"1989-03-31",0.344603533333333
"1989-04-01",0.339173537083333
"1989-04-02",0.336233893333333
"1989-04-03",0.334066874166667
"1989-04-04",0.321155494166667
"1989-04-05",0.30767416875
"1989-04-06",0.29228312625
"1989-04-07",0.277560470416667
"1989-04-08",0.26420458125
"1989-04-09",0.25216282125
"1989-04-10",0.246161305833333
"1989-04-11",0.243621727083333
"1989-04-12",0.240433792083333
"1989-04-13",0.239469405416667
"1989-04-14",0.23781781625
"1989-04-15",0.236383724583333
"1989-04-16",0.233745635
"1989-04-17",0.231971145416667
"1989-04-18",0.229900738333333
"1989-04-19",0.226067085833333
"1989-04-20",0.223634705416667
"1989-04-21",0.233495431666667
"1989-04-22",0.2465376925
"1989-04-23",0.25873905625
"1989-04-24",0.28710798
"1989-04-25",0.33641830125
"1989-04-26",0.343821778333333
"1989-04-27",0.31507506
"1989-04-28",0.295329784166667
"1989-04-29",0.281398133333333
"1989-04-30",0.290477994166667
"1989-05-01",0.289635414166667
"1989-05-02",0.274558049583333
"1989-05-03",0.262150457083333
"1989-05-04",0.25042534125
"1989-05-05",0.24267874875
"1989-05-06",0.23568896375
"1989-05-07",0.232035649166667
"1989-05-08",0.2284288225
"1989-05-09",0.22689857625
"1989-05-10",0.234942440833333
"1989-05-11",0.241851542083333
"1989-05-12",0.23503038625
"1989-05-13",0.228287920416667
"1989-05-14",0.222597838333333
"1989-05-15",0.219102464583333
"1989-05-16",0.214964574583333
"1989-05-17",0.211705354166667
"1989-05-18",0.2092896525
"1989-05-19",0.204114410416667
"1989-05-20",0.199131265
"1989-05-21",0.19593039125
"1989-05-22",0.19197246
"1989-05-23",0.194084627083333
"1989-05-24",0.194067256666667
"1989-05-25",0.190046168333333
"1989-05-26",0.186528998333333
"1989-05-27",0.183461524583333
"1989-05-28",0.181717164583333
"1989-05-29",0.179159767916667
"1989-05-30",0.177497654166667
"1989-05-31",0.174732220833333
"1989-06-01",0.170508460833333
"1989-06-02",0.166384552916667
"1989-06-03",0.166038217083333
"1989-06-04",0.16985110875
"1989-06-05",0.17140326375
"1989-06-06",0.17010044
"1989-06-07",0.168682347916667
"1989-06-08",0.167689750833333
"1989-06-09",0.166483759166667
"1989-06-10",0.166039685833333
"1989-06-11",0.165595238333333
"1989-06-12",0.164161622083333
"1989-06-13",0.162363762083333
"1989-06-14",0.160050285
"1989-06-15",0.158846353333333
"1989-06-16",0.158103421666667
"1989-06-17",0.155756794583333
"1989-06-18",0.153395095
"1989-06-19",0.151565223333333
"1989-06-20",0.15023630375
"1989-06-21",0.148033885416667
"1989-06-22",0.144967665
"1989-06-23",0.143552109583333
"1989-06-24",0.145191503333333
"1989-06-25",0.14539924
"1989-06-26",0.14503470875
"1989-06-27",0.144987806666667
"1989-06-28",0.144930241666667
"1989-06-29",0.144750575833333
"1989-06-30",0.147242481666667
"1989-07-01",0.14878273
"1989-07-02",0.147361174166667
"1989-07-03",0.14628808625
"1989-07-04",0.145294425833333
"1989-07-05",0.144210777916667
"1989-07-06",0.142653325833333
"1989-07-07",0.140587029166667
"1989-07-08",0.139144475833333
"1989-07-09",0.138591103333333
"1989-07-10",0.138568955833333
"1989-07-11",0.138752050416667
"1989-07-12",0.138954659166667
"1989-07-13",0.138910944583333
"1989-07-14",0.138561524583333
"1989-07-15",0.1385493975
"1989-07-16",0.13844304125
"1989-07-17",0.138336877083333
"1989-07-18",0.138206864583333
"1989-07-19",0.13786519875
"1989-07-20",0.13736103
"1989-07-21",0.137054269166667
"1989-07-22",0.136904505833333
"1989-07-23",0.136797332916667
"1989-07-24",0.1367969075
"1989-07-25",0.136932343333333
"1989-07-26",0.137646789583333
"1989-07-27",0.138160372916667
"1989-07-28",0.137863399583333
"1989-07-29",0.137676233333333
"1989-07-30",0.137604282083333
"1989-07-31",0.137280411666667
"1989-08-01",0.137029144166667
"1989-08-02",0.136758173333333
"1989-08-03",0.13717395
"1989-08-04",0.1378495125
"1989-08-05",0.1377319475
"1989-08-06",0.137313839583333
"1989-08-07",0.137207091666667
"1989-08-08",0.14109255125
"1989-08-09",0.143302431666667
"1989-08-10",0.142400167083333
"1989-08-11",0.141714272083333
"1989-08-12",0.141109329583333
"1989-08-13",0.140334549583333
"1989-08-14",0.139122091666667
"1989-08-15",0.138178333333333
"1989-08-16",0.138016632083333
"1989-08-17",0.139915484166667
"1989-08-18",0.1416864925
"1989-08-19",0.140975875
"1989-08-20",0.14081216875
"1989-08-21",0.142668852916667
"1989-08-22",0.142700334583333
"1989-08-23",0.14374428
"1989-08-24",0.143370040833333
"1989-08-25",0.141822515
"1989-08-26",0.140793474166667
"1989-08-27",0.14012170125
"1989-08-28",0.139453102083333
"1989-08-29",0.138963026666667
"1989-08-30",0.138849424583333
"1989-08-31",0.138438428333333
"1989-09-01",0.137764510833333
"1989-09-02",0.137109590833333
"1989-09-03",0.136572058333333
"1989-09-04",0.136093396666667
"1989-09-05",0.135615438333333
"1989-09-06",0.13586573625
"1989-09-07",0.137143112916667
"1989-09-08",0.136920025416667
"1989-09-09",0.136640909166667
"1989-09-10",0.137076224166667
"1989-09-11",0.138207149583333
"1989-09-12",0.138354530416667
"1989-09-13",0.13768459875
"1989-09-14",0.136945379583333
"1989-09-15",0.136301947083333
"1989-09-16",0.1754664725
"1989-09-17",0.3237103225
"1989-09-18",0.31466836375
"1989-09-19",0.2914738425
"1989-09-20",0.270395715416667
"1989-09-21",0.254165412916667
"1989-09-22",0.239185020416667
"1989-09-23",0.227091902916667
"1989-09-24",0.220203342083333
"1989-09-25",0.21258521375
"1989-09-26",0.206089295416667
"1989-09-27",0.200869870833333
"1989-09-28",0.1972212775
"1989-09-29",0.2559427475
"1989-09-30",0.253904527916667
"1989-10-01",0.241614694583333
"1989-10-02",0.233729404583333
"1989-10-03",0.231376658333333
"1989-10-04",0.223180460833333
"1989-10-05",0.214699943333333
"1989-10-06",0.207064989166667
"1989-10-07",0.20102883375
"1989-10-08",0.194303020416667
"1989-10-09",0.185805505416667
"1989-10-10",0.179528625416667
"1989-10-11",0.176352429166667
"1989-10-12",0.173591214583333
"1989-10-13",0.171459772083333
"1989-10-14",0.16998504375
"1989-10-15",0.169759220833333
"1989-10-16",0.168548802916667
"1989-10-17",0.166108885416667
"1989-10-18",0.162549945
"1989-10-19",0.159445914583333
"1989-10-20",0.158021290833333
"1989-10-21",0.207195809166667
"1989-10-22",0.305492430416667
"1989-10-23",0.332840890416667
"1989-10-24",0.362283818333333
"1989-10-25",0.357224635833333
"1989-10-26",0.333895895416667
"1989-10-27",0.323256117083333
"1989-10-28",0.314649057916667
"1989-10-29",0.300027262083333
"1989-10-30",0.288747486666667
"1989-10-31",0.280092330416667
"1989-11-01",0.272227170833333
"1989-11-02",0.26488743875
"1989-11-03",0.25787957875
"1989-11-04",0.2508985725
"1989-11-05",0.24808911375
"1989-11-06",0.24636112
"1989-11-07",0.24450088375
"1989-11-08",0.241911060833333
"1989-11-09",0.237897891666667
"1989-11-10",0.231865089166667
"1989-11-11",0.226811970833333
"1989-11-12",0.223936887916667
"1989-11-13",0.22449007875
"1989-11-14",0.224575723333333
"1989-11-15",0.220690026666667
"1989-11-16",0.216737151666667
"1989-11-17",0.212177974166667
"1989-11-18",0.208413588333333
"1989-11-19",0.204008521666667
"1989-11-20",0.199622590416667
"1989-11-21",0.195954364583333
"1989-11-22",0.194960002083333
"1989-11-23",0.19476987625
"1989-11-24",0.20061701375
"1989-11-25",0.2106699225
"1989-11-26",0.360240655
"1989-11-27",0.328695500416667
"1989-11-28",0.308690537916667
"1989-11-29",0.294882917083333
"1989-11-30",0.285532003333333
"1989-12-01",0.278566145833333
"1989-12-02",0.271538556666667
"1989-12-03",0.264509407916667
"1989-12-04",0.25836076625
"1989-12-05",0.254190150416667
"1989-12-06",0.252300442916667
"1989-12-07",0.24871353375
"1989-12-08",0.244252790833333
"1989-12-09",0.240966430416667
"1989-12-10",0.238029837916667
"1989-12-11",0.23284046875
"1989-12-12",0.228432163333333
"1989-12-13",0.22547905875
"1989-12-14",0.2230466775
"1989-12-15",0.220031664166667
"1989-12-16",0.218068658333333
"1989-12-17",0.217231882083333
"1989-12-18",0.217651291666667
"1989-12-19",0.218301285833333
"1989-12-20",0.21704140875
"1989-12-21",0.21532033625
"1989-12-22",0.213354096666667
"1989-12-23",0.210659471666667
"1989-12-24",0.207459440416667
"1989-12-25",0.204175612083333
"1989-12-26",0.2012054275
"1989-12-27",0.20016898875
"1989-12-28",0.2097246375
"1989-12-29",0.21164275375
"1989-12-30",0.206928357083333
"1989-12-31",0.203349792083333
"1990-01-01",0.208012055
"1990-01-02",0.287868182916667
"1990-01-03",0.2739643975
"1990-01-04",0.262625429583333
"1990-01-05",0.253992649583333
"1990-01-06",0.247904309583333
"1990-01-07",0.243321699166667
"1990-01-08",0.243723034166667
"1990-01-09",0.24083728375
"1990-01-10",0.236802713333333
"1990-01-11",0.23224865625
"1990-01-12",0.267687361666667
"1990-01-13",0.403077705416667
"1990-01-14",0.423702208333333
"1990-01-15",0.399897597916667
"1990-01-16",0.3934751075
"1990-01-17",0.395388188333333
"1990-01-18",0.372989484166667
"1990-01-19",0.359354139166667
"1990-01-20",0.35055005375
"1990-01-21",0.341408134583333
"1990-01-22",0.333176017083333
"1990-01-23",0.326655184583333
"1990-01-24",0.319326146666667
"1990-01-25",0.31084313625
"1990-01-26",0.304368480416667
"1990-01-27",0.297769927916667
"1990-01-28",0.291046559583333
"1990-01-29",0.28703478375
"1990-01-30",0.318459332083333
"1990-01-31",0.347722157916667
"1990-02-01",0.364945062916667
"1990-02-02",0.346866671666667
"1990-02-03",0.331669762916667
"1990-02-04",0.381105816666667
"1990-02-05",0.356514880416667
"1990-02-06",0.356746087083333
"1990-02-07",0.350845584166667
"1990-02-08",0.336147355
"1990-02-09",0.329817
"1990-02-10",0.32455660375
"1990-02-11",0.317840669166667
"1990-02-12",0.31161366
"1990-02-13",0.304564987916667
"1990-02-14",0.298371592083333
"1990-02-15",0.290644906666667
"1990-02-16",0.349278659583333
"1990-02-17",0.403092103333333
"1990-02-18",0.406425525
"1990-02-19",0.380923690416667
"1990-02-20",0.36413112375
"1990-02-21",0.353395017083333
"1990-02-22",0.342501691666667
"1990-02-23",0.3317326475
"1990-02-24",0.32473224375
"1990-02-25",0.318871900416667
"1990-02-26",0.315076349583333
"1990-02-27",0.31103396
"1990-02-28",0.306492417916667
"1990-03-01",0.303023265416667
"1990-03-02",0.307570150416667
"1990-03-03",0.396750968333333
"1990-03-04",0.368220775833333
"1990-03-05",0.37746887875
"1990-03-06",0.354841461666667
"1990-03-07",0.343240145416667
"1990-03-08",0.337155298333333
"1990-03-09",0.327767940416667
"1990-03-10",0.330593552916667
"1990-03-11",0.365204337083333
"1990-03-12",0.349718314583333
"1990-03-13",0.337529774583333
"1990-03-14",0.324534575
"1990-03-15",0.319558151666667
"1990-03-16",0.311410127916667
"1990-03-17",0.305071162916667
"1990-03-18",0.30007491875
"1990-03-19",0.294295689583333
"1990-03-20",0.28780622125
"1990-03-21",0.280609539583333
"1990-03-22",0.275119782916667
"1990-03-23",0.271776697916667
"1990-03-24",0.268522317083333
"1990-03-25",0.265015015416667
"1990-03-26",0.2612815475
"1990-03-27",0.256438840833333
"1990-03-28",0.253850840416667
"1990-03-29",0.251397330416667
"1990-03-30",0.247956195833333
"1990-03-31",0.244430320416667
"1990-04-01",0.241388342916667
"1990-04-02",0.236971851666667
"1990-04-03",0.231624319583333
"1990-04-04",0.22628503125
"1990-04-05",0.223135673333333
"1990-04-06",0.222808128333333
"1990-04-07",0.221989400416667
"1990-04-08",0.221388204166667
"1990-04-09",0.218825831666667
"1990-04-10",0.21402056375
"1990-04-11",0.21004969375
"1990-04-12",0.207121641666667
"1990-04-13",0.202469800833333
"1990-04-14",0.198336768333333
"1990-04-15",0.198380587083333
"1990-04-16",0.1995956675
"1990-04-17",0.20959394125
"1990-04-18",0.210329206666667
"1990-04-19",0.20885683125
"1990-04-20",0.21413203
"1990-04-21",0.21010162
"1990-04-22",0.205963862916667
"1990-04-23",0.256684909166667
"1990-04-24",0.28736274375
"1990-04-25",0.267424113333333
"1990-04-26",0.251659859583333
"1990-04-27",0.238172295416667
"1990-04-28",0.227398475416667
"1990-04-29",0.21906120625
"1990-04-30",0.211273544166667
"1990-05-01",0.199622757916667
"1990-05-02",0.190739824583333
"1990-05-03",0.185625150416667
"1990-05-04",0.181978332916667
"1990-05-05",0.177100492083333
"1990-05-06",0.172439982083333
"1990-05-07",0.1696184925
"1990-05-08",0.166677462916667
"1990-05-09",0.165211994583333
"1990-05-10",0.1651874375
"1990-05-11",0.16436452125
"1990-05-12",0.163447439583333
"1990-05-13",0.162386395833333
"1990-05-14",0.161309671666667
"1990-05-15",0.16168048
"1990-05-16",0.161075189166667
"1990-05-17",0.159865439166667
"1990-05-18",0.161169005833333
"1990-05-19",0.162704616666667
"1990-05-20",0.184250353333333
"1990-05-21",0.227225779583333
"1990-05-22",0.227341266666667
"1990-05-23",0.273215222916667
"1990-05-24",0.28311669375
"1990-05-25",0.26092481875
"1990-05-26",0.246647425
"1990-05-27",0.303409338333333
"1990-05-28",0.40644651875
"1990-05-29",0.36775538
"1990-05-30",0.360737645
"1990-05-31",0.372034099166667
"1990-06-01",0.348394250416667
"1990-06-02",0.328759530833333
"1990-06-03",0.31246477625
"1990-06-04",0.300407805416667
"1990-06-05",0.288232915
"1990-06-06",0.278648503333333
"1990-06-07",0.273229735833333
"1990-06-08",0.263010280833333
"1990-06-09",0.249629817916667
"1990-06-10",0.242571078333333
"1990-06-11",0.236690063333333
"1990-06-12",0.230683835833333
"1990-06-13",0.22458202875
"1990-06-14",0.222423414166667
"1990-06-15",0.221368620833333
"1990-06-16",0.220612317083333
"1990-06-17",0.217524578333333
"1990-06-18",0.214239557916667
"1990-06-19",0.210719594583333
"1990-06-20",0.20360466125
"1990-06-21",0.196952909166667
"1990-06-22",0.195694714583333
"1990-06-23",0.194037457916667
"1990-06-24",0.191522705
"1990-06-25",0.18858795125
"1990-06-26",0.184081375416667
"1990-06-27",0.179560756666667
"1990-06-28",0.176548674166667
"1990-06-29",0.174334546666667
"1990-06-30",0.172317966666667
"1990-07-01",0.168939005
"1990-07-02",0.166032525
"1990-07-03",0.163635055416667
"1990-07-04",0.161707334583333
"1990-07-05",0.159769117916667
"1990-07-06",0.158330428333333
"1990-07-07",0.157364937083333
"1990-07-08",0.15720594375
"1990-07-09",0.156744402916667
"1990-07-10",0.154885025416667
"1990-07-11",0.152597295833333
"1990-07-12",0.15035234
"1990-07-13",0.14782658125
"1990-07-14",0.14626331375
"1990-07-15",0.14564502375
"1990-07-16",0.145210859583333
"1990-07-17",0.144624998333333
"1990-07-18",0.144213607083333
"1990-07-19",0.1444796825
"1990-07-20",0.14349913125
"1990-07-21",0.142695736666667
"1990-07-22",0.14198015625
"1990-07-23",0.142051512916667
"1990-07-24",0.14215370125
"1990-07-25",0.142887513333333
"1990-07-26",0.14352639625
"1990-07-27",0.14309761875
"1990-07-28",0.142511469166667
"1990-07-29",0.14194212125
"1990-07-30",0.141352484166667
"1990-07-31",0.140759485
"1990-08-01",0.140429764583333
"1990-08-02",0.140205334166667
"1990-08-03",0.139924277916667
"1990-08-04",0.139395105416667
"1990-08-05",0.138838844166667
"1990-08-06",0.138030352083333
"1990-08-07",0.137122205
"1990-08-08",0.13642341625
"1990-08-09",0.135779640833333
"1990-08-10",0.135364242083333
"1990-08-11",0.135072233333333
"1990-08-12",0.134777939166667
"1990-08-13",0.135020382083333
"1990-08-14",0.135257554583333
"1990-08-15",0.135885979166667
"1990-08-16",0.13658647375
"1990-08-17",0.1369397825
"1990-08-18",0.138361034583333
"1990-08-19",0.141263244583333
"1990-08-20",0.141752702916667
"1990-08-21",0.14150109875
"1990-08-22",0.140693624583333
"1990-08-23",0.140123827083333
"1990-08-24",0.140309770833333
"1990-08-25",0.141257067916667
"1990-08-26",0.144201817916667
"1990-08-27",0.143672355416667
"1990-08-28",0.142326071666667
"1990-08-29",0.141297688333333
"1990-08-30",0.1408126375
"1990-08-31",0.140369301666667
"1990-09-01",0.139632645416667
"1990-09-02",0.138990645416667
"1990-09-03",0.13828768
"1990-09-04",0.137953708333333
"1990-09-05",0.137701508333333
"1990-09-06",0.137073496666667
"1990-09-07",0.136449543333333
"1990-09-08",0.13571758375
"1990-09-09",0.135112838333333
"1990-09-10",0.134580706666667
"1990-09-11",0.134539899166667
"1990-09-12",0.134415937083333
"1990-09-13",0.134089542083333
"1990-09-14",0.133942630833333
"1990-09-15",0.133683879166667
"1990-09-16",0.133540153333333
"1990-09-17",0.135731033333333
"1990-09-18",0.13946522125
"1990-09-19",0.140421309166667
"1990-09-20",0.139535257083333
"1990-09-21",0.138576552083333
"1990-09-22",0.139620989583333
"1990-09-23",0.145481151666667
"1990-09-24",0.146266510833333
"1990-09-25",0.145189795833333
"1990-09-26",0.144354196666667
"1990-09-27",0.14370447875
"1990-09-28",0.14409704125
"1990-09-29",0.14381336625
"1990-09-30",0.1424393125
"1990-10-01",0.141146635
"1990-10-02",0.140374003333333
"1990-10-03",0.139647595
"1990-10-04",0.138416231666667
"1990-10-05",0.138895181666667
"1990-10-06",0.139094019583333
"1990-10-07",0.138216284166667
"1990-10-08",0.136986315833333
"1990-10-09",0.1356298325
"1990-10-10",0.13445067375
"1990-10-11",0.133919027083333
"1990-10-12",0.13343507375
"1990-10-13",0.133152028333333
"1990-10-14",0.133081713333333
"1990-10-15",0.132971807916667
"1990-10-16",0.133351560833333
"1990-10-17",0.133430264583333
"1990-10-18",0.133436003333333
"1990-10-19",0.150789385416667
"1990-10-20",0.152943007916667
"1990-10-21",0.150526632916667
"1990-10-22",0.14820713875
"1990-10-23",0.146769873333333
"1990-10-24",0.145332232083333
"1990-10-25",0.1437538975
"1990-10-26",0.14269035125
"1990-10-27",0.14164938125
"1990-10-28",0.140625007916667
"1990-10-29",0.13997460375
"1990-10-30",0.1393176525
"1990-10-31",0.164113446666667
"1990-11-01",0.19149211875
"1990-11-02",0.185648054583333
"1990-11-03",0.178793581666667
"1990-11-04",0.1738276575
"1990-11-05",0.17083959
"1990-11-06",0.167863809583333
"1990-11-07",0.1629655925
"1990-11-08",0.15948139125
"1990-11-09",0.156796103333333
"1990-11-10",0.154004049166667
"1990-11-11",0.150846689583333
"1990-11-12",0.148054543333333
"1990-11-13",0.146094737083333
"1990-11-14",0.145292591666667
"1990-11-15",0.144685952083333
"1990-11-16",0.143479868333333
"1990-11-17",0.143204853333333
"1990-11-18",0.14283323125
"1990-11-19",0.144090439166667
"1990-11-20",0.162550069583333
"1990-11-21",0.16135745625
"1990-11-22",0.159814350416667
"1990-11-23",0.15772721875
"1990-11-24",0.15508750375
"1990-11-25",0.154612534583333
"1990-11-26",0.222647047916667
"1990-11-27",0.215656551666667
"1990-11-28",0.208689318333333
"1990-11-29",0.202241292916667
"1990-11-30",0.196405089583333
"1990-12-01",0.192212347916667
"1990-12-02",0.188043656666667
"1990-12-03",0.183714197916667
"1990-12-04",0.1792284975
"1990-12-05",0.175628659166667
"1990-12-06",0.172660207916667
"1990-12-07",0.169106495833333
"1990-12-08",0.166113752083333
"1990-12-09",0.163233859583333
"1990-12-10",0.163167433333333
"1990-12-11",0.252798369166667
"1990-12-12",0.26019267625
"1990-12-13",0.248079925
"1990-12-14",0.237713207083333
"1990-12-15",0.290478691666667
"1990-12-16",0.328661477083333
"1990-12-17",0.295253951666667
"1990-12-18",0.276660590416667
"1990-12-19",0.2756862725
"1990-12-20",0.2841119425
"1990-12-21",0.270221232916667
"1990-12-22",0.258687599166667
"1990-12-23",0.248714957083333
"1990-12-24",0.239959952916667
"1990-12-25",0.232414935416667
"1990-12-26",0.226031504583333
"1990-12-27",0.22070597625
"1990-12-28",0.216553337083333
"1990-12-29",0.213126225
"1990-12-30",0.20774726625
"1990-12-31",0.203192164583333
"1991-01-01",0.199346984583333
"1991-01-02",0.196107464583333
"1991-01-03",0.193369025416667
"1991-01-04",0.19182879625
"1991-01-05",0.189550829166667
"1991-01-06",0.188182994583333
"1991-01-07",0.218048852083333
"1991-01-08",0.264243556666667
"1991-01-09",0.307691629583333
"1991-01-10",0.320679212916667
"1991-01-11",0.296798351666667
"1991-01-12",0.28328183
"1991-01-13",0.274353872083333
"1991-01-14",0.267903738333333
"1991-01-15",0.262293365833333
"1991-01-16",0.25628574125
"1991-01-17",0.247466683333333
"1991-01-18",0.23981556
"1991-01-19",0.236168035416667
"1991-01-20",0.2331258025
"1991-01-21",0.227067685416667
"1991-01-22",0.220531391666667
"1991-01-23",0.216534130416667
"1991-01-24",0.213675862083333
"1991-01-25",0.21209410125
"1991-01-26",0.210734537916667
"1991-01-27",0.2089663
"1991-01-28",0.206992988333333
"1991-01-29",0.204953843333333
"1991-01-30",0.20248391
"1991-01-31",0.200533187083333
"1991-02-01",0.199487134166667
"1991-02-02",0.28376132
"1991-02-03",0.36197654375
"1991-02-04",0.327205018333333
"1991-02-05",0.369048874583333
"1991-02-06",0.342506740416667
"1991-02-07",0.32109093
"1991-02-08",0.308088109583333
"1991-02-09",0.299157051666667
"1991-02-10",0.291829839166667
"1991-02-11",0.285503130833333
"1991-02-12",0.280229210833333
"1991-02-13",0.273843128333333
"1991-02-14",0.2654395425
"1991-02-15",0.25956328125
"1991-02-16",0.25709451125
"1991-02-17",0.253588419166667
"1991-02-18",0.24923925875
"1991-02-19",0.244034824166667
"1991-02-20",0.239363012916667
"1991-02-21",0.233514872083333
"1991-02-22",0.23107019625
"1991-02-23",0.228105824583333
"1991-02-24",0.225003334166667
"1991-02-25",0.219761500416667
"1991-02-26",0.21698539
"1991-02-27",0.244020834583333
"1991-02-28",0.38045094375
"1991-03-01",0.407388513333333
"1991-03-02",0.39541469875
"1991-03-03",0.420623854166667
"1991-03-04",0.431687644583333
"1991-03-05",0.412705834166667
"1991-03-06",0.386222509166667
"1991-03-07",0.368922217083333
"1991-03-08",0.35646863
"1991-03-09",0.347049193333333
"1991-03-10",0.359871540416667
"1991-03-11",0.397566786666667
"1991-03-12",0.3782413475
"1991-03-13",0.413573588333333
"1991-03-14",0.390691891666667
"1991-03-15",0.380267400833333
"1991-03-16",0.36675774
"1991-03-17",0.39589066875
"1991-03-18",0.41949574
"1991-03-19",0.39424671875
"1991-03-20",0.420067674583333
"1991-03-21",0.41749156
"1991-03-22",0.39610146125
"1991-03-23",0.38302191875
"1991-03-24",0.421995133333333
"1991-03-25",0.421374679166667
"1991-03-26",0.4245468275
"1991-03-27",0.406586482916667
"1991-03-28",0.387900960416667
"1991-03-29",0.376766145833333
"1991-03-30",0.367101514166667
"1991-03-31",0.360385727916667
"1991-04-01",0.363858420833333
"1991-04-02",0.35789384625
"1991-04-03",0.345825570416667
"1991-04-04",0.333877925
"1991-04-05",0.324135009583333
"1991-04-06",0.319132162083333
"1991-04-07",0.314269989583333
"1991-04-08",0.305462447916667
"1991-04-09",0.297381301666667
"1991-04-10",0.291005274166667
"1991-04-11",0.283008100833333
"1991-04-12",0.273327913333333
"1991-04-13",0.268789007916667
"1991-04-14",0.267306980416667
"1991-04-15",0.266661317083333
"1991-04-16",0.26498153
"1991-04-17",0.2636847225
"1991-04-18",0.261545442083333
"1991-04-19",0.258512321666667
"1991-04-20",0.317817965
"1991-04-21",0.370715797083333
"1991-04-22",0.355042864583333
"1991-04-23",0.333441422083333
"1991-04-24",0.3237940925
"1991-04-25",0.325003229583333
"1991-04-26",0.321967590416667
"1991-04-27",0.30924481375
"1991-04-28",0.296828593333333
"1991-04-29",0.28572907625
"1991-04-30",0.275513135833333
"1991-05-01",0.275954944583333
"1991-05-02",0.277019374583333
"1991-05-03",0.27530196125
"1991-05-04",0.269910629166667
"1991-05-05",0.262256230416667
"1991-05-06",0.253203939583333
"1991-05-07",0.24709798125
"1991-05-08",0.242297512083333
"1991-05-09",0.23866913625
"1991-05-10",0.23403513
"1991-05-11",0.2294581025
"1991-05-12",0.22833010625
"1991-05-13",0.235727479166667
"1991-05-14",0.25009532
"1991-05-15",0.2429649975
"1991-05-16",0.235443845416667
"1991-05-17",0.232375613333333
"1991-05-18",0.2296394475
"1991-05-19",0.226037633333333
"1991-05-20",0.221799094583333
"1991-05-21",0.218466665
"1991-05-22",0.216444099583333
"1991-05-23",0.212994997083333
"1991-05-24",0.208300178333333
"1991-05-25",0.203494029583333
"1991-05-26",0.199461167083333
"1991-05-27",0.196672770833333
"1991-05-28",0.194639929166667
"1991-05-29",0.193759336666667
"1991-05-30",0.197645219166667
"1991-05-31",0.197076938333333
"1991-06-01",0.19148051
"1991-06-02",0.18891476125
"1991-06-03",0.188399973333333
"1991-06-04",0.18605452
"1991-06-05",0.182986185416667
"1991-06-06",0.180669492083333
"1991-06-07",0.178678983333333
"1991-06-08",0.175865004166667
"1991-06-09",0.173129498333333
"1991-06-10",0.171092907083333
"1991-06-11",0.169280752916667
"1991-06-12",0.167868334166667
"1991-06-13",0.166300723333333
"1991-06-14",0.164593799583333
"1991-06-15",0.162559685
"1991-06-16",0.161181512916667
"1991-06-17",0.159784322083333
"1991-06-18",0.15886142625
"1991-06-19",0.160516195833333
"1991-06-20",0.161660336666667
"1991-06-21",0.16022319875
"1991-06-22",0.159601532083333
"1991-06-23",0.15943012375
"1991-06-24",0.1620095125
"1991-06-25",0.164644135
"1991-06-26",0.1648551425
"1991-06-27",0.17291258
"1991-06-28",0.210247954166667
"1991-06-29",0.251206899583333
"1991-06-30",0.2388182175
"1991-07-01",0.221934488333333
"1991-07-02",0.206730403333333
"1991-07-03",0.195982895833333
"1991-07-04",0.187867677916667
"1991-07-05",0.181272255
"1991-07-06",0.17663019875
"1991-07-07",0.172603758333333
"1991-07-08",0.16919099125
"1991-07-09",0.166430356666667
"1991-07-10",0.163954426666667
"1991-07-11",0.161216755
"1991-07-12",0.158624196666667
"1991-07-13",0.157535054166667
"1991-07-14",0.15726679125
"1991-07-15",0.156359208333333
"1991-07-16",0.155259800416667
"1991-07-17",0.154527109583333
"1991-07-18",0.153875528333333
"1991-07-19",0.154477572916667
"1991-07-20",0.155080805
"1991-07-21",0.15374366875
"1991-07-22",0.151993152916667
"1991-07-23",0.150685455
"1991-07-24",0.149871940416667
"1991-07-25",0.149609480833333
"1991-07-26",0.148888565833333
"1991-07-27",0.147777462916667
"1991-07-28",0.146773152083333
"1991-07-29",0.145643140416667
"1991-07-30",0.144576595
"1991-07-31",0.143939585833333
"1991-08-01",0.14344430875
"1991-08-02",0.14308134
"1991-08-03",0.144559766666667
"1991-08-04",0.147331062083333
"1991-08-05",0.149306722083333
"1991-08-06",0.15030961
"1991-08-07",0.151130875
"1991-08-08",0.14996368625
"1991-08-09",0.148086649583333
"1991-08-10",0.147038328333333
"1991-08-11",0.145783717916667
"1991-08-12",0.144484795416667
"1991-08-13",0.144819309583333
"1991-08-14",0.146651450833333
"1991-08-15",0.148550490416667
"1991-08-16",0.1473263975
"1991-08-17",0.146066834166667
"1991-08-18",0.145317373333333
"1991-08-19",0.144928120416667
"1991-08-20",0.144336935833333
"1991-08-21",0.143455667916667
"1991-08-22",0.142633522916667
"1991-08-23",0.142119927083333
"1991-08-24",0.141428249583333
"1991-08-25",0.140661695
"1991-08-26",0.14071361
"1991-08-27",0.141139162083333
"1991-08-28",0.140801057083333
"1991-08-29",0.140177470833333
"1991-08-30",0.139747407916667
"1991-08-31",0.139685904166667
"1991-09-01",0.139752945
"1991-09-02",0.13913318875
"1991-09-03",0.138264857916667
"1991-09-04",0.13764728
"1991-09-05",0.13712029375
"1991-09-06",0.136924052916667
"1991-09-07",0.136881930416667
"1991-09-08",0.136657029583333
"1991-09-09",0.13864755625
"1991-09-10",0.143222039583333
"1991-09-11",0.142337047083333
"1991-09-12",0.141582599583333
"1991-09-13",0.140919509583333
"1991-09-14",0.140474183333333
"1991-09-15",0.140102746666667
"1991-09-16",0.139438656666667
"1991-09-17",0.138645693333333
"1991-09-18",0.137754043333333
"1991-09-19",0.137244009166667
"1991-09-20",0.137271804583333
"1991-09-21",0.137648718333333
"1991-09-22",0.137610775416667
"1991-09-23",0.13709237125
"1991-09-24",0.13647281875
"1991-09-25",0.135757294583333
"1991-09-26",0.135511057916667
"1991-09-27",0.1356292625
"1991-09-28",0.135841677083333
"1991-09-29",0.135717323333333
"1991-09-30",0.1352198125
"1991-10-01",0.135057566666667
"1991-10-02",0.134771513333333
"1991-10-03",0.134399770416667
"1991-10-04",0.134086072916667
"1991-10-05",0.1341238375
"1991-10-06",0.134079032916667
"1991-10-07",0.133943102916667
"1991-10-08",0.133663036666667
"1991-10-09",0.13346168375
"1991-10-10",0.13292297875
"1991-10-11",0.13249725625
"1991-10-12",0.132360832916667
"1991-10-13",0.13209279625
"1991-10-14",0.1319034425
"1991-10-15",0.13170794375
"1991-10-16",0.131599985
"1991-10-17",0.131605212916667
"1991-10-18",0.1316901025
"1991-10-19",0.131568843333333
"1991-10-20",0.131464574166667
"1991-10-21",0.131200467916667
"1991-10-22",0.140792177916667
"1991-10-23",0.151946304166667
"1991-10-24",0.149916586666667
"1991-10-25",0.165780487083333
"1991-10-26",0.339414456666667
"1991-10-27",0.34398987625
"1991-10-28",0.31058894875
"1991-10-29",0.29819049625
"1991-10-30",0.289695477083333
"1991-10-31",0.275657080833333
"1991-11-01",0.265312387916667
"1991-11-02",0.256588799166667
"1991-11-03",0.249774052083333
"1991-11-04",0.24414154125
"1991-11-05",0.23960841125
"1991-11-06",0.234360401666667
"1991-11-07",0.227767882083333
"1991-11-08",0.223231839583333
"1991-11-09",0.22689729375
"1991-11-10",0.22734099375
"1991-11-11",0.224812475416667
"1991-11-12",0.220541839583333
"1991-11-13",0.217560416666667
"1991-11-14",0.214579797916667
"1991-11-15",0.21013375375
"1991-11-16",0.206185409166667
"1991-11-17",0.2679597525
"1991-11-18",0.348928778333333
"1991-11-19",0.315354930833333
"1991-11-20",0.297576655
"1991-11-21",0.28813448375
"1991-11-22",0.277589772083333
"1991-11-23",0.26664479375
"1991-11-24",0.258018979166667
"1991-11-25",0.251831657083333
"1991-11-26",0.246489722083333
"1991-11-27",0.242781872083333
"1991-11-28",0.23796483
"1991-11-29",0.231635422083333
"1991-11-30",0.224665401666667
"1991-12-01",0.217499030416667
"1991-12-02",0.214413032083333
"1991-12-03",0.213018220416667
"1991-12-04",0.211197292083333
"1991-12-05",0.20875514125
"1991-12-06",0.207121024166667
"1991-12-07",0.235294100416667
"1991-12-08",0.2500018875
"1991-12-09",0.241220784166667
"1991-12-10",0.234193154166667
"1991-12-11",0.228907262916667
"1991-12-12",0.224205433333333
"1991-12-13",0.220226802083333
"1991-12-14",0.216608439583333
"1991-12-15",0.214154832083333
"1991-12-16",0.210875717083333
"1991-12-17",0.20992904625
"1991-12-18",0.286294519583333
"1991-12-19",0.306630257916667
"1991-12-20",0.285461122916667
"1991-12-21",0.27118724625
"1991-12-22",0.262298984583333
"1991-12-23",0.25851124125
"1991-12-24",0.25252735375
"1991-12-25",0.24656525
"1991-12-26",0.24228649625
"1991-12-27",0.243548834166667
"1991-12-28",0.40898735875
"1991-12-29",0.419379515
"1991-12-30",0.401397950833333
"1991-12-31",0.381522099583333
"1992-01-01",0.3680997975
"1992-01-02",0.356938110416667
"1992-01-03",0.3478130575
"1992-01-04",0.345219369583333
"1992-01-05",0.398839441666667
"1992-01-06",0.41860198375
"1992-01-07",0.4098273125
"1992-01-08",0.391946326666667
"1992-01-09",0.376551872916667
"1992-01-10",0.36528741
"1992-01-11",0.355931702916667
"1992-01-12",0.345856574583333
"1992-01-13",0.33742800625
"1992-01-14",0.33170068625
"1992-01-15",0.326426503333333
"1992-01-16",0.322084037083333
"1992-01-17",0.3193661775
"1992-01-18",0.32065264875
"1992-01-19",0.315251999583333
"1992-01-20",0.30928709
"1992-01-21",0.304525365
"1992-01-22",0.299864620416667
"1992-01-23",0.295111417916667
"1992-01-24",0.290448597083333
"1992-01-25",0.285712742083333
"1992-01-26",0.283577582916667
"1992-01-27",0.280303535833333
"1992-01-28",0.31282428
"1992-01-29",0.336821647916667
"1992-01-30",0.318750850416667
"1992-01-31",0.3072685225
"1992-02-01",0.355052009166667
"1992-02-02",0.35875033625
"1992-02-03",0.336273087916667
"1992-02-04",0.322148637083333
"1992-02-05",0.312739745
"1992-02-06",0.31564618875
"1992-02-07",0.346651903333333
"1992-02-08",0.346904682916667
"1992-02-09",0.348922770833333
"1992-02-10",0.414119334166667
"1992-02-11",0.422262820416667
"1992-02-12",0.425704127083333
"1992-02-13",0.420791465416667
"1992-02-14",0.41383275125
"1992-02-15",0.4191237825
"1992-02-16",0.4251089475
"1992-02-17",0.407756677083333
"1992-02-18",0.394098773333333
"1992-02-19",0.411646275
"1992-02-20",0.415886694166667
"1992-02-21",0.39562364125
"1992-02-22",0.387429294583333
"1992-02-23",0.374569870833333
"1992-02-24",0.362860306666667
"1992-02-25",0.352631230833333
"1992-02-26",0.343904158333333
"1992-02-27",0.3356371525
"1992-02-28",0.328288325416667
"1992-02-29",0.325282127916667
"1992-03-01",0.367668382083333
"1992-03-02",0.37978952875
"1992-03-03",0.363767515833333
"1992-03-04",0.351856690833333
"1992-03-05",0.38163414
"1992-03-06",0.4237886175
"1992-03-07",0.4038086875
"1992-03-08",0.386570035833333
"1992-03-09",0.37827292
"1992-03-10",0.370705269583333
"1992-03-11",0.362478084583333
"1992-03-12",0.3550175425
"1992-03-13",0.349733085833333
"1992-03-14",0.367021128333333
"1992-03-15",0.398197015833333
"1992-03-16",0.405931455
"1992-03-17",0.39013087625
"1992-03-18",0.373700839583333
"1992-03-19",0.36490385
"1992-03-20",0.373514962083333
"1992-03-21",0.397171938333333
"1992-03-22",0.3957467675
"1992-03-23",0.403478804583333
"1992-03-24",0.381469095
"1992-03-25",0.371310590416667
"1992-03-26",0.363481760416667
"1992-03-27",0.35585523125
"1992-03-28",0.348638369583333
"1992-03-29",0.341728765
"1992-03-30",0.345465922083333
"1992-03-31",0.3525545475
"1992-04-01",0.33938989
"1992-04-02",0.329754909166667
"1992-04-03",0.323560483333333
"1992-04-04",0.315773244166667
"1992-04-05",0.3061610275
"1992-04-06",0.29789182625
"1992-04-07",0.290985125
"1992-04-08",0.28487631875
"1992-04-09",0.27933374
"1992-04-10",0.27659205625
"1992-04-11",0.2755088975
"1992-04-12",0.3085613875
"1992-04-13",0.362672249166667
"1992-04-14",0.33593968125
"1992-04-15",0.320415239166667
"1992-04-16",0.314343520416667
"1992-04-17",0.31069164625
"1992-04-18",0.304774887083333
"1992-04-19",0.288448347083333
"1992-04-20",0.2758393
"1992-04-21",0.2698035475
"1992-04-22",0.26244559875
"1992-04-23",0.254912457916667
"1992-04-24",0.24723319
"1992-04-25",0.23875602
"1992-04-26",0.231070882083333
"1992-04-27",0.227593275416667
"1992-04-28",0.223017535833333
"1992-04-29",0.219295159583333
"1992-04-30",0.21718907625
"1992-05-01",0.215215439166667
"1992-05-02",0.210822982916667
"1992-05-03",0.2069140125
"1992-05-04",0.204625182083333
"1992-05-05",0.2019195425
"1992-05-06",0.201506705833333
"1992-05-07",0.202892766666667
"1992-05-08",0.20172683125
"1992-05-09",0.198176167916667
"1992-05-10",0.192666265833333
"1992-05-11",0.195091639583333
"1992-05-12",0.198966005833333
"1992-05-13",0.196502010416667
"1992-05-14",0.19305740875
"1992-05-15",0.189844509166667
"1992-05-16",0.186832688333333
"1992-05-17",0.183598127916667
"1992-05-18",0.181159882916667
"1992-05-19",0.179796935416667
"1992-05-20",0.17971034875
"1992-05-21",0.177332867083333
"1992-05-22",0.17436951625
"1992-05-23",0.172377077916667
"1992-05-24",0.170603354166667
"1992-05-25",0.169366850416667
"1992-05-26",0.168153643333333
"1992-05-27",0.168311449583333
"1992-05-28",0.16787135625
"1992-05-29",0.167491410833333
"1992-05-30",0.167073165833333
"1992-05-31",0.165601712916667
"1992-06-01",0.16389005125
"1992-06-02",0.162367924166667
"1992-06-03",0.161231153333333
"1992-06-04",0.159758480833333
"1992-06-05",0.158627495416667
"1992-06-06",0.159647404583333
"1992-06-07",0.161901997916667
"1992-06-08",0.161420907083333
"1992-06-09",0.160035225416667
"1992-06-10",0.1584008075
"1992-06-11",0.157084165416667
"1992-06-12",0.155975872916667
"1992-06-13",0.155008735833333
"1992-06-14",0.154171185
"1992-06-15",0.154008566666667
"1992-06-16",0.154224017916667
"1992-06-17",0.1536335075
"1992-06-18",0.153301148333333
"1992-06-19",0.153300850833333
"1992-06-20",0.152714789166667
"1992-06-21",0.151847268333333
"1992-06-22",0.152799381666667
"1992-06-23",0.152220620416667
"1992-06-24",0.151348298333333
"1992-06-25",0.150533405416667
"1992-06-26",0.149840526666667
"1992-06-27",0.148709012083333
"1992-06-28",0.148221678333333
"1992-06-29",0.15688489125
"1992-06-30",0.20685020125
"1992-07-01",0.208066588333333
"1992-07-02",0.200381405
"1992-07-03",0.19385693125
"1992-07-04",0.18895394
"1992-07-05",0.183679980833333
"1992-07-06",0.177641419166667
"1992-07-07",0.173022985833333
"1992-07-08",0.168396816666667
"1992-07-09",0.163369342083333
"1992-07-10",0.159450643333333
"1992-07-11",0.156517727083333
"1992-07-12",0.16188700875
"1992-07-13",0.163488219583333
"1992-07-14",0.160469320833333
"1992-07-15",0.15718680875
"1992-07-16",0.154085689166667
"1992-07-17",0.151685155416667
"1992-07-18",0.14978622125
"1992-07-19",0.147992822083333
"1992-07-20",0.146883770833333
"1992-07-21",0.146313076666667
"1992-07-22",0.146191005833333
"1992-07-23",0.145612745833333
"1992-07-24",0.1446604625
"1992-07-25",0.14419977375
"1992-07-26",0.143429443333333
"1992-07-27",0.142605895833333
"1992-07-28",0.1417854725
"1992-07-29",0.140984633333333
"1992-07-30",0.140488917916667
"1992-07-31",0.140099820416667
"1992-08-01",0.139638495833333
"1992-08-02",0.138976940833333
"1992-08-03",0.138309675
"1992-08-04",0.137834052083333
"1992-08-05",0.137492899166667
"1992-08-06",0.137658365
"1992-08-07",0.139560001666667
"1992-08-08",0.140484815416667
"1992-08-09",0.139680670416667
"1992-08-10",0.1386754775
"1992-08-11",0.137850602083333
"1992-08-12",0.13742793625
"1992-08-13",0.137181247083333
"1992-08-14",0.136730538333333
"1992-08-15",0.136682070833333
"1992-08-16",0.13646884875
"1992-08-17",0.135922274166667
"1992-08-18",0.13545159
"1992-08-19",0.135091932916667
"1992-08-20",0.134750392916667
"1992-08-21",0.134455205833333
"1992-08-22",0.134388334583333
"1992-08-23",0.134211661666667
"1992-08-24",0.133897646666667
"1992-08-25",0.133778526666667
"1992-08-26",0.133647327083333
"1992-08-27",0.13337644875
"1992-08-28",0.133105600416667
"1992-08-29",0.133489127083333
"1992-08-30",0.135118480833333
"1992-08-31",0.1366756575
"1992-09-01",0.137110643333333
"1992-09-02",0.13710974875
"1992-09-03",0.136786100416667
"1992-09-04",0.137273477916667
"1992-09-05",0.136845499583333
"1992-09-06",0.13616800625
"1992-09-07",0.13547397125
"1992-09-08",0.134979774583333
"1992-09-09",0.13465871625
"1992-09-10",0.1350938625
"1992-09-11",0.135339224166667
"1992-09-12",0.135297969583333
"1992-09-13",0.134915229583333
"1992-09-14",0.134292933333333
"1992-09-15",0.134010520833333
"1992-09-16",0.13372531125
"1992-09-17",0.13364629625
"1992-09-18",0.133591246666667
"1992-09-19",0.13350498375
"1992-09-20",0.13337904125
"1992-09-21",0.133299269583333
"1992-09-22",0.133174404583333
"1992-09-23",0.13312202125
"1992-09-24",0.133148841666667
"1992-09-25",0.133188958333333
"1992-09-26",0.132630985833333
"1992-09-27",0.132207169583333
"1992-09-28",0.13203933125
"1992-09-29",0.13197079875
"1992-09-30",0.132041195416667
"1992-10-01",0.13713074625
"1992-10-02",0.142939075833333
"1992-10-03",0.146030443333333
"1992-10-04",0.144529219166667
"1992-10-05",0.142816592083333
"1992-10-06",0.141221593333333
"1992-10-07",0.139522407916667
"1992-10-08",0.138105193333333
"1992-10-09",0.137116015416667
"1992-10-10",0.13622673375
"1992-10-11",0.135437352083333
"1992-10-12",0.13476235625
"1992-10-13",0.134336060833333
"1992-10-14",0.135300197083333
"1992-10-15",0.136520625833333
"1992-10-16",0.1363607375
"1992-10-17",0.13600227125
"1992-10-18",0.135994774583333
"1992-10-19",0.136203309166667
"1992-10-20",0.137809383333333
"1992-10-21",0.220981470833333
"1992-10-22",0.244213765
"1992-10-23",0.2301896075
"1992-10-24",0.217062100833333
"1992-10-25",0.209105352083333
"1992-10-26",0.204195187916667
"1992-10-27",0.198872056666667
"1992-10-28",0.19841093125
"1992-10-29",0.254867550833333
"1992-10-30",0.364784125
"1992-10-31",0.333327412916667
"1992-11-01",0.307494605
"1992-11-02",0.29425934625
"1992-11-03",0.280663967916667
"1992-11-04",0.265045427083333
"1992-11-05",0.256397968333333
"1992-11-06",0.250402795833333
"1992-11-07",0.244573340833333
"1992-11-08",0.240653762083333
"1992-11-09",0.235625567083333
"1992-11-10",0.2282253425
"1992-11-11",0.22077495875
"1992-11-12",0.214982737083333
"1992-11-13",0.209429075833333
"1992-11-14",0.204825720833333
"1992-11-15",0.20177247125
"1992-11-16",0.2001511225
"1992-11-17",0.199381084166667
"1992-11-18",0.197848179583333
"1992-11-19",0.199304713333333
"1992-11-20",0.212564947083333
"1992-11-21",0.207208255833333
"1992-11-22",0.22808779875
"1992-11-23",0.235987717916667
"1992-11-24",0.229190707083333
"1992-11-25",0.22489257375
"1992-11-26",0.221122810833333
"1992-11-27",0.21714155375
"1992-11-28",0.214463278333333
"1992-11-29",0.209426782083333
"1992-11-30",0.204095094583333
"1992-12-01",0.199795942083333
"1992-12-02",0.211680978333333
"1992-12-03",0.35633671
"1992-12-04",0.323135641666667
"1992-12-05",0.300230169583333
"1992-12-06",0.348852840833333
"1992-12-07",0.39765001875
"1992-12-08",0.3711488525
"1992-12-09",0.41658602125
"1992-12-10",0.411705354583333
"1992-12-11",0.417719763333333
"1992-12-12",0.398649075
"1992-12-13",0.375254132916667
"1992-12-14",0.36025206875
"1992-12-15",0.350573809583333
"1992-12-16",0.341093484583333
"1992-12-17",0.353387087083333
"1992-12-18",0.374584817083333
"1992-12-19",0.352632910416667
"1992-12-20",0.34192148875
"1992-12-21",0.33504290625
"1992-12-22",0.330219812083333
"1992-12-23",0.32322451375
"1992-12-24",0.31708335
"1992-12-25",0.311736585
"1992-12-26",0.307335562083333
"1992-12-27",0.308626172083333
"1992-12-28",0.361793512916667
"1992-12-29",0.422314587916667
"1992-12-30",0.4176916575
"1992-12-31",0.392224954583333
"1993-01-01",0.405036345416667
"1993-01-02",0.394498900833333
"1993-01-03",0.379064655416667
"1993-01-04",0.3693487625
"1993-01-05",0.362591217916667
"1993-01-06",0.390776697916667
"1993-01-07",0.42435419875
"1993-01-08",0.417373409166667
"1993-01-09",0.404379995833333
"1993-01-10",0.4024980225
"1993-01-11",0.394168349166667
"1993-01-12",0.392154485833333
"1993-01-13",0.430124619583333
"1993-01-14",0.408400861666667
"1993-01-15",0.4074003875
"1993-01-16",0.410717372916667
"1993-01-17",0.405202016666667
"1993-01-18",0.41890628875
"1993-01-19",0.399348922916667
"1993-01-20",0.4097451025
"1993-01-21",0.418818382083333
"1993-01-22",0.41145234
"1993-01-23",0.388054160833333
"1993-01-24",0.373714023333333
"1993-01-25",0.363613664166667
"1993-01-26",0.355387677916667
"1993-01-27",0.347500414583333
"1993-01-28",0.34219324625
"1993-01-29",0.336857807916667
"1993-01-30",0.32924513
"1993-01-31",0.324261737083333
"1993-02-01",0.3223402825
"1993-02-02",0.31938665875
"1993-02-03",0.317604303333333
"1993-02-04",0.319064387083333
"1993-02-05",0.334325402916667
"1993-02-06",0.350539399583333
"1993-02-07",0.340081592083333
"1993-02-08",0.413306250833333
"1993-02-09",0.42493326125
"1993-02-10",0.40625495875
"1993-02-11",0.411269492083333
"1993-02-12",0.3954323075
"1993-02-13",0.382816175833333
"1993-02-14",0.3735065925
"1993-02-15",0.365028754583333
"1993-02-16",0.36189815625
"1993-02-17",0.391796309166667
"1993-02-18",0.424628783333333
"1993-02-19",0.424156875416667
"1993-02-20",0.41850814875
"1993-02-21",0.4161372625
"1993-02-22",0.40108953625
"1993-02-23",0.418889149166667
"1993-02-24",0.40965792375
"1993-02-25",0.391219395
"1993-02-26",0.414187177083333
"1993-02-27",0.389026715416667
"1993-02-28",0.37419332375
"1993-03-01",0.364986646666667
"1993-03-02",0.356596349166667
"1993-03-03",0.36013653625
"1993-03-04",0.3566429525
"1993-03-05",0.3451797075
"1993-03-06",0.335800150416667
"1993-03-07",0.328339064166667
"1993-03-08",0.324261649583333
"1993-03-09",0.320693306666667
"1993-03-10",0.319616096666667
"1993-03-11",0.318141509166667
"1993-03-12",0.3127855
"1993-03-13",0.308267967083333
"1993-03-14",0.324015115
"1993-03-15",0.326636732916667
"1993-03-16",0.3210428
"1993-03-17",0.3818489625
"1993-03-18",0.386760325833333
"1993-03-19",0.369921445833333
"1993-03-20",0.35834037125
"1993-03-21",0.3481326575
"1993-03-22",0.340943970833333
"1993-03-23",0.346863591666667
"1993-03-24",0.412131372083333
"1993-03-25",0.383779674583333
"1993-03-26",0.389009672916667
"1993-03-27",0.387420997083333
"1993-03-28",0.412098975833333
"1993-03-29",0.388748755416667
"1993-03-30",0.37578791375
"1993-03-31",0.365819916666667
"1993-04-01",0.38623940625
"1993-04-02",0.371943215833333
"1993-04-03",0.357765905
"1993-04-04",0.353097019583333
"1993-04-05",0.345682478333333
"1993-04-06",0.33576709375
"1993-04-07",0.33288462875
"1993-04-08",0.325565362083333
"1993-04-09",0.323831179166667
"1993-04-10",0.3174470725
"1993-04-11",0.30943507125
"1993-04-12",0.299123995416667
"1993-04-13",0.289655095833333
"1993-04-14",0.28490811875
"1993-04-15",0.2844423175
"1993-04-16",0.2804560875
"1993-04-17",0.298172622083333
"1993-04-18",0.36685468625
"1993-04-19",0.332919679166667
"1993-04-20",0.313595670833333
"1993-04-21",0.3008098025
"1993-04-22",0.290866982916667
"1993-04-23",0.281988855416667
"1993-04-24",0.287877264166667
"1993-04-25",0.282646380416667
"1993-04-26",0.275695208333333
"1993-04-27",0.266261415416667
"1993-04-28",0.258659394166667
"1993-04-29",0.250510738333333
"1993-04-30",0.243279749583333
"1993-05-01",0.2357140525
"1993-05-02",0.228498976666667
"1993-05-03",0.22952935875
"1993-05-04",0.245132374583333
"1993-05-05",0.237636556666667
"1993-05-06",0.23268645375
"1993-05-07",0.230049306666667
"1993-05-08",0.22328130375
"1993-05-09",0.215777360416667
"1993-05-10",0.205749792916667
"1993-05-11",0.205075085416667
"1993-05-12",0.20656459
"1993-05-13",0.207111955
"1993-05-14",0.203135610416667
"1993-05-15",0.199129754583333
"1993-05-16",0.194814875
"1993-05-17",0.191399615833333
"1993-05-18",0.189521054166667
"1993-05-19",0.194953255
"1993-05-20",0.219527589583333
"1993-05-21",0.230986656666667
"1993-05-22",0.223019524583333
"1993-05-23",0.21413356625
"1993-05-24",0.209167324166667
"1993-05-25",0.255221774583333
"1993-05-26",0.27824916125
"1993-05-27",0.300010440833333
"1993-05-28",0.28773555375
"1993-05-29",0.269567250833333
"1993-05-30",0.256426724166667
"1993-05-31",0.27590695625
"1993-06-01",0.272975094583333
"1993-06-02",0.257084072916667
"1993-06-03",0.24356266625
"1993-06-04",0.23685981375
"1993-06-05",0.273024572916667
"1993-06-06",0.270747409583333
"1993-06-07",0.273436404583333
"1993-06-08",0.2581620625
"1993-06-09",0.243898943333333
"1993-06-10",0.231440224583333
"1993-06-11",0.221162128333333
"1993-06-12",0.210970841666667
"1993-06-13",0.201807439583333
"1993-06-14",0.19361012875
"1993-06-15",0.18621678125
"1993-06-16",0.181436715
"1993-06-17",0.174474474583333
"1993-06-18",0.168403166666667
"1993-06-19",0.164367926666667
"1993-06-20",0.16258470625
"1993-06-21",0.161135298333333
"1993-06-22",0.159751415833333
"1993-06-23",0.157558444166667
"1993-06-24",0.154353952083333
"1993-06-25",0.14944451
"1993-06-26",0.146675040416667
"1993-06-27",0.145873925416667
"1993-06-28",0.14557108875
"1993-06-29",0.14522596625
"1993-06-30",0.14438061125
"1993-07-01",0.143562140416667
"1993-07-02",0.142876930833333
"1993-07-03",0.142776315833333
"1993-07-04",0.142355591666667
"1993-07-05",0.142309544583333
"1993-07-06",0.142666894583333
"1993-07-07",0.142424421666667
"1993-07-08",0.142093905416667
"1993-07-09",0.142054385833333
"1993-07-10",0.141726969583333
"1993-07-11",0.141530979583333
"1993-07-12",0.14104691625
"1993-07-13",0.140521204166667
"1993-07-14",0.140340032916667
"1993-07-15",0.140358417916667
"1993-07-16",0.140285265833333
"1993-07-17",0.140145789166667
"1993-07-18",0.13961862375
"1993-07-19",0.139287720833333
"1993-07-20",0.139348907083333
"1993-07-21",0.139468327916667
"1993-07-22",0.139357064166667
"1993-07-23",0.13971906375
"1993-07-24",0.139921973333333
"1993-07-25",0.1400765125
"1993-07-26",0.140847018333333
"1993-07-27",0.140500077916667
"1993-07-28",0.140928489166667
"1993-07-29",0.140835414583333
"1993-07-30",0.140058790833333
"1993-07-31",0.138884243333333
"1993-08-01",0.137398170833333
"1993-08-02",0.136179767083333
"1993-08-03",0.13584238
"1993-08-04",0.136312820416667
"1993-08-05",0.13636839875
"1993-08-06",0.1363019075
"1993-08-07",0.136802832083333
"1993-08-08",0.137009129583333
"1993-08-09",0.136476484583333
"1993-08-10",0.135939064583333
"1993-08-11",0.135854822916667
"1993-08-12",0.13692173
"1993-08-13",0.13905462
"1993-08-14",0.141455977916667
"1993-08-15",0.14450493125
"1993-08-16",0.146506143333333
"1993-08-17",0.145080252916667
"1993-08-18",0.143919281666667
"1993-08-19",0.144303143333333
"1993-08-20",0.146123972916667
"1993-08-21",0.147015737916667
"1993-08-22",0.145359620833333
"1993-08-23",0.143524396666667
"1993-08-24",0.142391138333333
"1993-08-25",0.141226383333333
"1993-08-26",0.139997730416667
"1993-08-27",0.138796247916667
"1993-08-28",0.137591003333333
"1993-08-29",0.13707833875
"1993-08-30",0.140414104166667
"1993-08-31",0.142299582916667
"1993-09-01",0.14123691375
"1993-09-02",0.14000298875
"1993-09-03",0.139073447916667
"1993-09-04",0.1388411325
"1993-09-05",0.140023100416667
"1993-09-06",0.14116704875
"1993-09-07",0.140818217916667
"1993-09-08",0.139689102916667
"1993-09-09",0.138544026666667
"1993-09-10",0.137943950416667
"1993-09-11",0.13755783125
"1993-09-12",0.138301745416667
"1993-09-13",0.138549559166667
"1993-09-14",0.13935298875
"1993-09-15",0.14132812625
"1993-09-16",0.140694540833333
"1993-09-17",0.141828095416667
"1993-09-18",0.14400536125
"1993-09-19",0.143489232916667
"1993-09-20",0.142435140833333
"1993-09-21",0.141502255833333
"1993-09-22",0.140780774583333
"1993-09-23",0.140096164583333
"1993-09-24",0.1392142
"1993-09-25",0.138037809583333
"1993-09-26",0.136801780416667
"1993-09-27",0.135584311666667
"1993-09-28",0.134629380416667
"1993-09-29",0.134184365416667
"1993-09-30",0.134002424166667
"1993-10-01",0.133748583333333
"1993-10-02",0.133696850833333
"1993-10-03",0.1339417675
"1993-10-04",0.134152913333333
"1993-10-05",0.137537405
"1993-10-06",0.143159456666667
"1993-10-07",0.142822768333333
"1993-10-08",0.142151482916667
"1993-10-09",0.141308292916667
"1993-10-10",0.14095475
"1993-10-11",0.1463687175
"1993-10-12",0.15067496625
"1993-10-13",0.149597562083333
"1993-10-14",0.15805177375
"1993-10-15",0.279403545833333
"1993-10-16",0.32040132375
"1993-10-17",0.29686118625
"1993-10-18",0.277380749583333
"1993-10-19",0.261833465
"1993-10-20",0.248739914166667
"1993-10-21",0.237719021666667
"1993-10-22",0.229617154166667
"1993-10-23",0.219679711666667
"1993-10-24",0.211340573333333
"1993-10-25",0.204560639583333
"1993-10-26",0.195599796666667
"1993-10-27",0.186668865416667
"1993-10-28",0.18008527125
"1993-10-29",0.175778736666667
"1993-10-30",0.172057929166667
"1993-10-31",0.17058128125
"1993-11-01",0.169284584166667
"1993-11-02",0.165813999583333
"1993-11-03",0.1618089275
"1993-11-04",0.15903454375
"1993-11-05",0.157196952083333
"1993-11-06",0.154939338333333
"1993-11-07",0.153338147083333
"1993-11-08",0.152435252916667
"1993-11-09",0.152255577083333
"1993-11-10",0.160850005416667
"1993-11-11",0.281198874583333
"1993-11-12",0.30566080125
"1993-11-13",0.300242269583333
"1993-11-14",0.275731179583333
"1993-11-15",0.255222465416667
"1993-11-16",0.243665956666667
"1993-11-17",0.23735727875
"1993-11-18",0.233422442083333
"1993-11-19",0.226978775416667
"1993-11-20",0.219087278333333
"1993-11-21",0.212421347916667
"1993-11-22",0.20958972
"1993-11-23",0.205898692083333
"1993-11-24",0.200411369583333
"1993-11-25",0.194691937083333
"1993-11-26",0.190145270833333
"1993-11-27",0.186231330833333
"1993-11-28",0.213074917083333
"1993-11-29",0.366036290833333
"1993-11-30",0.34290674125
"1993-12-01",0.318954232916667
"1993-12-02",0.3056549175
"1993-12-03",0.293827640833333
"1993-12-04",0.28508256375
"1993-12-05",0.28036902625
"1993-12-06",0.27543351125
"1993-12-07",0.272187025
"1993-12-08",0.284881460416667
"1993-12-09",0.38857922875
"1993-12-10",0.371598831666667
"1993-12-11",0.383282951666667
"1993-12-12",0.398658740416667
"1993-12-13",0.375623053333333
"1993-12-14",0.408038585416667
"1993-12-15",0.400589424583333
"1993-12-16",0.38019694
"1993-12-17",0.369084580416667
"1993-12-18",0.3588840725
"1993-12-19",0.3509400175
"1993-12-20",0.341612873333333
"1993-12-21",0.333580165416667
"1993-12-22",0.326458208333333
"1993-12-23",0.32005433
"1993-12-24",0.31266655375
"1993-12-25",0.307008085416667
"1993-12-26",0.304298733333333
"1993-12-27",0.334164569166667
"1993-12-28",0.32641916
"1993-12-29",0.31822797875
"1993-12-30",0.311405028333333
"1993-12-31",0.307783207083333
"1994-01-01",0.305249247083333
"1994-01-02",0.301943303333333
"1994-01-03",0.297723328333333
"1994-01-04",0.295832643333333
"1994-01-05",0.321312992083333
"1994-01-06",0.311874565
"1994-01-07",0.3018444575
"1994-01-08",0.295918071666667
"1994-01-09",0.29597993
"1994-01-10",0.292032132916667
"1994-01-11",0.287269986666667
"1994-01-12",0.282450861666667
"1994-01-13",0.27708872
"1994-01-14",0.271886533333333
"1994-01-15",0.269673885833333
"1994-01-16",0.2670136575
"1994-01-17",0.26145810125
"1994-01-18",0.255891408333333
"1994-01-19",0.250000673333333
"1994-01-20",0.24672401625
"1994-01-21",0.24665781875
"1994-01-22",0.245977406666667
"1994-01-23",0.334729044166667
"1994-01-24",0.372585145
"1994-01-25",0.39016768125
"1994-01-26",0.399939015416667
"1994-01-27",0.387398812916667
"1994-01-28",0.37086769875
"1994-01-29",0.356850486666667
"1994-01-30",0.346274139583333
"1994-01-31",0.337910569166667
"1994-02-01",0.33065713
"1994-02-02",0.325350701666667
"1994-02-03",0.322400558333333
"1994-02-04",0.3165076375
"1994-02-05",0.31170015875
"1994-02-06",0.340831319166667
"1994-02-07",0.421077255416667
"1994-02-08",0.41634457375
"1994-02-09",0.390575898333333
"1994-02-10",0.3798931525
"1994-02-11",0.382911458333333
"1994-02-12",0.363186590416667
"1994-02-13",0.351610240833333
"1994-02-14",0.344048123333333
"1994-02-15",0.33720948625
"1994-02-16",0.333383255416667
"1994-02-17",0.393386648333333
"1994-02-18",0.42885539375
"1994-02-19",0.4135083375
"1994-02-20",0.419628067916667
"1994-02-21",0.405278144583333
"1994-02-22",0.396374434583333
"1994-02-23",0.378545836666667
"1994-02-24",0.369200284166667
"1994-02-25",0.362210195833333
"1994-02-26",0.361284965416667
"1994-02-27",0.36735046625
"1994-02-28",0.359271872083333
"1994-03-01",0.350112910416667
"1994-03-02",0.342165153333333
"1994-03-03",0.333967999583333
"1994-03-04",0.329870812916667
"1994-03-05",0.328961919583333
"1994-03-06",0.333560172916667
"1994-03-07",0.32805157125
"1994-03-08",0.320106747083333
"1994-03-09",0.314666665416667
"1994-03-10",0.31124341125
"1994-03-11",0.31357705625
"1994-03-12",0.303707977916667
"1994-03-13",0.291694698333333
"1994-03-14",0.282934270416667
"1994-03-15",0.277063914166667
"1994-03-16",0.276237035416667
"1994-03-17",0.277355050833333
"1994-03-18",0.27240631
"1994-03-19",0.2694728075
"1994-03-20",0.264215556666667
"1994-03-21",0.260114815
"1994-03-22",0.257387705833333
"1994-03-23",0.257869405416667
"1994-03-24",0.27255287375
"1994-03-25",0.363344338333333
"1994-03-26",0.329825804166667
"1994-03-27",0.313501871666667
"1994-03-28",0.302021050833333
"1994-03-29",0.293980703333333
"1994-03-30",0.28804091
"1994-03-31",0.27982938375
"1994-04-01",0.27131124
"1994-04-02",0.264816322916667
"1994-04-03",0.265727579166667
"1994-04-04",0.266943744583333
"1994-04-05",0.260892676666667
"1994-04-06",0.255776044166667
"1994-04-07",0.253331460416667
"1994-04-08",0.251848484583333
"1994-04-09",0.314020864166667
"1994-04-10",0.3072793975
"1994-04-11",0.289457889583333
"1994-04-12",0.274134930833333
"1994-04-13",0.262322839583333
"1994-04-14",0.255980959583333
"1994-04-15",0.2492433625
"1994-04-16",0.244131495416667
"1994-04-17",0.240605282083333
"1994-04-18",0.23533998125
"1994-04-19",0.2303194725
"1994-04-20",0.225819369583333
"1994-04-21",0.222754647916667
"1994-04-22",0.220038535416667
"1994-04-23",0.23907477375
"1994-04-24",0.340522065416667
"1994-04-25",0.359717834583333
"1994-04-26",0.38419833625
"1994-04-27",0.346162455416667
"1994-04-28",0.329623440416667
"1994-04-29",0.31774575875
"1994-04-30",0.308855011666667
"1994-05-01",0.3006406375
"1994-05-02",0.292998412916667
"1994-05-03",0.285262624583333
"1994-05-04",0.279472560416667
"1994-05-05",0.280921674583333
"1994-05-06",0.277606996666667
"1994-05-07",0.308586995416667
"1994-05-08",0.32978536875
"1994-05-09",0.31133703625
"1994-05-10",0.298505245
"1994-05-11",0.28666878
"1994-05-12",0.27760361375
"1994-05-13",0.26983191375
"1994-05-14",0.26079776625
"1994-05-15",0.258011249583333
"1994-05-16",0.257858058333333
"1994-05-17",0.312607432916667
"1994-05-18",0.337500898333333
"1994-05-19",0.319568693333333
"1994-05-20",0.306343314166667
"1994-05-21",0.292154042083333
"1994-05-22",0.279137259166667
"1994-05-23",0.267964408333333
"1994-05-24",0.25948811
"1994-05-25",0.25395759
"1994-05-26",0.252776105416667
"1994-05-27",0.251711042083333
"1994-05-28",0.2456923475
"1994-05-29",0.236899222083333
"1994-05-30",0.227442955
"1994-05-31",0.223454740833333
"1994-06-01",0.219951234166667
"1994-06-02",0.21379019625
"1994-06-03",0.208602619583333
"1994-06-04",0.20411387375
"1994-06-05",0.20152265875
"1994-06-06",0.199839870416667
"1994-06-07",0.196465187916667
"1994-06-08",0.191666389166667
"1994-06-09",0.186333397916667
"1994-06-10",0.179643080416667
"1994-06-11",0.1749821425
"1994-06-12",0.173295514583333
"1994-06-13",0.172342432916667
"1994-06-14",0.171181764166667
"1994-06-15",0.168730329166667
"1994-06-16",0.166931218333333
"1994-06-17",0.1659674775
"1994-06-18",0.164980845833333
"1994-06-19",0.163227535833333
"1994-06-20",0.161985262916667
"1994-06-21",0.161290842083333
"1994-06-22",0.160264966666667
"1994-06-23",0.158634815833333
"1994-06-24",0.156586498333333
"1994-06-25",0.15514397875
"1994-06-26",0.153685059166667
"1994-06-27",0.151689537916667
"1994-06-28",0.150450539166667
"1994-06-29",0.149459360416667
"1994-06-30",0.148706046666667
"1994-07-01",0.148006439166667
"1994-07-02",0.147609603333333
"1994-07-03",0.147504910833333
"1994-07-04",0.147578974583333
"1994-07-05",0.148476974583333
"1994-07-06",0.148533419166667
"1994-07-07",0.147811494583333
"1994-07-08",0.14705896625
"1994-07-09",0.146293843333333
"1994-07-10",0.145480985833333
"1994-07-11",0.144739980416667
"1994-07-12",0.143970107916667
"1994-07-13",0.143254721666667
"1994-07-14",0.1427144975
"1994-07-15",0.142327683333333
"1994-07-16",0.142487454583333
"1994-07-17",0.142008249583333
"1994-07-18",0.141428992916667
"1994-07-19",0.141164210416667
"1994-07-20",0.141207213333333
"1994-07-21",0.141482911666667
"1994-07-22",0.141932309166667
"1994-07-23",0.141799186666667
"1994-07-24",0.14172576375
"1994-07-25",0.141476142083333
"1994-07-26",0.140978894166667
"1994-07-27",0.140412025
"1994-07-28",0.140491200833333
"1994-07-29",0.140727595
"1994-07-30",0.1417947125
"1994-07-31",0.143161764583333
"1994-08-01",0.143892104166667
"1994-08-02",0.144009274583333
"1994-08-03",0.144071914583333
"1994-08-04",0.143953502083333
"1994-08-05",0.14360794125
"1994-08-06",0.142496183333333
"1994-08-07",0.141362816666667
"1994-08-08",0.14097809875
"1994-08-09",0.140616660833333
"1994-08-10",0.140394837916667
"1994-08-11",0.139678167916667
"1994-08-12",0.138875789583333
"1994-08-13",0.138088230833333
"1994-08-14",0.1371767625
"1994-08-15",0.136278385833333
"1994-08-16",0.135682044166667
"1994-08-17",0.135290480833333
"1994-08-18",0.135566954583333
"1994-08-19",0.135669022916667
"1994-08-20",0.13613902875
"1994-08-21",0.136729955416667
"1994-08-22",0.136907485
"1994-08-23",0.137443794166667
"1994-08-24",0.137723085833333
"1994-08-25",0.137843635833333
"1994-08-26",0.137843135416667
"1994-08-27",0.13721076375
"1994-08-28",0.13675393875
"1994-08-29",0.1365103125
"1994-08-30",0.136381575833333
"1994-08-31",0.1364383075
"1994-09-01",0.13698512125
"1994-09-02",0.137337931666667
"1994-09-03",0.137315755
"1994-09-04",0.137365354166667
"1994-09-05",0.136977714583333
"1994-09-06",0.136756279166667
"1994-09-07",0.136493811666667
"1994-09-08",0.136175585
"1994-09-09",0.13585216375
"1994-09-10",0.135551800416667
"1994-09-11",0.135396807916667
"1994-09-12",0.135539725
"1994-09-13",0.136658522083333
"1994-09-14",0.137404638333333
"1994-09-15",0.136786820416667
"1994-09-16",0.13592389
"1994-09-17",0.13566956875
"1994-09-18",0.13554615625
"1994-09-19",0.135295130833333
"1994-09-20",0.135208599583333
"1994-09-21",0.135011074166667
"1994-09-22",0.134823346666667
"1994-09-23",0.13989798
"1994-09-24",0.144153927083333
"1994-09-25",0.144656506666667
"1994-09-26",0.143473327916667
"1994-09-27",0.142678607083333
"1994-09-28",0.142255860416667
"1994-09-29",0.14145315375
"1994-09-30",0.141015090833333
"1994-10-01",0.14039950375
"1994-10-02",0.139707879166667
"1994-10-03",0.142207254583333
"1994-10-04",0.164119994583333
"1994-10-05",0.252509700833333
"1994-10-06",0.246320183333333
"1994-10-07",0.23310660625
"1994-10-08",0.219556778333333
"1994-10-09",0.205842770416667
"1994-10-10",0.196590240416667
"1994-10-11",0.19045329125
"1994-10-12",0.18504386625
"1994-10-13",0.180606159583333
"1994-10-14",0.176682504166667
"1994-10-15",0.173916769166667
"1994-10-16",0.16966542125
"1994-10-17",0.1652821725
"1994-10-18",0.162321880416667
"1994-10-19",0.160001341666667
"1994-10-20",0.157970612916667
"1994-10-21",0.155827545
"1994-10-22",0.153558949583333
"1994-10-23",0.15143392
"1994-10-24",0.150865456666667
"1994-10-25",0.150273815
"1994-10-26",0.149586246666667
"1994-10-27",0.149254898333333
"1994-10-28",0.149699151666667
"1994-10-29",0.1493828775
"1994-10-30",0.148263961666667
"1994-10-31",0.146793969166667
"1994-11-01",0.145273155
"1994-11-02",0.149596172083333
"1994-11-03",0.14826608875
"1994-11-04",0.147038566666667
"1994-11-05",0.201557665833333
"1994-11-06",0.3448025275
"1994-11-07",0.378716678333333
"1994-11-08",0.329587598333333
"1994-11-09",0.321637284583333
"1994-11-10",0.38406528125
"1994-11-11",0.350209657083333
"1994-11-12",0.3359121025
"1994-11-13",0.334402872916667
"1994-11-14",0.320952594166667
"1994-11-15",0.329215054583333
"1994-11-16",0.369835579583333
"1994-11-17",0.355063865416667
"1994-11-18",0.352588214166667
"1994-11-19",0.330871694166667
"1994-11-20",0.3192692225
"1994-11-21",0.31490875125
"1994-11-22",0.308612020416667
"1994-11-23",0.301364261666667
"1994-11-24",0.296892775833333
"1994-11-25",0.357802786666667
"1994-11-26",0.391891070416667
"1994-11-27",0.366487944583333
"1994-11-28",0.366385095416667
"1994-11-29",0.350034605833333
"1994-11-30",0.338168480416667
"1994-12-01",0.32904477125
"1994-12-02",0.3249332025
"1994-12-03",0.33547568625
"1994-12-04",0.388152168333333
"1994-12-05",0.370916510416667
"1994-12-06",0.353235571666667
"1994-12-07",0.34408695
"1994-12-08",0.333371291666667
"1994-12-09",0.323961965416667
"1994-12-10",0.317351435833333
"1994-12-11",0.315697592916667
"1994-12-12",0.360807202916667
"1994-12-13",0.405290142083333
"1994-12-14",0.388968070833333
"1994-12-15",0.398570824166667
"1994-12-16",0.376334226666667
"1994-12-17",0.36394447875
"1994-12-18",0.355886142083333
"1994-12-19",0.348750434583333
"1994-12-20",0.34115992875
"1994-12-21",0.334708760416667
"1994-12-22",0.328879129166667
"1994-12-23",0.322717962916667
"1994-12-24",0.356814345833333
"1994-12-25",0.372263320833333
"1994-12-26",0.352015665
"1994-12-27",0.344092899583333
"1994-12-28",0.347995118333333
"1994-12-29",0.3413824975
"1994-12-30",0.334697354166667
"1994-12-31",0.35285589875
"1995-01-01",0.4129698675
"1995-01-02",0.383256405
"1995-01-03",0.406710050416667
"1995-01-04",0.41625431375
"1995-01-05",0.417662547083333
"1995-01-06",0.402454822083333
"1995-01-07",0.41368004625
"1995-01-08",0.42301716875
"1995-01-09",0.42375109375
"1995-01-10",0.426153833333333
"1995-01-11",0.416825219583333
"1995-01-12",0.420948139166667
"1995-01-13",0.425645862083333
"1995-01-14",0.424265716666667
"1995-01-15",0.413685668333333
"1995-01-16",0.41363687
"1995-01-17",0.394718987916667
"1995-01-18",0.381386829166667
"1995-01-19",0.3724319125
"1995-01-20",0.375207079583333
"1995-01-21",0.420834414583333
"1995-01-22",0.417283442083333
"1995-01-23",0.422205567916667
"1995-01-24",0.41897026
"1995-01-25",0.417189037916667
"1995-01-26",0.4022762925
"1995-01-27",0.423930175833333
"1995-01-28",0.410633680833333
"1995-01-29",0.390284332916667
"1995-01-30",0.378480305416667
"1995-01-31",0.370113392916667
"1995-02-01",0.36247595
"1995-02-02",0.35419924375
"1995-02-03",0.344570676666667
"1995-02-04",0.338066107083333
"1995-02-05",0.336566845833333
"1995-02-06",0.33420012125
"1995-02-07",0.332558681666667
"1995-02-08",0.359303162083333
"1995-02-09",0.373218889166667
"1995-02-10",0.356484760833333
"1995-02-11",0.347166693333333
"1995-02-12",0.346149450833333
"1995-02-13",0.3499146075
"1995-02-14",0.365521571666667
"1995-02-15",0.348182558333333
"1995-02-16",0.336974999583333
"1995-02-17",0.331722769166667
"1995-02-18",0.325337664166667
"1995-02-19",0.321273937916667
"1995-02-20",0.314677371666667
"1995-02-21",0.307182858333333
"1995-02-22",0.30295470125
"1995-02-23",0.30305584
"1995-02-24",0.302115157916667
"1995-02-25",0.300066575833333
"1995-02-26",0.29757904375
"1995-02-27",0.29730588375
"1995-02-28",0.29582015375
"1995-03-01",0.295692985833333
"1995-03-02",0.323815454166667
"1995-03-03",0.39754472625
"1995-03-04",0.36892836875
"1995-03-05",0.392256740416667
"1995-03-06",0.370508336666667
"1995-03-07",0.354332791666667
"1995-03-08",0.373670995
"1995-03-09",0.4231229225
"1995-03-10",0.42858408125
"1995-03-11",0.425830295833333
"1995-03-12",0.409628709166667
"1995-03-13",0.3977006875
"1995-03-14",0.397780119583333
"1995-03-15",0.394904647916667
"1995-03-16",0.37334885875
"1995-03-17",0.361258732083333
"1995-03-18",0.368779437083333
"1995-03-19",0.376175715
"1995-03-20",0.382113191666667
"1995-03-21",0.419132670416667
"1995-03-22",0.423132418333333
"1995-03-23",0.424784185833333
"1995-03-24",0.41000520125
"1995-03-25",0.384620999583333
"1995-03-26",0.3676153775
"1995-03-27",0.353000807916667
"1995-03-28",0.34016406625
"1995-03-29",0.328651817083333
"1995-03-30",0.318794857916667
"1995-03-31",0.31191547625
"1995-04-01",0.3073883475
"1995-04-02",0.3021227825
"1995-04-03",0.293950279166667
"1995-04-04",0.288635947083333
"1995-04-05",0.284255160833333
"1995-04-06",0.28669480375
"1995-04-07",0.31431619125
"1995-04-08",0.344409540416667
"1995-04-09",0.323412749583333
"1995-04-10",0.30554594125
"1995-04-11",0.29365219
"1995-04-12",0.28646521625
"1995-04-13",0.324089267083333
"1995-04-14",0.33401287
"1995-04-15",0.3153663725
"1995-04-16",0.367772925416667
"1995-04-17",0.340659053333333
"1995-04-18",0.385658627916667
"1995-04-19",0.356539394583333
"1995-04-20",0.347818337916667
"1995-04-21",0.339158087083333
"1995-04-22",0.320437487916667
"1995-04-23",0.305466426666667
"1995-04-24",0.292889005833333
"1995-04-25",0.284376449583333
"1995-04-26",0.2795897675
"1995-04-27",0.308216167916667
"1995-04-28",0.381986122083333
"1995-04-29",0.405040716666667
"1995-04-30",0.411097301666667
"1995-05-01",0.425185293333333
"1995-05-02",0.4024805575
"1995-05-03",0.380630879166667
"1995-05-04",0.368343716666667
"1995-05-05",0.361332772083333
"1995-05-06",0.354319820833333
"1995-05-07",0.344131875416667
"1995-05-08",0.336874142083333
"1995-05-09",0.3326731475
"1995-05-10",0.34375810375
"1995-05-11",0.330696078333333
"1995-05-12",0.322287421666667
"1995-05-13",0.369818617916667
"1995-05-14",0.366861636666667
"1995-05-15",0.35079665375
"1995-05-16",0.35282985875
"1995-05-17",0.335607060833333
"1995-05-18",0.324736031666667
"1995-05-19",0.314564659583333
"1995-05-20",0.304975657083333
"1995-05-21",0.298325372083333
"1995-05-22",0.295646251666667
"1995-05-23",0.291814855416667
"1995-05-24",0.28815358125
"1995-05-25",0.286155481666667
"1995-05-26",0.280676337916667
"1995-05-27",0.274969849583333
"1995-05-28",0.26851923
"1995-05-29",0.26128417875
"1995-05-30",0.254038301666667
"1995-05-31",0.247583793333333
"1995-06-01",0.242332704583333
"1995-06-02",0.240780035
"1995-06-03",0.240531766666667
"1995-06-04",0.236465714166667
"1995-06-05",0.23091849875
"1995-06-06",0.223833394583333
"1995-06-07",0.217378902916667
"1995-06-08",0.213374485416667
"1995-06-09",0.210952205833333
"1995-06-10",0.207381628333333
"1995-06-11",0.203222630416667
"1995-06-12",0.198151444166667
"1995-06-13",0.193881730416667
"1995-06-14",0.195338544583333
"1995-06-15",0.234453255833333
"1995-06-16",0.288432791666667
"1995-06-17",0.301876268333333
"1995-06-18",0.28262551375
"1995-06-19",0.265765154583333
"1995-06-20",0.25022932375
"1995-06-21",0.23596960125
"1995-06-22",0.223499953333333
"1995-06-23",0.2129348925
"1995-06-24",0.201771439583333
"1995-06-25",0.191276965416667
"1995-06-26",0.184098675416667
"1995-06-27",0.180574936666667
"1995-06-28",0.177760865
"1995-06-29",0.17509755
"1995-06-30",0.172897198333333
"1995-07-01",0.170358405416667
"1995-07-02",0.168127388333333
"1995-07-03",0.166020154166667
"1995-07-04",0.16487867
"1995-07-05",0.163255825833333
"1995-07-06",0.161157132916667
"1995-07-07",0.15873279
"1995-07-08",0.15602697125
"1995-07-09",0.153923444583333
"1995-07-10",0.152765141666667
"1995-07-11",0.151850597916667
"1995-07-12",0.151381904166667
"1995-07-13",0.15091392
"1995-07-14",0.149324088333333
"1995-07-15",0.147370452083333
"1995-07-16",0.1458875775
"1995-07-17",0.145870759583333
"1995-07-18",0.146418102083333
"1995-07-19",0.145782212083333
"1995-07-20",0.145421988333333
"1995-07-21",0.144847500416667
"1995-07-22",0.144305924583333
"1995-07-23",0.143932075
"1995-07-24",0.143687037083333
"1995-07-25",0.143298369166667
"1995-07-26",0.14288407625
"1995-07-27",0.142027410833333
"1995-07-28",0.1414084375
"1995-07-29",0.1410463525
"1995-07-30",0.14045303125
"1995-07-31",0.139363437916667
"1995-08-01",0.138562903333333
"1995-08-02",0.1379502225
"1995-08-03",0.137543472083333
"1995-08-04",0.137340170416667
"1995-08-05",0.13789066875
"1995-08-06",0.1382108875
"1995-08-07",0.138020225416667
"1995-08-08",0.137703545833333
"1995-08-09",0.136774140416667
"1995-08-10",0.136993147916667
"1995-08-11",0.137442792916667
"1995-08-12",0.13719789
"1995-08-13",0.13656902375
"1995-08-14",0.135994347083333
"1995-08-15",0.1356363525
"1995-08-16",0.13559382625
"1995-08-17",0.135490454583333
"1995-08-18",0.13534670875
"1995-08-19",0.134956917916667
"1995-08-20",0.13455624875
"1995-08-21",0.134472919166667
"1995-08-22",0.134337053333333
"1995-08-23",0.134158853333333
"1995-08-24",0.134061004583333
"1995-08-25",0.133998391666667
"1995-08-26",0.134083592083333
"1995-08-27",0.134093523333333
"1995-08-28",0.134137645416667
"1995-08-29",0.134015501666667
"1995-08-30",0.1338814075
"1995-08-31",0.13378571375
"1995-09-01",0.133972262083333
"1995-09-02",0.134220853333333
"1995-09-03",0.134135532083333
"1995-09-04",0.13400627625
"1995-09-05",0.133840593333333
"1995-09-06",0.133491027083333
"1995-09-07",0.133118521666667
"1995-09-08",0.133030342916667
"1995-09-09",0.13449748125
"1995-09-10",0.135983251666667
"1995-09-11",0.136031817916667
"1995-09-12",0.135664056666667
"1995-09-13",0.135465904583333
"1995-09-14",0.135428172916667
"1995-09-15",0.13566244875
"1995-09-16",0.135847203333333
"1995-09-17",0.135811855833333
"1995-09-18",0.135518171666667
"1995-09-19",0.134944487916667
"1995-09-20",0.13436509375
"1995-09-21",0.134128322083333
"1995-09-22",0.134016733333333
"1995-09-23",0.13389753875
"1995-09-24",0.133692764166667
"1995-09-25",0.134036980416667
"1995-09-26",0.134655797916667
"1995-09-27",0.1345809575
"1995-09-28",0.13500532
"1995-09-29",0.1352209175
"1995-09-30",0.134887710416667
"1995-10-01",0.134479678333333
"1995-10-02",0.134013518333333
"1995-10-03",0.133248157083333
"1995-10-04",0.132899505833333
"1995-10-05",0.132271494166667
"1995-10-06",0.131874837916667
"1995-10-07",0.131897292916667
"1995-10-08",0.132008757916667
"1995-10-09",0.132040681666667
"1995-10-10",0.132075352083333
"1995-10-11",0.132408368333333
"1995-10-12",0.132944784583333
"1995-10-13",0.13266466375
"1995-10-14",0.131972915833333
"1995-10-15",0.133184855416667
"1995-10-16",0.135522802916667
"1995-10-17",0.135336505416667
"1995-10-18",0.134913488333333
"1995-10-19",0.134520940416667
"1995-10-20",0.134497736666667
"1995-10-21",0.13435843375
"1995-10-22",0.134102962916667
"1995-10-23",0.13360723125
"1995-10-24",0.133313168333333
"1995-10-25",0.133464560833333
"1995-10-26",0.13376243125
"1995-10-27",0.13375154625
"1995-10-28",0.1337005575
"1995-10-29",0.133904461666667
"1995-10-30",0.13396454875
"1995-10-31",0.1358368
"1995-11-01",0.168056575416667
"1995-11-02",0.178841892916667
"1995-11-03",0.175730926666667
"1995-11-04",0.172026957083333
"1995-11-05",0.168611695833333
"1995-11-06",0.1660480475
"1995-11-07",0.163688927916667
"1995-11-08",0.160538745
"1995-11-09",0.158961808333333
"1995-11-10",0.15834875
"1995-11-11",0.156278895416667
"1995-11-12",0.154127299166667
"1995-11-13",0.152254607083333
"1995-11-14",0.150899462083333
"1995-11-15",0.150394045833333
"1995-11-16",0.150085479166667
"1995-11-17",0.150290477083333
"1995-11-18",0.15109843125
"1995-11-19",0.15117407625
"1995-11-20",0.151057722916667
"1995-11-21",0.152161120416667
"1995-11-22",0.154651175833333
"1995-11-23",0.153776473333333
"1995-11-24",0.15192182125
"1995-11-25",0.150390920416667
"1995-11-26",0.14991295625
"1995-11-27",0.148828124166667
"1995-11-28",0.147406658333333
"1995-11-29",0.146193332916667
"1995-11-30",0.14531328625
"1995-12-01",0.145218384583333
"1995-12-02",0.146395915833333
"1995-12-03",0.145916560416667
"1995-12-04",0.1600338125
"1995-12-05",0.178455426666667
"1995-12-06",0.177905042083333
"1995-12-07",0.176903938333333
"1995-12-08",0.177445065416667
"1995-12-09",0.175597686666667
"1995-12-10",0.174147397083333
"1995-12-11",0.33164945875
"1995-12-12",0.4167975325
"1995-12-13",0.4190451675
"1995-12-14",0.4081361475
"1995-12-15",0.40056263125
"1995-12-16",0.39798650625
"1995-12-17",0.378126967083333
"1995-12-18",0.394091280833333
"1995-12-19",0.3916057975
"1995-12-20",0.37503833
"1995-12-21",0.364656517916667
"1995-12-22",0.3743626525
"1995-12-23",0.380347942083333
"1995-12-24",0.36321968125
"1995-12-25",0.35566026
"1995-12-26",0.346282064166667
"1995-12-27",0.339333335833333
"1995-12-28",0.340074534166667
"1995-12-29",0.348908173333333
"1995-12-30",0.404478264583333
"1995-12-31",0.381900917083333
"1996-01-01",0.36636189125
"1996-01-02",0.35338647625
"1996-01-03",0.34612658375
"1996-01-04",0.34238352125
"1996-01-05",0.338302370833333
"1996-01-06",0.33386017375
"1996-01-07",0.32839597625
"1996-01-08",0.324296422083333
"1996-01-09",0.322251299583333
"1996-01-10",0.321246309166667
"1996-01-11",0.31484669875
"1996-01-12",0.308561889166667
"1996-01-13",0.30429101125
"1996-01-14",0.302361122083333
"1996-01-15",0.301654407083333
"1996-01-16",0.357661012916667
"1996-01-17",0.3984394275
"1996-01-18",0.381678804583333
"1996-01-19",0.409093844166667
"1996-01-20",0.389591502916667
"1996-01-21",0.40904845875
"1996-01-22",0.408320459583333
"1996-01-23",0.38848080625
"1996-01-24",0.415349931666667
"1996-01-25",0.414857179166667
"1996-01-26",0.389368
"1996-01-27",0.406423419583333
"1996-01-28",0.404074060416667
"1996-01-29",0.386856614583333
"1996-01-30",0.3827921725
"1996-01-31",0.429864682083333
"1996-02-01",0.397625909583333
"1996-02-02",0.387901207083333
"1996-02-03",0.408270690416667
"1996-02-04",0.427416224166667
"1996-02-05",0.4226263175
"1996-02-06",0.397436486666667
"1996-02-07",0.381327620416667
"1996-02-08",0.3705573225
"1996-02-09",0.362713872916667
"1996-02-10",0.358340002083333
"1996-02-11",0.351989698333333
"1996-02-12",0.342832187083333
"1996-02-13",0.334062490833333
"1996-02-14",0.3294685025
"1996-02-15",0.3288296375
"1996-02-16",0.395335800416667
"1996-02-17",0.389995472916667
"1996-02-18",0.3966650925
"1996-02-19",0.421400834166667
"1996-02-20",0.425866249166667
"1996-02-21",0.423440405
"1996-02-22",0.414344413333333
"1996-02-23",0.388573479583333
"1996-02-24",0.379913567083333
"1996-02-25",0.387777881666667
"1996-02-26",0.373220329166667
"1996-02-27",0.380365445833333
"1996-02-28",0.408003752916667
"1996-02-29",0.42155313875
"1996-03-01",0.41288943875
"1996-03-02",0.391908481666667
"1996-03-03",0.3848176475
"1996-03-04",0.414394531666667
"1996-03-05",0.414783009583333
"1996-03-06",0.3945914225
"1996-03-07",0.380443250416667
"1996-03-08",0.3667965275
"1996-03-09",0.356166607083333
"1996-03-10",0.361100079583333
"1996-03-11",0.385771959166667
"1996-03-12",0.412934040833333
"1996-03-13",0.408861678333333
"1996-03-14",0.388265173333333
"1996-03-15",0.37631186125
"1996-03-16",0.367618925416667
"1996-03-17",0.35699986625
"1996-03-18",0.345710835
"1996-03-19",0.33809124375
"1996-03-20",0.331720286666667
"1996-03-21",0.325050441666667
"1996-03-22",0.320480577083333
"1996-03-23",0.31561367375
"1996-03-24",0.308376780416667
"1996-03-25",0.305232177916667
"1996-03-26",0.30200233125
"1996-03-27",0.297088893333333
"1996-03-28",0.306889445
"1996-03-29",0.306221215833333
"1996-03-30",0.298533075416667
"1996-03-31",0.291520708333333
"1996-04-01",0.337547592083333
"1996-04-02",0.389427090833333
"1996-04-03",0.364439305
"1996-04-04",0.349308615
"1996-04-05",0.337592389166667
"1996-04-06",0.328088145833333
"1996-04-07",0.320055356666667
"1996-04-08",0.314327028333333
"1996-04-09",0.311681901666667
"1996-04-10",0.3103790675
"1996-04-11",0.302780550833333
"1996-04-12",0.29553134
"1996-04-13",0.287956662083333
"1996-04-14",0.281247430833333
"1996-04-15",0.27976029375
"1996-04-16",0.34819392125
"1996-04-17",0.353630567083333
"1996-04-18",0.383714775
"1996-04-19",0.35237850875
"1996-04-20",0.338080069166667
"1996-04-21",0.32579893375
"1996-04-22",0.3168108125
"1996-04-23",0.30725782125
"1996-04-24",0.299980625833333
"1996-04-25",0.29561431125
"1996-04-26",0.282781055833333
"1996-04-27",0.270884695
"1996-04-28",0.2583852
"1996-04-29",0.244940317916667
"1996-04-30",0.233170144583333
"1996-05-01",0.22351614125
"1996-05-02",0.21517313375
"1996-05-03",0.2077240125
"1996-05-04",0.203785884166667
"1996-05-05",0.200596302916667
"1996-05-06",0.197645184583333
"1996-05-07",0.1955149275
"1996-05-08",0.193365667916667
"1996-05-09",0.191257673333333
"1996-05-10",0.188928597083333
"1996-05-11",0.18490895375
"1996-05-12",0.179718272083333
"1996-05-13",0.176472452916667
"1996-05-14",0.176082914166667
"1996-05-15",0.204175101666667
"1996-05-16",0.39256907625
"1996-05-17",0.38400337875
"1996-05-18",0.392709298333333
"1996-05-19",0.368267641666667
"1996-05-20",0.346125770833333
"1996-05-21",0.335052059583333
"1996-05-22",0.357744515833333
"1996-05-23",0.336317669166667
"1996-05-24",0.3172612875
"1996-05-25",0.29940415875
"1996-05-26",0.289802917916667
"1996-05-27",0.289128174583333
"1996-05-28",0.28368644375
"1996-05-29",0.27736039875
"1996-05-30",0.27250654625
"1996-05-31",0.265304810833333
"1996-06-01",0.256052927916667
"1996-06-02",0.2452503225
"1996-06-03",0.234179323333333
"1996-06-04",0.225304855833333
"1996-06-05",0.2187631
"1996-06-06",0.21191619125
"1996-06-07",0.2063220125
"1996-06-08",0.201994765
"1996-06-09",0.196689282916667
"1996-06-10",0.191248597916667
"1996-06-11",0.18813016375
"1996-06-12",0.185904103333333
"1996-06-13",0.18518224
"1996-06-14",0.184306377916667
"1996-06-15",0.18270516
"1996-06-16",0.181863375833333
"1996-06-17",0.18114217875
"1996-06-18",0.17721875
"1996-06-19",0.173010028333333
"1996-06-20",0.170444393333333
"1996-06-21",0.16968605125
"1996-06-22",0.169442873333333
"1996-06-23",0.167018145
"1996-06-24",0.165016191666667
"1996-06-25",0.164805634166667
"1996-06-26",0.16499963625
"1996-06-27",0.167451306666667
"1996-06-28",0.16570505
"1996-06-29",0.162495855833333
"1996-06-30",0.158590906666667
"1996-07-01",0.155089081666667
"1996-07-02",0.15279279125
"1996-07-03",0.15155632
"1996-07-04",0.150347465833333
"1996-07-05",0.149240727916667
"1996-07-06",0.14807525875
"1996-07-07",0.147172304166667
"1996-07-08",0.14673613
"1996-07-09",0.146278251666667
"1996-07-10",0.145720813333333
"1996-07-11",0.144798758333333
"1996-07-12",0.1438487025
"1996-07-13",0.1429795875
"1996-07-14",0.1424457875
"1996-07-15",0.14249499875
"1996-07-16",0.142768063333333
"1996-07-17",0.142794467083333
"1996-07-18",0.142560492916667
"1996-07-19",0.141642219583333
"1996-07-20",0.14043364875
"1996-07-21",0.139303103333333
"1996-07-22",0.138679437916667
"1996-07-23",0.138565718333333
"1996-07-24",0.138255105
"1996-07-25",0.137955475833333
"1996-07-26",0.1376651175
"1996-07-27",0.137297009583333
"1996-07-28",0.136765232083333
"1996-07-29",0.136316615
"1996-07-30",0.1358744525
"1996-07-31",0.135536179166667
"1996-08-01",0.135179899583333
"1996-08-02",0.135093580833333
"1996-08-03",0.1349806225
"1996-08-04",0.134946252083333
"1996-08-05",0.13501856875
"1996-08-06",0.13541871
"1996-08-07",0.1353452875
"1996-08-08",0.135161412916667
"1996-08-09",0.134837596666667
"1996-08-10",0.134262658333333
"1996-08-11",0.13379384375
"1996-08-12",0.133526242916667
"1996-08-13",0.133135187916667
"1996-08-14",0.13277914375
"1996-08-15",0.132605142916667
"1996-08-16",0.132458855416667
"1996-08-17",0.132661255
"1996-08-18",0.132833822916667
"1996-08-19",0.132916044166667
"1996-08-20",0.133143660833333
"1996-08-21",0.1333232225
"1996-08-22",0.133421128333333
"1996-08-23",0.13327934625
"1996-08-24",0.1332531525
"1996-08-25",0.1334611775
"1996-08-26",0.133828537916667
"1996-08-27",0.13416721
"1996-08-28",0.134017912083333
"1996-08-29",0.133527899583333
"1996-08-30",0.133084694166667
"1996-08-31",0.13276061625
"1996-09-01",0.132646492916667
"1996-09-02",0.1328541525
"1996-09-03",0.13320148875
"1996-09-04",0.133170793333333
"1996-09-05",0.133044660416667
"1996-09-06",0.132728220833333
"1996-09-07",0.132442121666667
"1996-09-08",0.132140631666667
"1996-09-09",0.132027471666667
"1996-09-10",0.131944703333333
"1996-09-11",0.132116180833333
"1996-09-12",0.13253137
"1996-09-13",0.135473202083333
"1996-09-14",0.138329102916667
"1996-09-15",0.14021486625
"1996-09-16",0.144499462916667
"1996-09-17",0.142925582083333
"1996-09-18",0.141408405833333
"1996-09-19",0.1398256975
"1996-09-20",0.1386249725
"1996-09-21",0.1376603475
"1996-09-22",0.136897337083333
"1996-09-23",0.136420314166667
"1996-09-24",0.136075924166667
"1996-09-25",0.13574608625
"1996-09-26",0.135399614166667
"1996-09-27",0.135079751666667
"1996-09-28",0.134724855416667
"1996-09-29",0.134392655833333
"1996-09-30",0.134264292916667
"1996-10-01",0.134479269166667
"1996-10-02",0.134435091666667
"1996-10-03",0.134145873333333
"1996-10-04",0.133912612916667
"1996-10-05",0.133718960833333
"1996-10-06",0.133323120833333
"1996-10-07",0.132699608333333
"1996-10-08",0.131858863333333
"1996-10-09",0.131193469166667
"1996-10-10",0.131469102916667
"1996-10-11",0.131657185833333
"1996-10-12",0.131742278333333
"1996-10-13",0.131932827916667
"1996-10-14",0.132119810833333
"1996-10-15",0.13207621125
"1996-10-16",0.132048171666667
"1996-10-17",0.131986324166667
"1996-10-18",0.132830729166667
"1996-10-19",0.136027536666667
"1996-10-20",0.135658144583333
"1996-10-21",0.135228285833333
"1996-10-22",0.134688050416667
"1996-10-23",0.137779868333333
"1996-10-24",0.141468595
"1996-10-25",0.167018837916667
"1996-10-26",0.175418056666667
"1996-10-27",0.169547437916667
"1996-10-28",0.1655690325
"1996-10-29",0.252014464583333
"1996-10-30",0.35480813625
"1996-10-31",0.336968739583333
"1996-11-01",0.30702926625
"1996-11-02",0.288523025833333
"1996-11-03",0.276719230833333
"1996-11-04",0.26883949875
"1996-11-05",0.261291675416667
"1996-11-06",0.253184878333333
"1996-11-07",0.244804849166667
"1996-11-08",0.236606382083333
"1996-11-09",0.227997511666667
"1996-11-10",0.2227792
"1996-11-11",0.218009621666667
"1996-11-12",0.21491548125
"1996-11-13",0.211712271666667
"1996-11-14",0.209746765416667
"1996-11-15",0.207456472083333
"1996-11-16",0.207438949583333
"1996-11-17",0.382772176666667
"1996-11-18",0.417696445833333
"1996-11-19",0.402210122916667
"1996-11-20",0.414195335
"1996-11-21",0.397746160416667
"1996-11-22",0.423984732083333
"1996-11-23",0.402457179583333
"1996-11-24",0.383187284583333
"1996-11-25",0.37026856
"1996-11-26",0.360274876666667
"1996-11-27",0.34848523
"1996-11-28",0.343102625
"1996-11-29",0.34099794625
"1996-11-30",0.332953070416667
"1996-12-01",0.34984017875
"1996-12-02",0.353295516666667
"1996-12-03",0.339427070416667
"1996-12-04",0.333061122083333
"1996-12-05",0.393925370416667
"1996-12-06",0.40073051625
"1996-12-07",0.389405171666667
"1996-12-08",0.401558115833333
"1996-12-09",0.40530425
"1996-12-10",0.429054714583333
"1996-12-11",0.424860157916667
"1996-12-12",0.429136633333333
"1996-12-13",0.41424733125
"1996-12-14",0.391498655833333
"1996-12-15",0.379026757916667
"1996-12-16",0.37102621
"1996-12-17",0.3634008075
"1996-12-18",0.355703670416667
"1996-12-19",0.351171243333333
"1996-12-20",0.3473287225
"1996-12-21",0.382645875
"1996-12-22",0.42464709125
"1996-12-23",0.404372249583333
"1996-12-24",0.389809370833333
"1996-12-25",0.380381614166667
"1996-12-26",0.377321642916667
"1996-12-27",0.417286417083333
"1996-12-28",0.420830402916667
"1996-12-29",0.41123020125
"1996-12-30",0.421589785
"1996-12-31",0.421897889583333
"1997-01-01",0.425658036666667
"1997-01-02",0.426565320416667
"1997-01-03",0.418013646666667
"1997-01-04",0.389798755416667
"1997-01-05",0.40101838625
"1997-01-06",0.381211824583333
"1997-01-07",0.365850604166667
"1997-01-08",0.357430481666667
"1997-01-09",0.35253509375
"1997-01-10",0.3477380625
"1997-01-11",0.344790006666667
"1997-01-12",0.360465765
"1997-01-13",0.37736346
"1997-01-14",0.356656974583333
"1997-01-15",0.411257990416667
"1997-01-16",0.40390309375
"1997-01-17",0.388988472083333
"1997-01-18",0.379992454583333
"1997-01-19",0.3737449975
"1997-01-20",0.406232589583333
"1997-01-21",0.426743742083333
"1997-01-22",0.42743255
"1997-01-23",0.4110777575
"1997-01-24",0.388763760416667
"1997-01-25",0.41895480875
"1997-01-26",0.4232185
"1997-01-27",0.39974964625
"1997-01-28",0.382441504583333
"1997-01-29",0.371704993333333
"1997-01-30",0.362436689583333
"1997-01-31",0.355487444583333
"1997-02-01",0.350918967916667
"1997-02-02",0.346650817083333
"1997-02-03",0.340831265416667
"1997-02-04",0.339154519166667
"1997-02-05",0.336574792083333
"1997-02-06",0.331480899583333
"1997-02-07",0.328588068333333
"1997-02-08",0.328911865833333
"1997-02-09",0.323920917916667
"1997-02-10",0.323240640416667
"1997-02-11",0.319076969166667
"1997-02-12",0.315629945416667
"1997-02-13",0.30956422375
"1997-02-14",0.30161476625
"1997-02-15",0.29514618125
"1997-02-16",0.290555105416667
"1997-02-17",0.303824637083333
"1997-02-18",0.312583269583333
"1997-02-19",0.3026296025
"1997-02-20",0.296895990416667
"1997-02-21",0.288911665833333
"1997-02-22",0.283415584583333
"1997-02-23",0.277666455
"1997-02-24",0.26712923
"1997-02-25",0.256887505833333
"1997-02-26",0.25293220125
"1997-02-27",0.251701955833333
"1997-02-28",0.25141436375
"1997-03-01",0.24721761375
"1997-03-02",0.2606246275
"1997-03-03",0.2771742875
"1997-03-04",0.26913093375
"1997-03-05",0.259962152916667
"1997-03-06",0.25361315125
"1997-03-07",0.248319459583333
"1997-03-08",0.24389572
"1997-03-09",0.239255382083333
"1997-03-10",0.2326355475
"1997-03-11",0.2265991175
"1997-03-12",0.222563125833333
"1997-03-13",0.218176671666667
"1997-03-14",0.212638309166667
"1997-03-15",0.208638744583333
"1997-03-16",0.212812844166667
"1997-03-17",0.245145642083333
"1997-03-18",0.244622109166667
"1997-03-19",0.235376935833333
"1997-03-20",0.226633090833333
"1997-03-21",0.219649494166667
"1997-03-22",0.214445741666667
"1997-03-23",0.21175600875
"1997-03-24",0.208054129583333
"1997-03-25",0.202465385416667
"1997-03-26",0.197648264166667
"1997-03-27",0.194663944166667
"1997-03-28",0.191410412083333
"1997-03-29",0.187514926666667
"1997-03-30",0.18343588875
"1997-03-31",0.181873530833333
"1997-04-01",0.1791833425
"1997-04-02",0.174549182083333
"1997-04-03",0.169138950833333
"1997-04-04",0.165551705
"1997-04-05",0.1645404975
"1997-04-06",0.163989275833333
"1997-04-07",0.1635267275
"1997-04-08",0.162345940833333
"1997-04-09",0.16133192
"1997-04-10",0.160375561666667
"1997-04-11",0.159211253333333
"1997-04-12",0.157873299583333
"1997-04-13",0.157602828333333
"1997-04-14",0.1567155775
"1997-04-15",0.155154163333333
"1997-04-16",0.153681992916667
"1997-04-17",0.152894807083333
"1997-04-18",0.15451884375
"1997-04-19",0.276300965
"1997-04-20",0.2809112075
"1997-04-21",0.262558285833333
"1997-04-22",0.250683140416667
"1997-04-23",0.248128122916667
"1997-04-24",0.237219407916667
"1997-04-25",0.22511612875
"1997-04-26",0.21350854375
"1997-04-27",0.205327674583333
"1997-04-28",0.19865698375
"1997-04-29",0.193735079166667
"1997-04-30",0.189161201666667
"1997-05-01",0.184052315416667
"1997-05-02",0.178322751666667
"1997-05-03",0.17364385
"1997-05-04",0.16982986
"1997-05-05",0.1660016425
"1997-05-06",0.162865489166667
"1997-05-07",0.159278646666667
"1997-05-08",0.15670442125
"1997-05-09",0.15479573375
"1997-05-10",0.15301617875
"1997-05-11",0.152102908333333
"1997-05-12",0.150905380416667
"1997-05-13",0.148975842083333
"1997-05-14",0.147303350416667
"1997-05-15",0.146427846666667
"1997-05-16",0.144701363333333
"1997-05-17",0.142683851666667
"1997-05-18",0.140916302916667
"1997-05-19",0.139935093333333
"1997-05-20",0.139256999166667
"1997-05-21",0.1388858475
"1997-05-22",0.138396571666667
"1997-05-23",0.1462877125
"1997-05-24",0.16557631125
"1997-05-25",0.161773007083333
"1997-05-26",0.157804869166667
"1997-05-27",0.154669678333333
"1997-05-28",0.151947786666667
"1997-05-29",0.15035795625
"1997-05-30",0.148015771666667
"1997-05-31",0.14620682625
"1997-06-01",0.144457889166667
"1997-06-02",0.1432672275
"1997-06-03",0.142702244583333
"1997-06-04",0.159070434166667
"1997-06-05",0.15941120625
"1997-06-06",0.156172519583333
"1997-06-07",0.15282898
"1997-06-08",0.150463784583333
"1997-06-09",0.148772355833333
"1997-06-10",0.14778058625
"1997-06-11",0.146901405416667
"1997-06-12",0.145673993333333
"1997-06-13",0.144564852083333
"1997-06-14",0.143334332083333
"1997-06-15",0.143715130833333
"1997-06-16",0.142914072916667
"1997-06-17",0.141800436666667
"1997-06-18",0.140923622083333
"1997-06-19",0.139905092916667
"1997-06-20",0.138750453333333
"1997-06-21",0.138144892916667
"1997-06-22",0.137666495833333
"1997-06-23",0.1370129975
"1997-06-24",0.1361933
"1997-06-25",0.135458678333333
"1997-06-26",0.134784262083333
"1997-06-27",0.134439175833333
"1997-06-28",0.13431510125
"1997-06-29",0.1342536875
"1997-06-30",0.135622446666667
"1997-07-01",0.137315745416667
"1997-07-02",0.136487815833333
"1997-07-03",0.1355779225
"1997-07-04",0.135289657083333
"1997-07-05",0.135855237916667
"1997-07-06",0.135878621666667
"1997-07-07",0.135459530833333
"1997-07-08",0.134885263333333
"1997-07-09",0.13424382875
"1997-07-10",0.133948139583333
"1997-07-11",0.13368260375
"1997-07-12",0.133846878333333
"1997-07-13",0.133931784583333
"1997-07-14",0.133639723333333
"1997-07-15",0.1332958275
"1997-07-16",0.133011142083333
"1997-07-17",0.132896082916667
"1997-07-18",0.132929395416667
"1997-07-19",0.13316621125
"1997-07-20",0.1335127925
"1997-07-21",0.134016802083333
"1997-07-22",0.13394533125
"1997-07-23",0.13375498875
"1997-07-24",0.13496569125
"1997-07-25",0.134720474583333
"1997-07-26",0.13430186375
"1997-07-27",0.13503716625
"1997-07-28",0.13546723375
"1997-07-29",0.135035398333333
"1997-07-30",0.135118114583333
"1997-07-31",0.135003925
"1997-08-01",0.134516382083333
"1997-08-02",0.1339451675
"1997-08-03",0.133462414166667
"1997-08-04",0.133097085416667
"1997-08-05",0.13257986625
"1997-08-06",0.132093744583333
"1997-08-07",0.131734339166667
"1997-08-08",0.131597409166667
"1997-08-09",0.135049986666667
"1997-08-10",0.157281779583333
"1997-08-11",0.171578894166667
"1997-08-12",0.166890445833333
"1997-08-13",0.16254549
"1997-08-14",0.158729750833333
"1997-08-15",0.15536016375
"1997-08-16",0.153295042916667
"1997-08-17",0.1517911175
"1997-08-18",0.14932931875
"1997-08-19",0.148620179166667
"1997-08-20",0.310308085
"1997-08-21",0.303456127083333
"1997-08-22",0.271083084583333
"1997-08-23",0.250829065416667
"1997-08-24",0.243105977916667
"1997-08-25",0.230036277916667
"1997-08-26",0.218044658333333
"1997-08-27",0.208862054166667
"1997-08-28",0.200115556666667
"1997-08-29",0.192748927916667
"1997-08-30",0.186642308333333
"1997-08-31",0.180985795
"1997-09-01",0.17602686375
"1997-09-02",0.171072989583333
"1997-09-03",0.166769492083333
"1997-09-04",0.162863217083333
"1997-09-05",0.159214165833333
"1997-09-06",0.15647339375
"1997-09-07",0.15431056
"1997-09-08",0.152323657916667
"1997-09-09",0.15047151875
"1997-09-10",0.148985647083333
"1997-09-11",0.1481707175
"1997-09-12",0.147301795833333
"1997-09-13",0.14632585125
"1997-09-14",0.14566798125
"1997-09-15",0.145808115833333
"1997-09-16",0.144522669583333
"1997-09-17",0.143264544166667
"1997-09-18",0.142511109583333
"1997-09-19",0.141958668333333
"1997-09-20",0.141187634166667
"1997-09-21",0.1399241675
"1997-09-22",0.139102571666667
"1997-09-23",0.138353437083333
"1997-09-24",0.13711463
"1997-09-25",0.136284160416667
"1997-09-26",0.135999241666667
"1997-09-27",0.135818819166667
"1997-09-28",0.135216195
"1997-09-29",0.134294404583333
"1997-09-30",0.13391773125
"1997-10-01",0.13393455
"1997-10-02",0.140486742916667
"1997-10-03",0.143347685
"1997-10-04",0.1421260025
"1997-10-05",0.141122728333333
"1997-10-06",0.14024488625
"1997-10-07",0.139979820416667
"1997-10-08",0.139270606666667
"1997-10-09",0.185523985833333
"1997-10-10",0.232365308333333
"1997-10-11",0.25029442875
"1997-10-12",0.23494311625
"1997-10-13",0.221759700833333
"1997-10-14",0.209100170416667
"1997-10-15",0.19692699625
"1997-10-16",0.186142033333333
"1997-10-17",0.178727256666667
"1997-10-18",0.174327895416667
"1997-10-19",0.170905449166667
"1997-10-20",0.168407379583333
"1997-10-21",0.165832463333333
"1997-10-22",0.163567295416667
"1997-10-23",0.1616501175
"1997-10-24",0.159742867083333
"1997-10-25",0.156272048333333
"1997-10-26",0.153179220416667
"1997-10-27",0.151099010833333
"1997-10-28",0.149573544166667
"1997-10-29",0.148326214583333
"1997-10-30",0.147331352083333
"1997-10-31",0.14682485875
"1997-11-01",0.1462533525
"1997-11-02",0.144721945
"1997-11-03",0.142676052083333
"1997-11-04",0.1413241125
"1997-11-05",0.14077704
"1997-11-06",0.140981129583333
"1997-11-07",0.160136891666667
"1997-11-08",0.1592641775
"1997-11-09",0.15740444875
"1997-11-10",0.224749262083333
"1997-11-11",0.33881317875
"1997-11-12",0.302975893333333
"1997-11-13",0.334318269583333
"1997-11-14",0.370793717916667
"1997-11-15",0.372950740416667
"1997-11-16",0.381606581666667
"1997-11-17",0.3716909325
"1997-11-18",0.35267318
"1997-11-19",0.402208690416667
"1997-11-20",0.376789265833333
"1997-11-21",0.358875937083333
"1997-11-22",0.3484650675
"1997-11-23",0.376212475
"1997-11-24",0.372198437083333
"1997-11-25",0.360847810833333
"1997-11-26",0.4166786275
"1997-11-27",0.417307482916667
"1997-11-28",0.38999938375
"1997-11-29",0.375539103333333
"1997-11-30",0.416169752916667
"1997-12-01",0.394692108333333
"1997-12-02",0.3789179
"1997-12-03",0.370826247916667
"1997-12-04",0.373080742083333
"1997-12-05",0.41235161125
"1997-12-06",0.401316632916667
"1997-12-07",0.411669725416667
"1997-12-08",0.423217993333333
"1997-12-09",0.404497310833333
"1997-12-10",0.384463399166667
"1997-12-11",0.373886792916667
"1997-12-12",0.366721422083333
"1997-12-13",0.360597930833333
"1997-12-14",0.39427341625
"1997-12-15",0.40136944125
"1997-12-16",0.383732310416667
"1997-12-17",0.374877044583333
"1997-12-18",0.37359191125
"1997-12-19",0.36253247
"1997-12-20",0.354709547083333
"1997-12-21",0.357769316666667
"1997-12-22",0.348769165833333
"1997-12-23",0.339436760833333
"1997-12-24",0.334172201666667
"1997-12-25",0.327523466666667
"1997-12-26",0.323546394583333
"1997-12-27",0.320916219166667
"1997-12-28",0.316886624166667
"1997-12-29",0.312817405416667
"1997-12-30",0.310428390833333
"1997-12-31",0.309300076666667
"1998-01-01",0.310093427083333
"1998-01-02",0.358930795
"1998-01-03",0.392670460416667
"1998-01-04",0.407144786666667
"1998-01-05",0.3958266775
"1998-01-06",0.380809142916667
"1998-01-07",0.39415224375
"1998-01-08",0.38396201
"1998-01-09",0.391253844166667
"1998-01-10",0.428788353333333
"1998-01-11",0.4111383225
"1998-01-12",0.428052245
"1998-01-13",0.407000677916667
"1998-01-14",0.39860291625
"1998-01-15",0.426709819583333
"1998-01-16",0.40699825375
"1998-01-17",0.398573042083333
"1998-01-18",0.390167824583333
"1998-01-19",0.41423455625
"1998-01-20",0.4000556225
"1998-01-21",0.3884298675
"1998-01-22",0.377806710833333
"1998-01-23",0.369783425
"1998-01-24",0.386148095833333
"1998-01-25",0.372233047916667
"1998-01-26",0.36716793125
"1998-01-27",0.413811678333333
"1998-01-28",0.393897327083333
"1998-01-29",0.413742720833333
"1998-01-30",0.402180055416667
"1998-01-31",0.406796642916667
"1998-02-01",0.410839312083333
"1998-02-02",0.4240749075
"1998-02-03",0.424931285
"1998-02-04",0.4183060275
"1998-02-05",0.408252344166667
"1998-02-06",0.42325749875
"1998-02-07",0.42659219625
"1998-02-08",0.42558748625
"1998-02-09",0.404170481666667
"1998-02-10",0.387065536666667
"1998-02-11",0.407875207083333
"1998-02-12",0.396955620833333
"1998-02-13",0.401139954583333
"1998-02-14",0.407043084166667
"1998-02-15",0.413065344583333
"1998-02-16",0.40355497625
"1998-02-17",0.422912133333333
"1998-02-18",0.402203370416667
"1998-02-19",0.406327757916667
"1998-02-20",0.40549674875
"1998-02-21",0.40351732625
"1998-02-22",0.410669787916667
"1998-02-23",0.410603774583333
"1998-02-24",0.404968825833333
"1998-02-25",0.387969207083333
"1998-02-26",0.382909211666667
"1998-02-27",0.372378047083333
"1998-02-28",0.367373729583333
"1998-03-01",0.359562544583333
"1998-03-02",0.353498937083333
"1998-03-03",0.348478351666667
"1998-03-04",0.3383840125
"1998-03-05",0.337344136666667
"1998-03-06",0.395697500416667
"1998-03-07",0.3647994425
"1998-03-08",0.368736292083333
"1998-03-09",0.355606367083333
"1998-03-10",0.342496270416667
"1998-03-11",0.332022247916667
"1998-03-12",0.3260874075
"1998-03-13",0.377374047083333
"1998-03-14",0.372620257916667
"1998-03-15",0.356177431666667
"1998-03-16",0.348322167916667
"1998-03-17",0.343554172083333
"1998-03-18",0.33610882125
"1998-03-19",0.329331149166667
"1998-03-20",0.325645193333333
"1998-03-21",0.324171440833333
"1998-03-22",0.328744292083333
"1998-03-23",0.32481355375
"1998-03-24",0.39038091625
"1998-03-25",0.400210733333333
"1998-03-26",0.378080913333333
"1998-03-27",0.360977905416667
"1998-03-28",0.369106195416667
"1998-03-29",0.356463554166667
"1998-03-30",0.339250019583333
"1998-03-31",0.365837882916667
"1998-04-01",0.407471889583333
"1998-04-02",0.380997604583333
"1998-04-03",0.399331132916667
"1998-04-04",0.410526990833333
"1998-04-05",0.389390371666667
"1998-04-06",0.377852841666667
"1998-04-07",0.390107537916667
"1998-04-08",0.369648548333333
"1998-04-09",0.35686285625
"1998-04-10",0.353977932916667
"1998-04-11",0.349828409166667
"1998-04-12",0.34203652625
"1998-04-13",0.381359097083333
"1998-04-14",0.381779521666667
"1998-04-15",0.364084036666667
"1998-04-16",0.3461982925
"1998-04-17",0.3345511625
"1998-04-18",0.324540683333333
"1998-04-19",0.316915006666667
"1998-04-20",0.31032515625
"1998-04-21",0.302338083333333
"1998-04-22",0.293024082916667
"1998-04-23",0.30565824625
"1998-04-24",0.341488515833333
"1998-04-25",0.322128405416667
"1998-04-26",0.306559987916667
"1998-04-27",0.294395494166667
"1998-04-28",0.283978999583333
"1998-04-29",0.275411578333333
"1998-04-30",0.270140578333333
"1998-05-01",0.2854061275
"1998-05-02",0.3384788125
"1998-05-03",0.325229753333333
"1998-05-04",0.318832472916667
"1998-05-05",0.329820180833333
"1998-05-06",0.344594013333333
"1998-05-07",0.334779112916667
"1998-05-08",0.32273308125
"1998-05-09",0.3110428525
"1998-05-10",0.298274346666667
"1998-05-11",0.2931423775
"1998-05-12",0.366820805833333
"1998-05-13",0.369897345
"1998-05-14",0.348846514583333
"1998-05-15",0.33291029
"1998-05-16",0.321388160833333
"1998-05-17",0.311073318333333
"1998-05-18",0.2977547825
"1998-05-19",0.287887605833333
"1998-05-20",0.279345787083333
"1998-05-21",0.271352209583333
"1998-05-22",0.264628296666667
"1998-05-23",0.259247091666667
"1998-05-24",0.25479276
"1998-05-25",0.254026087083333
"1998-05-26",0.250089442083333
"1998-05-27",0.251930455
"1998-05-28",0.355641045833333
"1998-05-29",0.372656756666667
"1998-05-30",0.34481372375
"1998-05-31",0.323876445416667
"1998-06-01",0.311316284166667
"1998-06-02",0.301131967916667
"1998-06-03",0.298667047083333
"1998-06-04",0.295558769583333
"1998-06-05",0.284884744166667
"1998-06-06",0.276233262916667
"1998-06-07",0.2835272125
"1998-06-08",0.284968407916667
"1998-06-09",0.278570902083333
"1998-06-10",0.271039414583333
"1998-06-11",0.270620457083333
"1998-06-12",0.26912850875
"1998-06-13",0.263828489583333
"1998-06-14",0.256223507083333
"1998-06-15",0.246350965
"1998-06-16",0.2365636425
"1998-06-17",0.22606878125
"1998-06-18",0.220402657916667
"1998-06-19",0.2148806825
"1998-06-20",0.211438069583333
"1998-06-21",0.2087299075
"1998-06-22",0.20509952625
"1998-06-23",0.203807877916667
"1998-06-24",0.203450415
"1998-06-25",0.202090582083333
"1998-06-26",0.198975829166667
"1998-06-27",0.193629650833333
"1998-06-28",0.188984271666667
"1998-06-29",0.186264617083333
"1998-06-30",0.184591531666667
"1998-07-01",0.182909439166667
"1998-07-02",0.182905842916667
"1998-07-03",0.185161050833333
"1998-07-04",0.183777107083333
"1998-07-05",0.181144411666667
"1998-07-06",0.177834800833333
"1998-07-07",0.1739889025
"1998-07-08",0.170488479166667
"1998-07-09",0.168137555
"1998-07-10",0.16673289
"1998-07-11",0.165340694583333
"1998-07-12",0.163149436666667
"1998-07-13",0.160589935833333
"1998-07-14",0.15843519375
"1998-07-15",0.156480573333333
"1998-07-16",0.15336538625
"1998-07-17",0.150948680833333
"1998-07-18",0.14942326875
"1998-07-19",0.147806675
"1998-07-20",0.146793210833333
"1998-07-21",0.146748866666667
"1998-07-22",0.1467350325
"1998-07-23",0.146608655833333
"1998-07-24",0.14629585875
"1998-07-25",0.145625302916667
"1998-07-26",0.144898734583333
"1998-07-27",0.144296954166667
"1998-07-28",0.143632225833333
"1998-07-29",0.143417808333333
"1998-07-30",0.144895937083333
"1998-07-31",0.146453805
"1998-08-01",0.14550578875
"1998-08-02",0.144160147083333
"1998-08-03",0.14244750375
"1998-08-04",0.140469869583333
"1998-08-05",0.139029822916667
"1998-08-06",0.138425726666667
"1998-08-07",0.138134047916667
"1998-08-08",0.138111385416667
"1998-08-09",0.137998434583333
"1998-08-10",0.137607447916667
"1998-08-11",0.137005004166667
"1998-08-12",0.136491247083333
"1998-08-13",0.1359795875
"1998-08-14",0.135684023333333
"1998-08-15",0.135595033333333
"1998-08-16",0.13564464875
"1998-08-17",0.135598702083333
"1998-08-18",0.136633164583333
"1998-08-19",0.138370320416667
"1998-08-20",0.1390172525
"1998-08-21",0.138846834583333
"1998-08-22",0.138538453333333
"1998-08-23",0.137994122083333
"1998-08-24",0.137390230416667
"1998-08-25",0.137049775
"1998-08-26",0.137243452916667
"1998-08-27",0.137079809583333
"1998-08-28",0.136650772083333
"1998-08-29",0.13615261125
"1998-08-30",0.135745443333333
"1998-08-31",0.1354018525
"1998-09-01",0.1350290975
"1998-09-02",0.134662697083333
"1998-09-03",0.134359111666667
"1998-09-04",0.134020506666667
"1998-09-05",0.1338188525
"1998-09-06",0.13373328125
"1998-09-07",0.1335285575
"1998-09-08",0.133313342083333
"1998-09-09",0.1340590275
"1998-09-10",0.134511348333333
"1998-09-11",0.134271070833333
"1998-09-12",0.13400066375
"1998-09-13",0.133765101666667
"1998-09-14",0.133542827916667
"1998-09-15",0.133629494166667
"1998-09-16",0.133670630833333
"1998-09-17",0.133645824583333
"1998-09-18",0.133865914166667
"1998-09-19",0.133862961666667
"1998-09-20",0.13364940625
"1998-09-21",0.134156274166667
"1998-09-22",0.134765705416667
"1998-09-23",0.13498483125
"1998-09-24",0.1351481475
"1998-09-25",0.136298159166667
"1998-09-26",0.14002844
"1998-09-27",0.144267642916667
"1998-09-28",0.149597744583333
"1998-09-29",0.1529455725
"1998-09-30",0.153008285
"1998-10-01",0.151924047083333
"1998-10-02",0.151121106666667
"1998-10-03",0.149819910833333
"1998-10-04",0.148253618333333
"1998-10-05",0.146527414166667
"1998-10-06",0.144305169583333
"1998-10-07",0.1426132325
"1998-10-08",0.14288439875
"1998-10-09",0.143742900833333
"1998-10-10",0.142836965416667
"1998-10-11",0.1419186025
"1998-10-12",0.141094227083333
"1998-10-13",0.140785944583333
"1998-10-14",0.140655497916667
"1998-10-15",0.1403160025
"1998-10-16",0.139757644583333
"1998-10-17",0.13874234625
"1998-10-18",0.137843405416667
"1998-10-19",0.137351056666667
"1998-10-20",0.13654882
"1998-10-21",0.135683465416667
"1998-10-22",0.135222539166667
"1998-10-23",0.135120512916667
"1998-10-24",0.198063579166667
"1998-10-25",0.323680207083333
"1998-10-26",0.287839640416667
"1998-10-27",0.2689594725
"1998-10-28",0.25773537875
"1998-10-29",0.249474766666667
"1998-10-30",0.239365486666667
"1998-10-31",0.230407459583333
"1998-11-01",0.225213739166667
"1998-11-02",0.22134594125
"1998-11-03",0.216381087916667
"1998-11-04",0.2135761575
"1998-11-05",0.210254135416667
"1998-11-06",0.205784547083333
"1998-11-07",0.270046908333333
"1998-11-08",0.327751157916667
"1998-11-09",0.308644615
"1998-11-10",0.294941604166667
"1998-11-11",0.331356835833333
"1998-11-12",0.306833546666667
"1998-11-13",0.288658463333333
"1998-11-14",0.276006624583333
"1998-11-15",0.267740918333333
"1998-11-16",0.262964087916667
"1998-11-17",0.280029969583333
"1998-11-18",0.28498945625
"1998-11-19",0.274163642916667
"1998-11-20",0.264820417916667
"1998-11-21",0.258039444166667
"1998-11-22",0.255968705833333
"1998-11-23",0.262991553333333
"1998-11-24",0.338266312916667
"1998-11-25",0.312257514583333
"1998-11-26",0.297581245
"1998-11-27",0.30823384125
"1998-11-28",0.37246447125
"1998-11-29",0.370499952083333
"1998-11-30",0.41803676875
"1998-12-01",0.409931192083333
"1998-12-02",0.385240815
"1998-12-03",0.395046616666667
"1998-12-04",0.391755664583333
"1998-12-05",0.371723180833333
"1998-12-06",0.387676060416667
"1998-12-07",0.371537695833333
"1998-12-08",0.365277458333333
"1998-12-09",0.358628490416667
"1998-12-10",0.347193549166667
"1998-12-11",0.340481451666667
"1998-12-12",0.335428829583333
"1998-12-13",0.331494580416667
"1998-12-14",0.34844407375
"1998-12-15",0.336343849166667
"1998-12-16",0.326393500833333
"1998-12-17",0.318230886666667
"1998-12-18",0.31220432125
"1998-12-19",0.31000981
"1998-12-20",0.31056641
"1998-12-21",0.314979225833333
"1998-12-22",0.3058418125
"1998-12-23",0.298246595416667
"1998-12-24",0.292576333333333
"1998-12-25",0.288290459583333
"1998-12-26",0.284488754166667
"1998-12-27",0.28428297375
"1998-12-28",0.282897345
"1998-12-29",0.282079298333333
"1998-12-30",0.280166437083333
"1998-12-31",0.280114465416667
"1999-01-01",0.279243182083333
"1999-01-02",0.274769221666667
"1999-01-03",0.269528684583333
"1999-01-04",0.264446988333333
"1999-01-05",0.260765755416667
"1999-01-06",0.257045875416667
"1999-01-07",0.255602097916667
"1999-01-08",0.254899389583333
"1999-01-09",0.25138824375
"1999-01-10",0.24785711625
"1999-01-11",0.24526284625
"1999-01-12",0.243767392916667
"1999-01-13",0.243450932083333
"1999-01-14",0.243141149583333
"1999-01-15",0.2441268425
"1999-01-16",0.256603361666667
"1999-01-17",0.270081115416667
"1999-01-18",0.36378959875
"1999-01-19",0.420354387083333
"1999-01-20",0.420178431666667
"1999-01-21",0.409806577083333
"1999-01-22",0.388482704583333
"1999-01-23",0.403882695833333
"1999-01-24",0.3984519275
"1999-01-25",0.382521152916667
"1999-01-26",0.40055073375
"1999-01-27",0.399958331666667
"1999-01-28",0.380383812083333
"1999-01-29",0.37037327125
"1999-01-30",0.36271102
"1999-01-31",0.394210797916667
"1999-02-01",0.389195062083333
"1999-02-02",0.375404671666667
"1999-02-03",0.366034161666667
"1999-02-04",0.35981994
"1999-02-05",0.3540880225
"1999-02-06",0.352749152916667
"1999-02-07",0.4256522
"1999-02-08",0.421565499583333
"1999-02-09",0.4243960075
"1999-02-10",0.40209198375
"1999-02-11",0.383842742916667
"1999-02-12",0.372644717916667
"1999-02-13",0.36492843
"1999-02-14",0.37796575
"1999-02-15",0.3699243075
"1999-02-16",0.366585457083333
"1999-02-17",0.418369442083333
"1999-02-18",0.398715542916667
"1999-02-19",0.40510269125
"1999-02-20",0.3901746275
"1999-02-21",0.421795122083333
"1999-02-22",0.397183154583333
"1999-02-23",0.386558853333333
"1999-02-24",0.37752882
"1999-02-25",0.4013689025
"1999-02-26",0.39122555875
"1999-02-27",0.379290412083333
"1999-02-28",0.371547733333333
"1999-03-01",0.365863237083333
"1999-03-02",0.357030739583333
"1999-03-03",0.369819117083333
"1999-03-04",0.36306841125
"1999-03-05",0.349848960416667
"1999-03-06",0.343163304583333
"1999-03-07",0.337403354166667
"1999-03-08",0.333986840833333
"1999-03-09",0.403576785416667
"1999-03-10",0.375937639166667
"1999-03-11",0.386764960833333
"1999-03-12",0.375935195
"1999-03-13",0.36350525375
"1999-03-14",0.366413857083333
"1999-03-15",0.416973960833333
"1999-03-16",0.39203541
"1999-03-17",0.378623580416667
"1999-03-18",0.36812815875
"1999-03-19",0.37932891875
"1999-03-20",0.395259509583333
"1999-03-21",0.390874623333333
"1999-03-22",0.378462048333333
"1999-03-23",0.400259005
"1999-03-24",0.392310028333333
"1999-03-25",0.415752132916667
"1999-03-26",0.39049700875
"1999-03-27",0.377339355416667
"1999-03-28",0.365613304166667
"1999-03-29",0.35624546375
"1999-03-30",0.34943164375
"1999-03-31",0.367523906666667
"1999-04-01",0.357459601666667
"1999-04-02",0.34493825
"1999-04-03",0.33403931375
"1999-04-04",0.32591036875
"1999-04-05",0.332770632916667
"1999-04-06",0.394890113333333
"1999-04-07",0.37929453625
"1999-04-08",0.391586792916667
"1999-04-09",0.3962704825
"1999-04-10",0.373491937083333
"1999-04-11",0.403018929583333
"1999-04-12",0.399857962083333
"1999-04-13",0.385446805
"1999-04-14",0.374397689166667
"1999-04-15",0.35928627
"1999-04-16",0.34683214125
"1999-04-17",0.336802260833333
"1999-04-18",0.32755295
"1999-04-19",0.31980158625
"1999-04-20",0.312239342916667
"1999-04-21",0.3073988975
"1999-04-22",0.301771795833333
"1999-04-23",0.291783147916667
"1999-04-24",0.282378300416667
"1999-04-25",0.285689454583333
"1999-04-26",0.28584197625
"1999-04-27",0.280480624583333
"1999-04-28",0.274461775416667
"1999-04-29",0.269633492083333
"1999-04-30",0.264055467916667
"1999-05-01",0.261230651666667
"1999-05-02",0.260851202083333
"1999-05-03",0.26825254875
"1999-05-04",0.271699567083333
"1999-05-05",0.263926893333333
"1999-05-06",0.25615158875
"1999-05-07",0.250778596666667
"1999-05-08",0.24504353375
"1999-05-09",0.2402942
"1999-05-10",0.235906983333333
"1999-05-11",0.231695097916667
"1999-05-12",0.229980362916667
"1999-05-13",0.22806116
"1999-05-14",0.224385264166667
"1999-05-15",0.221777196666667
"1999-05-16",0.2188766
"1999-05-17",0.216034567083333
"1999-05-18",0.213883583333333
"1999-05-19",0.21377276875
"1999-05-20",0.214160559166667
"1999-05-21",0.21228102
"1999-05-22",0.2087831525
"1999-05-23",0.206591882083333
"1999-05-24",0.2050724325
"1999-05-25",0.202909946666667
"1999-05-26",0.200586429583333
"1999-05-27",0.198541116666667
"1999-05-28",0.196278025833333
"1999-05-29",0.195685894583333
"1999-05-30",0.196990440416667
"1999-05-31",0.194581325
"1999-06-01",0.19341354875
"1999-06-02",0.203372440833333
"1999-06-03",0.213413661666667
"1999-06-04",0.220347986666667
"1999-06-05",0.217624944166667
"1999-06-06",0.212453120833333
"1999-06-07",0.205968517916667
"1999-06-08",0.200704512083333
"1999-06-09",0.19604384625
"1999-06-10",0.1926451125
"1999-06-11",0.188511615833333
"1999-06-12",0.18555363375
"1999-06-13",0.182478790833333
"1999-06-14",0.180220314166667
"1999-06-15",0.17831280875
"1999-06-16",0.176616805416667
"1999-06-17",0.175090317916667
"1999-06-18",0.17311005125
"1999-06-19",0.170887435416667
"1999-06-20",0.169052084583333
"1999-06-21",0.1670536
"1999-06-22",0.16576529125
"1999-06-23",0.164250714583333
"1999-06-24",0.163801700416667
"1999-06-25",0.163108098333333
"1999-06-26",0.161501768333333
"1999-06-27",0.159643796666667
"1999-06-28",0.157224749583333
"1999-06-29",0.155018147916667
"1999-06-30",0.152867771666667
"1999-07-01",0.15087031125
"1999-07-02",0.149850614166667
"1999-07-03",0.1494045925
"1999-07-04",0.149070764166667
"1999-07-05",0.148243437916667
"1999-07-06",0.14765330625
"1999-07-07",0.147512725416667
"1999-07-08",0.146453955833333
"1999-07-09",0.145372184583333
"1999-07-10",0.144763678333333
"1999-07-11",0.144013397916667
"1999-07-12",0.142761402083333
"1999-07-13",0.141700665
"1999-07-14",0.14095910875
"1999-07-15",0.140886957083333
"1999-07-16",0.14095043375
"1999-07-17",0.141371317083333
"1999-07-18",0.14153617125
"1999-07-19",0.141611391666667
"1999-07-20",0.14184582125
"1999-07-21",0.142091249583333
"1999-07-22",0.141705336666667
"1999-07-23",0.1417324825
"1999-07-24",0.142099440416667
"1999-07-25",0.142194911666667
"1999-07-26",0.14208028125
"1999-07-27",0.141699564583333
"1999-07-28",0.141414242916667
"1999-07-29",0.14092712375
"1999-07-30",0.14031162375
"1999-07-31",0.139947890833333
"1999-08-01",0.13992729875
"1999-08-02",0.139565353333333
"1999-08-03",0.13939598
"1999-08-04",0.139655837916667
"1999-08-05",0.14263609625
"1999-08-06",0.148269991666667
"1999-08-07",0.151229573333333
"1999-08-08",0.149968104583333
"1999-08-09",0.148985350833333
"1999-08-10",0.148096399583333
"1999-08-11",0.148077199583333
"1999-08-12",0.147793184166667
"1999-08-13",0.147129890416667
"1999-08-14",0.146143545416667
"1999-08-15",0.145413118333333
"1999-08-16",0.14471791375
"1999-08-17",0.143842404166667
"1999-08-18",0.143907328333333
"1999-08-19",0.144368032916667
"1999-08-20",0.143669887916667
"1999-08-21",0.143071512083333
"1999-08-22",0.142288758333333
"1999-08-23",0.14142226375
"1999-08-24",0.140708478333333
"1999-08-25",0.139905859166667
"1999-08-26",0.138985767916667
"1999-08-27",0.138467365
"1999-08-28",0.138243327916667
"1999-08-29",0.13828460875
"1999-08-30",0.13876241125
"1999-08-31",0.1384767075
"1999-09-01",0.137965542916667
"1999-09-02",0.137713154166667
"1999-09-03",0.138313427083333
"1999-09-04",0.138252541666667
"1999-09-05",0.137721474166667
"1999-09-06",0.137160648333333
"1999-09-07",0.136890779166667
"1999-09-08",0.13662217
"1999-09-09",0.137459120416667
"1999-09-10",0.137503114583333
"1999-09-11",0.1372956725
"1999-09-12",0.137006597083333
"1999-09-13",0.136761001666667
"1999-09-14",0.136672633333333
"1999-09-15",0.136786964583333
"1999-09-16",0.136716264583333
"1999-09-17",0.136658291666667
"1999-09-18",0.136520338333333
"1999-09-19",0.136460393333333
"1999-09-20",0.13635129875
"1999-09-21",0.136089670833333
"1999-09-22",0.135759350416667
"1999-09-23",0.135633789166667
"1999-09-24",0.13549863875
"1999-09-25",0.135320750833333
"1999-09-26",0.134894965
"1999-09-27",0.134264832083333
"1999-09-28",0.13354003875
"1999-09-29",0.1331535675
"1999-09-30",0.132782535833333
"1999-10-01",0.132682299583333
"1999-10-02",0.132783086666667
"1999-10-03",0.133170485
"1999-10-04",0.133515490416667
"1999-10-05",0.13380517125
"1999-10-06",0.142673085416667
"1999-10-07",0.148976987916667
"1999-10-08",0.14709182375
"1999-10-09",0.144685687916667
"1999-10-10",0.14263715375
"1999-10-11",0.141013982083333
"1999-10-12",0.14014819375
"1999-10-13",0.139417602916667
"1999-10-14",0.139103720833333
"1999-10-15",0.138451377083333
"1999-10-16",0.137374244166667
"1999-10-17",0.136581452083333
"1999-10-18",0.13615551125
"1999-10-19",0.13563482375
"1999-10-20",0.135172817916667
"1999-10-21",0.1346262025
"1999-10-22",0.134197605416667
"1999-10-23",0.134224531666667
"1999-10-24",0.13431738
"1999-10-25",0.134219905833333
"1999-10-26",0.1341070775
"1999-10-27",0.135014114166667
"1999-10-28",0.19039571125
"1999-10-29",0.215169525
"1999-10-30",0.20637500375
"1999-10-31",0.198145504583333
"1999-11-01",0.19036108
"1999-11-02",0.184098732916667
"1999-11-03",0.181283289583333
"1999-11-04",0.178350273333333
"1999-11-05",0.17488478
"1999-11-06",0.174683263333333
"1999-11-07",0.1835272425
"1999-11-08",0.350549687083333
"1999-11-09",0.316394822083333
"1999-11-10",0.290462863333333
"1999-11-11",0.274108167083333
"1999-11-12",0.261786504583333
"1999-11-13",0.25096798125
"1999-11-14",0.243154048333333
"1999-11-15",0.2566248025
"1999-11-16",0.260775815416667
"1999-11-17",0.32977595125
"1999-11-18",0.30317428
"1999-11-19",0.30645365
"1999-11-20",0.365723409583333
"1999-11-21",0.336159045833333
"1999-11-22",0.315128074166667
"1999-11-23",0.299226005416667
"1999-11-24",0.290822185833333
"1999-11-25",0.28312221875
"1999-11-26",0.277470267083333
"1999-11-27",0.273792345416667
"1999-11-28",0.270825207083333
"1999-11-29",0.2679299125
"1999-11-30",0.314085929583333
"1999-12-01",0.33009973
"1999-12-02",0.314532059583333
"1999-12-03",0.309649544583333
"1999-12-04",0.29452543125
"1999-12-05",0.285731617916667
"1999-12-06",0.279779211666667
"1999-12-07",0.275891535833333
"1999-12-08",0.271440952916667
"1999-12-09",0.278892196666667
"1999-12-10",0.298411284583333
"1999-12-11",0.286963909583333
"1999-12-12",0.27884592375
"1999-12-13",0.27620987875
"1999-12-14",0.270461785
"1999-12-15",0.2632608625
"1999-12-16",0.25850111625
"1999-12-17",0.253584476666667
"1999-12-18",0.249785444166667
"1999-12-19",0.247360934166667
"1999-12-20",0.241162563333333
"1999-12-21",0.236125585833333
"1999-12-22",0.23169929125
"1999-12-23",0.22707792875
"1999-12-24",0.222976041666667
"1999-12-25",0.21946301125
"1999-12-26",0.215762252916667
"1999-12-27",0.212448760833333
"1999-12-28",0.209314255
"1999-12-29",0.20645238
"1999-12-30",0.205077171666667
"1999-12-31",0.205021266666667
"2000-01-01",0.20655357125
"2000-01-02",0.2074645675
"2000-01-03",0.205386672916667
"2000-01-04",0.203965649166667
"2000-01-05",0.203328920416667
"2000-01-06",0.201146665416667
"2000-01-07",0.198538084583333
"2000-01-08",0.197783211666667
"2000-01-09",0.1981563825
"2000-01-10",0.1991158475
"2000-01-11",0.211905350416667
"2000-01-12",0.295167765416667
"2000-01-13",0.279853397083333
"2000-01-14",0.27101107
"2000-01-15",0.263949404583333
"2000-01-16",0.317717449166667
"2000-01-17",0.328098729583333
"2000-01-18",0.405690559166667
"2000-01-19",0.416712232916667
"2000-01-20",0.403234402083333
"2000-01-21",0.382134813333333
"2000-01-22",0.373913547916667
"2000-01-23",0.406903164166667
"2000-01-24",0.429818726666667
"2000-01-25",0.421269932916667
"2000-01-26",0.396227588333333
"2000-01-27",0.38275591875
"2000-01-28",0.37376029375
"2000-01-29",0.367102967083333
"2000-01-30",0.3872567175
"2000-01-31",0.398926487083333
"2000-02-01",0.38742428375
"2000-02-02",0.376988727083333
"2000-02-03",0.375281576666667
"2000-02-04",0.402476605416667
"2000-02-05",0.404405531666667
"2000-02-06",0.40243017875
"2000-02-07",0.384514032083333
"2000-02-08",0.376507526666667
"2000-02-09",0.375590919166667
"2000-02-10",0.408417262083333
"2000-02-11",0.41333471375
"2000-02-12",0.422105730416667
"2000-02-13",0.42599528125
"2000-02-14",0.4172354125
"2000-02-15",0.393581987083333
"2000-02-16",0.389501179583333
"2000-02-17",0.3965951625
"2000-02-18",0.377740975
"2000-02-19",0.364604134583333
"2000-02-20",0.375433996666667
"2000-02-21",0.412576264166667
"2000-02-22",0.396498196666667
"2000-02-23",0.412644787916667
"2000-02-24",0.39746828
"2000-02-25",0.402489720833333
"2000-02-26",0.387652575833333
"2000-02-27",0.417562431666667
"2000-02-28",0.408057972916667
"2000-02-29",0.408728472083333
"2000-03-01",0.400091815
"2000-03-02",0.396131850833333
"2000-03-03",0.39289393875
"2000-03-04",0.377041630833333
"2000-03-05",0.41083158375
"2000-03-06",0.39725765375
"2000-03-07",0.38547621125
"2000-03-08",0.417503065416667
"2000-03-09",0.421077375416667
"2000-03-10",0.39878393125
"2000-03-11",0.38519063375
"2000-03-12",0.374539641666667
"2000-03-13",0.363785996666667
"2000-03-14",0.354887607916667
"2000-03-15",0.348575523333333
"2000-03-16",0.33805858875
"2000-03-17",0.331376507916667
"2000-03-18",0.32237713875
"2000-03-19",0.3162174025
"2000-03-20",0.311277950416667
"2000-03-21",0.299888198333333
"2000-03-22",0.293608419166667
"2000-03-23",0.291677737916667
"2000-03-24",0.29108765
"2000-03-25",0.28822599875
"2000-03-26",0.2853955025
"2000-03-27",0.282658067916667
"2000-03-28",0.279962218333333
"2000-03-29",0.277048935
"2000-03-30",0.274052518333333
"2000-03-31",0.2656482675
"2000-04-01",0.25303915125
"2000-04-02",0.245103132916667
"2000-04-03",0.242231819166667
"2000-04-04",0.242775606666667
"2000-04-05",0.2421931025
"2000-04-06",0.240264189583333
"2000-04-07",0.237785780416667
"2000-04-08",0.234876138333333
"2000-04-09",0.232684757083333
"2000-04-10",0.22988449
"2000-04-11",0.227190472916667
"2000-04-12",0.2262864075
"2000-04-13",0.257758888333333
"2000-04-14",0.332811975
"2000-04-15",0.337851986666667
"2000-04-16",0.323541060833333
"2000-04-17",0.408217634166667
"2000-04-18",0.383018694166667
"2000-04-19",0.36270117
"2000-04-20",0.350816738333333
"2000-04-21",0.339703061666667
"2000-04-22",0.339101184166667
"2000-04-23",0.34138468
"2000-04-24",0.3262797525
"2000-04-25",0.314394039583333
"2000-04-26",0.306194768333333
"2000-04-27",0.296431769166667
"2000-04-28",0.29143098
"2000-04-29",0.283260385833333
"2000-04-30",0.275861996666667
"2000-05-01",0.268507990833333
"2000-05-02",0.263107973333333
"2000-05-03",0.260573305
"2000-05-04",0.254700035
"2000-05-05",0.2497368525
"2000-05-06",0.244896594583333
"2000-05-07",0.249720963333333
"2000-05-08",0.372760679166667
"2000-05-09",0.353399925833333
"2000-05-10",0.328639840416667
"2000-05-11",0.3110447
"2000-05-12",0.296601412083333
"2000-05-13",0.286851234166667
"2000-05-14",0.28948232375
"2000-05-15",0.353751305
"2000-05-16",0.368648009583333
"2000-05-17",0.345389160833333
"2000-05-18",0.324717649583333
"2000-05-19",0.308955239583333
"2000-05-20",0.294835536666667
"2000-05-21",0.282171358333333
"2000-05-22",0.268306095833333
"2000-05-23",0.257482341666667
"2000-05-24",0.254625474583333
"2000-05-25",0.250506135833333
"2000-05-26",0.244313774166667
"2000-05-27",0.239409825
"2000-05-28",0.23367868125
"2000-05-29",0.226519525416667
"2000-05-30",0.22093496875
"2000-05-31",0.215366229166667
"2000-06-01",0.20821718875
"2000-06-02",0.203499435833333
"2000-06-03",0.2002220325
"2000-06-04",0.196850792916667
"2000-06-05",0.194208306666667
"2000-06-06",0.191403364583333
"2000-06-07",0.188686545
"2000-06-08",0.21946782125
"2000-06-09",0.232195164166667
"2000-06-10",0.2228931825
"2000-06-11",0.213902872083333
"2000-06-12",0.20606258
"2000-06-13",0.199046465833333
"2000-06-14",0.190097110833333
"2000-06-15",0.1811216175
"2000-06-16",0.17831870125
"2000-06-17",0.176163275833333
"2000-06-18",0.173937119583333
"2000-06-19",0.171766455
"2000-06-20",0.169427718333333
"2000-06-21",0.16673339875
"2000-06-22",0.164261150416667
"2000-06-23",0.162657101666667
"2000-06-24",0.161309270416667
"2000-06-25",0.159420770416667
"2000-06-26",0.15748649625
"2000-06-27",0.155678085416667
"2000-06-28",0.153993487916667
"2000-06-29",0.152812674166667
"2000-06-30",0.152095811666667
"2000-07-01",0.151706718333333
"2000-07-02",0.151451395833333
"2000-07-03",0.151939602916667
"2000-07-04",0.1525324175
"2000-07-05",0.152426164166667
"2000-07-06",0.152942735416667
"2000-07-07",0.152593625
"2000-07-08",0.1519562875
"2000-07-09",0.15157647375
"2000-07-10",0.151012161666667
"2000-07-11",0.150423755833333
"2000-07-12",0.149882205416667
"2000-07-13",0.149415547083333
"2000-07-14",0.148315695416667
"2000-07-15",0.14730160125
"2000-07-16",0.146888014166667
"2000-07-17",0.146933107083333
"2000-07-18",0.146687415833333
"2000-07-19",0.146005563333333
"2000-07-20",0.14564290875
"2000-07-21",0.146234420416667
"2000-07-22",0.147030067916667
"2000-07-23",0.14659230625
"2000-07-24",0.145238775
"2000-07-25",0.1443409725
"2000-07-26",0.14361783125
"2000-07-27",0.143035689166667
"2000-07-28",0.14273622625
"2000-07-29",0.142705199583333
"2000-07-30",0.14241108125
"2000-07-31",0.14204326625
"2000-08-01",0.1413728375
"2000-08-02",0.1408043975
"2000-08-03",0.1402543875
"2000-08-04",0.140381760833333
"2000-08-05",0.140037509583333
"2000-08-06",0.13953951
"2000-08-07",0.140292249583333
"2000-08-08",0.141182697083333
"2000-08-09",0.140844525
"2000-08-10",0.140392569583333
"2000-08-11",0.139848140416667
"2000-08-12",0.139138015833333
"2000-08-13",0.138520161666667
"2000-08-14",0.137958322916667
"2000-08-15",0.137445899583333
"2000-08-16",0.136935689166667
"2000-08-17",0.13641334
"2000-08-18",0.13610347375
"2000-08-19",0.136568047916667
"2000-08-20",0.13693267875
"2000-08-21",0.136718695416667
"2000-08-22",0.1370744025
"2000-08-23",0.137917106666667
"2000-08-24",0.138110965416667
"2000-08-25",0.137651210416667
"2000-08-26",0.137405541666667
"2000-08-27",0.13736974375
"2000-08-28",0.137075240416667
"2000-08-29",0.13755964125
"2000-08-30",0.139770152916667
"2000-08-31",0.139916860833333
"2000-09-01",0.1438731775
"2000-09-02",0.165946245
"2000-09-03",0.1686138125
"2000-09-04",0.1647729225
"2000-09-05",0.16125981
"2000-09-06",0.157448492083333
"2000-09-07",0.152812741666667
"2000-09-08",0.148967964166667
"2000-09-09",0.14720397375
"2000-09-10",0.14600177375
"2000-09-11",0.144925788333333
"2000-09-12",0.14364532625
"2000-09-13",0.142415375
"2000-09-14",0.146876685833333
"2000-09-15",0.15052109875
"2000-09-16",0.149352705
"2000-09-17",0.147858803333333
"2000-09-18",0.144613527083333
"2000-09-19",0.14227835
"2000-09-20",0.1410260175
"2000-09-21",0.1452549575
"2000-09-22",0.16719091
"2000-09-23",0.191383980416667
"2000-09-24",0.185658285833333
"2000-09-25",0.179959032916667
"2000-09-26",0.175390117083333
"2000-09-27",0.171804762916667
"2000-09-28",0.16851713
"2000-09-29",0.16564761375
"2000-09-30",0.16237673875
"2000-10-01",0.159116988333333
"2000-10-02",0.157187957083333
"2000-10-03",0.155275464583333
"2000-10-04",0.153688129583333
"2000-10-05",0.1523134825
"2000-10-06",0.150748215833333
"2000-10-07",0.149856649583333
"2000-10-08",0.149183804166667
"2000-10-09",0.15031576625
"2000-10-10",0.211498790416667
"2000-10-11",0.254232349583333
"2000-10-12",0.253253099166667
"2000-10-13",0.24243455
"2000-10-14",0.231912188333333
"2000-10-15",0.223736300416667
"2000-10-16",0.216039124166667
"2000-10-17",0.2075788975
"2000-10-18",0.201008665
"2000-10-19",0.1964096475
"2000-10-20",0.192866603333333
"2000-10-21",0.188741304166667
"2000-10-22",0.18169420625
"2000-10-23",0.173798920833333
"2000-10-24",0.168327035416667
"2000-10-25",0.177850718333333
"2000-10-26",0.2853065075
"2000-10-27",0.351708435833333
"2000-10-28",0.315716248333333
"2000-10-29",0.370057577916667
"2000-10-30",0.3568243675
"2000-10-31",0.349230208333333
"2000-11-01",0.328740460833333
"2000-11-02",0.317819919166667
"2000-11-03",0.3084093875
"2000-11-04",0.298663690833333
"2000-11-05",0.294305972083333
"2000-11-06",0.289661129166667
"2000-11-07",0.28132569
"2000-11-08",0.273803714166667
"2000-11-09",0.271090425416667
"2000-11-10",0.274935368333333
"2000-11-11",0.2828607675
"2000-11-12",0.276964790416667
"2000-11-13",0.271065314166667
"2000-11-14",0.275324794166667
"2000-11-15",0.274187700833333
"2000-11-16",0.27904362125
"2000-11-17",0.275619745416667
"2000-11-18",0.267738896666667
"2000-11-19",0.2613869725
"2000-11-20",0.25596895875
"2000-11-21",0.25470256375
"2000-11-22",0.2799258025
"2000-11-23",0.280593619583333
"2000-11-24",0.278285215833333
"2000-11-25",0.27203045625
"2000-11-26",0.2664099625
"2000-11-27",0.261015425416667
"2000-11-28",0.256003875416667
"2000-11-29",0.27958993
"2000-11-30",0.319127753333333
"2000-12-01",0.3027213225
"2000-12-02",0.291189831666667
"2000-12-03",0.281381424166667
"2000-12-04",0.273915362083333
"2000-12-05",0.266593869583333
"2000-12-06",0.259148295833333
"2000-12-07",0.261936546666667
"2000-12-08",0.275111270833333
"2000-12-09",0.273000077916667
"2000-12-10",0.270540271666667
"2000-12-11",0.268711513333333
"2000-12-12",0.293796520416667
"2000-12-13",0.29250502625
"2000-12-14",0.31356021125
"2000-12-15",0.317858659583333
"2000-12-16",0.305213214166667
"2000-12-17",0.291393801666667
"2000-12-18",0.279762785
"2000-12-19",0.269507375416667
"2000-12-20",0.262768844166667
"2000-12-21",0.258913322916667
"2000-12-22",0.259806098333333
"2000-12-23",0.258056217916667
"2000-12-24",0.255198577083333
"2000-12-25",0.25105174625
"2000-12-26",0.245109064166667
"2000-12-27",0.240577446666667
"2000-12-28",0.2370647675
"2000-12-29",0.23296143625
"2000-12-30",0.229250364583333
"2000-12-31",0.22634050375
"2001-01-01",0.223559009583333
"2001-01-02",0.219972955833333
"2001-01-03",0.216329591666667
"2001-01-04",0.212603383333333
"2001-01-05",0.209441515
"2001-01-06",0.206931918333333
"2001-01-07",0.206280935833333
"2001-01-08",0.30110206375
"2001-01-09",0.335058033333333
"2001-01-10",0.3473418525
"2001-01-11",0.420105959166667
"2001-01-12",0.41093003375
"2001-01-13",0.385373182916667
"2001-01-14",0.3729077775
"2001-01-15",0.361690265833333
"2001-01-16",0.348063468333333
"2001-01-17",0.337411480416667
"2001-01-18",0.33007612625
"2001-01-19",0.326087792083333
"2001-01-20",0.321683822916667
"2001-01-21",0.318383964166667
"2001-01-22",0.31574945125
"2001-01-23",0.32360356875
"2001-01-24",0.409620084166667
"2001-01-25",0.385143711666667
"2001-01-26",0.4109285525
"2001-01-27",0.391361781666667
"2001-01-28",0.37257708
"2001-01-29",0.365860517083333
"2001-01-30",0.358935364583333
"2001-01-31",0.346816986666667
"2001-02-01",0.337800817083333
"2001-02-02",0.331413695416667
"2001-02-03",0.32500176625
"2001-02-04",0.317134787916667
"2001-02-05",0.310827462916667
"2001-02-06",0.306722848333333
"2001-02-07",0.30123000875
"2001-02-08",0.292755219166667
"2001-02-09",0.33394617375
"2001-02-10",0.423167822916667
"2001-02-11",0.42284541125
"2001-02-12",0.415085830833333
"2001-02-13",0.398114570833333
"2001-02-14",0.3818968625
"2001-02-15",0.373095350833333
"2001-02-16",0.366897295416667
"2001-02-17",0.358634620833333
"2001-02-18",0.415433761666667
"2001-02-19",0.41099547375
"2001-02-20",0.42551718375
"2001-02-21",0.422630263333333
"2001-02-22",0.416905349583333
"2001-02-23",0.414359568333333
"2001-02-24",0.41568844625
"2001-02-25",0.413547509583333
"2001-02-26",0.39463845625
"2001-02-27",0.38273861375
"2001-02-28",0.3709230425
"2001-03-01",0.360283995833333
"2001-03-02",0.3684075275
"2001-03-03",0.372719260833333
"2001-03-04",0.392290315
"2001-03-05",0.418265960833333
"2001-03-06",0.417215066666667
"2001-03-07",0.399296330416667
"2001-03-08",0.385530615833333
"2001-03-09",0.3774989525
"2001-03-10",0.369422811666667
"2001-03-11",0.359851573333333
"2001-03-12",0.354742535
"2001-03-13",0.348077092916667
"2001-03-14",0.342753135416667
"2001-03-15",0.33681821625
"2001-03-16",0.332795432083333
"2001-03-17",0.32611246625
"2001-03-18",0.32011651875
"2001-03-19",0.3148536325
"2001-03-20",0.308937275833333
"2001-03-21",0.30627270125
"2001-03-22",0.30503441625
"2001-03-23",0.30232545
"2001-03-24",0.298950998333333
"2001-03-25",0.321751080833333
"2001-03-26",0.321132977916667
"2001-03-27",0.308329962083333
"2001-03-28",0.298097934166667
"2001-03-29",0.29330396875
"2001-03-30",0.2878110625
"2001-03-31",0.2798236975
"2001-04-01",0.274936695833333
"2001-04-02",0.273496451666667
"2001-04-03",0.2671307975
"2001-04-04",0.261602549166667
"2001-04-05",0.258350151666667
"2001-04-06",0.2718783575
"2001-04-07",0.363990933333333
"2001-04-08",0.344913458333333
"2001-04-09",0.34803986375
"2001-04-10",0.3329317175
"2001-04-11",0.319708453333333
"2001-04-12",0.316963889166667
"2001-04-13",0.305482055833333
"2001-04-14",0.295829089583333
"2001-04-15",0.28856895125
"2001-04-16",0.281614557916667
"2001-04-17",0.276770024583333
"2001-04-18",0.2709953075
"2001-04-19",0.274277065
"2001-04-20",0.30243322125
"2001-04-21",0.365519
"2001-04-22",0.334873167916667
"2001-04-23",0.31937509
"2001-04-24",0.305364579166667
"2001-04-25",0.29246465375
"2001-04-26",0.283763588333333
"2001-04-27",0.277332835
"2001-04-28",0.27259095125
"2001-04-29",0.266443530833333
"2001-04-30",0.25898831875
"2001-05-01",0.253648471666667
"2001-05-02",0.246033025
"2001-05-03",0.232155243333333
"2001-05-04",0.222724154583333
"2001-05-05",0.21850886625
"2001-05-06",0.215150455416667
"2001-05-07",0.20951132875
"2001-05-08",0.203395155833333
"2001-05-09",0.198485175
"2001-05-10",0.195024932083333
"2001-05-11",0.19228107
"2001-05-12",0.19088292625
"2001-05-13",0.190083225833333
"2001-05-14",0.188233549583333
"2001-05-15",0.185731455416667
"2001-05-16",0.183900662083333
"2001-05-17",0.181742491666667
"2001-05-18",0.179246725833333
"2001-05-19",0.176764657916667
"2001-05-20",0.174979630416667
"2001-05-21",0.172724585416667
"2001-05-22",0.171378057083333
"2001-05-23",0.169813810833333
"2001-05-24",0.167234973333333
"2001-05-25",0.164596518333333
"2001-05-26",0.162969619166667
"2001-05-27",0.16222062
"2001-05-28",0.16186856125
"2001-05-29",0.161034577083333
"2001-05-30",0.158859533333333
"2001-05-31",0.15559478125
"2001-06-01",0.153946275416667
"2001-06-02",0.153487912916667
"2001-06-03",0.1529856125
"2001-06-04",0.152243547083333
"2001-06-05",0.151441911666667
"2001-06-06",0.1503668125
"2001-06-07",0.148876419166667
"2001-06-08",0.147342901666667
"2001-06-09",0.146803322083333
"2001-06-10",0.146708355
"2001-06-11",0.146856439166667
"2001-06-12",0.1487991125
"2001-06-13",0.14942557375
"2001-06-14",0.147571106666667
"2001-06-15",0.146041157916667
"2001-06-16",0.145034977916667
"2001-06-17",0.14421903625
"2001-06-18",0.143251114583333
"2001-06-19",0.142234807083333
"2001-06-20",0.141295309166667
"2001-06-21",0.140612999583333
"2001-06-22",0.14005542625
"2001-06-23",0.139815752916667
"2001-06-24",0.139742140833333
"2001-06-25",0.139749144166667
"2001-06-26",0.14256161125
"2001-06-27",0.14457016875
"2001-06-28",0.146976865833333
"2001-06-29",0.146518198333333
"2001-06-30",0.145489647916667
"2001-07-01",0.14409156625
"2001-07-02",0.142558835833333
"2001-07-03",0.141020762083333
"2001-07-04",0.13983400375
"2001-07-05",0.139360603333333
"2001-07-06",0.1389604575
"2001-07-07",0.138491839166667
"2001-07-08",0.138025247083333
"2001-07-09",0.137785520833333
"2001-07-10",0.137817959166667
"2001-07-11",0.137801130416667
"2001-07-12",0.137863702916667
"2001-07-13",0.137866242916667
"2001-07-14",0.138025775416667
"2001-07-15",0.139562772916667
"2001-07-16",0.141521225833333
"2001-07-17",0.142681625416667
"2001-07-18",0.142613862083333
"2001-07-19",0.142782272916667
"2001-07-20",0.14424643375
"2001-07-21",0.14503018
"2001-07-22",0.144855892916667
"2001-07-23",0.144092553333333
"2001-07-24",0.14328553625
"2001-07-25",0.143666455833333
"2001-07-26",0.143727183333333
"2001-07-27",0.142718349166667
"2001-07-28",0.141716218333333
"2001-07-29",0.14082414625
"2001-07-30",0.140754735
"2001-07-31",0.141298457916667
"2001-08-01",0.14082836375
"2001-08-02",0.140198238333333
"2001-08-03",0.139759419166667
"2001-08-04",0.139666329583333
"2001-08-05",0.139237870416667
"2001-08-06",0.13873997125
"2001-08-07",0.138310862083333
"2001-08-08",0.1377585625
"2001-08-09",0.137434152916667
"2001-08-10",0.137460815
"2001-08-11",0.137208874583333
"2001-08-12",0.136979800833333
"2001-08-13",0.1367350975
"2001-08-14",0.136514807916667
"2001-08-15",0.13655957
"2001-08-16",0.136509225
"2001-08-17",0.136096725416667
"2001-08-18",0.1356218625
"2001-08-19",0.135349757916667
"2001-08-20",0.135471025833333
"2001-08-21",0.1359768275
"2001-08-22",0.13803997125
"2001-08-23",0.139783168333333
"2001-08-24",0.139776133333333
"2001-08-25",0.139312242916667
"2001-08-26",0.138545331666667
"2001-08-27",0.137855281666667
"2001-08-28",0.13701118875
"2001-08-29",0.137288895833333
"2001-08-30",0.140869113333333
"2001-08-31",0.143222032916667
"2001-09-01",0.14323332875
"2001-09-02",0.142461145833333
"2001-09-03",0.141361072083333
"2001-09-04",0.140176204583333
"2001-09-05",0.139400399583333
"2001-09-06",0.138744581666667
"2001-09-07",0.137918124583333
"2001-09-08",0.137854563333333
"2001-09-09",0.13793455875
"2001-09-10",0.137739444583333
"2001-09-11",0.137531625833333
"2001-09-12",0.137303837083333
"2001-09-13",0.137683786666667
"2001-09-14",0.137696132083333
"2001-09-15",0.137319343333333
"2001-09-16",0.13738481125
"2001-09-17",0.13773849625
"2001-09-18",0.137466896666667
"2001-09-19",0.13713870875
"2001-09-20",0.1367993425
"2001-09-21",0.136483429583333
"2001-09-22",0.136185565
"2001-09-23",0.13591117125
"2001-09-24",0.136004090416667
"2001-09-25",0.160263751666667
"2001-09-26",0.161551845
"2001-09-27",0.158288740833333
"2001-09-28",0.15529936375
"2001-09-29",0.152372815
"2001-09-30",0.149571334583333
"2001-10-01",0.14715275875
"2001-10-02",0.1455952025
"2001-10-03",0.14446512875
"2001-10-04",0.144246858333333
"2001-10-05",0.144285064583333
"2001-10-06",0.144088262916667
"2001-10-07",0.143586507083333
"2001-10-08",0.14290627
"2001-10-09",0.142201364583333
"2001-10-10",0.141086493333333
"2001-10-11",0.140130884166667
"2001-10-12",0.139484285416667
"2001-10-13",0.138069780416667
"2001-10-14",0.136717441666667
"2001-10-15",0.1357721825
"2001-10-16",0.135431789166667
"2001-10-17",0.135388206666667
"2001-10-18",0.135372272083333
"2001-10-19",0.135204777083333
"2001-10-20",0.135005019583333
"2001-10-21",0.135000690833333
"2001-10-22",0.135256790416667
"2001-10-23",0.13518000375
"2001-10-24",0.13501642
"2001-10-25",0.134517275416667
"2001-10-26",0.134117495416667
"2001-10-27",0.135416424166667
"2001-10-28",0.1376210925
"2001-10-29",0.141396431666667
"2001-10-30",0.208680414583333
"2001-10-31",0.292482451666667
"2001-11-01",0.27180332
"2001-11-02",0.25642370375
"2001-11-03",0.244699277083333
"2001-11-04",0.234111169166667
"2001-11-05",0.224905853333333
"2001-11-06",0.218191465833333
"2001-11-07",0.212649118333333
"2001-11-08",0.205833713333333
"2001-11-09",0.1994041425
"2001-11-10",0.196316785833333
"2001-11-11",0.272817395833333
"2001-11-12",0.3307410675
"2001-11-13",0.363271753333333
"2001-11-14",0.330934785
"2001-11-15",0.314675896666667
"2001-11-16",0.305468920416667
"2001-11-17",0.300279065416667
"2001-11-18",0.29382905
"2001-11-19",0.287365409166667
"2001-11-20",0.283400892916667
"2001-11-21",0.291308807083333
"2001-11-22",0.349374514583333
"2001-11-23",0.3370238225
"2001-11-24",0.36229637375
"2001-11-25",0.391247820833333
"2001-11-26",0.37049461875
"2001-11-27",0.3563488575
"2001-11-28",0.3434655875
"2001-11-29",0.405532305
"2001-11-30",0.395569372083333
"2001-12-01",0.39355937
"2001-12-02",0.42762531375
"2001-12-03",0.420511075833333
"2001-12-04",0.396823531666667
"2001-12-05",0.384913514166667
"2001-12-06",0.39877634875
"2001-12-07",0.380883517083333
"2001-12-08",0.367187154583333
"2001-12-09",0.363269602083333
"2001-12-10",0.358886785416667
"2001-12-11",0.34878675375
"2001-12-12",0.342654919166667
"2001-12-13",0.339219089583333
"2001-12-14",0.36929856125
"2001-12-15",0.36568507125
"2001-12-16",0.355392478333333
"2001-12-17",0.376008104583333
"2001-12-18",0.388005301666667
"2001-12-19",0.37218779625
"2001-12-20",0.410024323333333
"2001-12-21",0.412151152083333
"2001-12-22",0.403683829166667
"2001-12-23",0.408083922916667
"2001-12-24",0.389879245
"2001-12-25",0.379730776666667
"2001-12-26",0.375427484583333
"2001-12-27",0.3696759825
"2001-12-28",0.389680822083333
"2001-12-29",0.42934030625
"2001-12-30",0.426673523333333
"2001-12-31",0.423232717916667
"2002-01-01",0.4013577575
"2002-01-02",0.418291527083333
"2002-01-03",0.405028859166667
"2002-01-04",0.389892727083333
"2002-01-05",0.384546472083333
"2002-01-06",0.382907372916667
"2002-01-07",0.373356664166667
"2002-01-08",0.368136534166667
"2002-01-09",0.363526717083333
"2002-01-10",0.359087726666667
"2002-01-11",0.35221966375
"2002-01-12",0.346555510416667
"2002-01-13",0.34240651625
"2002-01-14",0.338611145416667
"2002-01-15",0.334170844583333
"2002-01-16",0.328008924166667
"2002-01-17",0.323724674166667
"2002-01-18",0.32195480125
"2002-01-19",0.318815965
"2002-01-20",0.315176923333333
"2002-01-21",0.3135039275
"2002-01-22",0.321875645416667
"2002-01-23",0.315496889583333
"2002-01-24",0.30938834625
"2002-01-25",0.306292848333333
"2002-01-26",0.326874643333333
"2002-01-27",0.37767867375
"2002-01-28",0.378209545416667
"2002-01-29",0.385044720416667
"2002-01-30",0.364247490833333
"2002-01-31",0.351213132916667
"2002-02-01",0.344765995833333
"2002-02-02",0.339390893333333
"2002-02-03",0.335267267083333
"2002-02-04",0.330578800416667
"2002-02-05",0.32541261625
"2002-02-06",0.32285501125
"2002-02-07",0.3302466175
"2002-02-08",0.39467204375
"2002-02-09",0.363933595
"2002-02-10",0.34829923625
"2002-02-11",0.338488197916667
"2002-02-12",0.33237798375
"2002-02-13",0.328027972916667
"2002-02-14",0.328101659166667
"2002-02-15",0.325613444166667
"2002-02-16",0.3224616475
"2002-02-17",0.40119905625
"2002-02-18",0.38760056375
"2002-02-19",0.389257584166667
"2002-02-20",0.406491450416667
"2002-02-21",0.385619960416667
"2002-02-22",0.372536735833333
"2002-02-23",0.36550094375
"2002-02-24",0.358445074583333
"2002-02-25",0.351070075
"2002-02-26",0.34088213625
"2002-02-27",0.332283952916667
"2002-02-28",0.325366567083333
"2002-03-01",0.318873005416667
"2002-03-02",0.30889923625
"2002-03-03",0.30340274625
"2002-03-04",0.299523935
"2002-03-05",0.296474874583333
"2002-03-06",0.338406884583333
"2002-03-07",0.407667082916667
"2002-03-08",0.385243492916667
"2002-03-09",0.363479187083333
"2002-03-10",0.373247910833333
"2002-03-11",0.372035239583333
"2002-03-12",0.357832280416667
"2002-03-13",0.348733190833333
"2002-03-14",0.3405937325
"2002-03-15",0.33215642125
"2002-03-16",0.341565790833333
"2002-03-17",0.349792437083333
"2002-03-18",0.371823507083333
"2002-03-19",0.346017910416667
"2002-03-20",0.333492594166667
"2002-03-21",0.326464309166667
"2002-03-22",0.327694094166667
"2002-03-23",0.406362547916667
"2002-03-24",0.40044237
"2002-03-25",0.378468984166667
"2002-03-26",0.366177203333333
"2002-03-27",0.354900820416667
"2002-03-28",0.345686905
"2002-03-29",0.340663415416667
"2002-03-30",0.33491912625
"2002-03-31",0.32820406125
"2002-04-01",0.321343250416667
"2002-04-02",0.316647397916667
"2002-04-03",0.313172886666667
"2002-04-04",0.308894969166667
"2002-04-05",0.30639429125
"2002-04-06",0.31175903875
"2002-04-07",0.30617252875
"2002-04-08",0.300834042083333
"2002-04-09",0.296920673333333
"2002-04-10",0.297981259583333
"2002-04-11",0.291471407916667
"2002-04-12",0.286020462083333
"2002-04-13",0.27850963
"2002-04-14",0.27063198375
"2002-04-15",0.265389727916667
"2002-04-16",0.259383777083333
"2002-04-17",0.276918373333333
"2002-04-18",0.277826042083333
"2002-04-19",0.269747724166667
"2002-04-20",0.260266620833333
"2002-04-21",0.25608317
"2002-04-22",0.249789070416667
"2002-04-23",0.240494432916667
"2002-04-24",0.235804428333333
"2002-04-25",0.2320407775
"2002-04-26",0.233416020833333
"2002-04-27",0.241189795833333
"2002-04-28",0.24066648625
"2002-04-29",0.278846552916667
"2002-04-30",0.313325362083333
"2002-05-01",0.305243149583333
"2002-05-02",0.291173750416667
"2002-05-03",0.28024741625
"2002-05-04",0.270077953333333
"2002-05-05",0.260254781666667
"2002-05-06",0.250539374583333
"2002-05-07",0.243365382083333
"2002-05-08",0.237024009583333
"2002-05-09",0.230504885416667
"2002-05-10",0.22575678375
"2002-05-11",0.22161050125
"2002-05-12",0.21605762125
"2002-05-13",0.211009996666667
"2002-05-14",0.2073055325
"2002-05-15",0.20407865625
"2002-05-16",0.200478270833333
"2002-05-17",0.197022936666667
"2002-05-18",0.19432231375
"2002-05-19",0.195041073333333
"2002-05-20",0.287299175833333
"2002-05-21",0.375989253333333
"2002-05-22",0.335141747916667
"2002-05-23",0.309457404583333
"2002-05-24",0.291220202916667
"2002-05-25",0.2773225675
"2002-05-26",0.269251729166667
"2002-05-27",0.262545022083333
"2002-05-28",0.256914450833333
"2002-05-29",0.250367511666667
"2002-05-30",0.242984380416667
"2002-05-31",0.235434493333333
"2002-06-01",0.231165104166667
"2002-06-02",0.229043295
"2002-06-03",0.22722886
"2002-06-04",0.2213491575
"2002-06-05",0.213705572916667
"2002-06-06",0.205943650833333
"2002-06-07",0.200220833333333
"2002-06-08",0.195770154583333
"2002-06-09",0.190182597083333
"2002-06-10",0.18399483875
"2002-06-11",0.178271008333333
"2002-06-12",0.17681769125
"2002-06-13",0.176538561666667
"2002-06-14",0.175610080416667
"2002-06-15",0.173855165416667
"2002-06-16",0.171772405416667
"2002-06-17",0.16962535125
"2002-06-18",0.1676807325
"2002-06-19",0.166754009583333
"2002-06-20",0.16478794125
"2002-06-21",0.166091248333333
"2002-06-22",0.170116059583333
"2002-06-23",0.170015277916667
"2002-06-24",0.16877095
"2002-06-25",0.167304709166667
"2002-06-26",0.165182416666667
"2002-06-27",0.165390784583333
"2002-06-28",0.165739919166667
"2002-06-29",0.164474083333333
"2002-06-30",0.162826990416667
"2002-07-01",0.160041685416667
"2002-07-02",0.157947019166667
"2002-07-03",0.157112654583333
"2002-07-04",0.1555977825
"2002-07-05",0.154254079166667
"2002-07-06",0.15310593875
"2002-07-07",0.15177475625
"2002-07-08",0.150855534166667
"2002-07-09",0.148900798333333
"2002-07-10",0.146629715833333
"2002-07-11",0.145053309583333
"2002-07-12",0.144263802083333
"2002-07-13",0.143507807916667
"2002-07-14",0.143052343333333
"2002-07-15",0.142835087083333
"2002-07-16",0.143032506666667
"2002-07-17",0.143421802083333
"2002-07-18",0.144526177083333
"2002-07-19",0.145918452916667
"2002-07-20",0.1459385575
"2002-07-21",0.145760423333333
"2002-07-22",0.145544315416667
"2002-07-23",0.145109313333333
"2002-07-24",0.144298950416667
"2002-07-25",0.143266149583333
"2002-07-26",0.142588636666667
"2002-07-27",0.142247795416667
"2002-07-28",0.142078065833333
"2002-07-29",0.141593035
"2002-07-30",0.141141186666667
"2002-07-31",0.14071929125
"2002-08-01",0.14056519
"2002-08-02",0.142555825833333
"2002-08-03",0.144773115416667
"2002-08-04",0.145778805416667
"2002-08-05",0.144755777916667
"2002-08-06",0.143461978333333
"2002-08-07",0.142338452083333
"2002-08-08",0.140904787083333
"2002-08-09",0.139456446666667
"2002-08-10",0.138138582916667
"2002-08-11",0.137329366666667
"2002-08-12",0.136878043333333
"2002-08-13",0.136547014583333
"2002-08-14",0.136278290833333
"2002-08-15",0.136095184166667
"2002-08-16",0.13619502375
"2002-08-17",0.136259195833333
"2002-08-18",0.136259155833333
"2002-08-19",0.136502675416667
"2002-08-20",0.136929983333333
"2002-08-21",0.136782285833333
"2002-08-22",0.137334225
"2002-08-23",0.13800712875
"2002-08-24",0.138121431666667
"2002-08-25",0.13809142
"2002-08-26",0.137977359583333
"2002-08-27",0.137307735833333
"2002-08-28",0.136740425833333
"2002-08-29",0.13826825
"2002-08-30",0.138918929166667
"2002-08-31",0.13837284
"2002-09-01",0.137725621666667
"2002-09-02",0.13655488125
"2002-09-03",0.13570971
"2002-09-04",0.135376370833333
"2002-09-05",0.134955471666667
"2002-09-06",0.13470555375
"2002-09-07",0.134755663333333
"2002-09-08",0.13472515375
"2002-09-09",0.134391305416667
"2002-09-10",0.13384122125
"2002-09-11",0.133344536666667
"2002-09-12",0.133215926666667
"2002-09-13",0.133292349583333
"2002-09-14",0.133326170416667
"2002-09-15",0.13339611625
"2002-09-16",0.133734549166667
"2002-09-17",0.13381193875
"2002-09-18",0.133978570833333
"2002-09-19",0.133921670833333
"2002-09-20",0.133586544583333
"2002-09-21",0.1335320675
"2002-09-22",0.133360609166667
"2002-09-23",0.133047119166667
"2002-09-24",0.132619469166667
"2002-09-25",0.13237514125
"2002-09-26",0.132398616666667
"2002-09-27",0.134357567083333
"2002-09-28",0.14174059625
"2002-09-29",0.142461669583333
"2002-09-30",0.141930492916667
"2002-10-01",0.141340689583333
"2002-10-02",0.140198022083333
"2002-10-03",0.13891523875
"2002-10-04",0.138248330416667
"2002-10-05",0.137573096666667
"2002-10-06",0.136814425833333
"2002-10-07",0.135841491666667
"2002-10-08",0.135177257083333
"2002-10-09",0.134819115416667
"2002-10-10",0.134864262083333
"2002-10-11",0.135178534166667
"2002-10-12",0.135024356666667
"2002-10-13",0.134815685
"2002-10-14",0.134547269166667
"2002-10-15",0.134525665
"2002-10-16",0.134843567916667
"2002-10-17",0.13612326875
"2002-10-18",0.1365099025
"2002-10-19",0.136642332083333
"2002-10-20",0.137204080416667
"2002-10-21",0.13750886875
"2002-10-22",0.137538445416667
"2002-10-23",0.137934717083333
"2002-10-24",0.138059443333333
"2002-10-25",0.1578131375
"2002-10-26",0.182857521666667
"2002-10-27",0.17980366875
"2002-10-28",0.176185613333333
"2002-10-29",0.173032753333333
"2002-10-30",0.16985662
"2002-10-31",0.1669837075
"2002-11-01",0.164146892083333
"2002-11-02",0.161542203333333
"2002-11-03",0.1590218275
"2002-11-04",0.156490036666667
"2002-11-05",0.155056383333333
"2002-11-06",0.153728647083333
"2002-11-07",0.239257978333333
"2002-11-08",0.399696625416667
"2002-11-09",0.405295627916667
"2002-11-10",0.3867111025
"2002-11-11",0.379763850416667
"2002-11-12",0.362168277916667
"2002-11-13",0.351751341666667
"2002-11-14",0.341961340416667
"2002-11-15",0.331785789583333
"2002-11-16",0.3235865225
"2002-11-17",0.3181149875
"2002-11-18",0.3118915825
"2002-11-19",0.304431878333333
"2002-11-20",0.29564615
"2002-11-21",0.288234246666667
"2002-11-22",0.285010560833333
"2002-11-23",0.28481214375
"2002-11-24",0.285000213333333
"2002-11-25",0.2819571675
"2002-11-26",0.276260443333333
"2002-11-27",0.269949752083333
"2002-11-28",0.264540199166667
"2002-11-29",0.2587471725
"2002-11-30",0.255645545416667
"2002-12-01",0.25592677875
"2002-12-02",0.254664900416667
"2002-12-03",0.252695551666667
"2002-12-04",0.250985367083333
"2002-12-05",0.248477299583333
"2002-12-06",0.247141619583333
"2002-12-07",0.26210414875
"2002-12-08",0.259635984166667
"2002-12-09",0.260035490416667
"2002-12-10",0.29233944625
"2002-12-11",0.2897908775
"2002-12-12",0.28218797375
"2002-12-13",0.32341027625
"2002-12-14",0.416475453333333
"2002-12-15",0.422597991666667
"2002-12-16",0.421023305416667
"2002-12-17",0.420286843333333
"2002-12-18",0.415505540416667
"2002-12-19",0.40105792375
"2002-12-20",0.42395127125
"2002-12-21",0.42202904875
"2002-12-22",0.398698530416667
"2002-12-23",0.383907488333333
"2002-12-24",0.375921622083333
"2002-12-25",0.371784422916667
"2002-12-26",0.384076378333333
"2002-12-27",0.40201252125
"2002-12-28",0.411222059166667
"2002-12-29",0.42166682
"2002-12-30",0.402335452916667
"2002-12-31",0.41325795875
"2003-01-01",0.397018852083333
"2003-01-02",0.386102934583333
"2003-01-03",0.378090575416667
"2003-01-04",0.370954062083333
"2003-01-05",0.365456014166667
"2003-01-06",0.358658280833333
"2003-01-07",0.350779929583333
"2003-01-08",0.343856920833333
"2003-01-09",0.347123682083333
"2003-01-10",0.413159512083333
"2003-01-11",0.406363955833333
"2003-01-12",0.393185017083333
"2003-01-13",0.384461350416667
"2003-01-14",0.37946428125
"2003-01-15",0.374418182083333
"2003-01-16",0.366898350833333
"2003-01-17",0.35897350125
"2003-01-18",0.353036742083333
"2003-01-19",0.3487208175
"2003-01-20",0.3451305825
"2003-01-21",0.364170970416667
"2003-01-22",0.37911870875
"2003-01-23",0.385443935833333
"2003-01-24",0.37127580875
"2003-01-25",0.362505782916667
"2003-01-26",0.35531564125
"2003-01-27",0.351011526666667
"2003-01-28",0.348077535416667
"2003-01-29",0.343232406666667
"2003-01-30",0.338230722916667
"2003-01-31",0.3333142025
"2003-02-01",0.329612759583333
"2003-02-02",0.324923173333333
"2003-02-03",0.3179062375
"2003-02-04",0.31256684625
"2003-02-05",0.306075949583333
"2003-02-06",0.30023286125
"2003-02-07",0.297314555
"2003-02-08",0.292452715416667
"2003-02-09",0.288821565416667
"2003-02-10",0.285270102083333
"2003-02-11",0.28649603125
"2003-02-12",0.32288779125
"2003-02-13",0.377647772916667
"2003-02-14",0.36480532125
"2003-02-15",0.347355540416667
"2003-02-16",0.384827933333333
"2003-02-17",0.37538461125
"2003-02-18",0.3634729775
"2003-02-19",0.361992727083333
"2003-02-20",0.368172777916667
"2003-02-21",0.353973853333333
"2003-02-22",0.3453597725
"2003-02-23",0.339170442083333
"2003-02-24",0.339316322083333
"2003-02-25",0.37905625875
"2003-02-26",0.367530424166667
"2003-02-27",0.372851045
"2003-02-28",0.361897290833333
"2003-03-01",0.349478737916667
"2003-03-02",0.340371421666667
"2003-03-03",0.335852700416667
"2003-03-04",0.333734099583333
"2003-03-05",0.328488772916667
"2003-03-06",0.323264772916667
"2003-03-07",0.31626064375
"2003-03-08",0.310714465416667
"2003-03-09",0.305799276666667
"2003-03-10",0.30130345
"2003-03-11",0.298804116666667
"2003-03-12",0.295614225833333
"2003-03-13",0.296667997083333
"2003-03-14",0.348238927916667
"2003-03-15",0.403137435
"2003-03-16",0.396422127083333
"2003-03-17",0.39391336625
"2003-03-18",0.3731054
"2003-03-19",0.360216375
"2003-03-20",0.3613219275
"2003-03-21",0.352874169166667
"2003-03-22",0.343431345416667
"2003-03-23",0.346706604583333
"2003-03-24",0.353707379166667
"2003-03-25",0.339900067916667
"2003-03-26",0.331919805
"2003-03-27",0.327364484583333
"2003-03-28",0.315356392916667
"2003-03-29",0.302127054583333
"2003-03-30",0.292241058333333
"2003-03-31",0.283988600833333
"2003-04-01",0.281110484583333
"2003-04-02",0.3063293575
"2003-04-03",0.341012154166667
"2003-04-04",0.3484066575
"2003-04-05",0.34643822125
"2003-04-06",0.325939196666667
"2003-04-07",0.316301065833333
"2003-04-08",0.305330114166667
"2003-04-09",0.295308748333333
"2003-04-10",0.288830167083333
"2003-04-11",0.287498294583333
"2003-04-12",0.322549387083333
"2003-04-13",0.410531479583333
"2003-04-14",0.388567705
"2003-04-15",0.377342259166667
"2003-04-16",0.371098334166667
"2003-04-17",0.388975404583333
"2003-04-18",0.371603403333333
"2003-04-19",0.355282227916667
"2003-04-20",0.344845239583333
"2003-04-21",0.341261657083333
"2003-04-22",0.36159998375
"2003-04-23",0.351540507083333
"2003-04-24",0.368551820833333
"2003-04-25",0.384441789583333
"2003-04-26",0.389000861666667
"2003-04-27",0.364307074166667
"2003-04-28",0.395069932083333
"2003-04-29",0.389485755833333
"2003-04-30",0.374326935416667
"2003-05-01",0.35802194875
"2003-05-02",0.3729446375
"2003-05-03",0.417050657083333
"2003-05-04",0.39705189
"2003-05-05",0.379097849583333
"2003-05-06",0.36349941125
"2003-05-07",0.356575005833333
"2003-05-08",0.349093012916667
"2003-05-09",0.342670764166667
"2003-05-10",0.331234720833333
"2003-05-11",0.3225645825
"2003-05-12",0.313967975833333
"2003-05-13",0.30553570875
"2003-05-14",0.300243986666667
"2003-05-15",0.29736185625
"2003-05-16",0.2910363525
"2003-05-17",0.283233583333333
"2003-05-18",0.27435719125
"2003-05-19",0.263803620416667
"2003-05-20",0.252686300833333
"2003-05-21",0.243929175833333
"2003-05-22",0.238541192083333
"2003-05-23",0.235354669583333
"2003-05-24",0.234637429166667
"2003-05-25",0.237725016666667
"2003-05-26",0.240515615416667
"2003-05-27",0.233059590833333
"2003-05-28",0.223974399583333
"2003-05-29",0.217764035416667
"2003-05-30",0.21749279875
"2003-05-31",0.215977395833333
"2003-06-01",0.212567507916667
"2003-06-02",0.2074845825
"2003-06-03",0.20249463125
"2003-06-04",0.2017980075
"2003-06-05",0.200884277083333
"2003-06-06",0.199353302916667
"2003-06-07",0.1975253425
"2003-06-08",0.195567784166667
"2003-06-09",0.193854024583333
"2003-06-10",0.195195949583333
"2003-06-11",0.1970741575
"2003-06-12",0.19645236125
"2003-06-13",0.1942732775
"2003-06-14",0.191420489166667
"2003-06-15",0.187661259583333
"2003-06-16",0.184013769166667
"2003-06-17",0.180822454166667
"2003-06-18",0.179744727916667
"2003-06-19",0.180524107916667
"2003-06-20",0.180533240833333
"2003-06-21",0.179001627083333
"2003-06-22",0.177745263333333
"2003-06-23",0.175110692083333
"2003-06-24",0.172574092083333
"2003-06-25",0.168733951666667
"2003-06-26",0.162865740416667
"2003-06-27",0.157998713333333
"2003-06-28",0.15441202875
"2003-06-29",0.152972785
"2003-06-30",0.152587915833333
"2003-07-01",0.152177109166667
"2003-07-02",0.151409290416667
"2003-07-03",0.150575090416667
"2003-07-04",0.1497517775
"2003-07-05",0.14886937
"2003-07-06",0.149064077083333
"2003-07-07",0.150379313333333
"2003-07-08",0.1505325375
"2003-07-09",0.149871957916667
"2003-07-10",0.149072135833333
"2003-07-11",0.148310002916667
"2003-07-12",0.147535866666667
"2003-07-13",0.1469626725
"2003-07-14",0.146568459166667
"2003-07-15",0.145699209583333
"2003-07-16",0.145398236666667
"2003-07-17",0.144772937916667
"2003-07-18",0.14375713
"2003-07-19",0.143030795
"2003-07-20",0.142793404583333
"2003-07-21",0.142220059583333
"2003-07-22",0.141765997083333
"2003-07-23",0.141687625416667
"2003-07-24",0.142019826666667
"2003-07-25",0.1417015575
"2003-07-26",0.141407445833333
"2003-07-27",0.14094625125
"2003-07-28",0.14057483375
"2003-07-29",0.140266484583333
"2003-07-30",0.140183789166667
"2003-07-31",0.14015931625
"2003-08-01",0.140749346666667
"2003-08-02",0.140732862083333
"2003-08-03",0.140519711666667
"2003-08-04",0.140092975833333
"2003-08-05",0.139981204583333
"2003-08-06",0.140102835
"2003-08-07",0.139948705416667
"2003-08-08",0.139530050416667
"2003-08-09",0.139100379583333
"2003-08-10",0.138631868333333
"2003-08-11",0.1381919525
"2003-08-12",0.13792080875
"2003-08-13",0.137951672083333
"2003-08-14",0.138100660416667
"2003-08-15",0.137998307083333
"2003-08-16",0.137747796666667
"2003-08-17",0.137528845833333
"2003-08-18",0.137627272083333
"2003-08-19",0.137938494583333
"2003-08-20",0.138053389583333
"2003-08-21",0.13769640875
"2003-08-22",0.149724035833333
"2003-08-23",0.15170352375
"2003-08-24",0.148998044583333
"2003-08-25",0.1463168675
"2003-08-26",0.145194439166667
"2003-08-27",0.144785693333333
"2003-08-28",0.14378601125
"2003-08-29",0.143171521666667
"2003-08-30",0.142608595
"2003-08-31",0.141824849583333
"2003-09-01",0.140890556666667
"2003-09-02",0.140139891666667
"2003-09-03",0.139468878333333
"2003-09-04",0.139281578333333
"2003-09-05",0.139214512916667
"2003-09-06",0.138539406666667
"2003-09-07",0.137981539166667
"2003-09-08",0.137846778333333
"2003-09-09",0.137636358333333
"2003-09-10",0.14165797
"2003-09-11",0.140822251666667
"2003-09-12",0.138963135833333
"2003-09-13",0.13741015125
"2003-09-14",0.136605379583333
"2003-09-15",0.136390157916667
"2003-09-16",0.136335590416667
"2003-09-17",0.136012575833333
"2003-09-18",0.135405439583333
"2003-09-19",0.1345747
"2003-09-20",0.134120844166667
"2003-09-21",0.133617394166667
"2003-09-22",0.13311166375
"2003-09-23",0.133090985833333
"2003-09-24",0.133965509166667
"2003-09-25",0.134852404583333
"2003-09-26",0.135178772083333
"2003-09-27",0.135549264583333
"2003-09-28",0.135762581666667
"2003-09-29",0.135848353333333
"2003-09-30",0.135588122083333
"2003-10-01",0.135415183333333
"2003-10-02",0.135382505416667
"2003-10-03",0.13638281
"2003-10-04",0.13720452125
"2003-10-05",0.137094787916667
"2003-10-06",0.136793187083333
"2003-10-07",0.136586801666667
"2003-10-08",0.13678144125
"2003-10-09",0.136725243333333
"2003-10-10",0.136331557083333
"2003-10-11",0.135896171666667
"2003-10-12",0.135542920833333
"2003-10-13",0.13511879125
"2003-10-14",0.134570989583333
"2003-10-15",0.134310894583333
"2003-10-16",0.13424192125
"2003-10-17",0.1342307975
"2003-10-18",0.134153993333333
"2003-10-19",0.1341585775
"2003-10-20",0.134147395416667
"2003-10-21",0.134181794583333
"2003-10-22",0.134309152916667
"2003-10-23",0.134368851666667
"2003-10-24",0.1340139475
"2003-10-25",0.13323924
"2003-10-26",0.13266054125
"2003-10-27",0.132062734166667
"2003-10-28",0.13160791375
"2003-10-29",0.131460442083333
"2003-10-30",0.13169697
"2003-10-31",0.151332296666667
"2003-11-01",0.177168491666667
"2003-11-02",0.17433702375
"2003-11-03",0.220774403333333
"2003-11-04",0.237271790416667
"2003-11-05",0.227913214166667
"2003-11-06",0.220408478333333
"2003-11-07",0.2655971075
"2003-11-08",0.287757917083333
"2003-11-09",0.36854532875
"2003-11-10",0.3526472325
"2003-11-11",0.315648442916667
"2003-11-12",0.295342150833333
"2003-11-13",0.283525982083333
"2003-11-14",0.28629624375
"2003-11-15",0.31800371625
"2003-11-16",0.317477597083333
"2003-11-17",0.30667229875
"2003-11-18",0.29887262125
"2003-11-19",0.287253577916667
"2003-11-20",0.279588238333333
"2003-11-21",0.272093642083333
"2003-11-22",0.263407585833333
"2003-11-23",0.254884230416667
"2003-11-24",0.248674134166667
"2003-11-25",0.245192245
"2003-11-26",0.24166277875
"2003-11-27",0.237789405833333
"2003-11-28",0.233631074166667
"2003-11-29",0.243298720416667
"2003-11-30",0.254919125416667
"2003-12-01",0.3630567625
"2003-12-02",0.368582460416667
"2003-12-03",0.337872552916667
"2003-12-04",0.322157102916667
"2003-12-05",0.335810708333333
"2003-12-06",0.33569679875
"2003-12-07",0.380087855
"2003-12-08",0.359068333333333
"2003-12-09",0.348017687916667
"2003-12-10",0.416426394166667
"2003-12-11",0.403167973333333
"2003-12-12",0.380306026666667
"2003-12-13",0.38321366
"2003-12-14",0.398390319166667
"2003-12-15",0.384447512083333
"2003-12-16",0.369191252083333
"2003-12-17",0.357845332083333
"2003-12-18",0.3482076275
"2003-12-19",0.3408428325
"2003-12-20",0.39470130375
"2003-12-21",0.393969529583333
"2003-12-22",0.372472207916667
"2003-12-23",0.380540030833333
"2003-12-24",0.417032850416667
"2003-12-25",0.414883183333333
"2003-12-26",0.40138313125
"2003-12-27",0.387851560416667
"2003-12-28",0.37535973
"2003-12-29",0.388102351666667
"2003-12-30",0.41725156125
"2003-12-31",0.394434191666667
"2004-01-01",0.40921841375
"2004-01-02",0.399881973333333
"2004-01-03",0.403400659166667
"2004-01-04",0.3848499425
"2004-01-05",0.375359144166667
"2004-01-06",0.368124110833333
"2004-01-07",0.37917656875
"2004-01-08",0.390100889166667
"2004-01-09",0.38761084125
"2004-01-10",0.398615697083333
"2004-01-11",0.381411259166667
"2004-01-12",0.37371673625
"2004-01-13",0.368084503333333
"2004-01-14",0.36637181875
"2004-01-15",0.380919840833333
"2004-01-16",0.368228867916667
"2004-01-17",0.361424694166667
"2004-01-18",0.3638562125
"2004-01-19",0.360160726666667
"2004-01-20",0.356466755
"2004-01-21",0.3514260125
"2004-01-22",0.344643629583333
"2004-01-23",0.339141887916667
"2004-01-24",0.3590840575
"2004-01-25",0.361507360833333
"2004-01-26",0.348404253333333
"2004-01-27",0.36536765875
"2004-01-28",0.3774272725
"2004-01-29",0.36065046
"2004-01-30",0.35577524875
"2004-01-31",0.35185511875
"2004-02-01",0.3470530125
"2004-02-02",0.38762337375
"2004-02-03",0.424367572916667
"2004-02-04",0.406237845416667
"2004-02-05",0.387754222083333
"2004-02-06",0.377866330416667
"2004-02-07",0.372977464166667
"2004-02-08",0.36448173125
"2004-02-09",0.35628635125
"2004-02-10",0.3483743825
"2004-02-11",0.341862431666667
"2004-02-12",0.338366560833333
"2004-02-13",0.335477807916667
"2004-02-14",0.349070525416667
"2004-02-15",0.341374417083333
"2004-02-16",0.381000886666667
"2004-02-17",0.395820327916667
"2004-02-18",0.4142002825
"2004-02-19",0.3916841275
"2004-02-20",0.400019410416667
"2004-02-21",0.391812643333333
"2004-02-22",0.399735470833333
"2004-02-23",0.395191468333333
"2004-02-24",0.39135527875
"2004-02-25",0.405608255
"2004-02-26",0.42529682625
"2004-02-27",0.41506708125
"2004-02-28",0.395832091666667
"2004-02-29",0.381766589583333
"2004-03-01",0.3977086425
"2004-03-02",0.396027802083333
"2004-03-03",0.375528027916667
"2004-03-04",0.366688954166667
"2004-03-05",0.358147053333333
"2004-03-06",0.351169280416667
"2004-03-07",0.344235481666667
"2004-03-08",0.334390916666667
"2004-03-09",0.32636622625
"2004-03-10",0.31896036375
"2004-03-11",0.30867660625
"2004-03-12",0.302413973333333
"2004-03-13",0.29845799375
"2004-03-14",0.295431397916667
"2004-03-15",0.290188996666667
"2004-03-16",0.2815423575
"2004-03-17",0.271609844583333
"2004-03-18",0.264228446666667
"2004-03-19",0.260783552083333
"2004-03-20",0.256638255833333
"2004-03-21",0.25430887125
"2004-03-22",0.25260288375
"2004-03-23",0.252881627916667
"2004-03-24",0.250965876666667
"2004-03-25",0.251149312083333
"2004-03-26",0.3377318275
"2004-03-27",0.319266895416667
"2004-03-28",0.304572129583333
"2004-03-29",0.288963285
"2004-03-30",0.281073936666667
"2004-03-31",0.277397324166667
"2004-04-01",0.269291233333333
"2004-04-02",0.258776338333333
"2004-04-03",0.249613750416667
"2004-04-04",0.2458685825
"2004-04-05",0.244557373333333
"2004-04-06",0.241592660416667
"2004-04-07",0.238743745
"2004-04-08",0.235667114583333
"2004-04-09",0.2333857175
"2004-04-10",0.230481138333333
"2004-04-11",0.227952800416667
"2004-04-12",0.225601283333333
"2004-04-13",0.222903364583333
"2004-04-14",0.221244247083333
"2004-04-15",0.221107934166667
"2004-04-16",0.219040498333333
"2004-04-17",0.21892459375
"2004-04-18",0.221352935416667
"2004-04-19",0.225239524166667
"2004-04-20",0.2385587375
"2004-04-21",0.247287156666667
"2004-04-22",0.24149522
"2004-04-23",0.229439911666667
"2004-04-24",0.220176114583333
"2004-04-25",0.212456386666667
"2004-04-26",0.203112361666667
"2004-04-27",0.192500205833333
"2004-04-28",0.184937049166667
"2004-04-29",0.182063105
"2004-04-30",0.178441124166667
"2004-05-01",0.176495737083333
"2004-05-02",0.173321759166667
"2004-05-03",0.170340355
"2004-05-04",0.168286650833333
"2004-05-05",0.1672777625
"2004-05-06",0.16608330875
"2004-05-07",0.165602631666667
"2004-05-08",0.16500587625
"2004-05-09",0.16399815
"2004-05-10",0.1628832675
"2004-05-11",0.16201183875
"2004-05-12",0.161460840416667
"2004-05-13",0.160647785
"2004-05-14",0.15994235625
"2004-05-15",0.159006315416667
"2004-05-16",0.158592645833333
"2004-05-17",0.15837567125
"2004-05-18",0.158125770833333
"2004-05-19",0.157455044166667
"2004-05-20",0.157550819583333
"2004-05-21",0.15814565375
"2004-05-22",0.15793102
"2004-05-23",0.157494149166667
"2004-05-24",0.157330064166667
"2004-05-25",0.15758829875
"2004-05-26",0.156874992916667
"2004-05-27",0.156828999583333
"2004-05-28",0.184112198333333
"2004-05-29",0.20512798125
"2004-05-30",0.1963501625
"2004-05-31",0.188561620833333
"2004-06-01",0.182383709166667
"2004-06-02",0.176785066666667
"2004-06-03",0.172766112083333
"2004-06-04",0.169590825416667
"2004-06-05",0.16619041625
"2004-06-06",0.16351498
"2004-06-07",0.160608089166667
"2004-06-08",0.158572179583333
"2004-06-09",0.15795630875
"2004-06-10",0.157716470833333
"2004-06-11",0.1568152825
"2004-06-12",0.155177970416667
"2004-06-13",0.153376606666667
"2004-06-14",0.15175782125
"2004-06-15",0.150019524583333
"2004-06-16",0.148439310416667
"2004-06-17",0.150386185
"2004-06-18",0.151355738333333
"2004-06-19",0.150432222083333
"2004-06-20",0.149659874583333
"2004-06-21",0.14988502375
"2004-06-22",0.149771350416667
"2004-06-23",0.14875276125
"2004-06-24",0.147826229583333
"2004-06-25",0.14678912875
"2004-06-26",0.145512203333333
"2004-06-27",0.14482579875
"2004-06-28",0.144419105416667
"2004-06-29",0.146158839583333
"2004-06-30",0.14687581125
"2004-07-01",0.146544941666667
"2004-07-02",0.146221197916667
"2004-07-03",0.146472364583333
"2004-07-04",0.146863566666667
"2004-07-05",0.146297099583333
"2004-07-06",0.145513172083333
"2004-07-07",0.145367025416667
"2004-07-08",0.146835085833333
"2004-07-09",0.148768762916667
"2004-07-10",0.14899589125
"2004-07-11",0.14746841625
"2004-07-12",0.14570061875
"2004-07-13",0.14479417625
"2004-07-14",0.1441750125
"2004-07-15",0.143274965416667
"2004-07-16",0.141979313333333
"2004-07-17",0.141918040416667
"2004-07-18",0.1415235825
"2004-07-19",0.140772555833333
"2004-07-20",0.14020639375
"2004-07-21",0.139678875
"2004-07-22",0.139245997083333
"2004-07-23",0.139378756666667
"2004-07-24",0.13942118
"2004-07-25",0.1392244275
"2004-07-26",0.138553254166667
"2004-07-27",0.13808304375
"2004-07-28",0.13790663375
"2004-07-29",0.137799791666667
"2004-07-30",0.13781086375
"2004-07-31",0.13929838625
"2004-08-01",0.141100995416667
"2004-08-02",0.141303869583333
"2004-08-03",0.140905554166667
"2004-08-04",0.14058397875
"2004-08-05",0.140332502916667
"2004-08-06",0.1394430975
"2004-08-07",0.138679112083333
"2004-08-08",0.138133165833333
"2004-08-09",0.13776398125
"2004-08-10",0.1375098475
"2004-08-11",0.13704839625
"2004-08-12",0.136633244583333
"2004-08-13",0.13661768375
"2004-08-14",0.136748360833333
"2004-08-15",0.136776220416667
"2004-08-16",0.136369133333333
"2004-08-17",0.13600381625
"2004-08-18",0.13572904375
"2004-08-19",0.135808281666667
"2004-08-20",0.136273888333333
"2004-08-21",0.136539340416667
"2004-08-22",0.13642535875
"2004-08-23",0.138464490416667
"2004-08-24",0.140945615833333
"2004-08-25",0.141679552083333
"2004-08-26",0.140920810416667
"2004-08-27",0.139637936666667
"2004-08-28",0.138166050416667
"2004-08-29",0.137191962083333
"2004-08-30",0.13674818375
"2004-08-31",0.1362407
"2004-09-01",0.135734662083333
"2004-09-02",0.135306907083333
"2004-09-03",0.134851744583333
"2004-09-04",0.134028374166667
"2004-09-05",0.13310573
"2004-09-06",0.13242715875
"2004-09-07",0.13196247125
"2004-09-08",0.131619364166667
"2004-09-09",0.131366714166667
"2004-09-10",0.131419319166667
"2004-09-11",0.131627879166667
"2004-09-12",0.13209837875
"2004-09-13",0.13229745375
"2004-09-14",0.132249265833333
"2004-09-15",0.131955419166667
"2004-09-16",0.13173041
"2004-09-17",0.13168812875
"2004-09-18",0.1317111575
"2004-09-19",0.14168081
"2004-09-20",0.160464708333333
"2004-09-21",0.156860805833333
"2004-09-22",0.152834423333333
"2004-09-23",0.149639395416667
"2004-09-24",0.14727691625
"2004-09-25",0.145326993333333
"2004-09-26",0.144007898333333
"2004-09-27",0.142721365833333
"2004-09-28",0.143540022083333
"2004-09-29",0.143915385
"2004-09-30",0.144854132916667
"2004-10-01",0.1457883
"2004-10-02",0.14478242125
"2004-10-03",0.143756421666667
"2004-10-04",0.143217071666667
"2004-10-05",0.142999825
"2004-10-06",0.142603342916667
"2004-10-07",0.141972173333333
"2004-10-08",0.141528509583333
"2004-10-09",0.14141891875
"2004-10-10",0.141069955
"2004-10-11",0.1399166275
"2004-10-12",0.1381908325
"2004-10-13",0.1364560175
"2004-10-14",0.135212569166667
"2004-10-15",0.134712355416667
"2004-10-16",0.137645654166667
"2004-10-17",0.172237616666667
"2004-10-18",0.280604395833333
"2004-10-19",0.32360546625
"2004-10-20",0.407029051666667
"2004-10-21",0.37694296125
"2004-10-22",0.35760288125
"2004-10-23",0.34974593
"2004-10-24",0.354892087083333
"2004-10-25",0.343068815416667
"2004-10-26",0.366694684583333
"2004-10-27",0.371325350416667
"2004-10-28",0.36423262125
"2004-10-29",0.349331757916667
"2004-10-30",0.337624190833333
"2004-10-31",0.329895555833333
"2004-11-01",0.31891330375
"2004-11-02",0.307981735
"2004-11-03",0.30184976625
"2004-11-04",0.319664724583333
"2004-11-05",0.325064065833333
"2004-11-06",0.31416120125
"2004-11-07",0.306338220833333
"2004-11-08",0.317225416666667
"2004-11-09",0.31485113625
"2004-11-10",0.319669098333333
"2004-11-11",0.38557573625
"2004-11-12",0.398562180833333
"2004-11-13",0.372423448333333
"2004-11-14",0.359050004583333
"2004-11-15",0.349455620416667
"2004-11-16",0.343233048333333
"2004-11-17",0.33624001875
"2004-11-18",0.328987522916667
"2004-11-19",0.32325162
"2004-11-20",0.316642269166667
"2004-11-21",0.304859442916667
"2004-11-22",0.294567744166667
"2004-11-23",0.290256985416667
"2004-11-24",0.287358639583333
"2004-11-25",0.284999421666667
"2004-11-26",0.283407630416667
"2004-11-27",0.315990260416667
"2004-11-28",0.34456995375
"2004-11-29",0.318817070833333
"2004-11-30",0.306600850416667
"2004-12-01",0.298485840833333
"2004-12-02",0.2920395775
"2004-12-03",0.285619718333333
"2004-12-04",0.280054289166667
"2004-12-05",0.27806639875
"2004-12-06",0.27435556125
"2004-12-07",0.349087940416667
"2004-12-08",0.406722742916667
"2004-12-09",0.4214929175
"2004-12-10",0.394112577916667
"2004-12-11",0.37850019875
"2004-12-12",0.368393985416667
"2004-12-13",0.364819295833333
"2004-12-14",0.357541275833333
"2004-12-15",0.349531862083333
"2004-12-16",0.341217304166667
"2004-12-17",0.3343086875
"2004-12-18",0.32836835125
"2004-12-19",0.32297884125
"2004-12-20",0.318079634583333
"2004-12-21",0.315047488333333
"2004-12-22",0.308988152916667
"2004-12-23",0.302917620833333
"2004-12-24",0.298157592916667
"2004-12-25",0.295519413333333
"2004-12-26",0.300762535416667
"2004-12-27",0.382345175833333
"2004-12-28",0.421099296666667
"2004-12-29",0.425785782083333
"2004-12-30",0.422478930833333
"2004-12-31",0.419438569583333
"2005-01-01",0.416035685416667
"2005-01-02",0.42048816
"2005-01-03",0.416635359166667
"2005-01-04",0.39543523
"2005-01-05",0.390614924583333
"2005-01-06",0.385722218333333
"2005-01-07",0.40822897875
"2005-01-08",0.42558298125
"2005-01-09",0.417846192083333
"2005-01-10",0.402404966666667
"2005-01-11",0.413902154583333
"2005-01-12",0.392926638333333
"2005-01-13",0.382475159583333
"2005-01-14",0.374486914583333
"2005-01-15",0.3652204875
"2005-01-16",0.35840094
"2005-01-17",0.350807665833333
"2005-01-18",0.344607833333333
"2005-01-19",0.338574664583333
"2005-01-20",0.333260684583333
"2005-01-21",0.3297938875
"2005-01-22",0.328417700833333
"2005-01-23",0.325633163333333
"2005-01-24",0.32428308625
"2005-01-25",0.322183777916667
"2005-01-26",0.407613785833333
"2005-01-27",0.39895105875
"2005-01-28",0.419036534166667
"2005-01-29",0.40708017625
"2005-01-30",0.387512582916667
"2005-01-31",0.377393911666667
"2005-02-01",0.369440086666667
"2005-02-02",0.360272184166667
"2005-02-03",0.353554870416667
"2005-02-04",0.349394138333333
"2005-02-05",0.345454345416667
"2005-02-06",0.342338113333333
"2005-02-07",0.344259920416667
"2005-02-08",0.3476142025
"2005-02-09",0.340168828333333
"2005-02-10",0.334292325833333
"2005-02-11",0.328133410416667
"2005-02-12",0.3657775525
"2005-02-13",0.353433285
"2005-02-14",0.351643554583333
"2005-02-15",0.402732561666667
"2005-02-16",0.410369302083333
"2005-02-17",0.39344856
"2005-02-18",0.424156278333333
"2005-02-19",0.416020271666667
"2005-02-20",0.4248487275
"2005-02-21",0.415221659583333
"2005-02-22",0.39860151125
"2005-02-23",0.390588797083333
"2005-02-24",0.377352629583333
"2005-02-25",0.367910003333333
"2005-02-26",0.35985098875
"2005-02-27",0.364406880416667
"2005-02-28",0.404166042916667
"2005-03-01",0.384326849166667
"2005-03-02",0.405014346666667
"2005-03-03",0.390374294583333
"2005-03-04",0.40973098625
"2005-03-05",0.395996626666667
"2005-03-06",0.382776799166667
"2005-03-07",0.373033994583333
"2005-03-08",0.36573855875
"2005-03-09",0.357715946666667
"2005-03-10",0.348880329166667
"2005-03-11",0.338274446666667
"2005-03-12",0.330696129583333
"2005-03-13",0.330664955
"2005-03-14",0.328107155
"2005-03-15",0.31657286
"2005-03-16",0.311186359583333
"2005-03-17",0.307509422083333
"2005-03-18",0.3109973825
"2005-03-19",0.3796011225
"2005-03-20",0.413073930833333
"2005-03-21",0.40477863625
"2005-03-22",0.424651649583333
"2005-03-23",0.417884490416667
"2005-03-24",0.39902067
"2005-03-25",0.382513360833333
"2005-03-26",0.36928865625
"2005-03-27",0.361619321666667
"2005-03-28",0.402449123333333
"2005-03-29",0.393990679166667
"2005-03-30",0.385933570833333
"2005-03-31",0.367333696666667
"2005-04-01",0.355066036666667
"2005-04-02",0.345558754583333
"2005-04-03",0.338601691666667
"2005-04-04",0.377335014166667
"2005-04-05",0.355989189583333
"2005-04-06",0.34048996625
"2005-04-07",0.360990460833333
"2005-04-08",0.383280521666667
"2005-04-09",0.3958120925
"2005-04-10",0.374313080833333
"2005-04-11",0.36158884375
"2005-04-12",0.35420131125
"2005-04-13",0.343208984583333
"2005-04-14",0.332565051666667
"2005-04-15",0.323657913333333
"2005-04-16",0.317037647916667
"2005-04-17",0.31261586875
"2005-04-18",0.30631160875
"2005-04-19",0.29885748125
"2005-04-20",0.292121351666667
"2005-04-21",0.28860912375
"2005-04-22",0.283407369583333
"2005-04-23",0.2924581925
"2005-04-24",0.304209592083333
"2005-04-25",0.300369352916667
"2005-04-26",0.29076484875
"2005-04-27",0.288611015833333
"2005-04-28",0.36295747375
"2005-04-29",0.359447964583333
"2005-04-30",0.33449299875
"2005-05-01",0.322594855833333
"2005-05-02",0.312439241666667
"2005-05-03",0.301500306666667
"2005-05-04",0.2955922875
"2005-05-05",0.359630625416667
"2005-05-06",0.36062784
"2005-05-07",0.340173620833333
"2005-05-08",0.34218096
"2005-05-09",0.386153733333333
"2005-05-10",0.364852259583333
"2005-05-11",0.34093487375
"2005-05-12",0.326786435416667
"2005-05-13",0.31702859125
"2005-05-14",0.308202102083333
"2005-05-15",0.302617904583333
"2005-05-16",0.305066890416667
"2005-05-17",0.298197862083333
"2005-05-18",0.290992165416667
"2005-05-19",0.336594489583333
"2005-05-20",0.339882135416667
"2005-05-21",0.31502708875
"2005-05-22",0.295407018333333
"2005-05-23",0.281545702916667
"2005-05-24",0.271492545
"2005-05-25",0.263713395833333
"2005-05-26",0.258247509583333
"2005-05-27",0.25258740625
"2005-05-28",0.247699950833333
"2005-05-29",0.242852864166667
"2005-05-30",0.238801345833333
"2005-05-31",0.234603906666667
"2005-06-01",0.229357870833333
"2005-06-02",0.22233299875
"2005-06-03",0.21722437
"2005-06-04",0.213492934583333
"2005-06-05",0.210107015416667
"2005-06-06",0.205834418333333
"2005-06-07",0.20227035875
"2005-06-08",0.202263925416667
"2005-06-09",0.230339703333333
"2005-06-10",0.242008056666667
"2005-06-11",0.234951406666667
"2005-06-12",0.226843963333333
"2005-06-13",0.21653321375
"2005-06-14",0.20754617625
"2005-06-15",0.201041872083333
"2005-06-16",0.196467106666667
"2005-06-17",0.2405158275
"2005-06-18",0.2466949375
"2005-06-19",0.238443466666667
"2005-06-20",0.2295919
"2005-06-21",0.220903997083333
"2005-06-22",0.21232407625
"2005-06-23",0.205344572083333
"2005-06-24",0.20181709
"2005-06-25",0.1971779125
"2005-06-26",0.192694896666667
"2005-06-27",0.18908704375
"2005-06-28",0.186051952083333
"2005-06-29",0.18369214
"2005-06-30",0.179647885
"2005-07-01",0.17632874875
"2005-07-02",0.173429039583333
"2005-07-03",0.170957804583333
"2005-07-04",0.168492090416667
"2005-07-05",0.16660475125
"2005-07-06",0.16744140375
"2005-07-07",0.167464445833333
"2005-07-08",0.165101565416667
"2005-07-09",0.164352721666667
"2005-07-10",0.16343148
"2005-07-11",0.161527825
"2005-07-12",0.15962963625
"2005-07-13",0.157222335833333
"2005-07-14",0.1553242625
"2005-07-15",0.153500052916667
"2005-07-16",0.151798425
"2005-07-17",0.150424603333333
"2005-07-18",0.149373304583333
"2005-07-19",0.148739059166667
"2005-07-20",0.14801281375
"2005-07-21",0.147189810833333
"2005-07-22",0.146614939166667
"2005-07-23",0.14566709875
"2005-07-24",0.144544946666667
"2005-07-25",0.143980384166667
"2005-07-26",0.143447354166667
"2005-07-27",0.14288406375
"2005-07-28",0.142320839583333
"2005-07-29",0.141866833333333
"2005-07-30",0.14145854625
"2005-07-31",0.141118685416667
"2005-08-01",0.140758840416667
"2005-08-02",0.1403087625
"2005-08-03",0.139946435833333
"2005-08-04",0.139573693333333
"2005-08-05",0.139212265
"2005-08-06",0.138681967916667
"2005-08-07",0.138318442083333
"2005-08-08",0.138029113333333
"2005-08-09",0.1378151875
"2005-08-10",0.137617740833333
"2005-08-11",0.137349325833333
"2005-08-12",0.137121287083333
"2005-08-13",0.1377431575
"2005-08-14",0.138635351666667
"2005-08-15",0.138655970833333
"2005-08-16",0.13947314
"2005-08-17",0.13914963625
"2005-08-18",0.13904090875
"2005-08-19",0.139112354166667
"2005-08-20",0.138845375
"2005-08-21",0.138504592083333
"2005-08-22",0.138386074166667
"2005-08-23",0.138220500833333
"2005-08-24",0.13795291875
"2005-08-25",0.1377811925
"2005-08-26",0.137319508333333
"2005-08-27",0.136804987916667
"2005-08-28",0.136376085416667
"2005-08-29",0.13606894625
"2005-08-30",0.135797900416667
"2005-08-31",0.13522103625
"2005-09-01",0.13506045625
"2005-09-02",0.13510422125
"2005-09-03",0.135100535833333
"2005-09-04",0.135284618333333
"2005-09-05",0.13524552875
"2005-09-06",0.135045582916667
"2005-09-07",0.134938400416667
"2005-09-08",0.135563274166667
"2005-09-09",0.137753439166667
"2005-09-10",0.138708818333333
"2005-09-11",0.138342902083333
"2005-09-12",0.13820238875
"2005-09-13",0.13801106875
"2005-09-14",0.137957389166667
"2005-09-15",0.1380318825
"2005-09-16",0.138100356666667
"2005-09-17",0.138216204583333
"2005-09-18",0.138144217916667
"2005-09-19",0.137667680833333
"2005-09-20",0.137605572916667
"2005-09-21",0.138651291666667
"2005-09-22",0.138021909583333
"2005-09-23",0.137534565416667
"2005-09-24",0.137183350833333
"2005-09-25",0.136600325833333
"2005-09-26",0.136314610416667
"2005-09-27",0.13613997125
"2005-09-28",0.13559241125
"2005-09-29",0.135079066666667
"2005-09-30",0.134565290833333
"2005-10-01",0.134542541666667
"2005-10-02",0.13479933875
"2005-10-03",0.134766732916667
"2005-10-04",0.134748041666667
"2005-10-05",0.134525202083333
"2005-10-06",0.13410214625
"2005-10-07",0.133882550416667
"2005-10-08",0.133966610833333
"2005-10-09",0.134081960416667
"2005-10-10",0.134012166666667
"2005-10-11",0.13409769125
"2005-10-12",0.1342375125
"2005-10-13",0.134137503333333
"2005-10-14",0.133943393333333
"2005-10-15",0.1366461525
"2005-10-16",0.138660009166667
"2005-10-17",0.137560056666667
"2005-10-18",0.137143669166667
"2005-10-19",0.157075680833333
"2005-10-20",0.167343194583333
"2005-10-21",0.165401691666667
"2005-10-22",0.163136703333333
"2005-10-23",0.161229769583333
"2005-10-24",0.15966992875
"2005-10-25",0.15880674375
"2005-10-26",0.163185242083333
"2005-10-27",0.195149005416667
"2005-10-28",0.199801397083333
"2005-10-29",0.205028211666667
"2005-10-30",0.20482299
"2005-10-31",0.198504559583333
"2005-11-01",0.190512407916667
"2005-11-02",0.185849805416667
"2005-11-03",0.182529459166667
"2005-11-04",0.184186203333333
"2005-11-05",0.187452299166667
"2005-11-06",0.1837214375
"2005-11-07",0.183348601666667
"2005-11-08",0.2546506175
"2005-11-09",0.307838919166667
"2005-11-10",0.301700285
"2005-11-11",0.280222581666667
"2005-11-12",0.269117719583333
"2005-11-13",0.25576840125
"2005-11-14",0.244666024583333
"2005-11-15",0.2361981525
"2005-11-16",0.224847447916667
"2005-11-17",0.215437586666667
"2005-11-18",0.206744377083333
"2005-11-19",0.198606158333333
"2005-11-20",0.192510192916667
"2005-11-21",0.18684339
"2005-11-22",0.182521807916667
"2005-11-23",0.17956073375
"2005-11-24",0.177127145833333
"2005-11-25",0.218540954583333
"2005-11-26",0.275672060833333
"2005-11-27",0.259016033333333
"2005-11-28",0.246711855416667
"2005-11-29",0.304103452916667
"2005-11-30",0.330783685833333
"2005-12-01",0.343741260416667
"2005-12-02",0.3954000425
"2005-12-03",0.360380089166667
"2005-12-04",0.34449668875
"2005-12-05",0.332912930416667
"2005-12-06",0.32366635625
"2005-12-07",0.3165155475
"2005-12-08",0.3251375775
"2005-12-09",0.319443343333333
"2005-12-10",0.310325004166667
"2005-12-11",0.303005625
"2005-12-12",0.2978480425
"2005-12-13",0.295754117916667
"2005-12-14",0.293012442083333
"2005-12-15",0.28966127
"2005-12-16",0.285332814166667
"2005-12-17",0.285441872083333
"2005-12-18",0.414394059166667
"2005-12-19",0.42010957125
"2005-12-20",0.392575802916667
"2005-12-21",0.409176499166667
"2005-12-22",0.42547139
"2005-12-23",0.409971976666667
"2005-12-24",0.390474264166667
"2005-12-25",0.384458707916667
"2005-12-26",0.410418764166667
"2005-12-27",0.391462074166667
"2005-12-28",0.398628158333333
"2005-12-29",0.398108367916667
"2005-12-30",0.3883933725
"2005-12-31",0.423638638333333
"2006-01-01",0.408008562916667
"2006-01-02",0.42481524375
"2006-01-03",0.399811810833333
"2006-01-04",0.39498459125
"2006-01-05",0.3773338425
"2006-01-06",0.367356380416667
"2006-01-07",0.364727750416667
"2006-01-08",0.362643108333333
"2006-01-09",0.354492649166667
"2006-01-10",0.347921030416667
"2006-01-11",0.34711232
"2006-01-12",0.34922578125
"2006-01-13",0.342221337083333
"2006-01-14",0.38655956625
"2006-01-15",0.402871320416667
"2006-01-16",0.381502153333333
"2006-01-17",0.373787525416667
"2006-01-18",0.400645025833333
"2006-01-19",0.396292239583333
"2006-01-20",0.381516568333333
"2006-01-21",0.374103357083333
"2006-01-22",0.370505933333333
"2006-01-23",0.362289284583333
"2006-01-24",0.354442822083333
"2006-01-25",0.348781199583333
"2006-01-26",0.350852938333333
"2006-01-27",0.352547036666667
"2006-01-28",0.356613479166667
"2006-01-29",0.38039643125
"2006-01-30",0.37204505875
"2006-01-31",0.3875085525
"2006-02-01",0.367830184166667
"2006-02-02",0.367194995833333
"2006-02-03",0.36654382875
"2006-02-04",0.358731471666667
"2006-02-05",0.351780098333333
"2006-02-06",0.34082523375
"2006-02-07",0.332809195
"2006-02-08",0.325871368333333
"2006-02-09",0.319061658333333
"2006-02-10",0.313653894583333
"2006-02-11",0.3122090025
"2006-02-12",0.310475264583333
"2006-02-13",0.30635501375
"2006-02-14",0.300370655416667
"2006-02-15",0.295658385
"2006-02-16",0.29198557
"2006-02-17",0.303849678333333
"2006-02-18",0.356674711666667
"2006-02-19",0.37780055
"2006-02-20",0.3602478575
"2006-02-21",0.342547879166667
"2006-02-22",0.3326676825
"2006-02-23",0.324412495
"2006-02-24",0.316591414166667
"2006-02-25",0.311099144166667
"2006-02-26",0.311737669583333
"2006-02-27",0.415283580833333
"2006-02-28",0.42303218375
"2006-03-01",0.408244123333333
"2006-03-02",0.407132477083333
"2006-03-03",0.414602305416667
"2006-03-04",0.403014236666667
"2006-03-05",0.385711914583333
"2006-03-06",0.416640325
"2006-03-07",0.409236542916667
"2006-03-08",0.39956057
"2006-03-09",0.387392050833333
"2006-03-10",0.394117326666667
"2006-03-11",0.41623860625
"2006-03-12",0.413721199583333
"2006-03-13",0.406901699583333
"2006-03-14",0.409876531666667
"2006-03-15",0.41067960875
"2006-03-16",0.39607807375
"2006-03-17",0.421020051666667
"2006-03-18",0.401484970833333
"2006-03-19",0.385019735416667
"2006-03-20",0.385685271666667
"2006-03-21",0.420132326666667
"2006-03-22",0.399386783333333
"2006-03-23",0.384774715416667
"2006-03-24",0.375125492083333
"2006-03-25",0.40506786125
"2006-03-26",0.398098271666667
"2006-03-27",0.384544502083333
"2006-03-28",0.421164390833333
"2006-03-29",0.417943956666667
"2006-03-30",0.39952456375
"2006-03-31",0.398801688333333
"2006-04-01",0.406373956666667
"2006-04-02",0.387014689583333
"2006-04-03",0.427091366666667
"2006-04-04",0.421861874166667
"2006-04-05",0.422171339166667
"2006-04-06",0.398601735833333
"2006-04-07",0.380835383333333
"2006-04-08",0.397314983333333
"2006-04-09",0.377936997083333
"2006-04-10",0.386932909166667
"2006-04-11",0.404088637083333
"2006-04-12",0.426734910833333
"2006-04-13",0.411296539583333
"2006-04-14",0.389579064166667
"2006-04-15",0.3851632125
"2006-04-16",0.39980164
"2006-04-17",0.3993724975
"2006-04-18",0.374616243333333
"2006-04-19",0.35930736875
"2006-04-20",0.34842339
"2006-04-21",0.339985833333333
"2006-04-22",0.334639930416667
"2006-04-23",0.32911414625
"2006-04-24",0.325435030833333
"2006-04-25",0.323412625416667
"2006-04-26",0.324981961666667
"2006-04-27",0.32015830875
"2006-04-28",0.312904990833333
"2006-04-29",0.309021996666667
"2006-04-30",0.303895809583333
"2006-05-01",0.294995485
"2006-05-02",0.28663029625
"2006-05-03",0.280992266666667
"2006-05-04",0.277900559166667
"2006-05-05",0.272541187083333
"2006-05-06",0.269021164166667
"2006-05-07",0.265021455833333
"2006-05-08",0.259299717083333
"2006-05-09",0.253599226666667
"2006-05-10",0.247088865416667
"2006-05-11",0.240287727916667
"2006-05-12",0.234356747916667
"2006-05-13",0.229939415416667
"2006-05-14",0.224454884583333
"2006-05-15",0.21639787125
"2006-05-16",0.212672029583333
"2006-05-17",0.208633156666667
"2006-05-18",0.20602561375
"2006-05-19",0.205122063333333
"2006-05-20",0.226140892916667
"2006-05-21",0.258648934166667
"2006-05-22",0.37182539625
"2006-05-23",0.33121951125
"2006-05-24",0.31126042625
"2006-05-25",0.295419909583333
"2006-05-26",0.28203105125
"2006-05-27",0.271413991666667
"2006-05-28",0.262753345833333
"2006-05-29",0.254958035
"2006-05-30",0.248034686666667
"2006-05-31",0.24103622625
"2006-06-01",0.235354080833333
"2006-06-02",0.231174225416667
"2006-06-03",0.22583526
"2006-06-04",0.219198972083333
"2006-06-05",0.215922025
"2006-06-06",0.2131227925
"2006-06-07",0.209065552916667
"2006-06-08",0.204584531666667
"2006-06-09",0.20195116625
"2006-06-10",0.200202368333333
"2006-06-11",0.198550757083333
"2006-06-12",0.19633751875
"2006-06-13",0.194495364583333
"2006-06-14",0.193126228333333
"2006-06-15",0.189853213333333
"2006-06-16",0.185228090416667
"2006-06-17",0.179468013333333
"2006-06-18",0.175327582083333
"2006-06-19",0.172931781666667
"2006-06-20",0.17090546125
"2006-06-21",0.16788195625
"2006-06-22",0.163709253333333
"2006-06-23",0.161136949583333
"2006-06-24",0.159755882916667
"2006-06-25",0.158232720416667
"2006-06-26",0.156614557083333
"2006-06-27",0.15535892125
"2006-06-28",0.15437775375
"2006-06-29",0.153059735416667
"2006-06-30",0.1518905375
"2006-07-01",0.151111392916667
"2006-07-02",0.150269115416667
"2006-07-03",0.149597220416667
"2006-07-04",0.14905839
"2006-07-05",0.14869179375
"2006-07-06",0.148508245833333
"2006-07-07",0.147982527916667
"2006-07-08",0.146714068333333
"2006-07-09",0.145400059583333
"2006-07-10",0.1450385825
"2006-07-11",0.145227780416667
"2006-07-12",0.144971871666667
"2006-07-13",0.144605184583333
"2006-07-14",0.144010516666667
"2006-07-15",0.143329908333333
"2006-07-16",0.142542785416667
"2006-07-17",0.14161262375
"2006-07-18",0.140876468333333
"2006-07-19",0.1400848025
"2006-07-20",0.139312532916667
"2006-07-21",0.138589289166667
"2006-07-22",0.13780177125
"2006-07-23",0.13681035
"2006-07-24",0.136077110416667
"2006-07-25",0.135572571666667
"2006-07-26",0.135187104166667
"2006-07-27",0.13508273625
"2006-07-28",0.135227079583333
"2006-07-29",0.1356867175
"2006-07-30",0.136181895833333
"2006-07-31",0.13592613
"2006-08-01",0.135923262083333
"2006-08-02",0.135993779583333
"2006-08-03",0.135880605833333
"2006-08-04",0.1358658775
"2006-08-05",0.1357862125
"2006-08-06",0.135497125416667
"2006-08-07",0.135417392083333
"2006-08-08",0.1353698325
"2006-08-09",0.13499674
"2006-08-10",0.134451727916667
"2006-08-11",0.134170202083333
"2006-08-12",0.134321479166667
"2006-08-13",0.134543009583333
"2006-08-14",0.13474477375
"2006-08-15",0.13499415
"2006-08-16",0.134940350833333
"2006-08-17",0.134887895833333
"2006-08-18",0.134635108333333
"2006-08-19",0.134426628333333
"2006-08-20",0.134320445416667
"2006-08-21",0.134253743333333
"2006-08-22",0.134115840833333
"2006-08-23",0.133905062916667
"2006-08-24",0.1338166275
"2006-08-25",0.13427244375
"2006-08-26",0.134899155416667
"2006-08-27",0.134856627083333
"2006-08-28",0.134646298333333
"2006-08-29",0.134562552083333
"2006-08-30",0.1345131575
"2006-08-31",0.134146166666667
"2006-09-01",0.133913076666667
"2006-09-02",0.133831967083333
"2006-09-03",0.133763608333333
"2006-09-04",0.133705114166667
"2006-09-05",0.133631285416667
"2006-09-06",0.1334533175
"2006-09-07",0.13335451625
"2006-09-08",0.133853639583333
"2006-09-09",0.135492486666667
"2006-09-10",0.136642903333333
"2006-09-11",0.136176019583333
"2006-09-12",0.135463662916667
"2006-09-13",0.134735484583333
"2006-09-14",0.134865593333333
"2006-09-15",0.135258934583333
"2006-09-16",0.135131260416667
"2006-09-17",0.134631062083333
"2006-09-18",0.134004783333333
"2006-09-19",0.133748429583333
"2006-09-20",0.133588537083333
"2006-09-21",0.133222696666667
"2006-09-22",0.1330801425
"2006-09-23",0.132765429583333
"2006-09-24",0.1326780125
"2006-09-25",0.132665875416667
"2006-09-26",0.132500890833333
"2006-09-27",0.132515646666667
"2006-09-28",0.132578350833333
"2006-09-29",0.132654267083333
"2006-09-30",0.132851807083333
"2006-10-01",0.133042603333333
"2006-10-02",0.1332747175
"2006-10-03",0.13334457875
"2006-10-04",0.136244216666667
"2006-10-05",0.26665540375
"2006-10-06",0.273055440416667
"2006-10-07",0.255898462916667
"2006-10-08",0.24178213875
"2006-10-09",0.228930443333333
"2006-10-10",0.221034484583333
"2006-10-11",0.2151486425
"2006-10-12",0.208198279583333
"2006-10-13",0.202968987083333
"2006-10-14",0.198897754166667
"2006-10-15",0.194974029583333
"2006-10-16",0.195001710833333
"2006-10-17",0.195658634166667
"2006-10-18",0.190053097916667
"2006-10-19",0.18389099875
"2006-10-20",0.177911184583333
"2006-10-21",0.171899344166667
"2006-10-22",0.1673360675
"2006-10-23",0.1645235475
"2006-10-24",0.161388660833333
"2006-10-25",0.159261172083333
"2006-10-26",0.15542549375
"2006-10-27",0.15182751625
"2006-10-28",0.148804487916667
"2006-10-29",0.146969780416667
"2006-10-30",0.146371452083333
"2006-10-31",0.14592637375
"2006-11-01",0.145334039583333
"2006-11-02",0.1793229175
"2006-11-03",0.288738770833333
"2006-11-04",0.293351139583333
"2006-11-05",0.2725506775
"2006-11-06",0.257407533333333
"2006-11-07",0.245591352916667
"2006-11-08",0.238459885416667
"2006-11-09",0.231610770416667
"2006-11-10",0.222554144583333
"2006-11-11",0.240746330833333
"2006-11-12",0.2675887575
"2006-11-13",0.259527919583333
"2006-11-14",0.3842953825
"2006-11-15",0.33610896
"2006-11-16",0.316637133333333
"2006-11-17",0.3064242375
"2006-11-18",0.298690659166667
"2006-11-19",0.29076859375
"2006-11-20",0.285927152083333
"2006-11-21",0.282414623333333
"2006-11-22",0.278513650416667
"2006-11-23",0.27552332125
"2006-11-24",0.26739180875
"2006-11-25",0.26173015125
"2006-11-26",0.260196721666667
"2006-11-27",0.332146377083333
"2006-11-28",0.321452455416667
"2006-11-29",0.303400800833333
"2006-11-30",0.289814285416667
"2006-12-01",0.279917565416667
"2006-12-02",0.27169589375
"2006-12-03",0.2638368075
"2006-12-04",0.257335892916667
"2006-12-05",0.25108113625
"2006-12-06",0.246080199166667
"2006-12-07",0.241969426666667
"2006-12-08",0.2398786
"2006-12-09",0.339197082916667
"2006-12-10",0.384347210833333
"2006-12-11",0.366501487083333
"2006-12-12",0.379571904166667
"2006-12-13",0.401085445
"2006-12-14",0.382507510833333
"2006-12-15",0.37421829625
"2006-12-16",0.360631745416667
"2006-12-17",0.351904907916667
"2006-12-18",0.34301664125
"2006-12-19",0.333556277083333
"2006-12-20",0.3280660575
"2006-12-21",0.327453337083333
"2006-12-22",0.398115339583333
"2006-12-23",0.370796182083333
"2006-12-24",0.358633499583333
"2006-12-25",0.350070462916667
"2006-12-26",0.343656117083333
"2006-12-27",0.410928749166667
"2006-12-28",0.38469051875
"2006-12-29",0.366292071666667
"2006-12-30",0.35603122125
"2006-12-31",0.350333971666667
"2007-01-01",0.346187460416667
"2007-01-02",0.339457485
"2007-01-03",0.334172859166667
"2007-01-04",0.347511403333333
"2007-01-05",0.354991967083333
"2007-01-06",0.33616010875
"2007-01-07",0.327466472083333
"2007-01-08",0.319991975416667
"2007-01-09",0.311967546666667
"2007-01-10",0.306049114583333
"2007-01-11",0.301573939583333
"2007-01-12",0.29534955
"2007-01-13",0.2880604075
"2007-01-14",0.283502066666667
"2007-01-15",0.281091195833333
"2007-01-16",0.277372087916667
"2007-01-17",0.285297375
"2007-01-18",0.284572096666667
"2007-01-19",0.278675301666667
"2007-01-20",0.27536922125
"2007-01-21",0.27133041625
"2007-01-22",0.263529477083333
"2007-01-23",0.258667439583333
"2007-01-24",0.254986054583333
"2007-01-25",0.25268012125
"2007-01-26",0.252135847083333
"2007-01-27",0.31043265625
"2007-01-28",0.357718683333333
"2007-01-29",0.333172365
"2007-01-30",0.317329137083333
"2007-01-31",0.308474447916667
"2007-02-01",0.300551284166667
"2007-02-02",0.294541157916667
"2007-02-03",0.288597859166667
"2007-02-04",0.282204439166667
"2007-02-05",0.275290197916667
"2007-02-06",0.272076385833333
"2007-02-07",0.286994959583333
"2007-02-08",0.355863643333333
"2007-02-09",0.378915838333333
"2007-02-10",0.41430512875
"2007-02-11",0.423612967083333
"2007-02-12",0.39593792875
"2007-02-13",0.399225270833333
"2007-02-14",0.380078854166667
"2007-02-15",0.367797040416667
"2007-02-16",0.358368485833333
"2007-02-17",0.3475603325
"2007-02-18",0.338049106666667
"2007-02-19",0.3318910925
"2007-02-20",0.325741965416667
"2007-02-21",0.324349345833333
"2007-02-22",0.364769659166667
"2007-02-23",0.398055535416667
"2007-02-24",0.371309798333333
"2007-02-25",0.39516785625
"2007-02-26",0.395821855833333
"2007-02-27",0.419732177916667
"2007-02-28",0.416221369583333
"2007-03-01",0.39165213125
"2007-03-02",0.379094924166667
"2007-03-03",0.367433595
"2007-03-04",0.356682235
"2007-03-05",0.34820044625
"2007-03-06",0.341060302083333
"2007-03-07",0.335733832916667
"2007-03-08",0.33126300875
"2007-03-09",0.325034160833333
"2007-03-10",0.31870431
"2007-03-11",0.31226347875
"2007-03-12",0.30356033625
"2007-03-13",0.29581654125
"2007-03-14",0.290777230833333
"2007-03-15",0.286491230833333
"2007-03-16",0.280755262916667
"2007-03-17",0.276717385833333
"2007-03-18",0.274879974166667
"2007-03-19",0.272661992916667
"2007-03-20",0.27971884875
"2007-03-21",0.314203554166667
"2007-03-22",0.2987858325
"2007-03-23",0.286188657083333
"2007-03-24",0.278047764166667
"2007-03-25",0.275133990416667
"2007-03-26",0.274614059166667
"2007-03-27",0.305059169583333
"2007-03-28",0.29291095375
"2007-03-29",0.279379687083333
"2007-03-30",0.268441929166667
"2007-03-31",0.26103524
"2007-04-01",0.255235902083333
"2007-04-02",0.25050934875
"2007-04-03",0.244419830833333
"2007-04-04",0.238754492916667
"2007-04-05",0.234438357083333
"2007-04-06",0.232292637083333
"2007-04-07",0.233575043333333
"2007-04-08",0.236413645
"2007-04-09",0.232347159583333
"2007-04-10",0.227789410416667
"2007-04-11",0.241056356666667
"2007-04-12",0.265844830833333
"2007-04-13",0.2542922275
"2007-04-14",0.25314557875
"2007-04-15",0.271151993333333
"2007-04-16",0.258090191666667
"2007-04-17",0.24667831
"2007-04-18",0.239901162083333
"2007-04-19",0.233679245
"2007-04-20",0.3011115175
"2007-04-21",0.310116169583333
"2007-04-22",0.34999665875
"2007-04-23",0.338631396666667
"2007-04-24",0.319427097916667
"2007-04-25",0.306037204166667
"2007-04-26",0.296884195833333
"2007-04-27",0.285930077083333
"2007-04-28",0.275632415
"2007-04-29",0.268143442916667
"2007-04-30",0.262766747083333
"2007-05-01",0.25427713875
"2007-05-02",0.257410035833333
"2007-05-03",0.267091829166667
"2007-05-04",0.286563625833333
"2007-05-05",0.290595070416667
"2007-05-06",0.27071497875
"2007-05-07",0.252542367916667
"2007-05-08",0.239426335833333
"2007-05-09",0.2298686475
"2007-05-10",0.224672367083333
"2007-05-11",0.219725753333333
"2007-05-12",0.215415491666667
"2007-05-13",0.21122827
"2007-05-14",0.206804054166667
"2007-05-15",0.204021885833333
"2007-05-16",0.20210715375
"2007-05-17",0.199116052916667
"2007-05-18",0.19644961125
"2007-05-19",0.193954325833333
"2007-05-20",0.1914544425
"2007-05-21",0.189189287916667
"2007-05-22",0.185593923333333
"2007-05-23",0.180832756666667
"2007-05-24",0.176851203333333
"2007-05-25",0.174025535
"2007-05-26",0.172487770416667
"2007-05-27",0.172176217083333
"2007-05-28",0.171921456666667
"2007-05-29",0.170228824583333
"2007-05-30",0.168929288333333
"2007-05-31",0.167788369166667
"2007-06-01",0.166357505
"2007-06-02",0.16555910625
"2007-06-03",0.16485626
"2007-06-04",0.1639287425
"2007-06-05",0.1636148425
"2007-06-06",0.163127717083333
"2007-06-07",0.161634225
"2007-06-08",0.160032519583333
"2007-06-09",0.158833209583333
"2007-06-10",0.157582892083333
"2007-06-11",0.15688684375
"2007-06-12",0.15524228625
"2007-06-13",0.153018794583333
"2007-06-14",0.1505791
"2007-06-15",0.148466410833333
"2007-06-16",0.14787760875
"2007-06-17",0.148229312916667
"2007-06-18",0.147274323333333
"2007-06-19",0.146697701666667
"2007-06-20",0.1466305825
"2007-06-21",0.146191075833333
"2007-06-22",0.14549608
"2007-06-23",0.144764589166667
"2007-06-24",0.14412752375
"2007-06-25",0.14362823125
"2007-06-26",0.14280482375
"2007-06-27",0.142417060416667
"2007-06-28",0.142211385
"2007-06-29",0.142496121666667
"2007-06-30",0.142590646666667
"2007-07-01",0.1421716075
"2007-07-02",0.141551583333333
"2007-07-03",0.140904732916667
"2007-07-04",0.140631727916667
"2007-07-05",0.140051340833333
"2007-07-06",0.139929929583333
"2007-07-07",0.14126176875
"2007-07-08",0.143096355
"2007-07-09",0.14328419625
"2007-07-10",0.1429689725
"2007-07-11",0.14423036875
"2007-07-12",0.14472006
"2007-07-13",0.14406234
"2007-07-14",0.143123070416667
"2007-07-15",0.142723829166667
"2007-07-16",0.1424415625
"2007-07-17",0.142018837083333
"2007-07-18",0.142708570833333
"2007-07-19",0.143565945833333
"2007-07-20",0.142611414166667
"2007-07-21",0.1417670275
"2007-07-22",0.141029940416667
"2007-07-23",0.140927442083333
"2007-07-24",0.140988370416667
"2007-07-25",0.140643095833333
"2007-07-26",0.14059885625
"2007-07-27",0.140546913333333
"2007-07-28",0.140118080833333
"2007-07-29",0.139898124583333
"2007-07-30",0.139927529166667
"2007-07-31",0.139408243333333
"2007-08-01",0.138846859583333
"2007-08-02",0.138262012916667
"2007-08-03",0.13766242125
"2007-08-04",0.137122277916667
"2007-08-05",0.1373296225
"2007-08-06",0.13826959375
"2007-08-07",0.138536994583333
"2007-08-08",0.138573230416667
"2007-08-09",0.13853719625
"2007-08-10",0.138241680833333
"2007-08-11",0.137771967916667
"2007-08-12",0.137532904583333
"2007-08-13",0.137031458333333
"2007-08-14",0.136492058333333
"2007-08-15",0.1360097475
"2007-08-16",0.135833060833333
"2007-08-17",0.135558592916667
"2007-08-18",0.13514934
"2007-08-19",0.134787259583333
"2007-08-20",0.134448210416667
"2007-08-21",0.1344447825
"2007-08-22",0.13430441375
"2007-08-23",0.134673277083333
"2007-08-24",0.135410822916667
"2007-08-25",0.135335817916667
"2007-08-26",0.135296729166667
"2007-08-27",0.13507554125
"2007-08-28",0.134719629166667
"2007-08-29",0.134305929166667
"2007-08-30",0.133911686666667
"2007-08-31",0.133457552083333
"2007-09-01",0.133117724166667
"2007-09-02",0.1326458325
"2007-09-03",0.13230040875
"2007-09-04",0.13284963625
"2007-09-05",0.1334939975
"2007-09-06",0.133134469166667
"2007-09-07",0.13424488125
"2007-09-08",0.13476203625
"2007-09-09",0.1346706725
"2007-09-10",0.134506834583333
"2007-09-11",0.134273188333333
"2007-09-12",0.134191165
"2007-09-13",0.13414616375
"2007-09-14",0.13417596625
"2007-09-15",0.134191585
"2007-09-16",0.134029766666667
"2007-09-17",0.134047485833333
"2007-09-18",0.13411896875
"2007-09-19",0.13444818625
"2007-09-20",0.135111272083333
"2007-09-21",0.135327870833333
"2007-09-22",0.148265404583333
"2007-09-23",0.166613340416667
"2007-09-24",0.1644413925
"2007-09-25",0.160410849166667
"2007-09-26",0.155790893333333
"2007-09-27",0.1513540075
"2007-09-28",0.150966848333333
"2007-09-29",0.155189413333333
"2007-09-30",0.15217332125
"2007-10-01",0.149992672916667
"2007-10-02",0.1484782575
"2007-10-03",0.14641293
"2007-10-04",0.145070009583333
"2007-10-05",0.145710660416667
"2007-10-06",0.145531345416667
"2007-10-07",0.144189738333333
"2007-10-08",0.1428386425
"2007-10-09",0.14196139875
"2007-10-10",0.21478001875
"2007-10-11",0.243935947916667
"2007-10-12",0.267852215416667
"2007-10-13",0.32904796625
"2007-10-14",0.29064640125
"2007-10-15",0.271071054166667
"2007-10-16",0.26395180625
"2007-10-17",0.32932490375
"2007-10-18",0.3030245275
"2007-10-19",0.282241457916667
"2007-10-20",0.272534606666667
"2007-10-21",0.257976948333333
"2007-10-22",0.242463620833333
"2007-10-23",0.22805014375
"2007-10-24",0.21474406125
"2007-10-25",0.205611301666667
"2007-10-26",0.20155310125
"2007-10-27",0.198602498333333
"2007-10-28",0.195678085
"2007-10-29",0.193477092916667
"2007-10-30",0.192413460833333
"2007-10-31",0.1908077125
"2007-11-01",0.188850293333333
"2007-11-02",0.186321800416667
"2007-11-03",0.182075444583333
"2007-11-04",0.176769244166667
"2007-11-05",0.173480587916667
"2007-11-06",0.172465600833333
"2007-11-07",0.171578200833333
"2007-11-08",0.17102258125
"2007-11-09",0.17196082
"2007-11-10",0.17417545625
"2007-11-11",0.279644158333333
"2007-11-12",0.297865313333333
"2007-11-13",0.27615903875
"2007-11-14",0.26317923125
"2007-11-15",0.25127720375
"2007-11-16",0.243586067916667
"2007-11-17",0.239227187083333
"2007-11-18",0.234801512083333
"2007-11-19",0.230597053333333
"2007-11-20",0.226322695833333
"2007-11-21",0.21977291125
"2007-11-22",0.2131815625
"2007-11-23",0.207277560833333
"2007-11-24",0.20100784
"2007-11-25",0.197367586666667
"2007-11-26",0.195168999166667
"2007-11-27",0.191686207083333
"2007-11-28",0.188493363333333
"2007-11-29",0.1839231475
"2007-11-30",0.18105423375
"2007-12-01",0.178893390833333
"2007-12-02",0.179125760416667
"2007-12-03",0.179437647083333
"2007-12-04",0.178823729583333
"2007-12-05",0.180301825
"2007-12-06",0.180039349583333
"2007-12-07",0.289614875833333
"2007-12-08",0.291462460833333
"2007-12-09",0.273495562083333
"2007-12-10",0.260060337083333
"2007-12-11",0.24989220375
"2007-12-12",0.24134305375
"2007-12-13",0.234799619166667
"2007-12-14",0.22875062125
"2007-12-15",0.224231149166667
"2007-12-16",0.22146093875
"2007-12-17",0.266332060833333
"2007-12-18",0.346015853333333
"2007-12-19",0.359086575833333
"2007-12-20",0.36498412375
"2007-12-21",0.3506762575
"2007-12-22",0.32749837875
"2007-12-23",0.313692679583333
"2007-12-24",0.303991451666667
"2007-12-25",0.2967405525
"2007-12-26",0.2887366
"2007-12-27",0.281763930833333
"2007-12-28",0.317082399583333
"2007-12-29",0.332964045833333
"2007-12-30",0.332167709166667
"2007-12-31",0.31723641625
"2008-01-01",0.30274971125
"2008-01-02",0.2926007125
"2008-01-03",0.293761952916667
"2008-01-04",0.405128482083333
"2008-01-05",0.415915151666667
"2008-01-06",0.418387514166667
"2008-01-07",0.413159342916667
"2008-01-08",0.3927303125
"2008-01-09",0.406893450416667
"2008-01-10",0.385059137916667
"2008-01-11",0.376857239166667
"2008-01-12",0.366571735833333
"2008-01-13",0.35676046125
"2008-01-14",0.3490684
"2008-01-15",0.34250950125
"2008-01-16",0.33658564625
"2008-01-17",0.327137849583333
"2008-01-18",0.320562601666667
"2008-01-19",0.3164760075
"2008-01-20",0.313554740416667
"2008-01-21",0.3243192075
"2008-01-22",0.3957430325
"2008-01-23",0.40270406625
"2008-01-24",0.406894172083333
"2008-01-25",0.426773642083333
"2008-01-26",0.41441647625
"2008-01-27",0.416351163333333
"2008-01-28",0.418077808333333
"2008-01-29",0.396693547916667
"2008-01-30",0.394800315
"2008-01-31",0.382394285833333
"2008-02-01",0.404400314583333
"2008-02-02",0.387886502916667
"2008-02-03",0.423846040416667
"2008-02-04",0.406016053333333
"2008-02-05",0.386799787916667
"2008-02-06",0.377281405
"2008-02-07",0.37118743875
"2008-02-08",0.364563259583333
"2008-02-09",0.357191117916667
"2008-02-10",0.348992843333333
"2008-02-11",0.343028919583333
"2008-02-12",0.337928177083333
"2008-02-13",0.332547146666667
"2008-02-14",0.32390125125
"2008-02-15",0.31524353
"2008-02-16",0.31418129125
"2008-02-17",0.312599859583333
"2008-02-18",0.311367102083333
"2008-02-19",0.314339630833333
"2008-02-20",0.381869645
"2008-02-21",0.377089157083333
"2008-02-22",0.39774749625
"2008-02-23",0.386074330833333
"2008-02-24",0.424144502083333
"2008-02-25",0.40332206125
"2008-02-26",0.386861301666667
"2008-02-27",0.375204894583333
"2008-02-28",0.367381489583333
"2008-02-29",0.361007359166667
"2008-03-01",0.356215949583333
"2008-03-02",0.347610365416667
"2008-03-03",0.3371246275
"2008-03-04",0.330624806666667
"2008-03-05",0.324827100833333
"2008-03-06",0.318167362083333
"2008-03-07",0.31565803625
"2008-03-08",0.310943240416667
"2008-03-09",0.306483580833333
"2008-03-10",0.30131807375
"2008-03-11",0.297005472083333
"2008-03-12",0.294249684583333
"2008-03-13",0.301124855833333
"2008-03-14",0.311980609166667
"2008-03-15",0.313165264166667
"2008-03-16",0.30864137125
"2008-03-17",0.295728923333333
"2008-03-18",0.288130160416667
"2008-03-19",0.285943170833333
"2008-03-20",0.285004850416667
"2008-03-21",0.277998247916667
"2008-03-22",0.271164493333333
"2008-03-23",0.265337036666667
"2008-03-24",0.26071956125
"2008-03-25",0.257774054166667
"2008-03-26",0.255162226666667
"2008-03-27",0.25164752625
"2008-03-28",0.247153841666667
"2008-03-29",0.254831955833333
"2008-03-30",0.254877456666667
"2008-03-31",0.250008632916667
"2008-04-01",0.246171588333333
"2008-04-02",0.247550052083333
"2008-04-03",0.25347760375
"2008-04-04",0.2478796875
"2008-04-05",0.242943535833333
"2008-04-06",0.23850493875
"2008-04-07",0.236067691666667
"2008-04-08",0.231484567916667
"2008-04-09",0.22849659125
"2008-04-10",0.226163658333333
"2008-04-11",0.221801584583333
"2008-04-12",0.214811147916667
"2008-04-13",0.208071332083333
"2008-04-14",0.203863348333333
"2008-04-15",0.20204222625
"2008-04-16",0.199175692916667
"2008-04-17",0.196013395416667
"2008-04-18",0.19379385125
"2008-04-19",0.193309042083333
"2008-04-20",0.191644079583333
"2008-04-21",0.189584630416667
"2008-04-22",0.188023742083333
"2008-04-23",0.207131430416667
"2008-04-24",0.213396894583333
"2008-04-25",0.206176800416667
"2008-04-26",0.19920728375
"2008-04-27",0.192888456666667
"2008-04-28",0.188105366666667
"2008-04-29",0.185479915
"2008-04-30",0.183496047916667
"2008-05-01",0.180971683333333
"2008-05-02",0.17838628875
"2008-05-03",0.1771618475
"2008-05-04",0.176842669166667
"2008-05-05",0.177348310833333
"2008-05-06",0.177115969166667
"2008-05-07",0.176168191666667
"2008-05-08",0.175782899166667
"2008-05-09",0.174290995
"2008-05-10",0.172517860833333
"2008-05-11",0.17099478125
"2008-05-12",0.16976146
"2008-05-13",0.1676313375
"2008-05-14",0.164559367083333
"2008-05-15",0.161708469583333
"2008-05-16",0.158031905
"2008-05-17",0.15505949375
"2008-05-18",0.153252305
"2008-05-19",0.15251844875
"2008-05-20",0.152096331666667
"2008-05-21",0.151993364166667
"2008-05-22",0.151693099583333
"2008-05-23",0.151231680833333
"2008-05-24",0.152669489583333
"2008-05-25",0.155246384583333
"2008-05-26",0.154701647916667
"2008-05-27",0.15391714375
"2008-05-28",0.153319811666667
"2008-05-29",0.152834275416667
"2008-05-30",0.15223856125
"2008-05-31",0.1521228875
"2008-06-01",0.15209487625
"2008-06-02",0.151373462916667
"2008-06-03",0.151370821666667
"2008-06-04",0.152120009166667
"2008-06-05",0.151116555833333
"2008-06-06",0.1501322825
"2008-06-07",0.149353265416667
"2008-06-08",0.147916769166667
"2008-06-09",0.146360541666667
"2008-06-10",0.144752935
"2008-06-11",0.143385770833333
"2008-06-12",0.142018947083333
"2008-06-13",0.1411937725
"2008-06-14",0.1409702075
"2008-06-15",0.140874473333333
"2008-06-16",0.1407440925
"2008-06-17",0.141004278333333
"2008-06-18",0.140288013333333
"2008-06-19",0.13897916125
"2008-06-20",0.137461017083333
"2008-06-21",0.135876604166667
"2008-06-22",0.135063085
"2008-06-23",0.135059554583333
"2008-06-24",0.135358914583333
"2008-06-25",0.13630171125
"2008-06-26",0.137919908333333
"2008-06-27",0.137755574583333
"2008-06-28",0.137723414583333
"2008-06-29",0.137701157916667
"2008-06-30",0.137432475833333
"2008-07-01",0.137432349166667
"2008-07-02",0.137380399166667
"2008-07-03",0.13719443125
"2008-07-04",0.1371197225
"2008-07-05",0.13726798375
"2008-07-06",0.1377359825
"2008-07-07",0.13774857375
"2008-07-08",0.136957591666667
"2008-07-09",0.136234267916667
"2008-07-10",0.135649549583333
"2008-07-11",0.1365883175
"2008-07-12",0.137949948333333
"2008-07-13",0.137491026666667
"2008-07-14",0.13694213875
"2008-07-15",0.136475210416667
"2008-07-16",0.136104205833333
"2008-07-17",0.135781919583333
"2008-07-18",0.135935017916667
"2008-07-19",0.135982634583333
"2008-07-20",0.135916377083333
"2008-07-21",0.13607144375
"2008-07-22",0.136009059583333
"2008-07-23",0.13568969625
"2008-07-24",0.135226020416667
"2008-07-25",0.134858339583333
"2008-07-26",0.134346785833333
"2008-07-27",0.134449455416667
"2008-07-28",0.135339242916667
"2008-07-29",0.135555285
"2008-07-30",0.135491882916667
"2008-07-31",0.135379720833333
"2008-08-01",0.13505247
"2008-08-02",0.134764191666667
"2008-08-03",0.134338907083333
"2008-08-04",0.13425727625
"2008-08-05",0.134220729166667
"2008-08-06",0.136036314166667
"2008-08-07",0.13617349875
"2008-08-08",0.135800598333333
"2008-08-09",0.135728423333333
"2008-08-10",0.135639912916667
"2008-08-11",0.135215089166667
"2008-08-12",0.1351870375
"2008-08-13",0.135204838333333
"2008-08-14",0.13467942875
"2008-08-15",0.134386837083333
"2008-08-16",0.13419959625
"2008-08-17",0.134333514166667
"2008-08-18",0.134736169166667
"2008-08-19",0.134851173333333
"2008-08-20",0.13523305
"2008-08-21",0.136104607083333
"2008-08-22",0.136337277916667
"2008-08-23",0.136103893333333
"2008-08-24",0.135806655
"2008-08-25",0.135318979583333
"2008-08-26",0.135037169166667
"2008-08-27",0.134432092083333
"2008-08-28",0.133830329166667
"2008-08-29",0.133259139583333
"2008-08-30",0.132966431666667
"2008-08-31",0.132818542083333
"2008-09-01",0.132548341666667
"2008-09-02",0.132020885833333
"2008-09-03",0.131522560416667
"2008-09-04",0.131203463333333
"2008-09-05",0.130979619583333
"2008-09-06",0.130731987916667
"2008-09-07",0.130515195833333
"2008-09-08",0.130552085833333
"2008-09-09",0.131729470833333
"2008-09-10",0.133392359166667
"2008-09-11",0.133274220833333
"2008-09-12",0.133104583333333
"2008-09-13",0.133013981666667
"2008-09-14",0.132838698333333
"2008-09-15",0.132678479583333
"2008-09-16",0.132539945416667
"2008-09-17",0.13262093875
"2008-09-18",0.1326798125
"2008-09-19",0.132477689166667
"2008-09-20",0.1334161525
"2008-09-21",0.1342249825
"2008-09-22",0.134051094166667
"2008-09-23",0.133656655833333
"2008-09-24",0.133180049166667
"2008-09-25",0.13279342125
"2008-09-26",0.132415945416667
"2008-09-27",0.132152539583333
"2008-09-28",0.132001855416667
"2008-09-29",0.132150821666667
"2008-09-30",0.132182752083333
"2008-10-01",0.132024309583333
"2008-10-02",0.13195815625
"2008-10-03",0.13281492125
"2008-10-04",0.194319355833333
"2008-10-05",0.225382989583333
"2008-10-06",0.216067724166667
"2008-10-07",0.206290351666667
"2008-10-08",0.197087336666667
"2008-10-09",0.18970240125
"2008-10-10",0.183158698333333
"2008-10-11",0.177247362916667
"2008-10-12",0.171142835416667
"2008-10-13",0.16553535625
"2008-10-14",0.160939694166667
"2008-10-15",0.156843307083333
"2008-10-16",0.152782644583333
"2008-10-17",0.148756627916667
"2008-10-18",0.14613711125
"2008-10-19",0.145194830833333
"2008-10-20",0.144557029166667
"2008-10-21",0.143781187916667
"2008-10-22",0.14222140625
"2008-10-23",0.140140647916667
"2008-10-24",0.138464900416667
"2008-10-25",0.137424255416667
"2008-10-26",0.136835159583333
"2008-10-27",0.136532741666667
"2008-10-28",0.136336881666667
"2008-10-29",0.136042650833333
"2008-10-30",0.135910279583333
"2008-10-31",0.155646289583333
"2008-11-01",0.189835925
"2008-11-02",0.35591810875
"2008-11-03",0.321863609166667
"2008-11-04",0.352323109583333
"2008-11-05",0.309498355833333
"2008-11-06",0.287630917916667
"2008-11-07",0.273242009166667
"2008-11-08",0.263252132916667
"2008-11-09",0.270282785416667
"2008-11-10",0.264295950833333
"2008-11-11",0.257405615
"2008-11-12",0.2511594475
"2008-11-13",0.245942741666667
"2008-11-14",0.239425319166667
"2008-11-15",0.22927531625
"2008-11-16",0.220272572083333
"2008-11-17",0.212287297083333
"2008-11-18",0.206885163333333
"2008-11-19",0.204883696666667
"2008-11-20",0.204053635416667
"2008-11-21",0.203422886666667
"2008-11-22",0.20005206
"2008-11-23",0.197001632916667
"2008-11-24",0.194931526666667
"2008-11-25",0.201625351666667
"2008-11-26",0.234961594583333
"2008-11-27",0.286519882083333
"2008-11-28",0.274933270833333
"2008-11-29",0.26498058875
"2008-11-30",0.254765944583333
"2008-12-01",0.247057515833333
"2008-12-02",0.241854590833333
"2008-12-03",0.237325338333333
"2008-12-04",0.232968230833333
"2008-12-05",0.22786382125
"2008-12-06",0.221543089166667
"2008-12-07",0.21602047875
"2008-12-08",0.21328805625
"2008-12-09",0.211453772916667
"2008-12-10",0.207683194583333
"2008-12-11",0.20387930125
"2008-12-12",0.200394200833333
"2008-12-13",0.202227840833333
"2008-12-14",0.211772163333333
"2008-12-15",0.3569501975
"2008-12-16",0.356465615416667
"2008-12-17",0.3336171
"2008-12-18",0.3099548325
"2008-12-19",0.327537297916667
"2008-12-20",0.325984342083333
"2008-12-21",0.309022887083333
"2008-12-22",0.36242257875
"2008-12-23",0.354151894166667
"2008-12-24",0.349942383333333
"2008-12-25",0.39104372875
"2008-12-26",0.366341715833333
"2008-12-27",0.346116544166667
"2008-12-28",0.336807052916667
"2008-12-29",0.329587370833333
"2008-12-30",0.323511484166667
"2008-12-31",0.317850895416667
"2009-01-01",0.31168112375
"2009-01-02",0.312827739166667
"2009-01-03",0.33023500875
"2009-01-04",0.3164231525
"2009-01-05",0.31054652875
"2009-01-06",0.319940773333333
"2009-01-07",0.31199820875
"2009-01-08",0.305418820833333
"2009-01-09",0.2998744075
"2009-01-10",0.291216709166667
"2009-01-11",0.283581865
"2009-01-12",0.2750826875
"2009-01-13",0.267530164166667
"2009-01-14",0.260904817083333
"2009-01-15",0.25526438125
"2009-01-16",0.24940872625
"2009-01-17",0.24350209125
"2009-01-18",0.237811045833333
"2009-01-19",0.232585140416667
"2009-01-20",0.227677598333333
"2009-01-21",0.2239603825
"2009-01-22",0.343887327916667
"2009-01-23",0.369893588333333
"2009-01-24",0.36599841625
"2009-01-25",0.348078875833333
"2009-01-26",0.341509150833333
"2009-01-27",0.325753290416667
"2009-01-28",0.312113030416667
"2009-01-29",0.303157510833333
"2009-01-30",0.293919164166667
"2009-01-31",0.286059187916667
"2009-02-01",0.279814852916667
"2009-02-02",0.27199974625
"2009-02-03",0.265399745416667
"2009-02-04",0.261221854583333
"2009-02-05",0.289618496666667
"2009-02-06",0.367396936666667
"2009-02-07",0.37195943375
"2009-02-08",0.347443205833333
"2009-02-09",0.374497139166667
"2009-02-10",0.351898782916667
"2009-02-11",0.3655550725
"2009-02-12",0.387199350416667
"2009-02-13",0.388848990833333
"2009-02-14",0.41605207875
"2009-02-15",0.414959709166667
"2009-02-16",0.425426617083333
"2009-02-17",0.42737132875
"2009-02-18",0.414721897083333
"2009-02-19",0.392059884583333
"2009-02-20",0.380421191666667
"2009-02-21",0.37237807875
"2009-02-22",0.397207753333333
"2009-02-23",0.430053852083333
"2009-02-24",0.42317129875
"2009-02-25",0.39797868625
"2009-02-26",0.399138932916667
"2009-02-27",0.39145160875
"2009-02-28",0.3762369775
"2009-03-01",0.370305476666667
"2009-03-02",0.413810265416667
"2009-03-03",0.423088210416667
"2009-03-04",0.413819526666667
"2009-03-05",0.406835035
"2009-03-06",0.396223460833333
"2009-03-07",0.38178890125
"2009-03-08",0.3712567725
"2009-03-09",0.360870686666667
"2009-03-10",0.34997950125
"2009-03-11",0.342078155833333
"2009-03-12",0.336492029166667
"2009-03-13",0.332127723333333
"2009-03-14",0.327755331666667
"2009-03-15",0.326028671666667
"2009-03-16",0.332645944166667
"2009-03-17",0.332437521666667
"2009-03-18",0.323998647083333
"2009-03-19",0.315340562083333
"2009-03-20",0.309140245
"2009-03-21",0.307094962916667
"2009-03-22",0.346987659166667
"2009-03-23",0.33992400125
"2009-03-24",0.32229541375
"2009-03-25",0.312542360416667
"2009-03-26",0.30579903375
"2009-03-27",0.299496112083333
"2009-03-28",0.292724146666667
"2009-03-29",0.287990142916667
"2009-03-30",0.280104517083333
"2009-03-31",0.272842245
"2009-04-01",0.26764360875
"2009-04-02",0.26396552625
"2009-04-03",0.262428850416667
"2009-04-04",0.258553202083333
"2009-04-05",0.25445206625
"2009-04-06",0.249027930416667
"2009-04-07",0.266378322916667
"2009-04-08",0.358502620833333
"2009-04-09",0.346842995833333
"2009-04-10",0.36362970375
"2009-04-11",0.34127267125
"2009-04-12",0.32437121125
"2009-04-13",0.314242715
"2009-04-14",0.305205776666667
"2009-04-15",0.295316978333333
"2009-04-16",0.287756429166667
"2009-04-17",0.282153981666667
"2009-04-18",0.2763364325
"2009-04-19",0.269305597916667
"2009-04-20",0.257009945833333
"2009-04-21",0.242334207083333
"2009-04-22",0.233445536666667
"2009-04-23",0.232623012916667
"2009-04-24",0.231933832083333
"2009-04-25",0.22918277875
"2009-04-26",0.227361822916667
"2009-04-27",0.22698293625
"2009-04-28",0.226515467083333
"2009-04-29",0.223430370833333
"2009-04-30",0.219258504583333
"2009-05-01",0.219882908333333
"2009-05-02",0.341547674583333
"2009-05-03",0.340285828333333
"2009-05-04",0.3411768425
"2009-05-05",0.34728894125
"2009-05-06",0.3423024225
"2009-05-07",0.321228309166667
"2009-05-08",0.301712642916667
"2009-05-09",0.28647937375
"2009-05-10",0.2758757375
"2009-05-11",0.26528379
"2009-05-12",0.257904100416667
"2009-05-13",0.249686256666667
"2009-05-14",0.24121013875
"2009-05-15",0.238007550416667
"2009-05-16",0.233015284166667
"2009-05-17",0.22435992
"2009-05-18",0.218281482083333
"2009-05-19",0.216253106666667
"2009-05-20",0.212256269583333
"2009-05-21",0.209118180833333
"2009-05-22",0.20686147625
"2009-05-23",0.205296255833333
"2009-05-24",0.20558705125
"2009-05-25",0.205593757083333
"2009-05-26",0.202589670833333
"2009-05-27",0.198116918333333
"2009-05-28",0.195340727083333
"2009-05-29",0.193687854166667
"2009-05-30",0.192529760416667
"2009-05-31",0.190873119166667
"2009-06-01",0.190287824166667
"2009-06-02",0.19687955125
"2009-06-03",0.194616004166667
"2009-06-04",0.191966235416667
"2009-06-05",0.191108815416667
"2009-06-06",0.190211949166667
"2009-06-07",0.18682891125
"2009-06-08",0.183376735833333
"2009-06-09",0.180610306666667
"2009-06-10",0.1798570275
"2009-06-11",0.180319267916667
"2009-06-12",0.178107729583333
"2009-06-13",0.17929386625
"2009-06-14",0.181748194583333
"2009-06-15",0.17876082625
"2009-06-16",0.176479473333333
"2009-06-17",0.174343759583333
"2009-06-18",0.172272669166667
"2009-06-19",0.16894474125
"2009-06-20",0.166693006666667
"2009-06-21",0.165452205
"2009-06-22",0.163269537083333
"2009-06-23",0.160672207083333
"2009-06-24",0.158869435416667
"2009-06-25",0.158103555
"2009-06-26",0.1573416725
"2009-06-27",0.15611414375
"2009-06-28",0.153513889166667
"2009-06-29",0.1516747375
"2009-06-30",0.150475570416667
"2009-07-01",0.149763299166667
"2009-07-02",0.14913784375
"2009-07-03",0.148429669166667
"2009-07-04",0.14768436375
"2009-07-05",0.147292525
"2009-07-06",0.146874497916667
"2009-07-07",0.14613963125
"2009-07-08",0.14573514375
"2009-07-09",0.14521824625
"2009-07-10",0.145150482083333
"2009-07-11",0.144833782916667
"2009-07-12",0.145021665
"2009-07-13",0.144362638333333
"2009-07-14",0.14290598
"2009-07-15",0.141941699583333
"2009-07-16",0.141330995
"2009-07-17",0.140754935416667
"2009-07-18",0.1402194975
"2009-07-19",0.1396521425
"2009-07-20",0.139227899166667
"2009-07-21",0.139054159166667
"2009-07-22",0.139037895
"2009-07-23",0.139551444166667
"2009-07-24",0.14080265375
"2009-07-25",0.14204800625
"2009-07-26",0.14205861375
"2009-07-27",0.14163687625
"2009-07-28",0.141522301666667
"2009-07-29",0.142473512083333
"2009-07-30",0.1441222375
"2009-07-31",0.144798709166667
"2009-08-01",0.14435661125
"2009-08-02",0.143917440833333
"2009-08-03",0.143274311666667
"2009-08-04",0.142398455416667
"2009-08-05",0.141564234583333
"2009-08-06",0.143360568333333
"2009-08-07",0.145565388333333
"2009-08-08",0.144495218333333
"2009-08-09",0.14335090875
"2009-08-10",0.142007010416667
"2009-08-11",0.1412850825
"2009-08-12",0.141061409583333
"2009-08-13",0.140555512083333
"2009-08-14",0.13967581125
"2009-08-15",0.13936562875
"2009-08-16",0.138938140416667
"2009-08-17",0.13844166625
"2009-08-18",0.138122751666667
"2009-08-19",0.137826805
"2009-08-20",0.1375536875
"2009-08-21",0.13724477125
"2009-08-22",0.136923263333333
"2009-08-23",0.137130319583333
"2009-08-24",0.137018821666667
"2009-08-25",0.13685835375
"2009-08-26",0.136574220833333
"2009-08-27",0.13618340375
"2009-08-28",0.13516299375
"2009-08-29",0.13405296625
"2009-08-30",0.13345017
"2009-08-31",0.133473710833333
"2009-09-01",0.133544161666667
"2009-09-02",0.133401319166667
"2009-09-03",0.13300083375
"2009-09-04",0.132690842083333
"2009-09-05",0.1327706975
"2009-09-06",0.133024958333333
"2009-09-07",0.133046835833333
"2009-09-08",0.132983279583333
"2009-09-09",0.1329515
"2009-09-10",0.132854545833333
"2009-09-11",0.132714611666667
"2009-09-12",0.132963268333333
"2009-09-13",0.134471167916667
"2009-09-14",0.188433247083333
"2009-09-15",0.196821259583333
"2009-09-16",0.189942841666667
"2009-09-17",0.184665577916667
"2009-09-18",0.179682177916667
"2009-09-19",0.173957460416667
"2009-09-20",0.170386097083333
"2009-09-21",0.166769869583333
"2009-09-22",0.1631363925
"2009-09-23",0.159398140833333
"2009-09-24",0.156236890416667
"2009-09-25",0.15368121125
"2009-09-26",0.151042701666667
"2009-09-27",0.148428792916667
"2009-09-28",0.146684926666667
"2009-09-29",0.145591073333333
"2009-09-30",0.144447050416667
"2009-10-01",0.142873019166667
"2009-10-02",0.141096357916667
"2009-10-03",0.14010243625
"2009-10-04",0.139558411666667
"2009-10-05",0.139126418333333
"2009-10-06",0.1385843775
"2009-10-07",0.137936842083333
"2009-10-08",0.137762996666667
"2009-10-09",0.137722267916667
"2009-10-10",0.137567785416667
"2009-10-11",0.137652366666667
"2009-10-12",0.14007487625
"2009-10-13",0.264725960416667
"2009-10-14",0.42578617
"2009-10-15",0.396172494583333
"2009-10-16",0.377058401666667
"2009-10-17",0.36257107625
"2009-10-18",0.352098855416667
"2009-10-19",0.346068087916667
"2009-10-20",0.347276736666667
"2009-10-21",0.336784322916667
"2009-10-22",0.329215244166667
"2009-10-23",0.321987015
"2009-10-24",0.313206790416667
"2009-10-25",0.307582044583333
"2009-10-26",0.299288098333333
"2009-10-27",0.292277859166667
"2009-10-28",0.282267778333333
"2009-10-29",0.273872607916667
"2009-10-30",0.269648417083333
"2009-10-31",0.2670994275
"2009-11-01",0.264694052916667
"2009-11-02",0.260995448333333
"2009-11-03",0.253276837916667
"2009-11-04",0.248282912083333
"2009-11-05",0.248874895833333
"2009-11-06",0.25055448375
"2009-11-07",0.250738005
"2009-11-08",0.246233379166667
"2009-11-09",0.241701824166667
"2009-11-10",0.238794813333333
"2009-11-11",0.235645422916667
"2009-11-12",0.233842025
"2009-11-13",0.23075337
"2009-11-14",0.22859113125
"2009-11-15",0.228283234583333
"2009-11-16",0.225060366666667
"2009-11-17",0.22211822875
"2009-11-18",0.220311215416667
"2009-11-19",0.21713484125
"2009-11-20",0.221730422916667
"2009-11-21",0.270235250833333
"2009-11-22",0.261164432083333
"2009-11-23",0.25577285
"2009-11-24",0.247680047083333
"2009-11-25",0.2399307325
"2009-11-26",0.233095799166667
"2009-11-27",0.22949281625
"2009-11-28",0.231118555416667
"2009-11-29",0.22189726875
"2009-11-30",0.2158409875
"2009-12-01",0.212058759583333
"2009-12-02",0.210242214166667
"2009-12-03",0.20912197875
"2009-12-04",0.207173178333333
"2009-12-05",0.205379905416667
"2009-12-06",0.205394677083333
"2009-12-07",0.255831472083333
"2009-12-08",0.286900735833333
"2009-12-09",0.27481136625
"2009-12-10",0.267729581666667
"2009-12-11",0.3765602375
"2009-12-12",0.410469002916667
"2009-12-13",0.422611690416667
"2009-12-14",0.399008160833333
"2009-12-15",0.381713884166667
"2009-12-16",0.37773991375
"2009-12-17",0.3738510275
"2009-12-18",0.3619863075
"2009-12-19",0.352248172083333
"2009-12-20",0.345650594166667
"2009-12-21",0.348306154166667
"2009-12-22",0.358643475
"2009-12-23",0.34267344875
"2009-12-24",0.3322049225
"2009-12-25",0.325899544166667
"2009-12-26",0.322800025833333
"2009-12-27",0.3846502125
"2009-12-28",0.378884955833333
"2009-12-29",0.387423660416667
"2009-12-30",0.3894539925
"2009-12-31",0.374308952916667
"2010-01-01",0.36304654875
"2010-01-02",0.356666155
"2010-01-03",0.350249905416667
"2010-01-04",0.342837059166667
"2010-01-05",0.337155299166667
"2010-01-06",0.33160759
"2010-01-07",0.326267442083333
"2010-01-08",0.324266049166667
"2010-01-09",0.324724488333333
"2010-01-10",0.32263961375
"2010-01-11",0.318430318333333
"2010-01-12",0.360375652916667
"2010-01-13",0.409899357083333
"2010-01-14",0.389297027083333
"2010-01-15",0.374984720833333
"2010-01-16",0.36607807
"2010-01-17",0.398582065416667
"2010-01-18",0.41976415625
"2010-01-19",0.425836777916667
"2010-01-20",0.426124566666667
"2010-01-21",0.42155447
"2010-01-22",0.423412459166667
"2010-01-23",0.42494513875
"2010-01-24",0.403096555
"2010-01-25",0.421217969583333
"2010-01-26",0.424792877916667
"2010-01-27",0.410028366666667
"2010-01-28",0.391156780833333
"2010-01-29",0.380551193333333
"2010-01-30",0.400617637083333
"2010-01-31",0.38235993875
"2010-02-01",0.37330317
"2010-02-02",0.367847425833333
"2010-02-03",0.362090637083333
"2010-02-04",0.358533252083333
"2010-02-05",0.416649928333333
"2010-02-06",0.415774485833333
"2010-02-07",0.404473344583333
"2010-02-08",0.388543524166667
"2010-02-09",0.403812763333333
"2010-02-10",0.390955748333333
"2010-02-11",0.378909526666667
"2010-02-12",0.375879194583333
"2010-02-13",0.379336399166667
"2010-02-14",0.368331330833333
"2010-02-15",0.359020874583333
"2010-02-16",0.352156139583333
"2010-02-17",0.34651068
"2010-02-18",0.341639320833333
"2010-02-19",0.34220473625
"2010-02-20",0.34045213875
"2010-02-21",0.34566989125
"2010-02-22",0.3715277125
"2010-02-23",0.357384868333333
"2010-02-24",0.418751457916667
"2010-02-25",0.4004139625
"2010-02-26",0.390014377916667
"2010-02-27",0.418430501666667
"2010-02-28",0.4022288225
"2010-03-01",0.38840741625
"2010-03-02",0.401564442083333
"2010-03-03",0.415493376666667
"2010-03-04",0.408288990416667
"2010-03-05",0.387968539166667
"2010-03-06",0.377604806666667
"2010-03-07",0.368545178333333
"2010-03-08",0.362743708333333
"2010-03-09",0.364096356666667
"2010-03-10",0.359976842916667
"2010-03-11",0.350319239583333
"2010-03-12",0.34569445625
"2010-03-13",0.391201967083333
"2010-03-14",0.360269210416667
"2010-03-15",0.3460589775
"2010-03-16",0.337087485416667
"2010-03-17",0.330425509166667
"2010-03-18",0.324225049166667
"2010-03-19",0.315221625833333
"2010-03-20",0.3077628
"2010-03-21",0.30559413125
"2010-03-22",0.30169478625
"2010-03-23",0.29626566125
"2010-03-24",0.29010557
"2010-03-25",0.295372675416667
"2010-03-26",0.294954350833333
"2010-03-27",0.287140940833333
"2010-03-28",0.28027130375
"2010-03-29",0.277395148333333
"2010-03-30",0.321683944166667
"2010-03-31",0.34060160875
"2010-04-01",0.37781727375
"2010-04-02",0.351211844166667
"2010-04-03",0.370809447916667
"2010-04-04",0.34942858875
"2010-04-05",0.418565202916667
"2010-04-06",0.38984617625
"2010-04-07",0.370099095416667
"2010-04-08",0.35704493875
"2010-04-09",0.34818815125
"2010-04-10",0.340361395416667
"2010-04-11",0.360942880833333
"2010-04-12",0.419229687916667
"2010-04-13",0.402911357916667
"2010-04-14",0.3855147825
"2010-04-15",0.3722451575
"2010-04-16",0.36302390375
"2010-04-17",0.355056830833333
"2010-04-18",0.346540074166667
"2010-04-19",0.337833884166667
"2010-04-20",0.37387755125
"2010-04-21",0.38293174625
"2010-04-22",0.3665095325
"2010-04-23",0.35352742125
"2010-04-24",0.344032286666667
"2010-04-25",0.334164584583333
"2010-04-26",0.323012467916667
"2010-04-27",0.3380039175
"2010-04-28",0.37030411375
"2010-04-29",0.359961627083333
"2010-04-30",0.340610349166667
"2010-05-01",0.326495687083333
"2010-05-02",0.316597258333333
"2010-05-03",0.30575183
"2010-05-04",0.29814061625
"2010-05-05",0.289738677083333
"2010-05-06",0.282088526666667
"2010-05-07",0.273037229583333
"2010-05-08",0.268026232916667
"2010-05-09",0.266737900416667
"2010-05-10",0.278471453333333
"2010-05-11",0.302213969166667
"2010-05-12",0.28844735625
"2010-05-13",0.27982388
"2010-05-14",0.272966380833333
"2010-05-15",0.266663485416667
"2010-05-16",0.260288055416667
"2010-05-17",0.261312653333333
"2010-05-18",0.31199395875
"2010-05-19",0.304160592083333
"2010-05-20",0.289876342916667
"2010-05-21",0.2754986325
"2010-05-22",0.266295549166667
"2010-05-23",0.2620909625
"2010-05-24",0.254518545
"2010-05-25",0.256866254583333
"2010-05-26",0.318392766666667
"2010-05-27",0.328800728333333
"2010-05-28",0.353855722083333
"2010-05-29",0.322218234166667
"2010-05-30",0.300405835833333
"2010-05-31",0.284925057916667
"2010-06-01",0.277163628333333
"2010-06-02",0.26961064625
"2010-06-03",0.264390895833333
"2010-06-04",0.26154540375
"2010-06-05",0.255450061666667
"2010-06-06",0.2469474975
"2010-06-07",0.241560054166667
"2010-06-08",0.237664405
"2010-06-09",0.234580206666667
"2010-06-10",0.231666124166667
"2010-06-11",0.225213814166667
"2010-06-12",0.21711472125
"2010-06-13",0.207116217083333
"2010-06-14",0.203608938333333
"2010-06-15",0.201118702916667
"2010-06-16",0.19883151625
"2010-06-17",0.19437998375
"2010-06-18",0.192013760833333
"2010-06-19",0.191839025833333
"2010-06-20",0.189866682083333
"2010-06-21",0.187308225416667
"2010-06-22",0.18512630375
"2010-06-23",0.18339148375
"2010-06-24",0.181409290416667
"2010-06-25",0.181876940416667
"2010-06-26",0.183489344583333
"2010-06-27",0.181486967083333
"2010-06-28",0.177732956666667
"2010-06-29",0.174834372916667
"2010-06-30",0.17193167875
"2010-07-01",0.169736755416667
"2010-07-02",0.16817433375
"2010-07-03",0.166878038333333
"2010-07-04",0.164523765
"2010-07-05",0.162983638333333
"2010-07-06",0.1627075325
"2010-07-07",0.16286876875
"2010-07-08",0.16208802125
"2010-07-09",0.161030302083333
"2010-07-10",0.160107173333333
"2010-07-11",0.1591314325
"2010-07-12",0.15806768875
"2010-07-13",0.157017857083333
"2010-07-14",0.155605725833333
"2010-07-15",0.1538110325
"2010-07-16",0.1519495625
"2010-07-17",0.150903495833333
"2010-07-18",0.149818385
"2010-07-19",0.14877031375
"2010-07-20",0.148200489166667
"2010-07-21",0.148125876666667
"2010-07-22",0.148052334583333
"2010-07-23",0.147494969166667
"2010-07-24",0.146941793333333
"2010-07-25",0.14661648125
"2010-07-26",0.14667295625
"2010-07-27",0.147055285416667
"2010-07-28",0.14672635125
"2010-07-29",0.146140610416667
"2010-07-30",0.145562168333333
"2010-07-31",0.145501184166667
"2010-08-01",0.145451344583333
"2010-08-02",0.144959005
"2010-08-03",0.144484065833333
"2010-08-04",0.144373240416667
"2010-08-05",0.144410170416667
"2010-08-06",0.144215295
"2010-08-07",0.143980624583333
"2010-08-08",0.145220440833333
"2010-08-09",0.147044169166667
"2010-08-10",0.146587442083333
"2010-08-11",0.146659805833333
"2010-08-12",0.146800905
"2010-08-13",0.1461292725
"2010-08-14",0.145778514583333
"2010-08-15",0.145392602083333
"2010-08-16",0.1448832625
"2010-08-17",0.1443775425
"2010-08-18",0.143738060833333
"2010-08-19",0.14310468375
"2010-08-20",0.142619453333333
"2010-08-21",0.142351095833333
"2010-08-22",0.142044330416667
"2010-08-23",0.14121585125
"2010-08-24",0.1396610975
"2010-08-25",0.13828311875
"2010-08-26",0.13797734375
"2010-08-27",0.13800877125
"2010-08-28",0.13816024875
"2010-08-29",0.138732374166667
"2010-08-30",0.139146181666667
"2010-08-31",0.139229342916667
"2010-09-01",0.138881382916667
"2010-09-02",0.13793451375
"2010-09-03",0.137517710833333
"2010-09-04",0.13733817875
"2010-09-05",0.137110070833333
"2010-09-06",0.1367576825
"2010-09-07",0.136434482916667
"2010-09-08",0.141312219583333
"2010-09-09",0.147015215416667
"2010-09-10",0.146366952916667
"2010-09-11",0.145005388333333
"2010-09-12",0.143883842083333
"2010-09-13",0.143323779166667
"2010-09-14",0.1427323575
"2010-09-15",0.142224029166667
"2010-09-16",0.142063026666667
"2010-09-17",0.142325918333333
"2010-09-18",0.142922356666667
"2010-09-19",0.143171933333333
"2010-09-20",0.143227295416667
"2010-09-21",0.142757309583333
"2010-09-22",0.14237355
"2010-09-23",0.141775962916667
"2010-09-24",0.140852592916667
"2010-09-25",0.13942960625
"2010-09-26",0.13799004
"2010-09-27",0.136958408333333
"2010-09-28",0.135688924166667
"2010-09-29",0.134789951666667
"2010-09-30",0.134717446666667
"2010-10-01",0.13484888625
"2010-10-02",0.135059088333333
"2010-10-03",0.135333700416667
"2010-10-04",0.13602617375
"2010-10-05",0.1381121475
"2010-10-06",0.138527495833333
"2010-10-07",0.138653580833333
"2010-10-08",0.138347248333333
"2010-10-09",0.137910694166667
"2010-10-10",0.13744690875
"2010-10-11",0.137251133333333
"2010-10-12",0.13648670125
"2010-10-13",0.13576069
"2010-10-14",0.13542327
"2010-10-15",0.13515890875
"2010-10-16",0.13509781375
"2010-10-17",0.137597502083333
"2010-10-18",0.1455981775
"2010-10-19",0.144792062916667
"2010-10-20",0.144104642916667
"2010-10-21",0.144130081666667
"2010-10-22",0.161692395833333
"2010-10-23",0.18476170125
"2010-10-24",0.279707722083333
"2010-10-25",0.357546317083333
"2010-10-26",0.3092499175
"2010-10-27",0.286798279166667
"2010-10-28",0.27145214375
"2010-10-29",0.261160005833333
"2010-10-30",0.27965996375
"2010-10-31",0.284600127916667
"2010-11-01",0.273157289583333
"2010-11-02",0.261570502916667
"2010-11-03",0.250230987916667
"2010-11-04",0.240656239166667
"2010-11-05",0.233504415
"2010-11-06",0.230537745
"2010-11-07",0.278130746666667
"2010-11-08",0.35496403
"2010-11-09",0.318479178333333
"2010-11-10",0.309676092083333
"2010-11-11",0.2977880075
"2010-11-12",0.28469325375
"2010-11-13",0.27449041875
"2010-11-14",0.26364072125
"2010-11-15",0.254441678333333
"2010-11-16",0.246766314583333
"2010-11-17",0.241369299583333
"2010-11-18",0.237513443333333
"2010-11-19",0.236571371666667
"2010-11-20",0.303684358333333
"2010-11-21",0.386301379166667
"2010-11-22",0.352583304166667
"2010-11-23",0.361123394583333
"2010-11-24",0.358562080416667
"2010-11-25",0.335093097916667
"2010-11-26",0.3227435375
"2010-11-27",0.346972892916667
"2010-11-28",0.372846977083333
"2010-11-29",0.347388955416667
"2010-11-30",0.334647080416667
"2010-12-01",0.328589585416667
"2010-12-02",0.321904140833333
"2010-12-03",0.320434338333333
"2010-12-04",0.320639072916667
"2010-12-05",0.341786884166667
"2010-12-06",0.401558528333333
"2010-12-07",0.371760322083333
"2010-12-08",0.364238706666667
"2010-12-09",0.39323486125
"2010-12-10",0.379683547083333
"2010-12-11",0.367887902916667
"2010-12-12",0.357206047083333
"2010-12-13",0.348053808333333
"2010-12-14",0.346376955416667
"2010-12-15",0.3699783575
"2010-12-16",0.352289768333333
"2010-12-17",0.354892694166667
"2010-12-18",0.416800889166667
"2010-12-19",0.428194078333333
"2010-12-20",0.420431229583333
"2010-12-21",0.409491476666667
"2010-12-22",0.41960258875
"2010-12-23",0.396382892916667
"2010-12-24",0.383646037916667
"2010-12-25",0.382428828333333
"2010-12-26",0.409826132083333
"2010-12-27",0.391510877916667
"2010-12-28",0.381556247916667
"2010-12-29",0.409069137916667
"2010-12-30",0.388702834583333
"2010-12-31",0.38017279875
"2011-01-01",0.402355650416667
"2011-01-02",0.418446858333333
"2011-01-03",0.41096006875
"2011-01-04",0.393596316666667
"2011-01-05",0.383036044166667
"2011-01-06",0.3739349775
"2011-01-07",0.365756780416667
"2011-01-08",0.35957789375
"2011-01-09",0.355466975
"2011-01-10",0.350907817083333
"2011-01-11",0.345290457916667
"2011-01-12",0.37046847875
"2011-01-13",0.361151032916667
"2011-01-14",0.359391675
"2011-01-15",0.351444595833333
"2011-01-16",0.343674309583333
"2011-01-17",0.3396138525
"2011-01-18",0.336854377083333
"2011-01-19",0.331215172916667
"2011-01-20",0.327044905833333
"2011-01-21",0.321562622083333
"2011-01-22",0.31708426375
"2011-01-23",0.31273108125
"2011-01-24",0.308873667083333
"2011-01-25",0.305208881666667
"2011-01-26",0.301150370833333
"2011-01-27",0.296949275416667
"2011-01-28",0.294632925416667
"2011-01-29",0.29452077875
"2011-01-30",0.35612358125
"2011-01-31",0.374709407916667
"2011-02-01",0.353983804583333
"2011-02-02",0.340057064583333
"2011-02-03",0.3303475875
"2011-02-04",0.325850080833333
"2011-02-05",0.320061477083333
"2011-02-06",0.310723848333333
"2011-02-07",0.302864572083333
"2011-02-08",0.298358211666667
"2011-02-09",0.291233365416667
"2011-02-10",0.2861005175
"2011-02-11",0.282329232916667
"2011-02-12",0.27885114375
"2011-02-13",0.277479615833333
"2011-02-14",0.291957628333333
"2011-02-15",0.333330331666667
"2011-02-16",0.38039608125
"2011-02-17",0.403393234166667
"2011-02-18",0.424034449583333
"2011-02-19",0.426287974166667
"2011-02-20",0.412234541666667
"2011-02-21",0.391977312083333
"2011-02-22",0.380951394166667
"2011-02-23",0.372187051666667
"2011-02-24",0.3660400575
"2011-02-25",0.413110784166667
"2011-02-26",0.399524112916667
"2011-02-27",0.384438095833333
"2011-02-28",0.374875952083333
"2011-03-01",0.36797770875
"2011-03-02",0.3934522075
"2011-03-03",0.40604383875
"2011-03-04",0.387614019583333
"2011-03-05",0.375142692083333
"2011-03-06",0.374324496666667
"2011-03-07",0.399288171666667
"2011-03-08",0.379180890833333
"2011-03-09",0.37231495625
"2011-03-10",0.364039663333333
"2011-03-11",0.361471917083333
"2011-03-12",0.352448309583333
"2011-03-13",0.3468471475
"2011-03-14",0.39884833875
"2011-03-15",0.39048957125
"2011-03-16",0.412569175
"2011-03-17",0.391340007083333
"2011-03-18",0.39138310625
"2011-03-19",0.42424821125
"2011-03-20",0.4269897425
"2011-03-21",0.414508237083333
"2011-03-22",0.40000744375
"2011-03-23",0.419139910416667
"2011-03-24",0.42593292875
"2011-03-25",0.42133613
"2011-03-26",0.413571184166667
"2011-03-27",0.3972003825
"2011-03-28",0.384358360416667
"2011-03-29",0.368357369166667
"2011-03-30",0.3569680725
"2011-03-31",0.345485634583333
"2011-04-01",0.332406767083333
"2011-04-02",0.324653731666667
"2011-04-03",0.321481635833333
"2011-04-04",0.31198829375
"2011-04-05",0.303506030416667
"2011-04-06",0.29949089
"2011-04-07",0.298958614166667
"2011-04-08",0.2989357175
"2011-04-09",0.303700658333333
"2011-04-10",0.296970080416667
"2011-04-11",0.290348100833333
"2011-04-12",0.286506445833333
"2011-04-13",0.283595628333333
"2011-04-14",0.282752495
"2011-04-15",0.2755845225
"2011-04-16",0.270880795
"2011-04-17",0.270782734166667
"2011-04-18",0.27280822
"2011-04-19",0.27985039125
"2011-04-20",0.2802774175
"2011-04-21",0.321882839166667
"2011-04-22",0.315067323333333
"2011-04-23",0.3054100525
"2011-04-24",0.324437229583333
"2011-04-25",0.323932264583333
"2011-04-26",0.315386735
"2011-04-27",0.298675722916667
"2011-04-28",0.286299157916667
"2011-04-29",0.276020659583333
"2011-04-30",0.264015382083333
"2011-05-01",0.25237503125
"2011-05-02",0.244360029583333
"2011-05-03",0.2365628525
"2011-05-04",0.2300798125
"2011-05-05",0.2197831375
"2011-05-06",0.21355066375
"2011-05-07",0.211364590416667
"2011-05-08",0.212608965
"2011-05-09",0.213886834583333
"2011-05-10",0.212206070416667
"2011-05-11",0.209596043333333
"2011-05-12",0.207391289166667
"2011-05-13",0.2034472875
"2011-05-14",0.20032313875
"2011-05-15",0.25829110875
"2011-05-16",0.284226459166667
"2011-05-17",0.333210315833333
"2011-05-18",0.35295347375
"2011-05-19",0.3204524225
"2011-05-20",0.298792693333333
"2011-05-21",0.2841152875
"2011-05-22",0.272029913333333
"2011-05-23",0.264175725833333
"2011-05-24",0.25622438
"2011-05-25",0.251307775833333
"2011-05-26",0.259763544166667
"2011-05-27",0.251000563333333
"2011-05-28",0.246888837083333
"2011-05-29",0.26270450375
"2011-05-30",0.253603747083333
"2011-05-31",0.2498028975
"2011-06-01",0.26606060375
"2011-06-02",0.263107295833333
"2011-06-03",0.256713772916667
"2011-06-04",0.344268687083333
"2011-06-05",0.37921261625
"2011-06-06",0.35633848625
"2011-06-07",0.342014047083333
"2011-06-08",0.328879964583333
"2011-06-09",0.319262472916667
"2011-06-10",0.309734001666667
"2011-06-11",0.30266884375
"2011-06-12",0.295883105833333
"2011-06-13",0.288479794166667
"2011-06-14",0.2812104675
"2011-06-15",0.271026528333333
"2011-06-16",0.260812209583333
"2011-06-17",0.25440226875
"2011-06-18",0.249592770416667
"2011-06-19",0.244699692916667
"2011-06-20",0.236900848333333
"2011-06-21",0.229641842083333
"2011-06-22",0.223219294583333
"2011-06-23",0.218566059166667
"2011-06-24",0.213814942083333
"2011-06-25",0.210353491666667
"2011-06-26",0.207695184166667
"2011-06-27",0.203753372083333
"2011-06-28",0.205273811666667
"2011-06-29",0.277874675
"2011-06-30",0.270193772083333
"2011-07-01",0.255386517916667
"2011-07-02",0.24037980125
"2011-07-03",0.2276020475
"2011-07-04",0.21488341125
"2011-07-05",0.206327612083333
"2011-07-06",0.19908903
"2011-07-07",0.192653171666667
"2011-07-08",0.188041289583333
"2011-07-09",0.184045050833333
"2011-07-10",0.18119601125
"2011-07-11",0.179049836666667
"2011-07-12",0.178528425833333
"2011-07-13",0.17798625875
"2011-07-14",0.177223937916667
"2011-07-15",0.17605426625
"2011-07-16",0.17589896375
"2011-07-17",0.175140271666667
"2011-07-18",0.172285700416667
"2011-07-19",0.17005532875
"2011-07-20",0.167487473333333
"2011-07-21",0.164479948333333
"2011-07-22",0.16322552125
"2011-07-23",0.162515958333333
"2011-07-24",0.161397151666667
"2011-07-25",0.15981942375
"2011-07-26",0.15854029
"2011-07-27",0.157647105416667
"2011-07-28",0.15615898625
"2011-07-29",0.154530467916667
"2011-07-30",0.153707095833333
"2011-07-31",0.15311743125
"2011-08-01",0.152195321666667
"2011-08-02",0.15104392875
"2011-08-03",0.150007815833333
"2011-08-04",0.150525602083333
"2011-08-05",0.151873210416667
"2011-08-06",0.152131991666667
"2011-08-07",0.152418664166667
"2011-08-08",0.151988682916667
"2011-08-09",0.151027565
"2011-08-10",0.150044089166667
"2011-08-11",0.149725827083333
"2011-08-12",0.149780657916667
"2011-08-13",0.14924959875
"2011-08-14",0.148158843333333
"2011-08-15",0.146915916666667
"2011-08-16",0.14610089625
"2011-08-17",0.145740141666667
"2011-08-18",0.14505348375
"2011-08-19",0.145686503333333
"2011-08-20",0.146990612916667
"2011-08-21",0.14691115125
"2011-08-22",0.146461841666667
"2011-08-23",0.145578980416667
"2011-08-24",0.144440389166667
"2011-08-25",0.14412151875
"2011-08-26",0.143950474583333
"2011-08-27",0.143450229166667
"2011-08-28",0.142883344583333
"2011-08-29",0.142377259166667
"2011-08-30",0.142529365416667
"2011-08-31",0.14302246
"2011-09-01",0.1429084975
"2011-09-02",0.14222147125
"2011-09-03",0.14165843
"2011-09-04",0.141411184166667
"2011-09-05",0.141038621666667
"2011-09-06",0.14042871
"2011-09-07",0.139544765416667
"2011-09-08",0.138688297083333
"2011-09-09",0.138479267916667
"2011-09-10",0.138432032916667
"2011-09-11",0.1388347725
"2011-09-12",0.14020689125
"2011-09-13",0.13979404625
"2011-09-14",0.13956637875
"2011-09-15",0.139661006666667
"2011-09-16",0.139913120833333
"2011-09-17",0.140181084166667
"2011-09-18",0.139899574583333
"2011-09-19",0.139089645833333
"2011-09-20",0.1383323875
"2011-09-21",0.13772497
"2011-09-22",0.137319802916667
"2011-09-23",0.1370301625
"2011-09-24",0.136923759583333
"2011-09-25",0.138483824166667
"2011-09-26",0.143417122916667
"2011-09-27",0.142393785416667
"2011-09-28",0.141060050833333
"2011-09-29",0.139833405833333
"2011-09-30",0.14091316875
"2011-10-01",0.142456640833333
"2011-10-02",0.142384476666667
"2011-10-03",0.14229078875
"2011-10-04",0.214262107916667
"2011-10-05",0.31478756875
"2011-10-06",0.336000762083333
"2011-10-07",0.3262550125
"2011-10-08",0.296945790416667
"2011-10-09",0.279857606666667
"2011-10-10",0.268402073333333
"2011-10-11",0.271454985833333
"2011-10-12",0.262934694583333
"2011-10-13",0.248843870833333
"2011-10-14",0.234255145416667
"2011-10-15",0.224599845833333
"2011-10-16",0.2210709625
"2011-10-17",0.21745585375
"2011-10-18",0.212371612916667
"2011-10-19",0.21058288875
"2011-10-20",0.207594603333333
"2011-10-21",0.2046108325
"2011-10-22",0.200886425833333
"2011-10-23",0.194612127916667
"2011-10-24",0.18996481625
"2011-10-25",0.189355939583333
"2011-10-26",0.1877902075
"2011-10-27",0.184300464166667
"2011-10-28",0.181107845833333
"2011-10-29",0.177628835416667
"2011-10-30",0.174128642916667
"2011-10-31",0.171778157083333
"2011-11-01",0.170471562916667
"2011-11-02",0.166962792916667
"2011-11-03",0.163730693333333
"2011-11-04",0.19169474875
"2011-11-05",0.20358331
"2011-11-06",0.31375014625
"2011-11-07",0.307203642083333
"2011-11-08",0.286255600416667
"2011-11-09",0.271534690416667
"2011-11-10",0.25964439375
"2011-11-11",0.281649654583333
"2011-11-12",0.37378537125
"2011-11-13",0.336496402083333
"2011-11-14",0.32033961
"2011-11-15",0.309602415833333
"2011-11-16",0.301211658333333
"2011-11-17",0.294976967083333
"2011-11-18",0.29250572
"2011-11-19",0.29917236875
"2011-11-20",0.368558434166667
"2011-11-21",0.379719215
"2011-11-22",0.357066632916667
"2011-11-23",0.34567159875
"2011-11-24",0.362467664166667
"2011-11-25",0.37066352875
"2011-11-26",0.352542257916667
"2011-11-27",0.340232134166667
"2011-11-28",0.3320479125
"2011-11-29",0.32568085
"2011-11-30",0.31895125625
"2011-12-01",0.306628617916667
"2011-12-02",0.292208539583333
"2011-12-03",0.28583359625
"2011-12-04",0.279980646666667
"2011-12-05",0.277807880416667
"2011-12-06",0.275158949166667
"2011-12-07",0.271717765
"2011-12-08",0.26866970625
"2011-12-09",0.2665678275
"2011-12-10",0.263921622916667
"2011-12-11",0.263215525416667
"2011-12-12",0.26912814375
"2011-12-13",0.270413648333333
"2011-12-14",0.267634028333333
"2011-12-15",0.273520015416667
"2011-12-16",0.27993669
"2011-12-17",0.273196015
"2011-12-18",0.267615155416667
"2011-12-19",0.266031460833333
"2011-12-20",0.264236605
"2011-12-21",0.259543320416667
"2011-12-22",0.25367008625
"2011-12-23",0.24792082625
"2011-12-24",0.243547051666667
"2011-12-25",0.23941856375
"2011-12-26",0.236621445416667
"2011-12-27",0.23509963875
"2011-12-28",0.232232376666667
"2011-12-29",0.22964239625
"2011-12-30",0.230267380833333
"2011-12-31",0.2306696925
"2012-01-01",0.226903687083333
"2012-01-02",0.223554573333333
"2012-01-03",0.22356663125
"2012-01-04",0.22196975625
"2012-01-05",0.218088073333333
"2012-01-06",0.216612827916667
"2012-01-07",0.216456664166667
"2012-01-08",0.2122819675
"2012-01-09",0.207912803333333
"2012-01-10",0.205356558333333
"2012-01-11",0.20402455875
"2012-01-12",0.20225421625
"2012-01-13",0.19980598
"2012-01-14",0.19697649
"2012-01-15",0.195138226666667
"2012-01-16",0.1937787925
"2012-01-17",0.191193217916667
"2012-01-18",0.189611581666667
"2012-01-19",0.189122162916667
"2012-01-20",0.24520252625
"2012-01-21",0.408698985
"2012-01-22",0.388714485416667
"2012-01-23",0.415190354166667
"2012-01-24",0.39410561
"2012-01-25",0.3773815625
"2012-01-26",0.366874815
"2012-01-27",0.360870310833333
"2012-01-28",0.3485423225
"2012-01-29",0.3379649425
"2012-01-30",0.332018175
"2012-01-31",0.32888105125
"2012-02-01",0.325697193333333
"2012-02-02",0.323929125416667
"2012-02-03",0.315850003333333
"2012-02-04",0.309501651666667
"2012-02-05",0.303629955416667
"2012-02-06",0.297332857916667
"2012-02-07",0.357133562083333
"2012-02-08",0.374896767916667
"2012-02-09",0.352891905
"2012-02-10",0.341950505
"2012-02-11",0.346186571666667
"2012-02-12",0.343205394166667
"2012-02-13",0.353825552083333
"2012-02-14",0.366899701666667
"2012-02-15",0.349459384166667
"2012-02-16",0.33334616625
"2012-02-17",0.32245240625
"2012-02-18",0.32001485
"2012-02-19",0.314950125416667
"2012-02-20",0.310065032916667
"2012-02-21",0.30865951875
"2012-02-22",0.302774067083333
"2012-02-23",0.294940575416667
"2012-02-24",0.284826193333333
"2012-02-25",0.27715661875
"2012-02-26",0.27151028625
"2012-02-27",0.267939574166667
"2012-02-28",0.266391949166667
"2012-02-29",0.30341463125
"2012-03-01",0.34164364875
"2012-03-02",0.337879915833333
"2012-03-03",0.315222685
"2012-03-04",0.29965062625
"2012-03-05",0.287651369166667
"2012-03-06",0.28117082125
"2012-03-07",0.274537282916667
"2012-03-08",0.265210332083333
"2012-03-09",0.258855068333333
"2012-03-10",0.253436962083333
"2012-03-11",0.251093916666667
"2012-03-12",0.25076487875
"2012-03-13",0.284378625833333
"2012-03-14",0.366672414583333
"2012-03-15",0.396516482916667
"2012-03-16",0.400177498333333
"2012-03-17",0.4126020075
"2012-03-18",0.40178831375
"2012-03-19",0.38339450625
"2012-03-20",0.365314997916667
"2012-03-21",0.354556585416667
"2012-03-22",0.347646724583333
"2012-03-23",0.34080644625
"2012-03-24",0.358596753333333
"2012-03-25",0.420241657916667
"2012-03-26",0.390176917916667
"2012-03-27",0.379512070833333
"2012-03-28",0.414883206666667
"2012-03-29",0.394407302083333
"2012-03-30",0.37958928125
"2012-03-31",0.386862804166667
"2012-04-01",0.403302419166667
"2012-04-02",0.378399962083333
"2012-04-03",0.36490835375
"2012-04-04",0.356317592083333
"2012-04-05",0.345578912916667
"2012-04-06",0.336306661666667
"2012-04-07",0.327623078333333
"2012-04-08",0.320594255
"2012-04-09",0.314882696666667
"2012-04-10",0.3370644775
"2012-04-11",0.406509439583333
"2012-04-12",0.405994454166667
"2012-04-13",0.417186320833333
"2012-04-14",0.397748285
"2012-04-15",0.379560146666667
"2012-04-16",0.368977924166667
"2012-04-17",0.358304603333333
"2012-04-18",0.351870600833333
"2012-04-19",0.343728389166667
"2012-04-20",0.336535612916667
"2012-04-21",0.324868100833333
"2012-04-22",0.315782098333333
"2012-04-23",0.31427021
"2012-04-24",0.311855070416667
"2012-04-25",0.308299242916667
"2012-04-26",0.3297526525
"2012-04-27",0.32979610125
"2012-04-28",0.312473233333333
"2012-04-29",0.300896433333333
"2012-04-30",0.291847114166667
"2012-05-01",0.28419666625
"2012-05-02",0.27790495
"2012-05-03",0.27341898125
"2012-05-04",0.274063450416667
"2012-05-05",0.26717971125
"2012-05-06",0.257728010416667
"2012-05-07",0.247548925833333
"2012-05-08",0.239806189166667
"2012-05-09",0.234601620416667
"2012-05-10",0.230139169166667
"2012-05-11",0.22557779125
"2012-05-12",0.221655967083333
"2012-05-13",0.218517241666667
"2012-05-14",0.217870257916667
"2012-05-15",0.21578590125
"2012-05-16",0.2131202175
"2012-05-17",0.210918573333333
"2012-05-18",0.20869878625
"2012-05-19",0.205292701666667
"2012-05-20",0.201418554583333
"2012-05-21",0.197988261666667
"2012-05-22",0.196650145416667
"2012-05-23",0.194505229583333
"2012-05-24",0.192260282083333
"2012-05-25",0.19094851875
"2012-05-26",0.192643588333333
"2012-05-27",0.194334027916667
"2012-05-28",0.192470589583333
"2012-05-29",0.189994078333333
"2012-05-30",0.187968422916667
"2012-05-31",0.185481959166667
"2012-06-01",0.18275790625
"2012-06-02",0.182095264583333
"2012-06-03",0.181827498333333
"2012-06-04",0.183482548333333
"2012-06-05",0.192898015
"2012-06-06",0.188923101666667
"2012-06-07",0.185031545416667
"2012-06-08",0.181861609166667
"2012-06-09",0.178336990833333
"2012-06-10",0.173718643333333
"2012-06-11",0.168748303333333
"2012-06-12",0.1654674825
"2012-06-13",0.164817594166667
"2012-06-14",0.164767305416667
"2012-06-15",0.163061980416667
"2012-06-16",0.160942315416667
"2012-06-17",0.15868512625
"2012-06-18",0.158333977083333
"2012-06-19",0.158239324166667
"2012-06-20",0.15702106875
"2012-06-21",0.155742212916667
"2012-06-22",0.156038194166667
"2012-06-23",0.156352634583333
"2012-06-24",0.1555764175
"2012-06-25",0.154478537083333
"2012-06-26",0.1536274225
"2012-06-27",0.152468177083333
"2012-06-28",0.15118437875
"2012-06-29",0.15026825625
"2012-06-30",0.14998019625
"2012-07-01",0.150624394166667
"2012-07-02",0.151622042083333
"2012-07-03",0.151494570833333
"2012-07-04",0.150430887083333
"2012-07-05",0.149965445
"2012-07-06",0.149568208333333
"2012-07-07",0.148572220833333
"2012-07-08",0.147751080833333
"2012-07-09",0.147333860833333
"2012-07-10",0.146728110416667
"2012-07-11",0.145745335
"2012-07-12",0.144937551666667
"2012-07-13",0.144468771666667
"2012-07-14",0.146003169583333
"2012-07-15",0.147503552916667
"2012-07-16",0.14746236625
"2012-07-17",0.1485124025
"2012-07-18",0.148263926666667
"2012-07-19",0.147175852083333
"2012-07-20",0.14611890875
"2012-07-21",0.145001229583333
"2012-07-22",0.143892016666667
"2012-07-23",0.143451052083333
"2012-07-24",0.143880499166667
"2012-07-25",0.144209739583333
"2012-07-26",0.14365254
"2012-07-27",0.143157130833333
"2012-07-28",0.143048538333333
"2012-07-29",0.143729681666667
"2012-07-30",0.14392693625
"2012-07-31",0.1429641
"2012-08-01",0.1421822775
"2012-08-02",0.141665469166667
"2012-08-03",0.14129379875
"2012-08-04",0.141388923333333
"2012-08-05",0.1419080375
"2012-08-06",0.141455232916667
"2012-08-07",0.140752039583333
"2012-08-08",0.140200427083333
"2012-08-09",0.1394610675
"2012-08-10",0.138753700416667
"2012-08-11",0.138201902916667
"2012-08-12",0.13768993
"2012-08-13",0.137263530833333
"2012-08-14",0.13690541625
"2012-08-15",0.13665042875
"2012-08-16",0.136443890416667
"2012-08-17",0.136187933333333
"2012-08-18",0.135969036666667
"2012-08-19",0.135930081666667
"2012-08-20",0.135782709166667
"2012-08-21",0.135670818333333
"2012-08-22",0.135931892083333
"2012-08-23",0.136227170833333
"2012-08-24",0.136196608333333
"2012-08-25",0.13624824375
"2012-08-26",0.136381501666667
"2012-08-27",0.136265336666667
"2012-08-28",0.135936882916667
"2012-08-29",0.135519795833333
"2012-08-30",0.13516336625
"2012-08-31",0.135745190833333
"2012-09-01",0.1364420825
"2012-09-02",0.136204604583333
"2012-09-03",0.135808619583333
"2012-09-04",0.1354863425
"2012-09-05",0.135346242083333
"2012-09-06",0.135308290416667
"2012-09-07",0.135157105833333
"2012-09-08",0.134924409583333
"2012-09-09",0.134788090833333
"2012-09-10",0.134804369583333
"2012-09-11",0.134936132083333
"2012-09-12",0.13497632
"2012-09-13",0.134836204166667
"2012-09-14",0.1346928975
"2012-09-15",0.13457063625
"2012-09-16",0.134355976666667
"2012-09-17",0.134283184583333
"2012-09-18",0.1342367825
"2012-09-19",0.13424803875
"2012-09-20",0.134305574166667
"2012-09-21",0.134316263333333
"2012-09-22",0.134231182083333
"2012-09-23",0.134035423333333
"2012-09-24",0.133973759166667
"2012-09-25",0.134038812916667
"2012-09-26",0.134147785416667
"2012-09-27",0.1342451275
"2012-09-28",0.134154283333333
"2012-09-29",0.134244432083333
"2012-09-30",0.134130823333333
"2012-10-01",0.133650163333333
"2012-10-02",0.13288325
"2012-10-03",0.132362452083333
"2012-10-04",0.133513289166667
"2012-10-05",0.1351342425
"2012-10-06",0.135120044583333
"2012-10-07",0.13499682625
"2012-10-08",0.13482445125
"2012-10-09",0.1349235075
"2012-10-10",0.136772885833333
"2012-10-11",0.141022545416667
"2012-10-12",0.149637624583333
"2012-10-13",0.152533655
"2012-10-14",0.150808069166667
"2012-10-15",0.149691805833333
"2012-10-16",0.148626484166667
"2012-10-17",0.147672876666667
"2012-10-18",0.145175914166667
"2012-10-19",0.14593512125
"2012-10-20",0.146888054166667
"2012-10-21",0.146192486666667
"2012-10-22",0.191162065416667
"2012-10-23",0.26296294375
"2012-10-24",0.261891815833333
"2012-10-25",0.268902596666667
"2012-10-26",0.267737457916667
"2012-10-27",0.24885335875
"2012-10-28",0.236063557916667
"2012-10-29",0.227171765833333
"2012-10-30",0.2202094
"2012-10-31",0.214771270833333
"2012-11-01",0.27622195625
"2012-11-02",0.308121164166667
"2012-11-03",0.282700314166667
"2012-11-04",0.2638606575
"2012-11-05",0.248353175833333
"2012-11-06",0.234644075833333
"2012-11-07",0.2260216025
"2012-11-08",0.221570863333333
"2012-11-09",0.241655195416667
"2012-11-10",0.252067685416667
"2012-11-11",0.246031157916667
"2012-11-12",0.237301026666667
"2012-11-13",0.228548049583333
"2012-11-14",0.22015335875
"2012-11-15",0.21324218125
"2012-11-16",0.222394545416667
"2012-11-17",0.3684088025
"2012-11-18",0.392954801666667
"2012-11-19",0.362317850416667
"2012-11-20",0.351739239583333
"2012-11-21",0.383563417083333
"2012-11-22",0.3759071575
"2012-11-23",0.357419080833333
"2012-11-24",0.344182475833333
"2012-11-25",0.334347275416667
"2012-11-26",0.32833505125
"2012-11-27",0.324824248333333
"2012-11-28",0.349895166666667
"2012-11-29",0.375913746666667
"2012-11-30",0.413778543333333
"2012-12-01",0.422734349166667
"2012-12-02",0.42630822125
"2012-12-03",0.398358454583333
"2012-12-04",0.383823060416667
"2012-12-05",0.406174579583333
"2012-12-06",0.407523551666667
"2012-12-07",0.38835694375
"2012-12-08",0.37828584125
"2012-12-09",0.369141947916667
"2012-12-10",0.361191750416667
"2012-12-11",0.35588497875
"2012-12-12",0.363526428333333
"2012-12-13",0.368203414166667
"2012-12-14",0.359028600416667
"2012-12-15",0.36246689125
"2012-12-16",0.369439994166667
"2012-12-17",0.39739228625
"2012-12-18",0.386208533333333
"2012-12-19",0.369871514166667
"2012-12-20",0.361194494166667
"2012-12-21",0.36646762375
"2012-12-22",0.427998131666667
"2012-12-23",0.42128015375
"2012-12-24",0.413305973333333
"2012-12-25",0.393185509583333
"2012-12-26",0.420345474583333
"2012-12-27",0.4050219375
"2012-12-28",0.389626587916667
"2012-12-29",0.40574227625
"2012-12-30",0.391379619583333
"2012-12-31",0.379948210416667
"2013-01-01",0.371564775833333
"2013-01-02",0.36477068125
"2013-01-03",0.35847911
"2013-01-04",0.353194003333333
"2013-01-05",0.3495523275
"2013-01-06",0.4118109025
"2013-01-07",0.3933720725
"2013-01-08",0.381508339583333
"2013-01-09",0.374896191666667
"2013-01-10",0.3717249775
"2013-01-11",0.364397475416667
"2013-01-12",0.3601933725
"2013-01-13",0.3544366275
"2013-01-14",0.346907380833333
"2013-01-15",0.340449369583333
"2013-01-16",0.336553207916667
"2013-01-17",0.33275025125
"2013-01-18",0.328414870833333
"2013-01-19",0.324301075833333
"2013-01-20",0.319452987083333
"2013-01-21",0.314010234583333
"2013-01-22",0.30879896375
"2013-01-23",0.305712392083333
"2013-01-24",0.315964232083333
"2013-01-25",0.394146490416667
"2013-01-26",0.366275239166667
"2013-01-27",0.352056854166667
"2013-01-28",0.34224316125
"2013-01-29",0.335723685833333
"2013-01-30",0.3312702225
"2013-01-31",0.3277555725
"2013-02-01",0.323389275416667
"2013-02-02",0.320007785416667
"2013-02-03",0.319170845416667
"2013-02-04",0.317014929166667
"2013-02-05",0.314725284583333
"2013-02-06",0.313149601666667
"2013-02-07",0.310606955416667
"2013-02-08",0.33896626125
"2013-02-09",0.34135573
"2013-02-10",0.327147485416667
"2013-02-11",0.319094610833333
"2013-02-12",0.31193770125
"2013-02-13",0.307797833333333
"2013-02-14",0.303434366666667
"2013-02-15",0.29721966875
"2013-02-16",0.289231159166667
"2013-02-17",0.285113189583333
"2013-02-18",0.283373130416667
"2013-02-19",0.296414414583333
"2013-02-20",0.34639583
"2013-02-21",0.324820535416667
"2013-02-22",0.311939516666667
"2013-02-23",0.304142724166667
"2013-02-24",0.296070353333333
"2013-02-25",0.287376015833333
"2013-02-26",0.2827504725
"2013-02-27",0.276396965416667
"2013-02-28",0.272414490416667
"2013-03-01",0.269824999166667
"2013-03-02",0.26533666
"2013-03-03",0.264337815416667
"2013-03-04",0.262699881666667
"2013-03-05",0.26067866375
"2013-03-06",0.311188240833333
"2013-03-07",0.32839487625
"2013-03-08",0.391170919583333
"2013-03-09",0.354495237916667
"2013-03-10",0.33687115
"2013-03-11",0.32567510375
"2013-03-12",0.31583182
"2013-03-13",0.308193014166667
"2013-03-14",0.30138909125
"2013-03-15",0.29548411125
"2013-03-16",0.2909229575
"2013-03-17",0.285220820416667
"2013-03-18",0.279991201666667
"2013-03-19",0.276782767083333
"2013-03-20",0.281872582083333
"2013-03-21",0.28467332375
"2013-03-22",0.2764297025
"2013-03-23",0.2668883525
"2013-03-24",0.2600226975
"2013-03-25",0.255818060833333
"2013-03-26",0.252431011666667
"2013-03-27",0.249254668333333
"2013-03-28",0.257992707083333
"2013-03-29",0.26125466875
"2013-03-30",0.25590469125
"2013-03-31",0.288655793333333
"2013-04-01",0.334983448333333
"2013-04-02",0.3242874375
"2013-04-03",0.305550392916667
"2013-04-04",0.317709941666667
"2013-04-05",0.334122700416667
"2013-04-06",0.3185838925
"2013-04-07",0.3086460075
"2013-04-08",0.30348724625
"2013-04-09",0.290193686666667
"2013-04-10",0.274119409166667
"2013-04-11",0.262598046666667
"2013-04-12",0.256807445
"2013-04-13",0.25112413875
"2013-04-14",0.245750529166667
"2013-04-15",0.241813492916667
"2013-04-16",0.23836462625
"2013-04-17",0.23189123875
"2013-04-18",0.224687555416667
"2013-04-19",0.2191396425
"2013-04-20",0.214470220416667
"2013-04-21",0.209412470833333
"2013-04-22",0.203425739583333
"2013-04-23",0.199953490833333
"2013-04-24",0.19840595875
"2013-04-25",0.19726493
"2013-04-26",0.195641565
"2013-04-27",0.19298481375
"2013-04-28",0.190336773333333
"2013-04-29",0.186995262916667
"2013-04-30",0.182778179166667
"2013-05-01",0.17893502125
"2013-05-02",0.175552772916667
"2013-05-03",0.170565155
"2013-05-04",0.1672684075
"2013-05-05",0.1777098075
"2013-05-06",0.20967596
"2013-05-07",0.210348149583333
"2013-05-08",0.204804595833333
"2013-05-09",0.199882893333333
"2013-05-10",0.195795021666667
"2013-05-11",0.191297732083333
"2013-05-12",0.18561793375
"2013-05-13",0.180741233333333
"2013-05-14",0.177222174583333
"2013-05-15",0.174050642083333
"2013-05-16",0.172372855416667
"2013-05-17",0.171910194583333
"2013-05-18",0.169362810416667
"2013-05-19",0.166706895
"2013-05-20",0.163332936666667
"2013-05-21",0.16000025375
"2013-05-22",0.158320085833333
"2013-05-23",0.156766014166667
"2013-05-24",0.1556534325
"2013-05-25",0.154670929166667
"2013-05-26",0.155739655
"2013-05-27",0.1574558175
"2013-05-28",0.1634326825
"2013-05-29",0.163306941666667
"2013-05-30",0.161350245416667
"2013-05-31",0.158660860416667
"2013-06-01",0.155639610416667
"2013-06-02",0.15281966875
"2013-06-03",0.15194221625
"2013-06-04",0.1513736925
"2013-06-05",0.15028977
"2013-06-06",0.1497150525
"2013-06-07",0.149085412083333
"2013-06-08",0.148049364166667
"2013-06-09",0.149040135416667
"2013-06-10",0.150229784583333
"2013-06-11",0.149769944166667
"2013-06-12",0.14855126625
"2013-06-13",0.147142852083333
"2013-06-14",0.1457153625
"2013-06-15",0.144406692083333
"2013-06-16",0.143866015
"2013-06-17",0.143147565416667
"2013-06-18",0.1429706125
"2013-06-19",0.142687055416667
"2013-06-20",0.142141602916667
"2013-06-21",0.141575807916667
"2013-06-22",0.140983587916667
"2013-06-23",0.141863922083333
"2013-06-24",0.154777122083333
"2013-06-25",0.1680574
"2013-06-26",0.16940530625
"2013-06-27",0.165695935833333
"2013-06-28",0.16084105
"2013-06-29",0.156086994583333
"2013-06-30",0.151918983333333
"2013-07-01",0.149196697083333
"2013-07-02",0.14676530875
"2013-07-03",0.144976255833333
"2013-07-04",0.143362113333333
"2013-07-05",0.141891590833333
"2013-07-06",0.1421074275
"2013-07-07",0.14254399875
"2013-07-08",0.1420156575
"2013-07-09",0.141072034583333
"2013-07-10",0.140086680833333
"2013-07-11",0.1396380725
"2013-07-12",0.139164725833333
"2013-07-13",0.138616437916667
"2013-07-14",0.13797837125
"2013-07-15",0.137602324166667
"2013-07-16",0.137652682916667
"2013-07-17",0.13757601125
"2013-07-18",0.137208401666667
"2013-07-19",0.13691799125
"2013-07-20",0.136687792083333
"2013-07-21",0.136517616666667
"2013-07-22",0.136195035
"2013-07-23",0.138417132083333
"2013-07-24",0.149624260833333
"2013-07-25",0.14738354375
"2013-07-26",0.145903532916667
"2013-07-27",0.14474405125
"2013-07-28",0.1435601075
"2013-07-29",0.143876963333333
"2013-07-30",0.143976504166667
"2013-07-31",0.142806450416667
"2013-08-01",0.141977099166667
"2013-08-02",0.141364195
"2013-08-03",0.14105000625
"2013-08-04",0.140905885
"2013-08-05",0.140237255
"2013-08-06",0.13959608625
"2013-08-07",0.13962700375
"2013-08-08",0.140613747083333
"2013-08-09",0.1412531175
"2013-08-10",0.141119579583333
"2013-08-11",0.1407429275
"2013-08-12",0.140378805
"2013-08-13",0.139685670416667
"2013-08-14",0.138784934583333
"2013-08-15",0.138539083333333
"2013-08-16",0.138780134583333
"2013-08-17",0.138561794166667
"2013-08-18",0.13843026
"2013-08-19",0.138191664583333
"2013-08-20",0.137778577916667
"2013-08-21",0.137092507916667
"2013-08-22",0.13642964
"2013-08-23",0.1361839725
"2013-08-24",0.136064644583333
"2013-08-25",0.13578681625
"2013-08-26",0.135643594166667
"2013-08-27",0.135297156666667
"2013-08-28",0.134996037083333
"2013-08-29",0.134995726666667
"2013-08-30",0.135019885416667
"2013-08-31",0.134640002083333
"2013-09-01",0.134254792083333
"2013-09-02",0.134145997916667
"2013-09-03",0.1346098975
"2013-09-04",0.134265125
"2013-09-05",0.133982464583333
"2013-09-06",0.13364442625
"2013-09-07",0.1330789625
"2013-09-08",0.133176851666667
"2013-09-09",0.132959494583333
"2013-09-10",0.133163119166667
"2013-09-11",0.134883352083333
"2013-09-12",0.135023422083333
"2013-09-13",0.134905214583333
"2013-09-14",0.135161936666667
"2013-09-15",0.13549063375
"2013-09-16",0.135394796666667
"2013-09-17",0.135070978333333
"2013-09-18",0.134820154166667
"2013-09-19",0.13429778375
"2013-09-20",0.1338256475
"2013-09-21",0.15429382375
"2013-09-22",0.241263345
"2013-09-23",0.226641135416667
"2013-09-24",0.214054964583333
"2013-09-25",0.204285851666667
"2013-09-26",0.196202391666667
"2013-09-27",0.188598747083333
"2013-09-28",0.181123315416667
"2013-09-29",0.174885956666667
"2013-09-30",0.17308672625
"2013-10-01",0.173090215
"2013-10-02",0.16885716875
"2013-10-03",0.1649433525
"2013-10-04",0.160200319166667
"2013-10-05",0.15475611125
"2013-10-06",0.149772544166667
"2013-10-07",0.146710405
"2013-10-08",0.145137094166667
"2013-10-09",0.14462994875
"2013-10-10",0.144993665
"2013-10-11",0.14434858125
"2013-10-12",0.14362947375
"2013-10-13",0.142934380416667
"2013-10-14",0.142089711666667
"2013-10-15",0.140786042083333
"2013-10-16",0.139246371666667
"2013-10-17",0.13807874625
"2013-10-18",0.137256807916667
"2013-10-19",0.136667251666667
"2013-10-20",0.13630232375
"2013-10-21",0.136069134166667
"2013-10-22",0.1358599225
"2013-10-23",0.135662675
"2013-10-24",0.135591501666667
"2013-10-25",0.13577775
"2013-10-26",0.135694555833333
"2013-10-27",0.135484851666667
"2013-10-28",0.14014380125
"2013-10-29",0.145043420416667
"2013-10-30",0.147026405
"2013-10-31",0.145952074166667
"2013-11-01",0.144685265416667
"2013-11-02",0.143396412916667
"2013-11-03",0.14263028875
"2013-11-04",0.1417833625
"2013-11-05",0.14080035875
"2013-11-06",0.139718639583333
"2013-11-07",0.138834695416667
"2013-11-08",0.13830464
"2013-11-09",0.137864040833333
"2013-11-10",0.13755341375
"2013-11-11",0.1373700775
"2013-11-12",0.137917258333333
"2013-11-13",0.13841368375
"2013-11-14",0.138054132083333
"2013-11-15",0.137916675
"2013-11-16",0.137636360833333
"2013-11-17",0.137577825833333
"2013-11-18",0.137623492083333
"2013-11-19",0.13894128625
"2013-11-20",0.2089323275
"2013-11-21",0.278299822083333
"2013-11-22",0.258216890833333
"2013-11-23",0.242205334166667
"2013-11-24",0.232273529166667
"2013-11-25",0.224542426666667
"2013-11-26",0.217044693333333
"2013-11-27",0.211121936666667
"2013-11-28",0.206059473333333
"2013-11-29",0.200591174166667
"2013-11-30",0.195839087083333
"2013-12-01",0.191686387083333
"2013-12-02",0.18699805875
"2013-12-03",0.185512312083333
"2013-12-04",0.182804370833333
"2013-12-05",0.178224354583333
"2013-12-06",0.174717337083333
"2013-12-07",0.23715334125
"2013-12-08",0.254521785
"2013-12-09",0.241406437916667
"2013-12-10",0.230295676666667
"2013-12-11",0.221368980416667
"2013-12-12",0.2143593825
"2013-12-13",0.209338292916667
"2013-12-14",0.20449890125
"2013-12-15",0.199072425416667
"2013-12-16",0.193371272083333
"2013-12-17",0.18765551
"2013-12-18",0.183896635416667
"2013-12-19",0.1822784375
"2013-12-20",0.179042301666667
"2013-12-21",0.175109456666667
"2013-12-22",0.173091370416667
"2013-12-23",0.17110708125
"2013-12-24",0.16887356125
"2013-12-25",0.1660555375
"2013-12-26",0.163161939166667
"2013-12-27",0.160236780833333
"2013-12-28",0.158250060416667
"2013-12-29",0.156165055833333
"2013-12-30",0.15429573125
"2013-12-31",0.15351311375
"2014-01-01",0.1527418625
"2014-01-02",0.151381100416667
"2014-01-03",0.150064428333333
"2014-01-04",0.14911047625
"2014-01-05",0.148379094583333
"2014-01-06",0.14740425375
"2014-01-07",0.1469223475
"2014-01-08",0.148203819583333
"2014-01-09",0.150156594583333
"2014-01-10",0.150620990416667
"2014-01-11",0.150113895833333
"2014-01-12",0.1518859925
"2014-01-13",0.150826578333333
"2014-01-14",0.149113844583333
"2014-01-15",0.147313340833333
"2014-01-16",0.1454429125
"2014-01-17",0.143718404166667
"2014-01-18",0.14251760125
"2014-01-19",0.14153212
"2014-01-20",0.140997225833333
"2014-01-21",0.140651929166667
"2014-01-22",0.140037819583333
"2014-01-23",0.139446982916667
"2014-01-24",0.13924537625
"2014-01-25",0.139126487083333
"2014-01-26",0.13870153625
"2014-01-27",0.138670015
"2014-01-28",0.138955645
"2014-01-29",0.1392929425
"2014-01-30",0.143179575
"2014-01-31",0.153738348333333
"2014-02-01",0.155279922083333
"2014-02-02",0.193250432916667
"2014-02-03",0.328914450416667
"2014-02-04",0.29094600375
"2014-02-05",0.2699374275
"2014-02-06",0.3227613525
"2014-02-07",0.3552682125
"2014-02-08",0.399251885833333
"2014-02-09",0.407954566666667
"2014-02-10",0.402491103333333
"2014-02-11",0.378399932083333
"2014-02-12",0.3620063675
"2014-02-13",0.350257473333333
"2014-02-14",0.34225713
"2014-02-15",0.337008645
"2014-02-16",0.352177667916667
"2014-02-17",0.340920915416667
"2014-02-18",0.327712620833333
"2014-02-19",0.31934649625
"2014-02-20",0.3097022725
"2014-02-21",0.29923061375
"2014-02-22",0.29053966875
"2014-02-23",0.2846319675
"2014-02-24",0.279446469583333
"2014-02-25",0.274953340833333
"2014-02-26",0.294330550416667
"2014-02-27",0.411128446666667
"2014-02-28",0.409567585416667
"2014-03-01",0.42375322375
"2014-03-02",0.410125750416667
"2014-03-03",0.398357787916667
"2014-03-04",0.3969139675
"2014-03-05",0.381377588333333
"2014-03-06",0.398954009583333
"2014-03-07",0.384024764166667
"2014-03-08",0.367472115416667
"2014-03-09",0.354706640416667
"2014-03-10",0.3464133675
"2014-03-11",0.335589709166667
"2014-03-12",0.320517196666667
"2014-03-13",0.30608173375
"2014-03-14",0.299068678333333
"2014-03-15",0.295086899166667
"2014-03-16",0.287441242916667
"2014-03-17",0.279613528333333
"2014-03-18",0.2747032025
"2014-03-19",0.266477011666667
"2014-03-20",0.260367897916667
"2014-03-21",0.257161085416667
"2014-03-22",0.254131494583333
"2014-03-23",0.250627157083333
"2014-03-24",0.246407467083333
"2014-03-25",0.2422450925
"2014-03-26",0.277560965833333
"2014-03-27",0.3291369325
"2014-03-28",0.31115081625
"2014-03-29",0.310255870416667
"2014-03-30",0.370191580833333
"2014-03-31",0.346527569583333
"2014-04-01",0.400761739166667
"2014-04-02",0.4190343475
"2014-04-03",0.387264207083333
"2014-04-04",0.385613800833333
"2014-04-05",0.379005747916667
"2014-04-06",0.360418844583333
"2014-04-07",0.346452005
"2014-04-08",0.334790382916667
"2014-04-09",0.326333005416667
"2014-04-10",0.317887624166667
"2014-04-11",0.309788290416667
"2014-04-12",0.304920125
"2014-04-13",0.298607726666667
"2014-04-14",0.29208504
"2014-04-15",0.2848288025
"2014-04-16",0.278476002083333
"2014-04-17",0.270946756666667
"2014-04-18",0.265350028333333
"2014-04-19",0.259908084583333
"2014-04-20",0.254000654166667
"2014-04-21",0.247046017083333
"2014-04-22",0.24477628375
"2014-04-23",0.239518176666667
"2014-04-24",0.234126031666667
"2014-04-25",0.243922025833333
"2014-04-26",0.28892005
"2014-04-27",0.2768852275
"2014-04-28",0.268277644583333
"2014-04-29",0.25436802875
"2014-04-30",0.238391555416667
"2014-05-01",0.223281005416667
"2014-05-02",0.212651915833333
"2014-05-03",0.205079672083333
"2014-05-04",0.202229865
"2014-05-05",0.20015446125
"2014-05-06",0.19830377125
"2014-05-07",0.195529081666667
"2014-05-08",0.194045743333333
"2014-05-09",0.19789770375
"2014-05-10",0.19532803875
"2014-05-11",0.1911010525
"2014-05-12",0.185106319166667
"2014-05-13",0.179049237083333
"2014-05-14",0.1721083025
"2014-05-15",0.165597955416667
"2014-05-16",0.161150776666667
"2014-05-17",0.159545570833333
"2014-05-18",0.159180262916667
"2014-05-19",0.158942060833333
"2014-05-20",0.15901097125
"2014-05-21",0.160184405833333
"2014-05-22",0.161082496666667
"2014-05-23",0.160828630416667
"2014-05-24",0.160212359583333
"2014-05-25",0.15906309875
"2014-05-26",0.156602204166667
"2014-05-27",0.154629932916667
"2014-05-28",0.153021482083333
"2014-05-29",0.15126674375
"2014-05-30",0.149947471666667
"2014-05-31",0.149921644166667
"2014-06-01",0.14981082125
"2014-06-02",0.1494199275
"2014-06-03",0.149827247083333
"2014-06-04",0.149386798333333
"2014-06-05",0.1484117075
"2014-06-06",0.147782939583333
"2014-06-07",0.147121489166667
"2014-06-08",0.14631488125
"2014-06-09",0.145172320416667
"2014-06-10",0.1447341425
"2014-06-11",0.146090697083333
"2014-06-12",0.147620763333333
"2014-06-13",0.1468503375
"2014-06-14",0.145618969583333
"2014-06-15",0.144455509583333
"2014-06-16",0.144757129583333
"2014-06-17",0.14463455625
"2014-06-18",0.143532265833333
"2014-06-19",0.14242458375
"2014-06-20",0.141631807916667
"2014-06-21",0.140902358333333
"2014-06-22",0.140699228333333
"2014-06-23",0.140710772916667
"2014-06-24",0.1403897825
"2014-06-25",0.140617272083333
"2014-06-26",0.15076362125
"2014-06-27",0.157125445833333
"2014-06-28",0.154833890416667
"2014-06-29",0.152351285
"2014-06-30",0.149510817083333
"2014-07-01",0.1475480525
"2014-07-02",0.14656435875
"2014-07-03",0.14599229
"2014-07-04",0.145099512916667
"2014-07-05",0.143646743333333
"2014-07-06",0.14227472375
"2014-07-07",0.14114717125
"2014-07-08",0.14058869875
"2014-07-09",0.140607590833333
"2014-07-10",0.142457872916667
"2014-07-11",0.145039009583333
"2014-07-12",0.145021198333333
"2014-07-13",0.143990900416667
"2014-07-14",0.14293454625
"2014-07-15",0.142583100416667
"2014-07-16",0.143657445833333
"2014-07-17",0.14281272875
"2014-07-18",0.142228007083333
"2014-07-19",0.141416051666667
"2014-07-20",0.141488817916667
"2014-07-21",0.142521642083333
"2014-07-22",0.14340471
"2014-07-23",0.144697058333333
"2014-07-24",0.143286045
"2014-07-25",0.141456884166667
"2014-07-26",0.139842165
"2014-07-27",0.138775311666667
"2014-07-28",0.138006724583333
"2014-07-29",0.137430759583333
"2014-07-30",0.136466515416667
"2014-07-31",0.13573081875
"2014-08-01",0.13509029875
"2014-08-02",0.134633919166667
"2014-08-03",0.134574721666667
"2014-08-04",0.134670562083333
"2014-08-05",0.134511631666667
"2014-08-06",0.13417727625
"2014-08-07",0.1339427525
"2014-08-08",0.133899224166667
"2014-08-09",0.133692922916667
"2014-08-10",0.133980864166667
"2014-08-11",0.134034399583333
"2014-08-12",0.134080005416667
"2014-08-13",0.134267839583333
"2014-08-14",0.134084609166667
"2014-08-15",0.133871488333333
"2014-08-16",0.133579292083333
"2014-08-17",0.133302155
"2014-08-18",0.133228331666667
"2014-08-19",0.13408866125
"2014-08-20",0.13647135625
"2014-08-21",0.138045906666667
"2014-08-22",0.137337223333333
"2014-08-23",0.136857812916667
"2014-08-24",0.13634776125
"2014-08-25",0.1359766525
"2014-08-26",0.135857191666667
"2014-08-27",0.135144275833333
"2014-08-28",0.134441840833333
"2014-08-29",0.134023544166667
"2014-08-30",0.133730057083333
"2014-08-31",0.133286402916667
"2014-09-01",0.132969855
"2014-09-02",0.132618895
"2014-09-03",0.132834685416667
"2014-09-04",0.132794958333333
"2014-09-05",0.132544905416667
"2014-09-06",0.132386597916667
"2014-09-07",0.13220726125
"2014-09-08",0.132067566666667
"2014-09-09",0.131967315416667
"2014-09-10",0.131804041666667
"2014-09-11",0.131495879166667
"2014-09-12",0.1312347825
"2014-09-13",0.131039375416667
"2014-09-14",0.130928445416667
"2014-09-15",0.130847839583333
"2014-09-16",0.13080231875
"2014-09-17",0.130710507083333
"2014-09-18",0.142638959583333
"2014-09-19",0.1542483325
"2014-09-20",0.151827734583333
"2014-09-21",0.149970575
"2014-09-22",0.148126086666667
"2014-09-23",0.14622050875
"2014-09-24",0.144936629166667
"2014-09-25",0.153308144166667
"2014-09-26",0.161518398333333
"2014-09-27",0.16167491375
"2014-09-28",0.159910494583333
"2014-09-29",0.15772406625
"2014-09-30",0.155132165833333
"2014-10-01",0.15273795375
"2014-10-02",0.148869023333333
"2014-10-03",0.144758684583333
"2014-10-04",0.1415991925
"2014-10-05",0.13927408875
"2014-10-06",0.137618377916667
"2014-10-07",0.13645537125
"2014-10-08",0.13574378625
"2014-10-09",0.135186325833333
"2014-10-10",0.135059364583333
"2014-10-11",0.135134215416667
"2014-10-12",0.134845448333333
"2014-10-13",0.133770519166667
"2014-10-14",0.13424595625
"2014-10-15",0.148787781666667
"2014-10-16",0.151912958333333
"2014-10-17",0.150489000833333
"2014-10-18",0.155312679583333
"2014-10-19",0.154188062083333
"2014-10-20",0.15369858875
"2014-10-21",0.156053649166667
"2014-10-22",0.1533987475
"2014-10-23",0.1512046875
"2014-10-24",0.149804093333333
"2014-10-25",0.168621827916667
"2014-10-26",0.197189365833333
"2014-10-27",0.190302949166667
"2014-10-28",0.18446877625
"2014-10-29",0.178676287083333
"2014-10-30",0.17293571375
"2014-10-31",0.183515769166667
"2014-11-01",0.295244497916667
"2014-11-02",0.30731566125
"2014-11-03",0.277642522916667
"2014-11-04",0.2600038525
"2014-11-05",0.244245569166667
"2014-11-06",0.231941451666667
"2014-11-07",0.223592339583333
"2014-11-08",0.216518325416667
"2014-11-09",0.20938032875
"2014-11-10",0.204459200833333
"2014-11-11",0.204366140833333
"2014-11-12",0.205922388333333
"2014-11-13",0.257895914166667
"2014-11-14",0.286831060416667
"2014-11-15",0.270378328333333
"2014-11-16",0.257561245833333
"2014-11-17",0.244614479166667
"2014-11-18",0.233566547916667
"2014-11-19",0.236098197916667
"2014-11-20",0.280064492083333
"2014-11-21",0.2988322175
"2014-11-22",0.297315395
"2014-11-23",0.310674914166667
"2014-11-24",0.285363571666667
"2014-11-25",0.267977130833333
"2014-11-26",0.255528162083333
"2014-11-27",0.245908725416667
"2014-11-28",0.238506305
"2014-11-29",0.269384472083333
"2014-11-30",0.337283795
"2014-12-01",0.352345122083333
"2014-12-02",0.381548805416667
"2014-12-03",0.4249581125
"2014-12-04",0.415084590833333
"2014-12-05",0.3956153625
"2014-12-06",0.413601495833333
"2014-12-07",0.392535461666667
"2014-12-08",0.37756906125
"2014-12-09",0.367150365833333
"2014-12-10",0.36032223125
"2014-12-11",0.381528224583333
"2014-12-12",0.42589719
"2014-12-13",0.404221400833333
"2014-12-14",0.38625749875
"2014-12-15",0.407858229583333
"2014-12-16",0.41888188
"2014-12-17",0.407249951666667
"2014-12-18",0.408360766666667
"2014-12-19",0.400769620416667
"2014-12-20",0.422702559583333
"2014-12-21",0.403464077916667
"2014-12-22",0.39262394625
"2014-12-23",0.382673977916667
"2014-12-24",0.375361080833333
"2014-12-25",0.3729545425
"2014-12-26",0.3602838825
"2014-12-27",0.3531029075
"2014-12-28",0.349316203333333
"2014-12-29",0.345454494583333
"2014-12-30",0.340726522083333
"2014-12-31",0.33061813375
"2015-01-01",0.324593886666667
"2015-01-02",0.322695369166667
"2015-01-03",0.321445513333333
"2015-01-04",0.319518147916667
"2015-01-05",0.317354805
"2015-01-06",0.313289774166667
"2015-01-07",0.308867858333333
"2015-01-08",0.3047094625
"2015-01-09",0.304048090416667
"2015-01-10",0.30342495125
"2015-01-11",0.30237957375
"2015-01-12",0.301131285
"2015-01-13",0.2994671975
"2015-01-14",0.296144702083333
"2015-01-15",0.293202451666667
"2015-01-16",0.291340479166667
"2015-01-17",0.29044191625
"2015-01-18",0.288762733333333
"2015-01-19",0.288380982083333
"2015-01-20",0.28720927
"2015-01-21",0.284095874166667
"2015-01-22",0.279698489583333
"2015-01-23",0.27504690625
"2015-01-24",0.270333005833333
"2015-01-25",0.26626936625
"2015-01-26",0.2616721175
"2015-01-27",0.259759032083333
"2015-01-28",0.260474620833333
"2015-01-29",0.25818512
"2015-01-30",0.255588592916667
"2015-01-31",0.25396307875
"2015-02-01",0.251084558333333
"2015-02-02",0.24880296125
"2015-02-03",0.24562900875
"2015-02-04",0.243207875
"2015-02-05",0.246109132083333
"2015-02-06",0.25535061375
"2015-02-07",0.4192900425
"2015-02-08",0.414166725
"2015-02-09",0.415971062083333
"2015-02-10",0.394144285416667
"2015-02-11",0.3782601325
"2015-02-12",0.365994361666667
"2015-02-13",0.356335297916667
"2015-02-14",0.349364915
"2015-02-15",0.342520394583333
"2015-02-16",0.337150171666667
"2015-02-17",0.33430397875
"2015-02-18",0.33131695
"2015-02-19",0.326480289583333
"2015-02-20",0.32227672
"2015-02-21",0.317088449166667
"2015-02-22",0.314417017916667
"2015-02-23",0.3059330875
"2015-02-24",0.296573435416667
"2015-02-25",0.291108352083333
"2015-02-26",0.287537034166667
"2015-02-27",0.28447041
"2015-02-28",0.303413833333333
"2015-03-01",0.333077867083333
"2015-03-02",0.322343167916667
"2015-03-03",0.323188764166667
"2015-03-04",0.311368492916667
"2015-03-05",0.30127682375
"2015-03-06",0.290651084166667
"2015-03-07",0.28003667875
"2015-03-08",0.272318082083333
"2015-03-09",0.267918140833333
"2015-03-10",0.264359454583333
"2015-03-11",0.265751715
"2015-03-12",0.266958182916667
"2015-03-13",0.260772346666667
"2015-03-14",0.254625534583333
"2015-03-15",0.24787417
"2015-03-16",0.244242743333333
"2015-03-17",0.240823131666667
"2015-03-18",0.236789345416667
"2015-03-19",0.233083420416667
"2015-03-20",0.22933821
"2015-03-21",0.225912859583333
"2015-03-22",0.225737834583333
"2015-03-23",0.23477131375
"2015-03-24",0.234421746666667
"2015-03-25",0.23003328375
"2015-03-26",0.224157575416667
"2015-03-27",0.218168993333333
"2015-03-28",0.214885942916667
"2015-03-29",0.20989494375
"2015-03-30",0.20578151
"2015-03-31",0.202889695833333
"2015-04-01",0.1998485475
"2015-04-02",0.197200854583333
"2015-04-03",0.193742092083333
"2015-04-04",0.1909709175
"2015-04-05",0.190084675416667
"2015-04-06",0.19296196875
"2015-04-07",0.270814777916667
"2015-04-08",0.326809693333333
"2015-04-09",0.30008431625
"2015-04-10",0.282150348333333
"2015-04-11",0.269483407916667
"2015-04-12",0.25714647875
"2015-04-13",0.246976370416667
"2015-04-14",0.238434030833333
"2015-04-15",0.227929311666667
"2015-04-16",0.218083525
"2015-04-17",0.208887853333333
"2015-04-18",0.203259015
"2015-04-19",0.19966257625
"2015-04-20",0.19654101375
"2015-04-21",0.194929327916667
"2015-04-22",0.196476515833333
"2015-04-23",0.196094854583333
"2015-04-24",0.1939568225
"2015-04-25",0.244668005
"2015-04-26",0.26681328
"2015-04-27",0.2509529675
"2015-04-28",0.238146861666667
"2015-04-29",0.228946147916667
"2015-04-30",0.219397280833333
"2015-05-01",0.209026685833333
"2015-05-02",0.20279639
"2015-05-03",0.19777985375
"2015-05-04",0.19379754125
"2015-05-05",0.189953377083333
"2015-05-06",0.187582512083333
"2015-05-07",0.1855050725
"2015-05-08",0.188374504166667
"2015-05-09",0.185867450416667
"2015-05-10",0.182861335416667
"2015-05-11",0.180151161666667
"2015-05-12",0.177851925416667
"2015-05-13",0.174810811666667
"2015-05-14",0.173578965833333
"2015-05-15",0.180720400833333
"2015-05-16",0.179477804166667
"2015-05-17",0.178054584166667
"2015-05-18",0.17632277125
"2015-05-19",0.174112558333333
"2015-05-20",0.172567682083333
"2015-05-21",0.172268773333333
"2015-05-22",0.178191732916667
"2015-05-23",0.180833530416667
"2015-05-24",0.180079383333333
"2015-05-25",0.177764534583333
"2015-05-26",0.175501008333333
"2015-05-27",0.172639734583333
"2015-05-28",0.170199905833333
"2015-05-29",0.16797799125
"2015-05-30",0.165301258333333
"2015-05-31",0.1626940475
"2015-06-01",0.160934022916667
"2015-06-02",0.159946062916667
"2015-06-03",0.158371132083333
"2015-06-04",0.15832646625
"2015-06-05",0.157634192916667
"2015-06-06",0.156672897916667
"2015-06-07",0.155655885
"2015-06-08",0.1535422975
"2015-06-09",0.151560709166667
"2015-06-10",0.154620595
"2015-06-11",0.15667828875
"2015-06-12",0.154411395
"2015-06-13",0.1525568375
"2015-06-14",0.151456626666667
"2015-06-15",0.15010680875
"2015-06-16",0.148888182916667
"2015-06-17",0.147633642916667
"2015-06-18",0.1463286325
"2015-06-19",0.145113560833333
"2015-06-20",0.144020503333333
"2015-06-21",0.143188314166667
"2015-06-22",0.142562307083333
"2015-06-23",0.14192734625
"2015-06-24",0.141349664166667
"2015-06-25",0.140824015
"2015-06-26",0.140147297916667
"2015-06-27",0.139782320416667
"2015-06-28",0.139667785833333
"2015-06-29",0.139356962916667
"2015-06-30",0.138798540833333
"2015-07-01",0.138079347916667
"2015-07-02",0.138106521666667
"2015-07-03",0.151680725416667
"2015-07-04",0.158239223333333
"2015-07-05",0.155718321666667
"2015-07-06",0.153746024166667
"2015-07-07",0.151247299583333
"2015-07-08",0.150093689166667
"2015-07-09",0.15070835
"2015-07-10",0.162836439583333
"2015-07-11",0.2071127125
"2015-07-12",0.196831220833333
"2015-07-13",0.188179934583333
"2015-07-14",0.180966406666667
"2015-07-15",0.1759878275
"2015-07-16",0.171165327916667
"2015-07-17",0.166437392916667
"2015-07-18",0.162159934166667
"2015-07-19",0.160034083333333
"2015-07-20",0.163272645
"2015-07-21",0.15792623875
"2015-07-22",0.154469689583333
"2015-07-23",0.15208183
"2015-07-24",0.14988350625
"2015-07-25",0.1473900625
"2015-07-26",0.146022398333333
"2015-07-27",0.14499132625
"2015-07-28",0.143031413333333
"2015-07-29",0.14137097375
"2015-07-30",0.14015054
"2015-07-31",0.139244647916667
"2015-08-01",0.138522207916667
"2015-08-02",0.137931457916667
"2015-08-03",0.137387060416667
"2015-08-04",0.13674957625
"2015-08-05",0.136184760833333
"2015-08-06",0.135633498333333
"2015-08-07",0.135422884583333
"2015-08-08",0.135148575416667
"2015-08-09",0.134971834166667
"2015-08-10",0.135031737916667
"2015-08-11",0.135209892916667
"2015-08-12",0.134944465416667
"2015-08-13",0.134624560416667
"2015-08-14",0.134387091666667
"2015-08-15",0.133903012083333
"2015-08-16",0.133098107916667
"2015-08-17",0.132618943333333
"2015-08-18",0.132423151666667
"2015-08-19",0.132228049583333
"2015-08-20",0.132127301666667
"2015-08-21",0.132252430416667
"2015-08-22",0.1326779675
"2015-08-23",0.13268535125
"2015-08-24",0.132507585
"2015-08-25",0.13223992875
"2015-08-26",0.131982629583333
"2015-08-27",0.13162977
"2015-08-28",0.13118535875
"2015-08-29",0.131300684583333
"2015-08-30",0.132061685833333
"2015-08-31",0.132209637916667
"2015-09-01",0.13236599875
"2015-09-02",0.13232278375
"2015-09-03",0.132232502083333
"2015-09-04",0.132127933333333
"2015-09-05",0.1320925925
"2015-09-06",0.131749834166667
"2015-09-07",0.13130624375
"2015-09-08",0.13081306125
"2015-09-09",0.130364455
"2015-09-10",0.130058196666667
"2015-09-11",0.129812855416667
"2015-09-12",0.1298422225
"2015-09-13",0.130699802083333
"2015-09-14",0.13155566875
"2015-09-15",0.148675555833333
"2015-09-16",0.1485830375
"2015-09-17",0.147112265833333
"2015-09-18",0.145265810833333
"2015-09-19",0.14318952125
"2015-09-20",0.140753810416667
"2015-09-21",0.138406400833333
"2015-09-22",0.137100577083333
"2015-09-23",0.136441309583333
"2015-09-24",0.135432215833333
"2015-09-25",0.1344426625
"2015-09-26",0.133780609166667
"2015-09-27",0.133289975416667
"2015-09-28",0.133027597916667
"2015-09-29",0.132757915416667
"2015-09-30",0.135020254166667
"2015-10-01",0.197191602916667
"2015-10-02",0.24859522875
"2015-10-03",0.233543984166667
"2015-10-04",0.224769775
"2015-10-05",0.214536689583333
"2015-10-06",0.207572198333333
"2015-10-07",0.200763096666667
"2015-10-08",0.1935029775
"2015-10-09",0.186412049583333
"2015-10-10",0.179380744166667
"2015-10-11",0.174939605
"2015-10-12",0.170412182083333
"2015-10-13",0.165843083333333
"2015-10-14",0.162007701666667
"2015-10-15",0.15933429625
"2015-10-16",0.157269840833333
"2015-10-17",0.158495576666667
"2015-10-18",0.162690057916667
"2015-10-19",0.16434539375
"2015-10-20",0.163162911666667
"2015-10-21",0.160232892083333
"2015-10-22",0.157389922083333
"2015-10-23",0.155197134166667
"2015-10-24",0.153411884166667
"2015-10-25",0.1516827725
"2015-10-26",0.150238044166667
"2015-10-27",0.148743412916667
"2015-10-28",0.154493226666667
"2015-10-29",0.163188628333333
"2015-10-30",0.160277435
"2015-10-31",0.15679925875
"2015-11-01",0.154512101666667
"2015-11-02",0.243235559166667
"2015-11-03",0.321226759583333
"2015-11-04",0.284500619583333
"2015-11-05",0.26292477375
"2015-11-06",0.249232442916667
"2015-11-07",0.237637792083333
"2015-11-08",0.232524874166667
"2015-11-09",0.304343625833333
"2015-11-10",0.34971649
"2015-11-11",0.309144764583333
"2015-11-12",0.289077836666667
"2015-11-13",0.27413684625
"2015-11-14",0.26290206375
"2015-11-15",0.304494354166667
"2015-11-16",0.328859585416667
"2015-11-17",0.30056503
"2015-11-18",0.28753260125
"2015-11-19",0.278656214583333
"2015-11-20",0.269960385833333
"2015-11-21",0.261699684166667
"2015-11-22",0.254137214166667
"2015-11-23",0.248937301666667
"2015-11-24",0.25251446375
"2015-11-25",0.28668905125
"2015-11-26",0.2840809675
"2015-11-27",0.271758037916667
"2015-11-28",0.261416537916667
"2015-11-29",0.253246985833333
"2015-11-30",0.247819115833333
"2015-12-01",0.24677349625
"2015-12-02",0.241071439166667
"2015-12-03",0.250689932083333
"2015-12-04",0.33301563125
"2015-12-05",0.308639999166667
"2015-12-06",0.294250973333333
"2015-12-07",0.2851869425
"2015-12-08",0.27800224875
"2015-12-09",0.272487197916667
"2015-12-10",0.309774191666667
"2015-12-11",0.379708024583333
"2015-12-12",0.348799105
"2015-12-13",0.349213566666667
"2015-12-14",0.362144035833333
"2015-12-15",0.341175257916667
"2015-12-16",0.327763084166667
"2015-12-17",0.3196344575
"2015-12-18",0.313689540833333
"2015-12-19",0.359544680416667
"2015-12-20",0.35355565875
"2015-12-21",0.400032900416667
"2015-12-22",0.424689246666667
"2015-12-23",0.39612112375
"2015-12-24",0.384817535416667
"2015-12-25",0.391213857916667
"2015-12-26",0.369162675
"2015-12-27",0.3554539825
"2015-12-28",0.357405536666667
"2015-12-29",0.349326158333333
"2015-12-30",0.339333714583333
"2015-12-31",0.333643124166667
"2016-01-01",0.326135287083333
"2016-01-02",0.32064786625
"2016-01-03",0.31722065625
"2016-01-04",0.354399622083333
"2016-01-05",0.405157662916667
"2016-01-06",0.419759841666667
"2016-01-07",0.42295240375
"2016-01-08",0.396073885416667
"2016-01-09",0.39257908625
"2016-01-10",0.389663440416667
"2016-01-11",0.377085192916667
"2016-01-12",0.367529349583333
"2016-01-13",0.387634048333333
"2016-01-14",0.38406781125
"2016-01-15",0.39457910625
"2016-01-16",0.409336345416667
"2016-01-17",0.40954711875
"2016-01-18",0.41923064375
"2016-01-19",0.409490305416667
"2016-01-20",0.397910205416667
"2016-01-21",0.387251980416667
"2016-01-22",0.396700275833333
"2016-01-23",0.412262979583333
"2016-01-24",0.40229952375
"2016-01-25",0.3861500075
"2016-01-26",0.3783169875
"2016-01-27",0.371180389583333
"2016-01-28",0.365380435833333
"2016-01-29",0.366127283333333
"2016-01-30",0.396000539583333
"2016-01-31",0.38579908625
"2016-02-01",0.37221982875
"2016-02-02",0.373103008333333
"2016-02-03",0.3800075875
"2016-02-04",0.366985812083333
"2016-02-05",0.3584265725
"2016-02-06",0.350838915
"2016-02-07",0.342890028333333
"2016-02-08",0.334642373333333
"2016-02-09",0.326067405416667
"2016-02-10",0.319741153333333
"2016-02-11",0.315760172916667
"2016-02-12",0.3135672825
"2016-02-13",0.31053377375
"2016-02-14",0.306181522083333
"2016-02-15",0.300957764583333
"2016-02-16",0.293856481666667
"2016-02-17",0.28993510875
"2016-02-18",0.3901977175
"2016-02-19",0.373483335833333
"2016-02-20",0.359180925
"2016-02-21",0.3480946875
"2016-02-22",0.33828806625
"2016-02-23",0.32920872
"2016-02-24",0.322095885416667
"2016-02-25",0.31712001125
"2016-02-26",0.313453624583333
"2016-02-27",0.31034569125
"2016-02-28",0.304663802916667
"2016-02-29",0.300329708333333
"2016-03-01",0.294197864583333
"2016-03-02",0.289483439583333
"2016-03-03",0.304281600416667
"2016-03-04",0.33323260125
"2016-03-05",0.42210672625
"2016-03-06",0.419997614166667
"2016-03-07",0.41718415375
"2016-03-08",0.402412290416667
"2016-03-09",0.392384977916667
"2016-03-10",0.385341574166667
"2016-03-11",0.4152937125
"2016-03-12",0.4141479125
"2016-03-13",0.423433035
"2016-03-14",0.412338591666667
"2016-03-15",0.389279280833333
"2016-03-16",0.37415281375
"2016-03-17",0.361406840833333
"2016-03-18",0.352386534583333
"2016-03-19",0.34602105625
"2016-03-20",0.342332496666667
"2016-03-21",0.35857379625
"2016-03-22",0.370474874166667
"2016-03-23",0.35024035125
"2016-03-24",0.336574834583333
"2016-03-25",0.328155857083333
"2016-03-26",0.320507436666667
"2016-03-27",0.31453589875
"2016-03-28",0.308778308333333
"2016-03-29",0.303479635833333
"2016-03-30",0.2999502175
"2016-03-31",0.296277575416667
"2016-04-01",0.29232104875
"2016-04-02",0.287785395416667
"2016-04-03",0.283025745
"2016-04-04",0.278924785416667
"2016-04-05",0.273035245
"2016-04-06",0.26250394125
"2016-04-07",0.251992519583333
"2016-04-08",0.25336118
"2016-04-09",0.304802785
"2016-04-10",0.370021377916667
"2016-04-11",0.369531343333333
"2016-04-12",0.346381450833333
"2016-04-13",0.33300036875
"2016-04-14",0.326384888333333
"2016-04-15",0.318078417916667
"2016-04-16",0.304689091666667
"2016-04-17",0.291751127083333
"2016-04-18",0.281038755416667
"2016-04-19",0.272000172083333
"2016-04-20",0.266361144583333
"2016-04-21",0.263374855416667
"2016-04-22",0.2945173675
"2016-04-23",0.3453367925
"2016-04-24",0.319330371666667
"2016-04-25",0.303148741666667
"2016-04-26",0.289300140416667
"2016-04-27",0.285693872916667
"2016-04-28",0.296554562083333
"2016-04-29",0.285633549583333
"2016-04-30",0.276776406666667
"2016-05-01",0.26456511375
"2016-05-02",0.257711402083333
"2016-05-03",0.252735742083333
"2016-05-04",0.249160897083333
"2016-05-05",0.247484019166667
"2016-05-06",0.252597879166667
"2016-05-07",0.29193574875
"2016-05-08",0.3028505625
"2016-05-09",0.291404706666667
"2016-05-10",0.280859264166667
"2016-05-11",0.270195576666667
"2016-05-12",0.261531147083333
"2016-05-13",0.25336111
"2016-05-14",0.246831052083333
"2016-05-15",0.242712567916667
"2016-05-16",0.23736062625
"2016-05-17",0.230811506666667
"2016-05-18",0.222983804166667
"2016-05-19",0.217863369583333
"2016-05-20",0.214408285416667
"2016-05-21",0.214181388333333
"2016-05-22",0.215102590833333
"2016-05-23",0.213187064166667
"2016-05-24",0.211081480416667
"2016-05-25",0.209949347083333
"2016-05-26",0.20769919
"2016-05-27",0.20453265
"2016-05-28",0.199379605416667
"2016-05-29",0.19474552125
"2016-05-30",0.1918425425
"2016-05-31",0.188495165416667
"2016-06-01",0.184877077916667
"2016-06-02",0.1823756325
"2016-06-03",0.1788071525
"2016-06-04",0.174654342083333
"2016-06-05",0.1724538775
"2016-06-06",0.170568820833333
"2016-06-07",0.169654767083333
"2016-06-08",0.168887844583333
"2016-06-09",0.1680761325
"2016-06-10",0.167149779583333
"2016-06-11",0.165172174583333
"2016-06-12",0.162807404583333
"2016-06-13",0.162339090416667
"2016-06-14",0.161890212916667
"2016-06-15",0.160643575833333
"2016-06-16",0.159470392083333
"2016-06-17",0.158386729583333
"2016-06-18",0.15785698875
"2016-06-19",0.155918090833333
"2016-06-20",0.153422540833333
"2016-06-21",0.151462635416667
"2016-06-22",0.149886638333333
"2016-06-23",0.149146284166667
"2016-06-24",0.14830730875
"2016-06-25",0.147488176666667
"2016-06-26",0.146363800416667
"2016-06-27",0.145265407916667
"2016-06-28",0.1441707575
"2016-06-29",0.143636620416667
"2016-06-30",0.143899484583333
"2016-07-01",0.144039710833333
"2016-07-02",0.143903099166667
"2016-07-03",0.14415837625
"2016-07-04",0.144339390416667
"2016-07-05",0.14478967875
"2016-07-06",0.145407395416667
"2016-07-07",0.146339635
"2016-07-08",0.147924959583333
"2016-07-09",0.148657997083333
"2016-07-10",0.1479335575
"2016-07-11",0.1465766325
"2016-07-12",0.145382545833333
"2016-07-13",0.144680435416667
"2016-07-14",0.143797959583333
"2016-07-15",0.143062104583333
"2016-07-16",0.142878189583333
"2016-07-17",0.14335918875
"2016-07-18",0.144374549583333
"2016-07-19",0.144404275
"2016-07-20",0.143764714583333
"2016-07-21",0.14286206125
"2016-07-22",0.142092356666667
"2016-07-23",0.141156714583333
"2016-07-24",0.140274427083333
"2016-07-25",0.139694549166667
"2016-07-26",0.13940516125
"2016-07-27",0.138782564583333
"2016-07-28",0.138203130833333
"2016-07-29",0.13777482625
"2016-07-30",0.1374307025
"2016-07-31",0.137215260833333
"2016-08-01",0.137025760833333
"2016-08-02",0.136926149166667
"2016-08-03",0.13676906125
"2016-08-04",0.136848874166667
"2016-08-05",0.1382429525
"2016-08-06",0.1395197325
"2016-08-07",0.139558374583333
"2016-08-08",0.139518880833333
"2016-08-09",0.14085088875
"2016-08-10",0.14193531875
"2016-08-11",0.141748087916667
"2016-08-12",0.141081200416667
"2016-08-13",0.14036314
"2016-08-14",0.139505544583333
"2016-08-15",0.138870763333333
"2016-08-16",0.138490180416667
"2016-08-17",0.137975141666667
"2016-08-18",0.1375236175
"2016-08-19",0.13718552
"2016-08-20",0.136843157083333
"2016-08-21",0.13655337875
"2016-08-22",0.136326792083333
"2016-08-23",0.13607547
"2016-08-24",0.135871961666667
"2016-08-25",0.13581284125
"2016-08-26",0.135956025833333
"2016-08-27",0.136326757916667
"2016-08-28",0.136275142916667
"2016-08-29",0.13613324375
"2016-08-30",0.135961005833333
"2016-08-31",0.135658754166667
"2016-09-01",0.136399567083333
"2016-09-02",0.137211727083333
"2016-09-03",0.136997719166667
"2016-09-04",0.138207286666667
"2016-09-05",0.139185937916667
"2016-09-06",0.13852425125
"2016-09-07",0.137692300416667
"2016-09-08",0.137258604166667
"2016-09-09",0.137173665833333
"2016-09-10",0.13676382125
"2016-09-11",0.136446063333333
"2016-09-12",0.137060657083333
"2016-09-13",0.139355729583333
"2016-09-14",0.140879460416667
"2016-09-15",0.14008584375
"2016-09-16",0.139245112083333
"2016-09-17",0.138477633333333
"2016-09-18",0.137634940416667
"2016-09-19",0.136531446666667
"2016-09-20",0.13580918625
"2016-09-21",0.135441767083333
"2016-09-22",0.135285631666667
"2016-09-23",0.13514347125
"2016-09-24",0.13479015125
"2016-09-25",0.134306385833333
"2016-09-26",0.13345838125
"2016-09-27",0.132572935416667
"2016-09-28",0.132200375833333
"2016-09-29",0.132265754166667
"2016-09-30",0.132276271666667
"2016-10-01",0.132345266666667
"2016-10-02",0.13315745375
"2016-10-03",0.137444615
"2016-10-04",0.138505789166667
"2016-10-05",0.138078070833333
"2016-10-06",0.137472984583333
"2016-10-07",0.13669061625
"2016-10-08",0.135576242916667
"2016-10-09",0.134852402083333
"2016-10-10",0.134581131666667
"2016-10-11",0.135115744583333
"2016-10-12",0.135571576666667
"2016-10-13",0.135474383333333
"2016-10-14",0.157562677083333
"2016-10-15",0.34120602375
"2016-10-16",0.40176715625
"2016-10-17",0.407075951666667
"2016-10-18",0.380500902083333
"2016-10-19",0.362009281666667
"2016-10-20",0.345077178333333
"2016-10-21",0.331448667916667
"2016-10-22",0.323542248333333
"2016-10-23",0.316670596666667
"2016-10-24",0.316214305416667
"2016-10-25",0.328805094583333
"2016-10-26",0.328985405833333
"2016-10-27",0.32624743
"2016-10-28",0.412962278333333
"2016-10-29",0.402272571666667
"2016-10-30",0.4002350725
"2016-10-31",0.3968731925
"2016-11-01",0.397109140416667
"2016-11-02",0.377639807916667
"2016-11-03",0.362235755833333
"2016-11-04",0.350159894166667
"2016-11-05",0.34236992875
"2016-11-06",0.3374600125
"2016-11-07",0.334607255416667
"2016-11-08",0.329180280416667
"2016-11-09",0.323729282916667
"2016-11-10",0.317969705
"2016-11-11",0.31355883
"2016-11-12",0.3097196675
"2016-11-13",0.305227097916667
"2016-11-14",0.3014223575
"2016-11-15",0.299413753333333
"2016-11-16",0.29819337375
"2016-11-17",0.291355653333333
"2016-11-18",0.285576977916667
"2016-11-19",0.293847363333333
"2016-11-20",0.39180189875
"2016-11-21",0.3989115525
"2016-11-22",0.36984561125
"2016-11-23",0.36957613625
"2016-11-24",0.360129103333333
"2016-11-25",0.34867672
"2016-11-26",0.36571251
"2016-11-27",0.410521877083333
"2016-11-28",0.391061930833333
"2016-11-29",0.37718110125
"2016-11-30",0.36429533375
"2016-12-01",0.360322922916667
"2016-12-02",0.34904631
"2016-12-03",0.338218447083333
"2016-12-04",0.332598492916667
"2016-12-05",0.329950424583333
"2016-12-06",0.32684428625
"2016-12-07",0.321600798333333
"2016-12-08",0.391689747083333
"2016-12-09",0.407798900833333
"2016-12-10",0.414372950833333
"2016-12-11",0.404059219583333
"2016-12-12",0.385579267916667
"2016-12-13",0.376259881666667
"2016-12-14",0.383972545833333
"2016-12-15",0.40071465625
"2016-12-16",0.40925716375
"2016-12-17",0.386286523333333
"2016-12-18",0.3762384675
"2016-12-19",0.367798017083333
"2016-12-20",0.361153614166667
"2016-12-21",0.355230915
"2016-12-22",0.350450469166667
"2016-12-23",0.377250533333333
"2016-12-24",0.39893034125
"2016-12-25",0.379983785
"2016-12-26",0.370860477083333
"2016-12-27",0.36327408125
"2016-12-28",0.356715904583333
"2016-12-29",0.3502034125
"2016-12-30",0.345057134583333
"2016-12-31",0.344185175416667
"2017-01-01",0.341972160416667
"2017-01-02",0.34242947125
"2017-01-03",0.39188856875
"2017-01-04",0.426201071666667
"2017-01-05",0.409425864166667
"2017-01-06",0.388562404166667
"2017-01-07",0.40598295
"2017-01-08",0.428791180833333
"2017-01-09",0.417649388333333
"2017-01-10",0.422244746666667
"2017-01-11",0.415695038333333
"2017-01-12",0.40934705125
"2017-01-13",0.398487749166667
"2017-01-14",0.383212367083333
"2017-01-15",0.372843945416667
"2017-01-16",0.36482465
"2017-01-17",0.358324503333333
"2017-01-18",0.360772340416667
"2017-01-19",0.421851450833333
"2017-01-20",0.421967274583333
"2017-01-21",0.421788441666667
"2017-01-22",0.41956384625
"2017-01-23",0.415124240833333
"2017-01-24",0.401711866666667
"2017-01-25",0.382152740833333
"2017-01-26",0.3705326
"2017-01-27",0.361394160416667
"2017-01-28",0.352878763333333
"2017-01-29",0.345402460833333
"2017-01-30",0.3385335
"2017-01-31",0.333098896666667
"2017-02-01",0.329754755
"2017-02-02",0.38533841625
"2017-02-03",0.4166990225
"2017-02-04",0.415901328333333
"2017-02-05",0.397672189166667
"2017-02-06",0.415953879166667
"2017-02-07",0.42712609375
"2017-02-08",0.426776305833333
"2017-02-09",0.422512292916667
"2017-02-10",0.422540698333333
"2017-02-11",0.39855329125
"2017-02-12",0.378319964583333
"2017-02-13",0.3653807725
"2017-02-14",0.3572474175
"2017-02-15",0.350240355416667
"2017-02-16",0.376664829166667
"2017-02-17",0.410502555416667
"2017-02-18",0.420812015833333
"2017-02-19",0.4046934025
"2017-02-20",0.431746221666667
"2017-02-21",0.41848011125
"2017-02-22",0.403754843333333
"2017-02-23",0.379572631666667
"2017-02-24",0.365139269583333
"2017-02-25",0.357509092916667
"2017-02-26",0.35735273
"2017-02-27",0.353876701666667
"2017-02-28",0.345259517083333
"2017-03-01",0.336062182083333
"2017-03-02",0.328556869166667
"2017-03-03",0.3213278275
"2017-03-04",0.31728146625
"2017-03-05",0.377515965
"2017-03-06",0.373006319583333
"2017-03-07",0.359152025
"2017-03-08",0.3454587125
"2017-03-09",0.334824243333333
"2017-03-10",0.327666413333333
"2017-03-11",0.3217684775
"2017-03-12",0.313601374583333
"2017-03-13",0.305518461666667
"2017-03-14",0.296584313333333
"2017-03-15",0.292308165416667
"2017-03-16",0.290084990416667
"2017-03-17",0.285028742916667
"2017-03-18",0.278704620416667
"2017-03-19",0.279138815
"2017-03-20",0.279942299583333
"2017-03-21",0.397002131666667
"2017-03-22",0.411519678333333
"2017-03-23",0.39092037375
"2017-03-24",0.384775092083333
"2017-03-25",0.408783670833333
"2017-03-26",0.385044117916667
"2017-03-27",0.383427580833333
"2017-03-28",0.36519776
"2017-03-29",0.348968595416667
"2017-03-30",0.339260822083333
"2017-03-31",0.329106843333333
"2017-04-01",0.315652672916667
"2017-04-02",0.30794899
"2017-04-03",0.302155637916667
"2017-04-04",0.293075385416667
"2017-04-05",0.287283028333333
"2017-04-06",0.283063112916667
"2017-04-07",0.3786808475
"2017-04-08",0.39440997875
"2017-04-09",0.370689712916667
"2017-04-10",0.352531168333333
"2017-04-11",0.343666242083333
"2017-04-12",0.375237254583333
"2017-04-13",0.4001208775
"2017-04-14",0.377243862083333
"2017-04-15",0.355746773333333
"2017-04-16",0.34922697125
"2017-04-17",0.407288917916667
"2017-04-18",0.387692863333333
"2017-04-19",0.3717746725
"2017-04-20",0.356218595416667
"2017-04-21",0.341517012083333
"2017-04-22",0.327591978333333
"2017-04-23",0.32121768
"2017-04-24",0.31370176125
"2017-04-25",0.312680560416667
"2017-04-26",0.307293222083333
"2017-04-27",0.308765559166667
"2017-04-28",0.296867570833333
"2017-04-29",0.283693655416667
"2017-04-30",0.27114537375
"2017-05-01",0.26253703
"2017-05-02",0.25103334875
"2017-05-03",0.241861807083333
"2017-05-04",0.236261608333333
"2017-05-05",0.233391419166667
"2017-05-06",0.230142954166667
"2017-05-07",0.233993266666667
"2017-05-08",0.232437105
"2017-05-09",0.22713702125
"2017-05-10",0.222645907083333
"2017-05-11",0.221460530833333
"2017-05-12",0.218607406666667
"2017-05-13",0.2130474525
"2017-05-14",0.20855172625
"2017-05-15",0.2059989975
"2017-05-16",0.203799309583333
"2017-05-17",0.204101065
"2017-05-18",0.199655436666667
"2017-05-19",0.194522575416667
"2017-05-20",0.189313255833333
"2017-05-21",0.184663695833333
"2017-05-22",0.180862610833333
"2017-05-23",0.178134703333333
"2017-05-24",0.176209845
"2017-05-25",0.179759295
"2017-05-26",0.185274429583333
"2017-05-27",0.183662007916667
"2017-05-28",0.180595992083333
"2017-05-29",0.178131825416667
"2017-05-30",0.177229012916667
"2017-05-31",0.176849344166667
"2017-06-01",0.175323542083333
"2017-06-02",0.173593099583333
"2017-06-03",0.170262480833333
"2017-06-04",0.167441
"2017-06-05",0.164958315833333
"2017-06-06",0.162508259583333
"2017-06-07",0.16069665
"2017-06-08",0.168150122916667
"2017-06-09",0.214742210416667
"2017-06-10",0.211770636666667
"2017-06-11",0.203726324166667
"2017-06-12",0.198036163333333
"2017-06-13",0.193393762083333
"2017-06-14",0.186806067916667
"2017-06-15",0.180288245416667
"2017-06-16",0.17476107125
"2017-06-17",0.169347485416667
"2017-06-18",0.164040797916667
"2017-06-19",0.159912511666667
"2017-06-20",0.15727133625
"2017-06-21",0.155249676666667
"2017-06-22",0.15358504125
"2017-06-23",0.151759918333333
"2017-06-24",0.150582275833333
"2017-06-25",0.149844265
"2017-06-26",0.148711544166667
"2017-06-27",0.147674555
"2017-06-28",0.14735399125
"2017-06-29",0.147252589583333
"2017-06-30",0.147298357916667
"2017-07-01",0.147489870416667
"2017-07-02",0.14760657125
"2017-07-03",0.147276547916667
"2017-07-04",0.146229906666667
"2017-07-05",0.145219748333333
"2017-07-06",0.144174094583333
"2017-07-07",0.142762405416667
"2017-07-08",0.14110785875
"2017-07-09",0.139818655416667
"2017-07-10",0.13920412375
"2017-07-11",0.138796103333333
"2017-07-12",0.13846584375
"2017-07-13",0.138246315
"2017-07-14",0.13798128
"2017-07-15",0.1376859825
"2017-07-16",0.137073160416667
"2017-07-17",0.136251087083333
"2017-07-18",0.135782012916667
"2017-07-19",0.135692005416667
"2017-07-20",0.135791535
"2017-07-21",0.135992092083333
"2017-07-22",0.135908247083333
"2017-07-23",0.135651089583333
"2017-07-24",0.135980954583333
"2017-07-25",0.136731145416667
"2017-07-26",0.136649456666667
"2017-07-27",0.136224680416667
"2017-07-28",0.135840530833333
"2017-07-29",0.135656724583333
"2017-07-30",0.135644077083333
"2017-07-31",0.135444765
"2017-08-01",0.13504122375
"2017-08-02",0.134622184166667
"2017-08-03",0.134201339583333
"2017-08-04",0.134091613333333
"2017-08-05",0.13381645375
"2017-08-06",0.133640478333333
"2017-08-07",0.13353773875
"2017-08-08",0.133482752083333
"2017-08-09",0.13356235375
"2017-08-10",0.133693903333333
"2017-08-11",0.133704772083333
"2017-08-12",0.1336497725
"2017-08-13",0.133667007916667
"2017-08-14",0.1349201225
"2017-08-15",0.136519438333333
"2017-08-16",0.13684299375
"2017-08-17",0.136545489583333
"2017-08-18",0.136081790416667
"2017-08-19",0.135897465
"2017-08-20",0.137033524583333
"2017-08-21",0.137656947916667
"2017-08-22",0.137054703333333
"2017-08-23",0.136449158333333
"2017-08-24",0.13643356625
"2017-08-25",0.13637442875
"2017-08-26",0.135797170833333
"2017-08-27",0.135087925416667
"2017-08-28",0.134486834583333
"2017-08-29",0.13412353375
"2017-08-30",0.133873987083333
"2017-08-31",0.133582284583333
"2017-09-01",0.132910575416667
"2017-09-02",0.131828960416667
"2017-09-03",0.131096792083333
"2017-09-04",0.1308672925
"2017-09-05",0.131373034583333
"2017-09-06",0.13327201
"2017-09-07",0.137518584166667
"2017-09-08",0.140242121666667
"2017-09-09",0.139806044583333
"2017-09-10",0.138934334166667
"2017-09-11",0.13744832625
"2017-09-12",0.136325075
"2017-09-13",0.144729722916667
"2017-09-14",0.163067950416667
"2017-09-15",0.160557167916667
"2017-09-16",0.157311487916667
"2017-09-17",0.15455929
"2017-09-18",0.1546821375
"2017-09-19",0.155722907916667
"2017-09-20",0.153010415833333
"2017-09-21",0.153300720416667
"2017-09-22",0.151122888333333
"2017-09-23",0.1490741225
"2017-09-24",0.146924900833333
"2017-09-25",0.144846240833333
"2017-09-26",0.1429948525
"2017-09-27",0.140989670833333
"2017-09-28",0.139383522916667
"2017-09-29",0.1382367425
"2017-09-30",0.13821741625
"2017-10-01",0.138191435416667
"2017-10-02",0.13735867875
"2017-10-03",0.136616590416667
"2017-10-04",0.136235143333333
"2017-10-05",0.13567401
"2017-10-06",0.134880239583333
"2017-10-07",0.134021050833333
"2017-10-08",0.13353670375
"2017-10-09",0.133038272083333
"2017-10-10",0.132606212916667
"2017-10-11",0.13238396
"2017-10-12",0.132257199166667
"2017-10-13",0.132083835416667
"2017-10-14",0.131897245416667
"2017-10-15",0.13146829375
"2017-10-16",0.130983706666667
"2017-10-17",0.13078697125
"2017-10-18",0.130787994166667
"2017-10-19",0.131127771666667
"2017-10-20",0.1671403875
"2017-10-21",0.181373348333333
"2017-10-22",0.176572405833333
"2017-10-23",0.171996889166667
"2017-10-24",0.165343917916667
"2017-10-25",0.158452985
"2017-10-26",0.153596107916667
"2017-10-27",0.150651065
"2017-10-28",0.148527287083333
"2017-10-29",0.14720008625
"2017-10-30",0.14668417
"2017-10-31",0.146507679166667
"2017-11-01",0.145650334166667
"2017-11-02",0.14486152875
"2017-11-03",0.155819702083333
"2017-11-04",0.179143296666667
"2017-11-05",0.1925852425
"2017-11-06",0.1869461525
"2017-11-07",0.182668810416667
"2017-11-08",0.179539412916667
"2017-11-09",0.2667142975
"2017-11-10",0.289037135833333
"2017-11-11",0.271883980833333
"2017-11-12",0.258704284166667
"2017-11-13",0.24776426875
"2017-11-14",0.241436780416667
"2017-11-15",0.233246478333333
"2017-11-16",0.30050483375
"2017-11-17",0.369566618333333
"2017-11-18",0.331281889166667
"2017-11-19",0.314297130833333
"2017-11-20",0.304982639583333
"2017-11-21",0.298672477083333
"2017-11-22",0.290888079166667
"2017-11-23",0.2849531575
"2017-11-24",0.279588733333333
"2017-11-25",0.27463142
"2017-11-26",0.27520872625
"2017-11-27",0.35709773
"2017-11-28",0.3413797525
"2017-11-29",0.320497337083333
"2017-11-30",0.306844518333333
"2017-12-01",0.296603182916667
"2017-12-02",0.289986809166667
"2017-12-03",0.285762883333333
"2017-12-04",0.277967183333333
"2017-12-05",0.2686923275
"2017-12-06",0.262709615416667
"2017-12-07",0.25757867
"2017-12-08",0.2515782875
"2017-12-09",0.2464499975
"2017-12-10",0.240793170833333
"2017-12-11",0.235130705833333
"2017-12-12",0.23109029125
"2017-12-13",0.22704835
"2017-12-14",0.22336956375
"2017-12-15",0.2204271
"2017-12-16",0.218745246666667
"2017-12-17",0.212820214583333
"2017-12-18",0.209141022083333
"2017-12-19",0.20754151125
"2017-12-20",0.214645884583333
"2017-12-21",0.217641464583333
"2017-12-22",0.21347359625
"2017-12-23",0.21060411625
"2017-12-24",0.209193666666667
"2017-12-25",0.2077230675
"2017-12-26",0.204434635
"2017-12-27",0.2022027525
"2017-12-28",0.20063223625
"2017-12-29",0.198239134583333
"2017-12-30",0.19556937125
"2017-12-31",0.194465167916667
"2018-01-01",0.19475406125
"2018-01-02",0.193676828333333
"2018-01-03",0.196433320833333
"2018-01-04",0.239183674583333
"2018-01-05",0.272992959166667
"2018-01-06",0.31159379875
"2018-01-07",0.2971123675
"2018-01-08",0.3405464675
"2018-01-09",0.423487732083333
"2018-01-10",0.40199793125
"2018-01-11",0.386197764166667
"2018-01-12",0.37223155875
"2018-01-13",0.360390924166667
"2018-01-14",0.348504348333333
"2018-01-15",0.339485746666667
"2018-01-16",0.338737308333333
"2018-01-17",0.33716874625
"2018-01-18",0.33280890875
"2018-01-19",0.3674481925
"2018-01-20",0.350195884583333
"2018-01-21",0.335683297916667
"2018-01-22",0.343389765833333
"2018-01-23",0.350082748333333
"2018-01-24",0.336684382916667
"2018-01-25",0.380215836666667
"2018-01-26",0.363565026666667
"2018-01-27",0.34629955625
"2018-01-28",0.334160202916667
"2018-01-29",0.324183205833333
"2018-01-30",0.317612822083333
"2018-01-31",0.309740964583333
"2018-02-01",0.302614636666667
"2018-02-02",0.294459055833333
"2018-02-03",0.28753990375
"2018-02-04",0.280712017916667
"2018-02-05",0.274950773333333
"2018-02-06",0.269190090833333
"2018-02-07",0.261075145833333
"2018-02-08",0.254467297916667
"2018-02-09",0.249397000833333
"2018-02-10",0.243690767916667
"2018-02-11",0.238288067916667
"2018-02-12",0.235672047083333
"2018-02-13",0.232692730416667
"2018-02-14",0.228815542916667
"2018-02-15",0.225696570833333
"2018-02-16",0.22144146
"2018-02-17",0.217457289583333
"2018-02-18",0.214785176666667
"2018-02-19",0.214043729166667
"2018-02-20",0.213166800833333
"2018-02-21",0.211999972083333
"2018-02-22",0.213310082083333
"2018-02-23",0.215155015
"2018-02-24",0.21043027125
"2018-02-25",0.208117653333333
"2018-02-26",0.221736762083333
"2018-02-27",0.256358292916667
"2018-02-28",0.246689162083333
"2018-03-01",0.31237023
"2018-03-02",0.382451059583333
"2018-03-03",0.3933429375
"2018-03-04",0.3768388325
"2018-03-05",0.352513188333333
"2018-03-06",0.3353388425
"2018-03-07",0.32353253375
"2018-03-08",0.322686021666667
"2018-03-09",0.32370638375
"2018-03-10",0.3171275275
"2018-03-11",0.315930604166667
"2018-03-12",0.3075039525
"2018-03-13",0.382162990416667
"2018-03-14",0.400993427083333
"2018-03-15",0.388352876666667
"2018-03-16",0.410860422083333
"2018-03-17",0.3921686925
"2018-03-18",0.377642791666667
"2018-03-19",0.361364872083333
"2018-03-20",0.366157351666667
"2018-03-21",0.422706260416667
"2018-03-22",0.42306161
"2018-03-23",0.390440075
"2018-03-24",0.378356733333333
"2018-03-25",0.373799944583333
"2018-03-26",0.360219538333333
"2018-03-27",0.346891936666667
"2018-03-28",0.33649094375
"2018-03-29",0.327427555833333
"2018-03-30",0.3170413425
"2018-03-31",0.308771350416667
"2018-04-01",0.302224787916667
"2018-04-02",0.295500241666667
"2018-04-03",0.290295192083333
"2018-04-04",0.284580571666667
"2018-04-05",0.279336449166667
"2018-04-06",0.304439923333333
"2018-04-07",0.41659816875
"2018-04-08",0.3912420975
"2018-04-09",0.372199663333333
"2018-04-10",0.357746703333333
"2018-04-11",0.350369598333333
"2018-04-12",0.364644765
"2018-04-13",0.349612068333333
"2018-04-14",0.334413134166667
"2018-04-15",0.32352685125
"2018-04-16",0.338533012916667
"2018-04-17",0.343236967916667
"2018-04-18",0.326670205
"2018-04-19",0.32037008875
"2018-04-20",0.31221692625
"2018-04-21",0.302810426666667
"2018-04-22",0.293070590416667
"2018-04-23",0.284477945833333
"2018-04-24",0.27933161
"2018-04-25",0.274167884166667
"2018-04-26",0.268652914166667
"2018-04-27",0.263241147916667
"2018-04-28",0.25991705375
"2018-04-29",0.25804394125
"2018-04-30",0.25624152375
"2018-05-01",0.25237290875
"2018-05-02",0.247652406666667
"2018-05-03",0.243010915416667
"2018-05-04",0.238174485833333
"2018-05-05",0.2324113875
"2018-05-06",0.229102368333333
"2018-05-07",0.224732734166667
"2018-05-08",0.219846362916667
"2018-05-09",0.217654872083333
"2018-05-10",0.215382315
"2018-05-11",0.212142055416667
"2018-05-12",0.206443568333333
"2018-05-13",0.206674002916667
"2018-05-14",0.20649388375
"2018-05-15",0.204333695416667
"2018-05-16",0.203129195833333
"2018-05-17",0.20178796625
"2018-05-18",0.199991828333333
"2018-05-19",0.19905845875
"2018-05-20",0.198473335
"2018-05-21",0.198167757083333
"2018-05-22",0.196549782916667
"2018-05-23",0.196329440416667
"2018-05-24",0.195112593333333
"2018-05-25",0.2007005
"2018-05-26",0.206697150833333
"2018-05-27",0.204964082083333
"2018-05-28",0.199661968333333
"2018-05-29",0.193989570833333
"2018-05-30",0.188984142916667
"2018-05-31",0.186193265
"2018-06-01",0.183635221666667
"2018-06-02",0.179102147916667
"2018-06-03",0.174309611666667
"2018-06-04",0.170730099583333
"2018-06-05",0.168552038333333
"2018-06-06",0.16770013875
"2018-06-07",0.1670995775
"2018-06-08",0.165612189166667
"2018-06-09",0.16411429125
"2018-06-10",0.162876685416667
"2018-06-11",0.160887129166667
"2018-06-12",0.158894389583333
"2018-06-13",0.156699598333333
"2018-06-14",0.1553356725
"2018-06-15",0.155494777083333
"2018-06-16",0.156538227916667
"2018-06-17",0.162918165416667
"2018-06-18",0.167393737083333
"2018-06-19",0.164815157916667
"2018-06-20",0.16249582125
"2018-06-21",0.16027491875
"2018-06-22",0.15798748
"2018-06-23",0.155117987916667
"2018-06-24",0.153097737916667
"2018-06-25",0.154888106666667
"2018-06-26",0.15467141375
"2018-06-27",0.153305927916667
"2018-06-28",0.152587365833333
"2018-06-29",0.151377062916667
"2018-06-30",0.149780765416667
"2018-07-01",0.148953750833333
"2018-07-02",0.14945876125
"2018-07-03",0.14985631125
"2018-07-04",0.151262275
"2018-07-05",0.15083369625
"2018-07-06",0.148967585416667
"2018-07-07",0.146793636666667
"2018-07-08",0.14507977625
"2018-07-09",0.14361280375
"2018-07-10",0.142156285833333
"2018-07-11",0.1419166325
"2018-07-12",0.142480401666667
"2018-07-13",0.142663945833333
"2018-07-14",0.142415530833333
"2018-07-15",0.14197562125
"2018-07-16",0.141613989166667
"2018-07-17",0.141034735833333
"2018-07-18",0.14043081125
"2018-07-19",0.140088210833333
"2018-07-20",0.139642037083333
"2018-07-21",0.139213410416667
"2018-07-22",0.13897018375
"2018-07-23",0.1385970525
"2018-07-24",0.138251110833333
"2018-07-25",0.1379115975
"2018-07-26",0.137378610833333
"2018-07-27",0.137224699583333
"2018-07-28",0.137135826666667
"2018-07-29",0.136969252916667
"2018-07-30",0.136829067083333
"2018-07-31",0.136627525416667
"2018-08-01",0.136453193333333
"2018-08-02",0.136297687083333
"2018-08-03",0.13619673
"2018-08-04",0.135829319166667
"2018-08-05",0.135422596666667
"2018-08-06",0.135129372083333
"2018-08-07",0.134724752916667
"2018-08-08",0.134659769583333
"2018-08-09",0.134584507083333
"2018-08-10",0.134348568333333
"2018-08-11",0.134034813333333
"2018-08-12",0.13373116375
"2018-08-13",0.133735756666667
"2018-08-14",0.134105040416667
"2018-08-15",0.134474445416667
"2018-08-16",0.134557279166667
"2018-08-17",0.134372269166667
"2018-08-18",0.134102562916667
"2018-08-19",0.133824347916667
"2018-08-20",0.133743925
"2018-08-21",0.13397141625
"2018-08-22",0.134312657083333
"2018-08-23",0.134606021666667
"2018-08-24",0.134778017916667
"2018-08-25",0.134727786666667
"2018-08-26",0.134750035416667
"2018-08-27",0.135600569583333
"2018-08-28",0.137939264166667
"2018-08-29",0.139026215
"2018-08-30",0.139220724583333
"2018-08-31",0.138873425416667
"2018-09-01",0.138282941666667
"2018-09-02",0.137881171666667
"2018-09-03",0.137356506666667
"2018-09-04",0.137015595833333
"2018-09-05",0.136687772916667
"2018-09-06",0.136471480416667
"2018-09-07",0.136037023333333
"2018-09-08",0.135477839166667
"2018-09-09",0.135028321666667
"2018-09-10",0.134681560833333
"2018-09-11",0.134409325833333
"2018-09-12",0.134093257083333
"2018-09-13",0.133961270416667
"2018-09-14",0.133892736666667
"2018-09-15",0.133767425833333
"2018-09-16",0.13369018625
"2018-09-17",0.133750205416667
"2018-09-18",0.133874050833333
"2018-09-19",0.133918375
"2018-09-20",0.133632020416667
"2018-09-21",0.133258742916667
"2018-09-22",0.133076974583333
"2018-09-23",0.13300145375
"2018-09-24",0.132916694166667
"2018-09-25",0.132896939166667
"2018-09-26",0.132829164166667
"2018-09-27",0.1326554175
"2018-09-28",0.13266589875
"2018-09-29",0.133029507916667
"2018-09-30",0.1337473925
"2018-10-01",0.134056385
"2018-10-02",0.1346313925
"2018-10-03",0.188028595416667
"2018-10-04",0.246237532916667
"2018-10-05",0.237790517916667
"2018-10-06",0.225282576666667
"2018-10-07",0.21475799875
"2018-10-08",0.202208880833333
"2018-10-09",0.193778017916667
"2018-10-10",0.19318807875
"2018-10-11",0.192810054166667
"2018-10-12",0.18861761375
"2018-10-13",0.181759427916667
"2018-10-14",0.176972785833333
"2018-10-15",0.173168787916667
"2018-10-16",0.168868931666667
"2018-10-17",0.165421826666667
"2018-10-18",0.162541764583333
"2018-10-19",0.159923374583333
"2018-10-20",0.156925928333333
"2018-10-21",0.1545362025
"2018-10-22",0.152925327916667
"2018-10-23",0.15157198125
"2018-10-24",0.15034534375
"2018-10-25",0.1493397775
"2018-10-26",0.148226243333333
"2018-10-27",0.146920861666667
"2018-10-28",0.146433564583333
"2018-10-29",0.14591271125
"2018-10-30",0.14487807625
"2018-10-31",0.143778979583333
"2018-11-01",0.14245817375
"2018-11-02",0.141314812916667
"2018-11-03",0.140553115
"2018-11-04",0.139628035
"2018-11-05",0.139189342083333
"2018-11-06",0.1387223525
"2018-11-07",0.138003398333333
"2018-11-08",0.137274797083333
"2018-11-09",0.1364583925
"2018-11-10",0.1358173475
"2018-11-11",0.135464062083333
"2018-11-12",0.134972869583333
"2018-11-13",0.134501494166667
"2018-11-14",0.13423982125
"2018-11-15",0.133955128333333
"2018-11-16",0.1337590125
"2018-11-17",0.13372902625
"2018-11-18",0.13393027
"2018-11-19",0.134062275
"2018-11-20",0.1342018075
"2018-11-21",0.16409052625
"2018-11-22",0.355136317083333
"2018-11-23",0.363199689166667
"2018-11-24",0.372890814166667
"2018-11-25",0.331704519166667
"2018-11-26",0.311149322916667
"2018-11-27",0.298583642083333
"2018-11-28",0.325670610833333
"2018-11-29",0.4052705125
"2018-11-30",0.40061924625
"2018-12-01",0.39144040625
"2018-12-02",0.386404629166667
"2018-12-03",0.367232215
"2018-12-04",0.356191757916667
"2018-12-05",0.386766334166667
"2018-12-06",0.39559520375
"2018-12-07",0.37114114875
"2018-12-08",0.35831032
"2018-12-09",0.349629969166667
"2018-12-10",0.34415913625
"2018-12-11",0.338033669166667
"2018-12-12",0.33137492375
"2018-12-13",0.325096262083333
"2018-12-14",0.321914643333333
"2018-12-15",0.331705453333333
"2018-12-16",0.328564329583333
"2018-12-17",0.397811169166667
"2018-12-18",0.378621526666667
"2018-12-19",0.366743612083333
"2018-12-20",0.35895388875
"2018-12-21",0.360244843333333
"2018-12-22",0.358661133333333
"2018-12-23",0.346464457083333
"2018-12-24",0.341793678333333
"2018-12-25",0.39497919
"2018-12-26",0.365662979583333
"2018-12-27",0.352599657083333
"2018-12-28",0.338491335416667
"2018-12-29",0.328521098333333
"2018-12-30",0.323464874166667
"2018-12-31",0.32002963375
"2019-01-01",0.310316942916667
"2019-01-02",0.304501572083333
"2019-01-03",0.30137197875
"2019-01-04",0.298634299166667
"2019-01-05",0.31938702875
"2019-01-06",0.40376947
"2019-01-07",0.411521767083333
"2019-01-08",0.39279564
"2019-01-09",0.4092314725
"2019-01-10",0.402291837083333
"2019-01-11",0.383905180833333
"2019-01-12",0.417266442083333
"2019-01-13",0.392399330416667
"2019-01-14",0.380733410833333
"2019-01-15",0.41134665875
"2019-01-16",0.424727006666667
"2019-01-17",0.416858970833333
"2019-01-18",0.401802953333333
"2019-01-19",0.387911369166667
"2019-01-20",0.386242698333333
"2019-01-21",0.404147790833333
"2019-01-22",0.382092787083333
"2019-01-23",0.370667872916667
"2019-01-24",0.363189787083333
"2019-01-25",0.356596994166667
"2019-01-26",0.349926024166667
"2019-01-27",0.344212077083333
"2019-01-28",0.33847446375
"2019-01-29",0.335851269166667
"2019-01-30",0.334077812083333
"2019-01-31",0.381039818333333
"2019-02-01",0.378580594583333
"2019-02-02",0.42410986625
"2019-02-03",0.42316963125
"2019-02-04",0.424593995
"2019-02-05",0.421527559583333
"2019-02-06",0.39767071
"2019-02-07",0.38358628375
"2019-02-08",0.381655625
"2019-02-09",0.418521865
"2019-02-10",0.423215777916667
"2019-02-11",0.39919014375
"2019-02-12",0.387278860833333
"2019-02-13",0.415843381666667
"2019-02-14",0.425150064583333
"2019-02-15",0.412311184583333
"2019-02-16",0.4171744475
"2019-02-17",0.408729229166667
"2019-02-18",0.393850425416667
"2019-02-19",0.37430606
"2019-02-20",0.3637219775
"2019-02-21",0.36233667625
"2019-02-22",0.34917516125
"2019-02-23",0.339256105
"2019-02-24",0.3350553275
"2019-02-25",0.332170816666667
"2019-02-26",0.362322102916667
"2019-02-27",0.415247944166667
"2019-02-28",0.4117328725
"2019-03-01",0.39194513375
"2019-03-02",0.413305524166667
"2019-03-03",0.417018135833333
"2019-03-04",0.402861742083333
"2019-03-05",0.403263005833333
"2019-03-06",0.423998862916667
"2019-03-07",0.418722054583333
"2019-03-08",0.401716923333333
"2019-03-09",0.39305628375
"2019-03-10",0.41996863
"2019-03-11",0.39865003
"2019-03-12",0.38249705375
"2019-03-13",0.370469019583333
"2019-03-14",0.35736088375
"2019-03-15",0.347106790416667
"2019-03-16",0.338517469166667
"2019-03-17",0.3307007075
"2019-03-18",0.32395791
"2019-03-19",0.319855686666667
"2019-03-20",0.344783545
"2019-03-21",0.357539612083333
"2019-03-22",0.34223610875
"2019-03-23",0.4040939975
"2019-03-24",0.386356089166667
"2019-03-25",0.37382840375
"2019-03-26",0.4021185175
"2019-03-27",0.409885772083333
"2019-03-28",0.402731740416667
"2019-03-29",0.38890918
"2019-03-30",0.374875585416667
"2019-03-31",0.364026042916667
"2019-04-01",0.35628637125
"2019-04-02",0.37125741875
"2019-04-03",0.37839312875
"2019-04-04",0.3691221625
"2019-04-05",0.372769366666667
"2019-04-06",0.3832891
"2019-04-07",0.36830469
"2019-04-08",0.355916436666667
"2019-04-09",0.350620255833333
"2019-04-10",0.339524583333333
"2019-04-11",0.329833307916667
"2019-04-12",0.32362888375
"2019-04-13",0.31675286625
"2019-04-14",0.311028045833333
"2019-04-15",0.305335044166667
"2019-04-16",0.336492732083333
"2019-04-17",0.325976422083333
"2019-04-18",0.313112624166667
"2019-04-19",0.302588950833333
"2019-04-20",0.297373035416667
"2019-04-21",0.293956373333333
"2019-04-22",0.286569732916667
"2019-04-23",0.2781421425
"2019-04-24",0.269387105
"2019-04-25",0.263080387916667
"2019-04-26",0.258688039166667
"2019-04-27",0.254623557916667
"2019-04-28",0.253131425416667
"2019-04-29",0.250520979166667
"2019-04-30",0.249579435
"2019-05-01",0.24814615375
"2019-05-02",0.242534446666667
"2019-05-03",0.23596333625
"2019-05-04",0.230393230833333
"2019-05-05",0.226404266666667
"2019-05-06",0.22436543
"2019-05-07",0.2231517275
"2019-05-08",0.221047685833333
"2019-05-09",0.21976747375
"2019-05-10",0.2202791325
"2019-05-11",0.217893313333333
"2019-05-12",0.213990574583333
"2019-05-13",0.20983556625
"2019-05-14",0.205996591666667
"2019-05-15",0.21333977
"2019-05-16",0.337945700833333
"2019-05-17",0.336797274166667
"2019-05-18",0.314132239166667
"2019-05-19",0.40671676125
"2019-05-20",0.39341322
"2019-05-21",0.379538558333333
"2019-05-22",0.375575581666667
"2019-05-23",0.357789737083333
"2019-05-24",0.34714526
"2019-05-25",0.337799965
"2019-05-26",0.340040445
"2019-05-27",0.34358677
"2019-05-28",0.331391072083333
"2019-05-29",0.320526275833333
"2019-05-30",0.311583655833333
"2019-05-31",0.305119380833333
"2019-06-01",0.297265152916667
"2019-06-02",0.291571387083333
"2019-06-03",0.285991040833333
"2019-06-04",0.278290944166667
"2019-06-05",0.268454093333333
"2019-06-06",0.259442717083333
"2019-06-07",0.252170784583333
"2019-06-08",0.242510558333333
"2019-06-09",0.230192504166667
"2019-06-10",0.21745041125
"2019-06-11",0.208938701666667
"2019-06-12",0.202432357916667
"2019-06-13",0.198845595416667
"2019-06-14",0.198415684583333
"2019-06-15",0.198008906666667
"2019-06-16",0.197409565416667
"2019-06-17",0.195611854583333
"2019-06-18",0.192737737916667
"2019-06-19",0.190769446666667
"2019-06-20",0.192097007083333
"2019-06-21",0.193162667916667
"2019-06-22",0.188784379166667
"2019-06-23",0.1841648375
"2019-06-24",0.180292483333333
"2019-06-25",0.17712221875
"2019-06-26",0.1739836025
"2019-06-27",0.171604174166667
"2019-06-28",0.169771079583333
"2019-06-29",0.168111015
"2019-06-30",0.1658441875
"2019-07-01",0.164071309583333
"2019-07-02",0.162532782083333
"2019-07-03",0.1614482175
"2019-07-04",0.16113069125
"2019-07-05",0.1606702925
"2019-07-06",0.159423025833333
"2019-07-07",0.158049382916667
"2019-07-08",0.158272657083333
"2019-07-09",0.158362569166667
"2019-07-10",0.157292637083333
"2019-07-11",0.156053403333333
"2019-07-12",0.15548548125
"2019-07-13",0.154759472916667
"2019-07-14",0.15333799125
"2019-07-15",0.151888602083333
"2019-07-16",0.151412740416667
"2019-07-17",0.152464842916667
"2019-07-18",0.152951993333333
"2019-07-19",0.15263175875
"2019-07-20",0.152833886666667
"2019-07-21",0.152932554583333
"2019-07-22",0.1517403925
"2019-07-23",0.150183984583333
"2019-07-24",0.148638938333333
"2019-07-25",0.146689397916667
"2019-07-26",0.1455921575
"2019-07-27",0.144881029583333
"2019-07-28",0.143957609166667
"2019-07-29",0.1432838025
"2019-07-30",0.143187614166667
"2019-07-31",0.143052769166667
"2019-08-01",0.143728335416667
"2019-08-02",0.145456684583333
"2019-08-03",0.146186339583333
"2019-08-04",0.146161469166667
"2019-08-05",0.145839063333333
"2019-08-06",0.145432559583333
"2019-08-07",0.14487059125
"2019-08-08",0.14434042625
"2019-08-09",0.143625155416667
"2019-08-10",0.143544472916667
"2019-08-11",0.14462725125
"2019-08-12",0.14364508375
"2019-08-13",0.14238983375
"2019-08-14",0.1412272925
"2019-08-15",0.14011093875
"2019-08-16",0.139235426666667
"2019-08-17",0.139111826666667
"2019-08-18",0.141097272916667
"2019-08-19",0.143788735
"2019-08-20",0.143658142083333
"2019-08-21",0.142875517083333
"2019-08-22",0.143396539583333
"2019-08-23",0.143811015
"2019-08-24",0.143156262916667
"2019-08-25",0.142191567083333
"2019-08-26",0.141251035416667
"2019-08-27",0.14044955
"2019-08-28",0.139825767916667
"2019-08-29",0.13946738375
"2019-08-30",0.139047635416667
"2019-08-31",0.138523492916667
"2019-09-01",0.137818037083333
"2019-09-02",0.13724201375
"2019-09-03",0.136902941666667
"2019-09-04",0.1366370575
"2019-09-05",0.1364447375
"2019-09-06",0.1362729625
"2019-09-07",0.136200297083333
"2019-09-08",0.136326340833333
"2019-09-09",0.136321135
"2019-09-10",0.136641912916667
"2019-09-11",0.136926750416667
"2019-09-12",0.136372341666667
"2019-09-13",0.135418454166667
"2019-09-14",0.13446935
"2019-09-15",0.134101035833333
"2019-09-16",0.1438874725
"2019-09-17",0.155695305416667
"2019-09-18",0.153977074166667
"2019-09-19",0.154840147916667
"2019-09-20",0.152457152083333
"2019-09-21",0.1497953075
"2019-09-22",0.147223738333333
"2019-09-23",0.145894924166667
"2019-09-24",0.144578401666667
"2019-09-25",0.142232121666667
"2019-09-26",0.141039865833333
"2019-09-27",0.142650055416667
"2019-09-28",0.143801262916667
"2019-09-29",0.143112175
"2019-09-30",0.142428257916667
"2019-10-01",0.14167108
"2019-10-02",0.140765750833333
"2019-10-03",0.139897430833333
"2019-10-04",0.13924916
"2019-10-05",0.1384056575
"2019-10-06",0.13727685375
"2019-10-07",0.1362174375
"2019-10-08",0.1356241925
"2019-10-09",0.135340899583333
"2019-10-10",0.13495854875
"2019-10-11",0.13425589375
"2019-10-12",0.133719439583333
"2019-10-13",0.133475055416667
"2019-10-14",0.13345079375
"2019-10-15",0.1334758625
"2019-10-16",0.133439954166667
"2019-10-17",0.135029610833333
"2019-10-18",0.13581821
"2019-10-19",0.135729586666667
"2019-10-20",0.136215183333333
"2019-10-21",0.13589334125
"2019-10-22",0.135284480833333
"2019-10-23",0.1345885325
"2019-10-24",0.133948603333333
"2019-10-25",0.132863379583333
"2019-10-26",0.13216674875
"2019-10-27",0.132027971666667
"2019-10-28",0.131734630416667
"2019-10-29",0.131635214583333
"2019-10-30",0.13156370625
"2019-10-31",0.131426705833333
"2019-11-01",0.13136732625
"2019-11-02",0.13132041875
"2019-11-03",0.1312370825
"2019-11-04",0.131228054166667
"2019-11-05",0.131357965833333
"2019-11-06",0.131508105833333
"2019-11-07",0.131684287083333
"2019-11-08",0.13185692875
"2019-11-09",0.131969631666667
"2019-11-10",0.132061243333333
"2019-11-11",0.132193417916667
"2019-11-12",0.132255993333333
"2019-11-13",0.132410244166667
"2019-11-14",0.133779105833333
"2019-11-15",0.136382999583333
"2019-11-16",0.136786955
"2019-11-17",0.136646210416667
"2019-11-18",0.136144348333333
"2019-11-19",0.1359502675
"2019-11-20",0.136762035833333
"2019-11-21",0.136790910833333
"2019-11-22",0.136876568333333
"2019-11-23",0.136723455833333
"2019-11-24",0.136376989166667
"2019-11-25",0.136117245
"2019-11-26",0.135949188333333
"2019-11-27",0.32315515375
"2019-11-28",0.342804734583333
"2019-11-29",0.31481864125
"2019-11-30",0.311425874166667
"2019-12-01",0.410072605833333
"2019-12-02",0.43112479375
"2019-12-03",0.411845977083333
"2019-12-04",0.41768985
"2019-12-05",0.403655184583333
"2019-12-06",0.393519838333333
"2019-12-07",0.4157562325
"2019-12-08",0.426362895833333
"2019-12-09",0.400078382083333
"2019-12-10",0.385633172083333
"2019-12-11",0.384113221666667
"2019-12-12",0.405434898333333
"2019-12-13",0.393860175
"2019-12-14",0.385121805833333
"2019-12-15",0.37574141375
"2019-12-16",0.366311855833333
"2019-12-17",0.3588936675
"2019-12-18",0.39752464625
"2019-12-19",0.412788405416667
"2019-12-20",0.391815738333333
"2019-12-21",0.381325684583333
"2019-12-22",0.388844105833333
"2019-12-23",0.392713040416667
"2019-12-24",0.38027726
"2019-12-25",0.391698734166667
"2019-12-26",0.412675735416667
"2019-12-27",0.38996537625
"2019-12-28",0.37970544625
"2019-12-29",0.374725365
"2019-12-30",0.409260074166667
"2019-12-31",0.386131796666667
"2020-01-01",0.376560787083333
"2020-01-02",0.372158860833333
"2020-01-03",0.365654239583333
"2020-01-04",0.360904775416667
"2020-01-05",0.356943075416667
"2020-01-06",0.35073459
"2020-01-07",0.3452903025
"2020-01-08",0.344040211666667
"2020-01-09",0.36422002
"2020-01-10",0.370537574583333
"2020-01-11",0.360722009166667
"2020-01-12",0.353602632083333
"2020-01-13",0.347540659583333
"2020-01-14",0.34747024
"2020-01-15",0.342730881666667
"2020-01-16",0.357893580833333
"2020-01-17",0.399914090833333
"2020-01-18",0.375704504166667
"2020-01-19",0.36503853125
"2020-01-20",0.359293247083333
"2020-01-21",0.359960332916667
"2020-01-22",0.38352854375
"2020-01-23",0.376090430416667
"2020-01-24",0.365855038333333
"2020-01-25",0.35904857
"2020-01-26",0.370013135
"2020-01-27",0.36909794125
"2020-01-28",0.359697234583333
"2020-01-29",0.35517122875
"2020-01-30",0.34981292875
"2020-01-31",0.347695174583333
"2020-02-01",0.34231054
"2020-02-02",0.3373279525
"2020-02-03",0.329394734583333
"2020-02-04",0.320087017916667
"2020-02-05",0.313669871666667
"2020-02-06",0.310694266666667
"2020-02-07",0.308491120833333
"2020-02-08",0.306581712083333
"2020-02-09",0.302864675
"2020-02-10",0.2917227875
"2020-02-11",0.285872245
"2020-02-12",0.280965439166667
"2020-02-13",0.2803401125
"2020-02-14",0.280809616666667
"2020-02-15",0.279128970416667
"2020-02-16",0.276700611666667
"2020-02-17",0.274760509583333
"2020-02-18",0.269876669583333
"2020-02-19",0.265641869166667
"2020-02-20",0.263171660416667
"2020-02-21",0.260668410416667
"2020-02-22",0.25681622875
"2020-02-23",0.256021325833333
"2020-02-24",0.255163175416667
"2020-02-25",0.251218434583333
"2020-02-26",0.243608648333333
"2020-02-27",0.2379765625
"2020-02-28",0.234118154166667
"2020-02-29",0.231683560416667
"2020-03-01",0.230567457916667
"2020-03-02",0.230877844583333
"2020-03-03",0.223941664583333
"2020-03-04",0.220559850416667
"2020-03-05",0.219290534583333
"2020-03-06",0.2215223825
"2020-03-07",0.237114151666667
"2020-03-08",0.268647364166667
"2020-03-09",0.263015619166667
"2020-03-10",0.255298147916667
"2020-03-11",0.25361140375
"2020-03-12",0.256818690416667
"2020-03-13",0.250779647916667
"2020-03-14",0.26249483875
"2020-03-15",0.38078501875
"2020-03-16",0.405893056666667
"2020-03-17",0.388382081666667
"2020-03-18",0.37329939875
"2020-03-19",0.361297200833333
"2020-03-20",0.34921253375
"2020-03-21",0.3409928075
"2020-03-22",0.33668370375
"2020-03-23",0.362721634583333
"2020-03-24",0.35099289375
"2020-03-25",0.36604734375
"2020-03-26",0.352915626666667
"2020-03-27",0.338139581666667
"2020-03-28",0.327901347916667
"2020-03-29",0.34025983125
"2020-03-30",0.338852306666667
"2020-03-31",0.325060320416667
"2020-04-01",0.314223178333333
"2020-04-02",0.30303084375
"2020-04-03",0.292910999583333
"2020-04-04",0.287556406666667
"2020-04-05",0.38511704375
"2020-04-06",0.40958655875
"2020-04-07",0.392615424583333
"2020-04-08",0.372045636666667
"2020-04-09",0.368261079583333
"2020-04-10",0.369863072083333
"2020-04-11",0.35952047375
"2020-04-12",0.348337963333333
"2020-04-13",0.34105758875
"2020-04-14",0.330880648333333
"2020-04-15",0.318731565
"2020-04-16",0.31122865
"2020-04-17",0.309204204166667
"2020-04-18",0.303626761666667
"2020-04-19",0.296980505
"2020-04-20",0.292916352916667
"2020-04-21",0.289126221666667
"2020-04-22",0.282446381666667
"2020-04-23",0.27556687
"2020-04-24",0.268031395833333
"2020-04-25",0.258096869583333
"2020-04-26",0.251480474166667
"2020-04-27",0.245293997083333
"2020-04-28",0.2401820075
"2020-04-29",0.235488109583333
"2020-04-30",0.233785527083333
"2020-05-01",0.2282385625
"2020-05-02",0.22335211625
"2020-05-03",0.2215601575
"2020-05-04",0.21603614125
"2020-05-05",0.209915980416667
"2020-05-06",0.206060165
"2020-05-07",0.199973495833333
"2020-05-08",0.19373908625
"2020-05-09",0.189312645416667
"2020-05-10",0.1873662825
"2020-05-11",0.1860716625
"2020-05-12",0.21708077375
"2020-05-13",0.224502842083333
"2020-05-14",0.221102575416667
"2020-05-15",0.21733079375
"2020-05-16",0.20956456125
"2020-05-17",0.22461406625
"2020-05-18",0.295788307083333
"2020-05-19",0.30252309875
"2020-05-20",0.284051185833333
"2020-05-21",0.26784616125
"2020-05-22",0.253100059166667
"2020-05-23",0.240406394166667
"2020-05-24",0.228811765
"2020-05-25",0.217925414583333
"2020-05-26",0.207552473333333
"2020-05-27",0.1986595725
"2020-05-28",0.19121766875
"2020-05-29",0.186952479166667
"2020-05-30",0.195996654583333
"2020-05-31",0.212859275833333
"2020-06-01",0.2082667025
"2020-06-02",0.20097751
"2020-06-03",0.192022920416667
"2020-06-04",0.18336130625
"2020-06-05",0.177649339583333
"2020-06-06",0.175287795416667
"2020-06-07",0.172381908333333
"2020-06-08",0.1694762725
"2020-06-09",0.16557269
"2020-06-10",0.161549128333333
"2020-06-11",0.158712462916667
"2020-06-12",0.157243472916667
"2020-06-13",0.15674581
"2020-06-14",0.155587000833333
"2020-06-15",0.15447633875
"2020-06-16",0.153432118333333
"2020-06-17",0.152171080416667
"2020-06-18",0.150155632916667
"2020-06-19",0.149067632916667
"2020-06-20",0.148826759166667
"2020-06-21",0.14891262125
"2020-06-22",0.149073195833333
"2020-06-23",0.1489915525
"2020-06-24",0.148744171666667
"2020-06-25",0.148949595833333
"2020-06-26",0.14929472625
"2020-06-27",0.1489098475
"2020-06-28",0.148628714583333
"2020-06-29",0.148057553333333
"2020-06-30",0.146867914166667
"2020-07-01",0.146105090416667
"2020-07-02",0.14684373375
"2020-07-03",0.147624193333333
"2020-07-04",0.146540054166667
"2020-07-05",0.144650894166667
"2020-07-06",0.143323339583333
"2020-07-07",0.142672842083333
"2020-07-08",0.14202653125
"2020-07-09",0.141567563333333
"2020-07-10",0.140743058333333
"2020-07-11",0.14001906125
"2020-07-12",0.139161110416667
"2020-07-13",0.138567271666667
"2020-07-14",0.138912758333333
"2020-07-15",0.140107781666667
"2020-07-16",0.140444010833333
"2020-07-17",0.140111208333333
"2020-07-18",0.140226175416667
"2020-07-19",0.1399512225
"2020-07-20",0.13971980125
"2020-07-21",0.140072459583333
"2020-07-22",0.141144777916667
"2020-07-23",0.14310064625
"2020-07-24",0.143533787083333
"2020-07-25",0.143064359583333
"2020-07-26",0.142445205416667
"2020-07-27",0.14169927875
"2020-07-28",0.1409543575
"2020-07-29",0.1403786125
"2020-07-30",0.139911293333333
"2020-07-31",0.13952669625
"2020-08-01",0.139070620833333
"2020-08-02",0.138493572916667
"2020-08-03",0.13783114625
"2020-08-04",0.138032399583333
"2020-08-05",0.140538506666667
"2020-08-06",0.144103807916667
"2020-08-07",0.144506851666667
"2020-08-08",0.1433696975
"2020-08-09",0.142243737916667
"2020-08-10",0.1412560725
"2020-08-11",0.140747341666667
"2020-08-12",0.140257373333333
"2020-08-13",0.139295274583333
"2020-08-14",0.137941896666667
"2020-08-15",0.13638730875
"2020-08-16",0.135279745416667
"2020-08-17",0.1346103575
"2020-08-18",0.134069810833333
"2020-08-19",0.133361797083333
"2020-08-20",0.132772737083333
"2020-08-21",0.132809609166667
"2020-08-22",0.13294534125
"2020-08-23",0.13276632375
"2020-08-24",0.132616614583333
"2020-08-25",0.132717840416667
"2020-08-26",0.132910564583333
"2020-08-27",0.13335532375
"2020-08-28",0.133757737083333
"2020-08-29",0.133741847083333
"2020-08-30",0.133939378333333
"2020-08-31",0.133865425
"2020-09-01",0.133783485
"2020-09-02",0.133785657916667
"2020-09-03",0.13375501375
"2020-09-04",0.133658863333333
"2020-09-05",0.133387500416667
"2020-09-06",0.13276525375
"2020-09-07",0.131904424583333
"2020-09-08",0.131312257916667
"2020-09-09",0.131311448333333
"2020-09-10",0.131519041666667
"2020-09-11",0.131485295416667
"2020-09-12",0.131413824583333
"2020-09-13",0.13145853
"2020-09-14",0.131628295
"2020-09-15",0.13170687125
"2020-09-16",0.131819442083333
"2020-09-17",0.132796081666667
"2020-09-18",0.133425251666667
"2020-09-19",0.133560865416667
"2020-09-20",0.133446489583333
"2020-09-21",0.1331041975
"2020-09-22",0.1329553875
"2020-09-23",0.132807706666667
"2020-09-24",0.133619590833333
"2020-09-25",0.13460892375
"2020-09-26",0.134202806666667
"2020-09-27",0.133737614166667
"2020-09-28",0.133000887083333
"2020-09-29",0.132778641666667
"2020-09-30",0.1326757175
"2020-10-01",0.1322067825
"2020-10-02",0.131573370833333
"2020-10-03",0.1311205075
"2020-10-04",0.130830426666667
"2020-10-05",0.1307402825
"2020-10-06",0.130733135
"2020-10-07",0.130802691666667
"2020-10-08",0.130933456666667
"2020-10-09",0.13139104
"2020-10-10",0.132102754583333
"2020-10-11",0.132865549583333
"2020-10-12",0.132583078333333
"2020-10-13",0.1321600125
"2020-10-14",0.131821525833333
"2020-10-15",0.13142542875
"2020-10-16",0.130700753333333
"2020-10-17",0.1302085525
"2020-10-18",0.13005820125
"2020-10-19",0.130185941666667
"2020-10-20",0.1303180825
"2020-10-21",0.130403037083333
"2020-10-22",0.130476863333333
"2020-10-23",0.130711623333333
"2020-10-24",0.131106776666667
"2020-10-25",0.13279719375
"2020-10-26",0.134058024166667
"2020-10-27",0.133308826666667
"2020-10-28",0.132774865416667
"2020-10-29",0.132472207916667
"2020-10-30",0.13226914125
"2020-10-31",0.132084876666667
"2020-11-01",0.131754310833333
"2020-11-02",0.13143226
"2020-11-03",0.131265606666667
"2020-11-04",0.131254859166667
"2020-11-05",0.131286580416667
"2020-11-06",0.131460689583333
"2020-11-07",0.153345900833333
"2020-11-08",0.157781575
"2020-11-09",0.156271350416667
"2020-11-10",0.153785522083333
"2020-11-11",0.1523813625
"2020-11-12",0.15173944875
"2020-11-13",0.150580195833333
"2020-11-14",0.188597660416667
"2020-11-15",0.190312829583333
"2020-11-16",0.184856126666667
"2020-11-17",0.182622994583333
"2020-11-18",0.338909179166667
"2020-11-19",0.3246886125
"2020-11-20",0.292102985833333
"2020-11-21",0.271049880416667
"2020-11-22",0.2558946125
"2020-11-23",0.24645018875
"2020-11-24",0.239847445833333
"2020-11-25",0.233700297083333
"2020-11-26",0.22712093375
"2020-11-27",0.2187234875
"2020-11-28",0.21282904875
"2020-11-29",0.2074597875
"2020-11-30",0.202964
"2020-12-01",0.199197252916667
"2020-12-02",0.195053513333333
"2020-12-03",0.1911171875
"2020-12-04",0.188265416666667
"2020-12-05",0.18525763
"2020-12-06",0.183454064583333
"2020-12-07",0.181563422083333
"2020-12-08",0.177185895
"2020-12-09",0.172700380416667
"2020-12-10",0.170035173333333
"2020-12-11",0.169132152916667
"2020-12-12",0.244678425
"2020-12-13",0.304301395
"2020-12-14",0.351084084166667
"2020-12-15",0.312283836666667
"2020-12-16",0.293795068333333
"2020-12-17",0.316228075
"2020-12-18",0.318563195
"2020-12-19",0.298901004583333
"2020-12-20",0.285730337083333
"2020-12-21",0.27526274125
"2020-12-22",0.26784358125
"2020-12-23",0.26138546625
"2020-12-24",0.252597209166667
"2020-12-25",0.248954338333333
"2020-12-26",0.28573383125
"2020-12-27",0.286648650416667
"2020-12-28",0.324583374583333
"2020-12-29",0.318783761666667
"2020-12-30",0.30130734125
"2020-12-31",0.298677164583333
"2021-01-01",0.29213710375
"2021-01-02",0.287356707916667
"2021-01-03",0.296606643333333
"2021-01-04",0.309009879583333
"2021-01-05",0.350018771666667
"2021-01-06",0.323924895
"2021-01-07",0.309687239583333
"2021-01-08",0.29969690125
"2021-01-09",0.293757365416667
"2021-01-10",0.285424112916667
"2021-01-11",0.28056662
"2021-01-12",0.276419545416667
"2021-01-13",0.273513207083333
"2021-01-14",0.269485447916667
"2021-01-15",0.263178209166667
"2021-01-16",0.255952245416667
"2021-01-17",0.2500327325
"2021-01-18",0.242466050416667
"2021-01-19",0.231579215
"2021-01-20",0.222881040833333
"2021-01-21",0.217932922083333
"2021-01-22",0.23207073375
"2021-01-23",0.308221330833333
"2021-01-24",0.294596076666667
"2021-01-25",0.3204753725
"2021-01-26",0.301599690833333
"2021-01-27",0.377493710416667
"2021-01-28",0.4248971825
"2021-01-29",0.422302758333333
"2021-01-30",0.393466566666667
"2021-01-31",0.3765059425
"2021-02-01",0.365084631666667
"2021-02-02",0.38918179625
"2021-02-03",0.384098943333333
"2021-02-04",0.36541544125
"2021-02-05",0.35181037125
"2021-02-06",0.341988265833333
"2021-02-07",0.3340318275
"2021-02-08",0.327912947083333
"2021-02-09",0.324506397916667
"2021-02-10",0.32272828
"2021-02-11",0.317483393333333
"2021-02-12",0.35728471375
"2021-02-13",0.346156395833333
"2021-02-14",0.33492956625
"2021-02-15",0.34303099375
"2021-02-16",0.353774654166667
"2021-02-17",0.33565857625
"2021-02-18",0.32159592875
"2021-02-19",0.314640415
"2021-02-20",0.31829859375
"2021-02-21",0.312034917083333
"2021-02-22",0.30209529125
"2021-02-23",0.2918850175
"2021-02-24",0.281245651666667
"2021-02-25",0.27023818125
"2021-02-26",0.2627900525
"2021-02-27",0.259359965833333
"2021-02-28",0.25396182375
"2021-03-01",0.249008652083333
"2021-03-02",0.245768299166667
"2021-03-03",0.24350498125
"2021-03-04",0.242385066666667
"2021-03-05",0.2405376625
"2021-03-06",0.259757120833333
"2021-03-07",0.262178746666667
"2021-03-08",0.254499155833333
"2021-03-09",0.255094452083333
"2021-03-10",0.339598752083333
"2021-03-11",0.3627146225
"2021-03-12",0.337504813333333
"2021-03-13",0.318764742916667
"2021-03-14",0.307967997083333
"2021-03-15",0.346794880416667
"2021-03-16",0.3322835525
"2021-03-17",0.3157325875
"2021-03-18",0.317227911666667
"2021-03-19",0.393266156666667
"2021-03-20",0.358553824583333
"2021-03-21",0.33806098625
"2021-03-22",0.32448440875
"2021-03-23",0.314430729583333
"2021-03-24",0.29922925
"2021-03-25",0.29059971375
"2021-03-26",0.286426472083333
"2021-03-27",0.27797185375
"2021-03-28",0.270613506666667
"2021-03-29",0.262983903333333
"2021-03-30",0.257521681666667
"2021-03-31",0.245663777083333
"2021-04-01",0.23379570875
"2021-04-02",0.226814089166667
"2021-04-03",0.223851345833333
"2021-04-04",0.221988194166667
"2021-04-05",0.2192484025
"2021-04-06",0.217109779583333
"2021-04-07",0.2144875375
"2021-04-08",0.211359692083333
"2021-04-09",0.2082391725
"2021-04-10",0.205906355833333
"2021-04-11",0.2025690475
"2021-04-12",0.199863577083333
"2021-04-13",0.197720185833333
"2021-04-14",0.195767442916667
"2021-04-15",0.19380445375
"2021-04-16",0.191121664166667
"2021-04-17",0.188652840833333
"2021-04-18",0.186104879166667
"2021-04-19",0.182300480833333
"2021-04-20",0.180569012916667
"2021-04-21",0.181705432083333
"2021-04-22",0.181775060416667
"2021-04-23",0.181379194166667
"2021-04-24",0.180426240416667
"2021-04-25",0.179956875833333
"2021-04-26",0.203143092083333
"2021-04-27",0.198709830833333
"2021-04-28",0.192941334583333
"2021-04-29",0.186745223333333
"2021-04-30",0.18128625125
"2021-05-01",0.179572005833333
"2021-05-02",0.178996207916667
"2021-05-03",0.175215459583333
"2021-05-04",0.17053075125
"2021-05-05",0.16653666
"2021-05-06",0.163892185416667
"2021-05-07",0.162074192916667
"2021-05-08",0.15986519625
"2021-05-09",0.156681649583333
"2021-05-10",0.1546674575
"2021-05-11",0.152778091666667
"2021-05-12",0.151627773333333
"2021-05-13",0.150810909583333
"2021-05-14",0.150837754166667
"2021-05-15",0.155785600833333
"2021-05-16",0.1597757475
"2021-05-17",0.160850147916667
"2021-05-18",0.16053133875
"2021-05-19",0.15806929625
"2021-05-20",0.15612315375
"2021-05-21",0.154332160833333
"2021-05-22",0.153176152083333
"2021-05-23",0.152459174166667
"2021-05-24",0.15143878
"2021-05-25",0.150120112916667
"2021-05-26",0.149272257083333
"2021-05-27",0.148208459583333
"2021-05-28",0.1476571025
"2021-05-29",0.1475559625
"2021-05-30",0.147595449583333
"2021-05-31",0.146139672083333
"2021-06-01",0.144814113333333
"2021-06-02",0.144214691666667
"2021-06-03",0.14402765375
"2021-06-04",0.143576435416667
"2021-06-05",0.1428535925
"2021-06-06",0.141991138333333
"2021-06-07",0.141353065833333
"2021-06-08",0.141074461666667
"2021-06-09",0.14067418125
"2021-06-10",0.140291566666667
"2021-06-11",0.139758328333333
"2021-06-12",0.139201634583333
"2021-06-13",0.13908589125
"2021-06-14",0.13952341625
"2021-06-15",0.139527281666667
"2021-06-16",0.138661065416667
"2021-06-17",0.1375894075
"2021-06-18",0.136490175833333
"2021-06-19",0.13587234125
"2021-06-20",0.135834346666667
"2021-06-21",0.136747404166667
"2021-06-22",0.141168464583333
"2021-06-23",0.1458679725
"2021-06-24",0.146359532083333
"2021-06-25",0.14617989125
"2021-06-26",0.145337195
"2021-06-27",0.144642939583333
"2021-06-28",0.14438098625
"2021-06-29",0.1438276725
"2021-06-30",0.143228965416667
"2021-07-01",0.143317018333333
"2021-07-02",0.143515837083333
"2021-07-03",0.1435276175
"2021-07-04",0.143093667083333
"2021-07-05",0.142491043333333
"2021-07-06",0.142041042916667
"2021-07-07",0.142234414583333
"2021-07-08",0.142136922916667
"2021-07-09",0.14067053625
"2021-07-10",0.13904609375
"2021-07-11",0.1377901675
"2021-07-12",0.13716100625
"2021-07-13",0.137080113333333
"2021-07-14",0.13738922
"2021-07-15",0.137775235
"2021-07-16",0.138588244583333
"2021-07-17",0.138622185
"2021-07-18",0.137873411666667
"2021-07-19",0.137157699583333
"2021-07-20",0.136501699583333
"2021-07-21",0.136090855833333
"2021-07-22",0.1356163775
"2021-07-23",0.135176423333333
"2021-07-24",0.134748494583333
"2021-07-25",0.134458840416667
"2021-07-26",0.134300782916667
"2021-07-27",0.134755049583333
"2021-07-28",0.134521272916667
"2021-07-29",0.134192691666667
"2021-07-30",0.13391607
"2021-07-31",0.133767106666667
"2021-08-01",0.133957224583333
"2021-08-02",0.134038246666667
"2021-08-03",0.133828167916667
"2021-08-04",0.13376107375
"2021-08-05",0.13469783875
"2021-08-06",0.135242954583333
"2021-08-07",0.1351190125
"2021-08-08",0.135220562916667
"2021-08-09",0.135113823333333
"2021-08-10",0.13466686
"2021-08-11",0.134079135833333
"2021-08-12",0.133517037916667
"2021-08-13",0.133116744583333
"2021-08-14",0.132693447083333
"2021-08-15",0.132410729583333
"2021-08-16",0.132189935
"2021-08-17",0.132164204583333
"2021-08-18",0.132396412083333
"2021-08-19",0.13220251375
"2021-08-20",0.132149359583333
"2021-08-21",0.13343311375
"2021-08-22",0.13545480125
"2021-08-23",0.135096281666667
"2021-08-24",0.134788488333333
"2021-08-25",0.134457287916667
"2021-08-26",0.13399277375
"2021-08-27",0.133407439583333
"2021-08-28",0.132772135833333
"2021-08-29",0.132272717083333
"2021-08-30",0.131993726666667
"2021-08-31",0.1317535125
"2021-09-01",0.1316832125
"2021-09-02",0.131914839583333
"2021-09-03",0.131997175416667
"2021-09-04",0.13178984375
"2021-09-05",0.131473670416667
"2021-09-06",0.13119960125
"2021-09-07",0.1309560125
"2021-09-08",0.130708044583333
"2021-09-09",0.130511760833333
"2021-09-10",0.130526130416667
"2021-09-11",0.130634841666667
"2021-09-12",0.130594350833333
"2021-09-13",0.130476597083333
"2021-09-14",0.130434195
"2021-09-15",0.130468206666667
"2021-09-16",0.130855038333333
"2021-09-17",0.13135893875
"2021-09-18",0.13173821125
"2021-09-19",0.133391954166667
"2021-09-20",0.134530646666667
"2021-09-21",0.133445863333333
"2021-09-22",0.132709419166667
"2021-09-23",0.132297067083333
"2021-09-24",0.131954264583333
"2021-09-25",0.1319128875
"2021-09-26",0.131879262083333
"2021-09-27",0.13221197
"2021-09-28",0.13286935875
"2021-09-29",0.13255006375
"2021-09-30",0.132220730416667
"2021-10-01",0.131777719166667
"2021-10-02",0.13143623125
"2021-10-03",0.1311523525
"2021-10-04",0.130805222083333
"2021-10-05",0.130576974583333
"2021-10-06",0.13063853
"2021-10-07",0.13080167625
"2021-10-08",0.13090367375
"2021-10-09",0.134153770833333
"2021-10-10",0.137444868333333
"2021-10-11",0.136608227916667
"2021-10-12",0.1357951125
"2021-10-13",0.135126
"2021-10-14",0.135856929166667
"2021-10-15",0.13506225375
"2021-10-16",0.13397325875
"2021-10-17",0.133134965416667
"2021-10-18",0.1483919075
"2021-10-19",0.151915029583333
"2021-10-20",0.1611892525
"2021-10-21",0.23702598125
"2021-10-22",0.303580317083333
"2021-10-23",0.31855421
"2021-10-24",0.361958534583333
"2021-10-25",0.4249377325
"2021-10-26",0.392903710416667
"2021-10-27",0.376035543333333
"2021-10-28",0.36201168125
"2021-10-29",0.35014777375
"2021-10-30",0.343072646666667
"2021-10-31",0.339774549166667
"2021-11-01",0.342799606666667
"2021-11-02",0.405493935416667
"2021-11-03",0.37817256
"2021-11-04",0.371197325416667
"2021-11-05",0.361878368333333
"2021-11-06",0.348334127083333
"2021-11-07",0.337668734583333
"2021-11-08",0.32693730125
"2021-11-09",0.380455618333333
"2021-11-10",0.385081545416667
"2021-11-11",0.364391625416667
"2021-11-12",0.351350700416667
"2021-11-13",0.342005821666667
"2021-11-14",0.33240269625
"2021-11-15",0.324559457916667
"2021-11-16",0.32112289
"2021-11-17",0.317743079166667
"2021-11-18",0.313061275416667
"2021-11-19",0.312609347083333
"2021-11-20",0.312982910416667
"2021-11-21",0.30596178875
"2021-11-22",0.297166225
"2021-11-23",0.290289010416667
"2021-11-24",0.2856474475
"2021-11-25",0.279100707916667
"2021-11-26",0.274330153333333
"2021-11-27",0.269856661666667
"2021-11-28",0.265346968333333
"2021-11-29",0.261752732083333
"2021-11-30",0.258556715
"2021-12-01",0.25494819
"2021-12-02",0.251611156666667
"2021-12-03",0.250962034166667
"2021-12-04",0.25137425
"2021-12-05",0.250995244583333
"2021-12-06",0.249197873333333
"2021-12-07",0.254700788333333
"2021-12-08",0.257225202916667
"2021-12-09",0.25886086
"2021-12-10",0.255183759583333
"2021-12-11",0.250157525833333
"2021-12-12",0.249997737916667
"2021-12-13",0.402243547916667
"2021-12-14",0.422147875416667
"2021-12-15",0.400123885833333
"2021-12-16",0.412931742916667
"2021-12-17",0.39446199
"2021-12-18",0.379769354583333
"2021-12-19",0.371105930833333
"2021-12-20",0.367101375833333
"2021-12-21",0.360147464583333
"2021-12-22",0.398264004583333
"2021-12-23",0.421018834583333
"2021-12-24",0.4230626425
"2021-12-25",0.411395561666667
"2021-12-26",0.41098438625
"2021-12-27",0.42189331125
"2021-12-28",0.406659829583333
"2021-12-29",0.41781215125
"2021-12-30",0.410909149583333
"2021-12-31",0.39200255625
"2022-01-01",0.381608189583333
"2022-01-02",0.373816863333333
"2022-01-03",0.36938137125
"2022-01-04",0.389100509583333
"2022-01-05",0.383608787916667
"2022-01-06",0.373812405416667
"2022-01-07",0.3692967025
"2022-01-08",0.368244056666667
"2022-01-09",0.360689275833333
"2022-01-10",0.3541849325
"2022-01-11",0.3486659475
"2022-01-12",0.342418371666667
"2022-01-13",0.33691407
"2022-01-14",0.33442796125
"2022-01-15",0.32956709625
"2022-01-16",0.3255161875
"2022-01-17",0.323096943333333
"2022-01-18",0.323527745416667
"2022-01-19",0.320599429166667
"2022-01-20",0.31747876375
"2022-01-21",0.313846570416667
"2022-01-22",0.306652127916667
"2022-01-23",0.302484753333333
"2022-01-24",0.300277329583333
"2022-01-25",0.29852886625
"2022-01-26",0.296855885
"2022-01-27",0.294119492916667
"2022-01-28",0.290352917083333
"2022-01-29",0.285962385416667
"2022-01-30",0.28306504125
"2022-01-31",0.281132667083333
"2022-02-01",0.279941989166667
"2022-02-02",0.27199078125
"2022-02-03",0.264535210833333
"2022-02-04",0.262274493333333
"2022-02-05",0.259600070833333
"2022-02-06",0.257551351666667
"2022-02-07",0.254196425416667
"2022-02-08",0.25198253
"2022-02-09",0.247567407083333
"2022-02-10",0.242114859166667
"2022-02-11",0.236923825833333
"2022-02-12",0.232447464583333
"2022-02-13",0.229091152083333
"2022-02-14",0.22822022625
"2022-02-15",0.228763915416667
"2022-02-16",0.2257025625
"2022-02-17",0.222201222916667
"2022-02-18",0.219975127916667
"2022-02-19",0.21870632875
"2022-02-20",0.217361821666667
"2022-02-21",0.217232655416667
"2022-02-22",0.220434773333333
"2022-02-23",0.2240840475
"2022-02-24",0.220141385
"2022-02-25",0.217871117916667
"2022-02-26",0.21518139875
"2022-02-27",0.213099058333333
"2022-02-28",0.209348435416667
"2022-03-01",0.205541827083333
"2022-03-02",0.20297119
"2022-03-03",0.20182939875
"2022-03-04",0.218241735833333
"2022-03-05",0.219745159583333
"2022-03-06",0.218303099166667
"2022-03-07",0.215316350833333
"2022-03-08",0.209975448333333
"2022-03-09",0.205398551666667
"2022-03-10",0.202273482916667
"2022-03-11",0.197215435833333
"2022-03-12",0.193868571666667
"2022-03-13",0.195286743333333
"2022-03-14",0.196419785416667
"2022-03-15",0.198520655833333
"2022-03-16",0.20319117125
"2022-03-17",0.19985693625
"2022-03-18",0.197091124583333
"2022-03-19",0.2009770075
"2022-03-20",0.25327350375
"2022-03-21",0.242103525833333
"2022-03-22",0.231603607916667
"2022-03-23",0.221652647083333
"2022-03-24",0.215655028333333
"2022-03-25",0.21019278625
"2022-03-26",0.204785437083333
"2022-03-27",0.203037631666667
"2022-03-28",0.295918555833333
"2022-03-29",0.311632265
"2022-03-30",0.291388624166667
"2022-03-31",0.276929981666667
"2022-04-01",0.26463428875
"2022-04-02",0.253380165416667
"2022-04-03",0.24258872375
"2022-04-04",0.233123382083333
"2022-04-05",0.226003679166667
"2022-04-06",0.21689894125
"2022-04-07",0.20462561125
"2022-04-08",0.19370210375
"2022-04-09",0.187903751666667
"2022-04-10",0.18370058375
"2022-04-11",0.193111449166667
"2022-04-12",0.214375647083333
"2022-04-13",0.2076054325
"2022-04-14",0.2044615675
"2022-04-15",0.220660885416667
"2022-04-16",0.284693956666667
"2022-04-17",0.325213720416667
"2022-04-18",0.2938238625
"2022-04-19",0.29039800625
"2022-04-20",0.286933572083333
"2022-04-21",0.341178571666667
"2022-04-22",0.366930567916667
"2022-04-23",0.333551896666667
"2022-04-24",0.3096899275
"2022-04-25",0.2936665325
"2022-04-26",0.280494404583333
"2022-04-27",0.27015224125
"2022-04-28",0.261362014166667
"2022-04-29",0.25371137125
"2022-04-30",0.2452020775
"2022-05-01",0.239966119583333
"2022-05-02",0.23362076375
"2022-05-03",0.22831978875
"2022-05-04",0.220408412916667
"2022-05-05",0.214998261666667
"2022-05-06",0.21146843875
"2022-05-07",0.208838279166667
"2022-05-08",0.205339427083333
"2022-05-09",0.203897897083333
"2022-05-10",0.206863460833333
"2022-05-11",0.204427669166667
"2022-05-12",0.199920184583333
"2022-05-13",0.195472429166667
"2022-05-14",0.190996506666667
"2022-05-15",0.18717791375
"2022-05-16",0.186080165
"2022-05-17",0.18412040125
"2022-05-18",0.180639419166667
"2022-05-19",0.175899113333333
"2022-05-20",0.17189305125
"2022-05-21",0.168283907083333
"2022-05-22",0.165685249166667
"2022-05-23",0.163093800416667
"2022-05-24",0.1605924075
"2022-05-25",0.1573491725
"2022-05-26",0.156081535416667
"2022-05-27",0.157263447916667
"2022-05-28",0.157406533333333
"2022-05-29",0.156633446666667
"2022-05-30",0.1550614
"2022-05-31",0.153528541666667
"2022-06-01",0.151754145416667
"2022-06-02",0.150138314583333
"2022-06-03",0.149497819166667
"2022-06-04",0.149812775416667
"2022-06-05",0.15450256125
"2022-06-06",0.164888957083333
"2022-06-07",0.1615404475
"2022-06-08",0.158208082916667
"2022-06-09",0.155614954583333
"2022-06-10",0.152311977083333
"2022-06-11",0.149726909583333
"2022-06-12",0.149169437916667
"2022-06-13",0.151561319166667
"2022-06-14",0.149459227916667
"2022-06-15",0.147291705
"2022-06-16",0.145683235833333
"2022-06-17",0.144770614583333
"2022-06-18",0.14428586
"2022-06-19",0.14352221875
"2022-06-20",0.142482202916667
"2022-06-21",0.141111502916667
"2022-06-22",0.139189857916667
"2022-06-23",0.138530070416667
"2022-06-24",0.137920125
"2022-06-25",0.137309245416667
"2022-06-26",0.136867336666667
"2022-06-27",0.136518310416667
"2022-06-28",0.136063156666667
"2022-06-29",0.135713986666667
"2022-06-30",0.1361218225
"2022-07-01",0.136790485833333
"2022-07-02",0.138351227916667
"2022-07-03",0.14001316125
"2022-07-04",0.13978206125
"2022-07-05",0.14079645125
"2022-07-06",0.14271474875
"2022-07-07",0.142626960833333
"2022-07-08",0.141438154583333
"2022-07-09",0.140459083333333
"2022-07-10",0.139930185833333
"2022-07-11",0.139225340833333
"2022-07-12",0.138783190833333
"2022-07-13",0.138770056666667
"2022-07-14",0.138403936666667
"2022-07-15",0.13776294875
"2022-07-16",0.1371641725
"2022-07-17",0.13646526375
"2022-07-18",0.13581551875
"2022-07-19",0.135203917916667
"2022-07-20",0.13476498125
"2022-07-21",0.134475136666667
"2022-07-22",0.134278568333333
"2022-07-23",0.134181877916667
"2022-07-24",0.134576514583333
"2022-07-25",0.134687774166667
"2022-07-26",0.13453780375
"2022-07-27",0.1342990875
"2022-07-28",0.134140844583333
"2022-07-29",0.134364652916667
"2022-07-30",0.13507901375
"2022-07-31",0.135649571666667
"2022-08-01",0.135691062083333
"2022-08-02",0.136861830416667
"2022-08-03",0.13605170875
"2022-08-04",0.135347701666667
"2022-08-05",0.135023971666667
"2022-08-06",0.13539483875
"2022-08-07",0.135086641666667
"2022-08-08",0.134612526666667
"2022-08-09",0.134233459583333
"2022-08-10",0.133915366666667
"2022-08-11",0.13358386875
"2022-08-12",0.133283530833333
"2022-08-13",0.132970853333333
"2022-08-14",0.132938707916667
"2022-08-15",0.133164450416667
"2022-08-16",0.132998337083333
"2022-08-17",0.132654890416667
"2022-08-18",0.132397835833333
"2022-08-19",0.132482755
"2022-08-20",0.133019570833333
"2022-08-21",0.13329898375
"2022-08-22",0.133145824583333
"2022-08-23",0.133661027083333
"2022-08-24",0.134460419166667
"2022-08-25",0.134982635416667
"2022-08-26",0.135355087083333
"2022-08-27",0.135533575833333
"2022-08-28",0.136023897083333
"2022-08-29",0.136288538333333
"2022-08-30",0.135880501666667
"2022-08-31",0.135278989583333
"2022-09-01",0.134621691666667
"2022-09-02",0.133907364583333
"2022-09-03",0.133374118333333
"2022-09-04",0.132762166666667
"2022-09-05",0.132062432916667
"2022-09-06",0.131274494166667
"2022-09-07",0.13077351
"2022-09-08",0.13044971875
"2022-09-09",0.130142711666667
"2022-09-10",0.130074179583333
"2022-09-11",0.130117430416667
"2022-09-12",0.1300602825
"2022-09-13",0.130162767916667
"2022-09-14",0.130406960416667
"2022-09-15",0.130834149583333
"2022-09-16",0.131153466666667
"2022-09-17",0.131455677083333
"2022-09-18",0.187860595833333
"2022-09-19",0.327245155416667
"2022-09-20",0.291383510833333
"2022-09-21",0.26838297125
"2022-09-22",0.252824987916667
"2022-09-23",0.23697659125
"2022-09-24",0.223532809583333
"2022-09-25",0.214092925
"2022-09-26",0.206572574583333
"2022-09-27",0.199774706666667
"2022-09-28",0.193166228333333
"2022-09-29",0.187189855
"2022-09-30",0.18185208125
"2022-10-01",0.177289799583333
"2022-10-02",0.174344144583333
"2022-10-03",0.170978622083333
"2022-10-04",0.167840225416667
"2022-10-05",0.16525955625
"2022-10-06",0.162401701666667
"2022-10-07",0.159995220833333
"2022-10-08",0.15777445375
"2022-10-09",0.15595542
"2022-10-10",0.154438508333333
"2022-10-11",0.153025234583333
"2022-10-12",0.15178210875
"2022-10-13",0.150904806666667
"2022-10-14",0.150338771666667
"2022-10-15",0.149946707083333
"2022-10-16",0.150614254583333
"2022-10-17",0.150281876666667
"2022-10-18",0.149175224583333
"2022-10-19",0.147590324583333
"2022-10-20",0.1449410225
"2022-10-21",0.143761892916667
"2022-10-22",0.144893759583333
"2022-10-23",0.145452964166667
"2022-10-24",0.144324687916667
"2022-10-25",0.143417737083333
"2022-10-26",0.14305451125
"2022-10-27",0.142496487083333
"2022-10-28",0.142130670416667
"2022-10-29",0.14192972
"2022-10-30",0.14196341
"2022-10-31",0.142185531666667
"2022-11-01",0.159368306666667
"2022-11-02",0.239366850416667
"2022-11-03",0.247538155
"2022-11-04",0.235218311666667
"2022-11-05",0.23230180625
"2022-11-06",0.239279610416667
"2022-11-07",0.28517999
"2022-11-08",0.362325571666667
"2022-11-09",0.390587050833333
"2022-11-10",0.352490352916667
"2022-11-11",0.331899351666667
"2022-11-12",0.3201834725
"2022-11-13",0.31089161
"2022-11-14",0.302273985416667
"2022-11-15",0.296226535
"2022-11-16",0.288498983333333
"2022-11-17",0.280658734583333
"2022-11-18",0.275257350833333
"2022-11-19",0.270255894166667
"2022-11-20",0.263748533333333
"2022-11-21",0.258484285416667
"2022-11-22",0.2538580575
"2022-11-23",0.249611604166667
"2022-11-24",0.245700432083333
"2022-11-25",0.2408955
"2022-11-26",0.23637619125
"2022-11-27",0.234052555833333
"2022-11-28",0.232420799166667
"2022-11-29",0.231162262083333
"2022-11-30",0.228764932083333
"2022-12-01",0.273820387916667
"2022-12-02",0.363777997083333
"2022-12-03",0.363652156666667
"2022-12-04",0.413305284166667
"2022-12-05",0.398952244583333
"2022-12-06",0.4065496275
"2022-12-07",0.392688809166667
"2022-12-08",0.375111144583333
"2022-12-09",0.3880388875
"2022-12-10",0.40373806625
"2022-12-11",0.426501763333333
"2022-12-12",0.41724753625
"2022-12-13",0.38953917
"2022-12-14",0.376705721666667
"2022-12-15",0.367253765
"2022-12-16",0.3594589025
"2022-12-17",0.352346768333333
"2022-12-18",0.346482084583333
"2022-12-19",0.342114667916667
"2022-12-20",0.339052522916667
"2022-12-21",0.334274181666667
"2022-12-22",0.329118437083333
"2022-12-23",0.327808062083333
"2022-12-24",0.325597322916667
"2022-12-25",0.321098864583333
"2022-12-26",0.316966969166667
"2022-12-27",0.377717240833333
"2022-12-28",0.403994525
"2022-12-29",0.402637290416667
"2022-12-30",0.423766974166667
"2022-12-31",0.430928824583333
"2023-01-01",0.409691197083333
"2023-01-02",0.393425453333333
"2023-01-03",0.415992802083333
"2023-01-04",0.411202462916667
"2023-01-05",0.423932404583333
"2023-01-06",0.407896228333333
"2023-01-07",0.393274535833333
"2023-01-08",0.4173902825
"2023-01-09",0.419694535
"2023-01-10",0.419383033333333
"2023-01-11",0.423573006666667
"2023-01-12",0.398650889166667
"2023-01-13",0.395120795416667
"2023-01-14",0.424504747083333
"2023-01-15",0.419106484583333
"2023-01-16",0.41756446
"2023-01-17",0.392048820833333
"2023-01-18",0.3761423325
"2023-01-19",0.384487497083333
"2023-01-20",0.373121281666667
"2023-01-21",0.359490495
"2023-01-22",0.351041859166667
"2023-01-23",0.34200494875
"2023-01-24",0.334957775833333
"2023-01-25",0.33082344875
"2023-01-26",0.325874135416667
"2023-01-27",0.321507181666667
"2023-01-28",0.319526358333333
"2023-01-29",0.319845800416667
"2023-01-30",0.320351867083333
"2023-01-31",0.312388101666667
"2023-02-01",0.306736035416667
"2023-02-02",0.3042383625
"2023-02-03",0.318100551666667
"2023-02-04",0.360976194166667
"2023-02-05",0.401383377083333
"2023-02-06",0.384310489583333
"2023-02-07",0.365983653333333
"2023-02-08",0.357247555833333
"2023-02-09",0.349883682916667
"2023-02-10",0.343481458333333
"2023-02-11",0.35832211125
"2023-02-12",0.367515805833333
"2023-02-13",0.352958919166667
"2023-02-14",0.343390754583333
"2023-02-15",0.336015450833333
"2023-02-16",0.327676809166667
"2023-02-17",0.323300433333333
"2023-02-18",0.317447008333333
"2023-02-19",0.31136633875
"2023-02-20",0.305876048333333
"2023-02-21",0.30241689375
"2023-02-22",0.29961031
"2023-02-23",0.30669715
"2023-02-24",0.3982460375
"2023-02-25",0.393131327083333
"2023-02-26",0.380406268333333
"2023-02-27",0.409578370833333
"2023-02-28",0.41789815125
"2023-03-01",0.415543556213379
"2023-03-02",0.38777482509613
"2023-03-03",0.376014947891235
"2023-03-04",0.371509710947672
"2023-03-05",0.397222479184469
"2023-03-06",0.389645218849182
"2023-03-07",0.388832171758016
"2023-03-08",0.385889331499735
"2023-03-09",0.389045834541321
"2023-03-10",0.42806073029836
"2023-03-11",0.415713310241699
"2023-03-12",0.420185645421346
"2023-03-13",0.422395904858907
"2023-03-14",0.427390654881795
"2023-03-15",0.408771236737569
"2023-03-16",0.385318279266357
"2023-03-17",0.372463981310526
"2023-03-18",0.361217935880025
"2023-03-19",0.387737234433492
"2023-03-20",0.396415074666341
"2023-03-21",0.403350273768107
"2023-03-22",0.425504247347514
"2023-03-23",0.407345294952393
"2023-03-24",0.385498881340027
"2023-03-25",0.368619441986084
"2023-03-26",0.355666160583496
"2023-03-27",0.344823360443115
"2023-03-28",0.358820875485738
"2023-03-29",0.417182286580404
"2023-03-30",0.415500044822693
"2023-03-31",0.397309958934784
"2023-04-01",0.379034241040548
"2023-04-02",0.368935465812683
"2023-04-03",0.359480778376261
"2023-04-04",0.349884033203125
"2023-04-05",0.340384324391683
"2023-04-06",0.333785096804301
"2023-04-07",0.345652977625529
"2023-04-08",0.370141625404358
"2023-04-09",0.350962003072103
"2023-04-10",0.33435316880544
"2023-04-11",0.326327423254649
"2023-04-12",0.319971084594727
"2023-04-13",0.311866919199626
"2023-04-14",0.304380257924398
"2023-04-15",0.299452185630798
"2023-04-16",0.294403990109761
"2023-04-17",0.289553562800089
"2023-04-18",0.288339038689931
"2023-04-19",0.283116817474365
"2023-04-20",0.275834421316783
"2023-04-21",0.268192927042643
"2023-04-22",0.261696775754293
"2023-04-23",0.258887688318888
"2023-04-24",0.258303602536519
"2023-04-25",0.252903918425242
"2023-04-26",0.247337639331818
"2023-04-27",0.241542994976044
"2023-04-28",0.236449619134267
"2023-04-29",0.233124156792959
"2023-04-30",0.229162812232971
"2023-05-01",0.229635139306386
"2023-05-02",0.280596792697906
"2023-05-03",0.344680428504944
"2023-05-04",0.349813938140869
"2023-05-05",0.324293335278829
"2023-05-06",0.315310458342234
"2023-05-07",0.314043939113617
"2023-05-08",0.301891346772512
"2023-05-09",0.292322138945262
"2023-05-10",0.283854881922404
"2023-05-11",0.274787565072378
"2023-05-12",0.266370495160421
"2023-05-13",0.25825822353363
"2023-05-14",0.250137984752655
"2023-05-15",0.246749798456828
"2023-05-16",0.240316828091939
"2023-05-17",0.232906063397725
"2023-05-18",0.226941386858622
"2023-05-19",0.222379346688588
"2023-05-20",0.219571570555369
"2023-05-21",0.218154311180115
"2023-05-22",0.214883367220561
"2023-05-23",0.211410204569499
"2023-05-24",0.210967580477397
"2023-05-25",0.208958685398102
"2023-05-26",0.206180950005849
"2023-05-27",0.203620175520579
"2023-05-28",0.202224930127462
"2023-05-29",0.20681893825531
"2023-05-30",0.203546663125356
"2023-05-31",0.199896991252899
"2023-06-01",0.197151184082031
"2023-06-02",0.194278875986735
"2023-06-03",0.190328518549601
"2023-06-04",0.185831248760223
"2023-06-05",0.182869255542755
"2023-06-06",0.186906735102336
"2023-06-07",0.192763388156891
"2023-06-08",0.190573036670685
"2023-06-09",0.186200539271037
"2023-06-10",0.182415187358856
"2023-06-11",0.180461009343465
"2023-06-12",0.181052207946777
"2023-06-13",0.180065294106801
"2023-06-14",0.176899909973145
"2023-06-15",0.174492677052816
"2023-06-16",0.171888093153636
"2023-06-17",0.16902627547582
"2023-06-18",0.166306873162587
"2023-06-19",0.163744688034058
"2023-06-20",0.161460836728414
"2023-06-21",0.159199317296346
"2023-06-22",0.158063232898712
"2023-06-23",0.158198614915212
"2023-06-24",0.15746945142746
"2023-06-25",0.156237324078878
"2023-06-26",0.155543386936188
"2023-06-27",0.155412524938583
"2023-06-28",0.155137638250987
"2023-06-29",0.154636194308599
"2023-06-30",0.153348982334137
"2023-07-01",0.151127338409424
"2023-07-02",0.148998002211253
"2023-07-03",0.14762619137764
"2023-07-04",0.146804720163345
"2023-07-05",0.146167794863383
"2023-07-06",0.146148314078649
"2023-07-07",0.147343933582306
"2023-07-08",0.147798051436742
"2023-07-09",0.14765531818072
"2023-07-10",0.147541016340256
"2023-07-11",0.146520634492238
"2023-07-12",0.145253002643585
"2023-07-13",0.144228378931681
"2023-07-14",0.143289049466451
"2023-07-15",0.142573654651642
"2023-07-16",0.141587436199188
"2023-07-17",0.14068458477656
"2023-07-18",0.139936864376068
"2023-07-19",0.139527499675751
"2023-07-20",0.139503935972849
"2023-07-21",0.139220515886943
"2023-07-22",0.13852733373642
"2023-07-23",0.137846936782201
"2023-07-24",0.137485524018606
"2023-07-25",0.137201587359111
"2023-07-26",0.136945426464081
"2023-07-27",0.136723756790161
"2023-07-28",0.136477410793304
"2023-07-29",0.136160482962926
"2023-07-30",0.135848065217336
"2023-07-31",0.135418593883514
"2023-08-01",0.135597874720891
"2023-08-02",0.137596021095912
"2023-08-03",0.139332969983419
"2023-08-04",0.140088558197021
"2023-08-05",0.14052219192187
"2023-08-06",0.140173435211182
"2023-08-07",0.139062702655792
"2023-08-08",0.139186571041743
"2023-08-09",0.141253570715586
"2023-08-10",0.142322897911072
"2023-08-11",0.142884244521459
"2023-08-12",0.142363905906677
"2023-08-13",0.141571313142776
"2023-08-14",0.140664925177892
"2023-08-15",0.139642506837845
"2023-08-16",0.1387566725413
"2023-08-17",0.138299852609634
"2023-08-18",0.138346125682195
"2023-08-19",0.138196299473445
"2023-08-20",0.138390213251114
"2023-08-21",0.138549824555715
"2023-08-22",0.144617060820262
"2023-08-23",0.143199384212494
"2023-08-24",0.141665915648142
"2023-08-25",0.140888492266337
"2023-08-26",0.140217612187068
"2023-08-27",0.139277656873067
"2023-08-28",0.138269752264023
"2023-08-29",0.137431601683299
"2023-08-30",0.136658757925034
"2023-08-31",0.135839581489563
"2023-09-01",0.136867105960846
"2023-09-02",0.138884683450063
"2023-09-03",0.140416105588277
"2023-09-04",0.141801714897156
"2023-09-05",0.141150881846746
"2023-09-06",0.140306929747263
"2023-09-07",0.139666557312012
"2023-09-08",0.138851145903269
"2023-09-09",0.137987693150838
"2023-09-10",0.137709538141886
"2023-09-11",0.137077947457631
"2023-09-12",0.136996348698934
"2023-09-13",0.137156218290329
"2023-09-14",0.137389739354452
"2023-09-15",0.137503465016683
"2023-09-16",0.137361198663711
"2023-09-17",0.137390643358231
"2023-09-18",0.137367496887843
"2023-09-19",0.13720695177714
"2023-09-20",0.137010425329208
"2023-09-21",0.137476543585459
"2023-09-22",0.137816240390142
"2023-09-23",0.137527406215668
"2023-09-24",0.137067844470342
"2023-09-25",0.136524438858032
"2023-09-26",0.136234750350316
"2023-09-27",0.135993967453639
"2023-09-28",0.135655989249547
"2023-09-29",0.135455836852391
"2023-09-30",0.136257886886597
"2023-10-01",0.148062994082769
"2023-10-02",0.146728545427322
"2023-10-03",0.145468860864639
"2023-10-04",0.144077360630035
"2023-10-05",0.141925662755966
"2023-10-06",0.139712184667587
"2023-10-07",0.137834032376607
"2023-10-08",0.136637667814891
"2023-10-09",0.136733025312424
"2023-10-10",0.141127566496531
"2023-10-11",0.153023521105448
"2023-10-12",0.153028627236684
"2023-10-13",0.150574853022893
"2023-10-14",0.1489251156648
"2023-10-15",0.147535026073456
"2023-10-16",0.146297285954158
"2023-10-17",0.145633488893509
"2023-10-18",0.144803553819656
"2023-10-19",0.143189152081807
"2023-10-20",0.142053494850794
"2023-10-21",0.141858597596486
"2023-10-22",0.149837772051493
"2023-10-23",0.18820454676946
"2023-10-24",0.186856011549632
"2023-10-25",0.182824373245239
"2023-10-26",0.17880920569102
"2023-10-27",0.174185156822205
"2023-10-28",0.170424401760101
"2023-10-29",0.166306893030802
"2023-10-30",0.161563575267792
"2023-10-31",0.15860915184021
"2023-11-01",0.154481490453084
"2023-11-02",0.151831110318502
"2023-11-03",0.1494326988856
"2023-11-04",0.147517085075378
"2023-11-05",0.147033055623372
"2023-11-06",0.181295017401377
"2023-11-07",0.205144266287486
"2023-11-08",0.199714263280233
"2023-11-09",0.193159878253937
"2023-11-10",0.188192069530487
"2023-11-11",0.183144867420197
"2023-11-12",0.178097466627757
"2023-11-13",0.174666325251261
"2023-11-14",0.172680457433065
"2023-11-15",0.17020434141159
"2023-11-16",0.298970063527425
"2023-11-17",0.312256534894307
"2023-11-18",0.378862261772156
"2023-11-19",0.350723028182983
"2023-11-20",0.313449561595917
"2023-11-21",0.292432248592377
"2023-11-22",0.279107590516408
"2023-11-23",0.269264161586761
"2023-11-24",0.26126625140508
"2023-11-25",0.251699844996134
"2023-11-26",0.244666616121928
"2023-11-27",0.239662448565165
"2023-11-28",0.23470550775528
"2023-11-29",0.261258403460185
"2023-11-30",0.286134958267212
"2023-12-01",0.272856374581655
"2023-12-02",0.269127190113068
"2023-12-03",0.273905714352926
"2023-12-04",0.271865010261536
"2023-12-05",0.265651802221934
"2023-12-06",0.260996599992116
"2023-12-07",0.276806890964508
"2023-12-08",0.274924874305725
"2023-12-09",0.265048066775004
"2023-12-10",0.255269010861715
"2023-12-11",0.248137474060059
"2023-12-12",0.243007739384969
"2023-12-13",0.239885270595551
"2023-12-14",0.236131270726522
"2023-12-15",0.233207126458486
"2023-12-16",0.228683769702911
"2023-12-17",0.230532904465993
"2023-12-18",0.306737244129181
"2023-12-19",0.397971351941427
"2023-12-20",0.401470462481181
"2023-12-21",0.407031218210856
"2023-12-22",0.39062762260437
"2023-12-23",0.372664332389831
"2023-12-24",0.360854347546895
"2023-12-25",0.351098338762919
"2023-12-26",0.343769192695618
"2023-12-27",0.341625094413757
"2023-12-28",0.398362437884013
"2023-12-29",0.3934006690979
"2023-12-30",0.420616388320923
"2023-12-31",0.410553157329559
"2024-01-01",0.386070251464844
"2024-01-02",0.372575879096985
"2024-01-03",0.399101098378499
"2024-01-04",0.382133881251017
"2024-01-05",0.3685063123703
"2024-01-06",0.360396862030029
"2024-01-07",0.373040119806925
"2024-01-08",0.354915897051493
"2024-01-09",0.348013321558634
"2024-01-10",0.354416410128276
"2024-01-11",0.36543607711792
"2024-01-12",0.347460110982259
"2024-01-13",0.340569814046224
"2024-01-14",0.386545340220133
"2024-01-15",0.375158588091532
"2024-01-16",0.362618446350098
"2024-01-17",0.395908037821452
"2024-01-18",0.377492070198059
"2024-01-19",0.366090734799703
"2024-01-20",0.42130168279012
"2024-01-21",0.420090397198995
"2024-01-22",0.423558155695597
"2024-01-23",0.406473358472188
"2024-01-24",0.402621269226074
"2024-01-25",0.40776777267456
"2024-01-26",0.388915340105693
"2024-01-27",0.379100561141968
"2024-01-28",0.370460073153178
"2024-01-29",0.36223038037618
"2024-01-30",0.356397310892741
"2024-01-31",0.352748453617096
"2024-02-01",0.423608303070068
"2024-02-02",0.418448130289714
"2024-02-03",0.402514855066935
"2024-02-04",0.424147566159566
"2024-02-05",0.425481677055359
"2024-02-06",0.408805131912231
"2024-02-07",0.402536789576213
"2024-02-08",0.406636476516724
"2024-02-09",0.388015031814575
"2024-02-10",0.37624446551005
"2024-02-11",0.366306940714518
"2024-02-12",0.359939495722453
"2024-02-13",0.353579560915629
"2024-02-14",0.351166566212972
"2024-02-15",0.397204319636027
"2024-02-16",0.374043345451355
"2024-02-17",0.382686654726664
"2024-02-18",0.41713019212087
"2024-02-19",0.430204629898071
"2024-02-20",0.422427733739217
"2024-02-21",0.410005927085876
"2024-02-22",0.39118484656016
"2024-02-23",0.376633842786153
"2024-02-24",0.364332516988118
"2024-02-25",0.354392011960347
"2024-02-26",0.348840514818827
"2024-02-27",0.345163583755493
"2024-02-28",0.335050662358602
"2024-02-29",0.328372836112976
"2024-03-01",0.393477916717529
"2024-03-02",0.420767148335775
"2024-03-03",0.41336989402771
"2024-03-04",0.401234865188599
"2024-03-05",0.390995860099792
"2024-03-06",0.398743112881978
"2024-03-07",0.399760166803996
"2024-03-08",0.380376537640889
"2024-03-09",0.37002178033193
"2024-03-10",0.363494714101156
"2024-03-11",0.366943518320719
"2024-03-12",0.368517915407817
"2024-03-13",0.362508853276571
"2024-03-14",0.345972299575806
"2024-03-15",0.329182287057241
"2024-03-16",0.320708433787028
"2024-03-17",0.317417820294698
"2024-03-18",0.313129623730977
"2024-03-19",0.308535695075989
"2024-03-20",0.303468902905782
"2024-03-21",0.297878205776215
"2024-03-22",0.295569558938344
"2024-03-23",0.368689695994059
"2024-03-24",0.401655236879985
"2024-03-25",0.373458425203959
"2024-03-26",0.357753396034241
"2024-03-27",0.348514000574748
"2024-03-28",0.378428936004639
"2024-03-29",0.38210920492808
"2024-03-30",0.418146252632141
"2024-03-31",0.403429925441742
"2024-04-01",0.382017771402995
"2024-04-02",0.369646271069844
"2024-04-03",0.359822869300842
"2024-04-04",0.366365551948547
"2024-04-05",0.403872609138489
"2024-04-06",0.377838095029195
"2024-04-07",0.3612908522288
"2024-04-08",0.35170567035675
"2024-04-09",0.342550198237101
"2024-04-10",0.33518385887146
"2024-04-11",0.326465308666229
"2024-04-12",0.317750751972198
"2024-04-13",0.367177248001099
"2024-04-14",0.39998201529185
"2024-04-15",0.378407478332519
"2024-04-16",0.365760167439779
"2024-04-17",0.353998025258382
"2024-04-18",0.344177961349487
"2024-04-19",0.337331930796305
"2024-04-20",0.330699463685354
"2024-04-21",0.320916612943013
"2024-04-22",0.313827812671661
"2024-04-23",0.313697596391042
"2024-04-24",0.313001751899719
"2024-04-25",0.308649440606435
"2024-04-26",0.303118606408437
"2024-04-27",0.298425098260244
"2024-04-28",0.291167159875234
"2024-04-29",0.283410390218099
"2024-04-30",0.275876998901367
"2024-05-01",0.267576158046722
"2024-05-02",0.259275476137797
"2024-05-03",0.254114866256714
"2024-05-04",0.289926369984945
"2024-05-05",0.369502902030945
"2024-05-06",0.334412415822347
"2024-05-07",0.316222925980886
"2024-05-08",0.301044702529907
"2024-05-09",0.283038477102915
"2024-05-10",0.270818094412486
"2024-05-11",0.26302969455719
"2024-05-12",0.256469289461772
"2024-05-13",0.251691341400146
"2024-05-14",0.247227271397909
"2024-05-15",0.242502172787984
"2024-05-16",0.238624691963196
"2024-05-17",0.236445009708405
"2024-05-18",0.234912991523743
"2024-05-19",0.231592158476512
"2024-05-20",0.226287921269735
"2024-05-21",0.221203664938609
"2024-05-22",0.215778191884359
"2024-05-23",0.21151461203893
"2024-05-24",0.207020282745361
"2024-05-25",0.208246250947316
"2024-05-26",0.209297259648641
"2024-05-27",0.205327391624451
"2024-05-28",0.202216108640035
"2024-05-29",0.19829914967219
"2024-05-30",0.192878504594167
"2024-05-31",0.188700139522552
"2024-06-01",0.184898932774862
"2024-06-02",0.18323673804601
"2024-06-03",0.183601260185242
"2024-06-04",0.184055407842
"2024-06-05",0.178363760312398
"2024-06-06",0.173795938491821
"2024-06-07",0.171137094497681
"2024-06-08",0.1694642106692
"2024-06-09",0.167780617872874
"2024-06-10",0.1664626399676
"2024-06-11",0.16489984591802
"2024-06-12",0.162133733431498
"2024-06-13",0.161973774433136
"2024-06-14",0.161661724249522
"2024-06-15",0.159384508927663
"2024-06-16",0.157458633184433
"2024-06-17",0.155507266521454
"2024-06-18",0.153506020704905
"2024-06-19",0.15218718846639
"2024-06-20",0.151882072289785
"2024-06-21",0.151960492134094
"2024-06-22",0.151363293329875
"2024-06-23",0.149850815534592
"2024-06-24",0.148469090461731
"2024-06-25",0.147183448076248
"2024-06-26",0.146114706993103
"2024-06-27",0.145650506019592
"2024-06-28",0.145389020442963
"2024-06-29",0.1450082163016
"2024-06-30",0.144163370132446
"2024-07-01",0.143434762954712
"2024-07-02",0.142754773298899
"2024-07-03",0.14186684290568
"2024-07-04",0.140952279170354
"2024-07-05",0.140368014574051
"2024-07-06",0.139649331569672
"2024-07-07",0.139067848523458
"2024-07-08",0.138657798369725
"2024-07-09",0.138357679049174
"2024-07-10",0.138232251008352
"2024-07-11",0.137978335221608
"2024-07-12",0.137578248977661
"2024-07-13",0.137395868698756
"2024-07-14",0.137453675270081
"2024-07-15",0.137412250041962
"2024-07-16",0.137322237094243
"2024-07-17",0.137224078178406
"2024-07-18",0.137088775634766
"2024-07-19",0.136853714783986
"2024-07-20",0.136265675226847
"2024-07-21",0.136420240004857
"2024-07-22",0.136876980463664
"2024-07-23",0.136459410190582
"2024-07-24",0.135808368523916
"2024-07-25",0.135279089212418
"2024-07-26",0.134932974974314
"2024-07-27",0.135523815949758
"2024-07-28",0.136584023634593
"2024-07-29",0.136994024117788
"2024-07-30",0.137684494256973
"2024-07-31",0.137959241867065
"2024-08-01",0.138064255317052
"2024-08-02",0.137648433446884
"2024-08-03",0.137373884518941
"2024-08-04",0.136938373247782
"2024-08-05",0.136741727590561
"2024-08-06",0.136411647001902
"2024-08-07",0.13576869169871
"2024-08-08",0.135326027870178
"2024-08-09",0.1352898478508
"2024-08-10",0.135247021913528
"2024-08-11",0.135104169448217
"2024-08-12",0.135555277268092
"2024-08-13",0.135777115821838
"2024-08-14",0.135482480128606
"2024-08-15",0.135408023993174
"2024-08-16",0.135089953740438
"2024-08-17",0.135278423627218
"2024-08-18",0.137139598528544
"2024-08-19",0.136937846740087
"2024-08-20",0.136238912741343
"2024-08-21",0.135510365168253
"2024-08-22",0.135655800501505
"2024-08-23",0.136255860328674
"2024-08-24",0.137736658255259
"2024-08-25",0.137748380502065
"2024-08-26",0.13692374030749
"2024-08-27",0.136017243067423
"2024-08-28",0.135509381691615
"2024-08-29",0.135538736979167
"2024-08-30",0.135421951611837
"2024-08-31",0.135014235973358
"2024-09-01",0.134764969348907
"2024-09-02",0.134493112564087
"2024-09-03",0.13415723045667
"2024-09-04",0.133761664231618
"2024-09-05",0.133468965689341
"2024-09-06",0.132968991994858
"2024-09-07",0.132599045832952
"2024-09-08",0.132354031006495
"2024-09-09",0.132220476865768
"2024-09-10",0.132370154062907
"2024-09-11",0.132631291945775
"2024-09-12",0.13295966386795
"2024-09-13",0.132974038521449
"2024-09-14",0.13303350408872
"2024-09-15",0.133864104747772
"2024-09-16",0.137577613194784
"2024-09-17",0.143350183963776
"2024-09-18",0.14560596148173
"2024-09-19",0.15153232216835
"2024-09-20",0.150524914264679
"2024-09-21",0.149466782808304
"2024-09-22",0.147912164529165
"2024-09-23",0.146155407031377
"2024-09-24",0.144263724486033
"2024-09-25",0.143512666225433
"2024-09-26",0.143341302871704
"2024-09-27",0.142383635044098
"2024-09-28",0.141032755374908
"2024-09-29",0.140574296315511
"2024-09-30",0.140073955059052
"2024-10-01",0.13833471139272
"2024-10-02",0.136629164218903
"2024-10-03",0.134910444418589
"2024-10-04",0.133674244085948
"2024-10-05",0.132905602455139
"2024-10-06",0.13217689593633
"2024-10-07",0.131580193837484
"2024-10-08",0.131233026583989
"2024-10-09",0.131517807642619
"2024-10-10",0.131947755813599
"2024-10-11",0.131974339485168
"2024-10-12",0.132018744945526
"2024-10-13",0.134724746147792
"2024-10-14",0.137901077667872
"2024-10-15",0.1380422214667
"2024-10-16",0.138006428877513
"2024-10-17",0.13780677318573
"2024-10-18",0.137016028165817
"2024-10-19",0.135859131813049
"2024-10-20",0.134939461946487
"2024-10-21",0.134341190258662
"2024-10-22",0.134114414453506
"2024-10-23",0.133954962094625
"2024-10-24",0.13359072804451
"2024-10-25",0.133148938417435
"2024-10-26",0.132945418357849
"2024-10-27",0.133069197336833
"2024-10-28",0.133872419595718
"2024-10-29",0.134423712889353
"2024-10-30",0.134323139985402
"2024-10-31",0.134149193763733
"2024-11-01",0.145269453525543
"2024-11-02",0.188718716303507
"2024-11-03",0.203415195147196
"2024-11-04",0.195731143156687
"2024-11-05",0.188513954480489
"2024-11-06",0.182240764300028
"2024-11-07",0.175218284130096
"2024-11-08",0.170445819695791
"2024-11-09",0.166938543319702
"2024-11-10",0.16411210099856
"2024-11-11",0.186554173628489
"2024-11-12",0.256189147631327
"2024-11-13",0.2443621357282
"2024-11-14",0.24048767487208
"2024-11-15",0.239132245381673
"2024-11-16",0.229666074117025
"2024-11-17",0.221066534519196
"2024-11-18",0.225739220778147
"2024-11-19",0.218897024790446
"2024-11-20",0.21260412534078
"2024-11-21",0.216067969799042
"2024-11-22",0.239186426003774
"2024-11-23",0.354863405227661
"2024-11-24",0.334420363108317
"2024-11-25",0.35251518090566
"2024-11-26",0.380222717920939
"2024-11-27",0.356177012125651
"2024-11-28",0.337705691655477
"2024-11-29",0.325804630915324
"2024-11-30",0.318572044372559
"2024-12-01",0.307560741901398
"2024-12-02",0.301321109135946
"2024-12-03",0.29614382982254
"2024-12-04",0.291329165299733
"2024-12-05",0.286921699841817
"2024-12-06",0.282586971918742
"2024-12-07",0.277245740095774
"2024-12-08",0.273461282253265
"2024-12-09",0.268668830394745
"2024-12-10",0.261734406153361
"2024-12-11",0.255494892597198
"2024-12-12",0.31952162583669
"2024-12-13",0.36068324247996
"2024-12-14",0.393710136413574
"2024-12-15",0.400619864463806
"2024-12-16",0.389021992683411
"2024-12-17",0.400694410006205
"2024-12-18",0.378392696380615
"2024-12-19",0.363997101783752
"2024-12-20",0.35283354918162
"2024-12-21",0.349452058474223
"2024-12-22",0.375564972559611
"2024-12-23",0.370370348294576
"2024-12-24",0.395433108011881
"2024-12-25",0.38992432753245
"2024-12-26",0.373787800470988
"2024-12-27",0.407264987627665
"2024-12-28",0.395792722702026
"2024-12-29",0.393765886624654
"2024-12-30",0.392910639444987
"2024-12-31",0.379814326763153
"2025-01-01",0.361999710400899
"2025-01-02",0.353176275889079
"2025-01-03",0.356487075487773
"2025-01-04",0.378207325935364
"2025-01-05",0.361571431159973
"2025-01-06",0.351761023203532
"2025-01-07",0.346094727516174
"2025-01-08",0.334000945091248
"2025-01-09",0.326250831286112
"2025-01-10",0.319389243920644
"2025-01-11",0.314009149869283
"2025-01-12",0.30566410223643
"2025-01-13",0.300094803174337
"2025-01-14",0.295530796051025
"2025-01-15",0.292348702748617
"2025-01-16",0.289155642191569
"2025-01-17",0.286762734254201
"2025-01-18",0.286724845568339
"2025-01-19",0.284989992777506
"2025-01-20",0.283391753832499
"2025-01-21",0.277759432792664
"2025-01-22",0.271194616953532
"2025-01-23",0.264607568581899
"2025-01-24",0.258747518062591
"2025-01-25",0.258370200792948
"2025-01-26",0.264820098876953
"2025-01-27",0.261537770430247
"2025-01-28",0.257473131020864
"2025-01-29",0.255811472733815
"2025-01-30",0.25478591521581
"2025-01-31",0.253082275390625
"2025-02-01",0.308276176452637
"2025-02-02",0.383006652196248
"2025-02-03",0.373546361923218
"2025-02-04",0.401643991470337
"2025-02-05",0.40083102385203
"2025-02-06",0.396482904752096
"2025-02-07",0.41765296459198
"2025-02-08",0.393251975377401
"2025-02-09",0.37766953309377
"2025-02-10",0.366152167320251
"2025-02-11",0.358506838480631
"2025-02-12",0.373822013537089
"2025-02-13",0.417410612106323
"2025-02-14",0.414927204449971
"2025-02-15",0.393128593762716
"2025-02-16",0.381933887799581
"2025-02-17",0.374799410502116
"2025-02-18",0.367509285608927
"2025-02-19",0.361928025881449
"2025-02-20",0.36222517490387
"2025-02-21",0.352676630020142
"2025-02-22",0.343865871429443
"2025-02-23",0.337782462437948
"2025-02-24",0.334627548853556
"2025-02-25",0.332314411799113
"2025-02-26",0.32511564095815
"2025-02-27",0.316497365633647
"2025-02-28",0.308961808681488
"2025-03-01",0.307709872722626
"2025-03-02",0.320049603780111
"2025-03-03",0.328671038150787
"2025-03-04",0.318871041138967
"2025-03-05",0.337397615114848
"2025-03-06",0.374731063842773
"2025-03-07",0.358004411061605
"2025-03-08",0.340582927068075
"2025-03-09",0.330272853374481
"2025-03-10",0.323448876539866
"2025-03-11",0.318365554014842
"2025-03-12",0.331299503644307
"2025-03-13",0.414098421732585
"2025-03-14",0.408924619356791
"2025-03-15",0.404239018758138
"2025-03-16",0.385336319605509
"2025-03-17",0.41023063659668
"2025-03-18",0.403784434000651
"2025-03-19",0.382454911867778
"2025-03-20",0.373761534690857
"2025-03-21",0.363021850585938
"2025-03-22",0.355178634325663
"2025-03-23",0.350065628687541
"2025-03-24",0.342217326164246
"2025-03-25",0.330601890881856
"2025-03-26",0.326481739679972
"2025-03-27",0.341493487358093
"2025-03-28",0.354347189267476
"2025-03-29",0.342908501625061
"2025-03-30",0.361507455507914
"2025-03-31",0.387219488620758
"2025-04-01",0.386804779370626
"2025-04-02",0.393286466598511
"2025-04-03",0.368170777956645
"2025-04-04",0.357557892799377
"2025-04-05",0.346353610356649
"2025-04-06",0.337295214335124
"2025-04-07",0.330665310223897
"2025-04-08",0.32858681678772
"2025-04-09",0.320035457611084
"2025-04-10",0.311523616313934
"2025-04-11",0.305264294147491
"2025-04-12",0.299696723620097
"2025-04-13",0.294013977050781
"2025-04-14",0.287660519282023
"2025-04-15",0.28372993071874
"2025-04-16",0.281291445096334
"2025-04-17",0.279148161411285
"2025-04-18",0.278305470943451
"2025-04-19",0.274289170900981
"2025-04-20",0.269889295101166
"2025-04-21",0.264044284820557
"2025-04-22",0.259076178073883
"2025-04-23",0.256227930386861
"2025-04-24",0.254324813683828
"2025-04-25",0.252814610799154
"2025-04-26",0.254105051358541
"2025-04-27",0.261221448580424
"2025-04-28",0.266036252180735
"2025-04-29",0.258759419123332
"2025-04-30",0.252449572086334
"2025-05-01",0.246538837750753
"2025-05-02",0.241752902666728
"2025-05-03",0.23847226301829
"2025-05-04",0.236116747061412
"2025-05-05",0.230210820833842
"2025-05-06",0.221439520517985
"2025-05-07",0.220293958981832
"2025-05-08",0.218836307525635
"2025-05-09",0.213026285171509
"2025-05-10",0.205205996831258
"2025-05-11",0.199204305807749
"2025-05-12",0.203667183717092
"2025-05-13",0.215187807877858
"2025-05-14",0.212266842524211
"2025-05-15",0.207895894845327
"2025-05-16",0.202901641527812
"2025-05-17",0.199800928433736
"2025-05-18",0.198197106520335
"2025-05-19",0.193518459796905
"2025-05-20",0.189211348692576
"2025-05-21",0.185437619686127
"2025-05-22",0.181647221247355
"2025-05-23",0.179185688495636
"2025-05-24",0.17882760365804
"2025-05-25",0.178598483403524
"2025-05-26",0.177304009596507
"2025-05-27",0.176876962184906
"2025-05-28",0.175436973571777
"2025-05-29",0.173997163772583
"2025-05-30",0.171823382377625
"2025-05-31",0.168922364711761
"2025-06-01",0.165770719448725
"2025-06-02",0.164789070685705
"2025-06-03",0.163722654183706
"2025-06-04",0.162343432505926
"2025-06-05",0.162324210007985
"2025-06-06",0.163152615229289
"2025-06-07",0.161930720011393
"2025-06-08",0.160917401313782
"2025-06-09",0.160516450802485
"2025-06-10",0.160041431585948
"2025-06-11",0.159472574790319
"2025-06-12",0.158373365799586
"2025-06-13",0.157409816980362
"2025-06-14",0.156175623337428
"2025-06-15",0.154938499132792
"2025-06-16",0.153614858786265
"2025-06-17",0.152588625748952
"2025-06-18",0.151425947745641
"2025-06-19",0.150390495856603
"2025-06-20",0.150178571542104
"2025-06-21",0.149886985619863
"2025-06-22",0.148989299933116
"2025-06-23",0.148323953151703
"2025-06-24",0.148416916529338
"2025-06-25",0.148899475733439
"2025-06-26",0.14879576365153
"2025-06-27",0.14822115500768
"2025-06-28",0.147201855977376
"2025-06-29",0.146648009618123
"2025-06-30",0.145877182483673
"2025-07-01",0.145742058753967
"2025-07-02",0.145635823408763
"2025-07-03",0.145611743132273
"2025-07-04",0.145272930463155
"2025-07-05",0.144677191972732
"2025-07-06",0.144393622875214
"2025-07-07",0.144410133361816
"2025-07-08",0.144683122634888
"2025-07-09",0.144399891297022
"2025-07-10",0.143846412499746
"2025-07-11",0.143196572860082
"2025-07-12",0.143107304970423
"2025-07-13",0.143311897913615
"2025-07-14",0.142909775177638
"2025-07-15",0.1426060795784
"2025-07-16",0.143600732088089
"2025-07-17",0.144533425569534
"2025-07-18",0.144396622975667
"2025-07-19",0.144168535868327
"2025-07-20",0.144598931074142
"2025-07-21",0.145608146985372
"2025-07-22",0.147712886333465
"2025-07-23",0.148422221342723
"2025-07-24",0.148125112056732
"2025-07-25",0.14902858932813
"2025-07-26",0.150563319524129
"2025-07-27",0.150599837303162
"2025-07-28",0.149851282437642
"2025-07-29",0.148543477058411
"2025-07-30",0.147788643836975
"2025-07-31",0.14754056930542
"2025-08-01",0.148750225702922
"2025-08-02",0.149183054765065
"2025-08-03",0.148635963598887
"2025-08-04",0.147217363119125
"2025-08-05",0.145673116048177
"2025-08-06",0.144395341475805
"2025-08-07",0.143593072891235
"2025-08-08",0.143499453862508
"2025-08-09",0.142586340506871
"2025-08-10",0.141751229763031
"2025-08-11",0.141045649846395
"2025-08-12",0.140532573064168
"2025-08-13",0.140586992104848
"2025-08-14",0.141589919726054
"2025-08-15",0.142361630996068
"2025-08-16",0.146720111370087
"2025-08-17",0.154191752274831
"2025-08-18",0.152156472206116
"2025-08-19",0.149444897969564
"2025-08-20",0.147366841634115
"2025-08-21",0.145132998625437
"2025-08-22",0.143248756726583
"2025-08-23",0.141975025335948
"2025-08-24",0.141079703966776
"2025-08-25",0.140453269084295
"2025-08-26",0.13984955350558
"2025-08-27",0.139086822668711
"2025-08-28",0.138420244057973
"2025-08-29",0.137816538413366
"2025-08-30",0.137238621711731
"2025-08-31",0.136447072029114
"2025-09-01",0.135337183872859
"2025-09-02",0.134912182887395
"2025-09-03",0.135456770658493
"2025-09-04",0.135650714238485
"2025-09-05",0.135681470235189
"2025-09-06",0.135939568281174
"2025-09-07",0.135999113321304
"2025-09-08",0.135818233092626
"2025-09-09",0.140530049800873
"2025-09-10",0.149158666531245
"2025-09-11",0.154505292574565
"2025-09-12",0.153162936369578
"2025-09-13",0.151646892229716
"2025-09-14",0.150129695733388
"2025-09-15",0.148701608181
"2025-09-16",0.146740972995758
"2025-09-17",0.144922375679016
"2025-09-18",0.143404235442479
"2025-09-19",0.143422762552897
"2025-09-20",0.142376452684402
"2025-09-21",0.141384820143382
"2025-09-22",0.140491783618927
"2025-09-23",0.139529208342234
"2025-09-24",0.141556660334269
"2025-09-25",0.145084182421366
"2025-09-26",0.143926680088043
"2025-09-27",0.142976800600688
"2025-09-28",0.146895011266073
"2025-09-29",0.152462005615234
"2025-09-30",0.153168857097626
"2025-10-01",0.179914355278015
"2025-10-02",0.204795122146606
"2025-10-03",0.229803423086802
"2025-10-04",0.22148056825002
"2025-10-05",0.212962408860525
"2025-10-06",0.204701503117879
"2025-10-07",0.197199145952861
"2025-10-08",0.192603568236033
"2025-10-09",0.190406302611033
"2025-10-10",0.186397174994151
"2025-10-11",0.181725104649862
"2025-10-12",0.176977475484212
"2025-10-13",0.179591655731201
"2025-10-14",0.346498966217041
"2025-10-15",0.305990656216939
"2025-10-16",0.285108168919881
"2025-10-17",0.270386974016825
"2025-10-18",0.257814089457194
"2025-10-19",0.247307678063711
"2025-10-20",0.239326159159342
"2025-10-21",0.231256127357483
"2025-10-22",0.227799574534098
"2025-10-23",0.225340366363525
"2025-10-24",0.220335404078166
"2025-10-25",0.217495580514272
"2025-10-26",0.22291366259257
"2025-10-27",0.233818968137105
"2025-10-28",0.227256079514821
"2025-10-29",0.217528025309245
"2025-10-30",0.209743161996206
"2025-10-31",0.20672595500946
"2025-11-01",0.202782789866129
"2025-11-02",0.199644804000854
"2025-11-03",0.196508089701335
"2025-11-04",0.193671385447184
"2025-11-05",0.21149730682373
"2025-11-06",0.276483873526255
"2025-11-07",0.266541461149851
"2025-11-08",0.257012665271759
"2025-11-09",0.245222846666972
"2025-11-10",0.234715779622396
"2025-11-11",0.227626244227091
"2025-11-12",0.226423760255178
"2025-11-13",0.296309947967529
"2025-11-14",0.377177357673645
"2025-11-15",0.355243802070618
"2025-11-16",0.409140626589457
"2025-11-17",0.416524926821391
"2025-11-18",0.405889868736267
"2025-11-19",0.383550961812337
"2025-11-20",0.386717120806376
"2025-11-21",0.381428678830465
"2025-11-22",0.365214586257935
"2025-11-23",0.354771773020426
"2025-11-24",0.346702814102173
"2025-11-25",0.339169025421143
"2025-11-26",0.330772558848063
"2025-11-27",0.322333216667175
"2025-11-28",0.315796256065369
"2025-11-29",0.31131237745285
"2025-11-30",0.306964933872223
"2025-12-01",0.303710877895355
"2025-12-02",0.299229403336843
"2025-12-03",0.295228064060211
"2025-12-04",0.290898144245148
"2025-12-05",0.286905785401662
"2025-12-06",0.282873372236888
"2025-12-07",0.279754996299744
"2025-12-08",0.276522437731425
"2025-12-09",0.273097097873688
"2025-12-10",0.269700805346171
"2025-12-11",0.265877246856689
"2025-12-12",0.261949817339579
"2025-12-13",0.25906111796697
"2025-12-14",0.258081952730815
"2025-12-15",0.257341245810191
"2025-12-16",0.254861493905385
"2025-12-17",0.254946271578471
"2025-12-18",0.257669846216838
"2025-12-19",0.255910634994507
"2025-12-20",0.272924741109212
"2025-12-21",0.344057162602742
"2025-12-22",0.380622665087382
"2025-12-23",0.369071801503499
"2025-12-24",0.382973591486613
"2025-12-25",0.419267892837524
"2025-12-26",0.415132125218709
"2025-12-27",0.395825028419495
"2025-12-28",0.378447731335958
"2025-12-29",0.365753928820292
"2025-12-30",0.356122573216756
"2025-12-31",0.351122856140137
"2026-01-01",0.424612522125244
"2026-01-02",0.415871342023214
"2026-01-03",0.418440143267314
"2026-01-04",0.423183043797811
"2026-01-05",0.420581420262655
"2026-01-06",0.4263676404953
"2026-01-07",0.400284290313721
"2026-01-08",0.38811445236206
"2026-01-09",0.375636061032613
"2026-01-10",0.367856383323669
"2026-01-11",0.361156304677327
"2026-01-12",0.354525089263916
"2026-01-13",0.348515113194784
"2026-01-14",0.342365105946859
"2026-01-15",0.337011535962423
"2026-01-16",0.332941353321075
"2026-01-17",0.328342835108439
"2026-01-18",0.323387940724691
"2026-01-19",0.319183965524038
"2026-01-20",0.315271635850271
"2026-01-21",0.314228812853495
"2026-01-22",0.31391574939092
"2026-01-23",0.312175909678141
"2026-01-24",0.310348351796468
"2026-01-25",0.30584724744161
"2026-01-26",0.303248246510823
"2026-01-27",0.30095628897349
"2026-01-28",0.300081113974253
"2026-01-29",0.297872960567474
"2026-01-30",0.293047686417898
"2026-01-31",0.288577735424042
"2026-02-01",0.285079677899678
"2026-02-02",0.282423118750254
"2026-02-03",0.278804779052734
"2026-02-04",0.273693223794301
"2026-02-05",0.267931640148163
"2026-02-06",0.264291087786357
"2026-02-07",0.262765328089396
"2026-02-08",0.261228462060292
"2026-02-09",0.259539266427358
"2026-02-10",0.259718815485636
"2026-02-11",0.40877906481425
"2026-02-12",0.414109269777934
"2026-02-13",0.386023283004761
"2026-02-14",0.374549627304077
"2026-02-15",0.383028785387675
"2026-02-16",0.428287704785665
"2026-02-17",0.41823673248291
"2026-02-18",0.4190354347229
"2026-02-19",0.419599135716756
"2026-02-20",0.406137180328369
