"Date","PRCP_mm"
"1987-05-29",0
"1987-05-30",0
"1987-05-31",0
"1987-06-01",0
"1987-06-02",0
"1987-06-03",0
"1987-06-04",0
"1987-06-05",0
"1987-06-06",0
"1987-06-07",0
"1987-06-08",0
"1987-06-09",0
"1987-06-10",0
"1987-06-11",0.103000000119209
"1987-06-12",0
"1987-06-13",0
"1987-06-14",0.103000000119209
"1987-06-15",0.810999989509583
"1987-06-16",0
"1987-06-17",0
"1987-06-18",0
"1987-06-19",0
"1987-06-20",0
"1987-06-21",0
"1987-06-22",0
"1987-06-23",0
"1987-06-24",0
"1987-06-25",0
"1987-06-26",0
"1987-06-27",0
"1987-06-28",0
"1987-06-29",0
"1987-06-30",0
"1987-07-01",0
"1987-07-02",0
"1987-07-03",0
"1987-07-04",0
"1987-07-05",0
"1987-07-06",0
"1987-07-07",0
"1987-07-08",0
"1987-07-09",0
"1987-07-10",0
"1987-07-11",0.0120000001043081
"1987-07-12",0
"1987-07-13",0
"1987-07-14",0
"1987-07-15",0
"1987-07-16",0
"1987-07-17",0
"1987-07-18",0
"1987-07-19",0
"1987-07-20",0
"1987-07-21",0
"1987-07-22",0
"1987-07-23",0
"1987-07-24",0
"1987-07-25",0
"1987-07-26",0
"1987-07-27",0
"1987-07-28",0
"1987-07-29",0
"1987-07-30",0
"1987-07-31",0
"1987-08-01",0
"1987-08-02",0
"1987-08-03",0
"1987-08-04",0
"1987-08-05",0
"1987-08-06",0
"1987-08-07",0
"1987-08-08",0
"1987-08-09",0
"1987-08-10",0
"1987-08-11",0
"1987-08-12",0
"1987-08-13",0
"1987-08-14",0
"1987-08-15",0
"1987-08-16",0
"1987-08-17",0
"1987-08-18",0
"1987-08-19",0
"1987-08-20",0
"1987-08-21",0
"1987-08-22",0
"1987-08-23",0
"1987-08-24",0
"1987-08-25",0
"1987-08-26",0
"1987-08-27",0
"1987-08-28",0
"1987-08-29",0
"1987-08-30",0
"1987-08-31",0
"1987-09-01",0
"1987-09-02",0
"1987-09-03",0
"1987-09-04",0
"1987-09-05",0
"1987-09-06",0
"1987-09-07",0
"1987-09-08",0
"1987-09-09",0
"1987-09-10",0
"1987-09-11",0
"1987-09-12",0
"1987-09-13",0
"1987-09-14",0
"1987-09-15",0
"1987-09-16",0
"1987-09-17",0
"1987-09-18",0
"1987-09-19",0
"1987-09-20",0
"1987-09-21",0
"1987-09-22",0
"1987-09-23",0
"1987-09-24",0
"1987-09-25",0
"1987-09-26",0
"1987-09-27",0
"1987-09-28",0
"1987-09-29",0
"1987-09-30",0
"1987-10-01",0
"1987-10-02",0
"1987-10-03",0
"1987-10-04",0
"1987-10-05",0
"1987-10-06",0
"1987-10-07",0
"1987-10-08",0
"1987-10-09",0
"1987-10-10",0
"1987-10-11",0
"1987-10-12",0
"1987-10-13",0
"1987-10-14",0
"1987-10-15",0
"1987-10-16",0
"1987-10-17",0
"1987-10-18",0
"1987-10-19",0
"1987-10-20",0
"1987-10-21",0
"1987-10-22",0
"1987-10-23",3.11199998855591
"1987-10-24",13.7910003662109
"1987-10-25",0
"1987-10-26",0
"1987-10-27",0
"1987-10-28",21.6730003356934
"1987-10-29",3.95600008964539
"1987-10-30",0
"1987-10-31",0
"1987-11-01",0.45100000500679
"1987-11-02",0
"1987-11-03",1.26199996471405
"1987-11-04",0.112999998033047
"1987-11-05",1.6599999666214
"1987-11-06",0.619000017642975
"1987-11-07",0
"1987-11-08",0
"1987-11-09",0.657000005245209
"1987-11-10",0
"1987-11-11",0
"1987-11-12",0
"1987-11-13",13.1309995651245
"1987-11-14",2.88800001144409
"1987-11-15",0
"1987-11-16",0
"1987-11-17",22.503999710083
"1987-11-18",16.3519992828369
"1987-11-19",0.428999990224838
"1987-11-20",0
"1987-11-21",18.8059997558594
"1987-11-22",0
"1987-11-23",0
"1987-11-24",0
"1987-11-25",0
"1987-11-26",0
"1987-11-27",0
"1987-11-28",0
"1987-11-29",0
"1987-11-30",6.86800003051758
"1987-12-01",21.6299991607666
"1987-12-02",19.0520000457764
"1987-12-03",7.04199981689453
"1987-12-04",0.416000008583069
"1987-12-05",44.173999786377
"1987-12-06",40.4169998168945
"1987-12-07",61.2060012817383
"1987-12-08",34.4720001220703
"1987-12-09",9.64500045776367
"1987-12-10",15.1020002365112
"1987-12-11",0.0010000000474974
"1987-12-12",0
"1987-12-13",0
"1987-12-14",0
"1987-12-15",0.563000023365021
"1987-12-16",21.7169990539551
"1987-12-17",9.66199970245361
"1987-12-18",0
"1987-12-19",0
"1987-12-20",0
"1987-12-21",0
"1987-12-22",3.39800000190735
"1987-12-23",0
"1987-12-24",0
"1987-12-25",0
"1987-12-26",0
"1987-12-27",2.78699994087219
"1987-12-28",46.6910018920898
"1987-12-29",20.7140007019043
"1987-12-30",7.98799991607666
"1987-12-31",0
"1988-01-01",0
"1988-01-02",1.06099998950958
"1988-01-03",10.4250001907349
"1988-01-04",12.375
"1988-01-05",8.70300006866455
"1988-01-06",0
"1988-01-07",2.91400003433228
"1988-01-08",4.43400001525879
"1988-01-09",0.127000004053116
"1988-01-10",3.07100009918213
"1988-01-11",6.40500020980835
"1988-01-12",0
"1988-01-13",0
"1988-01-14",0
"1988-01-15",16.5310001373291
"1988-01-16",9.50100040435791
"1988-01-17",30.378999710083
"1988-01-18",21.5109996795654
"1988-01-19",0.0010000000474974
"1988-01-20",0
"1988-01-21",0
"1988-01-22",0
"1988-01-23",0
"1988-01-24",0
"1988-01-25",0
"1988-01-26",0
"1988-01-27",0
"1988-01-28",0
"1988-01-29",4.45900011062622
"1988-01-30",8.32400035858154
"1988-01-31",0.708000004291534
"1988-02-01",0
"1988-02-02",0
"1988-02-03",0
"1988-02-04",0
"1988-02-05",0
"1988-02-06",0
"1988-02-07",0
"1988-02-08",0
"1988-02-09",0
"1988-02-10",0
"1988-02-11",0
"1988-02-12",0
"1988-02-13",0
"1988-02-14",0
"1988-02-15",0
"1988-02-16",0
"1988-02-17",0
"1988-02-18",0
"1988-02-19",0
"1988-02-20",0
"1988-02-21",0
"1988-02-22",0
"1988-02-23",0
"1988-02-24",0
"1988-02-25",0
"1988-02-26",0
"1988-02-27",0.467000007629395
"1988-02-28",13.456000328064
"1988-02-29",4.30200004577637
"1988-03-01",3.28900003433228
"1988-03-02",0.497000008821487
"1988-03-03",0
"1988-03-04",0
"1988-03-05",0
"1988-03-06",0
"1988-03-07",0
"1988-03-08",0
"1988-03-09",0
"1988-03-10",0
"1988-03-11",0
"1988-03-12",0
"1988-03-13",0
"1988-03-14",0
"1988-03-15",0
"1988-03-16",0
"1988-03-17",0
"1988-03-18",0
"1988-03-19",0
"1988-03-20",0
"1988-03-21",0
"1988-03-22",0
"1988-03-23",0
"1988-03-24",0
"1988-03-25",0
"1988-03-26",0
"1988-03-27",0
"1988-03-28",0
"1988-03-29",0
"1988-03-30",0
"1988-03-31",0
"1988-04-01",0
"1988-04-02",0
"1988-04-03",0
"1988-04-04",0
"1988-04-05",0
"1988-04-06",0
"1988-04-07",0
"1988-04-08",0
"1988-04-09",0
"1988-04-10",0
"1988-04-11",0
"1988-04-12",0
"1988-04-13",0
"1988-04-14",3.69300007820129
"1988-04-15",4.70100021362305
"1988-04-16",0
"1988-04-17",0
"1988-04-18",6.78299999237061
"1988-04-19",39.8050003051758
"1988-04-20",22.3770008087158
"1988-04-21",9.10900020599365
"1988-04-22",0.300999999046326
"1988-04-23",27.996000289917
"1988-04-24",4.37099981307983
"1988-04-25",0
"1988-04-26",0
"1988-04-27",0
"1988-04-28",0.448000013828278
"1988-04-29",1.06500005722046
"1988-04-30",0.99099999666214
"1988-05-01",0
"1988-05-02",0
"1988-05-03",0
"1988-05-04",0
"1988-05-05",0
"1988-05-06",3.17300009727478
"1988-05-07",9.27299976348877
"1988-05-08",10.8290004730225
"1988-05-09",0.340000003576279
"1988-05-10",0
"1988-05-11",0
"1988-05-12",0
"1988-05-13",0
"1988-05-14",0
"1988-05-15",0
"1988-05-16",0
"1988-05-17",4.93499994277954
"1988-05-18",0
"1988-05-19",0
"1988-05-20",0
"1988-05-21",0
"1988-05-22",0
"1988-05-23",0
"1988-05-24",0
"1988-05-25",0
"1988-05-26",0
"1988-05-27",0
"1988-05-28",0.725000023841858
"1988-05-29",1.33000004291534
"1988-05-30",0
"1988-05-31",0
"1988-06-01",0
"1988-06-02",0
"1988-06-03",0
"1988-06-04",0
"1988-06-05",0
"1988-06-06",0
"1988-06-07",1.57599997520447
"1988-06-08",0
"1988-06-09",0
"1988-06-10",0
"1988-06-11",0
"1988-06-12",0
"1988-06-13",0
"1988-06-14",0
"1988-06-15",0
"1988-06-16",0
"1988-06-17",0
"1988-06-18",0
"1988-06-19",0
"1988-06-20",0
"1988-06-21",0
"1988-06-22",0
"1988-06-23",0
"1988-06-24",0
"1988-06-25",0
"1988-06-26",0
"1988-06-27",0
"1988-06-28",0
"1988-06-29",0
"1988-06-30",0
"1988-07-01",0
"1988-07-02",0
"1988-07-03",0
"1988-07-04",0
"1988-07-05",0
"1988-07-06",0
"1988-07-07",0
"1988-07-08",0
"1988-07-09",0
"1988-07-10",0
"1988-07-11",0
"1988-07-12",0
"1988-07-13",0
"1988-07-14",0
"1988-07-15",0
"1988-07-16",0
"1988-07-17",0
"1988-07-18",0
"1988-07-19",0
"1988-07-20",0
"1988-07-21",0
"1988-07-22",0
"1988-07-23",0
"1988-07-24",0
"1988-07-25",0
"1988-07-26",0
"1988-07-27",0
"1988-07-28",0
"1988-07-29",0
"1988-07-30",0
"1988-07-31",0.0010000000474974
"1988-08-01",0
"1988-08-02",0
"1988-08-03",0
"1988-08-04",0
"1988-08-05",0
"1988-08-06",0
"1988-08-07",0
"1988-08-08",0
"1988-08-09",0
"1988-08-10",0
"1988-08-11",0
"1988-08-12",0
"1988-08-13",0
"1988-08-14",0
"1988-08-15",0
"1988-08-16",0
"1988-08-17",0
"1988-08-18",0
"1988-08-19",0
"1988-08-20",0
"1988-08-21",0
"1988-08-22",0
"1988-08-23",0
"1988-08-24",0
"1988-08-25",0
"1988-08-26",0
"1988-08-27",0
"1988-08-28",0
"1988-08-29",0
"1988-08-30",0
"1988-08-31",0
"1988-09-01",0
"1988-09-02",0
"1988-09-03",0
"1988-09-04",0
"1988-09-05",0
"1988-09-06",0
"1988-09-07",0
"1988-09-08",0
"1988-09-09",0
"1988-09-10",0
"1988-09-11",0
"1988-09-12",0
"1988-09-13",0
"1988-09-14",0
"1988-09-15",0
"1988-09-16",0
"1988-09-17",0
"1988-09-18",0
"1988-09-19",0
"1988-09-20",0
"1988-09-21",0
"1988-09-22",0
"1988-09-23",0
"1988-09-24",0.144999995827675
"1988-09-25",0
"1988-09-26",0
"1988-09-27",0
"1988-09-28",0
"1988-09-29",0
"1988-09-30",0
"1988-10-01",0
"1988-10-02",0
"1988-10-03",0
"1988-10-04",0
"1988-10-05",0
"1988-10-06",0.368999987840652
"1988-10-07",0
"1988-10-08",0
"1988-10-09",0
"1988-10-10",0
"1988-10-11",0
"1988-10-12",0
"1988-10-13",0
"1988-10-14",7.24300003051758
"1988-10-15",0.75
"1988-10-16",0
"1988-10-17",0
"1988-10-18",0
"1988-10-19",0
"1988-10-20",0
"1988-10-21",0
"1988-10-22",0
"1988-10-23",0
"1988-10-24",0
"1988-10-25",0
"1988-10-26",0
"1988-10-27",0
"1988-10-28",0
"1988-10-29",0
"1988-10-30",0
"1988-10-31",0
"1988-11-01",4.05200004577637
"1988-11-02",2.79900002479553
"1988-11-03",0.400999993085861
"1988-11-04",0
"1988-11-05",0
"1988-11-06",0.0040000001899898
"1988-11-07",0
"1988-11-08",0
"1988-11-09",0
"1988-11-10",4.14699983596802
"1988-11-11",20.3239994049072
"1988-11-12",0
"1988-11-13",3.11999988555908
"1988-11-14",20.6550006866455
"1988-11-15",2.98300004005432
"1988-11-16",6.84200000762939
"1988-11-17",12.4840002059937
"1988-11-18",0
"1988-11-19",0
"1988-11-20",0
"1988-11-21",0
"1988-11-22",9.81900024414062
"1988-11-23",51.1059989929199
"1988-11-24",19.2660007476807
"1988-11-25",24.9790000915527
"1988-11-26",2.01799988746643
"1988-11-27",0
"1988-11-28",0
"1988-11-29",0
"1988-11-30",0
"1988-12-01",0
"1988-12-02",0
"1988-12-03",0
"1988-12-04",0
"1988-12-05",0
"1988-12-06",0
"1988-12-07",0
"1988-12-08",0
"1988-12-09",0
"1988-12-10",0
"1988-12-11",0
"1988-12-12",0
"1988-12-13",0
"1988-12-14",0
"1988-12-15",0
"1988-12-16",2.51900005340576
"1988-12-17",0.193000003695488
"1988-12-18",0
"1988-12-19",0.006000000052154
"1988-12-20",8.21599960327148
"1988-12-21",40.9039993286133
"1988-12-22",19.8549995422363
"1988-12-23",27.1110000610352
"1988-12-24",45.9710006713867
"1988-12-25",46.1510009765625
"1988-12-26",2.1159999370575
"1988-12-27",0.953999996185303
"1988-12-28",8.03999996185303
"1988-12-29",0
"1988-12-30",0
"1988-12-31",26.5149993896484
"1989-01-01",1.14600002765656
"1989-01-02",0
"1989-01-03",0
"1989-01-04",0
"1989-01-05",13.3489999771118
"1989-01-06",3.5460000038147
"1989-01-07",4.1710000038147
"1989-01-08",0
"1989-01-09",2.03699994087219
"1989-01-10",0
"1989-01-11",1.60399997234344
"1989-01-12",0
"1989-01-13",0
"1989-01-14",0
"1989-01-15",0
"1989-01-16",0
"1989-01-17",0
"1989-01-18",0
"1989-01-19",0
"1989-01-20",0
"1989-01-21",0
"1989-01-22",0
"1989-01-23",13.0970001220703
"1989-01-24",5.11100006103516
"1989-01-25",0
"1989-01-26",0
"1989-01-27",0
"1989-01-28",0
"1989-01-29",0
"1989-01-30",0
"1989-01-31",0
"1989-02-01",0
"1989-02-02",3.96900010108948
"1989-02-03",11.0699996948242
"1989-02-04",8.4680004119873
"1989-02-05",2.54800009727478
"1989-02-06",0
"1989-02-07",0
"1989-02-08",0
"1989-02-09",27.246000289917
"1989-02-10",0.805999994277954
"1989-02-11",0
"1989-02-12",0
"1989-02-13",1.63900005817413
"1989-02-14",0
"1989-02-15",0
"1989-02-16",0
"1989-02-17",0
"1989-02-18",0
"1989-02-19",7.1399998664856
"1989-02-20",0.646000027656555
"1989-02-21",0
"1989-02-22",0
"1989-02-23",0
"1989-02-24",0
"1989-02-25",0
"1989-02-26",0
"1989-02-27",0
"1989-02-28",0
"1989-03-01",0
"1989-03-02",37.4389991760254
"1989-03-03",22.7339992523193
"1989-03-04",0.635999977588654
"1989-03-05",4.27699995040894
"1989-03-06",6.39400005340576
"1989-03-07",3.01300001144409
"1989-03-08",13.1049995422363
"1989-03-09",5.8270001411438
"1989-03-10",17.0179996490479
"1989-03-11",69.6640014648438
"1989-03-12",9.69999980926514
"1989-03-13",1.46200001239777
"1989-03-14",0.291000008583069
"1989-03-15",0
"1989-03-16",18.6979999542236
"1989-03-17",3.58500003814697
"1989-03-18",0
"1989-03-19",8.69999980926514
"1989-03-20",0.996999979019165
"1989-03-21",0
"1989-03-22",0
"1989-03-23",0
"1989-03-24",34.2589988708496
"1989-03-25",30.3619995117188
"1989-03-26",3.37599992752075
"1989-03-27",0
"1989-03-28",0.0970000028610229
"1989-03-29",0
"1989-03-30",0
"1989-03-31",0
"1989-04-01",0
"1989-04-02",0.663999974727631
"1989-04-03",0
"1989-04-04",0
"1989-04-05",0
"1989-04-06",0
"1989-04-07",0
"1989-04-08",0
"1989-04-09",0
"1989-04-10",0
"1989-04-11",0
"1989-04-12",0
"1989-04-13",0.437999993562698
"1989-04-14",0
"1989-04-15",0
"1989-04-16",0
"1989-04-17",0
"1989-04-18",0
"1989-04-19",0
"1989-04-20",0
"1989-04-21",4.9689998626709
"1989-04-22",0.52700001001358
"1989-04-23",6.92799997329712
"1989-04-24",4.70100021362305
"1989-04-25",11.4790000915527
"1989-04-26",1.8289999961853
"1989-04-27",0
"1989-04-28",0
"1989-04-29",0
"1989-04-30",0.695999979972839
"1989-05-01",0
"1989-05-02",0
"1989-05-03",0
"1989-05-04",0
"1989-05-05",0
"1989-05-06",0
"1989-05-07",0
"1989-05-08",0
"1989-05-09",0
"1989-05-10",0
"1989-05-11",1.72000002861023
"1989-05-12",0
"1989-05-13",0
"1989-05-14",0
"1989-05-15",0
"1989-05-16",0
"1989-05-17",0.216999992728233
"1989-05-18",0
"1989-05-19",0
"1989-05-20",0
"1989-05-21",0
"1989-05-22",0
"1989-05-23",1.81299996376038
"1989-05-24",0
"1989-05-25",0
"1989-05-26",0
"1989-05-27",0
"1989-05-28",0
"1989-05-29",0
"1989-05-30",0
"1989-05-31",0
"1989-06-01",0
"1989-06-02",0
"1989-06-03",0.165000006556511
"1989-06-04",0.657000005245209
"1989-06-05",0
"1989-06-06",0
"1989-06-07",0
"1989-06-08",0
"1989-06-09",0
"1989-06-10",0
"1989-06-11",0
"1989-06-12",0
"1989-06-13",0
"1989-06-14",0
"1989-06-15",0
"1989-06-16",0
"1989-06-17",0
"1989-06-18",0
"1989-06-19",0
"1989-06-20",0
"1989-06-21",0
"1989-06-22",0
"1989-06-23",0
"1989-06-24",0
"1989-06-25",0
"1989-06-26",0
"1989-06-27",0
"1989-06-28",0
"1989-06-29",0
"1989-06-30",0
"1989-07-01",0
"1989-07-02",0
"1989-07-03",0
"1989-07-04",0
"1989-07-05",0
"1989-07-06",0
"1989-07-07",0
"1989-07-08",0
"1989-07-09",0
"1989-07-10",0
"1989-07-11",0
"1989-07-12",0
"1989-07-13",0
"1989-07-14",0
"1989-07-15",0
"1989-07-16",0
"1989-07-17",0
"1989-07-18",0
"1989-07-19",0
"1989-07-20",0
"1989-07-21",0
"1989-07-22",0
"1989-07-23",0
"1989-07-24",0
"1989-07-25",0
"1989-07-26",0
"1989-07-27",0
"1989-07-28",0
"1989-07-29",0
"1989-07-30",0
"1989-07-31",0
"1989-08-01",0
"1989-08-02",0
"1989-08-03",0
"1989-08-04",0
"1989-08-05",0
"1989-08-06",0
"1989-08-07",0
"1989-08-08",0
"1989-08-09",0
"1989-08-10",0
"1989-08-11",0
"1989-08-12",0
"1989-08-13",0
"1989-08-14",0
"1989-08-15",0
"1989-08-16",0.0719999969005585
"1989-08-17",1.23399996757507
"1989-08-18",0
"1989-08-19",0
"1989-08-20",0.0719999969005585
"1989-08-21",0
"1989-08-22",0
"1989-08-23",0
"1989-08-24",0
"1989-08-25",0
"1989-08-26",0
"1989-08-27",0
"1989-08-28",0
"1989-08-29",0
"1989-08-30",0
"1989-08-31",0
"1989-09-01",0
"1989-09-02",0
"1989-09-03",0
"1989-09-04",0
"1989-09-05",0
"1989-09-06",0
"1989-09-07",0
"1989-09-08",0
"1989-09-09",0
"1989-09-10",0
"1989-09-11",0
"1989-09-12",0
"1989-09-13",0
"1989-09-14",0
"1989-09-15",0
"1989-09-16",1.05999994277954
"1989-09-17",10.9860000610352
"1989-09-18",12.1870002746582
"1989-09-19",4.68200016021729
"1989-09-20",0
"1989-09-21",0
"1989-09-22",0
"1989-09-23",0
"1989-09-24",0
"1989-09-25",0
"1989-09-26",0
"1989-09-27",0
"1989-09-28",0
"1989-09-29",1.92700004577637
"1989-09-30",0.625
"1989-10-01",0
"1989-10-02",0
"1989-10-03",0
"1989-10-04",0
"1989-10-05",0
"1989-10-06",0
"1989-10-07",0
"1989-10-08",0
"1989-10-09",0
"1989-10-10",0
"1989-10-11",0
"1989-10-12",0.508000016212463
"1989-10-13",0
"1989-10-14",0
"1989-10-15",0
"1989-10-16",0
"1989-10-17",0
"1989-10-18",0
"1989-10-19",0
"1989-10-20",0
"1989-10-21",4.90399980545044
"1989-10-22",23.0779991149902
"1989-10-23",21.4519996643066
"1989-10-24",60.7760009765625
"1989-10-25",6.99300003051758
"1989-10-26",0
"1989-10-27",0
"1989-10-28",0
"1989-10-29",0
"1989-10-30",0
"1989-10-31",0
"1989-11-01",0
"1989-11-02",0
"1989-11-03",0
"1989-11-04",0
"1989-11-05",0
"1989-11-06",0
"1989-11-07",0
"1989-11-08",0
"1989-11-09",0
"1989-11-10",0
"1989-11-11",0
"1989-11-12",0
"1989-11-13",0
"1989-11-14",0
"1989-11-15",0
"1989-11-16",0
"1989-11-17",0
"1989-11-18",0
"1989-11-19",0
"1989-11-20",0
"1989-11-21",0
"1989-11-22",0
"1989-11-23",0
"1989-11-24",5.31300020217896
"1989-11-25",0
"1989-11-26",55.1559982299805
"1989-11-27",0
"1989-11-28",0
"1989-11-29",0
"1989-11-30",0
"1989-12-01",0
"1989-12-02",0
"1989-12-03",0
"1989-12-04",0
"1989-12-05",0
"1989-12-06",0
"1989-12-07",0
"1989-12-08",0
"1989-12-09",0
"1989-12-10",0
"1989-12-11",0
"1989-12-12",0
"1989-12-13",0
"1989-12-14",0
"1989-12-15",0
"1989-12-16",0
"1989-12-17",0
"1989-12-18",0
"1989-12-19",0
"1989-12-20",0
"1989-12-21",0
"1989-12-22",0
"1989-12-23",0
"1989-12-24",0
"1989-12-25",0
"1989-12-26",0
"1989-12-27",0
"1989-12-28",4.26399993896484
"1989-12-29",0
"1989-12-30",0
"1989-12-31",0
"1990-01-01",0
"1990-01-02",15.5030002593994
"1990-01-03",0
"1990-01-04",0
"1990-01-05",0
"1990-01-06",0
"1990-01-07",0.412000000476837
"1990-01-08",3.17899990081787
"1990-01-09",0
"1990-01-10",0
"1990-01-11",0
"1990-01-12",4.30299997329712
"1990-01-13",30.7089996337891
"1990-01-14",39.9990005493164
"1990-01-15",15.0790004730225
"1990-01-16",6.89200019836426
"1990-01-17",2.82100009918213
"1990-01-18",0.819999992847443
"1990-01-19",0
"1990-01-20",0
"1990-01-21",0
"1990-01-22",0
"1990-01-23",0
"1990-01-24",0
"1990-01-25",0
"1990-01-26",0
"1990-01-27",0
"1990-01-28",0
"1990-01-29",0
"1990-01-30",18.6830005645752
"1990-01-31",2.54399991035461
"1990-02-01",4.92199993133545
"1990-02-02",1.67799997329712
"1990-02-03",0
"1990-02-04",31.8339996337891
"1990-02-05",0
"1990-02-06",1.24500000476837
"1990-02-07",0.603999972343445
"1990-02-08",0
"1990-02-09",0
"1990-02-10",0
"1990-02-11",0
"1990-02-12",0
"1990-02-13",0
"1990-02-14",0
"1990-02-15",0
"1990-02-16",44.2070007324219
"1990-02-17",37.1279983520508
"1990-02-18",9.99199962615967
"1990-02-19",0
"1990-02-20",0
"1990-02-21",0
"1990-02-22",0
"1990-02-23",0
"1990-02-24",0
"1990-02-25",0
"1990-02-26",0
"1990-02-27",0
"1990-02-28",0
"1990-03-01",0
"1990-03-02",5.07000017166138
"1990-03-03",24.3759994506836
"1990-03-04",0
"1990-03-05",12.7799997329712
"1990-03-06",0
"1990-03-07",0
"1990-03-08",0
"1990-03-09",0
"1990-03-10",4.5460000038147
"1990-03-11",4.71999979019165
"1990-03-12",2.22000002861023
"1990-03-13",0.273999989032745
"1990-03-14",0
"1990-03-15",0
"1990-03-16",0
"1990-03-17",0
"1990-03-18",0
"1990-03-19",0
"1990-03-20",0
"1990-03-21",0
"1990-03-22",0
"1990-03-23",0
"1990-03-24",0
"1990-03-25",0
"1990-03-26",0
"1990-03-27",0
"1990-03-28",0
"1990-03-29",0
"1990-03-30",0
"1990-03-31",0
"1990-04-01",0
"1990-04-02",0
"1990-04-03",0
"1990-04-04",0
"1990-04-05",0
"1990-04-06",0
"1990-04-07",1.13199996948242
"1990-04-08",0.017000000923872
"1990-04-09",0
"1990-04-10",0
"1990-04-11",0
"1990-04-12",0
"1990-04-13",0
"1990-04-14",0
"1990-04-15",0
"1990-04-16",0
"1990-04-17",5.23000001907349
"1990-04-18",0
"1990-04-19",0.569999992847443
"1990-04-20",0
"1990-04-21",0
"1990-04-22",0
"1990-04-23",9.83100032806396
"1990-04-24",0.640999972820282
"1990-04-25",0
"1990-04-26",0
"1990-04-27",0
"1990-04-28",0
"1990-04-29",0
"1990-04-30",0
"1990-05-01",0
"1990-05-02",0
"1990-05-03",0
"1990-05-04",0
"1990-05-05",0
"1990-05-06",0
"1990-05-07",0
"1990-05-08",0
"1990-05-09",0
"1990-05-10",0
"1990-05-11",0
"1990-05-12",0
"1990-05-13",0
"1990-05-14",0
"1990-05-15",0
"1990-05-16",0
"1990-05-17",0
"1990-05-18",0
"1990-05-19",0
"1990-05-20",23.8840007781982
"1990-05-21",1.22699999809265
"1990-05-22",0
"1990-05-23",9.09099960327148
"1990-05-24",3.78900003433228
"1990-05-25",0
"1990-05-26",1.18099999427795
"1990-05-27",25.488000869751
"1990-05-28",40.5190010070801
"1990-05-29",10.7580003738403
"1990-05-30",5.54300022125244
"1990-05-31",11.3920001983643
"1990-06-01",0
"1990-06-02",0
"1990-06-03",0
"1990-06-04",0
"1990-06-05",0
"1990-06-06",0
"1990-06-07",0
"1990-06-08",0
"1990-06-09",0
"1990-06-10",0
"1990-06-11",0
"1990-06-12",0
"1990-06-13",0
"1990-06-14",0
"1990-06-15",0
"1990-06-16",0
"1990-06-17",0
"1990-06-18",0
"1990-06-19",0
"1990-06-20",0
"1990-06-21",0
"1990-06-22",1.14100003242493
"1990-06-23",0
"1990-06-24",0
"1990-06-25",0
"1990-06-26",0
"1990-06-27",0
"1990-06-28",0
"1990-06-29",0
"1990-06-30",0
"1990-07-01",0
"1990-07-02",0
"1990-07-03",0
"1990-07-04",0
"1990-07-05",0
"1990-07-06",0
"1990-07-07",0
"1990-07-08",0
"1990-07-09",0
"1990-07-10",0
"1990-07-11",0
"1990-07-12",0
"1990-07-13",0
"1990-07-14",0
"1990-07-15",0
"1990-07-16",0
"1990-07-17",0
"1990-07-18",0
"1990-07-19",0
"1990-07-20",0
"1990-07-21",0
"1990-07-22",0
"1990-07-23",0
"1990-07-24",0
"1990-07-25",0
"1990-07-26",0
"1990-07-27",0
"1990-07-28",0
"1990-07-29",0
"1990-07-30",0
"1990-07-31",0
"1990-08-01",0
"1990-08-02",0
"1990-08-03",0
"1990-08-04",0
"1990-08-05",0
"1990-08-06",0
"1990-08-07",0
"1990-08-08",0
"1990-08-09",0
"1990-08-10",0
"1990-08-11",0
"1990-08-12",0
"1990-08-13",0
"1990-08-14",0
"1990-08-15",0
"1990-08-16",0
"1990-08-17",0
"1990-08-18",0
"1990-08-19",0
"1990-08-20",0
"1990-08-21",0
"1990-08-22",0
"1990-08-23",0
"1990-08-24",0
"1990-08-25",0.637000024318695
"1990-08-26",0
"1990-08-27",0
"1990-08-28",0
"1990-08-29",0
"1990-08-30",0
"1990-08-31",0
"1990-09-01",0
"1990-09-02",0
"1990-09-03",0
"1990-09-04",0
"1990-09-05",0
"1990-09-06",0
"1990-09-07",0
"1990-09-08",0
"1990-09-09",0
"1990-09-10",0
"1990-09-11",0
"1990-09-12",0
"1990-09-13",0
"1990-09-14",0
"1990-09-15",0
"1990-09-16",0
"1990-09-17",0
"1990-09-18",0
"1990-09-19",0
"1990-09-20",0
"1990-09-21",0
"1990-09-22",0
"1990-09-23",5.13500022888184
"1990-09-24",0
"1990-09-25",0
"1990-09-26",0
"1990-09-27",0
"1990-09-28",0
"1990-09-29",0
"1990-09-30",0
"1990-10-01",0
"1990-10-02",0
"1990-10-03",0
"1990-10-04",0
"1990-10-05",0
"1990-10-06",0
"1990-10-07",0
"1990-10-08",0
"1990-10-09",0
"1990-10-10",0
"1990-10-11",0
"1990-10-12",0
"1990-10-13",0
"1990-10-14",0
"1990-10-15",0
"1990-10-16",0
"1990-10-17",0
"1990-10-18",0
"1990-10-19",0.684000015258789
"1990-10-20",0
"1990-10-21",0
"1990-10-22",0
"1990-10-23",0
"1990-10-24",0
"1990-10-25",0
"1990-10-26",0
"1990-10-27",0
"1990-10-28",0
"1990-10-29",0
"1990-10-30",0
"1990-10-31",15.3990001678467
"1990-11-01",1.49899995326996
"1990-11-02",0
"1990-11-03",0
"1990-11-04",0
"1990-11-05",0
"1990-11-06",0
"1990-11-07",0
"1990-11-08",0
"1990-11-09",0
"1990-11-10",0
"1990-11-11",0
"1990-11-12",0
"1990-11-13",0
"1990-11-14",0
"1990-11-15",0
"1990-11-16",0
"1990-11-17",0.677999973297119
"1990-11-18",0
"1990-11-19",0.441000014543533
"1990-11-20",0.0049999998882412
"1990-11-21",0.41499999165535
"1990-11-22",0
"1990-11-23",0
"1990-11-24",0
"1990-11-25",0
"1990-11-26",9.56999969482422
"1990-11-27",0
"1990-11-28",0
"1990-11-29",0
"1990-11-30",0
"1990-12-01",0
"1990-12-02",0
"1990-12-03",0
"1990-12-04",0
"1990-12-05",0
"1990-12-06",0
"1990-12-07",0
"1990-12-08",0
"1990-12-09",0
"1990-12-10",0
"1990-12-11",19.5139999389648
"1990-12-12",0
"1990-12-13",0
"1990-12-14",0
"1990-12-15",18.8379993438721
"1990-12-16",17.2900009155273
"1990-12-17",2.31900000572205
"1990-12-18",0
"1990-12-19",8.68000030517578
"1990-12-20",4.1710000038147
"1990-12-21",0.531000018119812
"1990-12-22",0
"1990-12-23",0
"1990-12-24",0
"1990-12-25",0
"1990-12-26",0
"1990-12-27",0
"1990-12-28",0
"1990-12-29",0
"1990-12-30",0
"1990-12-31",0
"1991-01-01",0
"1991-01-02",0
"1991-01-03",0
"1991-01-04",0
"1991-01-05",0
"1991-01-06",0
"1991-01-07",1.57799994945526
"1991-01-08",3.89000010490417
"1991-01-09",8.67199993133545
"1991-01-10",1.52999997138977
"1991-01-11",0
"1991-01-12",0
"1991-01-13",0
"1991-01-14",0
"1991-01-15",0
"1991-01-16",0
"1991-01-17",0
"1991-01-18",0
"1991-01-19",0
"1991-01-20",0
"1991-01-21",0
"1991-01-22",0
"1991-01-23",0
"1991-01-24",0
"1991-01-25",0
"1991-01-26",0
"1991-01-27",0
"1991-01-28",0
"1991-01-29",0
"1991-01-30",0
"1991-01-31",0
"1991-02-01",0
"1991-02-02",36.7610015869141
"1991-02-03",9.54500007629395
"1991-02-04",0
"1991-02-05",30.9790000915527
"1991-02-06",0
"1991-02-07",0
"1991-02-08",0
"1991-02-09",0
"1991-02-10",0
"1991-02-11",0
"1991-02-12",0
"1991-02-13",0
"1991-02-14",0
"1991-02-15",0
"1991-02-16",0
"1991-02-17",0
"1991-02-18",0
"1991-02-19",0
"1991-02-20",0
"1991-02-21",0
"1991-02-22",0
"1991-02-23",0
"1991-02-24",0
"1991-02-25",0
"1991-02-26",0
"1991-02-27",1.96899998188019
"1991-02-28",42.0989990234375
"1991-03-01",50.3899993896484
"1991-03-02",16.5020008087158
"1991-03-03",92.0869979858398
"1991-03-04",67.3369979858398
"1991-03-05",13.8140001296997
"1991-03-06",0
"1991-03-07",0
"1991-03-08",0
"1991-03-09",0
"1991-03-10",0
"1991-03-11",32.9550018310547
"1991-03-12",0
"1991-03-13",38.2410011291504
"1991-03-14",0.437000006437302
"1991-03-15",6.43900012969971
"1991-03-16",0
"1991-03-17",36.1689987182617
"1991-03-18",21.7399997711182
"1991-03-19",0
"1991-03-20",38.5429992675781
"1991-03-21",17.681999206543
"1991-03-22",1.00399994850159
"1991-03-23",0
"1991-03-24",45.9259986877441
"1991-03-25",45.726001739502
"1991-03-26",38.5550003051758
"1991-03-27",9.58500003814697
"1991-03-28",0
"1991-03-29",0
"1991-03-30",0
"1991-03-31",0
"1991-04-01",0.958999991416931
"1991-04-02",0
"1991-04-03",0
"1991-04-04",0
"1991-04-05",0
"1991-04-06",0
"1991-04-07",0
"1991-04-08",0
"1991-04-09",0
"1991-04-10",0
"1991-04-11",0
"1991-04-12",0
"1991-04-13",0
"1991-04-14",0
"1991-04-15",0
"1991-04-16",0
"1991-04-17",0
"1991-04-18",0
"1991-04-19",0
"1991-04-20",13.6510000228882
"1991-04-21",6.23299980163574
"1991-04-22",0
"1991-04-23",0
"1991-04-24",0.834999978542328
"1991-04-25",0.12899999320507
"1991-04-26",0.878000020980835
"1991-04-27",0
"1991-04-28",0
"1991-04-29",0
"1991-04-30",0
"1991-05-01",1.90199995040894
"1991-05-02",0
"1991-05-03",0
"1991-05-04",0
"1991-05-05",0
"1991-05-06",0
"1991-05-07",0
"1991-05-08",0
"1991-05-09",0
"1991-05-10",0
"1991-05-11",0
"1991-05-12",0
"1991-05-13",0
"1991-05-14",2.73799991607666
"1991-05-15",0
"1991-05-16",0
"1991-05-17",0
"1991-05-18",0
"1991-05-19",0
"1991-05-20",0
"1991-05-21",0
"1991-05-22",0
"1991-05-23",0
"1991-05-24",0
"1991-05-25",0
"1991-05-26",0
"1991-05-27",0
"1991-05-28",0
"1991-05-29",0
"1991-05-30",0
"1991-05-31",0
"1991-06-01",0
"1991-06-02",0
"1991-06-03",0
"1991-06-04",0
"1991-06-05",0
"1991-06-06",0
"1991-06-07",0
"1991-06-08",0
"1991-06-09",0
"1991-06-10",0
"1991-06-11",0
"1991-06-12",0
"1991-06-13",0
"1991-06-14",0
"1991-06-15",0
"1991-06-16",0
"1991-06-17",0
"1991-06-18",0
"1991-06-19",0
"1991-06-20",0
"1991-06-21",0
"1991-06-22",0
"1991-06-23",0
"1991-06-24",0
"1991-06-25",0
"1991-06-26",0
"1991-06-27",2.62700009346008
"1991-06-28",11.3000001907349
"1991-06-29",1.5440000295639
"1991-06-30",0
"1991-07-01",0
"1991-07-02",0
"1991-07-03",0
"1991-07-04",0
"1991-07-05",0
"1991-07-06",0
"1991-07-07",0
"1991-07-08",0
"1991-07-09",0
"1991-07-10",0
"1991-07-11",0
"1991-07-12",0
"1991-07-13",0
"1991-07-14",0
"1991-07-15",0
"1991-07-16",0
"1991-07-17",0
"1991-07-18",0
"1991-07-19",0.314000010490417
"1991-07-20",0
"1991-07-21",0
"1991-07-22",0
"1991-07-23",0
"1991-07-24",0
"1991-07-25",0
"1991-07-26",0
"1991-07-27",0
"1991-07-28",0
"1991-07-29",0
"1991-07-30",0
"1991-07-31",0
"1991-08-01",0
"1991-08-02",0
"1991-08-03",0
"1991-08-04",0
"1991-08-05",0.0839999988675117
"1991-08-06",0.158999994397163
"1991-08-07",0
"1991-08-08",0
"1991-08-09",0
"1991-08-10",0
"1991-08-11",0
"1991-08-12",0
"1991-08-13",1.42400002479553
"1991-08-14",0
"1991-08-15",0
"1991-08-16",0
"1991-08-17",0
"1991-08-18",0
"1991-08-19",0
"1991-08-20",0
"1991-08-21",0
"1991-08-22",0
"1991-08-23",0
"1991-08-24",0
"1991-08-25",0
"1991-08-26",0
"1991-08-27",0
"1991-08-28",0
"1991-08-29",0
"1991-08-30",0
"1991-08-31",0
"1991-09-01",0
"1991-09-02",0
"1991-09-03",0
"1991-09-04",0
"1991-09-05",0
"1991-09-06",0
"1991-09-07",0
"1991-09-08",0
"1991-09-09",0
"1991-09-10",0
"1991-09-11",0
"1991-09-12",0
"1991-09-13",0
"1991-09-14",0
"1991-09-15",0
"1991-09-16",0
"1991-09-17",0
"1991-09-18",0
"1991-09-19",0
"1991-09-20",0
"1991-09-21",0
"1991-09-22",0
"1991-09-23",0
"1991-09-24",0
"1991-09-25",0
"1991-09-26",0.935000002384186
"1991-09-27",0
"1991-09-28",0
"1991-09-29",0
"1991-09-30",0
"1991-10-01",0
"1991-10-02",0
"1991-10-03",0
"1991-10-04",0
"1991-10-05",0
"1991-10-06",0
"1991-10-07",0
"1991-10-08",0
"1991-10-09",0
"1991-10-10",0
"1991-10-11",0
"1991-10-12",0
"1991-10-13",0
"1991-10-14",0
"1991-10-15",0
"1991-10-16",0
"1991-10-17",0
"1991-10-18",0
"1991-10-19",0
"1991-10-20",0
"1991-10-21",0
"1991-10-22",0
"1991-10-23",0
"1991-10-24",0
"1991-10-25",9.90499973297119
"1991-10-26",73.8870010375977
"1991-10-27",12.871000289917
"1991-10-28",0
"1991-10-29",0
"1991-10-30",0
"1991-10-31",0
"1991-11-01",0
"1991-11-02",0
"1991-11-03",0
"1991-11-04",0
"1991-11-05",0
"1991-11-06",0
"1991-11-07",0
"1991-11-08",0
"1991-11-09",0
"1991-11-10",0
"1991-11-11",0
"1991-11-12",0
"1991-11-13",0
"1991-11-14",0
"1991-11-15",0
"1991-11-16",0
"1991-11-17",18.6529998779297
"1991-11-18",36.8819999694824
"1991-11-19",1.36500000953674
"1991-11-20",0
"1991-11-21",0
"1991-11-22",0
"1991-11-23",0
"1991-11-24",0
"1991-11-25",0
"1991-11-26",0
"1991-11-27",0.765999972820282
"1991-11-28",0
"1991-11-29",0
"1991-11-30",0
"1991-12-01",0
"1991-12-02",0
"1991-12-03",0
"1991-12-04",0
"1991-12-05",0
"1991-12-06",0
"1991-12-07",3.96700000762939
"1991-12-08",0
"1991-12-09",0
"1991-12-10",0
"1991-12-11",0
"1991-12-12",0
"1991-12-13",0
"1991-12-14",0
"1991-12-15",0
"1991-12-16",0
"1991-12-17",0
"1991-12-18",16.0359992980957
"1991-12-19",1.31400001049042
"1991-12-20",0
"1991-12-21",0
"1991-12-22",0
"1991-12-23",0
"1991-12-24",0
"1991-12-25",0
"1991-12-26",0
"1991-12-27",0
"1991-12-28",38.0579986572266
"1991-12-29",72.2119979858398
"1991-12-30",33.8769989013672
"1991-12-31",9.41699981689453
"1992-01-01",0
"1992-01-02",0
"1992-01-03",0
"1992-01-04",0
"1992-01-05",44.8610000610352
"1992-01-06",17.2569999694824
"1992-01-07",20.367000579834
"1992-01-08",2.50999999046326
"1992-01-09",0
"1992-01-10",0
"1992-01-11",0
"1992-01-12",0
"1992-01-13",0
"1992-01-14",0
"1992-01-15",0
"1992-01-16",0
"1992-01-17",0.0759999975562096
"1992-01-18",0
"1992-01-19",0
"1992-01-20",0
"1992-01-21",0
"1992-01-22",0
"1992-01-23",0
"1992-01-24",0
"1992-01-25",0
"1992-01-26",0
"1992-01-27",0
"1992-01-28",4.18300008773804
"1992-01-29",2.64199995994568
"1992-01-30",0
"1992-01-31",0
"1992-02-01",16.3689994812012
"1992-02-02",0
"1992-02-03",0
"1992-02-04",0
"1992-02-05",0
"1992-02-06",4.48199987411499
"1992-02-07",4.88100004196167
"1992-02-08",0.388999998569489
"1992-02-09",0
"1992-02-10",39.7719993591309
"1992-02-11",57.4739990234375
"1992-02-12",100.264999389648
"1992-02-13",30.8859996795654
"1992-02-14",9.28299999237061
"1992-02-15",80.4420013427734
"1992-02-16",23.4810009002686
"1992-02-17",9.18200016021729
"1992-02-18",0.130999997258186
"1992-02-19",11.3660001754761
"1992-02-20",41.3409996032715
"1992-02-21",1.52999997138977
"1992-02-22",1.75899994373322
"1992-02-23",0
"1992-02-24",0
"1992-02-25",0
"1992-02-26",0
"1992-02-27",0
"1992-02-28",0
"1992-02-29",3.99900007247925
"1992-03-01",9.73400020599365
"1992-03-02",4.91300010681152
"1992-03-03",1.557000041008
"1992-03-04",0
"1992-03-05",15.173999786377
"1992-03-06",36.8279991149902
"1992-03-07",11.5159997940063
"1992-03-08",0
"1992-03-09",0
"1992-03-10",0
"1992-03-11",0
"1992-03-12",0
"1992-03-13",0
"1992-03-14",7.93400001525879
"1992-03-15",20.2509994506836
"1992-03-16",25.5909996032715
"1992-03-17",1.49699997901917
"1992-03-18",0
"1992-03-19",0
"1992-03-20",6.38899993896484
"1992-03-21",5.65700006484985
"1992-03-22",4.06899976730347
"1992-03-23",10.4530000686646
"1992-03-24",4.85599994659424
"1992-03-25",0
"1992-03-26",0.230000004172325
"1992-03-27",0
"1992-03-28",0
"1992-03-29",0
"1992-03-30",0.096000000834465
"1992-03-31",3.94300007820129
"1992-04-01",0
"1992-04-02",0.439999997615814
"1992-04-03",0
"1992-04-04",0
"1992-04-05",0
"1992-04-06",0
"1992-04-07",0
"1992-04-08",0
"1992-04-09",0
"1992-04-10",0
"1992-04-11",0
"1992-04-12",4.85699987411499
"1992-04-13",7.01900005340576
"1992-04-14",7.83900022506714
"1992-04-15",0
"1992-04-16",0
"1992-04-17",0
"1992-04-18",0
"1992-04-19",0
"1992-04-20",0
"1992-04-21",0
"1992-04-22",0
"1992-04-23",0
"1992-04-24",0
"1992-04-25",0
"1992-04-26",0
"1992-04-27",0
"1992-04-28",0
"1992-04-29",0
"1992-04-30",0
"1992-05-01",0
"1992-05-02",0
"1992-05-03",0
"1992-05-04",0
"1992-05-05",0
"1992-05-06",0
"1992-05-07",0
"1992-05-08",0
"1992-05-09",0
"1992-05-10",0
"1992-05-11",0
"1992-05-12",0
"1992-05-13",0
"1992-05-14",0
"1992-05-15",0
"1992-05-16",0
"1992-05-17",0
"1992-05-18",0
"1992-05-19",0
"1992-05-20",0
"1992-05-21",0
"1992-05-22",0
"1992-05-23",0.381000012159348
"1992-05-24",0
"1992-05-25",0
"1992-05-26",0
"1992-05-27",0
"1992-05-28",0
"1992-05-29",0
"1992-05-30",0.368999987840652
"1992-05-31",0
"1992-06-01",0
"1992-06-02",0
"1992-06-03",0
"1992-06-04",0
"1992-06-05",0
"1992-06-06",0
"1992-06-07",0
"1992-06-08",0
"1992-06-09",0
"1992-06-10",0
"1992-06-11",0
"1992-06-12",0
"1992-06-13",0
"1992-06-14",0
"1992-06-15",0
"1992-06-16",0
"1992-06-17",0
"1992-06-18",0
"1992-06-19",0
"1992-06-20",0
"1992-06-21",0
"1992-06-22",0
"1992-06-23",0
"1992-06-24",0
"1992-06-25",0
"1992-06-26",0
"1992-06-27",0
"1992-06-28",0
"1992-06-29",6.21999979019165
"1992-06-30",16.9139995574951
"1992-07-01",0
"1992-07-02",0
"1992-07-03",0
"1992-07-04",0
"1992-07-05",0
"1992-07-06",0
"1992-07-07",0
"1992-07-08",0
"1992-07-09",0
"1992-07-10",0
"1992-07-11",0
"1992-07-12",0.233999997377396
"1992-07-13",0
"1992-07-14",0
"1992-07-15",0
"1992-07-16",0
"1992-07-17",0
"1992-07-18",0
"1992-07-19",0
"1992-07-20",0
"1992-07-21",0
"1992-07-22",0
"1992-07-23",0
"1992-07-24",0
"1992-07-25",0
"1992-07-26",0
"1992-07-27",0
"1992-07-28",0
"1992-07-29",0
"1992-07-30",0
"1992-07-31",0
"1992-08-01",0
"1992-08-02",0
"1992-08-03",0
"1992-08-04",0
"1992-08-05",0
"1992-08-06",0
"1992-08-07",0
"1992-08-08",0
"1992-08-09",0
"1992-08-10",0
"1992-08-11",0
"1992-08-12",0
"1992-08-13",0
"1992-08-14",0
"1992-08-15",0
"1992-08-16",0
"1992-08-17",0
"1992-08-18",0
"1992-08-19",0
"1992-08-20",0
"1992-08-21",0
"1992-08-22",0
"1992-08-23",0
"1992-08-24",0
"1992-08-25",0
"1992-08-26",0
"1992-08-27",0
"1992-08-28",0
"1992-08-29",0.707000017166138
"1992-08-30",0
"1992-08-31",0
"1992-09-01",0.646000027656555
"1992-09-02",0
"1992-09-03",0
"1992-09-04",0
"1992-09-05",0
"1992-09-06",0
"1992-09-07",0
"1992-09-08",0
"1992-09-09",0
"1992-09-10",0
"1992-09-11",0
"1992-09-12",0
"1992-09-13",0
"1992-09-14",0
"1992-09-15",0
"1992-09-16",0
"1992-09-17",0
"1992-09-18",0
"1992-09-19",0
"1992-09-20",0
"1992-09-21",0
"1992-09-22",0
"1992-09-23",0
"1992-09-24",0
"1992-09-25",0
"1992-09-26",0
"1992-09-27",0
"1992-09-28",0
"1992-09-29",0
"1992-09-30",0
"1992-10-01",0.796000003814697
"1992-10-02",0
"1992-10-03",0
"1992-10-04",0
"1992-10-05",0
"1992-10-06",0
"1992-10-07",0
"1992-10-08",0
"1992-10-09",0
"1992-10-10",0
"1992-10-11",0
"1992-10-12",0
"1992-10-13",0.486000001430511
"1992-10-14",0
"1992-10-15",0
"1992-10-16",0
"1992-10-17",0
"1992-10-18",0
"1992-10-19",0
"1992-10-20",0
"1992-10-21",5.96999979019165
"1992-10-22",1.15799999237061
"1992-10-23",0
"1992-10-24",0
"1992-10-25",0
"1992-10-26",0
"1992-10-27",0
"1992-10-28",0.0140000004321337
"1992-10-29",21.2569999694824
"1992-10-30",76.4169998168945
"1992-10-31",0
"1992-11-01",0.577000021934509
"1992-11-02",0
"1992-11-03",0
"1992-11-04",0
"1992-11-05",0.476999998092651
"1992-11-06",0
"1992-11-07",0
"1992-11-08",0.476999998092651
"1992-11-09",0
"1992-11-10",0
"1992-11-11",0
"1992-11-12",0
"1992-11-13",0
"1992-11-14",0
"1992-11-15",0
"1992-11-16",0
"1992-11-17",0
"1992-11-18",0
"1992-11-19",2.15899991989136
"1992-11-20",0.0089999996125698
"1992-11-21",0
"1992-11-22",9.48799991607666
"1992-11-23",0
"1992-11-24",0
"1992-11-25",0.776000022888184
"1992-11-26",0
"1992-11-27",0
"1992-11-28",0
"1992-11-29",0
"1992-11-30",0
"1992-12-01",0
"1992-12-02",0
"1992-12-03",37.1580009460449
"1992-12-04",0
"1992-12-05",0
"1992-12-06",39.8899993896484
"1992-12-07",54.9700012207031
"1992-12-08",6.13399982452393
"1992-12-09",84.5070037841797
"1992-12-10",39.1730003356934
"1992-12-11",39.2330017089844
"1992-12-12",14.6890001296997
"1992-12-13",0
"1992-12-14",0
"1992-12-15",0
"1992-12-16",0
"1992-12-17",10.8719997406006
"1992-12-18",5.98699998855591
"1992-12-19",0
"1992-12-20",0
"1992-12-21",1.03699994087219
"1992-12-22",0
"1992-12-23",0
"1992-12-24",0
"1992-12-25",0
"1992-12-26",0
"1992-12-27",0
"1992-12-28",23.7880001068115
"1992-12-29",37.8359985351562
"1992-12-30",9.26200008392334
"1992-12-31",0
"1993-01-01",38.5849990844727
"1993-01-02",10.0930004119873
"1993-01-03",0
"1993-01-04",0
"1993-01-05",0
"1993-01-06",20.8540000915527
"1993-01-07",84.9589996337891
"1993-01-08",27.5690002441406
"1993-01-09",4.18800020217896
"1993-01-10",6.73299980163574
"1993-01-11",4.21099996566772
"1993-01-12",5.32800006866455
"1993-01-13",117.147003173828
"1993-01-14",50.4469985961914
"1993-01-15",4.6729998588562
"1993-01-16",16.6590003967285
"1993-01-17",17.1630001068115
"1993-01-18",25.8419990539551
"1993-01-19",0.221000000834465
"1993-01-20",9.26500034332275
"1993-01-21",43.318000793457
"1993-01-22",31.3369998931885
"1993-01-23",0
"1993-01-24",0
"1993-01-25",0
"1993-01-26",0
"1993-01-27",0
"1993-01-28",0
"1993-01-29",0
"1993-01-30",0
"1993-01-31",0
"1993-02-01",0
"1993-02-02",0
"1993-02-03",0
"1993-02-04",8.38199996948242
"1993-02-05",13.621000289917
"1993-02-06",0
"1993-02-07",0
"1993-02-08",24.7059993743896
"1993-02-09",13.3240003585815
"1993-02-10",8.83399963378906
"1993-02-11",17.5249996185303
"1993-02-12",0
"1993-02-13",0
"1993-02-14",0
"1993-02-15",0
"1993-02-16",0
"1993-02-17",11.8620004653931
"1993-02-18",39.6220016479492
"1993-02-19",76.5039978027344
"1993-02-20",22.9669990539551
"1993-02-21",6.19799995422363
"1993-02-22",3.61700010299683
"1993-02-23",26.5349998474121
"1993-02-24",17.8299999237061
"1993-02-25",0
"1993-02-26",27.6900005340576
"1993-02-27",6.96199989318848
"1993-02-28",0
"1993-03-01",0
"1993-03-02",0
"1993-03-03",3.35400009155273
"1993-03-04",0.402999997138977
"1993-03-05",0
"1993-03-06",0
"1993-03-07",0
"1993-03-08",0
"1993-03-09",0
"1993-03-10",0
"1993-03-11",0
"1993-03-12",0
"1993-03-13",0
"1993-03-14",1.9539999961853
"1993-03-15",0
"1993-03-16",0
"1993-03-17",13.4099998474121
"1993-03-18",3.47000002861023
"1993-03-19",0
"1993-03-20",0
"1993-03-21",0
"1993-03-22",0
"1993-03-23",0
"1993-03-24",16.5450000762939
"1993-03-25",8.10200023651123
"1993-03-26",24.0979995727539
"1993-03-27",2.98099994659424
"1993-03-28",9.95100021362305
"1993-03-29",0.028999999165535
"1993-03-30",0
"1993-03-31",0
"1993-04-01",6.26599979400635
"1993-04-02",0.0109999999403954
"1993-04-03",0
"1993-04-04",0
"1993-04-05",0
"1993-04-06",0
"1993-04-07",0
"1993-04-08",0
"1993-04-09",0
"1993-04-10",0
"1993-04-11",0
"1993-04-12",0
"1993-04-13",0
"1993-04-14",0
"1993-04-15",0
"1993-04-16",0
"1993-04-17",12.1820001602173
"1993-04-18",22.136999130249
"1993-04-19",0
"1993-04-20",0
"1993-04-21",0
"1993-04-22",0
"1993-04-23",0
"1993-04-24",2.00399994850159
"1993-04-25",0
"1993-04-26",0
"1993-04-27",0
"1993-04-28",0
"1993-04-29",0
"1993-04-30",0
"1993-05-01",0
"1993-05-02",0
"1993-05-03",2.82699990272522
"1993-05-04",1.35399997234344
"1993-05-05",0
"1993-05-06",0
"1993-05-07",0
"1993-05-08",0
"1993-05-09",0
"1993-05-10",0
"1993-05-11",0
"1993-05-12",0
"1993-05-13",0
"1993-05-14",0
"1993-05-15",0
"1993-05-16",0
"1993-05-17",0
"1993-05-18",0
"1993-05-19",1.71200001239777
"1993-05-20",0.533999979496002
"1993-05-21",0
"1993-05-22",0
"1993-05-23",0
"1993-05-24",0.200000002980232
"1993-05-25",10.8909997940063
"1993-05-26",4.02799987792969
"1993-05-27",5.22200012207031
"1993-05-28",0.611999988555908
"1993-05-29",0
"1993-05-30",0
"1993-05-31",6.21799993515015
"1993-06-01",0
"1993-06-02",0
"1993-06-03",0
"1993-06-04",0
"1993-06-05",11.6850004196167
"1993-06-06",2.92000007629395
"1993-06-07",0.75900000333786
"1993-06-08",0
"1993-06-09",0
"1993-06-10",0
"1993-06-11",0
"1993-06-12",0
"1993-06-13",0
"1993-06-14",0
"1993-06-15",0
"1993-06-16",0
"1993-06-17",0
"1993-06-18",0
"1993-06-19",0
"1993-06-20",0
"1993-06-21",0
"1993-06-22",0
"1993-06-23",0
"1993-06-24",0
"1993-06-25",0
"1993-06-26",0
"1993-06-27",0
"1993-06-28",0
"1993-06-29",0
"1993-06-30",0
"1993-07-01",0
"1993-07-02",0
"1993-07-03",0
"1993-07-04",0
"1993-07-05",0
"1993-07-06",0
"1993-07-07",0
"1993-07-08",0
"1993-07-09",0
"1993-07-10",0
"1993-07-11",0
"1993-07-12",0
"1993-07-13",0
"1993-07-14",0
"1993-07-15",0
"1993-07-16",0
"1993-07-17",0
"1993-07-18",0
"1993-07-19",0
"1993-07-20",0
"1993-07-21",0
"1993-07-22",0
"1993-07-23",0
"1993-07-24",0
"1993-07-25",0
"1993-07-26",0
"1993-07-27",0
"1993-07-28",0
"1993-07-29",0
"1993-07-30",0
"1993-07-31",0
"1993-08-01",0
"1993-08-02",0
"1993-08-03",0
"1993-08-04",0
"1993-08-05",0
"1993-08-06",0
"1993-08-07",0
"1993-08-08",0
"1993-08-09",0
"1993-08-10",0
"1993-08-11",0
"1993-08-12",0
"1993-08-13",0
"1993-08-14",0
"1993-08-15",0
"1993-08-16",0
"1993-08-17",0
"1993-08-18",0
"1993-08-19",0
"1993-08-20",0
"1993-08-21",0
"1993-08-22",0
"1993-08-23",0
"1993-08-24",0
"1993-08-25",0
"1993-08-26",0
"1993-08-27",0
"1993-08-28",0
"1993-08-29",0
"1993-08-30",0
"1993-08-31",0
"1993-09-01",0
"1993-09-02",0
"1993-09-03",0
"1993-09-04",0
"1993-09-05",0
"1993-09-06",0
"1993-09-07",0
"1993-09-08",0
"1993-09-09",0
"1993-09-10",0
"1993-09-11",0
"1993-09-12",0
"1993-09-13",0.003000000026077
"1993-09-14",0.331999987363815
"1993-09-15",0
"1993-09-16",0
"1993-09-17",0.33899998664856
"1993-09-18",0
"1993-09-19",0
"1993-09-20",0
"1993-09-21",0
"1993-09-22",0
"1993-09-23",0
"1993-09-24",0
"1993-09-25",0
"1993-09-26",0
"1993-09-27",0
"1993-09-28",0
"1993-09-29",0
"1993-09-30",0
"1993-10-01",0
"1993-10-02",0
"1993-10-03",0
"1993-10-04",0
"1993-10-05",0
"1993-10-06",0
"1993-10-07",0
"1993-10-08",0
"1993-10-09",0
"1993-10-10",0
"1993-10-11",0.897000014781952
"1993-10-12",0
"1993-10-13",0
"1993-10-14",1.442999958992
"1993-10-15",17.9909992218018
"1993-10-16",5.24700021743774
"1993-10-17",5.04500007629395
"1993-10-18",0
"1993-10-19",0
"1993-10-20",0
"1993-10-21",0
"1993-10-22",0
"1993-10-23",0
"1993-10-24",0
"1993-10-25",0
"1993-10-26",0
"1993-10-27",0
"1993-10-28",0
"1993-10-29",0
"1993-10-30",0
"1993-10-31",0
"1993-11-01",0
"1993-11-02",0
"1993-11-03",0
"1993-11-04",0
"1993-11-05",0
"1993-11-06",0
"1993-11-07",0
"1993-11-08",0
"1993-11-09",0
"1993-11-10",0
"1993-11-11",31.1240005493164
"1993-11-12",1.97099995613098
"1993-11-13",0
"1993-11-14",0
"1993-11-15",0
"1993-11-16",0
"1993-11-17",0
"1993-11-18",0
"1993-11-19",0
"1993-11-20",0
"1993-11-21",0
"1993-11-22",0.25900000333786
"1993-11-23",0
"1993-11-24",0
"1993-11-25",0
"1993-11-26",0
"1993-11-27",0
"1993-11-28",3.09500002861023
"1993-11-29",34.1720008850098
"1993-11-30",19.5400009155273
"1993-12-01",0
"1993-12-02",0
"1993-12-03",0
"1993-12-04",0.857999980449677
"1993-12-05",0
"1993-12-06",0
"1993-12-07",0
"1993-12-08",22.5790004730225
"1993-12-09",60.4500007629395
"1993-12-10",2.02800011634827
"1993-12-11",35.8300018310547
"1993-12-12",23.931999206543
"1993-12-13",0
"1993-12-14",41.1889991760254
"1993-12-15",3.49900007247925
"1993-12-16",0
"1993-12-17",0
"1993-12-18",0
"1993-12-19",0
"1993-12-20",0
"1993-12-21",0
"1993-12-22",0
"1993-12-23",0
"1993-12-24",0
"1993-12-25",0
"1993-12-26",0
"1993-12-27",1.78199994564056
"1993-12-28",0
"1993-12-29",0
"1993-12-30",0
"1993-12-31",0
"1994-01-01",0
"1994-01-02",0
"1994-01-03",0
"1994-01-04",0
"1994-01-05",1.95299994945526
"1994-01-06",0
"1994-01-07",0
"1994-01-08",0
"1994-01-09",0.65200001001358
"1994-01-10",0
"1994-01-11",0
"1994-01-12",0
"1994-01-13",0
"1994-01-14",0
"1994-01-15",0
"1994-01-16",0
"1994-01-17",0
"1994-01-18",0
"1994-01-19",0
"1994-01-20",0
"1994-01-21",0
"1994-01-22",0
"1994-01-23",22.8950004577637
"1994-01-24",33.1920013427734
"1994-01-25",18.2399997711182
"1994-01-26",12.2019996643066
"1994-01-27",6.42999982833862
"1994-01-28",0
"1994-01-29",0
"1994-01-30",0
"1994-01-31",0
"1994-02-01",0
"1994-02-02",0
"1994-02-03",0
"1994-02-04",0
"1994-02-05",0
"1994-02-06",3.22199988365173
"1994-02-07",65.1340026855469
"1994-02-08",32.75
"1994-02-09",0
"1994-02-10",0
"1994-02-11",10.9919996261597
"1994-02-12",0
"1994-02-13",0
"1994-02-14",0
"1994-02-15",0
"1994-02-16",0
"1994-02-17",33.117000579834
"1994-02-18",23.4090003967285
"1994-02-19",9.61200046539307
"1994-02-20",87.8870010375977
"1994-02-21",8.8120002746582
"1994-02-22",7.91400003433228
"1994-02-23",0
"1994-02-24",0
"1994-02-25",0
"1994-02-26",1.71200001239777
"1994-02-27",3.40300011634827
"1994-02-28",0
"1994-03-01",0
"1994-03-02",0
"1994-03-03",0
"1994-03-04",0
"1994-03-05",0
"1994-03-06",0
"1994-03-07",0
"1994-03-08",0
"1994-03-09",0
"1994-03-10",0
"1994-03-11",0
"1994-03-12",0
"1994-03-13",0
"1994-03-14",0
"1994-03-15",0
"1994-03-16",1.89300000667572
"1994-03-17",0
"1994-03-18",0
"1994-03-19",0.579999983310699
"1994-03-20",0
"1994-03-21",0
"1994-03-22",1.00699996948242
"1994-03-23",0.555000007152557
"1994-03-24",0.393999993801117
"1994-03-25",22.5230007171631
"1994-03-26",0
"1994-03-27",0
"1994-03-28",0
"1994-03-29",0
"1994-03-30",0
"1994-03-31",0
"1994-04-01",0
"1994-04-02",0
"1994-04-03",0
"1994-04-04",0
"1994-04-05",0
"1994-04-06",0
"1994-04-07",0
"1994-04-08",0
"1994-04-09",22.7870006561279
"1994-04-10",0.577000021934509
"1994-04-11",0
"1994-04-12",0
"1994-04-13",0
"1994-04-14",0
"1994-04-15",0
"1994-04-16",0
"1994-04-17",0
"1994-04-18",0
"1994-04-19",0
"1994-04-20",0
"1994-04-21",0
"1994-04-22",0
"1994-04-23",0
"1994-04-24",19.6100006103516
"1994-04-25",25.7730007171631
"1994-04-26",16.2700004577637
"1994-04-27",0
"1994-04-28",0
"1994-04-29",0
"1994-04-30",0
"1994-05-01",0
"1994-05-02",0
"1994-05-03",0
"1994-05-04",0
"1994-05-05",0
"1994-05-06",4.71000003814697
"1994-05-07",15.1129999160767
"1994-05-08",8.88700008392334
"1994-05-09",0.446999996900558
"1994-05-10",0
"1994-05-11",0
"1994-05-12",0
"1994-05-13",0
"1994-05-14",0
"1994-05-15",0
"1994-05-16",0
"1994-05-17",12.7620000839233
"1994-05-18",9.47299957275391
"1994-05-19",0
"1994-05-20",0.289000004529953
"1994-05-21",0
"1994-05-22",0
"1994-05-23",0
"1994-05-24",0
"1994-05-25",0
"1994-05-26",0
"1994-05-27",0
"1994-05-28",0
"1994-05-29",0
"1994-05-30",0
"1994-05-31",0.546999990940094
"1994-06-01",0
"1994-06-02",0
"1994-06-03",0
"1994-06-04",0
"1994-06-05",0
"1994-06-06",0.619000017642975
"1994-06-07",0
"1994-06-08",0
"1994-06-09",0
"1994-06-10",0
"1994-06-11",0
"1994-06-12",0
"1994-06-13",0
"1994-06-14",0
"1994-06-15",0
"1994-06-16",0
"1994-06-17",0
"1994-06-18",0
"1994-06-19",0
"1994-06-20",0
"1994-06-21",0
"1994-06-22",0
"1994-06-23",0
"1994-06-24",0
"1994-06-25",0
"1994-06-26",0
"1994-06-27",0
"1994-06-28",0
"1994-06-29",0
"1994-06-30",0
"1994-07-01",0
"1994-07-02",0
"1994-07-03",0
"1994-07-04",0
"1994-07-05",0
"1994-07-06",0
"1994-07-07",0
"1994-07-08",0
"1994-07-09",0
"1994-07-10",0
"1994-07-11",0
"1994-07-12",0
"1994-07-13",0
"1994-07-14",0
"1994-07-15",0
"1994-07-16",0
"1994-07-17",0
"1994-07-18",0
"1994-07-19",0
"1994-07-20",0
"1994-07-21",0
"1994-07-22",0
"1994-07-23",0
"1994-07-24",0
"1994-07-25",0
"1994-07-26",0
"1994-07-27",0
"1994-07-28",0
"1994-07-29",0
"1994-07-30",0
"1994-07-31",0
"1994-08-01",0
"1994-08-02",0
"1994-08-03",0
"1994-08-04",0
"1994-08-05",0
"1994-08-06",0
"1994-08-07",0
"1994-08-08",0
"1994-08-09",0
"1994-08-10",0
"1994-08-11",0
"1994-08-12",0
"1994-08-13",0
"1994-08-14",0
"1994-08-15",0
"1994-08-16",0
"1994-08-17",0
"1994-08-18",0
"1994-08-19",0
"1994-08-20",0
"1994-08-21",0
"1994-08-22",0
"1994-08-23",0
"1994-08-24",0
"1994-08-25",0
"1994-08-26",0
"1994-08-27",0
"1994-08-28",0
"1994-08-29",0
"1994-08-30",0
"1994-08-31",0
"1994-09-01",0
"1994-09-02",0
"1994-09-03",0
"1994-09-04",0
"1994-09-05",0
"1994-09-06",0
"1994-09-07",0
"1994-09-08",0
"1994-09-09",0
"1994-09-10",0
"1994-09-11",0
"1994-09-12",0
"1994-09-13",0
"1994-09-14",0
"1994-09-15",0
"1994-09-16",0
"1994-09-17",0
"1994-09-18",0
"1994-09-19",0
"1994-09-20",0
"1994-09-21",0
"1994-09-22",0
"1994-09-23",0
"1994-09-24",0.708000004291534
"1994-09-25",0
"1994-09-26",0
"1994-09-27",0
"1994-09-28",0
"1994-09-29",0
"1994-09-30",0
"1994-10-01",0
"1994-10-02",0
"1994-10-03",0
"1994-10-04",0
"1994-10-05",36.851001739502
"1994-10-06",0
"1994-10-07",0
"1994-10-08",0
"1994-10-09",0
"1994-10-10",0
"1994-10-11",0
"1994-10-12",0
"1994-10-13",0
"1994-10-14",0
"1994-10-15",0
"1994-10-16",0
"1994-10-17",0
"1994-10-18",0
"1994-10-19",0
"1994-10-20",0
"1994-10-21",0
"1994-10-22",0
"1994-10-23",0
"1994-10-24",0
"1994-10-25",0
"1994-10-26",0
"1994-10-27",0
"1994-10-28",0
"1994-10-29",0
"1994-10-30",0
"1994-10-31",0
"1994-11-01",0
"1994-11-02",0.29899999499321
"1994-11-03",0
"1994-11-04",0
"1994-11-05",20.6550006866455
"1994-11-06",112.734001159668
"1994-11-07",24.4479999542236
"1994-11-08",0.515999972820282
"1994-11-09",0
"1994-11-10",27.1350002288818
"1994-11-11",0
"1994-11-12",0
"1994-11-13",0
"1994-11-14",0.0010000000474974
"1994-11-15",0
"1994-11-16",21.2900009155273
"1994-11-17",16.1490001678467
"1994-11-18",2.78099989891052
"1994-11-19",0
"1994-11-20",0
"1994-11-21",0
"1994-11-22",0
"1994-11-23",0
"1994-11-24",0
"1994-11-25",38.7140007019043
"1994-11-26",15.3809995651245
"1994-11-27",0
"1994-11-28",4.84200000762939
"1994-11-29",0
"1994-11-30",0
"1994-12-01",0
"1994-12-02",0
"1994-12-03",4.68699979782104
"1994-12-04",27.6580009460449
"1994-12-05",2.63700008392334
"1994-12-06",1.27499997615814
"1994-12-07",0
"1994-12-08",0
"1994-12-09",0
"1994-12-10",0
"1994-12-11",1.09599995613098
"1994-12-12",31.2600002288818
"1994-12-13",17.0799999237061
"1994-12-14",2.96499991416931
"1994-12-15",26.3159999847412
"1994-12-16",0
"1994-12-17",0
"1994-12-18",0.763000011444092
"1994-12-19",0
"1994-12-20",0
"1994-12-21",0
"1994-12-22",0
"1994-12-23",0
"1994-12-24",21.4409999847412
"1994-12-25",8.08300018310547
"1994-12-26",0
"1994-12-27",0
"1994-12-28",3.17899990081787
"1994-12-29",0
"1994-12-30",0
"1994-12-31",0
"1995-01-01",3.11100006103516
"1995-01-02",2.5699999332428
"1995-01-03",35.6780014038086
"1995-01-04",9.32699966430664
"1995-01-05",28.8190002441406
"1995-01-06",5.63000011444092
"1995-01-07",40.4090003967285
"1995-01-08",33.6319999694824
"1995-01-09",55.2569999694824
"1995-01-10",112.170997619629
"1995-01-11",29.6860008239746
"1995-01-12",18.7600002288818
"1995-01-13",12.3509998321533
"1995-01-14",42.2750015258789
"1995-01-15",15.0920000076294
"1995-01-16",11.5699996948242
"1995-01-17",1.61899995803833
"1995-01-18",0
"1995-01-19",0
"1995-01-20",0
"1995-01-21",39.9059982299805
"1995-01-22",19.4360008239746
"1995-01-23",54.7290000915527
"1995-01-24",15.4090003967285
"1995-01-25",5.82800006866455
"1995-01-26",6.11600017547607
"1995-01-27",71.0579986572266
"1995-01-28",53.3569984436035
"1995-01-29",0
"1995-01-30",2.10800004005432
"1995-01-31",0
"1995-02-01",0
"1995-02-02",0
"1995-02-03",0
"1995-02-04",0
"1995-02-05",0
"1995-02-06",0
"1995-02-07",0.0529999993741512
"1995-02-08",17.2840003967285
"1995-02-09",2.6159999370575
"1995-02-10",0
"1995-02-11",0.0970000028610229
"1995-02-12",0
"1995-02-13",0
"1995-02-14",1.24800002574921
"1995-02-15",0
"1995-02-16",0
"1995-02-17",0
"1995-02-18",0
"1995-02-19",0
"1995-02-20",0
"1995-02-21",0
"1995-02-22",0
"1995-02-23",0
"1995-02-24",0
"1995-02-25",0
"1995-02-26",0
"1995-02-27",0
"1995-02-28",0.449999988079071
"1995-03-01",0.632000029087067
"1995-03-02",6.98099994659424
"1995-03-03",33.0419998168945
"1995-03-04",2.97499990463257
"1995-03-05",8.96000003814697
"1995-03-06",0
"1995-03-07",0
"1995-03-08",0
"1995-03-09",89.8539962768555
"1995-03-10",107.319000244141
"1995-03-11",54.0299987792969
"1995-03-12",22.4810009002686
"1995-03-13",4.25099992752075
"1995-03-14",2.10899996757507
"1995-03-15",19.4750003814697
"1995-03-16",0
"1995-03-17",0
"1995-03-18",4.14499998092651
"1995-03-19",2.25399994850159
"1995-03-20",8.95300006866455
"1995-03-21",37.0750007629395
"1995-03-22",39.1609992980957
"1995-03-23",63.1349983215332
"1995-03-24",8.11100006103516
"1995-03-25",0
"1995-03-26",0
"1995-03-27",0
"1995-03-28",0
"1995-03-29",0
"1995-03-30",0
"1995-03-31",0
"1995-04-01",0
"1995-04-02",0
"1995-04-03",0
"1995-04-04",0
"1995-04-05",0
"1995-04-06",0
"1995-04-07",16.4909992218018
"1995-04-08",7.04899978637695
"1995-04-09",0
"1995-04-10",0
"1995-04-11",0
"1995-04-12",0
"1995-04-13",8.49699974060059
"1995-04-14",0.467000007629395
"1995-04-15",0
"1995-04-16",7.68499994277954
"1995-04-17",0
"1995-04-18",5.38299989700317
"1995-04-19",0
"1995-04-20",6.04099988937378
"1995-04-21",0
"1995-04-22",0
"1995-04-23",0
"1995-04-24",0
"1995-04-25",0
"1995-04-26",0
"1995-04-27",11.0349998474121
"1995-04-28",12.4680004119873
"1995-04-29",36.3450012207031
"1995-04-30",7.80700016021729
"1995-05-01",21.1520004272461
"1995-05-02",18.69700050354
"1995-05-03",0
"1995-05-04",0
"1995-05-05",0
"1995-05-06",0
"1995-05-07",0
"1995-05-08",0
"1995-05-09",0
"1995-05-10",1.35699999332428
"1995-05-11",0
"1995-05-12",0
"1995-05-13",13.9090003967285
"1995-05-14",5.53900003433228
"1995-05-15",9.93200016021729
"1995-05-16",5.99599981307983
"1995-05-17",0
"1995-05-18",0
"1995-05-19",0
"1995-05-20",0
"1995-05-21",0
"1995-05-22",0
"1995-05-23",0
"1995-05-24",0
"1995-05-25",0
"1995-05-26",0
"1995-05-27",0
"1995-05-28",0
"1995-05-29",0
"1995-05-30",0
"1995-05-31",0
"1995-06-01",0
"1995-06-02",0
"1995-06-03",0
"1995-06-04",0
"1995-06-05",0
"1995-06-06",0
"1995-06-07",0
"1995-06-08",0
"1995-06-09",0
"1995-06-10",0
"1995-06-11",0
"1995-06-12",0
"1995-06-13",0
"1995-06-14",0
"1995-06-15",8.20600032806396
"1995-06-16",17.7859992980957
"1995-06-17",2.92300009727478
"1995-06-18",0
"1995-06-19",0
"1995-06-20",0
"1995-06-21",0
"1995-06-22",0
"1995-06-23",0
"1995-06-24",0
"1995-06-25",0
"1995-06-26",0
"1995-06-27",0
"1995-06-28",0
"1995-06-29",0
"1995-06-30",0
"1995-07-01",0
"1995-07-02",0
"1995-07-03",0
"1995-07-04",0
"1995-07-05",0
"1995-07-06",0
"1995-07-07",0
"1995-07-08",0
"1995-07-09",0
"1995-07-10",0
"1995-07-11",0
"1995-07-12",0
"1995-07-13",0
"1995-07-14",0
"1995-07-15",0
"1995-07-16",0
"1995-07-17",0.006000000052154
"1995-07-18",0
"1995-07-19",0
"1995-07-20",0
"1995-07-21",0
"1995-07-22",0
"1995-07-23",0
"1995-07-24",0
"1995-07-25",0
"1995-07-26",0
"1995-07-27",0
"1995-07-28",0
"1995-07-29",0
"1995-07-30",0
"1995-07-31",0
"1995-08-01",0
"1995-08-02",0
"1995-08-03",0
"1995-08-04",0
"1995-08-05",0
"1995-08-06",0
"1995-08-07",0
"1995-08-08",0
"1995-08-09",0
"1995-08-10",0
"1995-08-11",0
"1995-08-12",0
"1995-08-13",0
"1995-08-14",0
"1995-08-15",0
"1995-08-16",0
"1995-08-17",0
"1995-08-18",0
"1995-08-19",0
"1995-08-20",0
"1995-08-21",0
"1995-08-22",0
"1995-08-23",0
"1995-08-24",0
"1995-08-25",0
"1995-08-26",0
"1995-08-27",0
"1995-08-28",0
"1995-08-29",0
"1995-08-30",0
"1995-08-31",0
"1995-09-01",0
"1995-09-02",0
"1995-09-03",0
"1995-09-04",0
"1995-09-05",0
"1995-09-06",0
"1995-09-07",0
"1995-09-08",0
"1995-09-09",0
"1995-09-10",0
"1995-09-11",0
"1995-09-12",0
"1995-09-13",0
"1995-09-14",0
"1995-09-15",0
"1995-09-16",0
"1995-09-17",0
"1995-09-18",0
"1995-09-19",0
"1995-09-20",0
"1995-09-21",0
"1995-09-22",0
"1995-09-23",0
"1995-09-24",0
"1995-09-25",0
"1995-09-26",0
"1995-09-27",0
"1995-09-28",0
"1995-09-29",0
"1995-09-30",0
"1995-10-01",0
"1995-10-02",0
"1995-10-03",0
"1995-10-04",0
"1995-10-05",0
"1995-10-06",0
"1995-10-07",0
"1995-10-08",0
"1995-10-09",0
"1995-10-10",0
"1995-10-11",0
"1995-10-12",0
"1995-10-13",0
"1995-10-14",0
"1995-10-15",0
"1995-10-16",0
"1995-10-17",0
"1995-10-18",0
"1995-10-19",0
"1995-10-20",0
"1995-10-21",0
"1995-10-22",0
"1995-10-23",0
"1995-10-24",0
"1995-10-25",0
"1995-10-26",0
"1995-10-27",0
"1995-10-28",0
"1995-10-29",0
"1995-10-30",0
"1995-10-31",0
"1995-11-01",9.34200000762939
"1995-11-02",0
"1995-11-03",0
"1995-11-04",0
"1995-11-05",0
"1995-11-06",0
"1995-11-07",0
"1995-11-08",0
"1995-11-09",0
"1995-11-10",0
"1995-11-11",0
"1995-11-12",0
"1995-11-13",0
"1995-11-14",0
"1995-11-15",0
"1995-11-16",0
"1995-11-17",0
"1995-11-18",0
"1995-11-19",0
"1995-11-20",0
"1995-11-21",0.184000000357628
"1995-11-22",0
"1995-11-23",0
"1995-11-24",0
"1995-11-25",0
"1995-11-26",0
"1995-11-27",0
"1995-11-28",0
"1995-11-29",0
"1995-11-30",0
"1995-12-01",0
"1995-12-02",0.0979999974370003
"1995-12-03",0
"1995-12-04",6.31199979782104
"1995-12-05",0
"1995-12-06",0
"1995-12-07",0
"1995-12-08",0
"1995-12-09",0
"1995-12-10",0
"1995-12-11",49.0859985351562
"1995-12-12",170.229995727539
"1995-12-13",32.2249984741211
"1995-12-14",13.6999998092651
"1995-12-15",28.386999130249
"1995-12-16",11.2430000305176
"1995-12-17",0
"1995-12-18",6.20699977874756
"1995-12-19",1.49500000476837
"1995-12-20",0
"1995-12-21",0
"1995-12-22",8.52200031280518
"1995-12-23",2.45799994468689
"1995-12-24",0
"1995-12-25",0
"1995-12-26",0
"1995-12-27",0
"1995-12-28",0
"1995-12-29",4.9980001449585
"1995-12-30",13.4379997253418
"1995-12-31",0.0010000000474974
"1996-01-01",0
"1996-01-02",0
"1996-01-03",0
"1996-01-04",0.0799999982118607
"1996-01-05",0
"1996-01-06",0
"1996-01-07",0
"1996-01-08",0
"1996-01-09",0
"1996-01-10",0
"1996-01-11",0
"1996-01-12",0
"1996-01-13",0
"1996-01-14",0
"1996-01-15",0
"1996-01-16",54.0820007324219
"1996-01-17",60.1800003051758
"1996-01-18",1.61899995803833
"1996-01-19",37.1660003662109
"1996-01-20",1.35000002384186
"1996-01-21",35.632999420166
"1996-01-22",6.43599987030029
"1996-01-23",0
"1996-01-24",15.4940004348755
"1996-01-25",54.3800010681152
"1996-01-26",0
"1996-01-27",41.3429985046387
"1996-01-28",22.173999786377
"1996-01-29",0
"1996-01-30",0
"1996-01-31",60.2610015869141
"1996-02-01",17.628999710083
"1996-02-02",0
"1996-02-03",9.79500007629395
"1996-02-04",50.048999786377
"1996-02-05",56.4529991149902
"1996-02-06",0.314999997615814
"1996-02-07",0
"1996-02-08",0
"1996-02-09",0
"1996-02-10",0
"1996-02-11",0
"1996-02-12",0
"1996-02-13",0
"1996-02-14",0
"1996-02-15",0
"1996-02-16",13.4729995727539
"1996-02-17",10.2379999160767
"1996-02-18",7.13700008392334
"1996-02-19",77.4629974365234
"1996-02-20",57.3499984741211
"1996-02-21",54.0060005187988
"1996-02-22",14.8819999694824
"1996-02-23",1.21000003814697
"1996-02-24",17.6149997711182
"1996-02-25",9.73299980163574
"1996-02-26",0
"1996-02-27",12.3479995727539
"1996-02-28",10.4980001449585
"1996-02-29",31.4409999847412
"1996-03-01",3.02300000190735
"1996-03-02",0
"1996-03-03",0
"1996-03-04",12.8020000457764
"1996-03-05",33.390998840332
"1996-03-06",1.875
"1996-03-07",0
"1996-03-08",0
"1996-03-09",0
"1996-03-10",0.558000028133392
"1996-03-11",9.40200042724609
"1996-03-12",65.5410003662109
"1996-03-13",17.1389999389648
"1996-03-14",0
"1996-03-15",0
"1996-03-16",0
"1996-03-17",0
"1996-03-18",0
"1996-03-19",0
"1996-03-20",0
"1996-03-21",0
"1996-03-22",0
"1996-03-23",0
"1996-03-24",0
"1996-03-25",0
"1996-03-26",0
"1996-03-27",0
"1996-03-28",5.20699977874756
"1996-03-29",0
"1996-03-30",0
"1996-03-31",0
"1996-04-01",16.4829998016357
"1996-04-02",29.6270008087158
"1996-04-03",0
"1996-04-04",0
"1996-04-05",0
"1996-04-06",0
"1996-04-07",0
"1996-04-08",0
"1996-04-09",0
"1996-04-10",0
"1996-04-11",0
"1996-04-12",0
"1996-04-13",0
"1996-04-14",0
"1996-04-15",0
"1996-04-16",25.9409999847412
"1996-04-17",3.60500001907349
"1996-04-18",22.6770000457764
"1996-04-19",0
"1996-04-20",0.805999994277954
"1996-04-21",0
"1996-04-22",0
"1996-04-23",0
"1996-04-24",0
"1996-04-25",0
"1996-04-26",0
"1996-04-27",0
"1996-04-28",0
"1996-04-29",0
"1996-04-30",0
"1996-05-01",0
"1996-05-02",0
"1996-05-03",0
"1996-05-04",0
"1996-05-05",0
"1996-05-06",0
"1996-05-07",0
"1996-05-08",0
"1996-05-09",0
"1996-05-10",0
"1996-05-11",0
"1996-05-12",0
"1996-05-13",0
"1996-05-14",0
"1996-05-15",0.363000005483627
"1996-05-16",83.1709976196289
"1996-05-17",12.9930000305176
"1996-05-18",16.7490005493164
"1996-05-19",0
"1996-05-20",0
"1996-05-21",0
"1996-05-22",10.798999786377
"1996-05-23",0
"1996-05-24",0
"1996-05-25",0
"1996-05-26",0
"1996-05-27",0
"1996-05-28",0
"1996-05-29",0
"1996-05-30",0
"1996-05-31",0
"1996-06-01",0
"1996-06-02",0
"1996-06-03",0
"1996-06-04",0
"1996-06-05",0
"1996-06-06",0
"1996-06-07",0
"1996-06-08",0
"1996-06-09",0
"1996-06-10",0
"1996-06-11",0
"1996-06-12",0
"1996-06-13",0
"1996-06-14",0
"1996-06-15",0
"1996-06-16",0
"1996-06-17",0
"1996-06-18",0
"1996-06-19",0
"1996-06-20",0
"1996-06-21",0
"1996-06-22",0
"1996-06-23",0
"1996-06-24",0
"1996-06-25",0
"1996-06-26",0
"1996-06-27",0.479999989271164
"1996-06-28",0
"1996-06-29",0
"1996-06-30",0
"1996-07-01",0
"1996-07-02",0
"1996-07-03",0
"1996-07-04",0
"1996-07-05",0
"1996-07-06",0
"1996-07-07",0
"1996-07-08",0
"1996-07-09",0
"1996-07-10",0
"1996-07-11",0
"1996-07-12",0
"1996-07-13",0
"1996-07-14",0
"1996-07-15",0
"1996-07-16",0
"1996-07-17",0
"1996-07-18",0
"1996-07-19",0
"1996-07-20",0
"1996-07-21",0
"1996-07-22",0
"1996-07-23",0
"1996-07-24",0
"1996-07-25",0
"1996-07-26",0
"1996-07-27",0
"1996-07-28",0
"1996-07-29",0
"1996-07-30",0
"1996-07-31",0
"1996-08-01",0
"1996-08-02",0
"1996-08-03",0
"1996-08-04",0
"1996-08-05",0
"1996-08-06",0
"1996-08-07",0
"1996-08-08",0
"1996-08-09",0
"1996-08-10",0
"1996-08-11",0
"1996-08-12",0
"1996-08-13",0
"1996-08-14",0
"1996-08-15",0
"1996-08-16",0
"1996-08-17",0
"1996-08-18",0
"1996-08-19",0
"1996-08-20",0
"1996-08-21",0
"1996-08-22",0
"1996-08-23",0
"1996-08-24",0
"1996-08-25",0
"1996-08-26",0
"1996-08-27",0
"1996-08-28",0
"1996-08-29",0
"1996-08-30",0
"1996-08-31",0
"1996-09-01",0
"1996-09-02",0
"1996-09-03",0
"1996-09-04",0
"1996-09-05",0
"1996-09-06",0
"1996-09-07",0
"1996-09-08",0
"1996-09-09",0
"1996-09-10",0
"1996-09-11",0
"1996-09-12",0
"1996-09-13",0
"1996-09-14",0
"1996-09-15",0
"1996-09-16",0
"1996-09-17",0
"1996-09-18",0
"1996-09-19",0
"1996-09-20",0
"1996-09-21",0
"1996-09-22",0
"1996-09-23",0
"1996-09-24",0
"1996-09-25",0
"1996-09-26",0
"1996-09-27",0
"1996-09-28",0
"1996-09-29",0
"1996-09-30",0
"1996-10-01",0
"1996-10-02",0
"1996-10-03",0
"1996-10-04",0
"1996-10-05",0
"1996-10-06",0
"1996-10-07",0
"1996-10-08",0
"1996-10-09",0
"1996-10-10",0
"1996-10-11",0
"1996-10-12",0
"1996-10-13",0
"1996-10-14",0
"1996-10-15",0
"1996-10-16",0
"1996-10-17",0
"1996-10-18",0
"1996-10-19",0
"1996-10-20",0
"1996-10-21",0
"1996-10-22",0
"1996-10-23",0
"1996-10-24",0
"1996-10-25",1.10500001907349
"1996-10-26",0.566999971866608
"1996-10-27",0
"1996-10-28",0
"1996-10-29",46.6479988098145
"1996-10-30",16.4050006866455
"1996-10-31",9.88399982452393
"1996-11-01",0
"1996-11-02",0
"1996-11-03",0
"1996-11-04",0
"1996-11-05",0
"1996-11-06",0
"1996-11-07",0
"1996-11-08",0
"1996-11-09",0
"1996-11-10",0
"1996-11-11",0
"1996-11-12",0
"1996-11-13",0
"1996-11-14",0
"1996-11-15",0
"1996-11-16",0
"1996-11-17",88.8960037231445
"1996-11-18",61.5410003662109
"1996-11-19",26.8649997711182
"1996-11-20",25.8540000915527
"1996-11-21",0
"1996-11-22",28.3390007019043
"1996-11-23",12.4820003509521
"1996-11-24",0
"1996-11-25",0
"1996-11-26",0
"1996-11-27",0
"1996-11-28",0
"1996-11-29",0
"1996-11-30",0
"1996-12-01",10.4569997787476
"1996-12-02",0.0010000000474974
"1996-12-03",0
"1996-12-04",0
"1996-12-05",65.5370025634766
"1996-12-06",9.38700008392334
"1996-12-07",0
"1996-12-08",0
"1996-12-09",23.7959995269775
"1996-12-10",132.186996459961
"1996-12-11",64.3610000610352
"1996-12-12",42.8370018005371
"1996-12-13",31.2509994506836
"1996-12-14",0
"1996-12-15",0
"1996-12-16",0
"1996-12-17",0
"1996-12-18",0
"1996-12-19",0
"1996-12-20",0
"1996-12-21",49.576000213623
"1996-12-22",54.3019981384277
"1996-12-23",4.37599992752075
"1996-12-24",0
"1996-12-25",0
"1996-12-26",2.91199994087219
"1996-12-27",62.4570007324219
"1996-12-28",10.7589998245239
"1996-12-29",7.54500007629395
"1996-12-30",40.0190010070801
"1996-12-31",41.507999420166
"1997-01-01",84.6999969482422
"1997-01-02",119.543998718262
"1997-01-03",29.9860000610352
"1997-01-04",0
"1997-01-05",10.4309997558594
"1997-01-06",0
"1997-01-07",0
"1997-01-08",0
"1997-01-09",0
"1997-01-10",0
"1997-01-11",0
"1997-01-12",5.77600002288818
"1997-01-13",5.58699989318848
"1997-01-14",0
"1997-01-15",30.7590007781982
"1997-01-16",1.15799999237061
"1997-01-17",0
"1997-01-18",0
"1997-01-19",0
"1997-01-20",9.88899993896484
"1997-01-21",15.9180002212524
"1997-01-22",57.242000579834
"1997-01-23",70.2620010375977
"1997-01-24",0
"1997-01-25",91.6859970092773
"1997-01-26",41.2610015869141
"1997-01-27",7.57000017166138
"1997-01-28",0
"1997-01-29",0
"1997-01-30",0
"1997-01-31",0
"1997-02-01",0
"1997-02-02",0
"1997-02-03",0
"1997-02-04",4.64499998092651
"1997-02-05",0
"1997-02-06",0
"1997-02-07",0
"1997-02-08",0
"1997-02-09",0
"1997-02-10",0
"1997-02-11",0
"1997-02-12",0
"1997-02-13",0
"1997-02-14",0
"1997-02-15",0
"1997-02-16",0
"1997-02-17",4.56199979782104
"1997-02-18",0
"1997-02-19",0
"1997-02-20",0
"1997-02-21",0
"1997-02-22",0
"1997-02-23",0
"1997-02-24",0
"1997-02-25",0
"1997-02-26",0
"1997-02-27",0
"1997-02-28",0
"1997-03-01",0
"1997-03-02",8.29599952697754
"1997-03-03",2.75399994850159
"1997-03-04",0
"1997-03-05",0
"1997-03-06",0
"1997-03-07",0
"1997-03-08",0
"1997-03-09",0
"1997-03-10",0
"1997-03-11",0
"1997-03-12",0
"1997-03-13",0
"1997-03-14",0
"1997-03-15",0
"1997-03-16",0
"1997-03-17",29.0049991607666
"1997-03-18",0
"1997-03-19",0
"1997-03-20",0
"1997-03-21",0
"1997-03-22",0
"1997-03-23",0
"1997-03-24",0
"1997-03-25",0
"1997-03-26",0
"1997-03-27",0
"1997-03-28",0
"1997-03-29",0
"1997-03-30",0
"1997-03-31",0
"1997-04-01",0
"1997-04-02",0
"1997-04-03",0
"1997-04-04",0
"1997-04-05",0
"1997-04-06",0
"1997-04-07",0
"1997-04-08",0
"1997-04-09",0
"1997-04-10",0
"1997-04-11",0
"1997-04-12",0
"1997-04-13",0
"1997-04-14",0
"1997-04-15",0
"1997-04-16",0
"1997-04-17",0
"1997-04-18",0
"1997-04-19",20.4969997406006
"1997-04-20",0
"1997-04-21",0
"1997-04-22",0
"1997-04-23",0.845000028610229
"1997-04-24",0
"1997-04-25",0
"1997-04-26",0
"1997-04-27",0
"1997-04-28",0
"1997-04-29",0
"1997-04-30",0
"1997-05-01",0
"1997-05-02",0
"1997-05-03",0
"1997-05-04",0
"1997-05-05",0
"1997-05-06",0
"1997-05-07",0
"1997-05-08",0
"1997-05-09",0
"1997-05-10",0
"1997-05-11",0
"1997-05-12",0
"1997-05-13",0
"1997-05-14",0
"1997-05-15",0
"1997-05-16",0
"1997-05-17",0
"1997-05-18",0
"1997-05-19",0
"1997-05-20",0
"1997-05-21",0
"1997-05-22",0
"1997-05-23",0
"1997-05-24",6.30100011825562
"1997-05-25",0
"1997-05-26",0
"1997-05-27",0
"1997-05-28",0
"1997-05-29",0
"1997-05-30",0
"1997-05-31",0
"1997-06-01",0
"1997-06-02",0
"1997-06-03",0
"1997-06-04",5.47300004959106
"1997-06-05",0.363999992609024
"1997-06-06",0
"1997-06-07",0
"1997-06-08",0
"1997-06-09",0
"1997-06-10",0
"1997-06-11",0
"1997-06-12",0
"1997-06-13",0
"1997-06-14",0.354999989271164
"1997-06-15",0
"1997-06-16",0
"1997-06-17",0
"1997-06-18",0
"1997-06-19",0
"1997-06-20",0
"1997-06-21",0
"1997-06-22",0
"1997-06-23",0
"1997-06-24",0
"1997-06-25",0
"1997-06-26",0
"1997-06-27",0
"1997-06-28",0
"1997-06-29",0
"1997-06-30",0
"1997-07-01",0.0010000000474974
"1997-07-02",0
"1997-07-03",0
"1997-07-04",0
"1997-07-05",0
"1997-07-06",0
"1997-07-07",0
"1997-07-08",0
"1997-07-09",0
"1997-07-10",0
"1997-07-11",0
"1997-07-12",0
"1997-07-13",0
"1997-07-14",0
"1997-07-15",0
"1997-07-16",0
"1997-07-17",0
"1997-07-18",0
"1997-07-19",0
"1997-07-20",0
"1997-07-21",0
"1997-07-22",0
"1997-07-23",0
"1997-07-24",0
"1997-07-25",0
"1997-07-26",0
"1997-07-27",0
"1997-07-28",0
"1997-07-29",0
"1997-07-30",0
"1997-07-31",0
"1997-08-01",0
"1997-08-02",0
"1997-08-03",0
"1997-08-04",0
"1997-08-05",0
"1997-08-06",0
"1997-08-07",0
"1997-08-08",0
"1997-08-09",0
"1997-08-10",0
"1997-08-11",0
"1997-08-12",0
"1997-08-13",0
"1997-08-14",0
"1997-08-15",0
"1997-08-16",0
"1997-08-17",0
"1997-08-18",0
"1997-08-19",0
"1997-08-20",16.1749992370605
"1997-08-21",1.36199998855591
"1997-08-22",0
"1997-08-23",0
"1997-08-24",0
"1997-08-25",0
"1997-08-26",0
"1997-08-27",0
"1997-08-28",0
"1997-08-29",0
"1997-08-30",0
"1997-08-31",0
"1997-09-01",0
"1997-09-02",0
"1997-09-03",0
"1997-09-04",0
"1997-09-05",0
"1997-09-06",0
"1997-09-07",0
"1997-09-08",0
"1997-09-09",0
"1997-09-10",0
"1997-09-11",0
"1997-09-12",0
"1997-09-13",0
"1997-09-14",0
"1997-09-15",0
"1997-09-16",0
"1997-09-17",0
"1997-09-18",0
"1997-09-19",0
"1997-09-20",0
"1997-09-21",0
"1997-09-22",0
"1997-09-23",0
"1997-09-24",0
"1997-09-25",0
"1997-09-26",0
"1997-09-27",0
"1997-09-28",0
"1997-09-29",0
"1997-09-30",0
"1997-10-01",0
"1997-10-02",5.8600001335144
"1997-10-03",0
"1997-10-04",0
"1997-10-05",0
"1997-10-06",0
"1997-10-07",0
"1997-10-08",0
"1997-10-09",20.0930004119873
"1997-10-10",4.44999980926514
"1997-10-11",4.17000007629395
"1997-10-12",0
"1997-10-13",0
"1997-10-14",0
"1997-10-15",0
"1997-10-16",0
"1997-10-17",0
"1997-10-18",0
"1997-10-19",0
"1997-10-20",0
"1997-10-21",0
"1997-10-22",0
"1997-10-23",0
"1997-10-24",0
"1997-10-25",0
"1997-10-26",0
"1997-10-27",0
"1997-10-28",0
"1997-10-29",0
"1997-10-30",0
"1997-10-31",0
"1997-11-01",0
"1997-11-02",0
"1997-11-03",0
"1997-11-04",0
"1997-11-05",0
"1997-11-06",0
"1997-11-07",0.0099999997764825
"1997-11-08",0
"1997-11-09",0
"1997-11-10",12.6379995346069
"1997-11-11",7.2519998550415
"1997-11-12",0.381999999284744
"1997-11-13",23.8759994506836
"1997-11-14",16.0879993438721
"1997-11-15",32.3479995727539
"1997-11-16",13.6079998016357
"1997-11-17",12.6770000457764
"1997-11-18",0
"1997-11-19",39.1269989013672
"1997-11-20",0
"1997-11-21",0
"1997-11-22",0
"1997-11-23",9.47200012207031
"1997-11-24",0.23199999332428
"1997-11-25",10.4420003890991
"1997-11-26",82.5400009155273
"1997-11-27",34.1030006408691
"1997-11-28",0
"1997-11-29",7.4980001449585
"1997-11-30",35.9249992370605
"1997-12-01",4.46299982070923
"1997-12-02",0
"1997-12-03",0
"1997-12-04",6.69199991226196
"1997-12-05",24.8390007019043
"1997-12-06",3.08800005912781
"1997-12-07",22.6529998779297
"1997-12-08",35.9039993286133
"1997-12-09",3.21199989318848
"1997-12-10",0
"1997-12-11",0
"1997-12-12",0
"1997-12-13",0
"1997-12-14",44.4560012817383
"1997-12-15",13.8579998016357
"1997-12-16",0
"1997-12-17",0
"1997-12-18",0
"1997-12-19",0
"1997-12-20",0
"1997-12-21",0
"1997-12-22",0
"1997-12-23",0
"1997-12-24",0
"1997-12-25",0
"1997-12-26",0
"1997-12-27",0
"1997-12-28",0
"1997-12-29",0
"1997-12-30",0
"1997-12-31",0
"1998-01-01",0
"1998-01-02",32.4269981384277
"1998-01-03",25.5909996032715
"1998-01-04",35.4070014953613
"1998-01-05",3.5699999332428
"1998-01-06",0
"1998-01-07",10.6979999542236
"1998-01-08",0.0219999998807907
"1998-01-09",0
"1998-01-10",22.556999206543
"1998-01-11",27.7950000762939
"1998-01-12",75.9970016479492
"1998-01-13",17.6280002593994
"1998-01-14",4.08500003814697
"1998-01-15",35.226001739502
"1998-01-16",17.4370002746582
"1998-01-17",4.85599994659424
"1998-01-18",0
"1998-01-19",45.1689987182617
"1998-01-20",3.68600010871887
"1998-01-21",0
"1998-01-22",0
"1998-01-23",0
"1998-01-24",0.959999978542328
"1998-01-25",0
"1998-01-26",16.2089996337891
"1998-01-27",24.7660007476807
"1998-01-28",0
"1998-01-29",55.5740013122559
"1998-01-30",8.88199996948242
"1998-01-31",10.5410003662109
"1998-02-01",20.8950004577637
"1998-02-02",49.8129997253418
"1998-02-03",163.255004882812
"1998-02-04",32.9039993286133
"1998-02-05",14.9879999160767
"1998-02-06",37.351001739502
"1998-02-07",52.8479995727539
"1998-02-08",52.0460014343262
"1998-02-09",19.6550006866455
"1998-02-10",0.720000028610229
"1998-02-11",3.72099995613098
"1998-02-12",6.50600004196167
"1998-02-13",8.1850004196167
"1998-02-14",29.8519992828369
"1998-02-15",18.076000213623
"1998-02-16",0.0130000002682209
"1998-02-17",24.6299991607666
"1998-02-18",4.03499984741211
"1998-02-19",22.5170001983643
"1998-02-20",32.6129989624023
"1998-02-21",12.4580001831055
"1998-02-22",74.8199996948242
"1998-02-23",13.7449998855591
"1998-02-24",27.7929992675781
"1998-02-25",0.0270000007003546
"1998-02-26",0.722000002861023
"1998-02-27",0
"1998-02-28",0
"1998-03-01",0
"1998-03-02",0
"1998-03-03",0.592999994754791
"1998-03-04",0
"1998-03-05",8.0310001373291
"1998-03-06",13.3159999847412
"1998-03-07",0
"1998-03-08",4.88600015640259
"1998-03-09",0
"1998-03-10",0
"1998-03-11",0
"1998-03-12",0
"1998-03-13",28.068000793457
"1998-03-14",3.50399994850159
"1998-03-15",0
"1998-03-16",1.97200000286102
"1998-03-17",0
"1998-03-18",0
"1998-03-19",0
"1998-03-20",0
"1998-03-21",0
"1998-03-22",0
"1998-03-23",0
"1998-03-24",56.7910003662109
"1998-03-25",7.67399978637695
"1998-03-26",0.773999989032745
"1998-03-27",0.0080000003799796
"1998-03-28",10.6260004043579
"1998-03-29",1.40600001811981
"1998-03-30",0
"1998-03-31",10.2030000686646
"1998-04-01",11.4040002822876
"1998-04-02",1.057000041008
"1998-04-03",26.5130004882812
"1998-04-04",12.4540004730225
"1998-04-05",1.21800005435944
"1998-04-06",1.18299996852875
"1998-04-07",8.60999965667725
"1998-04-08",0
"1998-04-09",0
"1998-04-10",0
"1998-04-11",3.51699995994568
"1998-04-12",3.10999989509583
"1998-04-13",24.8910007476807
"1998-04-14",5.09899997711182
"1998-04-15",1.27600002288818
"1998-04-16",0
"1998-04-17",0
"1998-04-18",0
"1998-04-19",0
"1998-04-20",0
"1998-04-21",0
"1998-04-22",0
"1998-04-23",11.6890001296997
"1998-04-24",6.90500020980835
"1998-04-25",0
"1998-04-26",0
"1998-04-27",0
"1998-04-28",0
"1998-04-29",0
"1998-04-30",0
"1998-05-01",0.736999988555908
"1998-05-02",17.7910003662109
"1998-05-03",1.17299997806549
"1998-05-04",4.64499998092651
"1998-05-05",4.22200012207031
"1998-05-06",4.72300004959106
"1998-05-07",1.64199995994568
"1998-05-08",2.18600010871887
"1998-05-09",2.28200006484985
"1998-05-10",0
"1998-05-11",0
"1998-05-12",15.6280002593994
"1998-05-13",9.39999961853027
"1998-05-14",0.805999994277954
"1998-05-15",0
"1998-05-16",0
"1998-05-17",0
"1998-05-18",0
"1998-05-19",0
"1998-05-20",0
"1998-05-21",0
"1998-05-22",0
"1998-05-23",0
"1998-05-24",0
"1998-05-25",2.27999997138977
"1998-05-26",1.41999995708466
"1998-05-27",0.462000012397766
"1998-05-28",26.6770000457764
"1998-05-29",49.7900009155273
"1998-05-30",3.22399997711182
"1998-05-31",0
"1998-06-01",0
"1998-06-02",0
"1998-06-03",0.0989999994635582
"1998-06-04",0
"1998-06-05",0
"1998-06-06",0
"1998-06-07",0.416999995708466
"1998-06-08",1.76900005340576
"1998-06-09",0.41100001335144
"1998-06-10",0
"1998-06-11",0
"1998-06-12",0
"1998-06-13",0
"1998-06-14",0
"1998-06-15",0
"1998-06-16",0
"1998-06-17",0
"1998-06-18",0
"1998-06-19",0
"1998-06-20",0
"1998-06-21",0
"1998-06-22",0
"1998-06-23",0
"1998-06-24",0
"1998-06-25",0
"1998-06-26",0
"1998-06-27",0
"1998-06-28",0
"1998-06-29",0
"1998-06-30",0
"1998-07-01",0
"1998-07-02",0
"1998-07-03",0
"1998-07-04",0
"1998-07-05",0
"1998-07-06",0
"1998-07-07",0
"1998-07-08",0
"1998-07-09",0
"1998-07-10",0
"1998-07-11",0
"1998-07-12",0
"1998-07-13",0
"1998-07-14",0
"1998-07-15",0
"1998-07-16",0
"1998-07-17",0
"1998-07-18",0
"1998-07-19",0
"1998-07-20",0
"1998-07-21",0
"1998-07-22",0
"1998-07-23",0
"1998-07-24",0
"1998-07-25",0
"1998-07-26",0
"1998-07-27",0
"1998-07-28",0
"1998-07-29",0
"1998-07-30",0
"1998-07-31",0
"1998-08-01",0
"1998-08-02",0
"1998-08-03",0
"1998-08-04",0
"1998-08-05",0
"1998-08-06",0
"1998-08-07",0
"1998-08-08",0
"1998-08-09",0
"1998-08-10",0
"1998-08-11",0
"1998-08-12",0
"1998-08-13",0
"1998-08-14",0
"1998-08-15",0
"1998-08-16",0
"1998-08-17",0
"1998-08-18",0
"1998-08-19",0
"1998-08-20",0
"1998-08-21",0
"1998-08-22",0
"1998-08-23",0
"1998-08-24",0
"1998-08-25",0
"1998-08-26",0
"1998-08-27",0
"1998-08-28",0
"1998-08-29",0
"1998-08-30",0
"1998-08-31",0
"1998-09-01",0
"1998-09-02",0
"1998-09-03",0
"1998-09-04",0
"1998-09-05",0
"1998-09-06",0
"1998-09-07",0
"1998-09-08",0
"1998-09-09",0.492000013589859
"1998-09-10",0
"1998-09-11",0
"1998-09-12",0
"1998-09-13",0
"1998-09-14",0
"1998-09-15",0
"1998-09-16",0
"1998-09-17",0
"1998-09-18",0
"1998-09-19",0
"1998-09-20",0
"1998-09-21",0
"1998-09-22",0
"1998-09-23",0
"1998-09-24",0
"1998-09-25",0
"1998-09-26",0
"1998-09-27",4.99900007247925
"1998-09-28",0.0099999997764825
"1998-09-29",0
"1998-09-30",0
"1998-10-01",0
"1998-10-02",0
"1998-10-03",0
"1998-10-04",0
"1998-10-05",0
"1998-10-06",0
"1998-10-07",0
"1998-10-08",0
"1998-10-09",0
"1998-10-10",0
"1998-10-11",0
"1998-10-12",0
"1998-10-13",0
"1998-10-14",0
"1998-10-15",0
"1998-10-16",0
"1998-10-17",0
"1998-10-18",0
"1998-10-19",0
"1998-10-20",0
"1998-10-21",0
"1998-10-22",0
"1998-10-23",0
"1998-10-24",6.92600011825562
"1998-10-25",24.6989994049072
"1998-10-26",0
"1998-10-27",0
"1998-10-28",0
"1998-10-29",0
"1998-10-30",0
"1998-10-31",0.544000029563904
"1998-11-01",0.337000012397766
"1998-11-02",0
"1998-11-03",0
"1998-11-04",0
"1998-11-05",0
"1998-11-06",0
"1998-11-07",43.882999420166
"1998-11-08",28.1730003356934
"1998-11-09",7.81500005722046
"1998-11-10",0
"1998-11-11",9.26599979400635
"1998-11-12",0
"1998-11-13",0
"1998-11-14",0
"1998-11-15",0
"1998-11-16",0
"1998-11-17",8.40100002288818
"1998-11-18",0
"1998-11-19",0
"1998-11-20",0
"1998-11-21",0
"1998-11-22",13.210000038147
"1998-11-23",0.680999994277954
"1998-11-24",36.2050018310547
"1998-11-25",0
"1998-11-26",0
"1998-11-27",6.43300008773804
"1998-11-28",18
"1998-11-29",3.73499989509583
"1998-11-30",53.9379997253418
"1998-12-01",41.5629997253418
"1998-12-02",0
"1998-12-03",6.46000003814697
"1998-12-04",5.75
"1998-12-05",0
"1998-12-06",19.2240009307861
"1998-12-07",0
"1998-12-08",1.43299996852875
"1998-12-09",0
"1998-12-10",0
"1998-12-11",0
"1998-12-12",0
"1998-12-13",0
"1998-12-14",10.1350002288818
"1998-12-15",0
"1998-12-16",0
"1998-12-17",0
"1998-12-18",0
"1998-12-19",0
"1998-12-20",5.69000005722046
"1998-12-21",0.141000002622604
"1998-12-22",0
"1998-12-23",0
"1998-12-24",0
"1998-12-25",0
"1998-12-26",0
"1998-12-27",0
"1998-12-28",0
"1998-12-29",0
"1998-12-30",0
"1998-12-31",0
"1999-01-01",0
"1999-01-02",0
"1999-01-03",0
"1999-01-04",0
"1999-01-05",0
"1999-01-06",0
"1999-01-07",0
"1999-01-08",0
"1999-01-09",0
"1999-01-10",0
"1999-01-11",0
"1999-01-12",0
"1999-01-13",0
"1999-01-14",0
"1999-01-15",1.56200003623962
"1999-01-16",15.9300003051758
"1999-01-17",3.75999999046326
"1999-01-18",17.6399993896484
"1999-01-19",67.7570037841797
"1999-01-20",53.3740005493164
"1999-01-21",20.7590007781982
"1999-01-22",0
"1999-01-23",11.4359998703003
"1999-01-24",11.3500003814697
"1999-01-25",2.99300003051758
"1999-01-26",28.068000793457
"1999-01-27",15.5860004425049
"1999-01-28",0
"1999-01-29",0
"1999-01-30",0
"1999-01-31",31.3369998931885
"1999-02-01",8.17599964141846
"1999-02-02",0
"1999-02-03",0
"1999-02-04",0
"1999-02-05",0
"1999-02-06",0
"1999-02-07",85.4850006103516
"1999-02-08",45.7379989624023
"1999-02-09",40.2999992370605
"1999-02-10",14.8330001831055
"1999-02-11",0
"1999-02-12",0
"1999-02-13",0
"1999-02-14",5.84299993515015
"1999-02-15",0
"1999-02-16",2.68499994277954
"1999-02-17",30.746000289917
"1999-02-18",1.12899994850159
"1999-02-19",7.37200021743774
"1999-02-20",0
"1999-02-21",20.8150005340576
"1999-02-22",2.72000002861023
"1999-02-23",0
"1999-02-24",0
"1999-02-25",15.7770004272461
"1999-02-26",1.82000005245209
"1999-02-27",0
"1999-02-28",0
"1999-03-01",0.130999997258186
"1999-03-02",0
"1999-03-03",11.8629999160767
"1999-03-04",1.36099994182587
"1999-03-05",0
"1999-03-06",0
"1999-03-07",0
"1999-03-08",0
"1999-03-09",33.7089996337891
"1999-03-10",2.34599995613098
"1999-03-11",1.12600004673004
"1999-03-12",0.930000007152557
"1999-03-13",0
"1999-03-14",0
"1999-03-15",23.0520000457764
"1999-03-16",2.60899996757507
"1999-03-17",0
"1999-03-18",0
"1999-03-19",4.32000017166138
"1999-03-20",8.67099952697754
"1999-03-21",6.51300001144409
"1999-03-22",1.85199999809265
"1999-03-23",19.5750007629395
"1999-03-24",0.310000002384186
"1999-03-25",48.6310005187988
"1999-03-26",2.39400005340576
"1999-03-27",0
"1999-03-28",0
"1999-03-29",0
"1999-03-30",0
"1999-03-31",9.43000030517578
"1999-04-01",0
"1999-04-02",0
"1999-04-03",0.652999997138977
"1999-04-04",0
"1999-04-05",0
"1999-04-06",30.5160007476807
"1999-04-07",4.2189998626709
"1999-04-08",16.2819995880127
"1999-04-09",9.28400039672852
"1999-04-10",6.0460000038147
"1999-04-11",24.2940006256104
"1999-04-12",9.55300045013428
"1999-04-13",0
"1999-04-14",0
"1999-04-15",0
"1999-04-16",0
"1999-04-17",0
"1999-04-18",0
"1999-04-19",0
"1999-04-20",0
"1999-04-21",0
"1999-04-22",0
"1999-04-23",0
"1999-04-24",0
"1999-04-25",0
"1999-04-26",0
"1999-04-27",0
"1999-04-28",0
"1999-04-29",0
"1999-04-30",0
"1999-05-01",0
"1999-05-02",0
"1999-05-03",2.10500001907349
"1999-05-04",0.323000013828278
"1999-05-05",0
"1999-05-06",0
"1999-05-07",0
"1999-05-08",0
"1999-05-09",0
"1999-05-10",0
"1999-05-11",0
"1999-05-12",0
"1999-05-13",0
"1999-05-14",0
"1999-05-15",0
"1999-05-16",0
"1999-05-17",0
"1999-05-18",0
"1999-05-19",0
"1999-05-20",0
"1999-05-21",0
"1999-05-22",0
"1999-05-23",0
"1999-05-24",0
"1999-05-25",0
"1999-05-26",0
"1999-05-27",0
"1999-05-28",0
"1999-05-29",0
"1999-05-30",0
"1999-05-31",0
"1999-06-01",0
"1999-06-02",1.64100003242493
"1999-06-03",2.21499991416931
"1999-06-04",3.35999989509583
"1999-06-05",0
"1999-06-06",0
"1999-06-07",0
"1999-06-08",0
"1999-06-09",0
"1999-06-10",0
"1999-06-11",0
"1999-06-12",0
"1999-06-13",0
"1999-06-14",0
"1999-06-15",0
"1999-06-16",0
"1999-06-17",0
"1999-06-18",0
"1999-06-19",0
"1999-06-20",0
"1999-06-21",0
"1999-06-22",0
"1999-06-23",0
"1999-06-24",0
"1999-06-25",0
"1999-06-26",0
"1999-06-27",0
"1999-06-28",0
"1999-06-29",0
"1999-06-30",0
"1999-07-01",0
"1999-07-02",0
"1999-07-03",0
"1999-07-04",0
"1999-07-05",0
"1999-07-06",0
"1999-07-07",0
"1999-07-08",0
"1999-07-09",0
"1999-07-10",0
"1999-07-11",0
"1999-07-12",0
"1999-07-13",0
"1999-07-14",0
"1999-07-15",0
"1999-07-16",0
"1999-07-17",0
"1999-07-18",0
"1999-07-19",0
"1999-07-20",0
"1999-07-21",0
"1999-07-22",0
"1999-07-23",0
"1999-07-24",0
"1999-07-25",0
"1999-07-26",0
"1999-07-27",0
"1999-07-28",0
"1999-07-29",0
"1999-07-30",0
"1999-07-31",0
"1999-08-01",0
"1999-08-02",0
"1999-08-03",0
"1999-08-04",0
"1999-08-05",0
"1999-08-06",0.801999986171722
"1999-08-07",0.421000003814697
"1999-08-08",0
"1999-08-09",0
"1999-08-10",0
"1999-08-11",0
"1999-08-12",0
"1999-08-13",0
"1999-08-14",0
"1999-08-15",0
"1999-08-16",0
"1999-08-17",0
"1999-08-18",0
"1999-08-19",0
"1999-08-20",0
"1999-08-21",0
"1999-08-22",0
"1999-08-23",0
"1999-08-24",0
"1999-08-25",0
"1999-08-26",0
"1999-08-27",0
"1999-08-28",0
"1999-08-29",0
"1999-08-30",0
"1999-08-31",0
"1999-09-01",0
"1999-09-02",0
"1999-09-03",0
"1999-09-04",0
"1999-09-05",0
"1999-09-06",0
"1999-09-07",0
"1999-09-08",0
"1999-09-09",5.86399984359741
"1999-09-10",0
"1999-09-11",0
"1999-09-12",0
"1999-09-13",0
"1999-09-14",0
"1999-09-15",0
"1999-09-16",0
"1999-09-17",0
"1999-09-18",0
"1999-09-19",0
"1999-09-20",0
"1999-09-21",0
"1999-09-22",0
"1999-09-23",0
"1999-09-24",0
"1999-09-25",0
"1999-09-26",0
"1999-09-27",0
"1999-09-28",0
"1999-09-29",0
"1999-09-30",0
"1999-10-01",0
"1999-10-02",0
"1999-10-03",0
"1999-10-04",0
"1999-10-05",0
"1999-10-06",0.949000000953674
"1999-10-07",0
"1999-10-08",0
"1999-10-09",0
"1999-10-10",0
"1999-10-11",0
"1999-10-12",0
"1999-10-13",0
"1999-10-14",0
"1999-10-15",0
"1999-10-16",0
"1999-10-17",0
"1999-10-18",0
"1999-10-19",0
"1999-10-20",0
"1999-10-21",0
"1999-10-22",0
"1999-10-23",0
"1999-10-24",0
"1999-10-25",0
"1999-10-26",0
"1999-10-27",0
"1999-10-28",13.0500001907349
"1999-10-29",1
"1999-10-30",0
"1999-10-31",0
"1999-11-01",0
"1999-11-02",0
"1999-11-03",0
"1999-11-04",0
"1999-11-05",0
"1999-11-06",0
"1999-11-07",0
"1999-11-08",55.6189994812012
"1999-11-09",6.88700008392334
"1999-11-10",0
"1999-11-11",0
"1999-11-12",0
"1999-11-13",0
"1999-11-14",0
"1999-11-15",1.35699999332428
"1999-11-16",0
"1999-11-17",17.3729991912842
"1999-11-18",0.824000000953674
"1999-11-19",0
"1999-11-20",45.3219985961914
"1999-11-21",29.742000579834
"1999-11-22",0.36599999666214
"1999-11-23",0
"1999-11-24",0
"1999-11-25",0
"1999-11-26",0
"1999-11-27",0
"1999-11-28",0
"1999-11-29",0
"1999-11-30",12.2340002059937
"1999-12-01",6.19899988174438
"1999-12-02",0.0560000017285347
"1999-12-03",4.09100008010864
"1999-12-04",0
"1999-12-05",0
"1999-12-06",0
"1999-12-07",0
"1999-12-08",0
"1999-12-09",15.5310001373291
"1999-12-10",3.69600009918213
"1999-12-11",0
"1999-12-12",0
"1999-12-13",1.30799996852875
"1999-12-14",0
"1999-12-15",0
"1999-12-16",0
"1999-12-17",0
"1999-12-18",0
"1999-12-19",0
"1999-12-20",0
"1999-12-21",0
"1999-12-22",0
"1999-12-23",0
"1999-12-24",0
"1999-12-25",0
"1999-12-26",0
"1999-12-27",0
"1999-12-28",0
"1999-12-29",0
"1999-12-30",0
"1999-12-31",0
"2000-01-01",0
"2000-01-02",1.47200000286102
"2000-01-03",0
"2000-01-04",0
"2000-01-05",0
"2000-01-06",0
"2000-01-07",0
"2000-01-08",0
"2000-01-09",0
"2000-01-10",0
"2000-01-11",3.51300001144409
"2000-01-12",22.4610004425049
"2000-01-13",0
"2000-01-14",0
"2000-01-15",0.896000027656555
"2000-01-16",37.1110000610352
"2000-01-17",8.57800006866455
"2000-01-18",43.5690002441406
"2000-01-19",15.4329996109009
"2000-01-20",4.34600019454956
"2000-01-21",0
"2000-01-22",0
"2000-01-23",29.4850006103516
"2000-01-24",168.399993896484
"2000-01-25",93.5920028686523
"2000-01-26",8.68599987030029
"2000-01-27",0
"2000-01-28",0
"2000-01-29",0
"2000-01-30",28.5949993133545
"2000-01-31",9.45699977874756
"2000-02-01",0.514999985694885
"2000-02-02",0
"2000-02-03",9.6269998550415
"2000-02-04",8.54100036621094
"2000-02-05",0
"2000-02-06",13.2069997787476
"2000-02-07",0
"2000-02-08",0
"2000-02-09",0
"2000-02-10",18.8980007171631
"2000-02-11",12.1960000991821
"2000-02-12",61.851001739502
"2000-02-13",31.0639991760254
"2000-02-14",172.192993164062
"2000-02-15",11.0229997634888
"2000-02-16",0
"2000-02-17",16.0499992370605
"2000-02-18",0
"2000-02-19",0
"2000-02-20",0
"2000-02-21",35.2050018310547
"2000-02-22",2.39400005340576
"2000-02-23",55.9039993286133
"2000-02-24",4.85099983215332
"2000-02-25",6.15399980545044
"2000-02-26",0
"2000-02-27",55.9379997253418
"2000-02-28",14.7569999694824
"2000-02-29",8.90799999237061
"2000-03-01",9.39299964904785
"2000-03-02",1.06400001049042
"2000-03-03",3.55699992179871
"2000-03-04",0
"2000-03-05",22.0799999237061
"2000-03-06",9.25100040435791
"2000-03-07",0
"2000-03-08",20.4820003509521
"2000-03-09",20.0179996490479
"2000-03-10",4.59499979019165
"2000-03-11",0
"2000-03-12",0
"2000-03-13",0
"2000-03-14",0
"2000-03-15",0
"2000-03-16",0
"2000-03-17",0
"2000-03-18",0
"2000-03-19",0
"2000-03-20",0
"2000-03-21",0
"2000-03-22",0
"2000-03-23",0
"2000-03-24",0
"2000-03-25",0
"2000-03-26",0
"2000-03-27",0
"2000-03-28",0
"2000-03-29",0
"2000-03-30",0
"2000-03-31",0
"2000-04-01",0
"2000-04-02",0
"2000-04-03",0
"2000-04-04",0
"2000-04-05",0
"2000-04-06",0
"2000-04-07",0
"2000-04-08",0
"2000-04-09",0
"2000-04-10",0
"2000-04-11",0
"2000-04-12",0
"2000-04-13",25.6989994049072
"2000-04-14",4.17899990081787
"2000-04-15",9.40799999237061
"2000-04-16",0
"2000-04-17",54.6669998168945
"2000-04-18",9.60700035095215
"2000-04-19",0
"2000-04-20",0
"2000-04-21",0
"2000-04-22",0.0020000000949949
"2000-04-23",2.35700011253357
"2000-04-24",0
"2000-04-25",0
"2000-04-26",0
"2000-04-27",0
"2000-04-28",0
"2000-04-29",0
"2000-04-30",0
"2000-05-01",0
"2000-05-02",0
"2000-05-03",0
"2000-05-04",0
"2000-05-05",0
"2000-05-06",0
"2000-05-07",0.717000007629395
"2000-05-08",15.3900003433228
"2000-05-09",1.1599999666214
"2000-05-10",0
"2000-05-11",0
"2000-05-12",0
"2000-05-13",0
"2000-05-14",0
"2000-05-15",9.67500019073486
"2000-05-16",5.93599987030029
"2000-05-17",1.3309999704361
"2000-05-18",0
"2000-05-19",0
"2000-05-20",0
"2000-05-21",0
"2000-05-22",0
"2000-05-23",0
"2000-05-24",0
"2000-05-25",0
"2000-05-26",0
"2000-05-27",0
"2000-05-28",0
"2000-05-29",0
"2000-05-30",0
"2000-05-31",0
"2000-06-01",0
"2000-06-02",0
"2000-06-03",0
"2000-06-04",0
"2000-06-05",0
"2000-06-06",0
"2000-06-07",0
"2000-06-08",4.35400009155273
"2000-06-09",1.19400000572205
"2000-06-10",0
"2000-06-11",0
"2000-06-12",0
"2000-06-13",0
"2000-06-14",0
"2000-06-15",0
"2000-06-16",0
"2000-06-17",0
"2000-06-18",0
"2000-06-19",0
"2000-06-20",0
"2000-06-21",0
"2000-06-22",0
"2000-06-23",0
"2000-06-24",0
"2000-06-25",0
"2000-06-26",0
"2000-06-27",0
"2000-06-28",0
"2000-06-29",0
"2000-06-30",0
"2000-07-01",0
"2000-07-02",0
"2000-07-03",0
"2000-07-04",0
"2000-07-05",0
"2000-07-06",0
"2000-07-07",0
"2000-07-08",0
"2000-07-09",0
"2000-07-10",0
"2000-07-11",0
"2000-07-12",0
"2000-07-13",0
"2000-07-14",0
"2000-07-15",0
"2000-07-16",0
"2000-07-17",0
"2000-07-18",0
"2000-07-19",0
"2000-07-20",0
"2000-07-21",0
"2000-07-22",0
"2000-07-23",0
"2000-07-24",0
"2000-07-25",0
"2000-07-26",0
"2000-07-27",0
"2000-07-28",0
"2000-07-29",0
"2000-07-30",0
"2000-07-31",0
"2000-08-01",0
"2000-08-02",0
"2000-08-03",0
"2000-08-04",0
"2000-08-05",0
"2000-08-06",0
"2000-08-07",0
"2000-08-08",0
"2000-08-09",0
"2000-08-10",0
"2000-08-11",0
"2000-08-12",0
"2000-08-13",0
"2000-08-14",0
"2000-08-15",0
"2000-08-16",0
"2000-08-17",0
"2000-08-18",0
"2000-08-19",0
"2000-08-20",0
"2000-08-21",0
"2000-08-22",0
"2000-08-23",0
"2000-08-24",0
"2000-08-25",0
"2000-08-26",0
"2000-08-27",0
"2000-08-28",0
"2000-08-29",0
"2000-08-30",2.75399994850159
"2000-08-31",0
"2000-09-01",0
"2000-09-02",12.9989995956421
"2000-09-03",0
"2000-09-04",0
"2000-09-05",0
"2000-09-06",0
"2000-09-07",0
"2000-09-08",0
"2000-09-09",0
"2000-09-10",0
"2000-09-11",0
"2000-09-12",0
"2000-09-13",0.898999989032745
"2000-09-14",0
"2000-09-15",0.100000001490116
"2000-09-16",0
"2000-09-17",0
"2000-09-18",0
"2000-09-19",0.745000004768372
"2000-09-20",1.38499999046326
"2000-09-21",0
"2000-09-22",2.4909999370575
"2000-09-23",3.42899990081787
"2000-09-24",0
"2000-09-25",0
"2000-09-26",0
"2000-09-27",0
"2000-09-28",0
"2000-09-29",0
"2000-09-30",0
"2000-10-01",0
"2000-10-02",0
"2000-10-03",0
"2000-10-04",0
"2000-10-05",0
"2000-10-06",0
"2000-10-07",0
"2000-10-08",0
"2000-10-09",0
"2000-10-10",11.6079998016357
"2000-10-11",4.11700010299683
"2000-10-12",0
"2000-10-13",0
"2000-10-14",0
"2000-10-15",0
"2000-10-16",0
"2000-10-17",0
"2000-10-18",0
"2000-10-19",0
"2000-10-20",0
"2000-10-21",0.0020000000949949
"2000-10-22",0.0140000004321337
"2000-10-23",0
"2000-10-24",0
"2000-10-25",0
"2000-10-26",35.3040008544922
"2000-10-27",46.0169982910156
"2000-10-28",0
"2000-10-29",55.1520004272461
"2000-10-30",17.9249992370605
"2000-10-31",5.16599988937378
"2000-11-01",0.202999994158745
"2000-11-02",0
"2000-11-03",0.46399998664856
"2000-11-04",0
"2000-11-05",0
"2000-11-06",0
"2000-11-07",0
"2000-11-08",0.212999999523163
"2000-11-09",0
"2000-11-10",1.65100002288818
"2000-11-11",4.2020001411438
"2000-11-12",0
"2000-11-13",0
"2000-11-14",11.4930000305176
"2000-11-15",0.166999995708466
"2000-11-16",0.10700000077486
"2000-11-17",0
"2000-11-18",0.476999998092651
"2000-11-19",0
"2000-11-20",0
"2000-11-21",0
"2000-11-22",2.62199997901917
"2000-11-23",0
"2000-11-24",0
"2000-11-25",0
"2000-11-26",0
"2000-11-27",0
"2000-11-28",0
"2000-11-29",5.84800004959106
"2000-11-30",22.0340003967285
"2000-12-01",0
"2000-12-02",1.15100002288818
"2000-12-03",0.483999997377396
"2000-12-04",0
"2000-12-05",0.490000009536743
"2000-12-06",0.962999999523163
"2000-12-07",0.898999989032745
"2000-12-08",0.294999986886978
"2000-12-09",0
"2000-12-10",0
"2000-12-11",0
"2000-12-12",8.25500011444092
"2000-12-13",1.21700000762939
"2000-12-14",11.3380002975464
"2000-12-15",10.7679996490479
"2000-12-16",0
"2000-12-17",0.773000001907349
"2000-12-18",0.483999997377396
"2000-12-19",0.483999997377396
"2000-12-20",0
"2000-12-21",0
"2000-12-22",0
"2000-12-23",0
"2000-12-24",0
"2000-12-25",0
"2000-12-26",0
"2000-12-27",0
"2000-12-28",0.233999997377396
"2000-12-29",0.773000001907349
"2000-12-30",0
"2000-12-31",0.773000001907349
"2001-01-01",0
"2001-01-02",0.137999996542931
"2001-01-03",0.137999996542931
"2001-01-04",0
"2001-01-05",0
"2001-01-06",0.412999987602234
"2001-01-07",0
"2001-01-08",33.5859985351562
"2001-01-09",7.38600015640259
"2001-01-10",6.30999994277954
"2001-01-11",81.9729995727539
"2001-01-12",37.5289993286133
"2001-01-13",1.12600004673004
"2001-01-14",0
"2001-01-15",0.662000000476837
"2001-01-16",0.137999996542931
"2001-01-17",0.412999987602234
"2001-01-18",0.137999996542931
"2001-01-19",0
"2001-01-20",0.137999996542931
"2001-01-21",0
"2001-01-22",0
"2001-01-23",0
"2001-01-24",33.5229988098145
"2001-01-25",5.06400012969971
"2001-01-26",41.5180015563965
"2001-01-27",3.21099996566772
"2001-01-28",0
"2001-01-29",1.74399995803833
"2001-01-30",0
"2001-01-31",0
"2001-02-01",0.416999995708466
"2001-02-02",0.416999995708466
"2001-02-03",0
"2001-02-04",0
"2001-02-05",0
"2001-02-06",0.416999995708466
"2001-02-07",0
"2001-02-08",0
"2001-02-09",2.88100004196167
"2001-02-10",36.2509994506836
"2001-02-11",60.3629989624023
"2001-02-12",11.6940002441406
"2001-02-13",7.11499977111816
"2001-02-14",0
"2001-02-15",0
"2001-02-16",0
"2001-02-17",0
"2001-02-18",21.5270004272461
"2001-02-19",17.6949996948242
"2001-02-20",22.8400001525879
"2001-02-21",26.1609992980957
"2001-02-22",16.3530006408691
"2001-02-23",33.0859985351562
"2001-02-24",10.3199996948242
"2001-02-25",22.4360008239746
"2001-02-26",1.40100002288818
"2001-02-27",0
"2001-02-28",0
"2001-03-01",0
"2001-03-02",1.99300003051758
"2001-03-03",7.93800020217896
"2001-03-04",15.7679996490479
"2001-03-05",58.7900009155273
"2001-03-06",10.3100004196167
"2001-03-07",0.319000005722046
"2001-03-08",0.46900001168251
"2001-03-09",0
"2001-03-10",0.430000007152557
"2001-03-11",0.241999998688698
"2001-03-12",0
"2001-03-13",0
"2001-03-14",0.46900001168251
"2001-03-15",0
"2001-03-16",0
"2001-03-17",0
"2001-03-18",0
"2001-03-19",0
"2001-03-20",0
"2001-03-21",0
"2001-03-22",0
"2001-03-23",0
"2001-03-24",0
"2001-03-25",21.2119998931885
"2001-03-26",0.750999987125397
"2001-03-27",0
"2001-03-28",0
"2001-03-29",0
"2001-03-30",0
"2001-03-31",0
"2001-04-01",0
"2001-04-02",0
"2001-04-03",0
"2001-04-04",0
"2001-04-05",1.58200001716614
"2001-04-06",0
"2001-04-07",22.496000289917
"2001-04-08",5.19899988174438
"2001-04-09",3.34699988365173
"2001-04-10",0.976000010967255
"2001-04-11",0
"2001-04-12",7.84299993515015
"2001-04-13",0
"2001-04-14",0
"2001-04-15",0
"2001-04-16",0
"2001-04-17",0
"2001-04-18",0
"2001-04-19",5.26100015640259
"2001-04-20",7.14200019836426
"2001-04-21",38.3559989929199
"2001-04-22",0
"2001-04-23",0
"2001-04-24",0
"2001-04-25",0
"2001-04-26",0
"2001-04-27",0
"2001-04-28",0
"2001-04-29",0
"2001-04-30",0
"2001-05-01",0
"2001-05-02",0
"2001-05-03",0
"2001-05-04",0
"2001-05-05",0
"2001-05-06",0
"2001-05-07",0
"2001-05-08",0
"2001-05-09",0
"2001-05-10",0
"2001-05-11",0
"2001-05-12",0
"2001-05-13",0
"2001-05-14",0
"2001-05-15",0
"2001-05-16",0
"2001-05-17",0
"2001-05-18",0
"2001-05-19",0
"2001-05-20",0
"2001-05-21",0
"2001-05-22",0
"2001-05-23",0
"2001-05-24",0
"2001-05-25",0
"2001-05-26",0
"2001-05-27",0
"2001-05-28",0
"2001-05-29",0
"2001-05-30",0
"2001-05-31",0.34400001168251
"2001-06-01",0
"2001-06-02",0
"2001-06-03",0
"2001-06-04",0
"2001-06-05",0
"2001-06-06",0
"2001-06-07",0
"2001-06-08",0
"2001-06-09",0
"2001-06-10",0
"2001-06-11",0
"2001-06-12",0
"2001-06-13",0
"2001-06-14",0
"2001-06-15",0
"2001-06-16",0
"2001-06-17",0
"2001-06-18",0
"2001-06-19",0
"2001-06-20",0
"2001-06-21",0
"2001-06-22",0
"2001-06-23",0
"2001-06-24",0
"2001-06-25",0
"2001-06-26",1.38499999046326
"2001-06-27",0
"2001-06-28",0
"2001-06-29",0
"2001-06-30",0
"2001-07-01",0
"2001-07-02",0
"2001-07-03",0
"2001-07-04",0
"2001-07-05",0
"2001-07-06",0
"2001-07-07",0
"2001-07-08",0
"2001-07-09",0
"2001-07-10",0
"2001-07-11",0
"2001-07-12",0
"2001-07-13",0
"2001-07-14",0
"2001-07-15",0
"2001-07-16",0
"2001-07-17",0
"2001-07-18",0
"2001-07-19",0
"2001-07-20",0
"2001-07-21",0
"2001-07-22",0
"2001-07-23",0
"2001-07-24",0
"2001-07-25",0
"2001-07-26",0
"2001-07-27",0
"2001-07-28",0
"2001-07-29",0
"2001-07-30",0
"2001-07-31",0
"2001-08-01",0
"2001-08-02",0.0689999982714653
"2001-08-03",0
"2001-08-04",0
"2001-08-05",0
"2001-08-06",0
"2001-08-07",0
"2001-08-08",0
"2001-08-09",0
"2001-08-10",0
"2001-08-11",0
"2001-08-12",0
"2001-08-13",0
"2001-08-14",0.49099999666214
"2001-08-15",0
"2001-08-16",0
"2001-08-17",0
"2001-08-18",0
"2001-08-19",0
"2001-08-20",0
"2001-08-21",0
"2001-08-22",0
"2001-08-23",0
"2001-08-24",0
"2001-08-25",0
"2001-08-26",0
"2001-08-27",0
"2001-08-28",0
"2001-08-29",0
"2001-08-30",0.241999998688698
"2001-08-31",0
"2001-09-01",0
"2001-09-02",0
"2001-09-03",0
"2001-09-04",0
"2001-09-05",0
"2001-09-06",0
"2001-09-07",0
"2001-09-08",0
"2001-09-09",0
"2001-09-10",0
"2001-09-11",0
"2001-09-12",0
"2001-09-13",0
"2001-09-14",0
"2001-09-15",0
"2001-09-16",0
"2001-09-17",0
"2001-09-18",0
"2001-09-19",0
"2001-09-20",0
"2001-09-21",0
"2001-09-22",0
"2001-09-23",0
"2001-09-24",0
"2001-09-25",3.14400005340576
"2001-09-26",0
"2001-09-27",0
"2001-09-28",0
"2001-09-29",0
"2001-09-30",0
"2001-10-01",0
"2001-10-02",0
"2001-10-03",0
"2001-10-04",0
"2001-10-05",0
"2001-10-06",0
"2001-10-07",0
"2001-10-08",0
"2001-10-09",0
"2001-10-10",0
"2001-10-11",0
"2001-10-12",0
"2001-10-13",0
"2001-10-14",0
"2001-10-15",0
"2001-10-16",0
"2001-10-17",0
"2001-10-18",0
"2001-10-19",0
"2001-10-20",0
"2001-10-21",0
"2001-10-22",0
"2001-10-23",0
"2001-10-24",0
"2001-10-25",0
"2001-10-26",0
"2001-10-27",0
"2001-10-28",0
"2001-10-29",0
"2001-10-30",18.8799991607666
"2001-10-31",12.3170003890991
"2001-11-01",0
"2001-11-02",0
"2001-11-03",0
"2001-11-04",0
"2001-11-05",0
"2001-11-06",0
"2001-11-07",0
"2001-11-08",0
"2001-11-09",0
"2001-11-10",0
"2001-11-11",26.6809997558594
"2001-11-12",3.41000008583069
"2001-11-13",68.3840026855469
"2001-11-14",0
"2001-11-15",0
"2001-11-16",0.428000003099442
"2001-11-17",0.712000012397766
"2001-11-18",0.430000007152557
"2001-11-19",0.677999973297119
"2001-11-20",0
"2001-11-21",0
"2001-11-22",19.2490005493164
"2001-11-23",0
"2001-11-24",28.5550003051758
"2001-11-25",19.875
"2001-11-26",0.028999999165535
"2001-11-27",0
"2001-11-28",0
"2001-11-29",93.5449981689453
"2001-11-30",7.42799997329712
"2001-12-01",4.27899980545044
"2001-12-02",91.9560012817383
"2001-12-03",40.818000793457
"2001-12-04",2.92300009727478
"2001-12-05",7.30900001525879
"2001-12-06",24.6189994812012
"2001-12-07",0.560000002384186
"2001-12-08",0
"2001-12-09",5.51999998092651
"2001-12-10",1.49600005149841
"2001-12-11",0
"2001-12-12",0.25
"2001-12-13",0
"2001-12-14",36.8269996643066
"2001-12-15",5.13100004196167
"2001-12-16",0
"2001-12-17",13.2340002059937
"2001-12-18",18.8209991455078
"2001-12-19",0
"2001-12-20",23.7919998168945
"2001-12-21",62.4150009155273
"2001-12-22",7.11399984359741
"2001-12-23",16.9449996948242
"2001-12-24",1.53999996185303
"2001-12-25",0
"2001-12-26",0.467999994754791
"2001-12-27",0
"2001-12-28",11.8100004196167
"2001-12-29",63.6209983825684
"2001-12-30",17.2399997711182
"2001-12-31",51.8050003051758
"2002-01-01",1.32400000095367
"2002-01-02",36.7099990844727
"2002-01-03",30.0919990539551
"2002-01-04",0
"2002-01-05",0
"2002-01-06",0.0020000000949949
"2002-01-07",0
"2002-01-08",0
"2002-01-09",0
"2002-01-10",0
"2002-01-11",0
"2002-01-12",0
"2002-01-13",0
"2002-01-14",0
"2002-01-15",0
"2002-01-16",0
"2002-01-17",0
"2002-01-18",0
"2002-01-19",0.435000002384186
"2002-01-20",0
"2002-01-21",0
"2002-01-22",2.41000008583069
"2002-01-23",0
"2002-01-24",0
"2002-01-25",7.06799983978271
"2002-01-26",0
"2002-01-27",16.4650001525879
"2002-01-28",2.87299990653992
"2002-01-29",4.49399995803833
"2002-01-30",0
"2002-01-31",0
"2002-02-01",0
"2002-02-02",0
"2002-02-03",0
"2002-02-04",0.851000010967255
"2002-02-05",0
"2002-02-06",2.65499997138977
"2002-02-07",0
"2002-02-08",43.3019981384277
"2002-02-09",0
"2002-02-10",0
"2002-02-11",0.435000002384186
"2002-02-12",0
"2002-02-13",0
"2002-02-14",0
"2002-02-15",0
"2002-02-16",0
"2002-02-17",19.0100002288818
"2002-02-18",8.89299964904785
"2002-02-19",2.86100006103516
"2002-02-20",21.6149997711182
"2002-02-21",0
"2002-02-22",0
"2002-02-23",0
"2002-02-24",0
"2002-02-25",0
"2002-02-26",0
"2002-02-27",0
"2002-02-28",0
"2002-03-01",0
"2002-03-02",0
"2002-03-03",0
"2002-03-04",0
"2002-03-05",9.59099960327148
"2002-03-06",8.64200019836426
"2002-03-07",16.6259994506836
"2002-03-08",9.02499961853027
"2002-03-09",0
"2002-03-10",8.92199993133545
"2002-03-11",2.16499996185303
"2002-03-12",0
"2002-03-13",0
"2002-03-14",0
"2002-03-15",0.453000009059906
"2002-03-16",5.74900007247925
"2002-03-17",0
"2002-03-18",11.1490001678467
"2002-03-19",0
"2002-03-20",0
"2002-03-21",0
"2002-03-22",0
"2002-03-23",35.6790008544922
"2002-03-24",14.3400001525879
"2002-03-25",0
"2002-03-26",0
"2002-03-27",0
"2002-03-28",0
"2002-03-29",0
"2002-03-30",0
"2002-03-31",0
"2002-04-01",0
"2002-04-02",0
"2002-04-03",0
"2002-04-04",0
"2002-04-05",0
"2002-04-06",0
"2002-04-07",0
"2002-04-08",0
"2002-04-09",0
"2002-04-10",0
"2002-04-11",0
"2002-04-12",0
"2002-04-13",0
"2002-04-14",0
"2002-04-15",0
"2002-04-16",0
"2002-04-17",8.22299957275391
"2002-04-18",1.12100005149841
"2002-04-19",0
"2002-04-20",0
"2002-04-21",0
"2002-04-22",0
"2002-04-23",0
"2002-04-24",0
"2002-04-25",0
"2002-04-26",0
"2002-04-27",0.0590000003576279
"2002-04-28",0
"2002-04-29",5.40000009536743
"2002-04-30",1.81299996376038
"2002-05-01",1.7150000333786
"2002-05-02",0
"2002-05-03",0
"2002-05-04",0
"2002-05-05",0
"2002-05-06",0
"2002-05-07",0
"2002-05-08",0
"2002-05-09",0
"2002-05-10",0
"2002-05-11",0
"2002-05-12",0
"2002-05-13",0
"2002-05-14",0
"2002-05-15",0
"2002-05-16",0
"2002-05-17",0
"2002-05-18",0
"2002-05-19",0
"2002-05-20",17.8020000457764
"2002-05-21",9.92099952697754
"2002-05-22",1.67200005054474
"2002-05-23",0
"2002-05-24",0
"2002-05-25",0
"2002-05-26",0
"2002-05-27",0
"2002-05-28",0
"2002-05-29",0
"2002-05-30",0
"2002-05-31",0
"2002-06-01",0
"2002-06-02",0
"2002-06-03",0
"2002-06-04",0
"2002-06-05",0
"2002-06-06",0
"2002-06-07",0
"2002-06-08",0
"2002-06-09",0
"2002-06-10",0
"2002-06-11",0
"2002-06-12",0
"2002-06-13",0
"2002-06-14",0
"2002-06-15",0
"2002-06-16",0
"2002-06-17",0
"2002-06-18",0
"2002-06-19",0
"2002-06-20",0
"2002-06-21",0
"2002-06-22",0
"2002-06-23",0
"2002-06-24",0
"2002-06-25",0
"2002-06-26",0
"2002-06-27",0
"2002-06-28",0
"2002-06-29",0
"2002-06-30",0
"2002-07-01",0
"2002-07-02",0
"2002-07-03",0
"2002-07-04",0
"2002-07-05",0
"2002-07-06",0
"2002-07-07",0
"2002-07-08",0
"2002-07-09",0
"2002-07-10",0
"2002-07-11",0
"2002-07-12",0
"2002-07-13",0
"2002-07-14",0
"2002-07-15",0
"2002-07-16",0
"2002-07-17",0
"2002-07-18",0
"2002-07-19",0
"2002-07-20",0
"2002-07-21",0
"2002-07-22",0
"2002-07-23",0
"2002-07-24",0
"2002-07-25",0
"2002-07-26",0
"2002-07-27",0
"2002-07-28",0
"2002-07-29",0
"2002-07-30",0
"2002-07-31",0
"2002-08-01",0
"2002-08-02",0
"2002-08-03",0.33500000834465
"2002-08-04",0
"2002-08-05",0
"2002-08-06",0
"2002-08-07",0
"2002-08-08",0
"2002-08-09",0
"2002-08-10",0
"2002-08-11",0
"2002-08-12",0
"2002-08-13",0
"2002-08-14",0
"2002-08-15",0
"2002-08-16",0
"2002-08-17",0
"2002-08-18",0
"2002-08-19",0
"2002-08-20",0
"2002-08-21",0
"2002-08-22",0
"2002-08-23",0
"2002-08-24",0
"2002-08-25",0
"2002-08-26",0
"2002-08-27",0
"2002-08-28",0
"2002-08-29",0
"2002-08-30",0
"2002-08-31",0
"2002-09-01",0
"2002-09-02",0
"2002-09-03",0
"2002-09-04",0
"2002-09-05",0
"2002-09-06",0
"2002-09-07",0
"2002-09-08",0
"2002-09-09",0
"2002-09-10",0
"2002-09-11",0
"2002-09-12",0
"2002-09-13",0
"2002-09-14",0
"2002-09-15",0
"2002-09-16",0
"2002-09-17",0
"2002-09-18",0
"2002-09-19",0
"2002-09-20",0
"2002-09-21",0
"2002-09-22",0
"2002-09-23",0
"2002-09-24",0
"2002-09-25",0
"2002-09-26",0
"2002-09-27",0
"2002-09-28",0
"2002-09-29",0
"2002-09-30",0
"2002-10-01",0
"2002-10-02",0
"2002-10-03",0
"2002-10-04",0
"2002-10-05",0
"2002-10-06",0
"2002-10-07",0
"2002-10-08",0
"2002-10-09",0
"2002-10-10",0
"2002-10-11",0
"2002-10-12",0
"2002-10-13",0
"2002-10-14",0
"2002-10-15",0
"2002-10-16",0
"2002-10-17",0
"2002-10-18",0
"2002-10-19",0
"2002-10-20",0
"2002-10-21",0
"2002-10-22",0
"2002-10-23",0
"2002-10-24",0
"2002-10-25",0
"2002-10-26",0
"2002-10-27",0
"2002-10-28",0
"2002-10-29",0
"2002-10-30",0
"2002-10-31",0
"2002-11-01",0
"2002-11-02",0
"2002-11-03",0
"2002-11-04",0
"2002-11-05",0
"2002-11-06",0
"2002-11-07",18.423999786377
"2002-11-08",80.2630004882812
"2002-11-09",59.7099990844727
"2002-11-10",0.252000004053116
"2002-11-11",9.65900039672852
"2002-11-12",0
"2002-11-13",0.855000019073486
"2002-11-14",0
"2002-11-15",0
"2002-11-16",0
"2002-11-17",0
"2002-11-18",0
"2002-11-19",0
"2002-11-20",0
"2002-11-21",0
"2002-11-22",0
"2002-11-23",0
"2002-11-24",0
"2002-11-25",0.462000012397766
"2002-11-26",0
"2002-11-27",0
"2002-11-28",0.476999998092651
"2002-11-29",0
"2002-11-30",0
"2002-12-01",0.0160000007599592
"2002-12-02",0
"2002-12-03",0
"2002-12-04",0
"2002-12-05",0
"2002-12-06",1.29999995231628
"2002-12-07",0
"2002-12-08",0
"2002-12-09",0
"2002-12-10",20.9610004425049
"2002-12-11",2.83200001716614
"2002-12-12",0
"2002-12-13",0.006000000052154
"2002-12-14",214.322998046875
"2002-12-15",42.1599998474121
"2002-12-16",31.8649997711182
"2002-12-17",39.2280006408691
"2002-12-18",13.2379999160767
"2002-12-19",0.237000003457069
"2002-12-20",89.2669982910156
"2002-12-21",26.1770000457764
"2002-12-22",3.00399994850159
"2002-12-23",0
"2002-12-24",0.485000014305115
"2002-12-25",0
"2002-12-26",1.06700003147125
"2002-12-27",9.04800033569336
"2002-12-28",1.30200004577637
"2002-12-29",65.7490005493164
"2002-12-30",4.06899976730347
"2002-12-31",37.6479988098145
"2003-01-01",6.21799993515015
"2003-01-02",0
"2003-01-03",0
"2003-01-04",0
"2003-01-05",0
"2003-01-06",0
"2003-01-07",0
"2003-01-08",0.375
"2003-01-09",0
"2003-01-10",39.6389999389648
"2003-01-11",8.59200000762939
"2003-01-12",0
"2003-01-13",0
"2003-01-14",0
"2003-01-15",0
"2003-01-16",0
"2003-01-17",0
"2003-01-18",0
"2003-01-19",0
"2003-01-20",0
"2003-01-21",7.64499998092651
"2003-01-22",4.91200017929077
"2003-01-23",0
"2003-01-24",0.105999998748302
"2003-01-25",0
"2003-01-26",0
"2003-01-27",0
"2003-01-28",0
"2003-01-29",0
"2003-01-30",0.753000020980835
"2003-01-31",0
"2003-02-01",0
"2003-02-02",0.418000012636185
"2003-02-03",0
"2003-02-04",0
"2003-02-05",0
"2003-02-06",0
"2003-02-07",0
"2003-02-08",0
"2003-02-09",0
"2003-02-10",0
"2003-02-11",0
"2003-02-12",5.61299991607666
"2003-02-13",8.76900005340576
"2003-02-14",2.71199989318848
"2003-02-15",0
"2003-02-16",27.1229991912842
"2003-02-17",3.60599994659424
"2003-02-18",0
"2003-02-19",3.15199995040894
"2003-02-20",0.774999976158142
"2003-02-21",0
"2003-02-22",0
"2003-02-23",0
"2003-02-24",0
"2003-02-25",18.2959995269775
"2003-02-26",1.38900005817413
"2003-02-27",4.80900001525879
"2003-02-28",0.28600001335144
"2003-03-01",0
"2003-03-02",0
"2003-03-03",0
"2003-03-04",0
"2003-03-05",0
"2003-03-06",0
"2003-03-07",0
"2003-03-08",0
"2003-03-09",0
"2003-03-10",0
"2003-03-11",0
"2003-03-12",1.94000005722046
"2003-03-13",0
"2003-03-14",9.26399993896484
"2003-03-15",39.3800010681152
"2003-03-16",9.7209997177124
"2003-03-17",4.03200006484985
"2003-03-18",0
"2003-03-19",1.73800003528595
"2003-03-20",0.331999987363815
"2003-03-21",0
"2003-03-22",0.773000001907349
"2003-03-23",0
"2003-03-24",0.610000014305115
"2003-03-25",0
"2003-03-26",0.003000000026077
"2003-03-27",0
"2003-03-28",0
"2003-03-29",0
"2003-03-30",0
"2003-03-31",0
"2003-04-01",0
"2003-04-02",0.742999970912933
"2003-04-03",10.5129995346069
"2003-04-04",9.24100017547607
"2003-04-05",2.73799991607666
"2003-04-06",0
"2003-04-07",0
"2003-04-08",0
"2003-04-09",0
"2003-04-10",0
"2003-04-11",0
"2003-04-12",5.00600004196167
"2003-04-13",61.8199996948242
"2003-04-14",8.72900009155273
"2003-04-15",0.811999976634979
"2003-04-16",0
"2003-04-17",2.52999997138977
"2003-04-18",5.81599998474121
"2003-04-19",0
"2003-04-20",1.16999995708466
"2003-04-21",0
"2003-04-22",8.49499988555908
"2003-04-23",1.45200002193451
"2003-04-24",11.8599996566772
"2003-04-25",10.2690000534058
"2003-04-26",12.7519998550415
"2003-04-27",0
"2003-04-28",25.5960006713867
"2003-04-29",13.7700004577637
"2003-04-30",1.34399998188019
"2003-05-01",0
"2003-05-02",0
"2003-05-03",9.68900012969971
"2003-05-04",9.13799953460693
"2003-05-05",0.423000007867813
"2003-05-06",0
"2003-05-07",0.644999980926514
"2003-05-08",0
"2003-05-09",2.67600011825562
"2003-05-10",0
"2003-05-11",0
"2003-05-12",0
"2003-05-13",0
"2003-05-14",0
"2003-05-15",0
"2003-05-16",0
"2003-05-17",0
"2003-05-18",0
"2003-05-19",0
"2003-05-20",0
"2003-05-21",0
"2003-05-22",0
"2003-05-23",0
"2003-05-24",0
"2003-05-25",0
"2003-05-26",0
"2003-05-27",0
"2003-05-28",0
"2003-05-29",0
"2003-05-30",0
"2003-05-31",0
"2003-06-01",0
"2003-06-02",0
"2003-06-03",0
"2003-06-04",0.003000000026077
"2003-06-05",0
"2003-06-06",0
"2003-06-07",0
"2003-06-08",0
"2003-06-09",0
"2003-06-10",3.49600005149841
"2003-06-11",0.236000001430511
"2003-06-12",0
"2003-06-13",0
"2003-06-14",0
"2003-06-15",0
"2003-06-16",0
"2003-06-17",0
"2003-06-18",0
"2003-06-19",0
"2003-06-20",0
"2003-06-21",0
"2003-06-22",0
"2003-06-23",0
"2003-06-24",0
"2003-06-25",0
"2003-06-26",0
"2003-06-27",0
"2003-06-28",0
"2003-06-29",0
"2003-06-30",0
"2003-07-01",0
"2003-07-02",0
"2003-07-03",0
"2003-07-04",0
"2003-07-05",0
"2003-07-06",0
"2003-07-07",0
"2003-07-08",0
"2003-07-09",0
"2003-07-10",0
"2003-07-11",0
"2003-07-12",0
"2003-07-13",0
"2003-07-14",0
"2003-07-15",0
"2003-07-16",0
"2003-07-17",0
"2003-07-18",0
"2003-07-19",0
"2003-07-20",0
"2003-07-21",0
"2003-07-22",0
"2003-07-23",0
"2003-07-24",0
"2003-07-25",0
"2003-07-26",0
"2003-07-27",0
"2003-07-28",0
"2003-07-29",0
"2003-07-30",0
"2003-07-31",0
"2003-08-01",0
"2003-08-02",0
"2003-08-03",0
"2003-08-04",0
"2003-08-05",0
"2003-08-06",0
"2003-08-07",0
"2003-08-08",0
"2003-08-09",0
"2003-08-10",0
"2003-08-11",0
"2003-08-12",0
"2003-08-13",0
"2003-08-14",0
"2003-08-15",0
"2003-08-16",0
"2003-08-17",0
"2003-08-18",0
"2003-08-19",0
"2003-08-20",0
"2003-08-21",0
"2003-08-22",0
"2003-08-23",0
"2003-08-24",0
"2003-08-25",0
"2003-08-26",0
"2003-08-27",0
"2003-08-28",0
"2003-08-29",0
"2003-08-30",0
"2003-08-31",0
"2003-09-01",0
"2003-09-02",0
"2003-09-03",0
"2003-09-04",0
"2003-09-05",0
"2003-09-06",0
"2003-09-07",0
"2003-09-08",0
"2003-09-09",0
"2003-09-10",0.808000028133392
"2003-09-11",0
"2003-09-12",0
"2003-09-13",0
"2003-09-14",0
"2003-09-15",0
"2003-09-16",0
"2003-09-17",0
"2003-09-18",0
"2003-09-19",0
"2003-09-20",0
"2003-09-21",0
"2003-09-22",0
"2003-09-23",0
"2003-09-24",0
"2003-09-25",0
"2003-09-26",0
"2003-09-27",0
"2003-09-28",0
"2003-09-29",0
"2003-09-30",0
"2003-10-01",0
"2003-10-02",0
"2003-10-03",0
"2003-10-04",0
"2003-10-05",0
"2003-10-06",0
"2003-10-07",0
"2003-10-08",0
"2003-10-09",0
"2003-10-10",0
"2003-10-11",0
"2003-10-12",0
"2003-10-13",0
"2003-10-14",0
"2003-10-15",0
"2003-10-16",0
"2003-10-17",0
"2003-10-18",0
"2003-10-19",0
"2003-10-20",0
"2003-10-21",0
"2003-10-22",0
"2003-10-23",0
"2003-10-24",0
"2003-10-25",0
"2003-10-26",0
"2003-10-27",0
"2003-10-28",0
"2003-10-29",0
"2003-10-30",0
"2003-10-31",0
"2003-11-01",6.4539999961853
"2003-11-02",0
"2003-11-03",4.63100004196167
"2003-11-04",0.675000011920929
"2003-11-05",0
"2003-11-06",0.003000000026077
"2003-11-07",10.0819997787476
"2003-11-08",2.86899995803833
"2003-11-09",39.7430000305176
"2003-11-10",10.9949998855591
"2003-11-11",0
"2003-11-12",0
"2003-11-13",7.77600002288818
"2003-11-14",0
"2003-11-15",12.9029998779297
"2003-11-16",1.6690000295639
"2003-11-17",0
"2003-11-18",0.653999984264374
"2003-11-19",0
"2003-11-20",0
"2003-11-21",0
"2003-11-22",0
"2003-11-23",0
"2003-11-24",0
"2003-11-25",0
"2003-11-26",0.658999979496002
"2003-11-27",0
"2003-11-28",0
"2003-11-29",0.432000011205673
"2003-11-30",0
"2003-12-01",9.50399971008301
"2003-12-02",55.109001159668
"2003-12-03",0
"2003-12-04",0
"2003-12-05",7.69299983978271
"2003-12-06",1.13399994373322
"2003-12-07",29.2609996795654
"2003-12-08",2.03600001335144
"2003-12-09",0
"2003-12-10",30.4440002441406
"2003-12-11",32.451000213623
"2003-12-12",0.120999999344349
"2003-12-13",1.37899994850159
"2003-12-14",7.11399984359741
"2003-12-15",9.79300022125244
"2003-12-16",0
"2003-12-17",0
"2003-12-18",0
"2003-12-19",0
"2003-12-20",30.17799949646
"2003-12-21",18.8239994049072
"2003-12-22",0.949999988079071
"2003-12-23",0
"2003-12-24",42.6940002441406
"2003-12-25",56.0579986572266
"2003-12-26",14.2600002288818
"2003-12-27",0
"2003-12-28",22.0100002288818
"2003-12-29",0.006000000052154
"2003-12-30",127.509002685547
"2003-12-31",0.0500000007450581
"2004-01-01",3.95700001716614
"2004-01-02",81.7610015869141
"2004-01-03",3.27300000190735
"2004-01-04",0.214000001549721
"2004-01-05",0
"2004-01-06",0
"2004-01-07",0.632000029087067
"2004-01-08",0
"2004-01-09",0
"2004-01-10",7.21799993515015
"2004-01-11",0
"2004-01-12",0
"2004-01-13",0
"2004-01-14",0
"2004-01-15",1.09800004959106
"2004-01-16",0
"2004-01-17",0
"2004-01-18",0
"2004-01-19",0
"2004-01-20",0
"2004-01-21",0
"2004-01-22",0
"2004-01-23",0
"2004-01-24",9.92399978637695
"2004-01-25",3.40700006484985
"2004-01-26",0
"2004-01-27",3.67899990081787
"2004-01-28",15.789999961853
"2004-01-29",0
"2004-01-30",0.096000000834465
"2004-01-31",2.5
"2004-02-01",0.0230000000447035
"2004-02-02",2.51999998092651
"2004-02-03",52.1790008544922
"2004-02-04",9.83100032806396
"2004-02-05",0
"2004-02-06",0
"2004-02-07",0
"2004-02-08",0.374000012874603
"2004-02-09",0
"2004-02-10",0
"2004-02-11",0
"2004-02-12",0
"2004-02-13",0.377000004053116
"2004-02-14",0
"2004-02-15",0
"2004-02-16",4.72200012207031
"2004-02-17",15.5659999847412
"2004-02-18",58.8170013427734
"2004-02-19",3.40100002288818
"2004-02-20",1.057000041008
"2004-02-21",3.18300008773804
"2004-02-22",2.61500000953674
"2004-02-23",3.0090000629425
"2004-02-24",0.867999970912933
"2004-02-25",7.73799991607666
"2004-02-26",90.7350006103516
"2004-02-27",9.29599952697754
"2004-02-28",0.703999996185303
"2004-02-29",0
"2004-03-01",0
"2004-03-02",6.60699987411499
"2004-03-03",0
"2004-03-04",0
"2004-03-05",0
"2004-03-06",0
"2004-03-07",0.531000018119812
"2004-03-08",0
"2004-03-09",0
"2004-03-10",0
"2004-03-11",0
"2004-03-12",0
"2004-03-13",0
"2004-03-14",0
"2004-03-15",0
"2004-03-16",0
"2004-03-17",0
"2004-03-18",0
"2004-03-19",0
"2004-03-20",0
"2004-03-21",0
"2004-03-22",0
"2004-03-23",0
"2004-03-24",0
"2004-03-25",0
"2004-03-26",23.2709999084473
"2004-03-27",0.476999998092651
"2004-03-28",0
"2004-03-29",0
"2004-03-30",0
"2004-03-31",0
"2004-04-01",0
"2004-04-02",0
"2004-04-03",0
"2004-04-04",0
"2004-04-05",0
"2004-04-06",0
"2004-04-07",0
"2004-04-08",0
"2004-04-09",0
"2004-04-10",0
"2004-04-11",0
"2004-04-12",0
"2004-04-13",0
"2004-04-14",0
"2004-04-15",0
"2004-04-16",1.10199999809265
"2004-04-17",0
"2004-04-18",11.4219999313354
"2004-04-19",0.566999971866608
"2004-04-20",6.60500001907349
"2004-04-21",6.58799982070923
"2004-04-22",0
"2004-04-23",0
"2004-04-24",0
"2004-04-25",0
"2004-04-26",0
"2004-04-27",0
"2004-04-28",0
"2004-04-29",0
"2004-04-30",0
"2004-05-01",0
"2004-05-02",0
"2004-05-03",0
"2004-05-04",0
"2004-05-05",0
"2004-05-06",0
"2004-05-07",0
"2004-05-08",0
"2004-05-09",0
"2004-05-10",0
"2004-05-11",0
"2004-05-12",0
"2004-05-13",0
"2004-05-14",0
"2004-05-15",0
"2004-05-16",0
"2004-05-17",0
"2004-05-18",0
"2004-05-19",0
"2004-05-20",0
"2004-05-21",0
"2004-05-22",0
"2004-05-23",0
"2004-05-24",0
"2004-05-25",0
"2004-05-26",0
"2004-05-27",1.51999998092651
"2004-05-28",0
"2004-05-29",0.53600001335144
"2004-05-30",0
"2004-05-31",0.317999988794327
"2004-06-01",0
"2004-06-02",0
"2004-06-03",0
"2004-06-04",0
"2004-06-05",0
"2004-06-06",0
"2004-06-07",0
"2004-06-08",0
"2004-06-09",0
"2004-06-10",0
"2004-06-11",0
"2004-06-12",0
"2004-06-13",0
"2004-06-14",0
"2004-06-15",0
"2004-06-16",0
"2004-06-17",0
"2004-06-18",0
"2004-06-19",0
"2004-06-20",0
"2004-06-21",0
"2004-06-22",0
"2004-06-23",0
"2004-06-24",0
"2004-06-25",0
"2004-06-26",0
"2004-06-27",0
"2004-06-28",0
"2004-06-29",0
"2004-06-30",0
"2004-07-01",0
"2004-07-02",0
"2004-07-03",0
"2004-07-04",0
"2004-07-05",0
"2004-07-06",0
"2004-07-07",0
"2004-07-08",0
"2004-07-09",0
"2004-07-10",0
"2004-07-11",0
"2004-07-12",0
"2004-07-13",0
"2004-07-14",0
"2004-07-15",0
"2004-07-16",0
"2004-07-17",0
"2004-07-18",0
"2004-07-19",0
"2004-07-20",0
"2004-07-21",0
"2004-07-22",0
"2004-07-23",0
"2004-07-24",0
"2004-07-25",0
"2004-07-26",0
"2004-07-27",0
"2004-07-28",0
"2004-07-29",0
"2004-07-30",0
"2004-07-31",0
"2004-08-01",0
"2004-08-02",0
"2004-08-03",0
"2004-08-04",0
"2004-08-05",0
"2004-08-06",0
"2004-08-07",0
"2004-08-08",0
"2004-08-09",0
"2004-08-10",0
"2004-08-11",0
"2004-08-12",0
"2004-08-13",0
"2004-08-14",0
"2004-08-15",0
"2004-08-16",0
"2004-08-17",0
"2004-08-18",0
"2004-08-19",0
"2004-08-20",0
"2004-08-21",0
"2004-08-22",0
"2004-08-23",0
"2004-08-24",0
"2004-08-25",0
"2004-08-26",0
"2004-08-27",0
"2004-08-28",0
"2004-08-29",0
"2004-08-30",0
"2004-08-31",0
"2004-09-01",0
"2004-09-02",0
"2004-09-03",0
"2004-09-04",0
"2004-09-05",0
"2004-09-06",0
"2004-09-07",0
"2004-09-08",0
"2004-09-09",0
"2004-09-10",0
"2004-09-11",0
"2004-09-12",0
"2004-09-13",0
"2004-09-14",0
"2004-09-15",0
"2004-09-16",0
"2004-09-17",0
"2004-09-18",6.83199977874756
"2004-09-19",0
"2004-09-20",0.0149999996647239
"2004-09-21",0
"2004-09-22",0
"2004-09-23",0
"2004-09-24",0
"2004-09-25",0
"2004-09-26",0
"2004-09-27",0
"2004-09-28",0
"2004-09-29",0
"2004-09-30",0
"2004-10-01",0
"2004-10-02",0
"2004-10-03",0
"2004-10-04",0
"2004-10-05",0
"2004-10-06",0
"2004-10-07",0
"2004-10-08",0
"2004-10-09",0
"2004-10-10",0
"2004-10-11",0
"2004-10-12",0
"2004-10-13",0
"2004-10-14",0
"2004-10-15",0
"2004-10-16",0
"2004-10-17",8.88199996948242
"2004-10-18",27.2119998931885
"2004-10-19",8.82999992370605
"2004-10-20",116.508003234863
"2004-10-21",3.08299994468689
"2004-10-22",0
"2004-10-23",0
"2004-10-24",9.41699981689453
"2004-10-25",1.12999999523163
"2004-10-26",23.9669990539551
"2004-10-27",15.706000328064
"2004-10-28",0
"2004-10-29",0.163000002503395
"2004-10-30",0
"2004-10-31",0
"2004-11-01",0
"2004-11-02",0
"2004-11-03",5.09100008010864
"2004-11-04",0
"2004-11-05",1.08299994468689
"2004-11-06",0
"2004-11-07",0
"2004-11-08",0
"2004-11-09",1.70899999141693
"2004-11-10",0.913999974727631
"2004-11-11",26.5219993591309
"2004-11-12",24.048999786377
"2004-11-13",0
"2004-11-14",0
"2004-11-15",0
"2004-11-16",0
"2004-11-17",0
"2004-11-18",0.0820000022649765
"2004-11-19",0
"2004-11-20",0
"2004-11-21",0.0649999976158142
"2004-11-22",0
"2004-11-23",0
"2004-11-24",0
"2004-11-25",0
"2004-11-26",0
"2004-11-27",4.34299993515015
"2004-11-28",33.5260009765625
"2004-11-29",0
"2004-11-30",0
"2004-12-01",0
"2004-12-02",0
"2004-12-03",0
"2004-12-04",0
"2004-12-05",0
"2004-12-06",0
"2004-12-07",74.6760025024414
"2004-12-08",55.5320014953613
"2004-12-09",56.1150016784668
"2004-12-10",0
"2004-12-11",0
"2004-12-12",0.479999989271164
"2004-12-13",0.379999995231628
"2004-12-14",0.136999994516373
"2004-12-15",0.423000007867813
"2004-12-16",0
"2004-12-17",0.0930000022053719
"2004-12-18",0.0260000005364418
"2004-12-19",0
"2004-12-20",0.136999994516373
"2004-12-21",0
"2004-12-22",0
"2004-12-23",0
"2004-12-24",0
"2004-12-25",0.847000002861023
"2004-12-26",0
"2004-12-27",34.5610008239746
"2004-12-28",48.5750007629395
"2004-12-29",5.24700021743774
"2004-12-30",52.7760009765625
"2004-12-31",81.5299987792969
"2005-01-01",5.89300012588501
"2005-01-02",1.48099994659424
"2005-01-03",39.6570014953613
"2005-01-04",0.86599999666214
"2005-01-05",0.0049999998882412
"2005-01-06",0
"2005-01-07",8.99499988555908
"2005-01-08",67.0410003662109
"2005-01-09",18.6060009002686
"2005-01-10",4.97200012207031
"2005-01-11",30.7080001831055
"2005-01-12",10.8870000839233
"2005-01-13",0
"2005-01-14",0
"2005-01-15",0
"2005-01-16",0
"2005-01-17",0
"2005-01-18",0
"2005-01-19",0
"2005-01-20",0
"2005-01-21",0
"2005-01-22",0
"2005-01-23",0
"2005-01-24",0
"2005-01-25",11.1309995651245
"2005-01-26",0
"2005-01-27",15.4930000305176
"2005-01-28",22.1149997711182
"2005-01-29",2.80999994277954
"2005-01-30",0
"2005-01-31",0
"2005-02-01",0
"2005-02-02",0
"2005-02-03",0
"2005-02-04",0
"2005-02-05",0
"2005-02-06",0
"2005-02-07",3.53800010681152
"2005-02-08",1.72599995136261
"2005-02-09",0
"2005-02-10",0
"2005-02-11",0
"2005-02-12",5.71400022506714
"2005-02-13",0
"2005-02-14",0
"2005-02-15",20.1229991912842
"2005-02-16",56.5149993896484
"2005-02-17",0
"2005-02-18",12.5979995727539
"2005-02-19",10.2220001220703
"2005-02-20",41.6209983825684
"2005-02-21",4.13299989700317
"2005-02-22",15.1379995346069
"2005-02-23",0
"2005-02-24",0
"2005-02-25",0
"2005-02-26",1.95700001716614
"2005-02-27",0
"2005-02-28",32.234001159668
"2005-03-01",0
"2005-03-02",20.7119998931885
"2005-03-03",0.0010000000474974
"2005-03-04",15.1490001678467
"2005-03-05",15.3520002365112
"2005-03-06",0
"2005-03-07",0
"2005-03-08",0
"2005-03-09",0
"2005-03-10",0
"2005-03-11",0
"2005-03-12",0
"2005-03-13",0
"2005-03-14",0
"2005-03-15",0
"2005-03-16",0
"2005-03-17",0
"2005-03-18",0
"2005-03-19",22.1019992828369
"2005-03-20",37.2599983215332
"2005-03-21",24.9689998626709
"2005-03-22",70.5869979858398
"2005-03-23",60.2239990234375
"2005-03-24",5.09499979019165
"2005-03-25",0
"2005-03-26",0
"2005-03-27",0
"2005-03-28",29.8570003509521
"2005-03-29",3.56699991226196
"2005-03-30",10.2889995574951
"2005-03-31",0
"2005-04-01",0
"2005-04-02",0
"2005-04-03",0
"2005-04-04",24.0739994049072
"2005-04-05",1.92700004577637
"2005-04-06",0
"2005-04-07",10.2390003204346
"2005-04-08",3.29699993133545
"2005-04-09",27.8120002746582
"2005-04-10",0.0869999974966049
"2005-04-11",0
"2005-04-12",0
"2005-04-13",0
"2005-04-14",0.671000003814697
"2005-04-15",0
"2005-04-16",0
"2005-04-17",0
"2005-04-18",0
"2005-04-19",0
"2005-04-20",0
"2005-04-21",0
"2005-04-22",0
"2005-04-23",20.2859992980957
"2005-04-24",9.41600036621094
"2005-04-25",0
"2005-04-26",0
"2005-04-27",0
"2005-04-28",14.96399974823
"2005-04-29",7.53399991989136
"2005-04-30",0
"2005-05-01",0.0089999996125698
"2005-05-02",0
"2005-05-03",0
"2005-05-04",0
"2005-05-05",12.3610000610352
"2005-05-06",6.08699989318848
"2005-05-07",0
"2005-05-08",0
"2005-05-09",14.6260004043579
"2005-05-10",2.31200003623962
"2005-05-11",0
"2005-05-12",0
"2005-05-13",0
"2005-05-14",0
"2005-05-15",0
"2005-05-16",0
"2005-05-17",0
"2005-05-18",0
"2005-05-19",24.7819995880127
"2005-05-20",5.78800010681152
"2005-05-21",0
"2005-05-22",0
"2005-05-23",0
"2005-05-24",0
"2005-05-25",0
"2005-05-26",0
"2005-05-27",0
"2005-05-28",0
"2005-05-29",0
"2005-05-30",0
"2005-05-31",0
"2005-06-01",0
"2005-06-02",0
"2005-06-03",0
"2005-06-04",0
"2005-06-05",0
"2005-06-06",0
"2005-06-07",0
"2005-06-08",0
"2005-06-09",6.56699991226196
"2005-06-10",0.861000001430511
"2005-06-11",0
"2005-06-12",0
"2005-06-13",0
"2005-06-14",0
"2005-06-15",0
"2005-06-16",0
"2005-06-17",20.0659999847412
"2005-06-18",4.30600023269653
"2005-06-19",0
"2005-06-20",0
"2005-06-21",0
"2005-06-22",0
"2005-06-23",0
"2005-06-24",0
"2005-06-25",0
"2005-06-26",0
"2005-06-27",0
"2005-06-28",0
"2005-06-29",0
"2005-06-30",0
"2005-07-01",0
"2005-07-02",0
"2005-07-03",0
"2005-07-04",0
"2005-07-05",0
"2005-07-06",0
"2005-07-07",0
"2005-07-08",0
"2005-07-09",0
"2005-07-10",0
"2005-07-11",0
"2005-07-12",0
"2005-07-13",0
"2005-07-14",0
"2005-07-15",0
"2005-07-16",0
"2005-07-17",0
"2005-07-18",0
"2005-07-19",0
"2005-07-20",0
"2005-07-21",0
"2005-07-22",0
"2005-07-23",0
"2005-07-24",0
"2005-07-25",0
"2005-07-26",0
"2005-07-27",0
"2005-07-28",0
"2005-07-29",0
"2005-07-30",0
"2005-07-31",0
"2005-08-01",0
"2005-08-02",0
"2005-08-03",0
"2005-08-04",0
"2005-08-05",0
"2005-08-06",0
"2005-08-07",0
"2005-08-08",0
"2005-08-09",0
"2005-08-10",0
"2005-08-11",0
"2005-08-12",0
"2005-08-13",0
"2005-08-14",0
"2005-08-15",0
"2005-08-16",0
"2005-08-17",0
"2005-08-18",0
"2005-08-19",0
"2005-08-20",0
"2005-08-21",0
"2005-08-22",0
"2005-08-23",0
"2005-08-24",0
"2005-08-25",0
"2005-08-26",0
"2005-08-27",0
"2005-08-28",0
"2005-08-29",0
"2005-08-30",0
"2005-08-31",0
"2005-09-01",0
"2005-09-02",0
"2005-09-03",0
"2005-09-04",0
"2005-09-05",0
"2005-09-06",0
"2005-09-07",0
"2005-09-08",3.1340000629425
"2005-09-09",0.0219999998807907
"2005-09-10",0
"2005-09-11",0
"2005-09-12",0
"2005-09-13",0
"2005-09-14",0
"2005-09-15",0
"2005-09-16",0
"2005-09-17",0
"2005-09-18",0
"2005-09-19",0
"2005-09-20",2.57699990272522
"2005-09-21",0.141000002622604
"2005-09-22",0
"2005-09-23",0
"2005-09-24",0
"2005-09-25",2.61400008201599
"2005-09-26",0
"2005-09-27",0
"2005-09-28",0
"2005-09-29",0
"2005-09-30",0
"2005-10-01",0
"2005-10-02",0
"2005-10-03",0
"2005-10-04",0
"2005-10-05",0
"2005-10-06",0
"2005-10-07",0
"2005-10-08",0
"2005-10-09",0
"2005-10-10",0
"2005-10-11",0
"2005-10-12",0
"2005-10-13",0
"2005-10-14",0
"2005-10-15",1.83200001716614
"2005-10-16",0
"2005-10-17",0
"2005-10-18",0
"2005-10-19",2.28399991989136
"2005-10-20",0
"2005-10-21",0.216999992728233
"2005-10-22",0
"2005-10-23",0.587000012397766
"2005-10-24",0
"2005-10-25",0
"2005-10-26",0
"2005-10-27",6.22300004959106
"2005-10-28",0
"2005-10-29",0
"2005-10-30",0.0010000000474974
"2005-10-31",0
"2005-11-01",0
"2005-11-02",0.665000021457672
"2005-11-03",6.60200023651123
"2005-11-04",0.14300000667572
"2005-11-05",1.31200003623962
"2005-11-06",0
"2005-11-07",0
"2005-11-08",10.3319997787476
"2005-11-09",1.53100001811981
"2005-11-10",1.67299997806549
"2005-11-11",0.832000017166138
"2005-11-12",0
"2005-11-13",0
"2005-11-14",0
"2005-11-15",0
"2005-11-16",0
"2005-11-17",0
"2005-11-18",0
"2005-11-19",0
"2005-11-20",0
"2005-11-21",0.41499999165535
"2005-11-22",0
"2005-11-23",0
"2005-11-24",0
"2005-11-25",1.33599996566772
"2005-11-26",16.4300003051758
"2005-11-27",0
"2005-11-28",0
"2005-11-29",19.5030002593994
"2005-11-30",6.74700021743774
"2005-12-01",4.25
"2005-12-02",97.411003112793
"2005-12-03",0
"2005-12-04",0
"2005-12-05",0
"2005-12-06",0
"2005-12-07",0
"2005-12-08",2.18400001525879
"2005-12-09",0
"2005-12-10",0
"2005-12-11",0
"2005-12-12",0.146999999880791
"2005-12-13",0
"2005-12-14",0.146999999880791
"2005-12-15",0
"2005-12-16",0
"2005-12-17",0
"2005-12-18",79.7679977416992
"2005-12-19",146.792007446289
"2005-12-20",1.40400004386902
"2005-12-21",0
"2005-12-22",61.2210006713867
"2005-12-23",37.0009994506836
"2005-12-24",0
"2005-12-25",0
"2005-12-26",65.4160003662109
"2005-12-27",0
"2005-12-28",14.1929998397827
"2005-12-29",34.6419982910156
"2005-12-30",0
"2005-12-31",56.5429992675781
"2006-01-01",69.2789993286133
"2006-01-02",33.1720008850098
"2006-01-03",34.0190010070801
"2006-01-04",2.21000003814697
"2006-01-05",0
"2006-01-06",0
"2006-01-07",5.36299991607666
"2006-01-08",1.21599996089935
"2006-01-09",0
"2006-01-10",1.19400000572205
"2006-01-11",1.13900005817413
"2006-01-12",0.435999989509583
"2006-01-13",0
"2006-01-14",14.4250001907349
"2006-01-15",29.8460006713867
"2006-01-16",0
"2006-01-17",0
"2006-01-18",13.8929996490479
"2006-01-19",7.73899984359741
"2006-01-20",0
"2006-01-21",0
"2006-01-22",0.697000026702881
"2006-01-23",0
"2006-01-24",0
"2006-01-25",0
"2006-01-26",7.84299993515015
"2006-01-27",0
"2006-01-28",3.6470000743866
"2006-01-29",18.0370006561279
"2006-01-30",0
"2006-01-31",0.575999975204468
"2006-02-01",0
"2006-02-02",4.37400007247925
"2006-02-03",0
"2006-02-04",0
"2006-02-05",3.10400009155273
"2006-02-06",0
"2006-02-07",0
"2006-02-08",0
"2006-02-09",0
"2006-02-10",0
"2006-02-11",0
"2006-02-12",0
"2006-02-13",0
"2006-02-14",0
"2006-02-15",0
"2006-02-16",0
"2006-02-17",0
"2006-02-18",7.06599998474121
"2006-02-19",5.1269998550415
"2006-02-20",1.29200005531311
"2006-02-21",0
"2006-02-22",0
"2006-02-23",0
"2006-02-24",0
"2006-02-25",0
"2006-02-26",0
"2006-02-27",44.5900001525879
"2006-02-28",80.504997253418
"2006-03-01",23.6749992370605
"2006-03-02",8.04899978637695
"2006-03-03",10.0200004577637
"2006-03-04",18.4290008544922
"2006-03-05",0
"2006-03-06",48.2190017700195
"2006-03-07",8.00500011444092
"2006-03-08",4.64900016784668
"2006-03-09",0.88400000333786
"2006-03-10",5.44799995422363
"2006-03-11",10.6110000610352
"2006-03-12",14.7159996032715
"2006-03-13",12.6009998321533
"2006-03-14",24.7999992370605
"2006-03-15",10.9329996109009
"2006-03-16",3.61899995803833
"2006-03-17",12.8879995346069
"2006-03-18",8.86800003051758
"2006-03-19",0
"2006-03-20",0
"2006-03-21",30.8090000152588
"2006-03-22",1.86000001430511
"2006-03-23",0
"2006-03-24",0
"2006-03-25",13.6359996795654
"2006-03-26",39.310001373291
"2006-03-27",0
"2006-03-28",32.318000793457
"2006-03-29",26.9500007629395
"2006-03-30",19.7609996795654
"2006-03-31",9.18599987030029
"2006-04-01",1.54299998283386
"2006-04-02",0
"2006-04-03",65.3860015869141
"2006-04-04",42.5270004272461
"2006-04-05",44.2939987182617
"2006-04-06",4.29899978637695
"2006-04-07",0
"2006-04-08",17.306999206543
"2006-04-09",0
"2006-04-10",7.93900012969971
"2006-04-11",26.2199993133545
"2006-04-12",37.9029998779297
"2006-04-13",19.0370006561279
"2006-04-14",0
"2006-04-15",3.47199988365173
"2006-04-16",14.6429996490479
"2006-04-17",24.298999786377
"2006-04-18",0
"2006-04-19",0
"2006-04-20",0
"2006-04-21",0
"2006-04-22",0
"2006-04-23",0
"2006-04-24",0
"2006-04-25",0
"2006-04-26",0.677999973297119
"2006-04-27",0
"2006-04-28",0
"2006-04-29",0
"2006-04-30",0
"2006-05-01",0
"2006-05-02",0
"2006-05-03",0
"2006-05-04",0
"2006-05-05",0
"2006-05-06",0
"2006-05-07",0
"2006-05-08",0
"2006-05-09",0
"2006-05-10",0
"2006-05-11",0
"2006-05-12",0
"2006-05-13",0
"2006-05-14",0
"2006-05-15",0
"2006-05-16",0
"2006-05-17",0
"2006-05-18",0
"2006-05-19",0
"2006-05-20",2.18799996376038
"2006-05-21",0.493000000715256
"2006-05-22",17.1000003814697
"2006-05-23",0.280000001192093
"2006-05-24",0
"2006-05-25",0
"2006-05-26",0
"2006-05-27",0
"2006-05-28",0
"2006-05-29",0
"2006-05-30",0
"2006-05-31",0
"2006-06-01",0
"2006-06-02",0
"2006-06-03",0
"2006-06-04",0
"2006-06-05",0
"2006-06-06",0
"2006-06-07",0
"2006-06-08",0
"2006-06-09",0
"2006-06-10",0
"2006-06-11",0
"2006-06-12",0
"2006-06-13",0
"2006-06-14",0
"2006-06-15",0
"2006-06-16",0
"2006-06-17",0
"2006-06-18",0
"2006-06-19",0
"2006-06-20",0
"2006-06-21",0
"2006-06-22",0
"2006-06-23",0
"2006-06-24",0
"2006-06-25",0
"2006-06-26",0
"2006-06-27",0
"2006-06-28",0
"2006-06-29",0
"2006-06-30",0
"2006-07-01",0
"2006-07-02",0
"2006-07-03",0
"2006-07-04",0
"2006-07-05",0
"2006-07-06",0
"2006-07-07",0
"2006-07-08",0
"2006-07-09",0
"2006-07-10",0
"2006-07-11",0
"2006-07-12",0
"2006-07-13",0
"2006-07-14",0
"2006-07-15",0
"2006-07-16",0
"2006-07-17",0
"2006-07-18",0
"2006-07-19",0
"2006-07-20",0
"2006-07-21",0
"2006-07-22",0
"2006-07-23",0
"2006-07-24",0
"2006-07-25",0
"2006-07-26",0
"2006-07-27",0
"2006-07-28",0
"2006-07-29",0
"2006-07-30",0
"2006-07-31",0
"2006-08-01",0
"2006-08-02",0
"2006-08-03",0
"2006-08-04",0
"2006-08-05",0
"2006-08-06",0
"2006-08-07",0
"2006-08-08",0
"2006-08-09",0
"2006-08-10",0
"2006-08-11",0
"2006-08-12",0
"2006-08-13",0
"2006-08-14",0
"2006-08-15",0
"2006-08-16",0
"2006-08-17",0
"2006-08-18",0
"2006-08-19",0
"2006-08-20",0
"2006-08-21",0
"2006-08-22",0
"2006-08-23",0
"2006-08-24",0
"2006-08-25",0
"2006-08-26",0
"2006-08-27",0
"2006-08-28",0
"2006-08-29",0
"2006-08-30",0
"2006-08-31",0
"2006-09-01",0
"2006-09-02",0
"2006-09-03",0
"2006-09-04",0
"2006-09-05",0
"2006-09-06",0
"2006-09-07",0
"2006-09-08",0
"2006-09-09",0
"2006-09-10",0
"2006-09-11",0
"2006-09-12",0
"2006-09-13",0
"2006-09-14",0
"2006-09-15",0
"2006-09-16",0
"2006-09-17",0
"2006-09-18",0
"2006-09-19",0
"2006-09-20",0
"2006-09-21",0
"2006-09-22",0
"2006-09-23",0
"2006-09-24",0
"2006-09-25",0
"2006-09-26",0
"2006-09-27",0
"2006-09-28",0
"2006-09-29",0
"2006-09-30",0
"2006-10-01",0.100000001490116
"2006-10-02",0
"2006-10-03",0
"2006-10-04",0
"2006-10-05",12.1049995422363
"2006-10-06",0.804000020027161
"2006-10-07",0
"2006-10-08",0
"2006-10-09",0
"2006-10-10",0
"2006-10-11",0
"2006-10-12",0
"2006-10-13",0
"2006-10-14",0
"2006-10-15",0
"2006-10-16",0
"2006-10-17",1.85599994659424
"2006-10-18",0
"2006-10-19",0
"2006-10-20",0
"2006-10-21",0
"2006-10-22",0
"2006-10-23",0
"2006-10-24",0
"2006-10-25",0
"2006-10-26",0
"2006-10-27",0
"2006-10-28",0
"2006-10-29",0
"2006-10-30",0
"2006-10-31",0
"2006-11-01",0
"2006-11-02",14.58899974823
"2006-11-03",15.5450000762939
"2006-11-04",4.81400012969971
"2006-11-05",0
"2006-11-06",0
"2006-11-07",0
"2006-11-08",0
"2006-11-09",0
"2006-11-10",9.29300022125244
"2006-11-11",0
"2006-11-12",7.55100011825562
"2006-11-13",0.958999991416931
"2006-11-14",34.9560012817383
"2006-11-15",0.497000008821487
"2006-11-16",0
"2006-11-17",0
"2006-11-18",0
"2006-11-19",0
"2006-11-20",0
"2006-11-21",0.391999989748001
"2006-11-22",0
"2006-11-23",0.449999988079071
"2006-11-24",0
"2006-11-25",0
"2006-11-26",0
"2006-11-27",17.5170001983643
"2006-11-28",9.08300018310547
"2006-11-29",0
"2006-11-30",0
"2006-12-01",0
"2006-12-02",0
"2006-12-03",0
"2006-12-04",0
"2006-12-05",0
"2006-12-06",0
"2006-12-07",0
"2006-12-08",0
"2006-12-09",45.5130004882812
"2006-12-10",43.3419990539551
"2006-12-11",8.2790002822876
"2006-12-12",0.0040000001899898
"2006-12-13",14.6879997253418
"2006-12-14",0
"2006-12-15",10.7690000534058
"2006-12-16",1.8289999961853
"2006-12-17",2.75200009346008
"2006-12-18",0
"2006-12-19",0
"2006-12-20",0
"2006-12-21",0
"2006-12-22",27.1720008850098
"2006-12-23",0
"2006-12-24",0
"2006-12-25",0
"2006-12-26",0
"2006-12-27",35.0130004882812
"2006-12-28",1.57200002670288
"2006-12-29",0
"2006-12-30",0
"2006-12-31",0
"2007-01-01",0
"2007-01-02",0
"2007-01-03",0
"2007-01-04",3.26999998092651
"2007-01-05",1.59099996089935
"2007-01-06",0
"2007-01-07",0
"2007-01-08",0
"2007-01-09",0
"2007-01-10",0
"2007-01-11",0
"2007-01-12",0
"2007-01-13",0
"2007-01-14",0
"2007-01-15",0
"2007-01-16",0
"2007-01-17",0.680999994277954
"2007-01-18",0
"2007-01-19",0
"2007-01-20",0
"2007-01-21",0
"2007-01-22",0
"2007-01-23",0
"2007-01-24",0
"2007-01-25",0
"2007-01-26",0
"2007-01-27",4.66099977493286
"2007-01-28",8.44099998474121
"2007-01-29",0.0109999999403954
"2007-01-30",0
"2007-01-31",0
"2007-02-01",0
"2007-02-02",0
"2007-02-03",0
"2007-02-04",0
"2007-02-05",0
"2007-02-06",0
"2007-02-07",1.39800000190735
"2007-02-08",25.2530002593994
"2007-02-09",29.8360004425049
"2007-02-10",24.556999206543
"2007-02-11",69.7170028686523
"2007-02-12",1.78600001335144
"2007-02-13",18.3549995422363
"2007-02-14",0
"2007-02-15",0
"2007-02-16",0
"2007-02-17",0
"2007-02-18",0
"2007-02-19",0
"2007-02-20",1.12100005149841
"2007-02-21",0
"2007-02-22",10.6709995269775
"2007-02-23",26.3680000305176
"2007-02-24",0
"2007-02-25",11.1219997406006
"2007-02-26",7.3270001411438
"2007-02-27",39.7760009765625
"2007-02-28",12.9200000762939
"2007-03-01",1.06599998474121
"2007-03-02",0
"2007-03-03",0
"2007-03-04",0
"2007-03-05",0
"2007-03-06",0
"2007-03-07",0
"2007-03-08",0
"2007-03-09",0
"2007-03-10",0
"2007-03-11",0
"2007-03-12",0
"2007-03-13",0
"2007-03-14",0
"2007-03-15",0
"2007-03-16",0
"2007-03-17",0
"2007-03-18",0
"2007-03-19",0.363999992609024
"2007-03-20",0
"2007-03-21",2.02800011634827
"2007-03-22",0
"2007-03-23",0
"2007-03-24",0
"2007-03-25",0
"2007-03-26",0
"2007-03-27",9.58300018310547
"2007-03-28",0
"2007-03-29",0
"2007-03-30",0
"2007-03-31",0
"2007-04-01",0
"2007-04-02",0
"2007-04-03",0
"2007-04-04",0
"2007-04-05",0
"2007-04-06",0
"2007-04-07",0
"2007-04-08",0
"2007-04-09",0
"2007-04-10",3.52500009536743
"2007-04-11",0
"2007-04-12",1.89900004863739
"2007-04-13",0
"2007-04-14",0
"2007-04-15",2.73000001907349
"2007-04-16",0
"2007-04-17",0.722000002861023
"2007-04-18",0
"2007-04-19",0
"2007-04-20",5.2350001335144
"2007-04-21",1.99300003051758
"2007-04-22",38.0229988098145
"2007-04-23",2.06399989128113
"2007-04-24",0
"2007-04-25",0
"2007-04-26",0
"2007-04-27",0
"2007-04-28",0
"2007-04-29",0
"2007-04-30",0
"2007-05-01",4.20900011062622
"2007-05-02",0
"2007-05-03",4.13100004196167
"2007-05-04",7.68400001525879
"2007-05-05",1.5349999666214
"2007-05-06",0
"2007-05-07",0
"2007-05-08",0
"2007-05-09",0
"2007-05-10",0
"2007-05-11",0
"2007-05-12",0
"2007-05-13",0
"2007-05-14",0.0399999991059303
"2007-05-15",0
"2007-05-16",0
"2007-05-17",0
"2007-05-18",0
"2007-05-19",0
"2007-05-20",0
"2007-05-21",0
"2007-05-22",0
"2007-05-23",0
"2007-05-24",0
"2007-05-25",0
"2007-05-26",0
"2007-05-27",0
"2007-05-28",0.0399999991059303
"2007-05-29",0
"2007-05-30",0
"2007-05-31",0
"2007-06-01",0
"2007-06-02",0
"2007-06-03",0
"2007-06-04",0
"2007-06-05",0
"2007-06-06",0
"2007-06-07",0
"2007-06-08",0
"2007-06-09",0
"2007-06-10",0
"2007-06-11",0
"2007-06-12",0
"2007-06-13",0
"2007-06-14",0
"2007-06-15",0
"2007-06-16",0
"2007-06-17",0
"2007-06-18",0
"2007-06-19",0
"2007-06-20",0
"2007-06-21",0
"2007-06-22",0
"2007-06-23",0
"2007-06-24",0
"2007-06-25",0
"2007-06-26",0
"2007-06-27",0
"2007-06-28",0
"2007-06-29",0
"2007-06-30",0
"2007-07-01",0
"2007-07-02",0
"2007-07-03",0
"2007-07-04",0
"2007-07-05",0
"2007-07-06",0
"2007-07-07",0
"2007-07-08",0
"2007-07-09",0
"2007-07-10",0
"2007-07-11",0
"2007-07-12",0
"2007-07-13",0
"2007-07-14",0
"2007-07-15",0
"2007-07-16",0
"2007-07-17",0
"2007-07-18",0
"2007-07-19",0
"2007-07-20",0
"2007-07-21",0
"2007-07-22",0
"2007-07-23",0
"2007-07-24",0
"2007-07-25",0
"2007-07-26",0
"2007-07-27",0
"2007-07-28",0
"2007-07-29",0
"2007-07-30",0
"2007-07-31",0
"2007-08-01",0
"2007-08-02",0
"2007-08-03",0
"2007-08-04",0
"2007-08-05",0
"2007-08-06",0
"2007-08-07",0
"2007-08-08",0
"2007-08-09",0
"2007-08-10",0
"2007-08-11",0
"2007-08-12",0
"2007-08-13",0
"2007-08-14",0
"2007-08-15",0
"2007-08-16",0
"2007-08-17",0
"2007-08-18",0
"2007-08-19",0
"2007-08-20",0
"2007-08-21",0
"2007-08-22",0
"2007-08-23",0
"2007-08-24",0
"2007-08-25",0
"2007-08-26",0
"2007-08-27",0
"2007-08-28",0
"2007-08-29",0
"2007-08-30",0
"2007-08-31",0
"2007-09-01",0
"2007-09-02",0
"2007-09-03",0
"2007-09-04",0
"2007-09-05",0
"2007-09-06",0
"2007-09-07",0
"2007-09-08",0
"2007-09-09",0
"2007-09-10",0
"2007-09-11",0
"2007-09-12",0
"2007-09-13",0
"2007-09-14",0
"2007-09-15",0
"2007-09-16",0
"2007-09-17",0
"2007-09-18",0
"2007-09-19",0
"2007-09-20",0
"2007-09-21",0
"2007-09-22",2.99499988555908
"2007-09-23",6.94500017166138
"2007-09-24",0
"2007-09-25",0
"2007-09-26",0
"2007-09-27",0
"2007-09-28",0
"2007-09-29",0
"2007-09-30",0
"2007-10-01",0
"2007-10-02",0
"2007-10-03",0
"2007-10-04",0
"2007-10-05",0
"2007-10-06",0
"2007-10-07",0
"2007-10-08",0
"2007-10-09",0
"2007-10-10",34.0820007324219
"2007-10-11",0
"2007-10-12",1.47200000286102
"2007-10-13",12.7189998626709
"2007-10-14",0
"2007-10-15",0
"2007-10-16",3.80299997329712
"2007-10-17",14.2600002288818
"2007-10-18",0
"2007-10-19",0
"2007-10-20",0.617999970912933
"2007-10-21",0
"2007-10-22",0
"2007-10-23",0
"2007-10-24",0
"2007-10-25",0
"2007-10-26",0
"2007-10-27",0
"2007-10-28",0
"2007-10-29",0
"2007-10-30",1.95700001716614
"2007-10-31",0
"2007-11-01",0
"2007-11-02",0
"2007-11-03",0
"2007-11-04",0
"2007-11-05",0
"2007-11-06",0
"2007-11-07",0
"2007-11-08",0
"2007-11-09",0
"2007-11-10",0
"2007-11-11",15.7550001144409
"2007-11-12",0.824000000953674
"2007-11-13",0
"2007-11-14",0.398000001907349
"2007-11-15",0
"2007-11-16",0
"2007-11-17",0
"2007-11-18",0.0560000017285347
"2007-11-19",0.400000005960464
"2007-11-20",0
"2007-11-21",0
"2007-11-22",0
"2007-11-23",0
"2007-11-24",0
"2007-11-25",0
"2007-11-26",0
"2007-11-27",0.400000005960464
"2007-11-28",0
"2007-11-29",0
"2007-11-30",0
"2007-12-01",2.54500007629395
"2007-12-02",0
"2007-12-03",1.84599995613098
"2007-12-04",0
"2007-12-05",2.34899997711182
"2007-12-06",0
"2007-12-07",28.7439994812012
"2007-12-08",1.88100004196167
"2007-12-09",0
"2007-12-10",0
"2007-12-11",0
"2007-12-12",0
"2007-12-13",0
"2007-12-14",0
"2007-12-15",0
"2007-12-16",0
"2007-12-17",16.7759990692139
"2007-12-18",15.1219997406006
"2007-12-19",59.8269996643066
"2007-12-20",25.92799949646
"2007-12-21",6.71799993515015
"2007-12-22",0
"2007-12-23",0
"2007-12-24",0
"2007-12-25",0
"2007-12-26",1.39800000190735
"2007-12-27",0
"2007-12-28",2.92899990081787
"2007-12-29",7.6399998664856
"2007-12-30",2.02999997138977
"2007-12-31",0
"2008-01-01",0.726999998092651
"2008-01-02",0
"2008-01-03",0
"2008-01-04",65.7720031738281
"2008-01-05",137.029006958008
"2008-01-06",51.3110008239746
"2008-01-07",5.75400018692017
"2008-01-08",0
"2008-01-09",11.5410003662109
"2008-01-10",0
"2008-01-11",1.89999997615814
"2008-01-12",0
"2008-01-13",0
"2008-01-14",0
"2008-01-15",0.354000002145767
"2008-01-16",0
"2008-01-17",0
"2008-01-18",0
"2008-01-19",0
"2008-01-20",3.23600006103516
"2008-01-21",0
"2008-01-22",14.1280002593994
"2008-01-23",27.4370002746582
"2008-01-24",6.76000022888184
"2008-01-25",24.5510005950928
"2008-01-26",122.822998046875
"2008-01-27",24.6989994049072
"2008-01-28",42.132999420166
"2008-01-29",4.41499996185303
"2008-01-30",5.30800008773804
"2008-01-31",0.97299998998642
"2008-02-01",24.3490009307861
"2008-02-02",0
"2008-02-03",51.4280014038086
"2008-02-04",9.27799987792969
"2008-02-05",0
"2008-02-06",0
"2008-02-07",0
"2008-02-08",0
"2008-02-09",0
"2008-02-10",0
"2008-02-11",0
"2008-02-12",0
"2008-02-13",0
"2008-02-14",0
"2008-02-15",0
"2008-02-16",0
"2008-02-17",0
"2008-02-18",0.73199999332428
"2008-02-19",0
"2008-02-20",12.96399974823
"2008-02-21",3.65000009536743
"2008-02-22",5.02199983596802
"2008-02-23",8.61999988555908
"2008-02-24",35.3050003051758
"2008-02-25",40.0369987487793
"2008-02-26",0
"2008-02-27",0
"2008-02-28",0
"2008-02-29",0
"2008-03-01",0
"2008-03-02",0
"2008-03-03",0
"2008-03-04",0.377999991178513
"2008-03-05",0
"2008-03-06",0
"2008-03-07",0
"2008-03-08",0
"2008-03-09",0
"2008-03-10",0
"2008-03-11",0
"2008-03-12",1.8639999628067
"2008-03-13",0.234999999403954
"2008-03-14",0
"2008-03-15",2.09899997711182
"2008-03-16",1.53799998760223
"2008-03-17",0
"2008-03-18",0
"2008-03-19",0
"2008-03-20",0
"2008-03-21",0
"2008-03-22",0
"2008-03-23",0
"2008-03-24",0
"2008-03-25",0
"2008-03-26",0
"2008-03-27",0
"2008-03-28",0
"2008-03-29",6.86199998855591
"2008-03-30",0
"2008-03-31",0
"2008-04-01",1.13999998569489
"2008-04-02",0
"2008-04-03",3.25
"2008-04-04",0
"2008-04-05",0
"2008-04-06",0
"2008-04-07",0
"2008-04-08",0
"2008-04-09",0
"2008-04-10",0
"2008-04-11",0
"2008-04-12",0
"2008-04-13",0
"2008-04-14",0
"2008-04-15",0
"2008-04-16",0
"2008-04-17",0
"2008-04-18",0
"2008-04-19",0
"2008-04-20",0
"2008-04-21",0
"2008-04-22",0
"2008-04-23",8.79599952697754
"2008-04-24",0.449000000953674
"2008-04-25",0
"2008-04-26",0
"2008-04-27",0
"2008-04-28",0
"2008-04-29",0
"2008-04-30",0
"2008-05-01",0
"2008-05-02",0
"2008-05-03",0
"2008-05-04",0
"2008-05-05",0
"2008-05-06",0
"2008-05-07",0
"2008-05-08",0
"2008-05-09",0
"2008-05-10",0
"2008-05-11",0
"2008-05-12",0
"2008-05-13",0
"2008-05-14",0
"2008-05-15",0
"2008-05-16",0
"2008-05-17",0
"2008-05-18",0
"2008-05-19",0
"2008-05-20",0
"2008-05-21",0
"2008-05-22",0
"2008-05-23",0
"2008-05-24",0
"2008-05-25",0
"2008-05-26",0
"2008-05-27",0
"2008-05-28",0
"2008-05-29",0
"2008-05-30",0
"2008-05-31",0
"2008-06-01",0
"2008-06-02",0
"2008-06-03",0
"2008-06-04",0
"2008-06-05",0
"2008-06-06",0
"2008-06-07",0
"2008-06-08",0
"2008-06-09",0
"2008-06-10",0
"2008-06-11",0
"2008-06-12",0
"2008-06-13",0
"2008-06-14",0
"2008-06-15",0
"2008-06-16",0
"2008-06-17",0
"2008-06-18",0
"2008-06-19",0
"2008-06-20",0
"2008-06-21",0
"2008-06-22",0
"2008-06-23",0
"2008-06-24",0
"2008-06-25",0
"2008-06-26",0
"2008-06-27",0
"2008-06-28",0
"2008-06-29",0
"2008-06-30",0
"2008-07-01",0
"2008-07-02",0
"2008-07-03",0
"2008-07-04",0
"2008-07-05",0
"2008-07-06",0
"2008-07-07",0
"2008-07-08",0
"2008-07-09",0
"2008-07-10",0
"2008-07-11",0
"2008-07-12",0
"2008-07-13",0
"2008-07-14",0
"2008-07-15",0
"2008-07-16",0
"2008-07-17",0
"2008-07-18",0
"2008-07-19",0
"2008-07-20",0
"2008-07-21",0
"2008-07-22",0
"2008-07-23",0
"2008-07-24",0
"2008-07-25",0
"2008-07-26",0
"2008-07-27",0
"2008-07-28",0
"2008-07-29",0
"2008-07-30",0
"2008-07-31",0
"2008-08-01",0
"2008-08-02",0
"2008-08-03",0
"2008-08-04",0
"2008-08-05",0
"2008-08-06",0
"2008-08-07",0
"2008-08-08",0
"2008-08-09",0
"2008-08-10",0
"2008-08-11",0
"2008-08-12",0
"2008-08-13",0
"2008-08-14",0
"2008-08-15",0
"2008-08-16",0
"2008-08-17",0
"2008-08-18",0
"2008-08-19",0
"2008-08-20",0
"2008-08-21",0
"2008-08-22",0
"2008-08-23",0
"2008-08-24",0
"2008-08-25",0
"2008-08-26",0
"2008-08-27",0
"2008-08-28",0
"2008-08-29",0
"2008-08-30",0
"2008-08-31",0
"2008-09-01",0
"2008-09-02",0
"2008-09-03",0
"2008-09-04",0
"2008-09-05",0
"2008-09-06",0
"2008-09-07",0
"2008-09-08",0
"2008-09-09",0
"2008-09-10",0.407000005245209
"2008-09-11",0
"2008-09-12",0
"2008-09-13",0
"2008-09-14",0
"2008-09-15",0
"2008-09-16",0
"2008-09-17",0
"2008-09-18",0
"2008-09-19",0
"2008-09-20",0
"2008-09-21",0
"2008-09-22",0
"2008-09-23",0
"2008-09-24",0
"2008-09-25",0
"2008-09-26",0
"2008-09-27",0
"2008-09-28",0
"2008-09-29",0
"2008-09-30",0
"2008-10-01",0
"2008-10-02",0
"2008-10-03",0
"2008-10-04",20.1560001373291
"2008-10-05",2.38100004196167
"2008-10-06",0
"2008-10-07",0
"2008-10-08",0
"2008-10-09",0
"2008-10-10",0
"2008-10-11",0
"2008-10-12",0
"2008-10-13",0
"2008-10-14",0
"2008-10-15",0
"2008-10-16",0
"2008-10-17",0
"2008-10-18",0
"2008-10-19",0
"2008-10-20",0
"2008-10-21",0
"2008-10-22",0
"2008-10-23",0
"2008-10-24",0
"2008-10-25",0
"2008-10-26",0
"2008-10-27",0
"2008-10-28",0
"2008-10-29",1.72399997711182
"2008-10-30",0
"2008-10-31",12.2309999465942
"2008-11-01",11.0260000228882
"2008-11-02",103.956001281738
"2008-11-03",1.07000005245209
"2008-11-04",31.7310009002686
"2008-11-05",0
"2008-11-06",0
"2008-11-07",0
"2008-11-08",0.437000006437302
"2008-11-09",1.89400005340576
"2008-11-10",0
"2008-11-11",0
"2008-11-12",0
"2008-11-13",0
"2008-11-14",0
"2008-11-15",0
"2008-11-16",0
"2008-11-17",0
"2008-11-18",0
"2008-11-19",0
"2008-11-20",0
"2008-11-21",0
"2008-11-22",0
"2008-11-23",0
"2008-11-24",0
"2008-11-25",0
"2008-11-26",8.0290002822876
"2008-11-27",10.6140003204346
"2008-11-28",0
"2008-11-29",0
"2008-11-30",0
"2008-12-01",0
"2008-12-02",0
"2008-12-03",0
"2008-12-04",0
"2008-12-05",0
"2008-12-06",0
"2008-12-07",0
"2008-12-08",0
"2008-12-09",0
"2008-12-10",0
"2008-12-11",0
"2008-12-12",0
"2008-12-13",0.966000020503998
"2008-12-14",2.30800008773804
"2008-12-15",23.628999710083
"2008-12-16",9.4060001373291
"2008-12-17",4.29400014877319
"2008-12-18",0
"2008-12-19",16.9829998016357
"2008-12-20",4.25299978256226
"2008-12-21",0
"2008-12-22",33.3170013427734
"2008-12-23",2.55299997329712
"2008-12-24",1.58800005912781
"2008-12-25",36.2700004577637
"2008-12-26",6.80800008773804
"2008-12-27",0
"2008-12-28",0
"2008-12-29",0
"2008-12-30",0
"2008-12-31",0
"2009-01-01",0
"2009-01-02",0
"2009-01-03",6.5939998626709
"2009-01-04",0
"2009-01-05",0.330000013113022
"2009-01-06",1.40499997138977
"2009-01-07",0
"2009-01-08",0
"2009-01-09",0
"2009-01-10",0
"2009-01-11",0
"2009-01-12",0
"2009-01-13",0
"2009-01-14",0
"2009-01-15",0
"2009-01-16",0
"2009-01-17",0
"2009-01-18",0
"2009-01-19",0
"2009-01-20",8.70699977874756
"2009-01-21",0
"2009-01-22",16.9060001373291
"2009-01-23",7.80900001525879
"2009-01-24",3.5789999961853
"2009-01-25",0
"2009-01-26",0.518999993801117
"2009-01-27",0
"2009-01-28",0
"2009-01-29",0
"2009-01-30",0
"2009-01-31",0
"2009-02-01",0
"2009-02-02",0
"2009-02-03",0
"2009-02-04",0
"2009-02-05",9.03299999237061
"2009-02-06",24.1900005340576
"2009-02-07",23.5930004119873
"2009-02-08",0
"2009-02-09",12.9069995880127
"2009-02-10",0
"2009-02-11",13.6409997940063
"2009-02-12",7.79699993133545
"2009-02-13",24.6110000610352
"2009-02-14",23.3729991912842
"2009-02-15",9.10299968719482
"2009-02-16",128.455001831055
"2009-02-17",40.8600006103516
"2009-02-18",22.1560001373291
"2009-02-19",0
"2009-02-20",0
"2009-02-21",0
"2009-02-22",9.14299964904785
"2009-02-23",64.8109970092773
"2009-02-24",24.4979991912842
"2009-02-25",0.0599999986588955
"2009-02-26",5.12099981307983
"2009-02-27",2.16000008583069
"2009-02-28",0
"2009-03-01",0
"2009-03-02",20.2490005493164
"2009-03-03",31.4330005645752
"2009-03-04",36.4529991149902
"2009-03-05",8.60599994659424
"2009-03-06",3.56800007820129
"2009-03-07",0.428000003099442
"2009-03-08",0
"2009-03-09",0
"2009-03-10",0
"2009-03-11",0
"2009-03-12",0
"2009-03-13",0
"2009-03-14",0
"2009-03-15",0.333000004291534
"2009-03-16",4.30000019073486
"2009-03-17",1.65600001811981
"2009-03-18",0
"2009-03-19",0
"2009-03-20",0
"2009-03-21",0
"2009-03-22",26.9669990539551
"2009-03-23",2.33599996566772
"2009-03-24",0
"2009-03-25",0
"2009-03-26",0
"2009-03-27",0
"2009-03-28",0
"2009-03-29",0
"2009-03-30",0
"2009-03-31",0
"2009-04-01",0
"2009-04-02",0
"2009-04-03",0
"2009-04-04",0
"2009-04-05",0
"2009-04-06",0
"2009-04-07",0
"2009-04-08",12.0200004577637
"2009-04-09",2.14400005340576
"2009-04-10",6.75600004196167
"2009-04-11",0
"2009-04-12",0
"2009-04-13",0
"2009-04-14",0
"2009-04-15",0
"2009-04-16",0
"2009-04-17",0
"2009-04-18",0
"2009-04-19",0
"2009-04-20",0
"2009-04-21",0
"2009-04-22",0
"2009-04-23",0
"2009-04-24",0
"2009-04-25",0
"2009-04-26",0
"2009-04-27",0
"2009-04-28",0
"2009-04-29",0
"2009-04-30",0
"2009-05-01",0
"2009-05-02",15.5279998779297
"2009-05-03",1.95899999141693
"2009-05-04",7.42899990081787
"2009-05-05",10.1840000152588
"2009-05-06",2.89199995994568
"2009-05-07",0
"2009-05-08",0
"2009-05-09",0
"2009-05-10",0
"2009-05-11",0
"2009-05-12",0
"2009-05-13",0
"2009-05-14",0
"2009-05-15",0
"2009-05-16",0
"2009-05-17",0
"2009-05-18",0
"2009-05-19",0
"2009-05-20",0
"2009-05-21",0
"2009-05-22",0
"2009-05-23",0
"2009-05-24",0
"2009-05-25",0
"2009-05-26",0
"2009-05-27",0
"2009-05-28",0
"2009-05-29",0
"2009-05-30",0
"2009-05-31",0
"2009-06-01",0
"2009-06-02",0
"2009-06-03",0.430999994277954
"2009-06-04",0
"2009-06-05",0
"2009-06-06",0
"2009-06-07",0
"2009-06-08",0
"2009-06-09",0
"2009-06-10",0
"2009-06-11",0
"2009-06-12",0
"2009-06-13",0.551999986171722
"2009-06-14",0.398000001907349
"2009-06-15",0
"2009-06-16",0
"2009-06-17",0
"2009-06-18",0
"2009-06-19",0
"2009-06-20",0
"2009-06-21",0
"2009-06-22",0
"2009-06-23",0
"2009-06-24",0
"2009-06-25",0
"2009-06-26",0
"2009-06-27",0
"2009-06-28",0
"2009-06-29",0
"2009-06-30",0
"2009-07-01",0
"2009-07-02",0
"2009-07-03",0
"2009-07-04",0
"2009-07-05",0
"2009-07-06",0
"2009-07-07",0
"2009-07-08",0
"2009-07-09",0
"2009-07-10",0
"2009-07-11",0
"2009-07-12",0
"2009-07-13",0
"2009-07-14",0
"2009-07-15",0
"2009-07-16",0
"2009-07-17",0
"2009-07-18",0
"2009-07-19",0
"2009-07-20",0
"2009-07-21",0
"2009-07-22",0
"2009-07-23",0
"2009-07-24",0
"2009-07-25",0
"2009-07-26",0
"2009-07-27",0
"2009-07-28",0
"2009-07-29",0
"2009-07-30",0
"2009-07-31",0
"2009-08-01",0
"2009-08-02",0
"2009-08-03",0
"2009-08-04",0
"2009-08-05",0
"2009-08-06",0
"2009-08-07",0
"2009-08-08",0
"2009-08-09",0
"2009-08-10",0
"2009-08-11",0
"2009-08-12",0
"2009-08-13",0
"2009-08-14",0
"2009-08-15",0
"2009-08-16",0
"2009-08-17",0
"2009-08-18",0
"2009-08-19",0
"2009-08-20",0
"2009-08-21",0
"2009-08-22",0
"2009-08-23",0
"2009-08-24",0
"2009-08-25",0
"2009-08-26",0
"2009-08-27",0
"2009-08-28",0
"2009-08-29",0
"2009-08-30",0
"2009-08-31",0
"2009-09-01",0
"2009-09-02",0
"2009-09-03",0
"2009-09-04",0
"2009-09-05",0
"2009-09-06",0
"2009-09-07",0
"2009-09-08",0
"2009-09-09",0
"2009-09-10",0
"2009-09-11",0
"2009-09-12",0
"2009-09-13",0
"2009-09-14",5.89799976348877
"2009-09-15",0
"2009-09-16",0
"2009-09-17",0
"2009-09-18",0
"2009-09-19",0
"2009-09-20",0
"2009-09-21",0
"2009-09-22",0
"2009-09-23",0
"2009-09-24",0
"2009-09-25",0
"2009-09-26",0
"2009-09-27",0
"2009-09-28",0
"2009-09-29",0
"2009-09-30",0
"2009-10-01",0
"2009-10-02",0
"2009-10-03",0
"2009-10-04",0
"2009-10-05",0
"2009-10-06",0
"2009-10-07",0
"2009-10-08",0
"2009-10-09",0
"2009-10-10",0
"2009-10-11",0
"2009-10-12",0
"2009-10-13",63.6069984436035
"2009-10-14",170.458999633789
"2009-10-15",4.68300008773804
"2009-10-16",0.0299999993294477
"2009-10-17",0
"2009-10-18",0
"2009-10-19",0
"2009-10-20",7.58199977874756
"2009-10-21",0
"2009-10-22",0
"2009-10-23",0
"2009-10-24",0
"2009-10-25",0
"2009-10-26",0
"2009-10-27",0
"2009-10-28",0
"2009-10-29",0
"2009-10-30",0
"2009-10-31",0
"2009-11-01",0
"2009-11-02",0
"2009-11-03",0
"2009-11-04",0
"2009-11-05",0
"2009-11-06",4.03700017929077
"2009-11-07",0.433999985456467
"2009-11-08",0
"2009-11-09",0
"2009-11-10",0
"2009-11-11",0
"2009-11-12",0
"2009-11-13",0
"2009-11-14",0.512000024318695
"2009-11-15",0
"2009-11-16",0
"2009-11-17",0
"2009-11-18",0
"2009-11-19",0
"2009-11-20",0
"2009-11-21",7.13299989700317
"2009-11-22",0
"2009-11-23",0
"2009-11-24",0
"2009-11-25",0
"2009-11-26",0
"2009-11-27",0
"2009-11-28",2.10199999809265
"2009-11-29",0
"2009-11-30",0
"2009-12-01",0
"2009-12-02",0
"2009-12-03",0
"2009-12-04",0
"2009-12-05",0
"2009-12-06",0
"2009-12-07",16.0890007019043
"2009-12-08",3.65100002288818
"2009-12-09",0
"2009-12-10",0
"2009-12-11",21.4640007019043
"2009-12-12",22.6650009155273
"2009-12-13",50.4539985656738
"2009-12-14",6.87200021743774
"2009-12-15",0.003000000026077
"2009-12-16",0.232999995350838
"2009-12-17",0.851999998092651
"2009-12-18",0
"2009-12-19",0
"2009-12-20",0
"2009-12-21",1.01900005340576
"2009-12-22",3.69300007820129
"2009-12-23",0
"2009-12-24",0
"2009-12-25",0
"2009-12-26",0
"2009-12-27",20.6849994659424
"2009-12-28",0
"2009-12-29",2.70700001716614
"2009-12-30",13.2399997711182
"2009-12-31",0
"2010-01-01",0
"2010-01-02",0
"2010-01-03",0
"2010-01-04",0
"2010-01-05",0
"2010-01-06",0
"2010-01-07",0
"2010-01-08",0
"2010-01-09",0
"2010-01-10",0
"2010-01-11",0
"2010-01-12",19.6180000305176
"2010-01-13",28.7900009155273
"2010-01-14",0.570999979972839
"2010-01-15",0
"2010-01-16",0
"2010-01-17",2.17899990081787
"2010-01-18",22.1669998168945
"2010-01-19",60.4179992675781
"2010-01-20",58.4910011291504
"2010-01-21",51.6240005493164
"2010-01-22",26.6079998016357
"2010-01-23",14.8170003890991
"2010-01-24",3.34400010108948
"2010-01-25",1.28799998760223
"2010-01-26",26.1000003814697
"2010-01-27",15.1330003738403
"2010-01-28",0
"2010-01-29",0
"2010-01-30",13.7550001144409
"2010-01-31",0.444999992847443
"2010-02-01",0
"2010-02-02",0
"2010-02-03",1.16499996185303
"2010-02-04",0
"2010-02-05",72.3130035400391
"2010-02-06",21.9120006561279
"2010-02-07",7.15000009536743
"2010-02-08",0.386000007390976
"2010-02-09",10.6579999923706
"2010-02-10",3.8510000705719
"2010-02-11",0
"2010-02-12",2.59599995613098
"2010-02-13",4.07100009918213
"2010-02-14",0
"2010-02-15",0
"2010-02-16",0
"2010-02-17",0
"2010-02-18",0
"2010-02-19",0.721000015735626
"2010-02-20",1.10099995136261
"2010-02-21",1.62300002574921
"2010-02-22",10.9040002822876
"2010-02-23",0
"2010-02-24",57.2190017700195
"2010-02-25",3.99600005149841
"2010-02-26",0
"2010-02-27",38.6730003356934
"2010-02-28",6.41900014877319
"2010-03-01",0
"2010-03-02",3.60999989509583
"2010-03-03",28.1639995574951
"2010-03-04",22.5330009460449
"2010-03-05",0
"2010-03-06",0
"2010-03-07",0
"2010-03-08",0.846000015735626
"2010-03-09",6.05800008773804
"2010-03-10",8.5620002746582
"2010-03-11",0
"2010-03-12",0
"2010-03-13",29.9990005493164
"2010-03-14",0
"2010-03-15",0
"2010-03-16",0
"2010-03-17",0
"2010-03-18",0
"2010-03-19",0
"2010-03-20",0
"2010-03-21",0
"2010-03-22",0
"2010-03-23",0
"2010-03-24",0
"2010-03-25",1.74399995803833
"2010-03-26",0
"2010-03-27",0
"2010-03-28",0
"2010-03-29",0
"2010-03-30",11.5159997940063
"2010-03-31",5.10099983215332
"2010-04-01",18.8190002441406
"2010-04-02",0
"2010-04-03",13.3730001449585
"2010-04-04",0
"2010-04-05",42.7639999389648
"2010-04-06",2.58899998664856
"2010-04-07",0
"2010-04-08",0
"2010-04-09",0
"2010-04-10",0
"2010-04-11",0.837000012397766
"2010-04-12",54.7799987792969
"2010-04-13",17.6599998474121
"2010-04-14",0.164000004529953
"2010-04-15",0
"2010-04-16",0
"2010-04-17",0
"2010-04-18",0
"2010-04-19",0
"2010-04-20",11.4980001449585
"2010-04-21",7.47100019454956
"2010-04-22",4.36299991607666
"2010-04-23",0
"2010-04-24",0
"2010-04-25",0
"2010-04-26",0
"2010-04-27",0.537999987602234
"2010-04-28",21.2759990692139
"2010-04-29",3.2260000705719
"2010-04-30",0
"2010-05-01",0
"2010-05-02",0
"2010-05-03",0
"2010-05-04",0
"2010-05-05",0
"2010-05-06",0
"2010-05-07",0
"2010-05-08",0
"2010-05-09",0
"2010-05-10",1.72399997711182
"2010-05-11",6.26700019836426
"2010-05-12",0
"2010-05-13",0
"2010-05-14",0
"2010-05-15",0
"2010-05-16",0
"2010-05-17",0
"2010-05-18",3.42300009727478
"2010-05-19",0.215000003576279
"2010-05-20",0
"2010-05-21",0
"2010-05-22",0
"2010-05-23",0
"2010-05-24",0
"2010-05-25",0
"2010-05-26",14.4090003967285
"2010-05-27",0
"2010-05-28",4.5
"2010-05-29",0
"2010-05-30",0
"2010-05-31",0
"2010-06-01",0
"2010-06-02",0
"2010-06-03",0
"2010-06-04",0
"2010-06-05",0
"2010-06-06",0
"2010-06-07",0
"2010-06-08",0
"2010-06-09",0
"2010-06-10",0
"2010-06-11",0
"2010-06-12",0
"2010-06-13",0
"2010-06-14",0
"2010-06-15",0
"2010-06-16",0
"2010-06-17",0
"2010-06-18",0
"2010-06-19",0
"2010-06-20",0
"2010-06-21",0
"2010-06-22",0
"2010-06-23",0
"2010-06-24",0
"2010-06-25",0
"2010-06-26",0
"2010-06-27",0
"2010-06-28",0
"2010-06-29",0
"2010-06-30",0
"2010-07-01",0
"2010-07-02",0
"2010-07-03",0
"2010-07-04",0
"2010-07-05",0
"2010-07-06",0.136000007390976
"2010-07-07",0.0089999996125698
"2010-07-08",0
"2010-07-09",0
"2010-07-10",0
"2010-07-11",0
"2010-07-12",0
"2010-07-13",0
"2010-07-14",0
"2010-07-15",0
"2010-07-16",0
"2010-07-17",0
"2010-07-18",0
"2010-07-19",0
"2010-07-20",0
"2010-07-21",0.017000000923872
"2010-07-22",0
"2010-07-23",0
"2010-07-24",0
"2010-07-25",0
"2010-07-26",0
"2010-07-27",0
"2010-07-28",0
"2010-07-29",0
"2010-07-30",0
"2010-07-31",0
"2010-08-01",0
"2010-08-02",0
"2010-08-03",0
"2010-08-04",0
"2010-08-05",0
"2010-08-06",0
"2010-08-07",0.0390000008046627
"2010-08-08",0
"2010-08-09",0.967000007629395
"2010-08-10",0
"2010-08-11",0
"2010-08-12",0
"2010-08-13",0
"2010-08-14",0
"2010-08-15",0
"2010-08-16",0
"2010-08-17",0
"2010-08-18",0
"2010-08-19",0
"2010-08-20",0
"2010-08-21",0
"2010-08-22",0
"2010-08-23",0
"2010-08-24",0
"2010-08-25",0
"2010-08-26",0
"2010-08-27",0
"2010-08-28",0
"2010-08-29",0
"2010-08-30",0
"2010-08-31",0
"2010-09-01",0
"2010-09-02",0
"2010-09-03",0
"2010-09-04",0
"2010-09-05",0
"2010-09-06",0
"2010-09-07",0
"2010-09-08",0
"2010-09-09",0
"2010-09-10",0
"2010-09-11",0
"2010-09-12",0
"2010-09-13",0
"2010-09-14",0
"2010-09-15",0
"2010-09-16",0
"2010-09-17",0
"2010-09-18",0
"2010-09-19",0
"2010-09-20",0
"2010-09-21",0
"2010-09-22",0
"2010-09-23",0
"2010-09-24",0
"2010-09-25",0
"2010-09-26",0
"2010-09-27",0
"2010-09-28",0
"2010-09-29",0
"2010-09-30",0
"2010-10-01",0
"2010-10-02",0
"2010-10-03",0
"2010-10-04",0
"2010-10-05",0
"2010-10-06",0
"2010-10-07",0
"2010-10-08",0
"2010-10-09",0
"2010-10-10",0
"2010-10-11",0
"2010-10-12",0
"2010-10-13",0
"2010-10-14",0
"2010-10-15",0
"2010-10-16",0
"2010-10-17",0
"2010-10-18",4.04899978637695
"2010-10-19",0
"2010-10-20",0
"2010-10-21",0
"2010-10-22",2.41100001335144
"2010-10-23",2.93099999427795
"2010-10-24",25.3840007781982
"2010-10-25",43.2039985656738
"2010-10-26",0
"2010-10-27",0
"2010-10-28",0
"2010-10-29",0
"2010-10-30",9.35799980163574
"2010-10-31",6.78200006484985
"2010-11-01",0
"2010-11-02",0
"2010-11-03",0
"2010-11-04",0
"2010-11-05",0
"2010-11-06",0
"2010-11-07",1.24399995803833
"2010-11-08",28.1870002746582
"2010-11-09",0
"2010-11-10",6.15100002288818
"2010-11-11",0
"2010-11-12",0
"2010-11-13",0
"2010-11-14",0
"2010-11-15",0
"2010-11-16",0
"2010-11-17",0
"2010-11-18",0
"2010-11-19",0
"2010-11-20",19.2229995727539
"2010-11-21",50.7610015869141
"2010-11-22",6.73699998855591
"2010-11-23",13.3680000305176
"2010-11-24",11.1719999313354
"2010-11-25",0
"2010-11-26",0
"2010-11-27",0.892000019550323
"2010-11-28",18.4069995880127
"2010-11-29",0
"2010-11-30",0
"2010-12-01",0
"2010-12-02",0
"2010-12-03",0
"2010-12-04",0
"2010-12-05",2.92899990081787
"2010-12-06",38.2319984436035
"2010-12-07",0.593999981880188
"2010-12-08",0
"2010-12-09",19.6560001373291
"2010-12-10",2.29399991035461
"2010-12-11",0.815999984741211
"2010-12-12",0
"2010-12-13",0
"2010-12-14",0.505999982357025
"2010-12-15",9.65999984741211
"2010-12-16",0
"2010-12-17",5.72800016403198
"2010-12-18",74.8249969482422
"2010-12-19",76.8349990844727
"2010-12-20",42.6669998168945
"2010-12-21",11.6420001983643
"2010-12-22",32.2470016479492
"2010-12-23",0.603999972343445
"2010-12-24",0
"2010-12-25",0
"2010-12-26",41.7519989013672
"2010-12-27",3.1029999256134
"2010-12-28",0.238000005483627
"2010-12-29",81.3430023193359
"2010-12-30",1.64199995994568
"2010-12-31",0
"2011-01-01",4.77600002288818
"2011-01-02",19.3490009307861
"2011-01-03",11.8109998703003
"2011-01-04",0
"2011-01-05",0
"2011-01-06",0
"2011-01-07",0
"2011-01-08",0
"2011-01-09",0
"2011-01-10",0
"2011-01-11",0
"2011-01-12",1.15199995040894
"2011-01-13",0
"2011-01-14",1.64100003242493
"2011-01-15",0
"2011-01-16",0
"2011-01-17",0
"2011-01-18",0
"2011-01-19",0
"2011-01-20",0
"2011-01-21",0
"2011-01-22",0
"2011-01-23",0
"2011-01-24",0
"2011-01-25",0
"2011-01-26",0
"2011-01-27",0
"2011-01-28",0
"2011-01-29",0
"2011-01-30",17.0930004119873
"2011-01-31",11.1129999160767
"2011-02-01",0
"2011-02-02",0
"2011-02-03",0
"2011-02-04",0
"2011-02-05",0
"2011-02-06",0
"2011-02-07",0
"2011-02-08",0
"2011-02-09",0
"2011-02-10",0
"2011-02-11",0
"2011-02-12",0
"2011-02-13",0
"2011-02-14",3.03099989891052
"2011-02-15",10.9720001220703
"2011-02-16",40.685001373291
"2011-02-17",16.0259990692139
"2011-02-18",70.1829986572266
"2011-02-19",26.6900005340576
"2011-02-20",28.3680000305176
"2011-02-21",0.046000000089407
"2011-02-22",0
"2011-02-23",0
"2011-02-24",0
"2011-02-25",58.9420013427734
"2011-02-26",26.9899997711182
"2011-02-27",0
"2011-02-28",0
"2011-03-01",0
"2011-03-02",16.1639995574951
"2011-03-03",17.1399993896484
"2011-03-04",0.272000014781952
"2011-03-05",0
"2011-03-06",1.99300003051758
"2011-03-07",12.8409996032715
"2011-03-08",0.949000000953674
"2011-03-09",0.0049999998882412
"2011-03-10",0
"2011-03-11",0.202000007033348
"2011-03-12",0
"2011-03-13",0
"2011-03-14",17.6060009002686
"2011-03-15",1.66100001335144
"2011-03-16",12.3319997787476
"2011-03-17",1.03900003433228
"2011-03-18",0.150999993085861
"2011-03-19",24.7029991149902
"2011-03-20",65.6500015258789
"2011-03-21",9.16699981689453
"2011-03-22",6.1399998664856
"2011-03-23",30.3139991760254
"2011-03-24",32.3660011291504
"2011-03-25",69.6630020141602
"2011-03-26",17.9549999237061
"2011-03-27",35.4679985046387
"2011-03-28",3.16100001335144
"2011-03-29",0
"2011-03-30",0
"2011-03-31",0
"2011-04-01",0
"2011-04-02",0
"2011-04-03",0
"2011-04-04",0
"2011-04-05",0
"2011-04-06",0
"2011-04-07",1.2610000371933
"2011-04-08",1.02999997138977
"2011-04-09",0.326999992132187
"2011-04-10",0
"2011-04-11",0
"2011-04-12",0
"2011-04-13",0.197999998927116
"2011-04-14",3.0090000629425
"2011-04-15",0
"2011-04-16",0
"2011-04-17",0
"2011-04-18",0
"2011-04-19",1.48000001907349
"2011-04-20",0.218999996781349
"2011-04-21",9.70600032806396
"2011-04-22",0.358000010251999
"2011-04-23",0
"2011-04-24",5.6269998550415
"2011-04-25",1.6599999666214
"2011-04-26",0.675000011920929
"2011-04-27",0
"2011-04-28",0
"2011-04-29",0
"2011-04-30",0
"2011-05-01",0
"2011-05-02",0
"2011-05-03",0
"2011-05-04",0
"2011-05-05",0
"2011-05-06",0
"2011-05-07",0
"2011-05-08",0
"2011-05-09",0
"2011-05-10",0
"2011-05-11",0
"2011-05-12",0
"2011-05-13",0
"2011-05-14",0
"2011-05-15",13.7069997787476
"2011-05-16",1.71899998188019
"2011-05-17",21.2800006866455
"2011-05-18",26.5450000762939
"2011-05-19",1.34700000286102
"2011-05-20",0
"2011-05-21",0
"2011-05-22",0
"2011-05-23",0
"2011-05-24",0
"2011-05-25",0
"2011-05-26",2.58200001716614
"2011-05-27",0
"2011-05-28",0
"2011-05-29",1.68799996376038
"2011-05-30",0
"2011-05-31",0
"2011-06-01",6.13700008392334
"2011-06-02",1.28600001335144
"2011-06-03",0
"2011-06-04",29.0979995727539
"2011-06-05",30.9190006256104
"2011-06-06",1.11899995803833
"2011-06-07",0
"2011-06-08",0
"2011-06-09",0
"2011-06-10",0
"2011-06-11",0
"2011-06-12",0
"2011-06-13",0
"2011-06-14",0
"2011-06-15",0
"2011-06-16",0
"2011-06-17",0
"2011-06-18",0
"2011-06-19",0
"2011-06-20",0
"2011-06-21",0
"2011-06-22",0
"2011-06-23",0
"2011-06-24",0
"2011-06-25",0
"2011-06-26",0
"2011-06-27",0
"2011-06-28",0
"2011-06-29",15.6680002212524
"2011-06-30",0
"2011-07-01",0
"2011-07-02",0
"2011-07-03",0
"2011-07-04",0
"2011-07-05",0
"2011-07-06",0
"2011-07-07",0
"2011-07-08",0
"2011-07-09",0
"2011-07-10",0
"2011-07-11",0
"2011-07-12",0
"2011-07-13",0
"2011-07-14",0
"2011-07-15",0
"2011-07-16",0
"2011-07-17",0
"2011-07-18",0
"2011-07-19",0
"2011-07-20",0
"2011-07-21",0
"2011-07-22",0
"2011-07-23",0
"2011-07-24",0
"2011-07-25",0
"2011-07-26",0
"2011-07-27",0
"2011-07-28",0
"2011-07-29",0
"2011-07-30",0
"2011-07-31",0
"2011-08-01",0
"2011-08-02",0
"2011-08-03",0
"2011-08-04",0
"2011-08-05",0
"2011-08-06",0.148000001907349
"2011-08-07",0
"2011-08-08",0
"2011-08-09",0
"2011-08-10",0
"2011-08-11",0
"2011-08-12",0
"2011-08-13",0
"2011-08-14",0
"2011-08-15",0
"2011-08-16",0
"2011-08-17",0
"2011-08-18",0
"2011-08-19",0
"2011-08-20",0.0750000029802322
"2011-08-21",0.114000000059605
"2011-08-22",0
"2011-08-23",0
"2011-08-24",0
"2011-08-25",0
"2011-08-26",0
"2011-08-27",0
"2011-08-28",0
"2011-08-29",0
"2011-08-30",0
"2011-08-31",0.224000006914139
"2011-09-01",0
"2011-09-02",0
"2011-09-03",0
"2011-09-04",0
"2011-09-05",0
"2011-09-06",0
"2011-09-07",0
"2011-09-08",0
"2011-09-09",0
"2011-09-10",0
"2011-09-11",0
"2011-09-12",0
"2011-09-13",0
"2011-09-14",0
"2011-09-15",0
"2011-09-16",0
"2011-09-17",0
"2011-09-18",0
"2011-09-19",0
"2011-09-20",0
"2011-09-21",0
"2011-09-22",0
"2011-09-23",0
"2011-09-24",0
"2011-09-25",0
"2011-09-26",0.377000004053116
"2011-09-27",0
"2011-09-28",0
"2011-09-29",0
"2011-09-30",0
"2011-10-01",0
"2011-10-02",0
"2011-10-03",0
"2011-10-04",18.5769996643066
"2011-10-05",39.3889999389648
"2011-10-06",6.49900007247925
"2011-10-07",6.02899980545044
"2011-10-08",0
"2011-10-09",0
"2011-10-10",0
"2011-10-11",2.15000009536743
"2011-10-12",0
"2011-10-13",0
"2011-10-14",0
"2011-10-15",0
"2011-10-16",0
"2011-10-17",0
"2011-10-18",0
"2011-10-19",0
"2011-10-20",0
"2011-10-21",0
"2011-10-22",0
"2011-10-23",0
"2011-10-24",0
"2011-10-25",0
"2011-10-26",0
"2011-10-27",0
"2011-10-28",0
"2011-10-29",0
"2011-10-30",0
"2011-10-31",0
"2011-11-01",0
"2011-11-02",0
"2011-11-03",0
"2011-11-04",3.06299996376038
"2011-11-05",0.575999975204468
"2011-11-06",25.7469997406006
"2011-11-07",1.28600001335144
"2011-11-08",0
"2011-11-09",0
"2011-11-10",0
"2011-11-11",0
"2011-11-12",19.2189998626709
"2011-11-13",0
"2011-11-14",0
"2011-11-15",0
"2011-11-16",0
"2011-11-17",0
"2011-11-18",0
"2011-11-19",2.35500001907349
"2011-11-20",25.4260005950928
"2011-11-21",12.996000289917
"2011-11-22",0
"2011-11-23",0
"2011-11-24",3.60500001907349
"2011-11-25",5.55800008773804
"2011-11-26",0
"2011-11-27",0
"2011-11-28",0
"2011-11-29",0
"2011-11-30",0
"2011-12-01",0
"2011-12-02",0
"2011-12-03",0
"2011-12-04",0
"2011-12-05",0
"2011-12-06",0
"2011-12-07",0
"2011-12-08",0
"2011-12-09",0
"2011-12-10",0
"2011-12-11",0
"2011-12-12",0
"2011-12-13",0
"2011-12-14",0
"2011-12-15",0.833999991416931
"2011-12-16",3.50999999046326
"2011-12-17",0
"2011-12-18",0
"2011-12-19",0
"2011-12-20",0
"2011-12-21",0
"2011-12-22",0
"2011-12-23",0
"2011-12-24",0
"2011-12-25",0
"2011-12-26",0
"2011-12-27",0
"2011-12-28",0
"2011-12-29",0
"2011-12-30",0
"2011-12-31",0
"2012-01-01",0
"2012-01-02",0
"2012-01-03",0
"2012-01-04",0
"2012-01-05",0
"2012-01-06",0
"2012-01-07",0
"2012-01-08",0
"2012-01-09",0
"2012-01-10",0
"2012-01-11",0
"2012-01-12",0
"2012-01-13",0
"2012-01-14",0
"2012-01-15",0
"2012-01-16",0
"2012-01-17",0
"2012-01-18",0
"2012-01-19",0
"2012-01-20",7.94000005722046
"2012-01-21",111.181999206543
"2012-01-22",7.72700023651123
"2012-01-23",53.1689987182617
"2012-01-24",4.39300012588501
"2012-01-25",0
"2012-01-26",0
"2012-01-27",0
"2012-01-28",0
"2012-01-29",0
"2012-01-30",0
"2012-01-31",0
"2012-02-01",0
"2012-02-02",0
"2012-02-03",0
"2012-02-04",0
"2012-02-05",0
"2012-02-06",0
"2012-02-07",4.61299991607666
"2012-02-08",3.65199995040894
"2012-02-09",0
"2012-02-10",0
"2012-02-11",1.79499995708466
"2012-02-12",0.654999971389771
"2012-02-13",4.51399993896484
"2012-02-14",14.746000289917
"2012-02-15",2.77600002288818
"2012-02-16",0
"2012-02-17",0
"2012-02-18",0
"2012-02-19",0
"2012-02-20",0.846000015735626
"2012-02-21",0
"2012-02-22",0
"2012-02-23",0
"2012-02-24",0
"2012-02-25",0
"2012-02-26",0
"2012-02-27",0
"2012-02-28",0
"2012-02-29",29.6490001678467
"2012-03-01",18.7339992523193
"2012-03-02",8.30200004577637
"2012-03-03",0
"2012-03-04",0
"2012-03-05",0
"2012-03-06",0.131999999284744
"2012-03-07",0
"2012-03-08",0
"2012-03-09",0
"2012-03-10",0
"2012-03-11",0
"2012-03-12",0
"2012-03-13",15.8120002746582
"2012-03-14",89.3460006713867
"2012-03-15",71.6050033569336
"2012-03-16",15.914999961853
"2012-03-17",62.4410018920898
"2012-03-18",4.43100023269653
"2012-03-19",4.00899982452393
"2012-03-20",0
"2012-03-21",0
"2012-03-22",0
"2012-03-23",0
"2012-03-24",0.685000002384186
"2012-03-25",36.7150001525879
"2012-03-26",0.63400000333786
"2012-03-27",1.22099995613098
"2012-03-28",51.4729995727539
"2012-03-29",2.63199996948242
"2012-03-30",0
"2012-03-31",0
"2012-04-01",18.7059993743896
"2012-04-02",0
"2012-04-03",0
"2012-04-04",0.0500000007450581
"2012-04-05",0
"2012-04-06",0
"2012-04-07",0
"2012-04-08",0
"2012-04-09",0
"2012-04-10",1.01600003242493
"2012-04-11",21.7810001373291
"2012-04-12",16.4529991149902
"2012-04-13",53.0540008544922
"2012-04-14",3.2279999256134
"2012-04-15",0
"2012-04-16",0
"2012-04-17",0
"2012-04-18",0
"2012-04-19",0
"2012-04-20",0
"2012-04-21",0
"2012-04-22",0
"2012-04-23",0.006000000052154
"2012-04-24",0.515999972820282
"2012-04-25",0
"2012-04-26",3.80399990081787
"2012-04-27",1.16400003433228
"2012-04-28",0
"2012-04-29",0
"2012-04-30",0
"2012-05-01",0
"2012-05-02",0
"2012-05-03",0
"2012-05-04",0.831999957561493
"2012-05-05",0
"2012-05-06",0
"2012-05-07",0
"2012-05-08",0
"2012-05-09",0
"2012-05-10",0
"2012-05-11",0
"2012-05-12",0
"2012-05-13",0
"2012-05-14",0
"2012-05-15",0
"2012-05-16",0
"2012-05-17",0
"2012-05-18",0
"2012-05-19",0
"2012-05-20",0
"2012-05-21",0
"2012-05-22",0
"2012-05-23",0
"2012-05-24",0
"2012-05-25",0
"2012-05-26",0
"2012-05-27",0
"2012-05-28",0
"2012-05-29",0
"2012-05-30",0
"2012-05-31",0
"2012-06-01",0
"2012-06-02",0
"2012-06-03",0
"2012-06-04",0
"2012-06-05",4.85200023651123
"2012-06-06",0
"2012-06-07",0
"2012-06-08",0
"2012-06-09",0
"2012-06-10",0
"2012-06-11",0
"2012-06-12",0
"2012-06-13",0
"2012-06-14",0
"2012-06-15",0
"2012-06-16",0
"2012-06-17",0
"2012-06-18",0
"2012-06-19",0
"2012-06-20",0
"2012-06-21",0
"2012-06-22",0
"2012-06-23",0
"2012-06-24",0
"2012-06-25",0
"2012-06-26",0
"2012-06-27",0
"2012-06-28",0
"2012-06-29",0
"2012-06-30",0
"2012-07-01",0
"2012-07-02",0
"2012-07-03",0
"2012-07-04",0
"2012-07-05",0
"2012-07-06",0
"2012-07-07",0
"2012-07-08",0
"2012-07-09",0
"2012-07-10",0
"2012-07-11",0
"2012-07-12",0
"2012-07-13",0
"2012-07-14",0
"2012-07-15",0
"2012-07-16",0
"2012-07-17",0
"2012-07-18",0
"2012-07-19",0
"2012-07-20",0
"2012-07-21",0
"2012-07-22",0
"2012-07-23",0
"2012-07-24",0
"2012-07-25",0
"2012-07-26",0
"2012-07-27",0
"2012-07-28",0
"2012-07-29",0
"2012-07-30",0
"2012-07-31",0
"2012-08-01",0
"2012-08-02",0
"2012-08-03",0
"2012-08-04",0
"2012-08-05",0
"2012-08-06",0
"2012-08-07",0
"2012-08-08",0
"2012-08-09",0
"2012-08-10",0
"2012-08-11",0
"2012-08-12",0
"2012-08-13",0
"2012-08-14",0
"2012-08-15",0
"2012-08-16",0
"2012-08-17",0
"2012-08-18",0
"2012-08-19",0
"2012-08-20",0
"2012-08-21",0
"2012-08-22",0
"2012-08-23",0
"2012-08-24",0
"2012-08-25",0
"2012-08-26",0
"2012-08-27",0
"2012-08-28",0
"2012-08-29",0
"2012-08-30",0
"2012-08-31",0
"2012-09-01",0
"2012-09-02",0
"2012-09-03",0
"2012-09-04",0
"2012-09-05",0.32600000500679
"2012-09-06",0
"2012-09-07",0
"2012-09-08",0
"2012-09-09",0
"2012-09-10",0
"2012-09-11",0
"2012-09-12",0
"2012-09-13",0
"2012-09-14",0
"2012-09-15",0
"2012-09-16",0
"2012-09-17",0
"2012-09-18",0
"2012-09-19",0
"2012-09-20",0
"2012-09-21",0
"2012-09-22",0
"2012-09-23",0
"2012-09-24",0
"2012-09-25",0
"2012-09-26",0
"2012-09-27",0
"2012-09-28",0
"2012-09-29",0
"2012-09-30",0
"2012-10-01",0
"2012-10-02",0
"2012-10-03",0
"2012-10-04",0
"2012-10-05",0
"2012-10-06",0
"2012-10-07",0
"2012-10-08",0
"2012-10-09",0
"2012-10-10",0
"2012-10-11",3.7590000629425
"2012-10-12",0.558000028133392
"2012-10-13",1.7389999628067
"2012-10-14",0
"2012-10-15",0
"2012-10-16",0
"2012-10-17",0
"2012-10-18",0
"2012-10-19",0
"2012-10-20",0
"2012-10-21",0
"2012-10-22",1.2940000295639
"2012-10-23",23.375
"2012-10-24",1.65699994564056
"2012-10-25",4.3289999961853
"2012-10-26",1.21099996566772
"2012-10-27",0
"2012-10-28",0
"2012-10-29",0
"2012-10-30",0
"2012-10-31",0
"2012-11-01",4.52500009536743
"2012-11-02",5.18300008773804
"2012-11-03",0
"2012-11-04",0
"2012-11-05",0
"2012-11-06",0
"2012-11-07",0
"2012-11-08",0
"2012-11-09",3.34200000762939
"2012-11-10",1.23199999332428
"2012-11-11",0
"2012-11-12",0
"2012-11-13",0
"2012-11-14",0
"2012-11-15",0
"2012-11-16",0.750999987125397
"2012-11-17",42.931999206543
"2012-11-18",41.1780014038086
"2012-11-19",0
"2012-11-20",1.59899997711182
"2012-11-21",38.3199996948242
"2012-11-22",8.48200035095215
"2012-11-23",0
"2012-11-24",0
"2012-11-25",0
"2012-11-26",0
"2012-11-27",0
"2012-11-28",1.46700000762939
"2012-11-29",26.8190002441406
"2012-11-30",77.4219970703125
"2012-12-01",84.1729965209961
"2012-12-02",68.1360015869141
"2012-12-03",46.7900009155273
"2012-12-04",0
"2012-12-05",14.3149995803833
"2012-12-06",12.6180000305176
"2012-12-07",0
"2012-12-08",0
"2012-12-09",0
"2012-12-10",0
"2012-12-11",0
"2012-12-12",4.17399978637695
"2012-12-13",0.593999981880188
"2012-12-14",0
"2012-12-15",0.607999980449677
"2012-12-16",6.29199981689453
"2012-12-17",33.5970001220703
"2012-12-18",15.5559997558594
"2012-12-19",0
"2012-12-20",0
"2012-12-21",0
"2012-12-22",39.0929985046387
"2012-12-23",33.7459983825684
"2012-12-24",103.706001281738
"2012-12-25",0
"2012-12-26",33.2840003967285
"2012-12-27",6.44399976730347
"2012-12-28",0
"2012-12-29",13.0780000686646
"2012-12-30",0.308999985456467
"2012-12-31",0
"2013-01-01",0
"2013-01-02",0
"2013-01-03",0
"2013-01-04",0
"2013-01-05",0
"2013-01-06",18.8439998626709
"2013-01-07",0
"2013-01-08",0
"2013-01-09",0
"2013-01-10",1.44900000095367
"2013-01-11",0
"2013-01-12",0
"2013-01-13",0
"2013-01-14",0
"2013-01-15",0
"2013-01-16",0
"2013-01-17",0
"2013-01-18",0
"2013-01-19",0
"2013-01-20",0
"2013-01-21",0
"2013-01-22",0
"2013-01-23",0
"2013-01-24",2.08400011062622
"2013-01-25",10.2650003433228
"2013-01-26",0
"2013-01-27",0
"2013-01-28",0
"2013-01-29",0
"2013-01-30",0
"2013-01-31",0
"2013-02-01",0
"2013-02-02",0
"2013-02-03",0
"2013-02-04",0
"2013-02-05",0
"2013-02-06",0
"2013-02-07",0
"2013-02-08",2.76500010490417
"2013-02-09",0.246999993920326
"2013-02-10",0
"2013-02-11",0
"2013-02-12",0
"2013-02-13",0
"2013-02-14",0
"2013-02-15",0
"2013-02-16",0
"2013-02-17",0
"2013-02-18",0
"2013-02-19",1.05499994754791
"2013-02-20",9.55700016021729
"2013-02-21",0
"2013-02-22",0
"2013-02-23",0.104999996721745
"2013-02-24",0
"2013-02-25",0
"2013-02-26",0
"2013-02-27",0
"2013-02-28",0
"2013-03-01",0
"2013-03-02",0
"2013-03-03",0
"2013-03-04",0
"2013-03-05",0
"2013-03-06",25.9650001525879
"2013-03-07",0.177000001072884
"2013-03-08",9.69999980926514
"2013-03-09",0
"2013-03-10",0
"2013-03-11",0
"2013-03-12",0
"2013-03-13",0
"2013-03-14",0
"2013-03-15",0
"2013-03-16",0
"2013-03-17",0
"2013-03-18",0
"2013-03-19",0
"2013-03-20",2.72499990463257
"2013-03-21",0
"2013-03-22",0
"2013-03-23",0
"2013-03-24",0
"2013-03-25",0
"2013-03-26",0
"2013-03-27",0
"2013-03-28",3.28900003433228
"2013-03-29",0.532999992370605
"2013-03-30",0
"2013-03-31",13.6999998092651
"2013-04-01",13.1929998397827
"2013-04-02",0.509999990463257
"2013-04-03",0
"2013-04-04",6.55900001525879
"2013-04-05",4.35300016403198
"2013-04-06",0
"2013-04-07",0.0260000005364418
"2013-04-08",2.33299994468689
"2013-04-09",0
"2013-04-10",0
"2013-04-11",0
"2013-04-12",0
"2013-04-13",0
"2013-04-14",0
"2013-04-15",0.229000002145767
"2013-04-16",0
"2013-04-17",0
"2013-04-18",0
"2013-04-19",0
"2013-04-20",0
"2013-04-21",0
"2013-04-22",0
"2013-04-23",0
"2013-04-24",0
"2013-04-25",0
"2013-04-26",0
"2013-04-27",0
"2013-04-28",0
"2013-04-29",0
"2013-04-30",0
"2013-05-01",0
"2013-05-02",0
"2013-05-03",0
"2013-05-04",0
"2013-05-05",0
"2013-05-06",0
"2013-05-07",0
"2013-05-08",0
"2013-05-09",0
"2013-05-10",0
"2013-05-11",0
"2013-05-12",0
"2013-05-13",0
"2013-05-14",0
"2013-05-15",0
"2013-05-16",0
"2013-05-17",0.639999985694885
"2013-05-18",0
"2013-05-19",0
"2013-05-20",0
"2013-05-21",0
"2013-05-22",0
"2013-05-23",0
"2013-05-24",0
"2013-05-25",0
"2013-05-26",0
"2013-05-27",0
"2013-05-28",0.003000000026077
"2013-05-29",0
"2013-05-30",0
"2013-05-31",0
"2013-06-01",0
"2013-06-02",0
"2013-06-03",0
"2013-06-04",0
"2013-06-05",0
"2013-06-06",0
"2013-06-07",0
"2013-06-08",0
"2013-06-09",0.068000003695488
"2013-06-10",0.0599999986588955
"2013-06-11",0
"2013-06-12",0
"2013-06-13",0
"2013-06-14",0
"2013-06-15",0
"2013-06-16",0
"2013-06-17",0
"2013-06-18",0
"2013-06-19",0
"2013-06-20",0
"2013-06-21",0
"2013-06-22",0
"2013-06-23",0
"2013-06-24",0.504999995231628
"2013-06-25",1.91499996185303
"2013-06-26",1.75800001621246
"2013-06-27",0
"2013-06-28",0
"2013-06-29",0
"2013-06-30",0
"2013-07-01",0
"2013-07-02",0
"2013-07-03",0
"2013-07-04",0
"2013-07-05",0
"2013-07-06",0
"2013-07-07",0
"2013-07-08",0
"2013-07-09",0
"2013-07-10",0
"2013-07-11",0
"2013-07-12",0
"2013-07-13",0
"2013-07-14",0
"2013-07-15",0
"2013-07-16",0.316000014543533
"2013-07-17",0
"2013-07-18",0
"2013-07-19",0
"2013-07-20",0
"2013-07-21",0
"2013-07-22",0
"2013-07-23",0.0109999999403954
"2013-07-24",0
"2013-07-25",0
"2013-07-26",0
"2013-07-27",0
"2013-07-28",0
"2013-07-29",0
"2013-07-30",0
"2013-07-31",0
"2013-08-01",0
"2013-08-02",0
"2013-08-03",0
"2013-08-04",0
"2013-08-05",0
"2013-08-06",0
"2013-08-07",0
"2013-08-08",0
"2013-08-09",0
"2013-08-10",0
"2013-08-11",0
"2013-08-12",0
"2013-08-13",0
"2013-08-14",0
"2013-08-15",0
"2013-08-16",0
"2013-08-17",0
"2013-08-18",0
"2013-08-19",0
"2013-08-20",0
"2013-08-21",0
"2013-08-22",0
"2013-08-23",0
"2013-08-24",0
"2013-08-25",0
"2013-08-26",0
"2013-08-27",0
"2013-08-28",0
"2013-08-29",0
"2013-08-30",0
"2013-08-31",0
"2013-09-01",0
"2013-09-02",0
"2013-09-03",0
"2013-09-04",0
"2013-09-05",0
"2013-09-06",0
"2013-09-07",0
"2013-09-08",0
"2013-09-09",0
"2013-09-10",0
"2013-09-11",0.101000003516674
"2013-09-12",0
"2013-09-13",0
"2013-09-14",0
"2013-09-15",0
"2013-09-16",0
"2013-09-17",0
"2013-09-18",0
"2013-09-19",0
"2013-09-20",0
"2013-09-21",3.95099997520447
"2013-09-22",11.8940000534058
"2013-09-23",0
"2013-09-24",0
"2013-09-25",0
"2013-09-26",0
"2013-09-27",0
"2013-09-28",0
"2013-09-29",0
"2013-09-30",0
"2013-10-01",0
"2013-10-02",0
"2013-10-03",0
"2013-10-04",0
"2013-10-05",0
"2013-10-06",0
"2013-10-07",0
"2013-10-08",0
"2013-10-09",0
"2013-10-10",0
"2013-10-11",0
"2013-10-12",0
"2013-10-13",0
"2013-10-14",0
"2013-10-15",0
"2013-10-16",0
"2013-10-17",0
"2013-10-18",0
"2013-10-19",0
"2013-10-20",0
"2013-10-21",0
"2013-10-22",0
"2013-10-23",0
"2013-10-24",0
"2013-10-25",0
"2013-10-26",0
"2013-10-27",0
"2013-10-28",1.39300000667572
"2013-10-29",1.98599994182587
"2013-10-30",0
"2013-10-31",0
"2013-11-01",0
"2013-11-02",0
"2013-11-03",0
"2013-11-04",0
"2013-11-05",0
"2013-11-06",0
"2013-11-07",0
"2013-11-08",0
"2013-11-09",0
"2013-11-10",0
"2013-11-11",0
"2013-11-12",0
"2013-11-13",0
"2013-11-14",0
"2013-11-15",0
"2013-11-16",0
"2013-11-17",0
"2013-11-18",0
"2013-11-19",0
"2013-11-20",17.3969993591309
"2013-11-21",10.9270000457764
"2013-11-22",0
"2013-11-23",0
"2013-11-24",0
"2013-11-25",0
"2013-11-26",0
"2013-11-27",0
"2013-11-28",0
"2013-11-29",0
"2013-11-30",0
"2013-12-01",0
"2013-12-02",0
"2013-12-03",0.266999989748001
"2013-12-04",0
"2013-12-05",0
"2013-12-06",0
"2013-12-07",21.7040004730225
"2013-12-08",0
"2013-12-09",0
"2013-12-10",0
"2013-12-11",0
"2013-12-12",0
"2013-12-13",0
"2013-12-14",0
"2013-12-15",0
"2013-12-16",0
"2013-12-17",0
"2013-12-18",0
"2013-12-19",0
"2013-12-20",0
"2013-12-21",0
"2013-12-22",0
"2013-12-23",0
"2013-12-24",0
"2013-12-25",0
"2013-12-26",0
"2013-12-27",0
"2013-12-28",0
"2013-12-29",0
"2013-12-30",0
"2013-12-31",0
"2014-01-01",0
"2014-01-02",0
"2014-01-03",0
"2014-01-04",0
"2014-01-05",0
"2014-01-06",0
"2014-01-07",0
"2014-01-08",0
"2014-01-09",0
"2014-01-10",0
"2014-01-11",0
"2014-01-12",0
"2014-01-13",0
"2014-01-14",0
"2014-01-15",0
"2014-01-16",0
"2014-01-17",0
"2014-01-18",0
"2014-01-19",0
"2014-01-20",0
"2014-01-21",0
"2014-01-22",0
"2014-01-23",0
"2014-01-24",0
"2014-01-25",0
"2014-01-26",0
"2014-01-27",0
"2014-01-28",0
"2014-01-29",0
"2014-01-30",0.882000029087067
"2014-01-31",0.677999973297119
"2014-02-01",0
"2014-02-02",3.8529999256134
"2014-02-03",8.35099983215332
"2014-02-04",0
"2014-02-05",0
"2014-02-06",12.1890001296997
"2014-02-07",11.5869998931885
"2014-02-08",50.6380004882812
"2014-02-09",65.1689987182617
"2014-02-10",30.8460006713867
"2014-02-11",0.0920000001788139
"2014-02-12",0
"2014-02-13",0
"2014-02-14",0
"2014-02-15",0
"2014-02-16",3.26300001144409
"2014-02-17",0
"2014-02-18",0
"2014-02-19",0.229000002145767
"2014-02-20",0.647000014781952
"2014-02-21",0
"2014-02-22",0
"2014-02-23",0
"2014-02-24",0
"2014-02-25",0
"2014-02-26",1.05099999904633
"2014-02-27",56.2190017700195
"2014-02-28",45.3530006408691
"2014-03-01",38.0919990539551
"2014-03-02",15.8909997940063
"2014-03-03",7.92899990081787
"2014-03-04",4.75899982452393
"2014-03-05",0.003000000026077
"2014-03-06",9.86999988555908
"2014-03-07",0
"2014-03-08",0
"2014-03-09",0
"2014-03-10",0
"2014-03-11",0
"2014-03-12",0
"2014-03-13",0
"2014-03-14",0
"2014-03-15",0
"2014-03-16",0
"2014-03-17",0
"2014-03-18",0
"2014-03-19",0
"2014-03-20",0
"2014-03-21",0
"2014-03-22",0
"2014-03-23",0
"2014-03-24",0
"2014-03-25",0
"2014-03-26",9.6269998550415
"2014-03-27",18.6469993591309
"2014-03-28",0.72299998998642
"2014-03-29",1.31299996376038
"2014-03-30",20.4740009307861
"2014-03-31",0.20100000500679
"2014-04-01",21.5300006866455
"2014-04-02",12.7659997940063
"2014-04-03",0
"2014-04-04",1.99800002574921
"2014-04-05",2.66100001335144
"2014-04-06",0
"2014-04-07",0
"2014-04-08",0
"2014-04-09",0
"2014-04-10",0
"2014-04-11",0
"2014-04-12",0
"2014-04-13",0
"2014-04-14",0
"2014-04-15",0
"2014-04-16",0
"2014-04-17",0
"2014-04-18",0
"2014-04-19",0
"2014-04-20",0
"2014-04-21",0
"2014-04-22",0.003000000026077
"2014-04-23",0
"2014-04-24",0
"2014-04-25",2.18700003623962
"2014-04-26",10.4519996643066
"2014-04-27",0.003000000026077
"2014-04-28",0.975000023841858
"2014-04-29",0
"2014-04-30",0
"2014-05-01",0
"2014-05-02",0
"2014-05-03",0
"2014-05-04",0
"2014-05-05",0
"2014-05-06",0
"2014-05-07",0
"2014-05-08",0
"2014-05-09",0.592000007629395
"2014-05-10",0
"2014-05-11",0
"2014-05-12",0
"2014-05-13",0
"2014-05-14",0
"2014-05-15",0
"2014-05-16",0
"2014-05-17",0
"2014-05-18",0
"2014-05-19",0
"2014-05-20",0
"2014-05-21",0
"2014-05-22",0
"2014-05-23",0
"2014-05-24",0
"2014-05-25",0
"2014-05-26",0
"2014-05-27",0
"2014-05-28",0
"2014-05-29",0
"2014-05-30",0
"2014-05-31",0
"2014-06-01",0
"2014-06-02",0.0010000000474974
"2014-06-03",0
"2014-06-04",0
"2014-06-05",0
"2014-06-06",0
"2014-06-07",0
"2014-06-08",0
"2014-06-09",0
"2014-06-10",0
"2014-06-11",0.703000009059906
"2014-06-12",0
"2014-06-13",0
"2014-06-14",0
"2014-06-15",0
"2014-06-16",0
"2014-06-17",0
"2014-06-18",0
"2014-06-19",0
"2014-06-20",0
"2014-06-21",0
"2014-06-22",0
"2014-06-23",0
"2014-06-24",0
"2014-06-25",0
"2014-06-26",0
"2014-06-27",0
"2014-06-28",0
"2014-06-29",0
"2014-06-30",0
"2014-07-01",0
"2014-07-02",0
"2014-07-03",0
"2014-07-04",0
"2014-07-05",0
"2014-07-06",0
"2014-07-07",0
"2014-07-08",0
"2014-07-09",0.0209999997168779
"2014-07-10",0.916999995708466
"2014-07-11",1.23699998855591
"2014-07-12",0.0299999993294477
"2014-07-13",0
"2014-07-14",0
"2014-07-15",0
"2014-07-16",0.477999985218048
"2014-07-17",0
"2014-07-18",0.0199999995529652
"2014-07-19",0
"2014-07-20",0
"2014-07-21",0
"2014-07-22",0
"2014-07-23",0
"2014-07-24",0
"2014-07-25",0
"2014-07-26",0
"2014-07-27",0
"2014-07-28",0
"2014-07-29",0
"2014-07-30",0
"2014-07-31",0
"2014-08-01",0
"2014-08-02",0
"2014-08-03",0
"2014-08-04",0
"2014-08-05",0
"2014-08-06",0
"2014-08-07",0
"2014-08-08",0
"2014-08-09",0
"2014-08-10",0
"2014-08-11",0
"2014-08-12",0
"2014-08-13",0
"2014-08-14",0
"2014-08-15",0
"2014-08-16",0
"2014-08-17",0
"2014-08-18",0
"2014-08-19",0
"2014-08-20",0
"2014-08-21",0
"2014-08-22",0
"2014-08-23",0
"2014-08-24",0
"2014-08-25",0
"2014-08-26",0
"2014-08-27",0
"2014-08-28",0
"2014-08-29",0
"2014-08-30",0
"2014-08-31",0
"2014-09-01",0
"2014-09-02",0
"2014-09-03",0
"2014-09-04",0
"2014-09-05",0
"2014-09-06",0
"2014-09-07",0
"2014-09-08",0
"2014-09-09",0
"2014-09-10",0
"2014-09-11",0
"2014-09-12",0
"2014-09-13",0
"2014-09-14",0
"2014-09-15",0
"2014-09-16",0
"2014-09-17",0
"2014-09-18",9.25599956512451
"2014-09-19",2.28500008583069
"2014-09-20",0.0489999987185001
"2014-09-21",0
"2014-09-22",0
"2014-09-23",0
"2014-09-24",0
"2014-09-25",7.65100002288818
"2014-09-26",5.26300001144409
"2014-09-27",0.006000000052154
"2014-09-28",0
"2014-09-29",0
"2014-09-30",0
"2014-10-01",0
"2014-10-02",0
"2014-10-03",0
"2014-10-04",0
"2014-10-05",0
"2014-10-06",0
"2014-10-07",0
"2014-10-08",0
"2014-10-09",0
"2014-10-10",0
"2014-10-11",0
"2014-10-12",0
"2014-10-13",0
"2014-10-14",0
"2014-10-15",0.98199999332428
"2014-10-16",0.601000010967255
"2014-10-17",0
"2014-10-18",0
"2014-10-19",0
"2014-10-20",0.0049999998882412
"2014-10-21",0.765999972820282
"2014-10-22",0
"2014-10-23",0
"2014-10-24",0
"2014-10-25",7.34100008010864
"2014-10-26",5.03599977493286
"2014-10-27",0.0329999998211861
"2014-10-28",0
"2014-10-29",0
"2014-10-30",0
"2014-10-31",0
"2014-11-01",19.076000213623
"2014-11-02",9.17800045013428
"2014-11-03",0
"2014-11-04",0
"2014-11-05",0
"2014-11-06",0
"2014-11-07",0
"2014-11-08",0
"2014-11-09",0
"2014-11-10",0
"2014-11-11",0
"2014-11-12",0
"2014-11-13",10.3690004348755
"2014-11-14",5.03499984741211
"2014-11-15",0
"2014-11-16",0
"2014-11-17",0
"2014-11-18",0
"2014-11-19",0.986999988555908
"2014-11-20",9.52400016784668
"2014-11-21",16.9039993286133
"2014-11-22",2.90799999237061
"2014-11-23",11.206000328064
"2014-11-24",0
"2014-11-25",0
"2014-11-26",0
"2014-11-27",0
"2014-11-28",0
"2014-11-29",8.49400043487549
"2014-11-30",19.4300003051758
"2014-12-01",49.576000213623
"2014-12-02",16.57200050354
"2014-12-03",98.4209976196289
"2014-12-04",62.1780014038086
"2014-12-05",8.46199989318848
"2014-12-06",33.6279983520508
"2014-12-07",13.2799997329712
"2014-12-08",0
"2014-12-09",0
"2014-12-10",0
"2014-12-11",2.21399998664856
"2014-12-12",145.078994750977
"2014-12-13",2.40899991989136
"2014-12-14",0
"2014-12-15",14.960000038147
"2014-12-16",37.875
"2014-12-17",31.8980007171631
"2014-12-18",14.2279996871948
"2014-12-19",3.07200002670288
"2014-12-20",45.5250015258789
"2014-12-21",2.28699994087219
"2014-12-22",0.497999995946884
"2014-12-23",0
"2014-12-24",0
"2014-12-25",1.38399994373322
"2014-12-26",0
"2014-12-27",0
"2014-12-28",0
"2014-12-29",0
"2014-12-30",0
"2014-12-31",0
"2015-01-01",0
"2015-01-02",0
"2015-01-03",0
"2015-01-04",0
"2015-01-05",0
"2015-01-06",0
"2015-01-07",0
"2015-01-08",0
"2015-01-09",0
"2015-01-10",0
"2015-01-11",0
"2015-01-12",0
"2015-01-13",0
"2015-01-14",0
"2015-01-15",0
"2015-01-16",0
"2015-01-17",0
"2015-01-18",0
"2015-01-19",0
"2015-01-20",0
"2015-01-21",0
"2015-01-22",0
"2015-01-23",0
"2015-01-24",0
"2015-01-25",0
"2015-01-26",0
"2015-01-27",0
"2015-01-28",0
"2015-01-29",0
"2015-01-30",0
"2015-01-31",0
"2015-02-01",0
"2015-02-02",0
"2015-02-03",0
"2015-02-04",0
"2015-02-05",0
"2015-02-06",0
"2015-02-07",66.2529983520508
"2015-02-08",15.0109996795654
"2015-02-09",35.3870010375977
"2015-02-10",0.416999995708466
"2015-02-11",0
"2015-02-12",0
"2015-02-13",0
"2015-02-14",0
"2015-02-15",0
"2015-02-16",0
"2015-02-17",0.100000001490116
"2015-02-18",0
"2015-02-19",0
"2015-02-20",0
"2015-02-21",0
"2015-02-22",0
"2015-02-23",0
"2015-02-24",0
"2015-02-25",0
"2015-02-26",0
"2015-02-27",0
"2015-02-28",0.564999997615814
"2015-03-01",6.52799987792969
"2015-03-02",0
"2015-03-03",0
"2015-03-04",0
"2015-03-05",0
"2015-03-06",0
"2015-03-07",0
"2015-03-08",0
"2015-03-09",0
"2015-03-10",0
"2015-03-11",2.8840000629425
"2015-03-12",1.67499995231628
"2015-03-13",0
"2015-03-14",0
"2015-03-15",0
"2015-03-16",0
"2015-03-17",0
"2015-03-18",0
"2015-03-19",0
"2015-03-20",0
"2015-03-21",0
"2015-03-22",0
"2015-03-23",8.45600032806396
"2015-03-24",0
"2015-03-25",0
"2015-03-26",0
"2015-03-27",0
"2015-03-28",0
"2015-03-29",0
"2015-03-30",0
"2015-03-31",0
"2015-04-01",0
"2015-04-02",0
"2015-04-03",0
"2015-04-04",0
"2015-04-05",0
"2015-04-06",0.781000018119812
"2015-04-07",25.8199996948242
"2015-04-08",9.81700038909912
"2015-04-09",0.0130000002682209
"2015-04-10",0
"2015-04-11",0
"2015-04-12",0
"2015-04-13",0
"2015-04-14",0
"2015-04-15",0
"2015-04-16",0
"2015-04-17",0
"2015-04-18",0
"2015-04-19",0
"2015-04-20",0
"2015-04-21",0
"2015-04-22",0
"2015-04-23",0.0049999998882412
"2015-04-24",0
"2015-04-25",22.1189994812012
"2015-04-26",0
"2015-04-27",0
"2015-04-28",0
"2015-04-29",0
"2015-04-30",0
"2015-05-01",0
"2015-05-02",0
"2015-05-03",0
"2015-05-04",0
"2015-05-05",0
"2015-05-06",0
"2015-05-07",0
"2015-05-08",3.84999990463257
"2015-05-09",0
"2015-05-10",0
"2015-05-11",0
"2015-05-12",0
"2015-05-13",0
"2015-05-14",0
"2015-05-15",0
"2015-05-16",0
"2015-05-17",0
"2015-05-18",0
"2015-05-19",0
"2015-05-20",0
"2015-05-21",0
"2015-05-22",2.86299991607666
"2015-05-23",0.046000000089407
"2015-05-24",0.003000000026077
"2015-05-25",0
"2015-05-26",0
"2015-05-27",0
"2015-05-28",0
"2015-05-29",0
"2015-05-30",0
"2015-05-31",0
"2015-06-01",0
"2015-06-02",0
"2015-06-03",0
"2015-06-04",0
"2015-06-05",0
"2015-06-06",0
"2015-06-07",0
"2015-06-08",0
"2015-06-09",0
"2015-06-10",0.819000005722046
"2015-06-11",0.105999998748302
"2015-06-12",0
"2015-06-13",0
"2015-06-14",0
"2015-06-15",0
"2015-06-16",0
"2015-06-17",0
"2015-06-18",0
"2015-06-19",0
"2015-06-20",0
"2015-06-21",0
"2015-06-22",0
"2015-06-23",0
"2015-06-24",0
"2015-06-25",0
"2015-06-26",0
"2015-06-27",0
"2015-06-28",0
"2015-06-29",0
"2015-06-30",0
"2015-07-01",0
"2015-07-02",0
"2015-07-03",0
"2015-07-04",0
"2015-07-05",0
"2015-07-06",0
"2015-07-07",0
"2015-07-08",0
"2015-07-09",0
"2015-07-10",0
"2015-07-11",0
"2015-07-12",0
"2015-07-13",0
"2015-07-14",0
"2015-07-15",0
"2015-07-16",0
"2015-07-17",0
"2015-07-18",0
"2015-07-19",0
"2015-07-20",0
"2015-07-21",0
"2015-07-22",0
"2015-07-23",0
"2015-07-24",0
"2015-07-25",0
"2015-07-26",0
"2015-07-27",0
"2015-07-28",0
"2015-07-29",0
"2015-07-30",0
"2015-07-31",0
"2015-08-01",0
"2015-08-02",0
"2015-08-03",0
"2015-08-04",0
"2015-08-05",0
"2015-08-06",0
"2015-08-07",0.507000029087067
"2015-08-08",0
"2015-08-09",0
"2015-08-10",0
"2015-08-11",0
"2015-08-12",0
"2015-08-13",0
"2015-08-14",0
"2015-08-15",0
"2015-08-16",0
"2015-08-17",0
"2015-08-18",0
"2015-08-19",0
"2015-08-20",0
"2015-08-21",0
"2015-08-22",0
"2015-08-23",0
"2015-08-24",0
"2015-08-25",0
"2015-08-26",0
"2015-08-27",0
"2015-08-28",0
"2015-08-29",0
"2015-08-30",0
"2015-08-31",0
"2015-09-01",0
"2015-09-02",0
"2015-09-03",0
"2015-09-04",0
"2015-09-05",0
"2015-09-06",0
"2015-09-07",0
"2015-09-08",0
"2015-09-09",0
"2015-09-10",0
"2015-09-11",0
"2015-09-12",0
"2015-09-13",0
"2015-09-14",0
"2015-09-15",0
"2015-09-16",0
"2015-09-17",0
"2015-09-18",0
"2015-09-19",0
"2015-09-20",0
"2015-09-21",0
"2015-09-22",0
"2015-09-23",0
"2015-09-24",0
"2015-09-25",0
"2015-09-26",0
"2015-09-27",0
"2015-09-28",0
"2015-09-29",0
"2015-09-30",0
"2015-10-01",1.33899998664856
"2015-10-02",0
"2015-10-03",0
"2015-10-04",0
"2015-10-05",0
"2015-10-06",0
"2015-10-07",0
"2015-10-08",0
"2015-10-09",0
"2015-10-10",0
"2015-10-11",0
"2015-10-12",0
"2015-10-13",0
"2015-10-14",0
"2015-10-15",0
"2015-10-16",0.462999999523163
"2015-10-17",0
"2015-10-18",0
"2015-10-19",0.527999997138977
"2015-10-20",0
"2015-10-21",0
"2015-10-22",0
"2015-10-23",0
"2015-10-24",0
"2015-10-25",0
"2015-10-26",0
"2015-10-27",0
"2015-10-28",0
"2015-10-29",0
"2015-10-30",0
"2015-10-31",0
"2015-11-01",0
"2015-11-02",15.1370000839233
"2015-11-03",13.128999710083
"2015-11-04",0
"2015-11-05",0
"2015-11-06",0
"2015-11-07",0
"2015-11-08",0
"2015-11-09",6.34600019454956
"2015-11-10",14.1840000152588
"2015-11-11",0
"2015-11-12",0
"2015-11-13",0
"2015-11-14",0
"2015-11-15",9.54599952697754
"2015-11-16",5.84899997711182
"2015-11-17",0
"2015-11-18",0
"2015-11-19",0
"2015-11-20",0
"2015-11-21",0
"2015-11-22",0
"2015-11-23",0
"2015-11-24",0.569000005722046
"2015-11-25",16.3250007629395
"2015-11-26",0.34799998998642
"2015-11-27",0
"2015-11-28",0
"2015-11-29",0
"2015-11-30",0
"2015-12-01",0.254000008106232
"2015-12-02",0
"2015-12-03",0
"2015-12-04",21.9860000610352
"2015-12-05",0
"2015-12-06",0
"2015-12-07",0.546000003814697
"2015-12-08",0
"2015-12-09",0
"2015-12-10",14.5129995346069
"2015-12-11",17.7789993286133
"2015-12-12",0.995999991893768
"2015-12-13",2.6159999370575
"2015-12-14",31.0009994506836
"2015-12-15",0.0230000000447035
"2015-12-16",0
"2015-12-17",0
"2015-12-18",0
"2015-12-19",10.5229997634888
"2015-12-20",0.541000008583069
"2015-12-21",39.5089988708496
"2015-12-22",74.0709991455078
"2015-12-23",10.7049999237061
"2015-12-24",0.600000023841858
"2015-12-25",7.98400020599365
"2015-12-26",0.0049999998882412
"2015-12-27",0
"2015-12-28",2.91700005531311
"2015-12-29",0.217999994754791
"2015-12-30",0
"2015-12-31",0
"2016-01-01",0
"2016-01-02",0
"2016-01-03",0
"2016-01-04",4.60799980163574
"2016-01-05",71.1630020141602
"2016-01-06",29.4599990844727
"2016-01-07",37.0390014648438
"2016-01-08",1.14900004863739
"2016-01-09",0.523999989032745
"2016-01-10",1.24199998378754
"2016-01-11",0
"2016-01-12",0
"2016-01-13",20.431999206543
"2016-01-14",4.14099979400635
"2016-01-15",11.6870002746582
"2016-01-16",6.90000009536743
"2016-01-17",6.82499980926514
"2016-01-18",59.5940017700195
"2016-01-19",15.4130001068115
"2016-01-20",53.5849990844727
"2016-01-21",0
"2016-01-22",12
"2016-01-23",53.2060012817383
"2016-01-24",6.91099977493286
"2016-01-25",0.0049999998882412
"2016-01-26",0
"2016-01-27",0
"2016-01-28",0
"2016-01-29",0.349999994039536
"2016-01-30",8.07999992370605
"2016-01-31",5.7979998588562
"2016-02-01",2.27800011634827
"2016-02-02",1.692999958992
"2016-02-03",2.88700008392334
"2016-02-04",0
"2016-02-05",0
"2016-02-06",0
"2016-02-07",0
"2016-02-08",0
"2016-02-09",0
"2016-02-10",0
"2016-02-11",0
"2016-02-12",0
"2016-02-13",0
"2016-02-14",0
"2016-02-15",0
"2016-02-16",0
"2016-02-17",0
"2016-02-18",29.9300003051758
"2016-02-19",3.15899991989136
"2016-02-20",0.711000025272369
"2016-02-21",0
"2016-02-22",0
"2016-02-23",0
"2016-02-24",0
"2016-02-25",0
"2016-02-26",0
"2016-02-27",0
"2016-02-28",0
"2016-02-29",0
"2016-03-01",0
"2016-03-02",0
"2016-03-03",0
"2016-03-04",2.46799993515015
"2016-03-05",53.5970001220703
"2016-03-06",129.893005371094
"2016-03-07",49.0330009460449
"2016-03-08",4.21600008010864
"2016-03-09",1.80499994754791
"2016-03-10",2.71000003814697
"2016-03-11",8.15200042724609
"2016-03-12",34.5260009765625
"2016-03-13",62.5029983520508
"2016-03-14",56.0730018615723
"2016-03-15",0.324999988079071
"2016-03-16",0
"2016-03-17",0
"2016-03-18",0
"2016-03-19",0
"2016-03-20",0
"2016-03-21",9.09700012207031
"2016-03-22",13.7360000610352
"2016-03-23",0.0049999998882412
"2016-03-24",0
"2016-03-25",0
"2016-03-26",0
"2016-03-27",0
"2016-03-28",0
"2016-03-29",0
"2016-03-30",0
"2016-03-31",0
"2016-04-01",0
"2016-04-02",0
"2016-04-03",0
"2016-04-04",0
"2016-04-05",0
"2016-04-06",0
"2016-04-07",0
"2016-04-08",0
"2016-04-09",4.64200019836426
"2016-04-10",6.13500022888184
"2016-04-11",2.32800006866455
"2016-04-12",0
"2016-04-13",0
"2016-04-14",4.95300006866455
"2016-04-15",0
"2016-04-16",0
"2016-04-17",0
"2016-04-18",0
"2016-04-19",0
"2016-04-20",0
"2016-04-21",0
"2016-04-22",4.46700000762939
"2016-04-23",12.9980001449585
"2016-04-24",0
"2016-04-25",0
"2016-04-26",0.0179999992251396
"2016-04-27",0
"2016-04-28",2.34100008010864
"2016-04-29",0
"2016-04-30",0
"2016-05-01",0
"2016-05-02",0
"2016-05-03",0
"2016-05-04",0
"2016-05-05",0.675999999046326
"2016-05-06",0.818000018596649
"2016-05-07",7.40999984741211
"2016-05-08",1.30799996852875
"2016-05-09",0
"2016-05-10",0
"2016-05-11",0
"2016-05-12",0
"2016-05-13",0
"2016-05-14",0
"2016-05-15",0
"2016-05-16",0
"2016-05-17",0
"2016-05-18",0
"2016-05-19",0
"2016-05-20",0
"2016-05-21",0
"2016-05-22",1.54499995708466
"2016-05-23",0
"2016-05-24",0
"2016-05-25",0
"2016-05-26",0
"2016-05-27",0
"2016-05-28",0
"2016-05-29",0
"2016-05-30",0
"2016-05-31",0
"2016-06-01",0
"2016-06-02",0
"2016-06-03",0
"2016-06-04",0
"2016-06-05",0
"2016-06-06",0
"2016-06-07",0
"2016-06-08",0
"2016-06-09",0
"2016-06-10",0
"2016-06-11",0
"2016-06-12",0
"2016-06-13",0
"2016-06-14",0
"2016-06-15",0
"2016-06-16",0
"2016-06-17",0
"2016-06-18",0
"2016-06-19",0
"2016-06-20",0
"2016-06-21",0
"2016-06-22",0
"2016-06-23",0
"2016-06-24",0
"2016-06-25",0
"2016-06-26",0
"2016-06-27",0
"2016-06-28",0
"2016-06-29",0
"2016-06-30",0
"2016-07-01",0
"2016-07-02",0
"2016-07-03",0
"2016-07-04",0
"2016-07-05",0
"2016-07-06",0
"2016-07-07",0
"2016-07-08",0
"2016-07-09",0
"2016-07-10",0
"2016-07-11",0
"2016-07-12",0
"2016-07-13",0
"2016-07-14",0
"2016-07-15",0
"2016-07-16",0
"2016-07-17",0
"2016-07-18",0
"2016-07-19",0
"2016-07-20",0
"2016-07-21",0
"2016-07-22",0
"2016-07-23",0
"2016-07-24",0
"2016-07-25",0
"2016-07-26",0
"2016-07-27",0
"2016-07-28",0
"2016-07-29",0
"2016-07-30",0
"2016-07-31",0
"2016-08-01",0
"2016-08-02",0
"2016-08-03",0
"2016-08-04",0
"2016-08-05",0
"2016-08-06",0
"2016-08-07",0
"2016-08-08",0
"2016-08-09",0
"2016-08-10",0
"2016-08-11",0
"2016-08-12",0
"2016-08-13",0
"2016-08-14",0
"2016-08-15",0
"2016-08-16",0
"2016-08-17",0
"2016-08-18",0
"2016-08-19",0
"2016-08-20",0
"2016-08-21",0
"2016-08-22",0
"2016-08-23",0
"2016-08-24",0
"2016-08-25",0
"2016-08-26",0
"2016-08-27",0
"2016-08-28",0
"2016-08-29",0
"2016-08-30",0
"2016-08-31",0
"2016-09-01",0
"2016-09-02",0
"2016-09-03",0
"2016-09-04",0
"2016-09-05",0
"2016-09-06",0
"2016-09-07",0
"2016-09-08",0
"2016-09-09",0
"2016-09-10",0
"2016-09-11",0
"2016-09-12",0
"2016-09-13",0.46900001168251
"2016-09-14",1.1360000371933
"2016-09-15",0
"2016-09-16",0
"2016-09-17",0
"2016-09-18",0
"2016-09-19",0
"2016-09-20",0
"2016-09-21",0
"2016-09-22",0
"2016-09-23",0
"2016-09-24",0
"2016-09-25",0
"2016-09-26",0
"2016-09-27",0
"2016-09-28",0
"2016-09-29",0
"2016-09-30",0
"2016-10-01",0
"2016-10-02",0
"2016-10-03",0.006000000052154
"2016-10-04",0
"2016-10-05",0
"2016-10-06",0
"2016-10-07",0
"2016-10-08",0
"2016-10-09",0
"2016-10-10",0
"2016-10-11",0
"2016-10-12",0
"2016-10-13",0
"2016-10-14",0.902999997138977
"2016-10-15",44.2939987182617
"2016-10-16",63.8629989624023
"2016-10-17",61.5769996643066
"2016-10-18",0
"2016-10-19",0
"2016-10-20",0
"2016-10-21",0
"2016-10-22",0
"2016-10-23",0
"2016-10-24",0
"2016-10-25",3.28500008583069
"2016-10-26",1.07400000095367
"2016-10-27",0
"2016-10-28",23.2119998931885
"2016-10-29",10.0459995269775
"2016-10-30",9.95800018310547
"2016-10-31",26.4160003662109
"2016-11-01",7.00600004196167
"2016-11-02",0.263000011444092
"2016-11-03",0
"2016-11-04",0
"2016-11-05",0
"2016-11-06",0
"2016-11-07",0
"2016-11-08",0
"2016-11-09",0
"2016-11-10",0
"2016-11-11",0
"2016-11-12",0
"2016-11-13",0
"2016-11-14",0
"2016-11-15",0
"2016-11-16",0
"2016-11-17",0
"2016-11-18",0
"2016-11-19",0.195999994874001
"2016-11-20",51.9539985656738
"2016-11-21",6.39799976348877
"2016-11-22",0
"2016-11-23",3.50799989700317
"2016-11-24",0
"2016-11-25",0
"2016-11-26",9.92099952697754
"2016-11-27",24.8419990539551
"2016-11-28",3.65000009536743
"2016-11-29",1.64499998092651
"2016-11-30",0
"2016-12-01",0
"2016-12-02",0
"2016-12-03",0
"2016-12-04",0
"2016-12-05",0
"2016-12-06",0
"2016-12-07",0
"2016-12-08",41.6380004882812
"2016-12-09",31.0400009155273
"2016-12-10",26.568000793457
"2016-12-11",27.7110004425049
"2016-12-12",0
"2016-12-13",0
"2016-12-14",6.15000009536743
"2016-12-15",31.7189998626709
"2016-12-16",108.498001098633
"2016-12-17",0.697000026702881
"2016-12-18",0
"2016-12-19",0
"2016-12-20",0
"2016-12-21",0
"2016-12-22",0
"2016-12-23",4.81400012969971
"2016-12-24",25.3659992218018
"2016-12-25",0
"2016-12-26",0
"2016-12-27",0
"2016-12-28",0
"2016-12-29",0
"2016-12-30",0
"2016-12-31",0.611999988555908
"2017-01-01",0.554000020027161
"2017-01-02",3.35800004005432
"2017-01-03",26.9860000610352
"2017-01-04",146.061996459961
"2017-01-05",12.1999998092651
"2017-01-06",0
"2017-01-07",14.7559995651245
"2017-01-08",88.6949996948242
"2017-01-09",73.4680023193359
"2017-01-10",33.2910003662109
"2017-01-11",70.3519973754883
"2017-01-12",13.9180002212524
"2017-01-13",2.74000000953674
"2017-01-14",0
"2017-01-15",0
"2017-01-16",0
"2017-01-17",0
"2017-01-18",0.252999991178513
"2017-01-19",66.3639984130859
"2017-01-20",65.3420028686523
"2017-01-21",29.1429996490479
"2017-01-22",67.4810028076172
"2017-01-23",32.1910018920898
"2017-01-24",11.3870000839233
"2017-01-25",0.0579999983310699
"2017-01-26",0
"2017-01-27",0
"2017-01-28",0
"2017-01-29",0
"2017-01-30",0
"2017-01-31",0
"2017-02-01",0
"2017-02-02",11.6549997329712
"2017-02-03",36.0040016174316
"2017-02-04",30.1060009002686
"2017-02-05",6.48400020599365
"2017-02-06",34.0379981994629
"2017-02-07",63.6699981689453
"2017-02-08",64.2369995117188
"2017-02-09",18.9850006103516
"2017-02-10",66.927001953125
"2017-02-11",0.981000006198883
"2017-02-12",0
"2017-02-13",0
"2017-02-14",0
"2017-02-15",0
"2017-02-16",11.6829996109009
"2017-02-17",17.8460006713867
"2017-02-18",73.7809982299805
"2017-02-19",2.20300006866455
"2017-02-20",51.0099983215332
"2017-02-21",77.697998046875
"2017-02-22",7.38199996948242
"2017-02-23",0.897000014781952
"2017-02-24",0
"2017-02-25",0
"2017-02-26",0
"2017-02-27",0.885999977588654
"2017-02-28",0
"2017-03-01",0
"2017-03-02",0
"2017-03-03",0
"2017-03-04",0
"2017-03-05",22.9160003662109
"2017-03-06",4.54500007629395
"2017-03-07",2.67199993133545
"2017-03-08",0
"2017-03-09",0
"2017-03-10",0
"2017-03-11",0
"2017-03-12",0
"2017-03-13",0
"2017-03-14",0
"2017-03-15",0
"2017-03-16",0
"2017-03-17",0
"2017-03-18",0
"2017-03-19",0
"2017-03-20",0
"2017-03-21",62.4700012207031
"2017-03-22",34.2200012207031
"2017-03-23",4.63299989700317
"2017-03-24",0
"2017-03-25",41.4339981079102
"2017-03-26",0.0299999993294477
"2017-03-27",3.84200000762939
"2017-03-28",0.0299999993294477
"2017-03-29",0
"2017-03-30",0.0299999993294477
"2017-03-31",0
"2017-04-01",0
"2017-04-02",0
"2017-04-03",0
"2017-04-04",0
"2017-04-05",0
"2017-04-06",0
"2017-04-07",55.3219985961914
"2017-04-08",10.4630002975464
"2017-04-09",3.73499989509583
"2017-04-10",0
"2017-04-11",0
"2017-04-12",8.76200008392334
"2017-04-13",28.9729995727539
"2017-04-14",1.69099998474121
"2017-04-15",0
"2017-04-16",0
"2017-04-17",24.1480007171631
"2017-04-18",9.23099994659424
"2017-04-19",1.22800004482269
"2017-04-20",1.91100001335144
"2017-04-21",0
"2017-04-22",0
"2017-04-23",0
"2017-04-24",0
"2017-04-25",0
"2017-04-26",0
"2017-04-27",0
"2017-04-28",0
"2017-04-29",0
"2017-04-30",0
"2017-05-01",0
"2017-05-02",0
"2017-05-03",0
"2017-05-04",0
"2017-05-05",0
"2017-05-06",0
"2017-05-07",0
"2017-05-08",0
"2017-05-09",0
"2017-05-10",0
"2017-05-11",0
"2017-05-12",0
"2017-05-13",0
"2017-05-14",0
"2017-05-15",0
"2017-05-16",0
"2017-05-17",0.610000014305115
"2017-05-18",0
"2017-05-19",0
"2017-05-20",0
"2017-05-21",0
"2017-05-22",0
"2017-05-23",0
"2017-05-24",0
"2017-05-25",0
"2017-05-26",0.583999991416931
"2017-05-27",0
"2017-05-28",0
"2017-05-29",0
"2017-05-30",0
"2017-05-31",0
"2017-06-01",0
"2017-06-02",0
"2017-06-03",0
"2017-06-04",0
"2017-06-05",0
"2017-06-06",0
"2017-06-07",0
"2017-06-08",0
"2017-06-09",1.44799995422363
"2017-06-10",1.73500001430511
"2017-06-11",0
"2017-06-12",0
"2017-06-13",0
"2017-06-14",0
"2017-06-15",0
"2017-06-16",0
"2017-06-17",0
"2017-06-18",0
"2017-06-19",0
"2017-06-20",0
"2017-06-21",0
"2017-06-22",0
"2017-06-23",0
"2017-06-24",0
"2017-06-25",0
"2017-06-26",0
"2017-06-27",0
"2017-06-28",0
"2017-06-29",0
"2017-06-30",0
"2017-07-01",0
"2017-07-02",0
"2017-07-03",0
"2017-07-04",0
"2017-07-05",0
"2017-07-06",0
"2017-07-07",0
"2017-07-08",0
"2017-07-09",0
"2017-07-10",0
"2017-07-11",0
"2017-07-12",0
"2017-07-13",0
"2017-07-14",0
"2017-07-15",0
"2017-07-16",0
"2017-07-17",0
"2017-07-18",0
"2017-07-19",0
"2017-07-20",0
"2017-07-21",0
"2017-07-22",0
"2017-07-23",0
"2017-07-24",0
"2017-07-25",0
"2017-07-26",0
"2017-07-27",0
"2017-07-28",0
"2017-07-29",0
"2017-07-30",0
"2017-07-31",0
"2017-08-01",0
"2017-08-02",0
"2017-08-03",0
"2017-08-04",0
"2017-08-05",0
"2017-08-06",0
"2017-08-07",0
"2017-08-08",0
"2017-08-09",0
"2017-08-10",0
"2017-08-11",0
"2017-08-12",0
"2017-08-13",0
"2017-08-14",0
"2017-08-15",0
"2017-08-16",0
"2017-08-17",0
"2017-08-18",0
"2017-08-19",0
"2017-08-20",0
"2017-08-21",0
"2017-08-22",0
"2017-08-23",0
"2017-08-24",0
"2017-08-25",0
"2017-08-26",0
"2017-08-27",0
"2017-08-28",0
"2017-08-29",0
"2017-08-30",0
"2017-08-31",0
"2017-09-01",0
"2017-09-02",0
"2017-09-03",0
"2017-09-04",0
"2017-09-05",0
"2017-09-06",0
"2017-09-07",0.122000001370907
"2017-09-08",0
"2017-09-09",0
"2017-09-10",0
"2017-09-11",0
"2017-09-12",0
"2017-09-13",0
"2017-09-14",0.59799998998642
"2017-09-15",0
"2017-09-16",0
"2017-09-17",0
"2017-09-18",0
"2017-09-19",0
"2017-09-20",0
"2017-09-21",0
"2017-09-22",0
"2017-09-23",0
"2017-09-24",0
"2017-09-25",0
"2017-09-26",0
"2017-09-27",0
"2017-09-28",0
"2017-09-29",0
"2017-09-30",0
"2017-10-01",0
"2017-10-02",0
"2017-10-03",0
"2017-10-04",0
"2017-10-05",0
"2017-10-06",0
"2017-10-07",0
"2017-10-08",0
"2017-10-09",0
"2017-10-10",0
"2017-10-11",0
"2017-10-12",0
"2017-10-13",0
"2017-10-14",0
"2017-10-15",0
"2017-10-16",0
"2017-10-17",0
"2017-10-18",0
"2017-10-19",0
"2017-10-20",6.03499984741211
"2017-10-21",0
"2017-10-22",0
"2017-10-23",0
"2017-10-24",0
"2017-10-25",0
"2017-10-26",0
"2017-10-27",0
"2017-10-28",0
"2017-10-29",0
"2017-10-30",0
"2017-10-31",0
"2017-11-01",0
"2017-11-02",0
"2017-11-03",5.46500015258789
"2017-11-04",3.79099988937378
"2017-11-05",2.0090000629425
"2017-11-06",0
"2017-11-07",0
"2017-11-08",0
"2017-11-09",27.7770004272461
"2017-11-10",9.31599998474121
"2017-11-11",2.39800000190735
"2017-11-12",0
"2017-11-13",0
"2017-11-14",4.94399976730347
"2017-11-15",0
"2017-11-16",14.3020000457764
"2017-11-17",70.734001159668
"2017-11-18",0
"2017-11-19",0
"2017-11-20",0
"2017-11-21",0
"2017-11-22",0
"2017-11-23",0
"2017-11-24",0
"2017-11-25",0
"2017-11-26",0.216000005602837
"2017-11-27",32.132999420166
"2017-11-28",0
"2017-11-29",0
"2017-11-30",0
"2017-12-01",0
"2017-12-02",0
"2017-12-03",0.648000001907349
"2017-12-04",0
"2017-12-05",0
"2017-12-06",0
"2017-12-07",0
"2017-12-08",0
"2017-12-09",0
"2017-12-10",0
"2017-12-11",0
"2017-12-12",0
"2017-12-13",0
"2017-12-14",0
"2017-12-15",0
"2017-12-16",0
"2017-12-17",0
"2017-12-18",0
"2017-12-19",0
"2017-12-20",2.34500002861023
"2017-12-21",0.739000022411346
"2017-12-22",0
"2017-12-23",0
"2017-12-24",0
"2017-12-25",0
"2017-12-26",0
"2017-12-27",0
"2017-12-28",0
"2017-12-29",0
"2017-12-30",0
"2017-12-31",0
"2018-01-01",0
"2018-01-02",0
"2018-01-03",0
"2018-01-04",17.4519996643066
"2018-01-05",10.4870004653931
"2018-01-06",12.3970003128052
"2018-01-07",0.328000009059906
"2018-01-08",12.3719997406006
"2018-01-09",107.175003051758
"2018-01-10",3.47499990463257
"2018-01-11",1.17200005054474
"2018-01-12",0
"2018-01-13",0
"2018-01-14",0
"2018-01-15",0
"2018-01-16",0
"2018-01-17",0.0010000000474974
"2018-01-18",0
"2018-01-19",7.48000001907349
"2018-01-20",0.303000003099442
"2018-01-21",0
"2018-01-22",5.63000011444092
"2018-01-23",5.51200008392334
"2018-01-24",0.0920000001788139
"2018-01-25",15.7729997634888
"2018-01-26",1.98599994182587
"2018-01-27",0
"2018-01-28",0
"2018-01-29",0
"2018-01-30",0
"2018-01-31",0
"2018-02-01",0
"2018-02-02",0
"2018-02-03",0
"2018-02-04",0
"2018-02-05",0
"2018-02-06",0
"2018-02-07",0
"2018-02-08",0
"2018-02-09",0
"2018-02-10",0
"2018-02-11",0
"2018-02-12",0
"2018-02-13",0
"2018-02-14",0
"2018-02-15",0
"2018-02-16",0
"2018-02-17",0
"2018-02-18",0
"2018-02-19",1.03199994564056
"2018-02-20",0.0549999997019768
"2018-02-21",0
"2018-02-22",0
"2018-02-23",0.901000022888184
"2018-02-24",0
"2018-02-25",0
"2018-02-26",0.916000008583069
"2018-02-27",6.76700019836426
"2018-02-28",0
"2018-03-01",34.2099990844727
"2018-03-02",38.7519989013672
"2018-03-03",12.2089996337891
"2018-03-04",5.75699996948242
"2018-03-05",0
"2018-03-06",0
"2018-03-07",0
"2018-03-08",2.46499991416931
"2018-03-09",0.455000013113022
"2018-03-10",0
"2018-03-11",0.437999993562698
"2018-03-12",0.0520000010728836
"2018-03-13",29.1219997406006
"2018-03-14",24.8969993591309
"2018-03-15",6.11299991607666
"2018-03-16",30.3490009307861
"2018-03-17",4.04199981689453
"2018-03-18",2.34899997711182
"2018-03-19",0
"2018-03-20",0
"2018-03-21",25.8920001983643
"2018-03-22",65.6949996948242
"2018-03-23",22.3430004119873
"2018-03-24",1.87000000476837
"2018-03-25",9.1230001449585
"2018-03-26",0.523999989032745
"2018-03-27",0
"2018-03-28",0
"2018-03-29",0
"2018-03-30",0
"2018-03-31",0
"2018-04-01",0
"2018-04-02",0
"2018-04-03",0
"2018-04-04",0
"2018-04-05",0
"2018-04-06",5.51300001144409
"2018-04-07",57.4529991149902
"2018-04-08",10.0349998474121
"2018-04-09",0
"2018-04-10",0
"2018-04-11",0
"2018-04-12",8.45300006866455
"2018-04-13",0
"2018-04-14",0
"2018-04-15",0
"2018-04-16",2.60599994659424
"2018-04-17",7.26000022888184
"2018-04-18",0
"2018-04-19",0
"2018-04-20",0
"2018-04-21",0
"2018-04-22",0
"2018-04-23",0
"2018-04-24",0
"2018-04-25",0
"2018-04-26",0
"2018-04-27",0
"2018-04-28",0
"2018-04-29",0
"2018-04-30",0.453999996185303
"2018-05-01",0
"2018-05-02",0
"2018-05-03",0
"2018-05-04",0
"2018-05-05",0
"2018-05-06",0
"2018-05-07",0
"2018-05-08",0
"2018-05-09",0
"2018-05-10",0
"2018-05-11",0
"2018-05-12",0
"2018-05-13",0
"2018-05-14",0
"2018-05-15",0
"2018-05-16",0
"2018-05-17",0
"2018-05-18",0
"2018-05-19",0
"2018-05-20",0
"2018-05-21",0
"2018-05-22",0
"2018-05-23",0.006000000052154
"2018-05-24",0
"2018-05-25",0.384999990463257
"2018-05-26",2.27999997138977
"2018-05-27",0
"2018-05-28",0
"2018-05-29",0
"2018-05-30",0
"2018-05-31",0
"2018-06-01",0
"2018-06-02",0
"2018-06-03",0
"2018-06-04",0
"2018-06-05",0
"2018-06-06",0
"2018-06-07",0
"2018-06-08",0
"2018-06-09",0
"2018-06-10",0
"2018-06-11",0
"2018-06-12",0
"2018-06-13",0
"2018-06-14",0
"2018-06-15",0
"2018-06-16",0
"2018-06-17",1.05799996852875
"2018-06-18",0.158999994397163
"2018-06-19",0
"2018-06-20",0
"2018-06-21",0
"2018-06-22",0
"2018-06-23",0
"2018-06-24",0
"2018-06-25",0
"2018-06-26",0
"2018-06-27",0
"2018-06-28",0
"2018-06-29",0
"2018-06-30",0
"2018-07-01",0
"2018-07-02",0
"2018-07-03",0
"2018-07-04",0
"2018-07-05",0
"2018-07-06",0
"2018-07-07",0
"2018-07-08",0
"2018-07-09",0
"2018-07-10",0
"2018-07-11",0
"2018-07-12",0
"2018-07-13",0
"2018-07-14",0
"2018-07-15",0
"2018-07-16",0
"2018-07-17",0
"2018-07-18",0
"2018-07-19",0
"2018-07-20",0
"2018-07-21",0
"2018-07-22",0
"2018-07-23",0
"2018-07-24",0
"2018-07-25",0
"2018-07-26",0
"2018-07-27",0
"2018-07-28",0
"2018-07-29",0
"2018-07-30",0
"2018-07-31",0
"2018-08-01",0
"2018-08-02",0
"2018-08-03",0
"2018-08-04",0
"2018-08-05",0
"2018-08-06",0
"2018-08-07",0
"2018-08-08",0
"2018-08-09",0
"2018-08-10",0
"2018-08-11",0
"2018-08-12",0
"2018-08-13",0
"2018-08-14",0
"2018-08-15",0
"2018-08-16",0
"2018-08-17",0
"2018-08-18",0
"2018-08-19",0
"2018-08-20",0
"2018-08-21",0
"2018-08-22",0
"2018-08-23",0
"2018-08-24",0
"2018-08-25",0
"2018-08-26",0
"2018-08-27",0
"2018-08-28",0
"2018-08-29",0
"2018-08-30",0
"2018-08-31",0
"2018-09-01",0
"2018-09-02",0
"2018-09-03",0
"2018-09-04",0
"2018-09-05",0
"2018-09-06",0
"2018-09-07",0
"2018-09-08",0
"2018-09-09",0
"2018-09-10",0
"2018-09-11",0
"2018-09-12",0
"2018-09-13",0
"2018-09-14",0
"2018-09-15",0
"2018-09-16",0
"2018-09-17",0
"2018-09-18",0
"2018-09-19",0
"2018-09-20",0
"2018-09-21",0
"2018-09-22",0
"2018-09-23",0
"2018-09-24",0
"2018-09-25",0
"2018-09-26",0
"2018-09-27",0
"2018-09-28",0
"2018-09-29",0
"2018-09-30",0
"2018-10-01",0
"2018-10-02",0
"2018-10-03",0
"2018-10-04",1.5440000295639
"2018-10-05",0
"2018-10-06",0
"2018-10-07",0
"2018-10-08",0
"2018-10-09",0
"2018-10-10",0.360000014305115
"2018-10-11",0
"2018-10-12",0
"2018-10-13",0
"2018-10-14",0
"2018-10-15",0
"2018-10-16",0
"2018-10-17",0
"2018-10-18",0
"2018-10-19",0
"2018-10-20",0
"2018-10-21",0
"2018-10-22",0
"2018-10-23",0
"2018-10-24",0
"2018-10-25",0
"2018-10-26",0
"2018-10-27",0
"2018-10-28",0
"2018-10-29",0
"2018-10-30",0
"2018-10-31",0
"2018-11-01",0
"2018-11-02",0.0010000000474974
"2018-11-03",0
"2018-11-04",0
"2018-11-05",0
"2018-11-06",0
"2018-11-07",0
"2018-11-08",0
"2018-11-09",0
"2018-11-10",0
"2018-11-11",0
"2018-11-12",0
"2018-11-13",0
"2018-11-14",0
"2018-11-15",0
"2018-11-16",0
"2018-11-17",0
"2018-11-18",0
"2018-11-19",0
"2018-11-20",0
"2018-11-21",1.51800000667572
"2018-11-22",45.8860015869141
"2018-11-23",28.193000793457
"2018-11-24",14.625
"2018-11-25",1.14100003242493
"2018-11-26",0
"2018-11-27",0
"2018-11-28",9.79699993133545
"2018-11-29",60.5960006713867
"2018-11-30",25.0939998626709
"2018-12-01",2.60800004005432
"2018-12-02",8.36400032043457
"2018-12-03",0
"2018-12-04",0
"2018-12-05",10.4370002746582
"2018-12-06",5.36600017547607
"2018-12-07",0
"2018-12-08",0.123000003397465
"2018-12-09",0.231000006198883
"2018-12-10",0
"2018-12-11",0
"2018-12-12",0
"2018-12-13",0
"2018-12-14",0
"2018-12-15",1.39699995517731
"2018-12-16",0
"2018-12-17",53.1870002746582
"2018-12-18",0
"2018-12-19",0
"2018-12-20",0
"2018-12-21",0.156000003218651
"2018-12-22",0
"2018-12-23",0
"2018-12-24",0
"2018-12-25",16.0209999084473
"2018-12-26",0
"2018-12-27",0
"2018-12-28",0
"2018-12-29",0
"2018-12-30",0
"2018-12-31",0
"2019-01-01",0
"2019-01-02",0
"2019-01-03",0
"2019-01-04",0
"2019-01-05",2.02999997138977
"2019-01-06",22.5650005340576
"2019-01-07",102.595001220703
"2019-01-08",1.02999997138977
"2019-01-09",11.8039999008179
"2019-01-10",5.46500015258789
"2019-01-11",0
"2019-01-12",10.9729995727539
"2019-01-13",0.580999970436096
"2019-01-14",0.513000011444092
"2019-01-15",8.79100036621094
"2019-01-16",62.6110000610352
"2019-01-17",55.5069999694824
"2019-01-18",10.4169998168945
"2019-01-19",0.006000000052154
"2019-01-20",0.638999998569489
"2019-01-21",10.2609996795654
"2019-01-22",0
"2019-01-23",0
"2019-01-24",0
"2019-01-25",0
"2019-01-26",0
"2019-01-27",0
"2019-01-28",0
"2019-01-29",0
"2019-01-30",0
"2019-01-31",17.9740009307861
"2019-02-01",0.750999987125397
"2019-02-02",44.7410011291504
"2019-02-03",77.9520034790039
"2019-02-04",50.4860000610352
"2019-02-05",31.7590007781982
"2019-02-06",1.72599995136261
"2019-02-07",0.0179999992251396
"2019-02-08",1.0460000038147
"2019-02-09",25.9099998474121
"2019-02-10",14.7760000228882
"2019-02-11",1.80499994754791
"2019-02-12",0
"2019-02-13",18.0599994659424
"2019-02-14",87.0390014648438
"2019-02-15",36.4770011901855
"2019-02-16",19.3519992828369
"2019-02-17",10.0010004043579
"2019-02-18",5.22599983215332
"2019-02-19",0
"2019-02-20",0
"2019-02-21",0.379000008106232
"2019-02-22",0
"2019-02-23",0
"2019-02-24",0
"2019-02-25",0
"2019-02-26",0.814000010490417
"2019-02-27",60.0410003662109
"2019-02-28",13.081000328064
"2019-03-01",0.46900001168251
"2019-03-02",13.4230003356934
"2019-03-03",32.1209983825684
"2019-03-04",5.79099988937378
"2019-03-05",0
"2019-03-06",34.5439987182617
"2019-03-07",34.0330009460449
"2019-03-08",4.53599977493286
"2019-03-09",1.52799999713898
"2019-03-10",25.0930004119873
"2019-03-11",3.89299988746643
"2019-03-12",0
"2019-03-13",0
"2019-03-14",0
"2019-03-15",0
"2019-03-16",0
"2019-03-17",0
"2019-03-18",0
"2019-03-19",0
"2019-03-20",13.0459995269775
"2019-03-21",6.29699993133545
"2019-03-22",0
"2019-03-23",17.4249992370605
"2019-03-24",1.22099995613098
"2019-03-25",0
"2019-03-26",14.4320001602173
"2019-03-27",3.91000008583069
"2019-03-28",14.3240003585815
"2019-03-29",3.82800006866455
"2019-03-30",0
"2019-03-31",0
"2019-04-01",0
"2019-04-02",1.48000001907349
"2019-04-03",6.28700017929077
"2019-04-04",1.21599996089935
"2019-04-05",2.46900010108948
"2019-04-06",5.1560001373291
"2019-04-07",0.513999998569489
"2019-04-08",0
"2019-04-09",0.0939999967813492
"2019-04-10",0
"2019-04-11",0
"2019-04-12",0
"2019-04-13",0
"2019-04-14",0
"2019-04-15",0
"2019-04-16",5.28399991989136
"2019-04-17",0.293999999761581
"2019-04-18",0
"2019-04-19",0
"2019-04-20",0
"2019-04-21",0
"2019-04-22",0
"2019-04-23",0
"2019-04-24",0
"2019-04-25",0
"2019-04-26",0
"2019-04-27",0
"2019-04-28",0
"2019-04-29",0
"2019-04-30",0
"2019-05-01",0
"2019-05-02",0
"2019-05-03",0
"2019-05-04",0
"2019-05-05",0
"2019-05-06",0
"2019-05-07",0
"2019-05-08",0
"2019-05-09",0.0080000003799796
"2019-05-10",0.006000000052154
"2019-05-11",0
"2019-05-12",0
"2019-05-13",0
"2019-05-14",0
"2019-05-15",0
"2019-05-16",37.6889991760254
"2019-05-17",8.17000007629395
"2019-05-18",0
"2019-05-19",36.8479995727539
"2019-05-20",9.79300022125244
"2019-05-21",3.59400010108948
"2019-05-22",6.77600002288818
"2019-05-23",0
"2019-05-24",0
"2019-05-25",0
"2019-05-26",1.90600001811981
"2019-05-27",2.62899994850159
"2019-05-28",0
"2019-05-29",0
"2019-05-30",0
"2019-05-31",0
"2019-06-01",0
"2019-06-02",0.437999993562698
"2019-06-03",0
"2019-06-04",0
"2019-06-05",0
"2019-06-06",0
"2019-06-07",0
"2019-06-08",0
"2019-06-09",0
"2019-06-10",0
"2019-06-11",0
"2019-06-12",0
"2019-06-13",0
"2019-06-14",0
"2019-06-15",0
"2019-06-16",0
"2019-06-17",0
"2019-06-18",0
"2019-06-19",0
"2019-06-20",0.375999987125397
"2019-06-21",0
"2019-06-22",0
"2019-06-23",0
"2019-06-24",0
"2019-06-25",0
"2019-06-26",0
"2019-06-27",0
"2019-06-28",0
"2019-06-29",0
"2019-06-30",0
"2019-07-01",0
"2019-07-02",0
"2019-07-03",0
"2019-07-04",0
"2019-07-05",0
"2019-07-06",0
"2019-07-07",0
"2019-07-08",0
"2019-07-09",0
"2019-07-10",0
"2019-07-11",0
"2019-07-12",0
"2019-07-13",0
"2019-07-14",0
"2019-07-15",0
"2019-07-16",0
"2019-07-17",0
"2019-07-18",0
"2019-07-19",0
"2019-07-20",0
"2019-07-21",0
"2019-07-22",0
"2019-07-23",0
"2019-07-24",0
"2019-07-25",0
"2019-07-26",0
"2019-07-27",0
"2019-07-28",0
"2019-07-29",0
"2019-07-30",0
"2019-07-31",0
"2019-08-01",0
"2019-08-02",0
"2019-08-03",0
"2019-08-04",0
"2019-08-05",0
"2019-08-06",0
"2019-08-07",0
"2019-08-08",0
"2019-08-09",0
"2019-08-10",0
"2019-08-11",0
"2019-08-12",0
"2019-08-13",0
"2019-08-14",0
"2019-08-15",0
"2019-08-16",0
"2019-08-17",0
"2019-08-18",0
"2019-08-19",0.395999997854233
"2019-08-20",0
"2019-08-21",0
"2019-08-22",0
"2019-08-23",0
"2019-08-24",0
"2019-08-25",0
"2019-08-26",0
"2019-08-27",0
"2019-08-28",0
"2019-08-29",0
"2019-08-30",0
"2019-08-31",0
"2019-09-01",0
"2019-09-02",0
"2019-09-03",0
"2019-09-04",0
"2019-09-05",0
"2019-09-06",0
"2019-09-07",0
"2019-09-08",0
"2019-09-09",0
"2019-09-10",0
"2019-09-11",0
"2019-09-12",0
"2019-09-13",0
"2019-09-14",0
"2019-09-15",0
"2019-09-16",1.87199997901917
"2019-09-17",2.17600011825562
"2019-09-18",0
"2019-09-19",0
"2019-09-20",0
"2019-09-21",0
"2019-09-22",0
"2019-09-23",0
"2019-09-24",0
"2019-09-25",0
"2019-09-26",0
"2019-09-27",0
"2019-09-28",0
"2019-09-29",0
"2019-09-30",0.546999990940094
"2019-10-01",0
"2019-10-02",0
"2019-10-03",0
"2019-10-04",0
"2019-10-05",0
"2019-10-06",0
"2019-10-07",0
"2019-10-08",0
"2019-10-09",0
"2019-10-10",0
"2019-10-11",0
"2019-10-12",0
"2019-10-13",0
"2019-10-14",0
"2019-10-15",0
"2019-10-16",0
"2019-10-17",0
"2019-10-18",0
"2019-10-19",0
"2019-10-20",0
"2019-10-21",0
"2019-10-22",0
"2019-10-23",0
"2019-10-24",0
"2019-10-25",0
"2019-10-26",0
"2019-10-27",0
"2019-10-28",0
"2019-10-29",0
"2019-10-30",0
"2019-10-31",0
"2019-11-01",0
"2019-11-02",0
"2019-11-03",0
"2019-11-04",0
"2019-11-05",0
"2019-11-06",0
"2019-11-07",0
"2019-11-08",0
"2019-11-09",0
"2019-11-10",0
"2019-11-11",0
"2019-11-12",0
"2019-11-13",0
"2019-11-14",0.0020000000949949
"2019-11-15",0.239999994635582
"2019-11-16",0
"2019-11-17",0
"2019-11-18",0
"2019-11-19",0
"2019-11-20",0.280000001192093
"2019-11-21",0
"2019-11-22",0
"2019-11-23",0
"2019-11-24",0
"2019-11-25",0
"2019-11-26",0
"2019-11-27",42.2779998779297
"2019-11-28",6.57999992370605
"2019-11-29",0.535000026226044
"2019-11-30",2.8970000743866
"2019-12-01",67.7160034179688
"2019-12-02",129.330001831055
"2019-12-03",30.9850006103516
"2019-12-04",13.6750001907349
"2019-12-05",22.1690006256104
"2019-12-06",0
"2019-12-07",44.3089981079102
"2019-12-08",35.6300010681152
"2019-12-09",2.65599989891052
"2019-12-10",0
"2019-12-11",5.13800001144409
"2019-12-12",10.7770004272461
"2019-12-13",1.12800002098083
"2019-12-14",1.78999996185303
"2019-12-15",1.432000041008
"2019-12-16",0.166999995708466
"2019-12-17",0
"2019-12-18",12.1319999694824
"2019-12-19",26.3139991760254
"2019-12-20",0.35699999332428
"2019-12-21",0
"2019-12-22",12.6999998092651
"2019-12-23",23.0849990844727
"2019-12-24",0.65200001001358
"2019-12-25",5.03599977493286
"2019-12-26",7.65199995040894
"2019-12-27",0
"2019-12-28",0
"2019-12-29",0.0860000029206276
"2019-12-30",7.76999998092651
"2019-12-31",0.128000006079674
"2020-01-01",0
"2020-01-02",0
"2020-01-03",0
"2020-01-04",0.0750000029802322
"2020-01-05",0
"2020-01-06",0
"2020-01-07",0
"2020-01-08",0.652999997138977
"2020-01-09",2.12899994850159
"2020-01-10",3.74200010299683
"2020-01-11",0.0949999988079071
"2020-01-12",0
"2020-01-13",1.08000004291534
"2020-01-14",2.08400011062622
"2020-01-15",0
"2020-01-16",0.546999990940094
"2020-01-17",34.3300018310547
"2020-01-18",0
"2020-01-19",0
"2020-01-20",0
"2020-01-21",0
"2020-01-22",18.4720001220703
"2020-01-23",0.360000014305115
"2020-01-24",0
"2020-01-25",0
"2020-01-26",0.921000003814697
"2020-01-27",1.30999994277954
"2020-01-28",0
"2020-01-29",0
"2020-01-30",0
"2020-01-31",0
"2020-02-01",0
"2020-02-02",0
"2020-02-03",0
"2020-02-04",0
"2020-02-05",0
"2020-02-06",0
"2020-02-07",0
"2020-02-08",0
"2020-02-09",0
"2020-02-10",0
"2020-02-11",0
"2020-02-12",0.0189999993890524
"2020-02-13",0
"2020-02-14",0
"2020-02-15",0
"2020-02-16",0
"2020-02-17",0
"2020-02-18",0
"2020-02-19",0
"2020-02-20",0
"2020-02-21",0
"2020-02-22",0
"2020-02-23",0
"2020-02-24",0
"2020-02-25",0
"2020-02-26",0
"2020-02-27",0
"2020-02-28",0
"2020-02-29",0
"2020-03-01",0
"2020-03-02",0
"2020-03-03",0
"2020-03-04",0
"2020-03-05",0
"2020-03-06",0
"2020-03-07",1.5349999666214
"2020-03-08",3.71600008010864
"2020-03-09",0
"2020-03-10",0
"2020-03-11",0
"2020-03-12",0.0040000001899898
"2020-03-13",0
"2020-03-14",0
"2020-03-15",39.984001159668
"2020-03-16",16.7700004577637
"2020-03-17",6.15000009536743
"2020-03-18",3.04999995231628
"2020-03-19",1.23800003528595
"2020-03-20",0.614000022411346
"2020-03-21",0.675999999046326
"2020-03-22",0.611999988555908
"2020-03-23",0.25900000333786
"2020-03-24",0
"2020-03-25",9.59099960327148
"2020-03-26",0.523999989032745
"2020-03-27",0.828999996185303
"2020-03-28",0.284999996423721
"2020-03-29",2.64599990844727
"2020-03-30",1.63800001144409
"2020-03-31",0
"2020-04-01",0
"2020-04-02",0
"2020-04-03",0
"2020-04-04",0
"2020-04-05",51.2900009155273
"2020-04-06",37.2389984130859
"2020-04-07",8.47799968719482
"2020-04-08",0
"2020-04-09",1.86800003051758
"2020-04-10",1.3639999628067
"2020-04-11",0
"2020-04-12",0
"2020-04-13",0
"2020-04-14",0
"2020-04-15",0
"2020-04-16",0
"2020-04-17",0.0020000000949949
"2020-04-18",0
"2020-04-19",0
"2020-04-20",0.268999993801117
"2020-04-21",0.0480000004172325
"2020-04-22",0
"2020-04-23",0
"2020-04-24",0
"2020-04-25",0
"2020-04-26",0
"2020-04-27",0
"2020-04-28",0
"2020-04-29",0
"2020-04-30",0
"2020-05-01",0
"2020-05-02",0
"2020-05-03",0
"2020-05-04",0
"2020-05-05",0
"2020-05-06",0
"2020-05-07",0
"2020-05-08",0
"2020-05-09",0
"2020-05-10",0
"2020-05-11",0
"2020-05-12",9.5649995803833
"2020-05-13",0.428999990224838
"2020-05-14",1.21700000762939
"2020-05-15",0
"2020-05-16",0
"2020-05-17",6.47599983215332
"2020-05-18",16.2660007476807
"2020-05-19",1.03199994564056
"2020-05-20",0
"2020-05-21",0
"2020-05-22",0
"2020-05-23",0
"2020-05-24",0
"2020-05-25",0
"2020-05-26",0
"2020-05-27",0
"2020-05-28",0
"2020-05-29",0
"2020-05-30",0
"2020-05-31",1.75100004673004
"2020-06-01",0
"2020-06-02",0
"2020-06-03",0
"2020-06-04",0
"2020-06-05",0.0099999997764825
"2020-06-06",0
"2020-06-07",0
"2020-06-08",0
"2020-06-09",0
"2020-06-10",0
"2020-06-11",0
"2020-06-12",0
"2020-06-13",0
"2020-06-14",0
"2020-06-15",0
"2020-06-16",0
"2020-06-17",0
"2020-06-18",0
"2020-06-19",0
"2020-06-20",0
"2020-06-21",0
"2020-06-22",0
"2020-06-23",0
"2020-06-24",0
"2020-06-25",0
"2020-06-26",0
"2020-06-27",0
"2020-06-28",0
"2020-06-29",0
"2020-06-30",0
"2020-07-01",0
"2020-07-02",0
"2020-07-03",0
"2020-07-04",0
"2020-07-05",0
"2020-07-06",0
"2020-07-07",0
"2020-07-08",0
"2020-07-09",0
"2020-07-10",0
"2020-07-11",0
"2020-07-12",0
"2020-07-13",0
"2020-07-14",0
"2020-07-15",0
"2020-07-16",0
"2020-07-17",0
"2020-07-18",0
"2020-07-19",0
"2020-07-20",0
"2020-07-21",0
"2020-07-22",0.144999995827675
"2020-07-23",0.864000022411346
"2020-07-24",0
"2020-07-25",0
"2020-07-26",0
"2020-07-27",0
"2020-07-28",0
"2020-07-29",0
"2020-07-30",0
"2020-07-31",0
"2020-08-01",0
"2020-08-02",0
"2020-08-03",0
"2020-08-04",0
"2020-08-05",0
"2020-08-06",0
"2020-08-07",0
"2020-08-08",0
"2020-08-09",0
"2020-08-10",0
"2020-08-11",0
"2020-08-12",0
"2020-08-13",0
"2020-08-14",0
"2020-08-15",0
"2020-08-16",0.765999972820282
"2020-08-17",0
"2020-08-18",0
"2020-08-19",0
"2020-08-20",0
"2020-08-21",0
"2020-08-22",0
"2020-08-23",0
"2020-08-24",0
"2020-08-25",0
"2020-08-26",0
"2020-08-27",0
"2020-08-28",0
"2020-08-29",0
"2020-08-30",0
"2020-08-31",0
"2020-09-01",0
"2020-09-02",0
"2020-09-03",0
"2020-09-04",0
"2020-09-05",0
"2020-09-06",0
"2020-09-07",0
"2020-09-08",0
"2020-09-09",0
"2020-09-10",0
"2020-09-11",0
"2020-09-12",0
"2020-09-13",0
"2020-09-14",0
"2020-09-15",0
"2020-09-16",0
"2020-09-17",0
"2020-09-18",0
"2020-09-19",0
"2020-09-20",0
"2020-09-21",0
"2020-09-22",0
"2020-09-23",0
"2020-09-24",0
"2020-09-25",0
"2020-09-26",0
"2020-09-27",0
"2020-09-28",0
"2020-09-29",0
"2020-09-30",0
"2020-10-01",0
"2020-10-02",0
"2020-10-03",0
"2020-10-04",0
"2020-10-05",0
"2020-10-06",0
"2020-10-07",0
"2020-10-08",0
"2020-10-09",0
"2020-10-10",0
"2020-10-11",0
"2020-10-12",0
"2020-10-13",0
"2020-10-14",0
"2020-10-15",0
"2020-10-16",0
"2020-10-17",0
"2020-10-18",0
"2020-10-19",0
"2020-10-20",0
"2020-10-21",0
"2020-10-22",0
"2020-10-23",0
"2020-10-24",0
"2020-10-25",0
"2020-10-26",0
"2020-10-27",0
"2020-10-28",0
"2020-10-29",0
"2020-10-30",0
"2020-10-31",0
"2020-11-01",0
"2020-11-02",0
"2020-11-03",0
"2020-11-04",0
"2020-11-05",0
"2020-11-06",0
"2020-11-07",2.04399991035461
"2020-11-08",0.888000011444092
"2020-11-09",0.112999998033047
"2020-11-10",0
"2020-11-11",0
"2020-11-12",0
"2020-11-13",0
"2020-11-14",5.86800003051758
"2020-11-15",0
"2020-11-16",0
"2020-11-17",0
"2020-11-18",37.298999786377
"2020-11-19",14.9270000457764
"2020-11-20",0
"2020-11-21",0
"2020-11-22",0
"2020-11-23",0
"2020-11-24",0
"2020-11-25",0
"2020-11-26",0
"2020-11-27",0
"2020-11-28",0
"2020-11-29",0
"2020-11-30",0
"2020-12-01",0
"2020-12-02",0
"2020-12-03",0
"2020-12-04",0
"2020-12-05",0
"2020-12-06",0
"2020-12-07",0
"2020-12-08",0
"2020-12-09",0
"2020-12-10",0
"2020-12-11",0
"2020-12-12",11.1160001754761
"2020-12-13",2.33800005912781
"2020-12-14",21.0849990844727
"2020-12-15",0
"2020-12-16",0
"2020-12-17",8.81700038909912
"2020-12-18",1.70500004291534
"2020-12-19",0
"2020-12-20",0
"2020-12-21",0
"2020-12-22",0
"2020-12-23",0
"2020-12-24",0
"2020-12-25",0
"2020-12-26",18.2730007171631
"2020-12-27",0
"2020-12-28",1.682000041008
"2020-12-29",0.389999985694885
"2020-12-30",0
"2020-12-31",4.15700006484985
"2021-01-01",0
"2021-01-02",1.14079999923706
"2021-01-03",7.08939981460571
"2021-01-04",1.33410000801086
"2021-01-05",20.6691989898682
"2021-01-06",0
"2021-01-07",0
"2021-01-08",0
"2021-01-09",0
"2021-01-10",0
"2021-01-11",0
"2021-01-12",0
"2021-01-13",0
"2021-01-14",0
"2021-01-15",0
"2021-01-16",0
"2021-01-17",0
"2021-01-18",0
"2021-01-19",0
"2021-01-20",0
"2021-01-21",0
"2021-01-22",2.32099986076355
"2021-01-23",8.3326997756958
"2021-01-24",0
"2021-01-25",6.55729961395264
"2021-01-26",0.551100015640259
"2021-01-27",75.0121002197266
"2021-01-28",83.8982009887695
"2021-01-29",51.8037986755371
"2021-01-30",0.0383999980986118
"2021-01-31",0
"2021-02-01",0
"2021-02-02",21.2992000579834
"2021-02-03",7.16479969024658
"2021-02-04",0
"2021-02-05",0
"2021-02-06",0
"2021-02-07",0
"2021-02-08",0
"2021-02-09",0
"2021-02-10",0.0092000002041459
"2021-02-11",0
"2021-02-12",10.8359994888306
"2021-02-13",0.706799983978271
"2021-02-14",1.91059994697571
"2021-02-15",1.63169991970062
"2021-02-16",2.25020003318787
"2021-02-17",0
"2021-02-18",0
"2021-02-19",0
"2021-02-20",2.76039981842041
"2021-02-21",0.271899998188019
"2021-02-22",0
"2021-02-23",0
"2021-02-24",0
"2021-02-25",0
"2021-02-26",0
"2021-02-27",0
"2021-02-28",0
"2021-03-01",0
"2021-03-02",0
"2021-03-03",0
"2021-03-04",0
"2021-03-05",0
"2021-03-06",5.69519996643066
"2021-03-07",0.0681999996304512
"2021-03-08",0
"2021-03-09",0
"2021-03-10",19.6042003631592
"2021-03-11",16.2250003814697
"2021-03-12",2.84850001335144
"2021-03-13",0
"2021-03-14",0
"2021-03-15",14.3641996383667
"2021-03-16",2.43029999732971
"2021-03-17",0
"2021-03-18",0
"2021-03-19",26.4610996246338
"2021-03-20",0
"2021-03-21",0
"2021-03-22",0
"2021-03-23",0
"2021-03-24",0
"2021-03-25",0
"2021-03-26",0
"2021-03-27",0
"2021-03-28",0
"2021-03-29",0
"2021-03-30",0
"2021-03-31",0
"2021-04-01",0
"2021-04-02",0
"2021-04-03",0
"2021-04-04",0
"2021-04-05",0
"2021-04-06",0
"2021-04-07",0
"2021-04-08",0
"2021-04-09",0
"2021-04-10",0
"2021-04-11",0
"2021-04-12",0
"2021-04-13",0
"2021-04-14",0
"2021-04-15",0
"2021-04-16",0
"2021-04-17",0
"2021-04-18",0
"2021-04-19",0
"2021-04-20",0
"2021-04-21",0
"2021-04-22",0
"2021-04-23",0
"2021-04-24",0
"2021-04-25",0.707699954509735
"2021-04-26",2.52839994430542
"2021-04-27",0
"2021-04-28",0
"2021-04-29",0
"2021-04-30",0
"2021-05-01",0
"2021-05-02",0
"2021-05-03",0
"2021-05-04",0
"2021-05-05",0
"2021-05-06",0
"2021-05-07",0
"2021-05-08",0
"2021-05-09",0
"2021-05-10",0
"2021-05-11",0
"2021-05-12",0
"2021-05-13",0
"2021-05-14",0
"2021-05-15",0.00179999996908
"2021-05-16",0.687799990177155
"2021-05-17",0
"2021-05-18",0
"2021-05-19",0
"2021-05-20",0
"2021-05-21",0
"2021-05-22",0
"2021-05-23",0
"2021-05-24",0
"2021-05-25",0
"2021-05-26",0
"2021-05-27",0
"2021-05-28",0
"2021-05-29",0
"2021-05-30",0
"2021-05-31",0
"2021-06-01",0
"2021-06-02",0
"2021-06-03",0
"2021-06-04",0
"2021-06-05",0
"2021-06-06",0
"2021-06-07",0
"2021-06-08",0
"2021-06-09",0
"2021-06-10",0
"2021-06-11",0
"2021-06-12",0
"2021-06-13",0
"2021-06-14",0
"2021-06-15",0
"2021-06-16",0
"2021-06-17",0
"2021-06-18",0
"2021-06-19",0
"2021-06-20",0
"2021-06-21",0
"2021-06-22",0.914799988269806
"2021-06-23",0.276199996471405
"2021-06-24",0
"2021-06-25",0
"2021-06-26",0
"2021-06-27",0
"2021-06-28",0
"2021-06-29",0
"2021-06-30",0
"2021-07-01",0
"2021-07-02",0
"2021-07-03",0.598599970340729
"2021-07-04",0
"2021-07-05",0
"2021-07-06",0
"2021-07-07",0
"2021-07-08",0
"2021-07-09",0
"2021-07-10",0
"2021-07-11",0
"2021-07-12",0
"2021-07-13",0
"2021-07-14",0
"2021-07-15",0
"2021-07-16",0
"2021-07-17",0
"2021-07-18",0
"2021-07-19",0
"2021-07-20",0
"2021-07-21",0
"2021-07-22",0
"2021-07-23",0
"2021-07-24",0
"2021-07-25",0
"2021-07-26",0
"2021-07-27",0
"2021-07-28",0
"2021-07-29",0
"2021-07-30",0
"2021-07-31",0
"2021-08-01",0
"2021-08-02",0
"2021-08-03",0
"2021-08-04",0
"2021-08-05",0
"2021-08-06",0
"2021-08-07",0
"2021-08-08",0
"2021-08-09",0
"2021-08-10",0
"2021-08-11",0
"2021-08-12",0
"2021-08-13",0
"2021-08-14",0
"2021-08-15",0
"2021-08-16",0
"2021-08-17",0
"2021-08-18",0
"2021-08-19",0
"2021-08-20",0
"2021-08-21",0
"2021-08-22",0.0066999997943639
"2021-08-23",0
"2021-08-24",0
"2021-08-25",0
"2021-08-26",0
"2021-08-27",0
"2021-08-28",0
"2021-08-29",0
"2021-08-30",0
"2021-08-31",0
"2021-09-01",0
"2021-09-02",0
"2021-09-03",0
"2021-09-04",0
"2021-09-05",0
"2021-09-06",0
"2021-09-07",0
"2021-09-08",0
"2021-09-09",0
"2021-09-10",0
"2021-09-11",0
"2021-09-12",0
"2021-09-13",0
"2021-09-14",0
"2021-09-15",0
"2021-09-16",0
"2021-09-17",0
"2021-09-18",0
"2021-09-19",0
"2021-09-20",0
"2021-09-21",0
"2021-09-22",0
"2021-09-23",0
"2021-09-24",0
"2021-09-25",0
"2021-09-26",0
"2021-09-27",0
"2021-09-28",0
"2021-09-29",0
"2021-09-30",0
"2021-10-01",0
"2021-10-02",0
"2021-10-03",0
"2021-10-04",0
"2021-10-05",0
"2021-10-06",0
"2021-10-07",0
"2021-10-08",0
"2021-10-09",0
"2021-10-10",0
"2021-10-11",0
"2021-10-12",0
"2021-10-13",0
"2021-10-14",0
"2021-10-15",0
"2021-10-16",0
"2021-10-17",0
"2021-10-18",1.41689991950989
"2021-10-19",0
"2021-10-20",0.820899963378906
"2021-10-21",26.8463001251221
"2021-10-22",12.4074993133545
"2021-10-23",9.902099609375
"2021-10-24",41.6196975708008
"2021-10-25",138.847290039062
"2021-10-26",5.42609977722168
"2021-10-27",0
"2021-10-28",0
"2021-10-29",0
"2021-10-30",0
"2021-10-31",0
"2021-11-01",0.986599981784821
"2021-11-02",22.7285003662109
"2021-11-03",0
"2021-11-04",2.45000004768372
"2021-11-05",0.0118999993428588
"2021-11-06",0
"2021-11-07",0
"2021-11-08",0
"2021-11-09",34.7406997680664
"2021-11-10",8.34469985961914
"2021-11-11",0
"2021-11-12",0
"2021-11-13",0
"2021-11-14",0
"2021-11-15",0
"2021-11-16",0
"2021-11-17",0
"2021-11-18",0
"2021-11-19",0
"2021-11-20",0
"2021-11-21",0
"2021-11-22",0
"2021-11-23",0
"2021-11-24",0
"2021-11-25",0
"2021-11-26",0
"2021-11-27",0
"2021-11-28",0
"2021-11-29",0
"2021-11-30",0
"2021-12-01",0
"2021-12-02",0
"2021-12-03",0.0762999951839447
"2021-12-04",0
"2021-12-05",0
"2021-12-06",0
"2021-12-07",3.1778998374939
"2021-12-08",0
"2021-12-09",3.78109979629517
"2021-12-10",0.279699981212616
"2021-12-11",0
"2021-12-12",0
"2021-12-13",126.151298522949
"2021-12-14",106.601493835449
"2021-12-15",4.5019998550415
"2021-12-16",67.8810958862305
"2021-12-17",1.02880001068115
"2021-12-18",0
"2021-12-19",0
"2021-12-20",0
"2021-12-21",0
"2021-12-22",19.1590003967285
"2021-12-23",44.2262992858887
"2021-12-24",51.7110977172852
"2021-12-25",7.2524995803833
"2021-12-26",40.0046997070312
"2021-12-27",25.4517993927002
"2021-12-28",9.87979984283447
"2021-12-29",10.0204000473022
"2021-12-30",32.073600769043
"2021-12-31",0.639800012111664
"2022-01-01",0
"2022-01-02",0
"2022-01-03",0
"2022-01-04",16.3603992462158
"2022-01-05",1.95429992675781
"2022-01-06",0
"2022-01-07",0
"2022-01-08",0.673399984836578
"2022-01-09",0
"2022-01-10",0
"2022-01-11",0
"2022-01-12",0
"2022-01-13",0
"2022-01-14",0
"2022-01-15",0
"2022-01-16",0
"2022-01-17",0
"2022-01-18",0
"2022-01-19",0
"2022-01-20",0
"2022-01-21",0
"2022-01-22",0
"2022-01-23",0
"2022-01-24",0
"2022-01-25",0
"2022-01-26",0
"2022-01-27",0
"2022-01-28",0
"2022-01-29",0
"2022-01-30",0
"2022-01-31",0
"2022-02-01",0
"2022-02-02",0
"2022-02-03",0
"2022-02-04",0
"2022-02-05",0
"2022-02-06",0
"2022-02-07",0
"2022-02-08",0
"2022-02-09",0
"2022-02-10",0
"2022-02-11",0
"2022-02-12",0
"2022-02-13",0
"2022-02-14",0
"2022-02-15",0
"2022-02-16",0
"2022-02-17",0
"2022-02-18",0
"2022-02-19",0
"2022-02-20",0
"2022-02-21",0
"2022-02-22",1.39529991149902
"2022-02-23",1.15520000457764
"2022-02-24",0
"2022-02-25",0
"2022-02-26",0
"2022-02-27",0
"2022-02-28",0
"2022-03-01",0
"2022-03-02",0
"2022-03-03",0
"2022-03-04",2.00859999656677
"2022-03-05",2.25919985771179
"2022-03-06",1.1603000164032
"2022-03-07",0
"2022-03-08",0
"2022-03-09",0
"2022-03-10",0
"2022-03-11",0
"2022-03-12",0
"2022-03-13",0.50299996137619
"2022-03-14",0
"2022-03-15",0.0027999999001622
"2022-03-16",0.423699975013733
"2022-03-17",0
"2022-03-18",0
"2022-03-19",0
"2022-03-20",4
"2022-03-21",0
"2022-03-22",0
"2022-03-23",0
"2022-03-24",0
"2022-03-25",0
"2022-03-26",0
"2022-03-27",0
"2022-03-28",38.1884994506836
"2022-03-29",2.8899998664856
"2022-03-30",0
"2022-03-31",0
"2022-04-01",0
"2022-04-02",0
"2022-04-03",0
"2022-04-04",0
"2022-04-05",0
"2022-04-06",0
"2022-04-07",0
"2022-04-08",0
"2022-04-09",0
"2022-04-10",0
"2022-04-11",0
"2022-04-12",10.1356992721558
"2022-04-13",0
"2022-04-14",0.699199974536896
"2022-04-15",4.44980001449585
"2022-04-16",20.2003993988037
"2022-04-17",12.6855993270874
"2022-04-18",0
"2022-04-19",3.73799991607666
"2022-04-20",1.67899990081787
"2022-04-21",23.8536987304688
"2022-04-22",3.82879996299744
"2022-04-23",0.782099962234497
"2022-04-24",0
"2022-04-25",0
"2022-04-26",0
"2022-04-27",0
"2022-04-28",0
"2022-04-29",0
"2022-04-30",0
"2022-05-01",0
"2022-05-02",0
"2022-05-03",0
"2022-05-04",0
"2022-05-05",0
"2022-05-06",0
"2022-05-07",0
"2022-05-08",0
"2022-05-09",0
"2022-05-10",0
"2022-05-11",0
"2022-05-12",0
"2022-05-13",0
"2022-05-14",0
"2022-05-15",0
"2022-05-16",0
"2022-05-17",0
"2022-05-18",0
"2022-05-19",0
"2022-05-20",0
"2022-05-21",0
"2022-05-22",0
"2022-05-23",0
"2022-05-24",0
"2022-05-25",0
"2022-05-26",0
"2022-05-27",0
"2022-05-28",0
"2022-05-29",0
"2022-05-30",0
"2022-05-31",0
"2022-06-01",0
"2022-06-02",0
"2022-06-03",0
"2022-06-04",0
"2022-06-05",0.501699984073639
"2022-06-06",1.53779995441437
"2022-06-07",0
"2022-06-08",0
"2022-06-09",0
"2022-06-10",0
"2022-06-11",0
"2022-06-12",0
"2022-06-13",0
"2022-06-14",0
"2022-06-15",0
"2022-06-16",0
"2022-06-17",0
"2022-06-18",0
"2022-06-19",0
"2022-06-20",0
"2022-06-21",0
"2022-06-22",0
"2022-06-23",0
"2022-06-24",0
"2022-06-25",0
"2022-06-26",0
"2022-06-27",0
"2022-06-28",0
"2022-06-29",0
"2022-06-30",0
"2022-07-01",0
"2022-07-02",0
"2022-07-03",0
"2022-07-04",0
"2022-07-05",0
"2022-07-06",0
"2022-07-07",0
"2022-07-08",0
"2022-07-09",0
"2022-07-10",0
"2022-07-11",0
"2022-07-12",0
"2022-07-13",0.413299977779388
"2022-07-14",0
"2022-07-15",0
"2022-07-16",0
"2022-07-17",0
"2022-07-18",0
"2022-07-19",0
"2022-07-20",0
"2022-07-21",0
"2022-07-22",0
"2022-07-23",0
"2022-07-24",0
"2022-07-25",0
"2022-07-26",0
"2022-07-27",0
"2022-07-28",0
"2022-07-29",0
"2022-07-30",0
"2022-07-31",0
"2022-08-01",0
"2022-08-02",0
"2022-08-03",0
"2022-08-04",0
"2022-08-05",0
"2022-08-06",0
"2022-08-07",0
"2022-08-08",0
"2022-08-09",0
"2022-08-10",0
"2022-08-11",0
"2022-08-12",0
"2022-08-13",0
"2022-08-14",0
"2022-08-15",0
"2022-08-16",0
"2022-08-17",0
"2022-08-18",0.0186000000685453
"2022-08-19",0
"2022-08-20",0
"2022-08-21",0
"2022-08-22",0
"2022-08-23",0
"2022-08-24",0
"2022-08-25",0
"2022-08-26",0
"2022-08-27",0
"2022-08-28",0.0184000004082918
"2022-08-29",0
"2022-08-30",0
"2022-08-31",0
"2022-09-01",0
"2022-09-02",0
"2022-09-03",0
"2022-09-04",0
"2022-09-05",0
"2022-09-06",0
"2022-09-07",0
"2022-09-08",0
"2022-09-09",0
"2022-09-10",0
"2022-09-11",0
"2022-09-12",0
"2022-09-13",0
"2022-09-14",0
"2022-09-15",0
"2022-09-16",0
"2022-09-17",0
"2022-09-18",1.99979996681213
"2022-09-19",40.0968971252441
"2022-09-20",0.393899977207184
"2022-09-21",0
"2022-09-22",0
"2022-09-23",0
"2022-09-24",0
"2022-09-25",0
"2022-09-26",0
"2022-09-27",0
"2022-09-28",0
"2022-09-29",0
"2022-09-30",0
"2022-10-01",0
"2022-10-02",0
"2022-10-03",0
"2022-10-04",0
"2022-10-05",0
"2022-10-06",0
"2022-10-07",0
"2022-10-08",0
"2022-10-09",0
"2022-10-10",0
"2022-10-11",0
"2022-10-12",0
"2022-10-13",0
"2022-10-14",0
"2022-10-15",0.0038999998942017
"2022-10-16",0
"2022-10-17",0
"2022-10-18",0
"2022-10-19",0
"2022-10-20",0
"2022-10-21",0
"2022-10-22",0
"2022-10-23",0
"2022-10-24",0
"2022-10-25",0
"2022-10-26",0
"2022-10-27",0
"2022-10-28",0
"2022-10-29",0
"2022-10-30",0
"2022-10-31",0
"2022-11-01",0
"2022-11-02",11.7413997650146
"2022-11-03",1.02929997444153
"2022-11-04",0.153099998831749
"2022-11-05",0
"2022-11-06",1.30239999294281
"2022-11-07",6.60839986801147
"2022-11-08",51.4741973876953
"2022-11-09",24.8290996551514
"2022-11-10",0.3716000020504
"2022-11-11",0
"2022-11-12",0
"2022-11-13",0
"2022-11-14",0
"2022-11-15",0
"2022-11-16",0
"2022-11-17",0
"2022-11-18",0
"2022-11-19",0
"2022-11-20",0
"2022-11-21",0
"2022-11-22",0
"2022-11-23",0
"2022-11-24",0
"2022-11-25",0
"2022-11-26",0
"2022-11-27",0
"2022-11-28",0
"2022-11-29",0
"2022-11-30",0
"2022-12-01",2.72019982337952
"2022-12-02",51.877197265625
"2022-12-03",3.32969999313354
"2022-12-04",47.9631996154785
"2022-12-05",10.8016996383667
"2022-12-06",19.3703002929688
"2022-12-07",2.75279998779297
"2022-12-08",0
"2022-12-09",11.0123996734619
"2022-12-10",15.753399848938
"2022-12-11",104.266296386719
"2022-12-12",33.3191986083984
"2022-12-13",0
"2022-12-14",0
"2022-12-15",0
"2022-12-16",0
"2022-12-17",0
"2022-12-18",0
"2022-12-19",0
"2022-12-20",0
"2022-12-21",0
"2022-12-22",0
"2022-12-23",0
"2022-12-24",0
"2022-12-25",0
"2022-12-26",0
"2022-12-27",46.6110000610352
"2022-12-28",44.2753982543945
"2022-12-29",2.91899991035461
"2022-12-30",27.4105987548828
"2022-12-31",70.8097991943359
"2023-01-01",111.565093994141
"2023-01-02",0
"2023-01-03",22.1079998016357
"2023-01-04",4.29689979553223
"2023-01-05",63.762996673584
"2023-01-06",23.9067993164062
"2023-01-07",0
"2023-01-08",55.219596862793
"2023-01-09",80.6706008911133
"2023-01-10",41.6779975891113
"2023-01-11",18.8241996765137
"2023-01-12",39.347900390625
"2023-01-13",0.0865999981760979
"2023-01-14",62.8097991943359
"2023-01-15",54.4545974731445
"2023-01-16",53.760498046875
"2023-01-17",8.12650012969971
"2023-01-18",0
"2023-01-19",5.31679964065552
"2023-01-20",0
"2023-01-21",0
"2023-01-22",0
"2023-01-23",0
"2023-01-24",0
"2023-01-25",0
"2023-01-26",0
"2023-01-27",0
"2023-01-28",0
"2023-01-29",0.263899981975555
"2023-01-30",0.691399991512299
"2023-01-31",0
"2023-02-01",0
"2023-02-02",0
"2023-02-03",3.70359992980957
"2023-02-04",17.0592002868652
"2023-02-05",42.2589988708496
"2023-02-06",5.23699998855591
"2023-02-07",0
"2023-02-08",0
"2023-02-09",0
"2023-02-10",0
"2023-02-11",2.28629994392395
"2023-02-12",2.20659995079041
"2023-02-13",0
"2023-02-14",0
"2023-02-15",0
"2023-02-16",0
"2023-02-17",0
"2023-02-18",0
"2023-02-19",0
"2023-02-20",0
"2023-02-21",0
"2023-02-22",0
"2023-02-23",0.846099972724915
"2023-02-24",46.0448989868164
"2023-02-25",19.1907997131348
"2023-02-26",2.88699984550476
"2023-02-27",29.4997997283936
"2023-02-28",27.6225986480713
"2023-03-01",33.7595977783203
"2023-03-02",0
"2023-03-03",0
"2023-03-04",0
"2023-03-05",18.9286994934082
"2023-03-06",2.5534999370575
"2023-03-07",3.48580002784729
"2023-03-08",2.68449997901917
"2023-03-09",6.19359970092773
"2023-03-10",137.79460144043
"2023-03-11",16.4049987792969
"2023-03-12",13.9755001068115
"2023-03-13",26.7003002166748
"2023-03-14",21.1145000457764
"2023-03-15",64.7812957763672
"2023-03-16",0
"2023-03-17",0
"2023-03-18",0
"2023-03-19",10.3670997619629
"2023-03-20",9.69659996032715
"2023-03-21",6.61709976196289
"2023-03-22",82.1058959960938
"2023-03-23",10.8000993728638
"2023-03-24",0.502799987792969
"2023-03-25",0
"2023-03-26",0
"2023-03-27",0
"2023-03-28",0
"2023-03-29",32.1258010864258
"2023-03-30",22.8823986053467
"2023-03-31",0
"2023-04-01",0
"2023-04-02",0.263999998569489
"2023-04-03",0.182399988174438
"2023-04-04",0
"2023-04-05",0
"2023-04-06",0
"2023-04-07",1.2791999578476
"2023-04-08",9.48549938201904
"2023-04-09",0
"2023-04-10",0
"2023-04-11",0
"2023-04-12",0
"2023-04-13",0
"2023-04-14",0
"2023-04-15",0
"2023-04-16",0
"2023-04-17",0
"2023-04-18",0.912899971008301
"2023-04-19",0.117199994623661
"2023-04-20",0
"2023-04-21",0
"2023-04-22",0
"2023-04-23",0
"2023-04-24",0
"2023-04-25",0
"2023-04-26",0
"2023-04-27",0
"2023-04-28",0
"2023-04-29",0
"2023-04-30",0
"2023-05-01",0.0089999996125698
"2023-05-02",11.1943998336792
"2023-05-03",21.8228988647461
"2023-05-04",5.83699989318848
"2023-05-05",0.992399990558624
"2023-05-06",1.70770001411438
"2023-05-07",4.41969966888428
"2023-05-08",0.0084999995306134
"2023-05-09",1.01029992103577
"2023-05-10",0
"2023-05-11",0
"2023-05-12",0
"2023-05-13",0
"2023-05-14",0
"2023-05-15",0
"2023-05-16",0
"2023-05-17",0
"2023-05-18",0
"2023-05-19",0
"2023-05-20",0
"2023-05-21",0
"2023-05-22",0
"2023-05-23",0.0255999993532896
"2023-05-24",0
"2023-05-25",0.465299993753433
"2023-05-26",0
"2023-05-27",0
"2023-05-28",0
"2023-05-29",0
"2023-05-30",0
"2023-05-31",0
"2023-06-01",0
"2023-06-02",0
"2023-06-03",0
"2023-06-04",0
"2023-06-05",0.150700002908707
"2023-06-06",0
"2023-06-07",1.81610000133514
"2023-06-08",0
"2023-06-09",0
"2023-06-10",0
"2023-06-11",0
"2023-06-12",1.01969993114471
"2023-06-13",0
"2023-06-14",0
"2023-06-15",0.0087999999523162
"2023-06-16",0.0944999977946281
"2023-06-17",0
"2023-06-18",0
"2023-06-19",0
"2023-06-20",0
"2023-06-21",0
"2023-06-22",0
"2023-06-23",0.596300005912781
"2023-06-24",0
"2023-06-25",0
"2023-06-26",0
"2023-06-27",0
"2023-06-28",0
"2023-06-29",0
"2023-06-30",0
"2023-07-01",0
"2023-07-02",0
"2023-07-03",0
"2023-07-04",0
"2023-07-05",0
"2023-07-06",0
"2023-07-07",0
"2023-07-08",0
"2023-07-09",0
"2023-07-10",0
"2023-07-11",0
"2023-07-12",0
"2023-07-13",0
"2023-07-14",0
"2023-07-15",0
"2023-07-16",0
"2023-07-17",0
"2023-07-18",0
"2023-07-19",0
"2023-07-20",0
"2023-07-21",0
"2023-07-22",0
"2023-07-23",0
"2023-07-24",0
"2023-07-25",0
"2023-07-26",0
"2023-07-27",0
"2023-07-28",0
"2023-07-29",0
"2023-07-30",0
"2023-07-31",0
"2023-08-01",0
"2023-08-02",0
"2023-08-03",0
"2023-08-04",0
"2023-08-05",0
"2023-08-06",0
"2023-08-07",0
"2023-08-08",0.0331999994814396
"2023-08-09",0.0331999994814396
"2023-08-10",0
"2023-08-11",0
"2023-08-12",0
"2023-08-13",0
"2023-08-14",0
"2023-08-15",0
"2023-08-16",0
"2023-08-17",0
"2023-08-18",0
"2023-08-19",0
"2023-08-20",0
"2023-08-21",0
"2023-08-22",0
"2023-08-23",0
"2023-08-24",0
"2023-08-25",0.0331999994814396
"2023-08-26",0
"2023-08-27",0
"2023-08-28",0
"2023-08-29",0
"2023-08-30",0
"2023-08-31",0
"2023-09-01",0
"2023-09-02",0
"2023-09-03",0
"2023-09-04",0
"2023-09-05",0
"2023-09-06",0
"2023-09-07",0
"2023-09-08",0
"2023-09-09",0
"2023-09-10",0
"2023-09-11",0
"2023-09-12",0
"2023-09-13",0
"2023-09-14",0.003000000026077
"2023-09-15",0
"2023-09-16",0
"2023-09-17",0
"2023-09-18",0
"2023-09-19",0
"2023-09-20",0
"2023-09-21",0
"2023-09-22",0
"2023-09-23",0
"2023-09-24",0
"2023-09-25",0
"2023-09-26",0.0072999997064471
"2023-09-27",0.238600000739098
"2023-09-28",0
"2023-09-29",0
"2023-09-30",2.66039991378784
"2023-10-01",0.297800004482269
"2023-10-02",0
"2023-10-03",0
"2023-10-04",0
"2023-10-05",0
"2023-10-06",0
"2023-10-07",0
"2023-10-08",0
"2023-10-09",0
"2023-10-10",0.822499990463257
"2023-10-11",0.0838999971747398
"2023-10-12",0
"2023-10-13",0
"2023-10-14",0
"2023-10-15",0
"2023-10-16",0
"2023-10-17",0
"2023-10-18",0
"2023-10-19",0
"2023-10-20",0
"2023-10-21",0
"2023-10-22",0.85369998216629
"2023-10-23",9.89900016784668
"2023-10-24",0
"2023-10-25",0
"2023-10-26",0
"2023-10-27",0
"2023-10-28",0
"2023-10-29",0
"2023-10-30",0
"2023-10-31",0
"2023-11-01",0
"2023-11-02",0
"2023-11-03",0
"2023-11-04",0
"2023-11-05",0
"2023-11-06",6.64109992980957
"2023-11-07",2.3617000579834
"2023-11-08",0
"2023-11-09",0
"2023-11-10",0
"2023-11-11",0
"2023-11-12",0
"2023-11-13",0
"2023-11-14",0
"2023-11-15",0
"2023-11-16",7.47179985046387
"2023-11-17",0.812699973583221
"2023-11-18",28.132999420166
"2023-11-19",14.4121999740601
"2023-11-20",0
"2023-11-21",0
"2023-11-22",0
"2023-11-23",0
"2023-11-24",0
"2023-11-25",0
"2023-11-26",0
"2023-11-27",0
"2023-11-28",0
"2023-11-29",1.5048999786377
"2023-11-30",0
"2023-12-01",0
"2023-12-02",0.153499990701675
"2023-12-03",1.20659995079041
"2023-12-04",0
"2023-12-05",0
"2023-12-06",0
"2023-12-07",6.44549989700317
"2023-12-08",1.29809999465942
"2023-12-09",0
"2023-12-10",0
"2023-12-11",0
"2023-12-12",0
"2023-12-13",0
"2023-12-14",0
"2023-12-15",0
"2023-12-16",0
"2023-12-17",0
"2023-12-18",14.5866994857788
"2023-12-19",54.3139991760254
"2023-12-20",36.8092994689941
"2023-12-21",25.3696002960205
"2023-12-22",0
"2023-12-23",0
"2023-12-24",0
"2023-12-25",0
"2023-12-26",0
"2023-12-27",0
"2023-12-28",34.3488998413086
"2023-12-29",9.78879928588867
"2023-12-30",60.3560981750488
"2023-12-31",8.74109935760498
"2024-01-01",0
"2024-01-02",0
"2024-01-03",25.0109996795654
"2024-01-04",1.24800002574921
"2024-01-05",0
"2024-01-06",0
"2024-01-07",5.88700008392334
"2024-01-08",0
"2024-01-09",0
"2024-01-10",2.04099988937378
"2024-01-11",8.42899990081787
"2024-01-12",0
"2024-01-13",0
"2024-01-14",21.5459995269775
"2024-01-15",1.14699995517731
"2024-01-16",0
"2024-01-17",15.3170003890991
"2024-01-18",0.488999992609024
"2024-01-19",0
"2024-01-20",23.6949996948242
"2024-01-21",33.0169982910156
"2024-01-22",77.5650024414062
"2024-01-23",11.6599998474121
"2024-01-24",3.21900010108948
"2024-01-25",8.84099960327148
"2024-01-26",0
"2024-01-27",0
"2024-01-28",0
"2024-01-29",0
"2024-01-30",0
"2024-01-31",0
"2024-02-01",72.443000793457
"2024-02-02",23.5600986480713
"2024-02-03",7.04509973526001
"2024-02-04",47.1759986877441
"2024-02-05",45.6307983398438
"2024-02-06",10.6073999404907
"2024-02-07",1.38629996776581
"2024-02-08",26.1124000549316
"2024-02-09",0.406299978494644
"2024-02-10",0
"2024-02-11",0
"2024-02-12",0
"2024-02-13",0
"2024-02-14",0
"2024-02-15",25.6774997711182
"2024-02-16",0
"2024-02-17",0
"2024-02-18",49.6971969604492
"2024-02-19",46.7501983642578
"2024-02-20",5.7056999206543
"2024-02-21",15.165599822998
"2024-02-22",0.628600001335144
"2024-02-23",0
"2024-02-24",0
"2024-02-25",0
"2024-02-26",0
"2024-02-27",0.513199985027313
"2024-02-28",0
"2024-02-29",0.583799958229065
"2024-03-01",29.4559993743896
"2024-03-02",36.2006988525391
"2024-03-03",14.6113996505737
"2024-03-04",6.07179975509644
"2024-03-05",0.55979996919632
"2024-03-06",9.70149993896484
"2024-03-07",9.94649982452393
"2024-03-08",0
"2024-03-09",0
"2024-03-10",0
"2024-03-11",7.06749963760376
"2024-03-12",4.25139999389648
"2024-03-13",2.92159986495972
"2024-03-14",0
"2024-03-15",0
"2024-03-16",0
"2024-03-17",0
"2024-03-18",0
"2024-03-19",0
"2024-03-20",0
"2024-03-21",0
"2024-03-22",0
"2024-03-23",23.2805995941162
"2024-03-24",11.9117994308472
"2024-03-25",3.98659992218018
"2024-03-26",0.600399971008301
"2024-03-27",0
"2024-03-28",18.9639987945557
"2024-03-29",1.79139995574951
"2024-03-30",41.9391975402832
"2024-03-31",8.54829978942871
"2024-04-01",0
"2024-04-02",0
"2024-04-03",0
"2024-04-04",0.4617999792099
"2024-04-05",14.3544998168945
"2024-04-06",1.64259994029999
"2024-04-07",0
"2024-04-08",0
"2024-04-09",0
"2024-04-10",0
"2024-04-11",0
"2024-04-12",0
"2024-04-13",7.77320003509521
"2024-04-14",24.5053997039795
"2024-04-15",0.682799994945526
"2024-04-16",0
"2024-04-17",0
"2024-04-18",0
"2024-04-19",0
"2024-04-20",0
"2024-04-21",0
"2024-04-22",0
"2024-04-23",0
"2024-04-24",0
"2024-04-25",0
"2024-04-26",0.0071999998763203
"2024-04-27",0.0049999998882412
"2024-04-28",0
"2024-04-29",0
"2024-04-30",0
"2024-05-01",0
"2024-05-02",0
"2024-05-03",0
"2024-05-04",0.138300001621246
"2024-05-05",29.999698638916
"2024-05-06",0
"2024-05-07",0
"2024-05-08",0
"2024-05-09",0
"2024-05-10",0
"2024-05-11",0
"2024-05-12",0
"2024-05-13",0
"2024-05-14",0
"2024-05-15",0
"2024-05-16",0
"2024-05-17",0
"2024-05-18",0
"2024-05-19",0
"2024-05-20",0
"2024-05-21",0
"2024-05-22",0
"2024-05-23",0
"2024-05-24",0
"2024-05-25",0
"2024-05-26",0
"2024-05-27",0
"2024-05-28",0
"2024-05-29",0
"2024-05-30",0
"2024-05-31",0
"2024-06-01",0
"2024-06-02",0
"2024-06-03",0
"2024-06-04",0
"2024-06-05",0
"2024-06-06",0
"2024-06-07",0
"2024-06-08",0
"2024-06-09",0
"2024-06-10",0
"2024-06-11",0
"2024-06-12",0
"2024-06-13",0
"2024-06-14",0
"2024-06-15",0
"2024-06-16",0
"2024-06-17",0
"2024-06-18",0
"2024-06-19",0
"2024-06-20",0
"2024-06-21",0
"2024-06-22",0
"2024-06-23",0
"2024-06-24",0
"2024-06-25",0
"2024-06-26",0
"2024-06-27",0
"2024-06-28",0
"2024-06-29",0
"2024-06-30",0
"2024-07-01",0
"2024-07-02",0
"2024-07-03",0
"2024-07-04",0
"2024-07-05",0
"2024-07-06",0
"2024-07-07",0
"2024-07-08",0
"2024-07-09",0
"2024-07-10",0
"2024-07-11",0
"2024-07-12",0
"2024-07-13",0
"2024-07-14",0
"2024-07-15",0
"2024-07-16",0
"2024-07-17",0
"2024-07-18",0
"2024-07-19",0
"2024-07-20",0
"2024-07-21",0
"2024-07-22",0
"2024-07-23",0
"2024-07-24",0
"2024-07-25",0
"2024-07-26",0
"2024-07-27",0
"2024-07-28",0
"2024-07-29",0
"2024-07-30",0
"2024-07-31",0
"2024-08-01",0
"2024-08-02",0
"2024-08-03",0
"2024-08-04",0
"2024-08-05",0
"2024-08-06",0
"2024-08-07",0
"2024-08-08",0
"2024-08-09",0
"2024-08-10",0
"2024-08-11",0
"2024-08-12",0
"2024-08-13",0
"2024-08-14",0
"2024-08-15",0
"2024-08-16",0
"2024-08-17",0
"2024-08-18",0
"2024-08-19",0
"2024-08-20",0
"2024-08-21",0
"2024-08-22",0
"2024-08-23",0
"2024-08-24",0
"2024-08-25",0
"2024-08-26",0
"2024-08-27",0
"2024-08-28",0
"2024-08-29",0
"2024-08-30",0
"2024-08-31",0
"2024-09-01",0
"2024-09-02",0
"2024-09-03",0
"2024-09-04",0
"2024-09-05",0
"2024-09-06",0
"2024-09-07",0
"2024-09-08",0
"2024-09-09",0
"2024-09-10",0
"2024-09-11",0
"2024-09-12",0
"2024-09-13",0
"2024-09-14",0
"2024-09-15",0
"2024-09-16",0.0407999977469444
"2024-09-17",0.188299998641014
"2024-09-18",0
"2024-09-19",0
"2024-09-20",0
"2024-09-21",0
"2024-09-22",0
"2024-09-23",0
"2024-09-24",0
"2024-09-25",0
"2024-09-26",0
"2024-09-27",0
"2024-09-28",0
"2024-09-29",0
"2024-09-30",0
"2024-10-01",0
"2024-10-02",0
"2024-10-03",0
"2024-10-04",0
"2024-10-05",0
"2024-10-06",0
"2024-10-07",0
"2024-10-08",0
"2024-10-09",0
"2024-10-10",0
"2024-10-11",0
"2024-10-12",0
"2024-10-13",0
"2024-10-14",0
"2024-10-15",0
"2024-10-16",0
"2024-10-17",0
"2024-10-18",0
"2024-10-19",0
"2024-10-20",0
"2024-10-21",0
"2024-10-22",0
"2024-10-23",0
"2024-10-24",0
"2024-10-25",0
"2024-10-26",0
"2024-10-27",0
"2024-10-28",0
"2024-10-29",0
"2024-10-30",0
"2024-10-31",4.92910003662109
"2024-11-01",0.361200004816055
"2024-11-02",7.77409982681274
"2024-11-03",0
"2024-11-04",0
"2024-11-05",0
"2024-11-06",0
"2024-11-07",0
"2024-11-08",0
"2024-11-09",0
"2024-11-10",0
"2024-11-11",2.36010003089905
"2024-11-12",15.6821994781494
"2024-11-13",0
"2024-11-14",0.609099984169006
"2024-11-15",0.371899992227554
"2024-11-16",0
"2024-11-17",0
"2024-11-18",0.499699980020523
"2024-11-19",0
"2024-11-20",0
"2024-11-21",0.406699985265732
"2024-11-22",12.5127000808716
"2024-11-23",97.6912002563477
"2024-11-24",0.56139999628067
"2024-11-25",8.4955997467041
"2024-11-26",13.3696994781494
"2024-11-27",0
"2024-11-28",0
"2024-11-29",0
"2024-11-30",0
"2024-12-01",0
"2024-12-02",0
"2024-12-03",0
"2024-12-04",0
"2024-12-05",0
"2024-12-06",0
"2024-12-07",0
"2024-12-08",0
"2024-12-09",0
"2024-12-10",0
"2024-12-11",0
"2024-12-12",19.6940002441406
"2024-12-13",4.96600008010864
"2024-12-14",50.8139991760254
"2024-12-15",27.8770008087158
"2024-12-16",0
"2024-12-17",20.2369995117188
"2024-12-18",0
"2024-12-19",0
"2024-12-20",0
"2024-12-21",0
"2024-12-22",9.22599983215332
"2024-12-23",2.09500002861023
"2024-12-24",13.25
"2024-12-25",4.83099985122681
"2024-12-26",1.60099995136261
"2024-12-27",29.3570003509521
"2024-12-28",2.4449999332428
"2024-12-29",5.8769998550415
"2024-12-30",17.9449996948242
"2024-12-31",0
"2025-01-01",0
"2025-01-02",0
"2025-01-03",0
"2025-01-04",8.105299949646
"2025-01-05",0
"2025-01-06",0
"2025-01-07",0
"2025-01-08",0
"2025-01-09",0
"2025-01-10",0
"2025-01-11",0
"2025-01-12",0
"2025-01-13",0
"2025-01-14",0
"2025-01-15",0
"2025-01-16",0
"2025-01-17",0
"2025-01-18",0
"2025-01-19",0
"2025-01-20",0
"2025-01-21",0
"2025-01-22",0
"2025-01-23",0
"2025-01-24",0
"2025-01-25",0
"2025-01-26",1.18949997425079
"2025-01-27",0
"2025-01-28",0
"2025-01-29",0
"2025-01-30",0
"2025-01-31",0
"2025-02-01",9.37619972229004
"2025-02-02",21.5637989044189
"2025-02-03",14.194299697876
"2025-02-04",18.392599105835
"2025-02-05",90.3341979980469
"2025-02-06",0
"2025-02-07",55.5696983337402
"2025-02-08",3.91699981689453
"2025-02-09",0
"2025-02-10",0
"2025-02-11",0
"2025-02-12",2.48359990119934
"2025-02-13",81.3801956176758
"2025-02-14",75.3583984375
"2025-02-15",1.19139993190765
"2025-02-16",0
"2025-02-17",0
"2025-02-18",0
"2025-02-19",0
"2025-02-20",0.521099984645844
"2025-02-21",0
"2025-02-22",0
"2025-02-23",0
"2025-02-24",0
"2025-02-25",0
"2025-02-26",0
"2025-02-27",0
"2025-02-28",0
"2025-03-01",0
"2025-03-02",1.4070999622345
"2025-03-03",7.49969959259033
"2025-03-04",0
"2025-03-05",3.48079991340637
"2025-03-06",8.89909934997559
"2025-03-07",2.34469985961914
"2025-03-08",0
"2025-03-09",0
"2025-03-10",0
"2025-03-11",0
"2025-03-12",0.666399955749512
"2025-03-13",35.6777992248535
"2025-03-14",15.0949993133545
"2025-03-15",14.167200088501
"2025-03-16",0
"2025-03-17",29.2031002044678
"2025-03-18",9.54629993438721
"2025-03-19",0
"2025-03-20",0
"2025-03-21",0
"2025-03-22",0
"2025-03-23",0
"2025-03-24",0
"2025-03-25",0
"2025-03-26",0
"2025-03-27",4.81689977645874
"2025-03-28",8.13840007781982
"2025-03-29",0
"2025-03-30",1.6897999048233
"2025-03-31",14.0528993606567
"2025-04-01",6.84969997406006
"2025-04-02",13.175199508667
"2025-04-03",0
"2025-04-04",0.87229996919632
"2025-04-05",0
"2025-04-06",0
"2025-04-07",0
"2025-04-08",0
"2025-04-09",0
"2025-04-10",0
"2025-04-11",0
"2025-04-12",0
"2025-04-13",0
"2025-04-14",0
"2025-04-15",0.00429999968037
"2025-04-16",0
"2025-04-17",0.0023000000510364
"2025-04-18",0.442799985408783
"2025-04-19",0
"2025-04-20",0
"2025-04-21",0
"2025-04-22",0.0023000000510364
"2025-04-23",0
"2025-04-24",0
"2025-04-25",0
"2025-04-26",1.43159997463226
"2025-04-27",7.50479984283447
"2025-04-28",0.787299990653992
"2025-04-29",0
"2025-04-30",0
"2025-05-01",0
"2025-05-02",0
"2025-05-03",0
"2025-05-04",0
"2025-05-05",0
"2025-05-06",0
"2025-05-07",0
"2025-05-08",0
"2025-05-09",0
"2025-05-10",0
"2025-05-11",0
"2025-05-12",0
"2025-05-13",6.14549970626831
"2025-05-14",0
"2025-05-15",0
"2025-05-16",0
"2025-05-17",0
"2025-05-18",0
"2025-05-19",0
"2025-05-20",0
"2025-05-21",0
"2025-05-22",0
"2025-05-23",0
"2025-05-24",0
"2025-05-25",0
"2025-05-26",0
"2025-05-27",0
"2025-05-28",0
"2025-05-29",0
"2025-05-30",0
"2025-05-31",0
"2025-06-01",0
"2025-06-02",0
"2025-06-03",0
"2025-06-04",0
"2025-06-05",0
"2025-06-06",0
"2025-06-07",0
"2025-06-08",0
"2025-06-09",0
"2025-06-10",0
"2025-06-11",0
"2025-06-12",0
"2025-06-13",0
"2025-06-14",0
"2025-06-15",0
"2025-06-16",0
"2025-06-17",0
"2025-06-18",0
"2025-06-19",0
"2025-06-20",0
"2025-06-21",0
"2025-06-22",0
"2025-06-23",0
"2025-06-24",0
"2025-06-25",0
"2025-06-26",0
"2025-06-27",0
"2025-06-28",0
"2025-06-29",0
"2025-06-30",0
"2025-07-01",0
"2025-07-02",0
"2025-07-03",0
"2025-07-04",0
"2025-07-05",0
"2025-07-06",0
"2025-07-07",0
"2025-07-08",0
"2025-07-09",0
"2025-07-10",0
"2025-07-11",0
"2025-07-12",0
"2025-07-13",0
"2025-07-14",0
"2025-07-15",0
"2025-07-16",0
"2025-07-17",0
"2025-07-18",0
"2025-07-19",0
"2025-07-20",0
"2025-07-21",0
"2025-07-22",0
"2025-07-23",0
"2025-07-24",0
"2025-07-25",0
"2025-07-26",0
"2025-07-27",0
"2025-07-28",0
"2025-07-29",0
"2025-07-30",0
"2025-07-31",0
"2025-08-01",0
"2025-08-02",0
"2025-08-03",0
"2025-08-04",0
"2025-08-05",0
"2025-08-06",0
"2025-08-07",0
"2025-08-08",0
"2025-08-09",0
"2025-08-10",0
"2025-08-11",0
"2025-08-12",0
"2025-08-13",0
"2025-08-14",0
"2025-08-15",0
"2025-08-16",0
"2025-08-17",0
"2025-08-18",0
"2025-08-19",0
"2025-08-20",0
"2025-08-21",0
"2025-08-22",0
"2025-08-23",0
"2025-08-24",0
"2025-08-25",0
"2025-08-26",0
"2025-08-27",0
"2025-08-28",0
"2025-08-29",0
"2025-08-30",0
"2025-08-31",0
"2025-09-01",0
"2025-09-02",0
"2025-09-03",0
"2025-09-04",0
"2025-09-05",0
"2025-09-06",0
"2025-09-07",0
"2025-09-08",0
"2025-09-09",1.16999995708466
"2025-09-10",1.27600002288818
"2025-09-11",2.39400005340576
"2025-09-12",0
"2025-09-13",0
"2025-09-14",0
"2025-09-15",0
"2025-09-16",0
"2025-09-17",0
"2025-09-18",0
"2025-09-19",0
"2025-09-20",0
"2025-09-21",0
"2025-09-22",0
"2025-09-23",0
"2025-09-24",0
"2025-09-25",2.82299995422363
"2025-09-26",0
"2025-09-27",0
"2025-09-28",0.753000020980835
"2025-09-29",0.331000000238419
"2025-09-30",2.55699992179871
"2025-10-01",0
"2025-10-02",5.25799989700317
"2025-10-03",8.38300037384033
"2025-10-04",0
"2025-10-05",0
"2025-10-06",0
"2025-10-07",0
"2025-10-08",0
"2025-10-09",0
"2025-10-10",0
"2025-10-11",0
"2025-10-12",0
"2025-10-13",0
"2025-10-14",42.8619995117188
"2025-10-15",0.995999991893768
"2025-10-16",0
"2025-10-17",0
"2025-10-18",0
"2025-10-19",0
"2025-10-20",0
"2025-10-21",0
"2025-10-22",0
"2025-10-23",0
"2025-10-24",0
"2025-10-25",0
"2025-10-26",1.00100004673004
"2025-10-27",9.44299983978271
"2025-10-28",0
"2025-10-29",0
"2025-10-30",0
"2025-10-31",0
"2025-11-01",0
"2025-11-02",0
"2025-11-03",0
"2025-11-04",0
"2025-11-05",0
"2025-11-06",51.4490013122559
"2025-11-07",0
"2025-11-08",0
"2025-11-09",0
"2025-11-10",0
"2025-11-11",0
"2025-11-12",0
"2025-11-13",6.23000001907349
"2025-11-14",114.476997375488
"2025-11-15",0
"2025-11-16",21.5890007019043
"2025-11-17",35.9850006103516
"2025-11-18",8.12100028991699
"2025-11-19",0
"2025-11-20",5.25799989700317
"2025-11-21",5.83599996566772
"2025-11-22",0
"2025-11-23",0
"2025-11-24",0
"2025-11-25",0
"2025-11-26",0
"2025-11-27",0
"2025-11-28",0
"2025-11-29",0
"2025-11-30",0
"2025-12-01",0
"2025-12-02",0
"2025-12-03",0
"2025-12-04",0
"2025-12-05",0
"2025-12-06",0
"2025-12-07",0
"2025-12-08",0
"2025-12-09",0
"2025-12-10",0
"2025-12-11",0
"2025-12-12",0
"2025-12-13",0
"2025-12-14",0
"2025-12-15",0
"2025-12-16",0
"2025-12-17",0
"2025-12-18",1.47000002861023
"2025-12-19",0
"2025-12-20",1.44799995422363
"2025-12-21",11.2220001220703
"2025-12-22",20.2770004272461
"2025-12-23",5.03900003433228
"2025-12-24",13.5139999389648
"2025-12-25",37.0629997253418
"2025-12-26",26.2450008392334
"2025-12-27",11.21399974823
"2025-12-28",0.446000009775162
"2025-12-29",0
"2025-12-30",0
"2025-12-31",0
"2026-01-01",28.8349990844727
"2026-01-02",37.5950012207031
"2026-01-03",29.6639995574951
"2026-01-04",44.2050018310547
"2026-01-05",29.7730007171631
"2026-01-06",46.7150001525879
"2026-01-07",0
"2026-01-08",0.875
"2026-01-09",0
"2026-01-10",0
"2026-01-11",0
"2026-01-12",0
"2026-01-13",0
"2026-01-14",0
"2026-01-15",0
"2026-01-16",0
"2026-01-17",0
"2026-01-18",0
"2026-01-19",0
"2026-01-20",0
"2026-01-21",0
"2026-01-22",0
"2026-01-23",0
"2026-01-24",0
"2026-01-25",0
"2026-01-26",0
"2026-01-27",0
"2026-01-28",0
"2026-01-29",0
"2026-01-30",0
"2026-01-31",0
"2026-02-01",0
"2026-02-02",0
"2026-02-03",0
"2026-02-04",0
"2026-02-05",0
"2026-02-06",0
"2026-02-07",0
"2026-02-08",0
"2026-02-09",0
"2026-02-10",0
"2026-02-11",33.1230010986328
"2026-02-12",30.7929992675781
"2026-02-13",0
"2026-02-14",0
"2026-02-15",8.16800022125244
"2026-02-16",65.8450012207031
"2026-02-17",31.5100002288818
"2026-02-18",34.1230010986328
"2026-02-19",31.4060001373291
"2026-02-20",10.4289999008179
"2026-02-21",0
"2026-02-22",0
"2026-02-23",0
"2026-02-24",0
