"model_id","draw_id","sample_index","date","segment","value"
"exdqlm_univar_synth","draw_001",1,"2022-12-07","history","0.644026273409108"
"exdqlm_univar_synth","draw_001",1,"2022-12-08","history","0.806279107685312"
"exdqlm_univar_synth","draw_001",1,"2022-12-09","history","1.11443941017888"
"exdqlm_univar_synth","draw_001",1,"2022-12-10","history","1.04356430032906"
"exdqlm_univar_synth","draw_001",1,"2022-12-11","history","3.55606487877318"
"exdqlm_univar_synth","draw_001",1,"2022-12-12","history","2.73611322098723"
"exdqlm_univar_synth","draw_001",1,"2022-12-13","history","2.29437992021690"
"exdqlm_univar_synth","draw_001",1,"2022-12-14","history","1.41198309925437"
"exdqlm_univar_synth","draw_001",1,"2022-12-15","history","1.47303167148755"
"exdqlm_univar_synth","draw_001",1,"2022-12-16","history","1.37508701593758"
"exdqlm_univar_synth","draw_001",1,"2022-12-17","history","1.00973313738573"
"exdqlm_univar_synth","draw_001",1,"2022-12-18","history","1.47817235267569"
"exdqlm_univar_synth","draw_001",1,"2022-12-19","history","1.12082271274536"
"exdqlm_univar_synth","draw_001",1,"2022-12-20","history","1.13108364660820"
"exdqlm_univar_synth","draw_001",1,"2022-12-21","history","1.05814557730247"
"exdqlm_univar_synth","draw_001",1,"2022-12-22","history","1.25594804181025"
"exdqlm_univar_synth","draw_001",1,"2022-12-23","history","0.932273249823601"
"exdqlm_univar_synth","draw_001",1,"2022-12-24","history","0.978334675526288"
"exdqlm_univar_synth","draw_001",1,"2022-12-25","history","1.11939447763424"
"exdqlm_univar_synth","draw_002",17,"2022-12-07","history","1.22019066546867"
"exdqlm_univar_synth","draw_002",17,"2022-12-08","history","0.987178856706130"
"exdqlm_univar_synth","draw_002",17,"2022-12-09","history","1.40041281051922"
"exdqlm_univar_synth","draw_002",17,"2022-12-10","history","0.865898992452341"
"exdqlm_univar_synth","draw_002",17,"2022-12-11","history","3.84716014339820"
"exdqlm_univar_synth","draw_002",17,"2022-12-12","history","2.37842007009726"
"exdqlm_univar_synth","draw_002",17,"2022-12-13","history","1.65311966455739"
"exdqlm_univar_synth","draw_002",17,"2022-12-14","history","1.66096571395840"
"exdqlm_univar_synth","draw_002",17,"2022-12-15","history","1.37961215689523"
"exdqlm_univar_synth","draw_002",17,"2022-12-16","history","1.53136762848169"
"exdqlm_univar_synth","draw_002",17,"2022-12-17","history","1.34165597749701"
"exdqlm_univar_synth","draw_002",17,"2022-12-18","history","1.54915256194390"
"exdqlm_univar_synth","draw_002",17,"2022-12-19","history","1.57346325186026"
"exdqlm_univar_synth","draw_002",17,"2022-12-20","history","1.25675624419138"
"exdqlm_univar_synth","draw_002",17,"2022-12-21","history","1.18242402995961"
"exdqlm_univar_synth","draw_002",17,"2022-12-22","history","0.913184332901696"
"exdqlm_univar_synth","draw_002",17,"2022-12-23","history","1.16086167625117"
"exdqlm_univar_synth","draw_002",17,"2022-12-24","history","1.09315013351897"
"exdqlm_univar_synth","draw_002",17,"2022-12-25","history","0.818788557777934"
"exdqlm_univar_synth","draw_003",32,"2022-12-07","history","0.880479121821722"
"exdqlm_univar_synth","draw_003",32,"2022-12-08","history","0.752669064188408"
"exdqlm_univar_synth","draw_003",32,"2022-12-09","history","1.24129113343037"
"exdqlm_univar_synth","draw_003",32,"2022-12-10","history","1.68644675966542"
"exdqlm_univar_synth","draw_003",32,"2022-12-11","history","2.75259768418993"
"exdqlm_univar_synth","draw_003",32,"2022-12-12","history","2.65827446046881"
"exdqlm_univar_synth","draw_003",32,"2022-12-13","history","2.16399298466149"
"exdqlm_univar_synth","draw_003",32,"2022-12-14","history","1.30079364789779"
"exdqlm_univar_synth","draw_003",32,"2022-12-15","history","1.60556250286914"
"exdqlm_univar_synth","draw_003",32,"2022-12-16","history","1.49965657510536"
"exdqlm_univar_synth","draw_003",32,"2022-12-17","history","1.53365850828434"
"exdqlm_univar_synth","draw_003",32,"2022-12-18","history","1.12454177533351"
"exdqlm_univar_synth","draw_003",32,"2022-12-19","history","1.09722859725044"
"exdqlm_univar_synth","draw_003",32,"2022-12-20","history","1.03963724960598"
"exdqlm_univar_synth","draw_003",32,"2022-12-21","history","0.841592503236114"
"exdqlm_univar_synth","draw_003",32,"2022-12-22","history","0.903986383354347"
"exdqlm_univar_synth","draw_003",32,"2022-12-23","history","1.18711243338275"
"exdqlm_univar_synth","draw_003",32,"2022-12-24","history","1.42427245522393"
"exdqlm_univar_synth","draw_003",32,"2022-12-25","history","1.01715030689694"
"exdqlm_univar_synth","draw_004",48,"2022-12-07","history","1.31248243877452"
"exdqlm_univar_synth","draw_004",48,"2022-12-08","history","0.541551794385422"
"exdqlm_univar_synth","draw_004",48,"2022-12-09","history","1.17057296799230"
"exdqlm_univar_synth","draw_004",48,"2022-12-10","history","0.915560564845179"
"exdqlm_univar_synth","draw_004",48,"2022-12-11","history","3.58557165525142"
"exdqlm_univar_synth","draw_004",48,"2022-12-12","history","2.47388057189516"
"exdqlm_univar_synth","draw_004",48,"2022-12-13","history","2.02871485667589"
"exdqlm_univar_synth","draw_004",48,"2022-12-14","history","1.60081467034084"
"exdqlm_univar_synth","draw_004",48,"2022-12-15","history","1.47641634464608"
"exdqlm_univar_synth","draw_004",48,"2022-12-16","history","1.23118286442707"
"exdqlm_univar_synth","draw_004",48,"2022-12-17","history","1.41897398468000"
"exdqlm_univar_synth","draw_004",48,"2022-12-18","history","1.15001686941455"
"exdqlm_univar_synth","draw_004",48,"2022-12-19","history","1.10320855431733"
"exdqlm_univar_synth","draw_004",48,"2022-12-20","history","1.32356719809542"
"exdqlm_univar_synth","draw_004",48,"2022-12-21","history","0.931417820427152"
"exdqlm_univar_synth","draw_004",48,"2022-12-22","history","1.06368476360138"
"exdqlm_univar_synth","draw_004",48,"2022-12-23","history","1.03258757750364"
"exdqlm_univar_synth","draw_004",48,"2022-12-24","history","1.05412692594492"
"exdqlm_univar_synth","draw_004",48,"2022-12-25","history","1.20116169451062"
"exdqlm_univar_synth","draw_005",64,"2022-12-07","history","0.825840383478102"
"exdqlm_univar_synth","draw_005",64,"2022-12-08","history","0.841519728890601"
"exdqlm_univar_synth","draw_005",64,"2022-12-09","history","1.00489382259217"
"exdqlm_univar_synth","draw_005",64,"2022-12-10","history","0.839388969103506"
"exdqlm_univar_synth","draw_005",64,"2022-12-11","history","2.94429428116875"
"exdqlm_univar_synth","draw_005",64,"2022-12-12","history","3.28506607491363"
"exdqlm_univar_synth","draw_005",64,"2022-12-13","history","1.88236007477178"
"exdqlm_univar_synth","draw_005",64,"2022-12-14","history","1.03181390683886"
"exdqlm_univar_synth","draw_005",64,"2022-12-15","history","1.02227590387466"
"exdqlm_univar_synth","draw_005",64,"2022-12-16","history","1.04741247299637"
"exdqlm_univar_synth","draw_005",64,"2022-12-17","history","1.21196255237433"
"exdqlm_univar_synth","draw_005",64,"2022-12-18","history","1.11519366993108"
"exdqlm_univar_synth","draw_005",64,"2022-12-19","history","0.851631117815986"
"exdqlm_univar_synth","draw_005",64,"2022-12-20","history","1.13129439203992"
"exdqlm_univar_synth","draw_005",64,"2022-12-21","history","0.933443778022328"
"exdqlm_univar_synth","draw_005",64,"2022-12-22","history","1.09498909259780"
"exdqlm_univar_synth","draw_005",64,"2022-12-23","history","0.732572928258070"
"exdqlm_univar_synth","draw_005",64,"2022-12-24","history","1.39420786125798"
"exdqlm_univar_synth","draw_005",64,"2022-12-25","history","0.872389328906075"
"exdqlm_univar_synth","draw_006",80,"2022-12-07","history","0.789266923632131"
"exdqlm_univar_synth","draw_006",80,"2022-12-08","history","0.809494534395623"
"exdqlm_univar_synth","draw_006",80,"2022-12-09","history","0.919945668152676"
"exdqlm_univar_synth","draw_006",80,"2022-12-10","history","1.45633125354626"
"exdqlm_univar_synth","draw_006",80,"2022-12-11","history","2.55526572985496"
"exdqlm_univar_synth","draw_006",80,"2022-12-12","history","3.08187316790407"
"exdqlm_univar_synth","draw_006",80,"2022-12-13","history","2.21732148423987"
"exdqlm_univar_synth","draw_006",80,"2022-12-14","history","1.45386545494548"
"exdqlm_univar_synth","draw_006",80,"2022-12-15","history","1.58047992317631"
"exdqlm_univar_synth","draw_006",80,"2022-12-16","history","1.33364720485439"
"exdqlm_univar_synth","draw_006",80,"2022-12-17","history","1.45436780515184"
"exdqlm_univar_synth","draw_006",80,"2022-12-18","history","0.967983617438842"
"exdqlm_univar_synth","draw_006",80,"2022-12-19","history","1.15417826445222"
"exdqlm_univar_synth","draw_006",80,"2022-12-20","history","1.15499734871117"
"exdqlm_univar_synth","draw_006",80,"2022-12-21","history","0.904507690694545"
"exdqlm_univar_synth","draw_006",80,"2022-12-22","history","0.782324395242572"
"exdqlm_univar_synth","draw_006",80,"2022-12-23","history","1.18687840131094"
"exdqlm_univar_synth","draw_006",80,"2022-12-24","history","0.978991872319982"
"exdqlm_univar_synth","draw_006",80,"2022-12-25","history","1.41208132393908"
"exdqlm_univar_synth","draw_007",95,"2022-12-07","history","0.735736389975104"
"exdqlm_univar_synth","draw_007",95,"2022-12-08","history","0.787171388722826"
"exdqlm_univar_synth","draw_007",95,"2022-12-09","history","0.716797017353925"
"exdqlm_univar_synth","draw_007",95,"2022-12-10","history","1.03412507970286"
"exdqlm_univar_synth","draw_007",95,"2022-12-11","history","2.59066127745903"
"exdqlm_univar_synth","draw_007",95,"2022-12-12","history","3.06469026595119"
"exdqlm_univar_synth","draw_007",95,"2022-12-13","history","2.14545153315881"
"exdqlm_univar_synth","draw_007",95,"2022-12-14","history","1.36828540761313"
"exdqlm_univar_synth","draw_007",95,"2022-12-15","history","0.960132498485036"
"exdqlm_univar_synth","draw_007",95,"2022-12-16","history","1.05767429784392"
"exdqlm_univar_synth","draw_007",95,"2022-12-17","history","1.17859743461119"
"exdqlm_univar_synth","draw_007",95,"2022-12-18","history","0.884611014687661"
"exdqlm_univar_synth","draw_007",95,"2022-12-19","history","1.16762998487981"
"exdqlm_univar_synth","draw_007",95,"2022-12-20","history","1.31747694985334"
"exdqlm_univar_synth","draw_007",95,"2022-12-21","history","1.10447937291701"
"exdqlm_univar_synth","draw_007",95,"2022-12-22","history","1.05644773371810"
"exdqlm_univar_synth","draw_007",95,"2022-12-23","history","0.932695503071153"
"exdqlm_univar_synth","draw_007",95,"2022-12-24","history","0.786577562408242"
"exdqlm_univar_synth","draw_007",95,"2022-12-25","history","1.17672260706857"
"exdqlm_univar_synth","draw_008",111,"2022-12-07","history","1.06550474488508"
"exdqlm_univar_synth","draw_008",111,"2022-12-08","history","0.901730444691439"
"exdqlm_univar_synth","draw_008",111,"2022-12-09","history","0.947454966217591"
"exdqlm_univar_synth","draw_008",111,"2022-12-10","history","1.41579505436836"
"exdqlm_univar_synth","draw_008",111,"2022-12-11","history","4.13920658504964"
"exdqlm_univar_synth","draw_008",111,"2022-12-12","history","3.51871251687652"
"exdqlm_univar_synth","draw_008",111,"2022-12-13","history","2.09003269726579"
"exdqlm_univar_synth","draw_008",111,"2022-12-14","history","1.36895133309534"
"exdqlm_univar_synth","draw_008",111,"2022-12-15","history","1.66413281386063"
"exdqlm_univar_synth","draw_008",111,"2022-12-16","history","1.16714791682254"
"exdqlm_univar_synth","draw_008",111,"2022-12-17","history","1.53381252261928"
"exdqlm_univar_synth","draw_008",111,"2022-12-18","history","1.07980169410727"
"exdqlm_univar_synth","draw_008",111,"2022-12-19","history","1.61849438756220"
"exdqlm_univar_synth","draw_008",111,"2022-12-20","history","1.54996385244557"
"exdqlm_univar_synth","draw_008",111,"2022-12-21","history","1.20687194375017"
"exdqlm_univar_synth","draw_008",111,"2022-12-22","history","1.57967846845126"
"exdqlm_univar_synth","draw_008",111,"2022-12-23","history","0.983824739574001"
"exdqlm_univar_synth","draw_008",111,"2022-12-24","history","1.21051343624845"
"exdqlm_univar_synth","draw_008",111,"2022-12-25","history","1.39640574549210"
"exdqlm_univar_synth","draw_009",127,"2022-12-07","history","0.731789073330317"
"exdqlm_univar_synth","draw_009",127,"2022-12-08","history","1.08622989514242"
"exdqlm_univar_synth","draw_009",127,"2022-12-09","history","0.906387427717937"
"exdqlm_univar_synth","draw_009",127,"2022-12-10","history","0.861889430352183"
"exdqlm_univar_synth","draw_009",127,"2022-12-11","history","3.83954461502637"
"exdqlm_univar_synth","draw_009",127,"2022-12-12","history","2.58974250645655"
"exdqlm_univar_synth","draw_009",127,"2022-12-13","history","2.20591503770203"
"exdqlm_univar_synth","draw_009",127,"2022-12-14","history","1.16043886090235"
"exdqlm_univar_synth","draw_009",127,"2022-12-15","history","1.03937499022198"
"exdqlm_univar_synth","draw_009",127,"2022-12-16","history","1.05802751199964"
"exdqlm_univar_synth","draw_009",127,"2022-12-17","history","1.18874131439114"
"exdqlm_univar_synth","draw_009",127,"2022-12-18","history","1.68054678323244"
"exdqlm_univar_synth","draw_009",127,"2022-12-19","history","1.05448742740743"
"exdqlm_univar_synth","draw_009",127,"2022-12-20","history","1.56994939498312"
"exdqlm_univar_synth","draw_009",127,"2022-12-21","history","1.02174111321524"
"exdqlm_univar_synth","draw_009",127,"2022-12-22","history","1.45984763086418"
"exdqlm_univar_synth","draw_009",127,"2022-12-23","history","0.930946080803496"
"exdqlm_univar_synth","draw_009",127,"2022-12-24","history","1.43291171931778"
"exdqlm_univar_synth","draw_009",127,"2022-12-25","history","0.871374979961774"
"exdqlm_univar_synth","draw_010",143,"2022-12-07","history","1.08857430523500"
"exdqlm_univar_synth","draw_010",143,"2022-12-08","history","0.772075515497193"
"exdqlm_univar_synth","draw_010",143,"2022-12-09","history","1.43286525031094"
"exdqlm_univar_synth","draw_010",143,"2022-12-10","history","1.73461806134537"
"exdqlm_univar_synth","draw_010",143,"2022-12-11","history","3.52167254192678"
"exdqlm_univar_synth","draw_010",143,"2022-12-12","history","3.51231856192698"
"exdqlm_univar_synth","draw_010",143,"2022-12-13","history","2.19419593825096"
"exdqlm_univar_synth","draw_010",143,"2022-12-14","history","1.39124048116378"
"exdqlm_univar_synth","draw_010",143,"2022-12-15","history","1.25036994451177"
"exdqlm_univar_synth","draw_010",143,"2022-12-16","history","1.35608059984535"
"exdqlm_univar_synth","draw_010",143,"2022-12-17","history","1.16395922568020"
"exdqlm_univar_synth","draw_010",143,"2022-12-18","history","1.59935732437424"
"exdqlm_univar_synth","draw_010",143,"2022-12-19","history","1.56336469513323"
"exdqlm_univar_synth","draw_010",143,"2022-12-20","history","1.35823941553021"
"exdqlm_univar_synth","draw_010",143,"2022-12-21","history","1.16123421407630"
"exdqlm_univar_synth","draw_010",143,"2022-12-22","history","1.34095049761263"
"exdqlm_univar_synth","draw_010",143,"2022-12-23","history","1.27456292836349"
"exdqlm_univar_synth","draw_010",143,"2022-12-24","history","1.00653357170480"
"exdqlm_univar_synth","draw_010",143,"2022-12-25","history","1.00471984329894"
"exdqlm_univar_synth","draw_011",158,"2022-12-07","history","0.593671066208507"
"exdqlm_univar_synth","draw_011",158,"2022-12-08","history","1.12188641918291"
"exdqlm_univar_synth","draw_011",158,"2022-12-09","history","0.825565118562714"
"exdqlm_univar_synth","draw_011",158,"2022-12-10","history","1.41900626301546"
"exdqlm_univar_synth","draw_011",158,"2022-12-11","history","3.10447706516485"
"exdqlm_univar_synth","draw_011",158,"2022-12-12","history","3.30550130397950"
"exdqlm_univar_synth","draw_011",158,"2022-12-13","history","2.18458389695187"
"exdqlm_univar_synth","draw_011",158,"2022-12-14","history","1.32670514965725"
"exdqlm_univar_synth","draw_011",158,"2022-12-15","history","0.971606308860017"
"exdqlm_univar_synth","draw_011",158,"2022-12-16","history","1.29305388258154"
"exdqlm_univar_synth","draw_011",158,"2022-12-17","history","1.36790325333353"
"exdqlm_univar_synth","draw_011",158,"2022-12-18","history","1.12047382221571"
"exdqlm_univar_synth","draw_011",158,"2022-12-19","history","1.08895072029034"
"exdqlm_univar_synth","draw_011",158,"2022-12-20","history","1.17648786481218"
"exdqlm_univar_synth","draw_011",158,"2022-12-21","history","1.31042231908620"
"exdqlm_univar_synth","draw_011",158,"2022-12-22","history","1.26115986564852"
"exdqlm_univar_synth","draw_011",158,"2022-12-23","history","1.04471508866785"
"exdqlm_univar_synth","draw_011",158,"2022-12-24","history","1.18245400208679"
"exdqlm_univar_synth","draw_011",158,"2022-12-25","history","1.16442086406172"
"exdqlm_univar_synth","draw_012",174,"2022-12-07","history","0.883231787856987"
"exdqlm_univar_synth","draw_012",174,"2022-12-08","history","1.00188615308677"
"exdqlm_univar_synth","draw_012",174,"2022-12-09","history","0.936501159194666"
"exdqlm_univar_synth","draw_012",174,"2022-12-10","history","1.42447582898157"
"exdqlm_univar_synth","draw_012",174,"2022-12-11","history","4.21889297702536"
"exdqlm_univar_synth","draw_012",174,"2022-12-12","history","3.42205330925005"
"exdqlm_univar_synth","draw_012",174,"2022-12-13","history","2.30050565990093"
"exdqlm_univar_synth","draw_012",174,"2022-12-14","history","1.40713770141408"
"exdqlm_univar_synth","draw_012",174,"2022-12-15","history","1.24335611732173"
"exdqlm_univar_synth","draw_012",174,"2022-12-16","history","1.26673663898998"
"exdqlm_univar_synth","draw_012",174,"2022-12-17","history","1.56788257413881"
"exdqlm_univar_synth","draw_012",174,"2022-12-18","history","1.51235388997561"
"exdqlm_univar_synth","draw_012",174,"2022-12-19","history","1.03865160669145"
"exdqlm_univar_synth","draw_012",174,"2022-12-20","history","1.24223593481827"
"exdqlm_univar_synth","draw_012",174,"2022-12-21","history","1.15649903970641"
"exdqlm_univar_synth","draw_012",174,"2022-12-22","history","1.04613385375506"
"exdqlm_univar_synth","draw_012",174,"2022-12-23","history","1.40860897833199"
"exdqlm_univar_synth","draw_012",174,"2022-12-24","history","0.721218512097595"
"exdqlm_univar_synth","draw_012",174,"2022-12-25","history","1.03784734950704"
"exdqlm_univar_synth","draw_013",190,"2022-12-07","history","0.784000289558274"
"exdqlm_univar_synth","draw_013",190,"2022-12-08","history","0.614915248240304"
"exdqlm_univar_synth","draw_013",190,"2022-12-09","history","1.42652015690414"
"exdqlm_univar_synth","draw_013",190,"2022-12-10","history","1.08532135823816"
"exdqlm_univar_synth","draw_013",190,"2022-12-11","history","4.26097964985980"
"exdqlm_univar_synth","draw_013",190,"2022-12-12","history","2.43552505688303"
"exdqlm_univar_synth","draw_013",190,"2022-12-13","history","2.26145924834152"
"exdqlm_univar_synth","draw_013",190,"2022-12-14","history","1.78238148070109"
"exdqlm_univar_synth","draw_013",190,"2022-12-15","history","1.67334664252405"
"exdqlm_univar_synth","draw_013",190,"2022-12-16","history","1.06811462304302"
"exdqlm_univar_synth","draw_013",190,"2022-12-17","history","1.31192046279784"
"exdqlm_univar_synth","draw_013",190,"2022-12-18","history","1.17621398254740"
"exdqlm_univar_synth","draw_013",190,"2022-12-19","history","1.12493420253190"
"exdqlm_univar_synth","draw_013",190,"2022-12-20","history","1.11236504661292"
"exdqlm_univar_synth","draw_013",190,"2022-12-21","history","1.30985074956517"
"exdqlm_univar_synth","draw_013",190,"2022-12-22","history","1.07097781718801"
"exdqlm_univar_synth","draw_013",190,"2022-12-23","history","1.02700395148960"
"exdqlm_univar_synth","draw_013",190,"2022-12-24","history","1.35023305174621"
"exdqlm_univar_synth","draw_013",190,"2022-12-25","history","1.32916421097050"
"exdqlm_univar_synth","draw_014",206,"2022-12-07","history","0.943595681101513"
"exdqlm_univar_synth","draw_014",206,"2022-12-08","history","0.534437566533076"
"exdqlm_univar_synth","draw_014",206,"2022-12-09","history","0.967171488988815"
"exdqlm_univar_synth","draw_014",206,"2022-12-10","history","1.57960387041850"
"exdqlm_univar_synth","draw_014",206,"2022-12-11","history","3.84172430401191"
"exdqlm_univar_synth","draw_014",206,"2022-12-12","history","2.20900894580654"
"exdqlm_univar_synth","draw_014",206,"2022-12-13","history","2.28964375036666"
"exdqlm_univar_synth","draw_014",206,"2022-12-14","history","1.25479855914176"
"exdqlm_univar_synth","draw_014",206,"2022-12-15","history","1.33311405842658"
"exdqlm_univar_synth","draw_014",206,"2022-12-16","history","1.18076773829492"
"exdqlm_univar_synth","draw_014",206,"2022-12-17","history","1.23559856859540"
"exdqlm_univar_synth","draw_014",206,"2022-12-18","history","1.34080848737466"
"exdqlm_univar_synth","draw_014",206,"2022-12-19","history","1.16329508129346"
"exdqlm_univar_synth","draw_014",206,"2022-12-20","history","1.05922845634163"
"exdqlm_univar_synth","draw_014",206,"2022-12-21","history","0.902267684555292"
"exdqlm_univar_synth","draw_014",206,"2022-12-22","history","1.00222583553383"
"exdqlm_univar_synth","draw_014",206,"2022-12-23","history","1.04659952258682"
"exdqlm_univar_synth","draw_014",206,"2022-12-24","history","1.03171732298435"
"exdqlm_univar_synth","draw_014",206,"2022-12-25","history","1.04429440699104"
"exdqlm_univar_synth","draw_015",221,"2022-12-07","history","0.851996270867214"
"exdqlm_univar_synth","draw_015",221,"2022-12-08","history","0.642822300076297"
"exdqlm_univar_synth","draw_015",221,"2022-12-09","history","1.10169777697283"
"exdqlm_univar_synth","draw_015",221,"2022-12-10","history","1.21937189423688"
"exdqlm_univar_synth","draw_015",221,"2022-12-11","history","3.32935991609381"
"exdqlm_univar_synth","draw_015",221,"2022-12-12","history","2.76386362396021"
"exdqlm_univar_synth","draw_015",221,"2022-12-13","history","1.81713079008239"
"exdqlm_univar_synth","draw_015",221,"2022-12-14","history","1.41282849661765"
"exdqlm_univar_synth","draw_015",221,"2022-12-15","history","1.22133318279089"
"exdqlm_univar_synth","draw_015",221,"2022-12-16","history","1.05342615831169"
"exdqlm_univar_synth","draw_015",221,"2022-12-17","history","1.16096897256722"
"exdqlm_univar_synth","draw_015",221,"2022-12-18","history","0.948293540920922"
"exdqlm_univar_synth","draw_015",221,"2022-12-19","history","1.07638135314831"
"exdqlm_univar_synth","draw_015",221,"2022-12-20","history","1.00026979038215"
"exdqlm_univar_synth","draw_015",221,"2022-12-21","history","0.808449617843397"
"exdqlm_univar_synth","draw_015",221,"2022-12-22","history","1.41126828470730"
"exdqlm_univar_synth","draw_015",221,"2022-12-23","history","1.06915547864199"
"exdqlm_univar_synth","draw_015",221,"2022-12-24","history","1.43929300505113"
"exdqlm_univar_synth","draw_015",221,"2022-12-25","history","0.898667792011511"
"exdqlm_univar_synth","draw_016",237,"2022-12-07","history","0.733306818791638"
"exdqlm_univar_synth","draw_016",237,"2022-12-08","history","0.716472489318630"
"exdqlm_univar_synth","draw_016",237,"2022-12-09","history","0.981841320086617"
"exdqlm_univar_synth","draw_016",237,"2022-12-10","history","1.23866951458614"
"exdqlm_univar_synth","draw_016",237,"2022-12-11","history","3.21043351002954"
"exdqlm_univar_synth","draw_016",237,"2022-12-12","history","3.32146775047290"
"exdqlm_univar_synth","draw_016",237,"2022-12-13","history","2.20010688351844"
"exdqlm_univar_synth","draw_016",237,"2022-12-14","history","1.87668835995915"
"exdqlm_univar_synth","draw_016",237,"2022-12-15","history","0.946156444615716"
"exdqlm_univar_synth","draw_016",237,"2022-12-16","history","1.21231146142528"
"exdqlm_univar_synth","draw_016",237,"2022-12-17","history","1.42968884462893"
"exdqlm_univar_synth","draw_016",237,"2022-12-18","history","1.18705367010478"
"exdqlm_univar_synth","draw_016",237,"2022-12-19","history","1.55329032185281"
"exdqlm_univar_synth","draw_016",237,"2022-12-20","history","1.29987952465931"
"exdqlm_univar_synth","draw_016",237,"2022-12-21","history","1.08725278175929"
"exdqlm_univar_synth","draw_016",237,"2022-12-22","history","0.876428317739323"
"exdqlm_univar_synth","draw_016",237,"2022-12-23","history","1.11740482445065"
"exdqlm_univar_synth","draw_016",237,"2022-12-24","history","1.24057411170968"
"exdqlm_univar_synth","draw_016",237,"2022-12-25","history","0.958346825882211"
"exdqlm_univar_synth","draw_017",253,"2022-12-07","history","1.02948751466809"
"exdqlm_univar_synth","draw_017",253,"2022-12-08","history","0.649033659345655"
"exdqlm_univar_synth","draw_017",253,"2022-12-09","history","1.47384903209047"
"exdqlm_univar_synth","draw_017",253,"2022-12-10","history","1.78365917630982"
"exdqlm_univar_synth","draw_017",253,"2022-12-11","history","3.10288529804026"
"exdqlm_univar_synth","draw_017",253,"2022-12-12","history","2.44954951757823"
"exdqlm_univar_synth","draw_017",253,"2022-12-13","history","2.29411798821447"
"exdqlm_univar_synth","draw_017",253,"2022-12-14","history","1.12547122188994"
"exdqlm_univar_synth","draw_017",253,"2022-12-15","history","1.17191166955916"
"exdqlm_univar_synth","draw_017",253,"2022-12-16","history","1.38417443380858"
"exdqlm_univar_synth","draw_017",253,"2022-12-17","history","1.13372275957491"
"exdqlm_univar_synth","draw_017",253,"2022-12-18","history","0.900807996497116"
"exdqlm_univar_synth","draw_017",253,"2022-12-19","history","1.09861291062240"
"exdqlm_univar_synth","draw_017",253,"2022-12-20","history","1.20581969970224"
"exdqlm_univar_synth","draw_017",253,"2022-12-21","history","1.11960015121847"
"exdqlm_univar_synth","draw_017",253,"2022-12-22","history","1.07260855997346"
"exdqlm_univar_synth","draw_017",253,"2022-12-23","history","0.868664323558037"
"exdqlm_univar_synth","draw_017",253,"2022-12-24","history","1.00694768380315"
"exdqlm_univar_synth","draw_017",253,"2022-12-25","history","1.46415667089457"
"exdqlm_univar_synth","draw_018",269,"2022-12-07","history","0.947234960418183"
"exdqlm_univar_synth","draw_018",269,"2022-12-08","history","0.769969133490514"
"exdqlm_univar_synth","draw_018",269,"2022-12-09","history","0.774982401262574"
"exdqlm_univar_synth","draw_018",269,"2022-12-10","history","1.10360542579039"
"exdqlm_univar_synth","draw_018",269,"2022-12-11","history","2.61424850384015"
"exdqlm_univar_synth","draw_018",269,"2022-12-12","history","2.20908534041282"
"exdqlm_univar_synth","draw_018",269,"2022-12-13","history","2.64576633179341"
"exdqlm_univar_synth","draw_018",269,"2022-12-14","history","1.24629529744894"
"exdqlm_univar_synth","draw_018",269,"2022-12-15","history","1.27367377991896"
"exdqlm_univar_synth","draw_018",269,"2022-12-16","history","1.31858552764371"
"exdqlm_univar_synth","draw_018",269,"2022-12-17","history","1.39591606817150"
"exdqlm_univar_synth","draw_018",269,"2022-12-18","history","1.54316455451136"
"exdqlm_univar_synth","draw_018",269,"2022-12-19","history","1.33263520657829"
"exdqlm_univar_synth","draw_018",269,"2022-12-20","history","1.18989155474850"
"exdqlm_univar_synth","draw_018",269,"2022-12-21","history","1.14215037938347"
"exdqlm_univar_synth","draw_018",269,"2022-12-22","history","0.888518576099526"
"exdqlm_univar_synth","draw_018",269,"2022-12-23","history","1.05870351350854"
"exdqlm_univar_synth","draw_018",269,"2022-12-24","history","0.899947076013348"
"exdqlm_univar_synth","draw_018",269,"2022-12-25","history","0.950595375972361"
"exdqlm_univar_synth","draw_019",284,"2022-12-07","history","1.29885492487787"
"exdqlm_univar_synth","draw_019",284,"2022-12-08","history","0.481694804574709"
"exdqlm_univar_synth","draw_019",284,"2022-12-09","history","0.640635098230692"
"exdqlm_univar_synth","draw_019",284,"2022-12-10","history","1.62201516379985"
"exdqlm_univar_synth","draw_019",284,"2022-12-11","history","4.29211674433111"
"exdqlm_univar_synth","draw_019",284,"2022-12-12","history","2.75497662839038"
"exdqlm_univar_synth","draw_019",284,"2022-12-13","history","2.00278560119468"
"exdqlm_univar_synth","draw_019",284,"2022-12-14","history","1.29130441641900"
"exdqlm_univar_synth","draw_019",284,"2022-12-15","history","1.22531697843550"
"exdqlm_univar_synth","draw_019",284,"2022-12-16","history","1.19986205507977"
"exdqlm_univar_synth","draw_019",284,"2022-12-17","history","1.56694035536481"
"exdqlm_univar_synth","draw_019",284,"2022-12-18","history","1.18594895440017"
"exdqlm_univar_synth","draw_019",284,"2022-12-19","history","1.17082335682737"
"exdqlm_univar_synth","draw_019",284,"2022-12-20","history","1.12078313213304"
"exdqlm_univar_synth","draw_019",284,"2022-12-21","history","0.831095317917833"
"exdqlm_univar_synth","draw_019",284,"2022-12-22","history","0.798148565223383"
"exdqlm_univar_synth","draw_019",284,"2022-12-23","history","1.42030967126163"
"exdqlm_univar_synth","draw_019",284,"2022-12-24","history","1.19601591248375"
"exdqlm_univar_synth","draw_019",284,"2022-12-25","history","1.24578043217885"
"exdqlm_univar_synth","draw_020",300,"2022-12-07","history","0.990519813904461"
"exdqlm_univar_synth","draw_020",300,"2022-12-08","history","0.941196965650372"
"exdqlm_univar_synth","draw_020",300,"2022-12-09","history","1.36301578247116"
"exdqlm_univar_synth","draw_020",300,"2022-12-10","history","1.24872873985577"
"exdqlm_univar_synth","draw_020",300,"2022-12-11","history","3.59975031854363"
"exdqlm_univar_synth","draw_020",300,"2022-12-12","history","2.56818071404572"
"exdqlm_univar_synth","draw_020",300,"2022-12-13","history","2.17514240406397"
"exdqlm_univar_synth","draw_020",300,"2022-12-14","history","1.06393644012345"
"exdqlm_univar_synth","draw_020",300,"2022-12-15","history","1.04118981561864"
"exdqlm_univar_synth","draw_020",300,"2022-12-16","history","0.914629882998119"
"exdqlm_univar_synth","draw_020",300,"2022-12-17","history","1.39007437593077"
"exdqlm_univar_synth","draw_020",300,"2022-12-18","history","1.34171362276267"
"exdqlm_univar_synth","draw_020",300,"2022-12-19","history","1.33107326677709"
"exdqlm_univar_synth","draw_020",300,"2022-12-20","history","1.40898249613700"
"exdqlm_univar_synth","draw_020",300,"2022-12-21","history","1.19099983787921"
"exdqlm_univar_synth","draw_020",300,"2022-12-22","history","1.07354106264800"
"exdqlm_univar_synth","draw_020",300,"2022-12-23","history","1.18526472370730"
"exdqlm_univar_synth","draw_020",300,"2022-12-24","history","1.34238530772258"
"exdqlm_univar_synth","draw_020",300,"2022-12-25","history","1.02465979131040"
"exdqlm_univar_synth","draw_021",316,"2022-12-07","history","0.923347884209148"
"exdqlm_univar_synth","draw_021",316,"2022-12-08","history","0.783614128700853"
"exdqlm_univar_synth","draw_021",316,"2022-12-09","history","1.02860438596247"
"exdqlm_univar_synth","draw_021",316,"2022-12-10","history","1.49350563329247"
"exdqlm_univar_synth","draw_021",316,"2022-12-11","history","3.53138888631733"
"exdqlm_univar_synth","draw_021",316,"2022-12-12","history","2.97280244715526"
"exdqlm_univar_synth","draw_021",316,"2022-12-13","history","2.55144848445870"
"exdqlm_univar_synth","draw_021",316,"2022-12-14","history","1.35026540585052"
"exdqlm_univar_synth","draw_021",316,"2022-12-15","history","0.988205571753958"
"exdqlm_univar_synth","draw_021",316,"2022-12-16","history","0.922550219480987"
"exdqlm_univar_synth","draw_021",316,"2022-12-17","history","1.46895697577388"
"exdqlm_univar_synth","draw_021",316,"2022-12-18","history","0.888177287991213"
"exdqlm_univar_synth","draw_021",316,"2022-12-19","history","1.54543815700513"
"exdqlm_univar_synth","draw_021",316,"2022-12-20","history","1.08687668152944"
"exdqlm_univar_synth","draw_021",316,"2022-12-21","history","1.14854497509414"
"exdqlm_univar_synth","draw_021",316,"2022-12-22","history","0.816343859120627"
"exdqlm_univar_synth","draw_021",316,"2022-12-23","history","1.13784350531614"
"exdqlm_univar_synth","draw_021",316,"2022-12-24","history","1.18999320874902"
"exdqlm_univar_synth","draw_021",316,"2022-12-25","history","0.998532271766276"
"exdqlm_univar_synth","draw_022",332,"2022-12-07","history","1.23606502218523"
"exdqlm_univar_synth","draw_022",332,"2022-12-08","history","0.900246575911535"
"exdqlm_univar_synth","draw_022",332,"2022-12-09","history","1.28269096954517"
"exdqlm_univar_synth","draw_022",332,"2022-12-10","history","1.36307964527687"
"exdqlm_univar_synth","draw_022",332,"2022-12-11","history","3.01678451813337"
"exdqlm_univar_synth","draw_022",332,"2022-12-12","history","3.24821730185006"
"exdqlm_univar_synth","draw_022",332,"2022-12-13","history","2.63938083367089"
"exdqlm_univar_synth","draw_022",332,"2022-12-14","history","1.46168725800536"
"exdqlm_univar_synth","draw_022",332,"2022-12-15","history","1.31408509039881"
"exdqlm_univar_synth","draw_022",332,"2022-12-16","history","1.24126188425281"
"exdqlm_univar_synth","draw_022",332,"2022-12-17","history","1.35878723456013"
"exdqlm_univar_synth","draw_022",332,"2022-12-18","history","1.55307640492763"
"exdqlm_univar_synth","draw_022",332,"2022-12-19","history","1.13925366194785"
"exdqlm_univar_synth","draw_022",332,"2022-12-20","history","1.08032507195584"
"exdqlm_univar_synth","draw_022",332,"2022-12-21","history","1.38060469422106"
"exdqlm_univar_synth","draw_022",332,"2022-12-22","history","1.35811596258971"
"exdqlm_univar_synth","draw_022",332,"2022-12-23","history","1.02939904279855"
"exdqlm_univar_synth","draw_022",332,"2022-12-24","history","0.946352519295597"
"exdqlm_univar_synth","draw_022",332,"2022-12-25","history","1.14158137383079"
"exdqlm_univar_synth","draw_023",347,"2022-12-07","history","0.924714110623739"
"exdqlm_univar_synth","draw_023",347,"2022-12-08","history","0.826138637930608"
"exdqlm_univar_synth","draw_023",347,"2022-12-09","history","0.878824811413544"
"exdqlm_univar_synth","draw_023",347,"2022-12-10","history","1.48736184034134"
"exdqlm_univar_synth","draw_023",347,"2022-12-11","history","3.01321088703588"
"exdqlm_univar_synth","draw_023",347,"2022-12-12","history","2.02976223744481"
"exdqlm_univar_synth","draw_023",347,"2022-12-13","history","1.87369729532680"
"exdqlm_univar_synth","draw_023",347,"2022-12-14","history","1.67853267013766"
"exdqlm_univar_synth","draw_023",347,"2022-12-15","history","1.01357813776516"
"exdqlm_univar_synth","draw_023",347,"2022-12-16","history","1.57861974884450"
"exdqlm_univar_synth","draw_023",347,"2022-12-17","history","1.09323131072234"
"exdqlm_univar_synth","draw_023",347,"2022-12-18","history","1.02700195593015"
"exdqlm_univar_synth","draw_023",347,"2022-12-19","history","1.26215140516229"
"exdqlm_univar_synth","draw_023",347,"2022-12-20","history","1.35112900676275"
"exdqlm_univar_synth","draw_023",347,"2022-12-21","history","1.12384194921702"
"exdqlm_univar_synth","draw_023",347,"2022-12-22","history","1.39413085016184"
"exdqlm_univar_synth","draw_023",347,"2022-12-23","history","1.07322010730644"
"exdqlm_univar_synth","draw_023",347,"2022-12-24","history","1.05491864217140"
"exdqlm_univar_synth","draw_023",347,"2022-12-25","history","1.04774275048115"
"exdqlm_univar_synth","draw_024",363,"2022-12-07","history","0.667284666276020"
"exdqlm_univar_synth","draw_024",363,"2022-12-08","history","0.603330900007935"
"exdqlm_univar_synth","draw_024",363,"2022-12-09","history","0.681149073663408"
"exdqlm_univar_synth","draw_024",363,"2022-12-10","history","1.58263248485883"
"exdqlm_univar_synth","draw_024",363,"2022-12-11","history","3.54298842843614"
"exdqlm_univar_synth","draw_024",363,"2022-12-12","history","2.10036028964618"
"exdqlm_univar_synth","draw_024",363,"2022-12-13","history","2.18916951276869"
"exdqlm_univar_synth","draw_024",363,"2022-12-14","history","1.11287350119045"
"exdqlm_univar_synth","draw_024",363,"2022-12-15","history","1.52246601310356"
"exdqlm_univar_synth","draw_024",363,"2022-12-16","history","1.16056117118875"
"exdqlm_univar_synth","draw_024",363,"2022-12-17","history","1.33447334443023"
"exdqlm_univar_synth","draw_024",363,"2022-12-18","history","0.921051675664540"
"exdqlm_univar_synth","draw_024",363,"2022-12-19","history","1.19691210435559"
"exdqlm_univar_synth","draw_024",363,"2022-12-20","history","1.17877553063309"
"exdqlm_univar_synth","draw_024",363,"2022-12-21","history","1.15318172248151"
"exdqlm_univar_synth","draw_024",363,"2022-12-22","history","0.948559599662069"
"exdqlm_univar_synth","draw_024",363,"2022-12-23","history","0.921338667690858"
"exdqlm_univar_synth","draw_024",363,"2022-12-24","history","0.912709765725115"
"exdqlm_univar_synth","draw_024",363,"2022-12-25","history","1.21140886966858"
"exdqlm_univar_synth","draw_025",379,"2022-12-07","history","0.990539641795595"
"exdqlm_univar_synth","draw_025",379,"2022-12-08","history","0.761109217608708"
"exdqlm_univar_synth","draw_025",379,"2022-12-09","history","0.731227594328927"
"exdqlm_univar_synth","draw_025",379,"2022-12-10","history","1.11590683519668"
"exdqlm_univar_synth","draw_025",379,"2022-12-11","history","3.46978127547892"
"exdqlm_univar_synth","draw_025",379,"2022-12-12","history","3.04793770935295"
"exdqlm_univar_synth","draw_025",379,"2022-12-13","history","2.28302673453062"
"exdqlm_univar_synth","draw_025",379,"2022-12-14","history","1.38918168657164"
"exdqlm_univar_synth","draw_025",379,"2022-12-15","history","1.23460317475624"
"exdqlm_univar_synth","draw_025",379,"2022-12-16","history","1.26186692184131"
"exdqlm_univar_synth","draw_025",379,"2022-12-17","history","1.57401139776724"
"exdqlm_univar_synth","draw_025",379,"2022-12-18","history","1.17930878044739"
"exdqlm_univar_synth","draw_025",379,"2022-12-19","history","1.15254066214740"
"exdqlm_univar_synth","draw_025",379,"2022-12-20","history","1.15592230150848"
"exdqlm_univar_synth","draw_025",379,"2022-12-21","history","1.10689107638671"
"exdqlm_univar_synth","draw_025",379,"2022-12-22","history","1.05845034693128"
"exdqlm_univar_synth","draw_025",379,"2022-12-23","history","1.45309415126152"
"exdqlm_univar_synth","draw_025",379,"2022-12-24","history","0.981021399665209"
"exdqlm_univar_synth","draw_025",379,"2022-12-25","history","1.21701654882453"
"exdqlm_univar_synth","draw_026",395,"2022-12-07","history","1.07569955354729"
"exdqlm_univar_synth","draw_026",395,"2022-12-08","history","0.832253653634093"
"exdqlm_univar_synth","draw_026",395,"2022-12-09","history","1.37230876961170"
"exdqlm_univar_synth","draw_026",395,"2022-12-10","history","1.04447609113597"
"exdqlm_univar_synth","draw_026",395,"2022-12-11","history","3.67775559573722"
"exdqlm_univar_synth","draw_026",395,"2022-12-12","history","3.01996125993368"
"exdqlm_univar_synth","draw_026",395,"2022-12-13","history","2.06611641934648"
"exdqlm_univar_synth","draw_026",395,"2022-12-14","history","1.40542884544012"
"exdqlm_univar_synth","draw_026",395,"2022-12-15","history","1.17598552123696"
"exdqlm_univar_synth","draw_026",395,"2022-12-16","history","1.29569332838155"
"exdqlm_univar_synth","draw_026",395,"2022-12-17","history","1.52065625990381"
"exdqlm_univar_synth","draw_026",395,"2022-12-18","history","1.21301991782433"
"exdqlm_univar_synth","draw_026",395,"2022-12-19","history","1.36927522902346"
"exdqlm_univar_synth","draw_026",395,"2022-12-20","history","1.15014799940702"
"exdqlm_univar_synth","draw_026",395,"2022-12-21","history","1.45489382804004"
"exdqlm_univar_synth","draw_026",395,"2022-12-22","history","1.33468966685672"
"exdqlm_univar_synth","draw_026",395,"2022-12-23","history","1.04274636581497"
"exdqlm_univar_synth","draw_026",395,"2022-12-24","history","1.06098483561171"
"exdqlm_univar_synth","draw_026",395,"2022-12-25","history","1.27112786477363"
"exdqlm_univar_synth","draw_027",410,"2022-12-07","history","1.14525676421521"
"exdqlm_univar_synth","draw_027",410,"2022-12-08","history","0.732752933686917"
"exdqlm_univar_synth","draw_027",410,"2022-12-09","history","0.959292604333889"
"exdqlm_univar_synth","draw_027",410,"2022-12-10","history","1.46999388075383"
"exdqlm_univar_synth","draw_027",410,"2022-12-11","history","2.96752622558052"
"exdqlm_univar_synth","draw_027",410,"2022-12-12","history","2.47807621102052"
"exdqlm_univar_synth","draw_027",410,"2022-12-13","history","2.05750062619026"
"exdqlm_univar_synth","draw_027",410,"2022-12-14","history","1.51441748889531"
"exdqlm_univar_synth","draw_027",410,"2022-12-15","history","1.19662516536372"
"exdqlm_univar_synth","draw_027",410,"2022-12-16","history","1.06223202424091"
"exdqlm_univar_synth","draw_027",410,"2022-12-17","history","1.12322436802375"
"exdqlm_univar_synth","draw_027",410,"2022-12-18","history","1.48915524517366"
"exdqlm_univar_synth","draw_027",410,"2022-12-19","history","1.18691013867746"
"exdqlm_univar_synth","draw_027",410,"2022-12-20","history","1.43139061776232"
"exdqlm_univar_synth","draw_027",410,"2022-12-21","history","1.18869705545207"
"exdqlm_univar_synth","draw_027",410,"2022-12-22","history","0.855969461298116"
"exdqlm_univar_synth","draw_027",410,"2022-12-23","history","0.958555591296297"
"exdqlm_univar_synth","draw_027",410,"2022-12-24","history","1.13239504240391"
"exdqlm_univar_synth","draw_027",410,"2022-12-25","history","0.948784577420244"
"exdqlm_univar_synth","draw_028",426,"2022-12-07","history","1.00165742297604"
"exdqlm_univar_synth","draw_028",426,"2022-12-08","history","1.06705199993937"
"exdqlm_univar_synth","draw_028",426,"2022-12-09","history","0.852836885428987"
"exdqlm_univar_synth","draw_028",426,"2022-12-10","history","1.28449063540634"
"exdqlm_univar_synth","draw_028",426,"2022-12-11","history","3.34279710796509"
"exdqlm_univar_synth","draw_028",426,"2022-12-12","history","2.40796704619328"
"exdqlm_univar_synth","draw_028",426,"2022-12-13","history","1.93618665951242"
"exdqlm_univar_synth","draw_028",426,"2022-12-14","history","1.40969158733725"
"exdqlm_univar_synth","draw_028",426,"2022-12-15","history","1.03453322696041"
"exdqlm_univar_synth","draw_028",426,"2022-12-16","history","1.37042464745208"
"exdqlm_univar_synth","draw_028",426,"2022-12-17","history","1.14731604903365"
"exdqlm_univar_synth","draw_028",426,"2022-12-18","history","1.07575716372969"
"exdqlm_univar_synth","draw_028",426,"2022-12-19","history","1.31944463671421"
"exdqlm_univar_synth","draw_028",426,"2022-12-20","history","1.22867422374013"
"exdqlm_univar_synth","draw_028",426,"2022-12-21","history","0.891211265481600"
"exdqlm_univar_synth","draw_028",426,"2022-12-22","history","1.09023178237634"
"exdqlm_univar_synth","draw_028",426,"2022-12-23","history","1.32421561978917"
"exdqlm_univar_synth","draw_028",426,"2022-12-24","history","1.09233427123676"
"exdqlm_univar_synth","draw_028",426,"2022-12-25","history","0.823577164069069"
"exdqlm_univar_synth","draw_029",442,"2022-12-07","history","0.612796289866409"
"exdqlm_univar_synth","draw_029",442,"2022-12-08","history","1.04362635838292"
"exdqlm_univar_synth","draw_029",442,"2022-12-09","history","0.825392401848413"
"exdqlm_univar_synth","draw_029",442,"2022-12-10","history","0.860623238905417"
"exdqlm_univar_synth","draw_029",442,"2022-12-11","history","3.02353352232018"
"exdqlm_univar_synth","draw_029",442,"2022-12-12","history","3.43202602610458"
"exdqlm_univar_synth","draw_029",442,"2022-12-13","history","2.39833477777871"
"exdqlm_univar_synth","draw_029",442,"2022-12-14","history","1.45130755456131"
"exdqlm_univar_synth","draw_029",442,"2022-12-15","history","1.21424437570943"
"exdqlm_univar_synth","draw_029",442,"2022-12-16","history","1.29995419931357"
"exdqlm_univar_synth","draw_029",442,"2022-12-17","history","1.21938035795045"
"exdqlm_univar_synth","draw_029",442,"2022-12-18","history","1.21173561827688"
"exdqlm_univar_synth","draw_029",442,"2022-12-19","history","1.17391757975049"
"exdqlm_univar_synth","draw_029",442,"2022-12-20","history","1.11289986181253"
"exdqlm_univar_synth","draw_029",442,"2022-12-21","history","1.25347061493775"
"exdqlm_univar_synth","draw_029",442,"2022-12-22","history","0.820965366167935"
"exdqlm_univar_synth","draw_029",442,"2022-12-23","history","1.31070488299459"
"exdqlm_univar_synth","draw_029",442,"2022-12-24","history","1.25653007018220"
"exdqlm_univar_synth","draw_029",442,"2022-12-25","history","1.09039370765441"
"exdqlm_univar_synth","draw_030",457,"2022-12-07","history","1.07493704340295"
"exdqlm_univar_synth","draw_030",457,"2022-12-08","history","0.795560981152746"
"exdqlm_univar_synth","draw_030",457,"2022-12-09","history","0.895406693232181"
"exdqlm_univar_synth","draw_030",457,"2022-12-10","history","1.06602404830824"
"exdqlm_univar_synth","draw_030",457,"2022-12-11","history","2.62913370449031"
"exdqlm_univar_synth","draw_030",457,"2022-12-12","history","2.70952409549013"
"exdqlm_univar_synth","draw_030",457,"2022-12-13","history","2.51666883607307"
"exdqlm_univar_synth","draw_030",457,"2022-12-14","history","2.01815897163948"
"exdqlm_univar_synth","draw_030",457,"2022-12-15","history","1.23009297716321"
"exdqlm_univar_synth","draw_030",457,"2022-12-16","history","1.10240407153303"
"exdqlm_univar_synth","draw_030",457,"2022-12-17","history","1.27592068695988"
"exdqlm_univar_synth","draw_030",457,"2022-12-18","history","1.24441211880294"
"exdqlm_univar_synth","draw_030",457,"2022-12-19","history","0.967601164179269"
"exdqlm_univar_synth","draw_030",457,"2022-12-20","history","1.28568353391621"
"exdqlm_univar_synth","draw_030",457,"2022-12-21","history","1.45677906462625"
"exdqlm_univar_synth","draw_030",457,"2022-12-22","history","1.07995426976294"
"exdqlm_univar_synth","draw_030",457,"2022-12-23","history","1.11159770937482"
"exdqlm_univar_synth","draw_030",457,"2022-12-24","history","0.933565194542787"
"exdqlm_univar_synth","draw_030",457,"2022-12-25","history","0.980149583480877"
"exdqlm_univar_synth","draw_031",473,"2022-12-07","history","0.722159874550270"
"exdqlm_univar_synth","draw_031",473,"2022-12-08","history","0.807196726682371"
"exdqlm_univar_synth","draw_031",473,"2022-12-09","history","0.966871716943927"
"exdqlm_univar_synth","draw_031",473,"2022-12-10","history","1.37822196599963"
"exdqlm_univar_synth","draw_031",473,"2022-12-11","history","3.35467046881242"
"exdqlm_univar_synth","draw_031",473,"2022-12-12","history","2.47462392798681"
"exdqlm_univar_synth","draw_031",473,"2022-12-13","history","2.61034507278405"
"exdqlm_univar_synth","draw_031",473,"2022-12-14","history","1.24181260532145"
"exdqlm_univar_synth","draw_031",473,"2022-12-15","history","1.32420690068684"
"exdqlm_univar_synth","draw_031",473,"2022-12-16","history","1.14425975223910"
"exdqlm_univar_synth","draw_031",473,"2022-12-17","history","0.963935233124667"
"exdqlm_univar_synth","draw_031",473,"2022-12-18","history","1.31849845930133"
"exdqlm_univar_synth","draw_031",473,"2022-12-19","history","1.07899622982929"
"exdqlm_univar_synth","draw_031",473,"2022-12-20","history","1.53948656444951"
"exdqlm_univar_synth","draw_031",473,"2022-12-21","history","1.29214933589873"
"exdqlm_univar_synth","draw_031",473,"2022-12-22","history","0.775106215141963"
"exdqlm_univar_synth","draw_031",473,"2022-12-23","history","1.27214801776098"
"exdqlm_univar_synth","draw_031",473,"2022-12-24","history","1.18138494894691"
"exdqlm_univar_synth","draw_031",473,"2022-12-25","history","1.29125126797898"
"exdqlm_univar_synth","draw_032",489,"2022-12-07","history","0.874121644120634"
"exdqlm_univar_synth","draw_032",489,"2022-12-08","history","0.646986065894242"
"exdqlm_univar_synth","draw_032",489,"2022-12-09","history","0.997189129433854"
"exdqlm_univar_synth","draw_032",489,"2022-12-10","history","1.12123174649800"
"exdqlm_univar_synth","draw_032",489,"2022-12-11","history","4.52602220372804"
"exdqlm_univar_synth","draw_032",489,"2022-12-12","history","2.74351271558438"
"exdqlm_univar_synth","draw_032",489,"2022-12-13","history","0"
"exdqlm_univar_synth","draw_032",489,"2022-12-14","history","1.08935576637516"
"exdqlm_univar_synth","draw_032",489,"2022-12-15","history","1.24314040713359"
"exdqlm_univar_synth","draw_032",489,"2022-12-16","history","1.67471824237269"
"exdqlm_univar_synth","draw_032",489,"2022-12-17","history","1.11631808275340"
"exdqlm_univar_synth","draw_032",489,"2022-12-18","history","1.21772881310523"
"exdqlm_univar_synth","draw_032",489,"2022-12-19","history","0.923434460200386"
"exdqlm_univar_synth","draw_032",489,"2022-12-20","history","1.53773833206378"
"exdqlm_univar_synth","draw_032",489,"2022-12-21","history","0.850975466132734"
"exdqlm_univar_synth","draw_032",489,"2022-12-22","history","1.34032575898167"
"exdqlm_univar_synth","draw_032",489,"2022-12-23","history","1.38300977863445"
"exdqlm_univar_synth","draw_032",489,"2022-12-24","history","1.23650356339372"
"exdqlm_univar_synth","draw_032",489,"2022-12-25","history","0.854956039552473"
"exdqlm_univar_synth","draw_033",505,"2022-12-07","history","1.23315249687426"
"exdqlm_univar_synth","draw_033",505,"2022-12-08","history","0.683849941499803"
"exdqlm_univar_synth","draw_033",505,"2022-12-09","history","1.31124337198321"
"exdqlm_univar_synth","draw_033",505,"2022-12-10","history","0.965634303014416"
"exdqlm_univar_synth","draw_033",505,"2022-12-11","history","3.50734374741762"
"exdqlm_univar_synth","draw_033",505,"2022-12-12","history","2.98998130772751"
"exdqlm_univar_synth","draw_033",505,"2022-12-13","history","2.02923667023412"
"exdqlm_univar_synth","draw_033",505,"2022-12-14","history","1.45908403516432"
"exdqlm_univar_synth","draw_033",505,"2022-12-15","history","1.14686076642028"
"exdqlm_univar_synth","draw_033",505,"2022-12-16","history","1.13795542986417"
"exdqlm_univar_synth","draw_033",505,"2022-12-17","history","0.947719580682157"
"exdqlm_univar_synth","draw_033",505,"2022-12-18","history","1.27335254682539"
"exdqlm_univar_synth","draw_033",505,"2022-12-19","history","1.30660983158690"
"exdqlm_univar_synth","draw_033",505,"2022-12-20","history","1.07396395053187"
"exdqlm_univar_synth","draw_033",505,"2022-12-21","history","1.21439256247153"
"exdqlm_univar_synth","draw_033",505,"2022-12-22","history","1.14880155457961"
"exdqlm_univar_synth","draw_033",505,"2022-12-23","history","1.45807301809496"
"exdqlm_univar_synth","draw_033",505,"2022-12-24","history","1.03759784902616"
"exdqlm_univar_synth","draw_033",505,"2022-12-25","history","1.01602853132428"
"exdqlm_univar_synth","draw_034",520,"2022-12-07","history","0.822221254536219"
"exdqlm_univar_synth","draw_034",520,"2022-12-08","history","0.945752779162523"
"exdqlm_univar_synth","draw_034",520,"2022-12-09","history","0.772951559178665"
"exdqlm_univar_synth","draw_034",520,"2022-12-10","history","1.26652066263725"
"exdqlm_univar_synth","draw_034",520,"2022-12-11","history","3.53514376051627"
"exdqlm_univar_synth","draw_034",520,"2022-12-12","history","2.79168214097796"
"exdqlm_univar_synth","draw_034",520,"2022-12-13","history","2.28034407001592"
"exdqlm_univar_synth","draw_034",520,"2022-12-14","history","1.36741831578376"
"exdqlm_univar_synth","draw_034",520,"2022-12-15","history","1.19806939622557"
"exdqlm_univar_synth","draw_034",520,"2022-12-16","history","1.53745923557938"
"exdqlm_univar_synth","draw_034",520,"2022-12-17","history","1.20792390798888"
"exdqlm_univar_synth","draw_034",520,"2022-12-18","history","1.27607853789789"
"exdqlm_univar_synth","draw_034",520,"2022-12-19","history","1.20754397738066"
"exdqlm_univar_synth","draw_034",520,"2022-12-20","history","1.19294093602818"
"exdqlm_univar_synth","draw_034",520,"2022-12-21","history","1.33416687957442"
"exdqlm_univar_synth","draw_034",520,"2022-12-22","history","1.39845003490565"
"exdqlm_univar_synth","draw_034",520,"2022-12-23","history","1.19766788724115"
"exdqlm_univar_synth","draw_034",520,"2022-12-24","history","0.824600504008770"
"exdqlm_univar_synth","draw_034",520,"2022-12-25","history","1.06748041263523"
"exdqlm_univar_synth","draw_035",536,"2022-12-07","history","0.945816155674374"
"exdqlm_univar_synth","draw_035",536,"2022-12-08","history","0.964453836958575"
"exdqlm_univar_synth","draw_035",536,"2022-12-09","history","1.09678431671986"
"exdqlm_univar_synth","draw_035",536,"2022-12-10","history","1.09345581509952"
"exdqlm_univar_synth","draw_035",536,"2022-12-11","history","2.59147143974809"
"exdqlm_univar_synth","draw_035",536,"2022-12-12","history","3.27393897110462"
"exdqlm_univar_synth","draw_035",536,"2022-12-13","history","2.18378638257369"
"exdqlm_univar_synth","draw_035",536,"2022-12-14","history","1.33071796952242"
"exdqlm_univar_synth","draw_035",536,"2022-12-15","history","1.04211404001544"
"exdqlm_univar_synth","draw_035",536,"2022-12-16","history","1.23762944500584"
"exdqlm_univar_synth","draw_035",536,"2022-12-17","history","1.19482135067900"
"exdqlm_univar_synth","draw_035",536,"2022-12-18","history","1.55827340737921"
"exdqlm_univar_synth","draw_035",536,"2022-12-19","history","1.07911837645992"
"exdqlm_univar_synth","draw_035",536,"2022-12-20","history","1.29292760744443"
"exdqlm_univar_synth","draw_035",536,"2022-12-21","history","1.13716339197121"
"exdqlm_univar_synth","draw_035",536,"2022-12-22","history","0.778960251028703"
"exdqlm_univar_synth","draw_035",536,"2022-12-23","history","1.03409483388711"
"exdqlm_univar_synth","draw_035",536,"2022-12-24","history","1.04597051229405"
"exdqlm_univar_synth","draw_035",536,"2022-12-25","history","1.11504880691781"
"exdqlm_univar_synth","draw_036",552,"2022-12-07","history","0.766763672020081"
"exdqlm_univar_synth","draw_036",552,"2022-12-08","history","0.660202012315120"
"exdqlm_univar_synth","draw_036",552,"2022-12-09","history","0.715461616737431"
"exdqlm_univar_synth","draw_036",552,"2022-12-10","history","1.29833438627640"
"exdqlm_univar_synth","draw_036",552,"2022-12-11","history","2.90842859046662"
"exdqlm_univar_synth","draw_036",552,"2022-12-12","history","3.33573656723663"
"exdqlm_univar_synth","draw_036",552,"2022-12-13","history","2.24815457897686"
"exdqlm_univar_synth","draw_036",552,"2022-12-14","history","1.27634907839131"
"exdqlm_univar_synth","draw_036",552,"2022-12-15","history","1.36553169421205"
"exdqlm_univar_synth","draw_036",552,"2022-12-16","history","1.35933742378726"
"exdqlm_univar_synth","draw_036",552,"2022-12-17","history","0.912306274565824"
"exdqlm_univar_synth","draw_036",552,"2022-12-18","history","1.33630588047307"
"exdqlm_univar_synth","draw_036",552,"2022-12-19","history","0.934534493853442"
"exdqlm_univar_synth","draw_036",552,"2022-12-20","history","1.14001328656573"
"exdqlm_univar_synth","draw_036",552,"2022-12-21","history","0.980989908488706"
"exdqlm_univar_synth","draw_036",552,"2022-12-22","history","0.822345993013744"
"exdqlm_univar_synth","draw_036",552,"2022-12-23","history","0.964122823627586"
"exdqlm_univar_synth","draw_036",552,"2022-12-24","history","1.31235132264101"
"exdqlm_univar_synth","draw_036",552,"2022-12-25","history","1.15076159111116"
"exdqlm_univar_synth","draw_037",568,"2022-12-07","history","0.714634924172260"
"exdqlm_univar_synth","draw_037",568,"2022-12-08","history","0.840291827061550"
"exdqlm_univar_synth","draw_037",568,"2022-12-09","history","1.53073674650277"
"exdqlm_univar_synth","draw_037",568,"2022-12-10","history","1.05462079923744"
"exdqlm_univar_synth","draw_037",568,"2022-12-11","history","3.15271753097101"
"exdqlm_univar_synth","draw_037",568,"2022-12-12","history","3.04732429919296"
"exdqlm_univar_synth","draw_037",568,"2022-12-13","history","2.24173693384482"
"exdqlm_univar_synth","draw_037",568,"2022-12-14","history","1.20370898439740"
"exdqlm_univar_synth","draw_037",568,"2022-12-15","history","1.21721633984951"
"exdqlm_univar_synth","draw_037",568,"2022-12-16","history","1.23736263382571"
"exdqlm_univar_synth","draw_037",568,"2022-12-17","history","1.58669625828783"
"exdqlm_univar_synth","draw_037",568,"2022-12-18","history","1.24578657924525"
"exdqlm_univar_synth","draw_037",568,"2022-12-19","history","1.18605457496917"
"exdqlm_univar_synth","draw_037",568,"2022-12-20","history","0.986792605770380"
"exdqlm_univar_synth","draw_037",568,"2022-12-21","history","1.17445003614361"
"exdqlm_univar_synth","draw_037",568,"2022-12-22","history","1.19137098725423"
"exdqlm_univar_synth","draw_037",568,"2022-12-23","history","1.03045167832350"
"exdqlm_univar_synth","draw_037",568,"2022-12-24","history","1.22447765094351"
"exdqlm_univar_synth","draw_037",568,"2022-12-25","history","0.994819104209106"
"exdqlm_univar_synth","draw_038",583,"2022-12-07","history","0.935083768148397"
"exdqlm_univar_synth","draw_038",583,"2022-12-08","history","0.935209835407129"
"exdqlm_univar_synth","draw_038",583,"2022-12-09","history","0.948550588497136"
"exdqlm_univar_synth","draw_038",583,"2022-12-10","history","1.30974934816846"
"exdqlm_univar_synth","draw_038",583,"2022-12-11","history","3.27947509638303"
"exdqlm_univar_synth","draw_038",583,"2022-12-12","history","2.60531989638686"
"exdqlm_univar_synth","draw_038",583,"2022-12-13","history","2.29404325435552"
"exdqlm_univar_synth","draw_038",583,"2022-12-14","history","1.62857197980757"
"exdqlm_univar_synth","draw_038",583,"2022-12-15","history","1.41759035863682"
"exdqlm_univar_synth","draw_038",583,"2022-12-16","history","1.19325509102440"
"exdqlm_univar_synth","draw_038",583,"2022-12-17","history","1.58505784662105"
"exdqlm_univar_synth","draw_038",583,"2022-12-18","history","1.49853799632705"
"exdqlm_univar_synth","draw_038",583,"2022-12-19","history","0.950396982928214"
"exdqlm_univar_synth","draw_038",583,"2022-12-20","history","1.19752654470752"
"exdqlm_univar_synth","draw_038",583,"2022-12-21","history","1.21393778247925"
"exdqlm_univar_synth","draw_038",583,"2022-12-22","history","0.876249967335919"
"exdqlm_univar_synth","draw_038",583,"2022-12-23","history","0.996712274398160"
"exdqlm_univar_synth","draw_038",583,"2022-12-24","history","0.830313887180133"
"exdqlm_univar_synth","draw_038",583,"2022-12-25","history","1.18796864862329"
"exdqlm_univar_synth","draw_039",599,"2022-12-07","history","0.664909696122107"
"exdqlm_univar_synth","draw_039",599,"2022-12-08","history","0.684168400679653"
"exdqlm_univar_synth","draw_039",599,"2022-12-09","history","0.712735968587396"
"exdqlm_univar_synth","draw_039",599,"2022-12-10","history","1.78546034997794"
"exdqlm_univar_synth","draw_039",599,"2022-12-11","history","3.74342703393737"
"exdqlm_univar_synth","draw_039",599,"2022-12-12","history","2.80271554652783"
"exdqlm_univar_synth","draw_039",599,"2022-12-13","history","1.78309309347004"
"exdqlm_univar_synth","draw_039",599,"2022-12-14","history","1.63913611912646"
"exdqlm_univar_synth","draw_039",599,"2022-12-15","history","1.24225991482594"
"exdqlm_univar_synth","draw_039",599,"2022-12-16","history","1.19269262327818"
"exdqlm_univar_synth","draw_039",599,"2022-12-17","history","1.07987492433407"
"exdqlm_univar_synth","draw_039",599,"2022-12-18","history","1.56210058437915"
"exdqlm_univar_synth","draw_039",599,"2022-12-19","history","1.12480802366361"
"exdqlm_univar_synth","draw_039",599,"2022-12-20","history","1.05568426763094"
"exdqlm_univar_synth","draw_039",599,"2022-12-21","history","0.876807927021506"
"exdqlm_univar_synth","draw_039",599,"2022-12-22","history","1.02405471017825"
"exdqlm_univar_synth","draw_039",599,"2022-12-23","history","1.04973792276301"
"exdqlm_univar_synth","draw_039",599,"2022-12-24","history","0.922896948320347"
"exdqlm_univar_synth","draw_039",599,"2022-12-25","history","0.821307607750510"
"exdqlm_univar_synth","draw_040",615,"2022-12-07","history","0.872952816766979"
"exdqlm_univar_synth","draw_040",615,"2022-12-08","history","0.944839536732566"
"exdqlm_univar_synth","draw_040",615,"2022-12-09","history","0.678652250813009"
"exdqlm_univar_synth","draw_040",615,"2022-12-10","history","1.75720808785030"
"exdqlm_univar_synth","draw_040",615,"2022-12-11","history","3.32658559188311"
"exdqlm_univar_synth","draw_040",615,"2022-12-12","history","2.58472429754751"
"exdqlm_univar_synth","draw_040",615,"2022-12-13","history","1.68084837425409"
"exdqlm_univar_synth","draw_040",615,"2022-12-14","history","1.14018573915236"
"exdqlm_univar_synth","draw_040",615,"2022-12-15","history","1.36155049387377"
"exdqlm_univar_synth","draw_040",615,"2022-12-16","history","1.38721633233920"
"exdqlm_univar_synth","draw_040",615,"2022-12-17","history","0.938282057458485"
"exdqlm_univar_synth","draw_040",615,"2022-12-18","history","0.958041567824442"
"exdqlm_univar_synth","draw_040",615,"2022-12-19","history","1.21581991303860"
"exdqlm_univar_synth","draw_040",615,"2022-12-20","history","1.13229165960368"
"exdqlm_univar_synth","draw_040",615,"2022-12-21","history","1.12455050046064"
"exdqlm_univar_synth","draw_040",615,"2022-12-22","history","1.22291060107917"
"exdqlm_univar_synth","draw_040",615,"2022-12-23","history","1.29900123430926"
"exdqlm_univar_synth","draw_040",615,"2022-12-24","history","0.939728052633377"
"exdqlm_univar_synth","draw_040",615,"2022-12-25","history","0.902311281488752"
"exdqlm_univar_synth","draw_041",631,"2022-12-07","history","1.10184167064695"
"exdqlm_univar_synth","draw_041",631,"2022-12-08","history","0.677410422115441"
"exdqlm_univar_synth","draw_041",631,"2022-12-09","history","0.871579142768717"
"exdqlm_univar_synth","draw_041",631,"2022-12-10","history","1.21106932504230"
"exdqlm_univar_synth","draw_041",631,"2022-12-11","history","3.22631679830496"
"exdqlm_univar_synth","draw_041",631,"2022-12-12","history","2.76054509729938"
"exdqlm_univar_synth","draw_041",631,"2022-12-13","history","1.93507072994119"
"exdqlm_univar_synth","draw_041",631,"2022-12-14","history","1.22192762873516"
"exdqlm_univar_synth","draw_041",631,"2022-12-15","history","1.22440019675103"
"exdqlm_univar_synth","draw_041",631,"2022-12-16","history","1.42254269416329"
"exdqlm_univar_synth","draw_041",631,"2022-12-17","history","1.42983542787643"
"exdqlm_univar_synth","draw_041",631,"2022-12-18","history","1.43072542919115"
"exdqlm_univar_synth","draw_041",631,"2022-12-19","history","0.962346945290460"
"exdqlm_univar_synth","draw_041",631,"2022-12-20","history","1.06215319105312"
"exdqlm_univar_synth","draw_041",631,"2022-12-21","history","0.910672627093333"
"exdqlm_univar_synth","draw_041",631,"2022-12-22","history","1.06752989104895"
"exdqlm_univar_synth","draw_041",631,"2022-12-23","history","1.16944125890688"
"exdqlm_univar_synth","draw_041",631,"2022-12-24","history","1.08615310462096"
"exdqlm_univar_synth","draw_041",631,"2022-12-25","history","1.16638398907421"
"exdqlm_univar_synth","draw_042",646,"2022-12-07","history","1.29658781725911"
"exdqlm_univar_synth","draw_042",646,"2022-12-08","history","0.586451102081881"
"exdqlm_univar_synth","draw_042",646,"2022-12-09","history","0.739797819139451"
"exdqlm_univar_synth","draw_042",646,"2022-12-10","history","1.64743668620683"
"exdqlm_univar_synth","draw_042",646,"2022-12-11","history","3.11639002132554"
"exdqlm_univar_synth","draw_042",646,"2022-12-12","history","2.28399426600363"
"exdqlm_univar_synth","draw_042",646,"2022-12-13","history","2.04514961198914"
"exdqlm_univar_synth","draw_042",646,"2022-12-14","history","1.58081529801799"
"exdqlm_univar_synth","draw_042",646,"2022-12-15","history","1.71616089709398"
"exdqlm_univar_synth","draw_042",646,"2022-12-16","history","1.28470381059275"
"exdqlm_univar_synth","draw_042",646,"2022-12-17","history","1.35584380242623"
"exdqlm_univar_synth","draw_042",646,"2022-12-18","history","1.56655157396275"
"exdqlm_univar_synth","draw_042",646,"2022-12-19","history","1.59255525106855"
"exdqlm_univar_synth","draw_042",646,"2022-12-20","history","1.16105832053672"
"exdqlm_univar_synth","draw_042",646,"2022-12-21","history","1.36427883142588"
"exdqlm_univar_synth","draw_042",646,"2022-12-22","history","0.976262937762962"
"exdqlm_univar_synth","draw_042",646,"2022-12-23","history","1.02372790568889"
"exdqlm_univar_synth","draw_042",646,"2022-12-24","history","1.07832946118240"
"exdqlm_univar_synth","draw_042",646,"2022-12-25","history","1.06309621741163"
"exdqlm_univar_synth","draw_043",662,"2022-12-07","history","0.792300067625283"
"exdqlm_univar_synth","draw_043",662,"2022-12-08","history","0.995055379077210"
"exdqlm_univar_synth","draw_043",662,"2022-12-09","history","0.930771660040834"
"exdqlm_univar_synth","draw_043",662,"2022-12-10","history","1.27332228782289"
"exdqlm_univar_synth","draw_043",662,"2022-12-11","history","2.86715519711293"
"exdqlm_univar_synth","draw_043",662,"2022-12-12","history","2.88878375985807"
"exdqlm_univar_synth","draw_043",662,"2022-12-13","history","2.21534945818243"
"exdqlm_univar_synth","draw_043",662,"2022-12-14","history","1.28167079205396"
"exdqlm_univar_synth","draw_043",662,"2022-12-15","history","1.03616481406620"
"exdqlm_univar_synth","draw_043",662,"2022-12-16","history","1.26598402455246"
"exdqlm_univar_synth","draw_043",662,"2022-12-17","history","1.50829722360291"
"exdqlm_univar_synth","draw_043",662,"2022-12-18","history","1.36269108540972"
"exdqlm_univar_synth","draw_043",662,"2022-12-19","history","1.07418893623266"
"exdqlm_univar_synth","draw_043",662,"2022-12-20","history","1.23261243425252"
"exdqlm_univar_synth","draw_043",662,"2022-12-21","history","1.36505784437308"
"exdqlm_univar_synth","draw_043",662,"2022-12-22","history","1.13161631225859"
"exdqlm_univar_synth","draw_043",662,"2022-12-23","history","1.35261205948109"
"exdqlm_univar_synth","draw_043",662,"2022-12-24","history","1.35364310125078"
"exdqlm_univar_synth","draw_043",662,"2022-12-25","history","1.02499842379934"
"exdqlm_univar_synth","draw_044",678,"2022-12-07","history","0.868470238913583"
"exdqlm_univar_synth","draw_044",678,"2022-12-08","history","0.766426255206124"
"exdqlm_univar_synth","draw_044",678,"2022-12-09","history","1.08874651732567"
"exdqlm_univar_synth","draw_044",678,"2022-12-10","history","1.18752539147975"
"exdqlm_univar_synth","draw_044",678,"2022-12-11","history","3.94855662421700"
"exdqlm_univar_synth","draw_044",678,"2022-12-12","history","2.59354758173703"
"exdqlm_univar_synth","draw_044",678,"2022-12-13","history","2.53199303904756"
"exdqlm_univar_synth","draw_044",678,"2022-12-14","history","1.21708994445983"
"exdqlm_univar_synth","draw_044",678,"2022-12-15","history","1.74304281183059"
"exdqlm_univar_synth","draw_044",678,"2022-12-16","history","1.15932564794675"
"exdqlm_univar_synth","draw_044",678,"2022-12-17","history","1.33616096112846"
"exdqlm_univar_synth","draw_044",678,"2022-12-18","history","0.982250426566991"
"exdqlm_univar_synth","draw_044",678,"2022-12-19","history","1.34370854974508"
"exdqlm_univar_synth","draw_044",678,"2022-12-20","history","1.07982900900658"
"exdqlm_univar_synth","draw_044",678,"2022-12-21","history","0.836515941631175"
"exdqlm_univar_synth","draw_044",678,"2022-12-22","history","1.17411867258006"
"exdqlm_univar_synth","draw_044",678,"2022-12-23","history","1.41555228640174"
"exdqlm_univar_synth","draw_044",678,"2022-12-24","history","1.40153714205362"
"exdqlm_univar_synth","draw_044",678,"2022-12-25","history","1.02872896206567"
"exdqlm_univar_synth","draw_045",694,"2022-12-07","history","0.802595181986123"
"exdqlm_univar_synth","draw_045",694,"2022-12-08","history","0.829815634813138"
"exdqlm_univar_synth","draw_045",694,"2022-12-09","history","1.35545995404528"
"exdqlm_univar_synth","draw_045",694,"2022-12-10","history","1.30865544485690"
"exdqlm_univar_synth","draw_045",694,"2022-12-11","history","3.68774005356175"
"exdqlm_univar_synth","draw_045",694,"2022-12-12","history","2.44815318444617"
"exdqlm_univar_synth","draw_045",694,"2022-12-13","history","1.99974201452334"
"exdqlm_univar_synth","draw_045",694,"2022-12-14","history","1.50832716909219"
"exdqlm_univar_synth","draw_045",694,"2022-12-15","history","1.43414283949195"
"exdqlm_univar_synth","draw_045",694,"2022-12-16","history","1.11672110108011"
"exdqlm_univar_synth","draw_045",694,"2022-12-17","history","1.11292314074243"
"exdqlm_univar_synth","draw_045",694,"2022-12-18","history","1.22707520391137"
"exdqlm_univar_synth","draw_045",694,"2022-12-19","history","1.06487411373639"
"exdqlm_univar_synth","draw_045",694,"2022-12-20","history","1.26722352533907"
"exdqlm_univar_synth","draw_045",694,"2022-12-21","history","1.03828531150799"
"exdqlm_univar_synth","draw_045",694,"2022-12-22","history","1.28819072131257"
"exdqlm_univar_synth","draw_045",694,"2022-12-23","history","1.22207667566827"
"exdqlm_univar_synth","draw_045",694,"2022-12-24","history","0.982828634162966"
"exdqlm_univar_synth","draw_045",694,"2022-12-25","history","1.39775473930050"
"exdqlm_univar_synth","draw_046",709,"2022-12-07","history","0.915024675593121"
"exdqlm_univar_synth","draw_046",709,"2022-12-08","history","1.12745318183977"
"exdqlm_univar_synth","draw_046",709,"2022-12-09","history","0.929088558463512"
"exdqlm_univar_synth","draw_046",709,"2022-12-10","history","0.841012199130840"
"exdqlm_univar_synth","draw_046",709,"2022-12-11","history","3.01413971586177"
"exdqlm_univar_synth","draw_046",709,"2022-12-12","history","2.43072758805263"
"exdqlm_univar_synth","draw_046",709,"2022-12-13","history","2.29842135719280"
"exdqlm_univar_synth","draw_046",709,"2022-12-14","history","1.03954153033464"
"exdqlm_univar_synth","draw_046",709,"2022-12-15","history","1.03331815158202"
"exdqlm_univar_synth","draw_046",709,"2022-12-16","history","1.62595030969975"
"exdqlm_univar_synth","draw_046",709,"2022-12-17","history","1.15404147537765"
"exdqlm_univar_synth","draw_046",709,"2022-12-18","history","0.987831115099468"
"exdqlm_univar_synth","draw_046",709,"2022-12-19","history","0.813220645239526"
"exdqlm_univar_synth","draw_046",709,"2022-12-20","history","1.18280448434823"
"exdqlm_univar_synth","draw_046",709,"2022-12-21","history","1.11997407275243"
"exdqlm_univar_synth","draw_046",709,"2022-12-22","history","1.14883038677043"
"exdqlm_univar_synth","draw_046",709,"2022-12-23","history","1.25078930766406"
"exdqlm_univar_synth","draw_046",709,"2022-12-24","history","0.981506181282115"
"exdqlm_univar_synth","draw_046",709,"2022-12-25","history","1.05268137049787"
"exdqlm_univar_synth","draw_047",725,"2022-12-07","history","1.05430841944249"
"exdqlm_univar_synth","draw_047",725,"2022-12-08","history","0.726564419826872"
"exdqlm_univar_synth","draw_047",725,"2022-12-09","history","0.874849129944818"
"exdqlm_univar_synth","draw_047",725,"2022-12-10","history","1.32048306732592"
"exdqlm_univar_synth","draw_047",725,"2022-12-11","history","2.75876750631941"
"exdqlm_univar_synth","draw_047",725,"2022-12-12","history","2.90495225211605"
"exdqlm_univar_synth","draw_047",725,"2022-12-13","history","1.64636814517506"
"exdqlm_univar_synth","draw_047",725,"2022-12-14","history","1.50367330087541"
"exdqlm_univar_synth","draw_047",725,"2022-12-15","history","1.33898658481988"
"exdqlm_univar_synth","draw_047",725,"2022-12-16","history","1.19767625229162"
"exdqlm_univar_synth","draw_047",725,"2022-12-17","history","1.00217477184013"
"exdqlm_univar_synth","draw_047",725,"2022-12-18","history","1.52487202729451"
"exdqlm_univar_synth","draw_047",725,"2022-12-19","history","0.952080806862817"
"exdqlm_univar_synth","draw_047",725,"2022-12-20","history","1.06001147208763"
"exdqlm_univar_synth","draw_047",725,"2022-12-21","history","1.34777304767018"
"exdqlm_univar_synth","draw_047",725,"2022-12-22","history","0.953128165322733"
"exdqlm_univar_synth","draw_047",725,"2022-12-23","history","0.960605689881720"
"exdqlm_univar_synth","draw_047",725,"2022-12-24","history","1.34197383708904"
"exdqlm_univar_synth","draw_047",725,"2022-12-25","history","1.09780568022428"
"exdqlm_univar_synth","draw_048",741,"2022-12-07","history","1.21751212795708"
"exdqlm_univar_synth","draw_048",741,"2022-12-08","history","0.726093906293015"
"exdqlm_univar_synth","draw_048",741,"2022-12-09","history","0.911509928587542"
"exdqlm_univar_synth","draw_048",741,"2022-12-10","history","0.999400858579102"
"exdqlm_univar_synth","draw_048",741,"2022-12-11","history","4.33739620228744"
"exdqlm_univar_synth","draw_048",741,"2022-12-12","history","2.14300397330171"
"exdqlm_univar_synth","draw_048",741,"2022-12-13","history","1.79127565979269"
"exdqlm_univar_synth","draw_048",741,"2022-12-14","history","1.19620000905685"
"exdqlm_univar_synth","draw_048",741,"2022-12-15","history","1.30889364880282"
"exdqlm_univar_synth","draw_048",741,"2022-12-16","history","1.18312525242982"
"exdqlm_univar_synth","draw_048",741,"2022-12-17","history","0.934256910508173"
"exdqlm_univar_synth","draw_048",741,"2022-12-18","history","1.28079612181989"
"exdqlm_univar_synth","draw_048",741,"2022-12-19","history","1.44327945864749"
"exdqlm_univar_synth","draw_048",741,"2022-12-20","history","1.32164201058659"
"exdqlm_univar_synth","draw_048",741,"2022-12-21","history","1.12143041586190"
"exdqlm_univar_synth","draw_048",741,"2022-12-22","history","1.18829908537712"
"exdqlm_univar_synth","draw_048",741,"2022-12-23","history","1.02888291574728"
"exdqlm_univar_synth","draw_048",741,"2022-12-24","history","0.890197135667090"
"exdqlm_univar_synth","draw_048",741,"2022-12-25","history","1.31481927854375"
"exdqlm_univar_synth","draw_049",757,"2022-12-07","history","0.802405977600591"
"exdqlm_univar_synth","draw_049",757,"2022-12-08","history","0.658875790152916"
"exdqlm_univar_synth","draw_049",757,"2022-12-09","history","0.764635057445115"
"exdqlm_univar_synth","draw_049",757,"2022-12-10","history","1.11761829945817"
"exdqlm_univar_synth","draw_049",757,"2022-12-11","history","2.57260941634769"
"exdqlm_univar_synth","draw_049",757,"2022-12-12","history","2.69482452412324"
"exdqlm_univar_synth","draw_049",757,"2022-12-13","history","1.74446332848132"
"exdqlm_univar_synth","draw_049",757,"2022-12-14","history","1.42448927617166"
"exdqlm_univar_synth","draw_049",757,"2022-12-15","history","1.19145617719476"
"exdqlm_univar_synth","draw_049",757,"2022-12-16","history","1.41585798089367"
"exdqlm_univar_synth","draw_049",757,"2022-12-17","history","1.50993927259321"
"exdqlm_univar_synth","draw_049",757,"2022-12-18","history","1.31795121187627"
"exdqlm_univar_synth","draw_049",757,"2022-12-19","history","1.31342836206184"
"exdqlm_univar_synth","draw_049",757,"2022-12-20","history","1.26386239377405"
"exdqlm_univar_synth","draw_049",757,"2022-12-21","history","1.14189636082450"
"exdqlm_univar_synth","draw_049",757,"2022-12-22","history","0.956305420496614"
"exdqlm_univar_synth","draw_049",757,"2022-12-23","history","1.20390883074289"
"exdqlm_univar_synth","draw_049",757,"2022-12-24","history","1.14268562203632"
"exdqlm_univar_synth","draw_049",757,"2022-12-25","history","0.840524261758383"
"exdqlm_univar_synth","draw_050",772,"2022-12-07","history","0.970239229746913"
"exdqlm_univar_synth","draw_050",772,"2022-12-08","history","0.451284290321734"
"exdqlm_univar_synth","draw_050",772,"2022-12-09","history","0.886606123158118"
"exdqlm_univar_synth","draw_050",772,"2022-12-10","history","1.05899468045989"
"exdqlm_univar_synth","draw_050",772,"2022-12-11","history","3.55388225816497"
"exdqlm_univar_synth","draw_050",772,"2022-12-12","history","2.46346287166605"
"exdqlm_univar_synth","draw_050",772,"2022-12-13","history","2.08968631837154"
"exdqlm_univar_synth","draw_050",772,"2022-12-14","history","1.48128117880076"
"exdqlm_univar_synth","draw_050",772,"2022-12-15","history","0"
"exdqlm_univar_synth","draw_050",772,"2022-12-16","history","1.37760658672353"
"exdqlm_univar_synth","draw_050",772,"2022-12-17","history","1.40701225583422"
"exdqlm_univar_synth","draw_050",772,"2022-12-18","history","1.08903483059773"
"exdqlm_univar_synth","draw_050",772,"2022-12-19","history","1.16425060233121"
"exdqlm_univar_synth","draw_050",772,"2022-12-20","history","1.35159728923156"
"exdqlm_univar_synth","draw_050",772,"2022-12-21","history","1.08497277428842"
"exdqlm_univar_synth","draw_050",772,"2022-12-22","history","0.862258844057815"
"exdqlm_univar_synth","draw_050",772,"2022-12-23","history","1.04334703487230"
"exdqlm_univar_synth","draw_050",772,"2022-12-24","history","1.13746543282117"
"exdqlm_univar_synth","draw_050",772,"2022-12-25","history","0.936653360006685"
"exdqlm_univar_synth","draw_051",788,"2022-12-07","history","1.35097830439543"
"exdqlm_univar_synth","draw_051",788,"2022-12-08","history","1.00822988154805"
"exdqlm_univar_synth","draw_051",788,"2022-12-09","history","1.02046901492459"
"exdqlm_univar_synth","draw_051",788,"2022-12-10","history","0.861768510273921"
"exdqlm_univar_synth","draw_051",788,"2022-12-11","history","2.54919345681745"
"exdqlm_univar_synth","draw_051",788,"2022-12-12","history","3.17442480785612"
"exdqlm_univar_synth","draw_051",788,"2022-12-13","history","2.03137279996631"
"exdqlm_univar_synth","draw_051",788,"2022-12-14","history","1.56275462486815"
"exdqlm_univar_synth","draw_051",788,"2022-12-15","history","1.18369819691875"
"exdqlm_univar_synth","draw_051",788,"2022-12-16","history","1.62716181073285"
"exdqlm_univar_synth","draw_051",788,"2022-12-17","history","1.04428788280083"
"exdqlm_univar_synth","draw_051",788,"2022-12-18","history","1.30256084462084"
"exdqlm_univar_synth","draw_051",788,"2022-12-19","history","1.12251686076373"
"exdqlm_univar_synth","draw_051",788,"2022-12-20","history","1.50630244517965"
"exdqlm_univar_synth","draw_051",788,"2022-12-21","history","1.42810331073507"
"exdqlm_univar_synth","draw_051",788,"2022-12-22","history","1.34512407914166"
"exdqlm_univar_synth","draw_051",788,"2022-12-23","history","1.15954036301034"
"exdqlm_univar_synth","draw_051",788,"2022-12-24","history","0.993103363180498"
"exdqlm_univar_synth","draw_051",788,"2022-12-25","history","1.20445453557482"
"exdqlm_univar_synth","draw_052",804,"2022-12-07","history","0.706534306079141"
"exdqlm_univar_synth","draw_052",804,"2022-12-08","history","0.932736803327068"
"exdqlm_univar_synth","draw_052",804,"2022-12-09","history","0.781114811634035"
"exdqlm_univar_synth","draw_052",804,"2022-12-10","history","1.06386773179276"
"exdqlm_univar_synth","draw_052",804,"2022-12-11","history","3.55615948730878"
"exdqlm_univar_synth","draw_052",804,"2022-12-12","history","3.25756595066060"
"exdqlm_univar_synth","draw_052",804,"2022-12-13","history","1.52614637689237"
"exdqlm_univar_synth","draw_052",804,"2022-12-14","history","1.55204918546877"
"exdqlm_univar_synth","draw_052",804,"2022-12-15","history","1.42865444778175"
"exdqlm_univar_synth","draw_052",804,"2022-12-16","history","0.867855050887111"
"exdqlm_univar_synth","draw_052",804,"2022-12-17","history","1.17766355993552"
"exdqlm_univar_synth","draw_052",804,"2022-12-18","history","1.18388418911274"
"exdqlm_univar_synth","draw_052",804,"2022-12-19","history","1.47134121607211"
"exdqlm_univar_synth","draw_052",804,"2022-12-20","history","1.54788351764911"
"exdqlm_univar_synth","draw_052",804,"2022-12-21","history","0.892168748483089"
"exdqlm_univar_synth","draw_052",804,"2022-12-22","history","1.16178283110131"
"exdqlm_univar_synth","draw_052",804,"2022-12-23","history","1.13894450126397"
"exdqlm_univar_synth","draw_052",804,"2022-12-24","history","1.20490436461576"
"exdqlm_univar_synth","draw_052",804,"2022-12-25","history","1.33244604105163"
"exdqlm_univar_synth","draw_053",819,"2022-12-07","history","0.911956503848394"
"exdqlm_univar_synth","draw_053",819,"2022-12-08","history","0.576759406356358"
"exdqlm_univar_synth","draw_053",819,"2022-12-09","history","0.746354046946355"
"exdqlm_univar_synth","draw_053",819,"2022-12-10","history","1.40004530026441"
"exdqlm_univar_synth","draw_053",819,"2022-12-11","history","2.70421457659566"
"exdqlm_univar_synth","draw_053",819,"2022-12-12","history","2.53581698361661"
"exdqlm_univar_synth","draw_053",819,"2022-12-13","history","2.40668758683099"
"exdqlm_univar_synth","draw_053",819,"2022-12-14","history","1.26707890913799"
"exdqlm_univar_synth","draw_053",819,"2022-12-15","history","1.23014858217659"
"exdqlm_univar_synth","draw_053",819,"2022-12-16","history","0.975691601392812"
"exdqlm_univar_synth","draw_053",819,"2022-12-17","history","1.06565010716017"
"exdqlm_univar_synth","draw_053",819,"2022-12-18","history","1.45531691919013"
"exdqlm_univar_synth","draw_053",819,"2022-12-19","history","1.43609604259613"
"exdqlm_univar_synth","draw_053",819,"2022-12-20","history","1.15515652008483"
"exdqlm_univar_synth","draw_053",819,"2022-12-21","history","1.21219493200446"
"exdqlm_univar_synth","draw_053",819,"2022-12-22","history","1.09293007579405"
"exdqlm_univar_synth","draw_053",819,"2022-12-23","history","1.49789363996645"
"exdqlm_univar_synth","draw_053",819,"2022-12-24","history","1.07631395866563"
"exdqlm_univar_synth","draw_053",819,"2022-12-25","history","1.14267447188227"
"exdqlm_univar_synth","draw_054",835,"2022-12-07","history","1.25838426759511"
"exdqlm_univar_synth","draw_054",835,"2022-12-08","history","1.16168114968980"
"exdqlm_univar_synth","draw_054",835,"2022-12-09","history","0.909387899530402"
"exdqlm_univar_synth","draw_054",835,"2022-12-10","history","1.16721260386659"
"exdqlm_univar_synth","draw_054",835,"2022-12-11","history","2.81989147013084"
"exdqlm_univar_synth","draw_054",835,"2022-12-12","history","2.31424671531329"
"exdqlm_univar_synth","draw_054",835,"2022-12-13","history","1.93198596140874"
"exdqlm_univar_synth","draw_054",835,"2022-12-14","history","1.91200203166666"
"exdqlm_univar_synth","draw_054",835,"2022-12-15","history","1.32482365019826"
"exdqlm_univar_synth","draw_054",835,"2022-12-16","history","1.36422522181490"
"exdqlm_univar_synth","draw_054",835,"2022-12-17","history","1.60777103418917"
"exdqlm_univar_synth","draw_054",835,"2022-12-18","history","1.23748166734351"
"exdqlm_univar_synth","draw_054",835,"2022-12-19","history","1.07698249743949"
"exdqlm_univar_synth","draw_054",835,"2022-12-20","history","1.13678293831364"
"exdqlm_univar_synth","draw_054",835,"2022-12-21","history","1.13501427417643"
"exdqlm_univar_synth","draw_054",835,"2022-12-22","history","1.34554711207812"
"exdqlm_univar_synth","draw_054",835,"2022-12-23","history","0.858202246095793"
"exdqlm_univar_synth","draw_054",835,"2022-12-24","history","0.965432629082781"
"exdqlm_univar_synth","draw_054",835,"2022-12-25","history","1.56907259137864"
"exdqlm_univar_synth","draw_055",851,"2022-12-07","history","0.551001688039085"
"exdqlm_univar_synth","draw_055",851,"2022-12-08","history","1.15624294639103"
"exdqlm_univar_synth","draw_055",851,"2022-12-09","history","1.27120211840849"
"exdqlm_univar_synth","draw_055",851,"2022-12-10","history","0.832354703688700"
"exdqlm_univar_synth","draw_055",851,"2022-12-11","history","3.18269677728243"
"exdqlm_univar_synth","draw_055",851,"2022-12-12","history","3.09528774810867"
"exdqlm_univar_synth","draw_055",851,"2022-12-13","history","2.28838482785504"
"exdqlm_univar_synth","draw_055",851,"2022-12-14","history","1.24645053158529"
"exdqlm_univar_synth","draw_055",851,"2022-12-15","history","1.22396436798866"
"exdqlm_univar_synth","draw_055",851,"2022-12-16","history","1.10429728552732"
"exdqlm_univar_synth","draw_055",851,"2022-12-17","history","1.18970634314068"
"exdqlm_univar_synth","draw_055",851,"2022-12-18","history","1.14281943935153"
"exdqlm_univar_synth","draw_055",851,"2022-12-19","history","1.16957096767427"
"exdqlm_univar_synth","draw_055",851,"2022-12-20","history","1.00954116680460"
"exdqlm_univar_synth","draw_055",851,"2022-12-21","history","0.980301370486801"
"exdqlm_univar_synth","draw_055",851,"2022-12-22","history","1.30886263700728"
"exdqlm_univar_synth","draw_055",851,"2022-12-23","history","0.998430657907052"
"exdqlm_univar_synth","draw_055",851,"2022-12-24","history","1.20966723585612"
"exdqlm_univar_synth","draw_055",851,"2022-12-25","history","0.893756652081974"
"exdqlm_univar_synth","draw_056",867,"2022-12-07","history","0.969970258152067"
"exdqlm_univar_synth","draw_056",867,"2022-12-08","history","0.970482042075585"
"exdqlm_univar_synth","draw_056",867,"2022-12-09","history","0.903662692018736"
"exdqlm_univar_synth","draw_056",867,"2022-12-10","history","1.09670802987210"
"exdqlm_univar_synth","draw_056",867,"2022-12-11","history","4.07966130146823"
"exdqlm_univar_synth","draw_056",867,"2022-12-12","history","2.27305129450091"
"exdqlm_univar_synth","draw_056",867,"2022-12-13","history","2.23219914121441"
"exdqlm_univar_synth","draw_056",867,"2022-12-14","history","1.43758979337461"
"exdqlm_univar_synth","draw_056",867,"2022-12-15","history","1.07442563123591"
"exdqlm_univar_synth","draw_056",867,"2022-12-16","history","1.14261561389105"
"exdqlm_univar_synth","draw_056",867,"2022-12-17","history","0.965668378725050"
"exdqlm_univar_synth","draw_056",867,"2022-12-18","history","1.33348266169473"
"exdqlm_univar_synth","draw_056",867,"2022-12-19","history","0.964997901017529"
"exdqlm_univar_synth","draw_056",867,"2022-12-20","history","1.16956685550987"
"exdqlm_univar_synth","draw_056",867,"2022-12-21","history","1.45943381148318"
"exdqlm_univar_synth","draw_056",867,"2022-12-22","history","1.27057693807917"
"exdqlm_univar_synth","draw_056",867,"2022-12-23","history","1.24873866090499"
"exdqlm_univar_synth","draw_056",867,"2022-12-24","history","1.14374051163855"
"exdqlm_univar_synth","draw_056",867,"2022-12-25","history","1.05372884074992"
"exdqlm_univar_synth","draw_057",882,"2022-12-07","history","1.09124196530812"
"exdqlm_univar_synth","draw_057",882,"2022-12-08","history","0.842950029599510"
"exdqlm_univar_synth","draw_057",882,"2022-12-09","history","0.701646566821426"
"exdqlm_univar_synth","draw_057",882,"2022-12-10","history","1.34069119404148"
"exdqlm_univar_synth","draw_057",882,"2022-12-11","history","3.34130067428734"
"exdqlm_univar_synth","draw_057",882,"2022-12-12","history","2.51606977093793"
"exdqlm_univar_synth","draw_057",882,"2022-12-13","history","1.67086853979966"
"exdqlm_univar_synth","draw_057",882,"2022-12-14","history","1.31673548165911"
"exdqlm_univar_synth","draw_057",882,"2022-12-15","history","1.06332319461893"
"exdqlm_univar_synth","draw_057",882,"2022-12-16","history","1.13331514387056"
"exdqlm_univar_synth","draw_057",882,"2022-12-17","history","1.28070483005888"
"exdqlm_univar_synth","draw_057",882,"2022-12-18","history","1.21311379857447"
"exdqlm_univar_synth","draw_057",882,"2022-12-19","history","1.06236242369647"
"exdqlm_univar_synth","draw_057",882,"2022-12-20","history","1.43358560524526"
"exdqlm_univar_synth","draw_057",882,"2022-12-21","history","1.24938830387378"
"exdqlm_univar_synth","draw_057",882,"2022-12-22","history","1.07989165164794"
"exdqlm_univar_synth","draw_057",882,"2022-12-23","history","1.11982291802096"
"exdqlm_univar_synth","draw_057",882,"2022-12-24","history","1.21448112168146"
"exdqlm_univar_synth","draw_057",882,"2022-12-25","history","1.15340290858838"
"exdqlm_univar_synth","draw_058",898,"2022-12-07","history","1.37382390215992"
"exdqlm_univar_synth","draw_058",898,"2022-12-08","history","1.06078282047865"
"exdqlm_univar_synth","draw_058",898,"2022-12-09","history","0.959263498986269"
"exdqlm_univar_synth","draw_058",898,"2022-12-10","history","1.36168653555963"
"exdqlm_univar_synth","draw_058",898,"2022-12-11","history","3.69373074573737"
"exdqlm_univar_synth","draw_058",898,"2022-12-12","history","2.94508692532539"
"exdqlm_univar_synth","draw_058",898,"2022-12-13","history","2.18240792229510"
"exdqlm_univar_synth","draw_058",898,"2022-12-14","history","1.13041663217998"
"exdqlm_univar_synth","draw_058",898,"2022-12-15","history","1.40000849801963"
"exdqlm_univar_synth","draw_058",898,"2022-12-16","history","1.16790038048104"
"exdqlm_univar_synth","draw_058",898,"2022-12-17","history","1.18364616928942"
"exdqlm_univar_synth","draw_058",898,"2022-12-18","history","1.11923818548348"
"exdqlm_univar_synth","draw_058",898,"2022-12-19","history","1.14110286082091"
"exdqlm_univar_synth","draw_058",898,"2022-12-20","history","1.24575821458368"
"exdqlm_univar_synth","draw_058",898,"2022-12-21","history","1.00685984591482"
"exdqlm_univar_synth","draw_058",898,"2022-12-22","history","1.24793341375810"
"exdqlm_univar_synth","draw_058",898,"2022-12-23","history","1.30161612816021"
"exdqlm_univar_synth","draw_058",898,"2022-12-24","history","1.12037001378816"
"exdqlm_univar_synth","draw_058",898,"2022-12-25","history","1.10396201799027"
"exdqlm_univar_synth","draw_059",914,"2022-12-07","history","1.13042725188726"
"exdqlm_univar_synth","draw_059",914,"2022-12-08","history","1.11238947528821"
"exdqlm_univar_synth","draw_059",914,"2022-12-09","history","1.00966917113051"
"exdqlm_univar_synth","draw_059",914,"2022-12-10","history","1.16689168711565"
"exdqlm_univar_synth","draw_059",914,"2022-12-11","history","3.97854296942541"
"exdqlm_univar_synth","draw_059",914,"2022-12-12","history","3.14916313534865"
"exdqlm_univar_synth","draw_059",914,"2022-12-13","history","1.83993410592119"
"exdqlm_univar_synth","draw_059",914,"2022-12-14","history","1.55760829778562"
"exdqlm_univar_synth","draw_059",914,"2022-12-15","history","1.14263505022550"
"exdqlm_univar_synth","draw_059",914,"2022-12-16","history","1.66522851208686"
"exdqlm_univar_synth","draw_059",914,"2022-12-17","history","1.17082582637072"
"exdqlm_univar_synth","draw_059",914,"2022-12-18","history","1.15747622730070"
"exdqlm_univar_synth","draw_059",914,"2022-12-19","history","1.09540070590835"
"exdqlm_univar_synth","draw_059",914,"2022-12-20","history","0.949367996255424"
"exdqlm_univar_synth","draw_059",914,"2022-12-21","history","1.08042516245160"
"exdqlm_univar_synth","draw_059",914,"2022-12-22","history","0.882464586273364"
"exdqlm_univar_synth","draw_059",914,"2022-12-23","history","1.38999712822741"
"exdqlm_univar_synth","draw_059",914,"2022-12-24","history","1.06251904156241"
"exdqlm_univar_synth","draw_059",914,"2022-12-25","history","1.20194106864509"
"exdqlm_univar_synth","draw_060",930,"2022-12-07","history","1.01649077870073"
"exdqlm_univar_synth","draw_060",930,"2022-12-08","history","0.508710339651135"
"exdqlm_univar_synth","draw_060",930,"2022-12-09","history","1.13418658967430"
"exdqlm_univar_synth","draw_060",930,"2022-12-10","history","1.16973110501322"
"exdqlm_univar_synth","draw_060",930,"2022-12-11","history","3.60499911736654"
"exdqlm_univar_synth","draw_060",930,"2022-12-12","history","3.43726991342298"
"exdqlm_univar_synth","draw_060",930,"2022-12-13","history","1.53238041724549"
"exdqlm_univar_synth","draw_060",930,"2022-12-14","history","1.37419395881665"
"exdqlm_univar_synth","draw_060",930,"2022-12-15","history","1.52936722526184"
"exdqlm_univar_synth","draw_060",930,"2022-12-16","history","1.32575363086692"
"exdqlm_univar_synth","draw_060",930,"2022-12-17","history","1.13331650235464"
"exdqlm_univar_synth","draw_060",930,"2022-12-18","history","1.16134257661901"
"exdqlm_univar_synth","draw_060",930,"2022-12-19","history","1.37360051820013"
"exdqlm_univar_synth","draw_060",930,"2022-12-20","history","1.09049414047310"
"exdqlm_univar_synth","draw_060",930,"2022-12-21","history","0.943487558274346"
"exdqlm_univar_synth","draw_060",930,"2022-12-22","history","1.08112231683259"
"exdqlm_univar_synth","draw_060",930,"2022-12-23","history","1.19724258215595"
"exdqlm_univar_synth","draw_060",930,"2022-12-24","history","1.13897933215010"
"exdqlm_univar_synth","draw_060",930,"2022-12-25","history","1.23826604153939"
"exdqlm_univar_synth","draw_061",945,"2022-12-07","history","1.07452982514410"
"exdqlm_univar_synth","draw_061",945,"2022-12-08","history","0.801008426769839"
"exdqlm_univar_synth","draw_061",945,"2022-12-09","history","1.52061218721375"
"exdqlm_univar_synth","draw_061",945,"2022-12-10","history","1.64847932505818"
"exdqlm_univar_synth","draw_061",945,"2022-12-11","history","3.64088267755872"
"exdqlm_univar_synth","draw_061",945,"2022-12-12","history","2.77369830901517"
"exdqlm_univar_synth","draw_061",945,"2022-12-13","history","1.96257146638565"
"exdqlm_univar_synth","draw_061",945,"2022-12-14","history","1.66796512089160"
"exdqlm_univar_synth","draw_061",945,"2022-12-15","history","1.74441599467613"
"exdqlm_univar_synth","draw_061",945,"2022-12-16","history","1.54798917193229"
"exdqlm_univar_synth","draw_061",945,"2022-12-17","history","1.27325868616951"
"exdqlm_univar_synth","draw_061",945,"2022-12-18","history","1.08957964412088"
"exdqlm_univar_synth","draw_061",945,"2022-12-19","history","1.12105680401434"
"exdqlm_univar_synth","draw_061",945,"2022-12-20","history","1.29390551603456"
"exdqlm_univar_synth","draw_061",945,"2022-12-21","history","1.17390898297751"
"exdqlm_univar_synth","draw_061",945,"2022-12-22","history","1.30860909826049"
"exdqlm_univar_synth","draw_061",945,"2022-12-23","history","1.13302877308448"
"exdqlm_univar_synth","draw_061",945,"2022-12-24","history","1.08026898091170"
"exdqlm_univar_synth","draw_061",945,"2022-12-25","history","1.44056245635451"
"exdqlm_univar_synth","draw_062",961,"2022-12-07","history","1.01562885440186"
"exdqlm_univar_synth","draw_062",961,"2022-12-08","history","1.20867751371823"
"exdqlm_univar_synth","draw_062",961,"2022-12-09","history","0.991701869995125"
"exdqlm_univar_synth","draw_062",961,"2022-12-10","history","1.54026970722078"
"exdqlm_univar_synth","draw_062",961,"2022-12-11","history","2.62450327612203"
"exdqlm_univar_synth","draw_062",961,"2022-12-12","history","2.80988260574053"
"exdqlm_univar_synth","draw_062",961,"2022-12-13","history","2.22930510416769"
"exdqlm_univar_synth","draw_062",961,"2022-12-14","history","1.88858889834036"
"exdqlm_univar_synth","draw_062",961,"2022-12-15","history","0.994274932302256"
"exdqlm_univar_synth","draw_062",961,"2022-12-16","history","1.44454682972943"
"exdqlm_univar_synth","draw_062",961,"2022-12-17","history","1.24785002688252"
"exdqlm_univar_synth","draw_062",961,"2022-12-18","history","1.34799011663432"
"exdqlm_univar_synth","draw_062",961,"2022-12-19","history","1.54446989919039"
"exdqlm_univar_synth","draw_062",961,"2022-12-20","history","1.00753471349881"
"exdqlm_univar_synth","draw_062",961,"2022-12-21","history","1.23061933289894"
"exdqlm_univar_synth","draw_062",961,"2022-12-22","history","1.00700682582483"
"exdqlm_univar_synth","draw_062",961,"2022-12-23","history","1.10727466199624"
"exdqlm_univar_synth","draw_062",961,"2022-12-24","history","1.05003070888802"
"exdqlm_univar_synth","draw_062",961,"2022-12-25","history","1.34863932694699"
"exdqlm_univar_synth","draw_063",977,"2022-12-07","history","0.863777096876005"
"exdqlm_univar_synth","draw_063",977,"2022-12-08","history","0.708325884413652"
"exdqlm_univar_synth","draw_063",977,"2022-12-09","history","0.889103888140527"
"exdqlm_univar_synth","draw_063",977,"2022-12-10","history","1.26281975186377"
"exdqlm_univar_synth","draw_063",977,"2022-12-11","history","3.36920182385167"
"exdqlm_univar_synth","draw_063",977,"2022-12-12","history","3.04582826234922"
"exdqlm_univar_synth","draw_063",977,"2022-12-13","history","2.24219575809569"
"exdqlm_univar_synth","draw_063",977,"2022-12-14","history","1.37884226317244"
"exdqlm_univar_synth","draw_063",977,"2022-12-15","history","1.12365333809361"
"exdqlm_univar_synth","draw_063",977,"2022-12-16","history","1.14000527266596"
"exdqlm_univar_synth","draw_063",977,"2022-12-17","history","0.964941433647831"
"exdqlm_univar_synth","draw_063",977,"2022-12-18","history","0.943405894787874"
"exdqlm_univar_synth","draw_063",977,"2022-12-19","history","0.876359543263371"
"exdqlm_univar_synth","draw_063",977,"2022-12-20","history","1.48995212781929"
"exdqlm_univar_synth","draw_063",977,"2022-12-21","history","1.42529704410645"
"exdqlm_univar_synth","draw_063",977,"2022-12-22","history","1.06446027867348"
"exdqlm_univar_synth","draw_063",977,"2022-12-23","history","0.804837074716219"
"exdqlm_univar_synth","draw_063",977,"2022-12-24","history","0.892521512956977"
"exdqlm_univar_synth","draw_063",977,"2022-12-25","history","0.908684693695002"
"exdqlm_univar_synth","draw_064",993,"2022-12-07","history","1.29504936468144"
"exdqlm_univar_synth","draw_064",993,"2022-12-08","history","0.686634439181523"
"exdqlm_univar_synth","draw_064",993,"2022-12-09","history","1.49942997468223"
"exdqlm_univar_synth","draw_064",993,"2022-12-10","history","1.17719435276293"
"exdqlm_univar_synth","draw_064",993,"2022-12-11","history","2.97330509716176"
"exdqlm_univar_synth","draw_064",993,"2022-12-12","history","2.19204203397460"
"exdqlm_univar_synth","draw_064",993,"2022-12-13","history","2.08195205198915"
"exdqlm_univar_synth","draw_064",993,"2022-12-14","history","1.58024027609089"
"exdqlm_univar_synth","draw_064",993,"2022-12-15","history","1.17591896188150"
"exdqlm_univar_synth","draw_064",993,"2022-12-16","history","0.986882624011316"
"exdqlm_univar_synth","draw_064",993,"2022-12-17","history","1.53542633419146"
"exdqlm_univar_synth","draw_064",993,"2022-12-18","history","1.58316905390710"
"exdqlm_univar_synth","draw_064",993,"2022-12-19","history","1.29734824426896"
"exdqlm_univar_synth","draw_064",993,"2022-12-20","history","0.953615459124996"
"exdqlm_univar_synth","draw_064",993,"2022-12-21","history","1.04160521100325"
"exdqlm_univar_synth","draw_064",993,"2022-12-22","history","0.939695895587336"
"exdqlm_univar_synth","draw_064",993,"2022-12-23","history","1.25866272522678"
"exdqlm_univar_synth","draw_064",993,"2022-12-24","history","1.44399488908205"
"exdqlm_univar_synth","draw_064",993,"2022-12-25","history","1.04186969136810"
"exdqlm_univar_synth","draw_065",1008,"2022-12-07","history","1.06504000477651"
"exdqlm_univar_synth","draw_065",1008,"2022-12-08","history","1.00370674687072"
"exdqlm_univar_synth","draw_065",1008,"2022-12-09","history","1.48683776549991"
"exdqlm_univar_synth","draw_065",1008,"2022-12-10","history","1.21259445029688"
"exdqlm_univar_synth","draw_065",1008,"2022-12-11","history","3.36868199878481"
"exdqlm_univar_synth","draw_065",1008,"2022-12-12","history","2.64428133751391"
"exdqlm_univar_synth","draw_065",1008,"2022-12-13","history","2.68574540544206"
"exdqlm_univar_synth","draw_065",1008,"2022-12-14","history","1.06288639538790"
"exdqlm_univar_synth","draw_065",1008,"2022-12-15","history","0.970400729994616"
"exdqlm_univar_synth","draw_065",1008,"2022-12-16","history","1.12099538432118"
"exdqlm_univar_synth","draw_065",1008,"2022-12-17","history","1.27204795101643"
"exdqlm_univar_synth","draw_065",1008,"2022-12-18","history","1.16604887401849"
"exdqlm_univar_synth","draw_065",1008,"2022-12-19","history","1.20298831652704"
"exdqlm_univar_synth","draw_065",1008,"2022-12-20","history","1.14819110681749"
"exdqlm_univar_synth","draw_065",1008,"2022-12-21","history","0.926570246523931"
"exdqlm_univar_synth","draw_065",1008,"2022-12-22","history","0.836215930767083"
"exdqlm_univar_synth","draw_065",1008,"2022-12-23","history","1.10288759630156"
"exdqlm_univar_synth","draw_065",1008,"2022-12-24","history","1.09390966162090"
"exdqlm_univar_synth","draw_065",1008,"2022-12-25","history","1.07186423275448"
"exdqlm_univar_synth","draw_066",1024,"2022-12-07","history","0.786061465159050"
"exdqlm_univar_synth","draw_066",1024,"2022-12-08","history","0.797635032466691"
"exdqlm_univar_synth","draw_066",1024,"2022-12-09","history","1.45420948883279"
"exdqlm_univar_synth","draw_066",1024,"2022-12-10","history","1.66883731225050"
"exdqlm_univar_synth","draw_066",1024,"2022-12-11","history","3.30209575226906"
"exdqlm_univar_synth","draw_066",1024,"2022-12-12","history","2.83066825264335"
"exdqlm_univar_synth","draw_066",1024,"2022-12-13","history","2.30029808376589"
"exdqlm_univar_synth","draw_066",1024,"2022-12-14","history","1.30053819827860"
"exdqlm_univar_synth","draw_066",1024,"2022-12-15","history","1.32476087946584"
"exdqlm_univar_synth","draw_066",1024,"2022-12-16","history","1.15812803906375"
"exdqlm_univar_synth","draw_066",1024,"2022-12-17","history","1.14801465064221"
"exdqlm_univar_synth","draw_066",1024,"2022-12-18","history","0.978810855556520"
"exdqlm_univar_synth","draw_066",1024,"2022-12-19","history","1.34725062293280"
"exdqlm_univar_synth","draw_066",1024,"2022-12-20","history","1.10067965560516"
"exdqlm_univar_synth","draw_066",1024,"2022-12-21","history","1.03937380875637"
"exdqlm_univar_synth","draw_066",1024,"2022-12-22","history","1.08867450740146"
"exdqlm_univar_synth","draw_066",1024,"2022-12-23","history","1.18974042346873"
"exdqlm_univar_synth","draw_066",1024,"2022-12-24","history","1.24346005963384"
"exdqlm_univar_synth","draw_066",1024,"2022-12-25","history","1.00263830814785"
"exdqlm_univar_synth","draw_067",1040,"2022-12-07","history","1.02527896465141"
"exdqlm_univar_synth","draw_067",1040,"2022-12-08","history","0.808254007539638"
"exdqlm_univar_synth","draw_067",1040,"2022-12-09","history","1.19941035201628"
"exdqlm_univar_synth","draw_067",1040,"2022-12-10","history","1.18740901727324"
"exdqlm_univar_synth","draw_067",1040,"2022-12-11","history","3.08369749219694"
"exdqlm_univar_synth","draw_067",1040,"2022-12-12","history","2.52820250956791"
"exdqlm_univar_synth","draw_067",1040,"2022-12-13","history","1.89273657641333"
"exdqlm_univar_synth","draw_067",1040,"2022-12-14","history","1.61356138984250"
"exdqlm_univar_synth","draw_067",1040,"2022-12-15","history","1.63495402757956"
"exdqlm_univar_synth","draw_067",1040,"2022-12-16","history","1.30603236216217"
"exdqlm_univar_synth","draw_067",1040,"2022-12-17","history","1.23445625722176"
"exdqlm_univar_synth","draw_067",1040,"2022-12-18","history","1.09566049076781"
"exdqlm_univar_synth","draw_067",1040,"2022-12-19","history","1.19881031628085"
"exdqlm_univar_synth","draw_067",1040,"2022-12-20","history","1.41206110177435"
"exdqlm_univar_synth","draw_067",1040,"2022-12-21","history","1.48906334995831"
"exdqlm_univar_synth","draw_067",1040,"2022-12-22","history","1.06822433879406"
"exdqlm_univar_synth","draw_067",1040,"2022-12-23","history","1.15420254488502"
"exdqlm_univar_synth","draw_067",1040,"2022-12-24","history","0.968281839636594"
"exdqlm_univar_synth","draw_067",1040,"2022-12-25","history","1.18955744876644"
"exdqlm_univar_synth","draw_068",1056,"2022-12-07","history","1.21408418789455"
"exdqlm_univar_synth","draw_068",1056,"2022-12-08","history","1.01456502195163"
"exdqlm_univar_synth","draw_068",1056,"2022-12-09","history","1.12417804452143"
"exdqlm_univar_synth","draw_068",1056,"2022-12-10","history","1.49282060778131"
"exdqlm_univar_synth","draw_068",1056,"2022-12-11","history","4.36498981827683"
"exdqlm_univar_synth","draw_068",1056,"2022-12-12","history","2.91695627417711"
"exdqlm_univar_synth","draw_068",1056,"2022-12-13","history","1.80988431272732"
"exdqlm_univar_synth","draw_068",1056,"2022-12-14","history","1.74643146043515"
"exdqlm_univar_synth","draw_068",1056,"2022-12-15","history","1.12129429944990"
"exdqlm_univar_synth","draw_068",1056,"2022-12-16","history","1.64356378297119"
"exdqlm_univar_synth","draw_068",1056,"2022-12-17","history","1.35225734880111"
"exdqlm_univar_synth","draw_068",1056,"2022-12-18","history","1.28994185233511"
"exdqlm_univar_synth","draw_068",1056,"2022-12-19","history","0.912164629046177"
"exdqlm_univar_synth","draw_068",1056,"2022-12-20","history","1.08691261500690"
"exdqlm_univar_synth","draw_068",1056,"2022-12-21","history","0.920426633233475"
"exdqlm_univar_synth","draw_068",1056,"2022-12-22","history","0.955876665070891"
"exdqlm_univar_synth","draw_068",1056,"2022-12-23","history","1.00066949114776"
"exdqlm_univar_synth","draw_068",1056,"2022-12-24","history","1.09895991592477"
"exdqlm_univar_synth","draw_068",1056,"2022-12-25","history","1.08989951607751"
"exdqlm_univar_synth","draw_069",1071,"2022-12-07","history","0.892699290265886"
"exdqlm_univar_synth","draw_069",1071,"2022-12-08","history","1.13940340005528"
"exdqlm_univar_synth","draw_069",1071,"2022-12-09","history","1.18974720083279"
"exdqlm_univar_synth","draw_069",1071,"2022-12-10","history","0.896462447446731"
"exdqlm_univar_synth","draw_069",1071,"2022-12-11","history","3.14627463107195"
"exdqlm_univar_synth","draw_069",1071,"2022-12-12","history","2.28493043052542"
"exdqlm_univar_synth","draw_069",1071,"2022-12-13","history","2.05264976783511"
"exdqlm_univar_synth","draw_069",1071,"2022-12-14","history","1.29067581413732"
"exdqlm_univar_synth","draw_069",1071,"2022-12-15","history","1.33453440666464"
"exdqlm_univar_synth","draw_069",1071,"2022-12-16","history","1.02115617519198"
"exdqlm_univar_synth","draw_069",1071,"2022-12-17","history","1.14736424006652"
"exdqlm_univar_synth","draw_069",1071,"2022-12-18","history","1.58261911510021"
"exdqlm_univar_synth","draw_069",1071,"2022-12-19","history","0.830588754229576"
"exdqlm_univar_synth","draw_069",1071,"2022-12-20","history","1.11878138270792"
"exdqlm_univar_synth","draw_069",1071,"2022-12-21","history","1.06262594853679"
"exdqlm_univar_synth","draw_069",1071,"2022-12-22","history","0.891236193264678"
"exdqlm_univar_synth","draw_069",1071,"2022-12-23","history","0"
"exdqlm_univar_synth","draw_069",1071,"2022-12-24","history","1.03547831925046"
"exdqlm_univar_synth","draw_069",1071,"2022-12-25","history","0.885938852002756"
"exdqlm_univar_synth","draw_070",1087,"2022-12-07","history","0.940087237205060"
"exdqlm_univar_synth","draw_070",1087,"2022-12-08","history","0.803736360845075"
"exdqlm_univar_synth","draw_070",1087,"2022-12-09","history","1.28646445981808"
"exdqlm_univar_synth","draw_070",1087,"2022-12-10","history","0"
"exdqlm_univar_synth","draw_070",1087,"2022-12-11","history","3.25394401614095"
"exdqlm_univar_synth","draw_070",1087,"2022-12-12","history","2.16276946538152"
"exdqlm_univar_synth","draw_070",1087,"2022-12-13","history","0.271672269012430"
"exdqlm_univar_synth","draw_070",1087,"2022-12-14","history","1.79432604947942"
"exdqlm_univar_synth","draw_070",1087,"2022-12-15","history","1.20835818674777"
"exdqlm_univar_synth","draw_070",1087,"2022-12-16","history","1.42629470411213"
"exdqlm_univar_synth","draw_070",1087,"2022-12-17","history","1.12240955052861"
"exdqlm_univar_synth","draw_070",1087,"2022-12-18","history","1.11870116291208"
"exdqlm_univar_synth","draw_070",1087,"2022-12-19","history","0.907827599767894"
"exdqlm_univar_synth","draw_070",1087,"2022-12-20","history","1.22090308602936"
"exdqlm_univar_synth","draw_070",1087,"2022-12-21","history","1.12388781739588"
"exdqlm_univar_synth","draw_070",1087,"2022-12-22","history","1.21427242779575"
"exdqlm_univar_synth","draw_070",1087,"2022-12-23","history","1.29553541240803"
"exdqlm_univar_synth","draw_070",1087,"2022-12-24","history","1.15459071576995"
"exdqlm_univar_synth","draw_070",1087,"2022-12-25","history","0.922832648225235"
"exdqlm_univar_synth","draw_071",1103,"2022-12-07","history","0.685715909913443"
"exdqlm_univar_synth","draw_071",1103,"2022-12-08","history","0.929066384094636"
"exdqlm_univar_synth","draw_071",1103,"2022-12-09","history","0.757166502680125"
"exdqlm_univar_synth","draw_071",1103,"2022-12-10","history","1.30033480652447"
"exdqlm_univar_synth","draw_071",1103,"2022-12-11","history","3.90825718103397"
"exdqlm_univar_synth","draw_071",1103,"2022-12-12","history","2.36752672914454"
"exdqlm_univar_synth","draw_071",1103,"2022-12-13","history","2.42683234681453"
"exdqlm_univar_synth","draw_071",1103,"2022-12-14","history","1.24081133334625"
"exdqlm_univar_synth","draw_071",1103,"2022-12-15","history","1.16152306610651"
"exdqlm_univar_synth","draw_071",1103,"2022-12-16","history","1.01463764332688"
"exdqlm_univar_synth","draw_071",1103,"2022-12-17","history","1.61991145471147"
"exdqlm_univar_synth","draw_071",1103,"2022-12-18","history","0.889385637195127"
"exdqlm_univar_synth","draw_071",1103,"2022-12-19","history","1.03821248746657"
"exdqlm_univar_synth","draw_071",1103,"2022-12-20","history","1.06819167641314"
"exdqlm_univar_synth","draw_071",1103,"2022-12-21","history","1.19887974681483"
"exdqlm_univar_synth","draw_071",1103,"2022-12-22","history","1.17249389831762"
"exdqlm_univar_synth","draw_071",1103,"2022-12-23","history","1.17084727188676"
"exdqlm_univar_synth","draw_071",1103,"2022-12-24","history","0.890846558634923"
"exdqlm_univar_synth","draw_071",1103,"2022-12-25","history","1.29901570956512"
"exdqlm_univar_synth","draw_072",1119,"2022-12-07","history","0.922184032514235"
"exdqlm_univar_synth","draw_072",1119,"2022-12-08","history","0.795651190688966"
"exdqlm_univar_synth","draw_072",1119,"2022-12-09","history","1.07183838814653"
"exdqlm_univar_synth","draw_072",1119,"2022-12-10","history","1.51050677404298"
"exdqlm_univar_synth","draw_072",1119,"2022-12-11","history","3.96596828673422"
"exdqlm_univar_synth","draw_072",1119,"2022-12-12","history","2.33753773707499"
"exdqlm_univar_synth","draw_072",1119,"2022-12-13","history","2.43344195356434"
"exdqlm_univar_synth","draw_072",1119,"2022-12-14","history","1.46167065881361"
"exdqlm_univar_synth","draw_072",1119,"2022-12-15","history","1.55126586335253"
"exdqlm_univar_synth","draw_072",1119,"2022-12-16","history","1.17416448799457"
"exdqlm_univar_synth","draw_072",1119,"2022-12-17","history","1.14626195884195"
"exdqlm_univar_synth","draw_072",1119,"2022-12-18","history","1.22862717076446"
"exdqlm_univar_synth","draw_072",1119,"2022-12-19","history","1.27463688028563"
"exdqlm_univar_synth","draw_072",1119,"2022-12-20","history","1.28103164649775"
"exdqlm_univar_synth","draw_072",1119,"2022-12-21","history","1.17965888980444"
"exdqlm_univar_synth","draw_072",1119,"2022-12-22","history","1.08701581376515"
"exdqlm_univar_synth","draw_072",1119,"2022-12-23","history","1.10154300659192"
"exdqlm_univar_synth","draw_072",1119,"2022-12-24","history","1.21627114305133"
"exdqlm_univar_synth","draw_072",1119,"2022-12-25","history","1.13722393609808"
"exdqlm_univar_synth","draw_073",1134,"2022-12-07","history","0.906324017277083"
"exdqlm_univar_synth","draw_073",1134,"2022-12-08","history","0.667476305391788"
"exdqlm_univar_synth","draw_073",1134,"2022-12-09","history","1.53800428096023"
"exdqlm_univar_synth","draw_073",1134,"2022-12-10","history","1.25976376084468"
"exdqlm_univar_synth","draw_073",1134,"2022-12-11","history","3.10603832948402"
"exdqlm_univar_synth","draw_073",1134,"2022-12-12","history","2.70670767714867"
"exdqlm_univar_synth","draw_073",1134,"2022-12-13","history","1.98306656283237"
"exdqlm_univar_synth","draw_073",1134,"2022-12-14","history","1.59676214526864"
"exdqlm_univar_synth","draw_073",1134,"2022-12-15","history","1.62950093865089"
"exdqlm_univar_synth","draw_073",1134,"2022-12-16","history","1.27563794993477"
"exdqlm_univar_synth","draw_073",1134,"2022-12-17","history","1.15271954890088"
"exdqlm_univar_synth","draw_073",1134,"2022-12-18","history","1.41272471807996"
"exdqlm_univar_synth","draw_073",1134,"2022-12-19","history","1.09187457364056"
"exdqlm_univar_synth","draw_073",1134,"2022-12-20","history","0.939789770839988"
"exdqlm_univar_synth","draw_073",1134,"2022-12-21","history","1.02038218386729"
"exdqlm_univar_synth","draw_073",1134,"2022-12-22","history","1.30260656508935"
"exdqlm_univar_synth","draw_073",1134,"2022-12-23","history","1.12404526772961"
"exdqlm_univar_synth","draw_073",1134,"2022-12-24","history","1.38248365167884"
"exdqlm_univar_synth","draw_073",1134,"2022-12-25","history","1.04878601614576"
"exdqlm_univar_synth","draw_074",1150,"2022-12-07","history","0.758752817559793"
"exdqlm_univar_synth","draw_074",1150,"2022-12-08","history","0.611029584075793"
"exdqlm_univar_synth","draw_074",1150,"2022-12-09","history","1.32619262806421"
"exdqlm_univar_synth","draw_074",1150,"2022-12-10","history","1.40290727819350"
"exdqlm_univar_synth","draw_074",1150,"2022-12-11","history","4.16496087345720"
"exdqlm_univar_synth","draw_074",1150,"2022-12-12","history","2.91696619051423"
"exdqlm_univar_synth","draw_074",1150,"2022-12-13","history","1.62196436017313"
"exdqlm_univar_synth","draw_074",1150,"2022-12-14","history","1.66115042762015"
"exdqlm_univar_synth","draw_074",1150,"2022-12-15","history","1.25788091352958"
"exdqlm_univar_synth","draw_074",1150,"2022-12-16","history","1.28636580364626"
"exdqlm_univar_synth","draw_074",1150,"2022-12-17","history","0.960741322447506"
"exdqlm_univar_synth","draw_074",1150,"2022-12-18","history","0.980258245477252"
"exdqlm_univar_synth","draw_074",1150,"2022-12-19","history","1.04760499151826"
"exdqlm_univar_synth","draw_074",1150,"2022-12-20","history","1.02196621595543"
"exdqlm_univar_synth","draw_074",1150,"2022-12-21","history","1.28202183869459"
"exdqlm_univar_synth","draw_074",1150,"2022-12-22","history","1.21578887631779"
"exdqlm_univar_synth","draw_074",1150,"2022-12-23","history","0.866246276394807"
"exdqlm_univar_synth","draw_074",1150,"2022-12-24","history","1.06151231356153"
"exdqlm_univar_synth","draw_074",1150,"2022-12-25","history","1.00973211637946"
"exdqlm_univar_synth","draw_075",1166,"2022-12-07","history","0.829764937720368"
"exdqlm_univar_synth","draw_075",1166,"2022-12-08","history","1.12953579878797"
"exdqlm_univar_synth","draw_075",1166,"2022-12-09","history","1.01139911385696"
"exdqlm_univar_synth","draw_075",1166,"2022-12-10","history","1.65617868412994"
"exdqlm_univar_synth","draw_075",1166,"2022-12-11","history","2.86595501722655"
"exdqlm_univar_synth","draw_075",1166,"2022-12-12","history","3.03985111444932"
"exdqlm_univar_synth","draw_075",1166,"2022-12-13","history","1.67234166673699"
"exdqlm_univar_synth","draw_075",1166,"2022-12-14","history","1.71034828335005"
"exdqlm_univar_synth","draw_075",1166,"2022-12-15","history","1.46208816745881"
"exdqlm_univar_synth","draw_075",1166,"2022-12-16","history","1.12164633149520"
"exdqlm_univar_synth","draw_075",1166,"2022-12-17","history","1.09729404705504"
"exdqlm_univar_synth","draw_075",1166,"2022-12-18","history","1.23743721889573"
"exdqlm_univar_synth","draw_075",1166,"2022-12-19","history","1.48130248996420"
"exdqlm_univar_synth","draw_075",1166,"2022-12-20","history","1.17316981258950"
"exdqlm_univar_synth","draw_075",1166,"2022-12-21","history","1.10412467674579"
"exdqlm_univar_synth","draw_075",1166,"2022-12-22","history","1.14558080059185"
"exdqlm_univar_synth","draw_075",1166,"2022-12-23","history","1.40438602860693"
"exdqlm_univar_synth","draw_075",1166,"2022-12-24","history","1.01588784347912"
"exdqlm_univar_synth","draw_075",1166,"2022-12-25","history","1.01929292511314"
"exdqlm_univar_synth","draw_076",1182,"2022-12-07","history","1.08869184146913"
"exdqlm_univar_synth","draw_076",1182,"2022-12-08","history","0.558121112757282"
"exdqlm_univar_synth","draw_076",1182,"2022-12-09","history","0.970656719379439"
"exdqlm_univar_synth","draw_076",1182,"2022-12-10","history","1.57171860163568"
"exdqlm_univar_synth","draw_076",1182,"2022-12-11","history","2.68239677315492"
"exdqlm_univar_synth","draw_076",1182,"2022-12-12","history","2.04777922445337"
"exdqlm_univar_synth","draw_076",1182,"2022-12-13","history","2.12714673153991"
"exdqlm_univar_synth","draw_076",1182,"2022-12-14","history","1.36926771881213"
"exdqlm_univar_synth","draw_076",1182,"2022-12-15","history","1.12421962657818"
"exdqlm_univar_synth","draw_076",1182,"2022-12-16","history","1.19064589613461"
"exdqlm_univar_synth","draw_076",1182,"2022-12-17","history","1.09266433689603"
"exdqlm_univar_synth","draw_076",1182,"2022-12-18","history","1.16568551099491"
"exdqlm_univar_synth","draw_076",1182,"2022-12-19","history","1.07783132917016"
"exdqlm_univar_synth","draw_076",1182,"2022-12-20","history","1.27932641649000"
"exdqlm_univar_synth","draw_076",1182,"2022-12-21","history","1.14567312511092"
"exdqlm_univar_synth","draw_076",1182,"2022-12-22","history","1.34108383269315"
"exdqlm_univar_synth","draw_076",1182,"2022-12-23","history","1.33053501404165"
"exdqlm_univar_synth","draw_076",1182,"2022-12-24","history","1.29243719741576"
"exdqlm_univar_synth","draw_076",1182,"2022-12-25","history","0.991274967663313"
"exdqlm_univar_synth","draw_077",1197,"2022-12-07","history","0.803966925094734"
"exdqlm_univar_synth","draw_077",1197,"2022-12-08","history","1.15364220001575"
"exdqlm_univar_synth","draw_077",1197,"2022-12-09","history","0.775009704598885"
"exdqlm_univar_synth","draw_077",1197,"2022-12-10","history","1.43634828215588"
"exdqlm_univar_synth","draw_077",1197,"2022-12-11","history","3.89453435386357"
"exdqlm_univar_synth","draw_077",1197,"2022-12-12","history","3.01135893401639"
"exdqlm_univar_synth","draw_077",1197,"2022-12-13","history","2.02752658569065"
"exdqlm_univar_synth","draw_077",1197,"2022-12-14","history","1.49717769687833"
"exdqlm_univar_synth","draw_077",1197,"2022-12-15","history","1.05657520088589"
"exdqlm_univar_synth","draw_077",1197,"2022-12-16","history","1.54166615223590"
"exdqlm_univar_synth","draw_077",1197,"2022-12-17","history","1.02522919223677"
"exdqlm_univar_synth","draw_077",1197,"2022-12-18","history","1.03747919562822"
"exdqlm_univar_synth","draw_077",1197,"2022-12-19","history","1.10560228780069"
"exdqlm_univar_synth","draw_077",1197,"2022-12-20","history","1.08189283330498"
"exdqlm_univar_synth","draw_077",1197,"2022-12-21","history","1.08040737853975"
"exdqlm_univar_synth","draw_077",1197,"2022-12-22","history","1.12231552012754"
"exdqlm_univar_synth","draw_077",1197,"2022-12-23","history","1.09793672769123"
"exdqlm_univar_synth","draw_077",1197,"2022-12-24","history","0.828120342275531"
"exdqlm_univar_synth","draw_077",1197,"2022-12-25","history","1.01500994307069"
"exdqlm_univar_synth","draw_078",1213,"2022-12-07","history","1.07853434616841"
"exdqlm_univar_synth","draw_078",1213,"2022-12-08","history","0.791993333004058"
"exdqlm_univar_synth","draw_078",1213,"2022-12-09","history","0.833988106002567"
"exdqlm_univar_synth","draw_078",1213,"2022-12-10","history","1.68053529985647"
"exdqlm_univar_synth","draw_078",1213,"2022-12-11","history","2.58962014977364"
"exdqlm_univar_synth","draw_078",1213,"2022-12-12","history","3.09872919246095"
"exdqlm_univar_synth","draw_078",1213,"2022-12-13","history","2.38078415335606"
"exdqlm_univar_synth","draw_078",1213,"2022-12-14","history","1.43960220893880"
"exdqlm_univar_synth","draw_078",1213,"2022-12-15","history","1.55887304909271"
"exdqlm_univar_synth","draw_078",1213,"2022-12-16","history","1.32204126068636"
"exdqlm_univar_synth","draw_078",1213,"2022-12-17","history","1.15351405728456"
"exdqlm_univar_synth","draw_078",1213,"2022-12-18","history","1.12005141260428"
"exdqlm_univar_synth","draw_078",1213,"2022-12-19","history","1.24902379866100"
"exdqlm_univar_synth","draw_078",1213,"2022-12-20","history","1.37140521868148"
"exdqlm_univar_synth","draw_078",1213,"2022-12-21","history","1.54127145246320"
"exdqlm_univar_synth","draw_078",1213,"2022-12-22","history","1.19338129746215"
"exdqlm_univar_synth","draw_078",1213,"2022-12-23","history","1.13583019695019"
"exdqlm_univar_synth","draw_078",1213,"2022-12-24","history","1.40294602271028"
"exdqlm_univar_synth","draw_078",1213,"2022-12-25","history","1.35174388730028"
"exdqlm_univar_synth","draw_079",1229,"2022-12-07","history","0.962674550705981"
"exdqlm_univar_synth","draw_079",1229,"2022-12-08","history","0.502355048990517"
"exdqlm_univar_synth","draw_079",1229,"2022-12-09","history","0.911309903150636"
"exdqlm_univar_synth","draw_079",1229,"2022-12-10","history","1.22584442461797"
"exdqlm_univar_synth","draw_079",1229,"2022-12-11","history","3.00810377686272"
"exdqlm_univar_synth","draw_079",1229,"2022-12-12","history","2.36286386965300"
"exdqlm_univar_synth","draw_079",1229,"2022-12-13","history","1.57615351018096"
"exdqlm_univar_synth","draw_079",1229,"2022-12-14","history","1.42039920106831"
"exdqlm_univar_synth","draw_079",1229,"2022-12-15","history","1.17822754687888"
"exdqlm_univar_synth","draw_079",1229,"2022-12-16","history","1.37480577866460"
"exdqlm_univar_synth","draw_079",1229,"2022-12-17","history","1.22250805772290"
"exdqlm_univar_synth","draw_079",1229,"2022-12-18","history","1.18121634983303"
"exdqlm_univar_synth","draw_079",1229,"2022-12-19","history","1.03129171369438"
"exdqlm_univar_synth","draw_079",1229,"2022-12-20","history","0.956223541092975"
"exdqlm_univar_synth","draw_079",1229,"2022-12-21","history","1.26740989242193"
"exdqlm_univar_synth","draw_079",1229,"2022-12-22","history","0.890782896406469"
"exdqlm_univar_synth","draw_079",1229,"2022-12-23","history","1.00719233733834"
"exdqlm_univar_synth","draw_079",1229,"2022-12-24","history","1.42019648505192"
"exdqlm_univar_synth","draw_079",1229,"2022-12-25","history","1.12728844250240"
"exdqlm_univar_synth","draw_080",1244,"2022-12-07","history","0.777621238029956"
"exdqlm_univar_synth","draw_080",1244,"2022-12-08","history","0.804740460379910"
"exdqlm_univar_synth","draw_080",1244,"2022-12-09","history","1.51303975666013"
"exdqlm_univar_synth","draw_080",1244,"2022-12-10","history","1.37864829925303"
"exdqlm_univar_synth","draw_080",1244,"2022-12-11","history","2.73181236494298"
"exdqlm_univar_synth","draw_080",1244,"2022-12-12","history","3.39281634736094"
"exdqlm_univar_synth","draw_080",1244,"2022-12-13","history","1.51220727318148"
"exdqlm_univar_synth","draw_080",1244,"2022-12-14","history","1.53364474107490"
"exdqlm_univar_synth","draw_080",1244,"2022-12-15","history","1.37847983582625"
"exdqlm_univar_synth","draw_080",1244,"2022-12-16","history","1.12179868259466"
"exdqlm_univar_synth","draw_080",1244,"2022-12-17","history","1.45803967091969"
"exdqlm_univar_synth","draw_080",1244,"2022-12-18","history","0"
"exdqlm_univar_synth","draw_080",1244,"2022-12-19","history","1.30706126456292"
"exdqlm_univar_synth","draw_080",1244,"2022-12-20","history","0.883054546508836"
"exdqlm_univar_synth","draw_080",1244,"2022-12-21","history","1.24966536054189"
"exdqlm_univar_synth","draw_080",1244,"2022-12-22","history","1.02024347713472"
"exdqlm_univar_synth","draw_080",1244,"2022-12-23","history","0.895500565541783"
"exdqlm_univar_synth","draw_080",1244,"2022-12-24","history","1.28901678490818"
"exdqlm_univar_synth","draw_080",1244,"2022-12-25","history","1.10851644105661"
"exdqlm_univar_synth","draw_081",1260,"2022-12-07","history","1.04202662013698"
"exdqlm_univar_synth","draw_081",1260,"2022-12-08","history","0.909605872176054"
"exdqlm_univar_synth","draw_081",1260,"2022-12-09","history","1.24678392068841"
"exdqlm_univar_synth","draw_081",1260,"2022-12-10","history","1.66897016261089"
"exdqlm_univar_synth","draw_081",1260,"2022-12-11","history","3.82359029049763"
"exdqlm_univar_synth","draw_081",1260,"2022-12-12","history","2.76315104187108"
"exdqlm_univar_synth","draw_081",1260,"2022-12-13","history","2.43517802471078"
"exdqlm_univar_synth","draw_081",1260,"2022-12-14","history","1.73572071931116"
"exdqlm_univar_synth","draw_081",1260,"2022-12-15","history","1.22652376051057"
"exdqlm_univar_synth","draw_081",1260,"2022-12-16","history","1.38325422632195"
"exdqlm_univar_synth","draw_081",1260,"2022-12-17","history","1.16459814175493"
"exdqlm_univar_synth","draw_081",1260,"2022-12-18","history","1.30796612345438"
"exdqlm_univar_synth","draw_081",1260,"2022-12-19","history","0.996800341361417"
"exdqlm_univar_synth","draw_081",1260,"2022-12-20","history","0.868685341745369"
"exdqlm_univar_synth","draw_081",1260,"2022-12-21","history","1.29156933262577"
"exdqlm_univar_synth","draw_081",1260,"2022-12-22","history","1.23698334115940"
"exdqlm_univar_synth","draw_081",1260,"2022-12-23","history","1.38098684482403"
"exdqlm_univar_synth","draw_081",1260,"2022-12-24","history","1.12174095671195"
"exdqlm_univar_synth","draw_081",1260,"2022-12-25","history","1.36363823715362"
"exdqlm_univar_synth","draw_082",1276,"2022-12-07","history","0.901520782050796"
"exdqlm_univar_synth","draw_082",1276,"2022-12-08","history","0.682523798757923"
"exdqlm_univar_synth","draw_082",1276,"2022-12-09","history","1.07407543787548"
"exdqlm_univar_synth","draw_082",1276,"2022-12-10","history","1.14863889090959"
"exdqlm_univar_synth","draw_082",1276,"2022-12-11","history","2.85083404947461"
"exdqlm_univar_synth","draw_082",1276,"2022-12-12","history","3.21441045394033"
"exdqlm_univar_synth","draw_082",1276,"2022-12-13","history","1.78541218251426"
"exdqlm_univar_synth","draw_082",1276,"2022-12-14","history","1.15993338354197"
"exdqlm_univar_synth","draw_082",1276,"2022-12-15","history","1.15602173008978"
"exdqlm_univar_synth","draw_082",1276,"2022-12-16","history","1.67056409379944"
"exdqlm_univar_synth","draw_082",1276,"2022-12-17","history","1.10041649518706"
"exdqlm_univar_synth","draw_082",1276,"2022-12-18","history","1.53066194783017"
"exdqlm_univar_synth","draw_082",1276,"2022-12-19","history","1.54775781681262"
"exdqlm_univar_synth","draw_082",1276,"2022-12-20","history","1.22940815063454"
"exdqlm_univar_synth","draw_082",1276,"2022-12-21","history","1.09294801924939"
"exdqlm_univar_synth","draw_082",1276,"2022-12-22","history","1.18988473398274"
"exdqlm_univar_synth","draw_082",1276,"2022-12-23","history","1.16297741001188"
"exdqlm_univar_synth","draw_082",1276,"2022-12-24","history","1.08547193562674"
"exdqlm_univar_synth","draw_082",1276,"2022-12-25","history","0.961918142395271"
"exdqlm_univar_synth","draw_083",1292,"2022-12-07","history","1.13095997300708"
"exdqlm_univar_synth","draw_083",1292,"2022-12-08","history","0.752017798116779"
"exdqlm_univar_synth","draw_083",1292,"2022-12-09","history","1.53343422041507"
"exdqlm_univar_synth","draw_083",1292,"2022-12-10","history","0.765718590538432"
"exdqlm_univar_synth","draw_083",1292,"2022-12-11","history","2.86822845417707"
"exdqlm_univar_synth","draw_083",1292,"2022-12-12","history","2.80218398266340"
"exdqlm_univar_synth","draw_083",1292,"2022-12-13","history","2.44495770791188"
"exdqlm_univar_synth","draw_083",1292,"2022-12-14","history","1.48785571011777"
"exdqlm_univar_synth","draw_083",1292,"2022-12-15","history","1.39194653686682"
"exdqlm_univar_synth","draw_083",1292,"2022-12-16","history","1.24432363394659"
"exdqlm_univar_synth","draw_083",1292,"2022-12-17","history","0.961414023571209"
"exdqlm_univar_synth","draw_083",1292,"2022-12-18","history","1.29117884856066"
"exdqlm_univar_synth","draw_083",1292,"2022-12-19","history","1.13078978203632"
"exdqlm_univar_synth","draw_083",1292,"2022-12-20","history","1.27533651115959"
"exdqlm_univar_synth","draw_083",1292,"2022-12-21","history","1.48626592437195"
"exdqlm_univar_synth","draw_083",1292,"2022-12-22","history","1.29470570699723"
"exdqlm_univar_synth","draw_083",1292,"2022-12-23","history","1.32244031503083"
"exdqlm_univar_synth","draw_083",1292,"2022-12-24","history","1.16466604412523"
"exdqlm_univar_synth","draw_083",1292,"2022-12-25","history","1.03012247041824"
"exdqlm_univar_synth","draw_084",1307,"2022-12-07","history","0.809691355091852"
"exdqlm_univar_synth","draw_084",1307,"2022-12-08","history","1.23146211584324"
"exdqlm_univar_synth","draw_084",1307,"2022-12-09","history","1.03934183140395"
"exdqlm_univar_synth","draw_084",1307,"2022-12-10","history","1.41894606286703"
"exdqlm_univar_synth","draw_084",1307,"2022-12-11","history","3.52482632180823"
"exdqlm_univar_synth","draw_084",1307,"2022-12-12","history","3.24050170249462"
"exdqlm_univar_synth","draw_084",1307,"2022-12-13","history","1.56278229862040"
"exdqlm_univar_synth","draw_084",1307,"2022-12-14","history","1.24823666435552"
"exdqlm_univar_synth","draw_084",1307,"2022-12-15","history","1.07289864146276"
"exdqlm_univar_synth","draw_084",1307,"2022-12-16","history","1.23283613478462"
"exdqlm_univar_synth","draw_084",1307,"2022-12-17","history","1.39940205633378"
"exdqlm_univar_synth","draw_084",1307,"2022-12-18","history","1.44552015769840"
"exdqlm_univar_synth","draw_084",1307,"2022-12-19","history","1.11723527765574"
"exdqlm_univar_synth","draw_084",1307,"2022-12-20","history","1.08585380358559"
"exdqlm_univar_synth","draw_084",1307,"2022-12-21","history","1.33174685017048"
"exdqlm_univar_synth","draw_084",1307,"2022-12-22","history","1.25992432941604"
"exdqlm_univar_synth","draw_084",1307,"2022-12-23","history","1.34416215630796"
"exdqlm_univar_synth","draw_084",1307,"2022-12-24","history","0.902962660842620"
"exdqlm_univar_synth","draw_084",1307,"2022-12-25","history","0.986803415253894"
"exdqlm_univar_synth","draw_085",1323,"2022-12-07","history","1.06383795816497"
"exdqlm_univar_synth","draw_085",1323,"2022-12-08","history","0.966353356033148"
"exdqlm_univar_synth","draw_085",1323,"2022-12-09","history","0.916744472614328"
"exdqlm_univar_synth","draw_085",1323,"2022-12-10","history","1.09478785933282"
"exdqlm_univar_synth","draw_085",1323,"2022-12-11","history","4.16479556642019"
"exdqlm_univar_synth","draw_085",1323,"2022-12-12","history","2.99877845961733"
"exdqlm_univar_synth","draw_085",1323,"2022-12-13","history","2.01854974231878"
"exdqlm_univar_synth","draw_085",1323,"2022-12-14","history","1.45677724303078"
"exdqlm_univar_synth","draw_085",1323,"2022-12-15","history","1.42874553045714"
"exdqlm_univar_synth","draw_085",1323,"2022-12-16","history","1.44934325318089"
"exdqlm_univar_synth","draw_085",1323,"2022-12-17","history","1.23780760089262"
"exdqlm_univar_synth","draw_085",1323,"2022-12-18","history","1.58263731365890"
"exdqlm_univar_synth","draw_085",1323,"2022-12-19","history","0.979602607273296"
"exdqlm_univar_synth","draw_085",1323,"2022-12-20","history","1.02416256776083"
"exdqlm_univar_synth","draw_085",1323,"2022-12-21","history","1.04194209576047"
"exdqlm_univar_synth","draw_085",1323,"2022-12-22","history","1.49028873490086"
"exdqlm_univar_synth","draw_085",1323,"2022-12-23","history","0.874425527754977"
"exdqlm_univar_synth","draw_085",1323,"2022-12-24","history","1.00761450776424"
"exdqlm_univar_synth","draw_085",1323,"2022-12-25","history","1.02205198387678"
"exdqlm_univar_synth","draw_086",1339,"2022-12-07","history","0.805984538407561"
"exdqlm_univar_synth","draw_086",1339,"2022-12-08","history","1.12177794201917"
"exdqlm_univar_synth","draw_086",1339,"2022-12-09","history","1.12133726869362"
"exdqlm_univar_synth","draw_086",1339,"2022-12-10","history","1.23378803700662"
"exdqlm_univar_synth","draw_086",1339,"2022-12-11","history","3.29750404074327"
"exdqlm_univar_synth","draw_086",1339,"2022-12-12","history","2.49019856883817"
"exdqlm_univar_synth","draw_086",1339,"2022-12-13","history","2.27398318711541"
"exdqlm_univar_synth","draw_086",1339,"2022-12-14","history","1.51334862763460"
"exdqlm_univar_synth","draw_086",1339,"2022-12-15","history","1.03552896997045"
"exdqlm_univar_synth","draw_086",1339,"2022-12-16","history","1.17713109295763"
"exdqlm_univar_synth","draw_086",1339,"2022-12-17","history","1.43339772193657"
"exdqlm_univar_synth","draw_086",1339,"2022-12-18","history","1.34894037432162"
"exdqlm_univar_synth","draw_086",1339,"2022-12-19","history","1.42690487150786"
"exdqlm_univar_synth","draw_086",1339,"2022-12-20","history","1.10321649473472"
"exdqlm_univar_synth","draw_086",1339,"2022-12-21","history","1.13506202760611"
"exdqlm_univar_synth","draw_086",1339,"2022-12-22","history","1.07701167283149"
"exdqlm_univar_synth","draw_086",1339,"2022-12-23","history","0.0771408983651969"
"exdqlm_univar_synth","draw_086",1339,"2022-12-24","history","1.05707429749730"
"exdqlm_univar_synth","draw_086",1339,"2022-12-25","history","0.862630272277003"
"exdqlm_univar_synth","draw_087",1355,"2022-12-07","history","0.932797173936107"
"exdqlm_univar_synth","draw_087",1355,"2022-12-08","history","0.560685373601635"
"exdqlm_univar_synth","draw_087",1355,"2022-12-09","history","1.31941079705324"
"exdqlm_univar_synth","draw_087",1355,"2022-12-10","history","1.26680491799906"
"exdqlm_univar_synth","draw_087",1355,"2022-12-11","history","3.73095032498809"
"exdqlm_univar_synth","draw_087",1355,"2022-12-12","history","3.41568475561965"
"exdqlm_univar_synth","draw_087",1355,"2022-12-13","history","1.80012828962853"
"exdqlm_univar_synth","draw_087",1355,"2022-12-14","history","1.06116515462012"
"exdqlm_univar_synth","draw_087",1355,"2022-12-15","history","1.06277207606559"
"exdqlm_univar_synth","draw_087",1355,"2022-12-16","history","1.11201536318918"
"exdqlm_univar_synth","draw_087",1355,"2022-12-17","history","1.37862266098321"
"exdqlm_univar_synth","draw_087",1355,"2022-12-18","history","0.147005486149320"
"exdqlm_univar_synth","draw_087",1355,"2022-12-19","history","0.972317637920103"
"exdqlm_univar_synth","draw_087",1355,"2022-12-20","history","1.30994217849080"
"exdqlm_univar_synth","draw_087",1355,"2022-12-21","history","1.04897680019629"
"exdqlm_univar_synth","draw_087",1355,"2022-12-22","history","1.16214152910679"
"exdqlm_univar_synth","draw_087",1355,"2022-12-23","history","0.858694797830778"
"exdqlm_univar_synth","draw_087",1355,"2022-12-24","history","1.07940262648494"
"exdqlm_univar_synth","draw_087",1355,"2022-12-25","history","0.858599829635162"
"exdqlm_univar_synth","draw_088",1370,"2022-12-07","history","0.819558227976901"
"exdqlm_univar_synth","draw_088",1370,"2022-12-08","history","0.505600326145867"
"exdqlm_univar_synth","draw_088",1370,"2022-12-09","history","1.31322146501858"
"exdqlm_univar_synth","draw_088",1370,"2022-12-10","history","1.45430092490772"
"exdqlm_univar_synth","draw_088",1370,"2022-12-11","history","3.98308004286636"
"exdqlm_univar_synth","draw_088",1370,"2022-12-12","history","2.40025954121727"
"exdqlm_univar_synth","draw_088",1370,"2022-12-13","history","1.89100329165038"
"exdqlm_univar_synth","draw_088",1370,"2022-12-14","history","1.36605757251764"
"exdqlm_univar_synth","draw_088",1370,"2022-12-15","history","1.52015265583173"
"exdqlm_univar_synth","draw_088",1370,"2022-12-16","history","1.25034071670803"
"exdqlm_univar_synth","draw_088",1370,"2022-12-17","history","1.51369552480234"
"exdqlm_univar_synth","draw_088",1370,"2022-12-18","history","1.27434569858743"
"exdqlm_univar_synth","draw_088",1370,"2022-12-19","history","1.42519848935828"
"exdqlm_univar_synth","draw_088",1370,"2022-12-20","history","1.10345311154601"
"exdqlm_univar_synth","draw_088",1370,"2022-12-21","history","1.43086698231794"
"exdqlm_univar_synth","draw_088",1370,"2022-12-22","history","1.23378250215171"
"exdqlm_univar_synth","draw_088",1370,"2022-12-23","history","1.13426625467743"
"exdqlm_univar_synth","draw_088",1370,"2022-12-24","history","1.42031482082632"
"exdqlm_univar_synth","draw_088",1370,"2022-12-25","history","1.04036374706028"
"exdqlm_univar_synth","draw_089",1386,"2022-12-07","history","1.05561219971940"
"exdqlm_univar_synth","draw_089",1386,"2022-12-08","history","0.693928963080035"
"exdqlm_univar_synth","draw_089",1386,"2022-12-09","history","1.46465775494158"
"exdqlm_univar_synth","draw_089",1386,"2022-12-10","history","0.903904674340208"
"exdqlm_univar_synth","draw_089",1386,"2022-12-11","history","3.71597131982764"
"exdqlm_univar_synth","draw_089",1386,"2022-12-12","history","2.82124928685523"
"exdqlm_univar_synth","draw_089",1386,"2022-12-13","history","2.23922871560419"
"exdqlm_univar_synth","draw_089",1386,"2022-12-14","history","1.29133395073814"
"exdqlm_univar_synth","draw_089",1386,"2022-12-15","history","1.44438415625066"
"exdqlm_univar_synth","draw_089",1386,"2022-12-16","history","1.11693832905965"
"exdqlm_univar_synth","draw_089",1386,"2022-12-17","history","0.888144090639961"
"exdqlm_univar_synth","draw_089",1386,"2022-12-18","history","1.59148803623556"
"exdqlm_univar_synth","draw_089",1386,"2022-12-19","history","1.25888434468861"
"exdqlm_univar_synth","draw_089",1386,"2022-12-20","history","1.08492045520706"
"exdqlm_univar_synth","draw_089",1386,"2022-12-21","history","1.04226290213049"
"exdqlm_univar_synth","draw_089",1386,"2022-12-22","history","1.41456452127336"
"exdqlm_univar_synth","draw_089",1386,"2022-12-23","history","1.51945703048337"
"exdqlm_univar_synth","draw_089",1386,"2022-12-24","history","0.947949008536657"
"exdqlm_univar_synth","draw_089",1386,"2022-12-25","history","0.886433312640200"
"exdqlm_univar_synth","draw_090",1402,"2022-12-07","history","0.671561270606796"
"exdqlm_univar_synth","draw_090",1402,"2022-12-08","history","0.572331139016294"
"exdqlm_univar_synth","draw_090",1402,"2022-12-09","history","0.691773517875910"
"exdqlm_univar_synth","draw_090",1402,"2022-12-10","history","1.43280679851685"
"exdqlm_univar_synth","draw_090",1402,"2022-12-11","history","4.41756235114144"
"exdqlm_univar_synth","draw_090",1402,"2022-12-12","history","2.70730886362357"
"exdqlm_univar_synth","draw_090",1402,"2022-12-13","history","1.78379770643541"
"exdqlm_univar_synth","draw_090",1402,"2022-12-14","history","1.33079628994891"
"exdqlm_univar_synth","draw_090",1402,"2022-12-15","history","1.17779282985669"
"exdqlm_univar_synth","draw_090",1402,"2022-12-16","history","1.24608963711893"
"exdqlm_univar_synth","draw_090",1402,"2022-12-17","history","1.00688337502053"
"exdqlm_univar_synth","draw_090",1402,"2022-12-18","history","1.28378571938935"
"exdqlm_univar_synth","draw_090",1402,"2022-12-19","history","1.33570425110789"
"exdqlm_univar_synth","draw_090",1402,"2022-12-20","history","1.09488485534871"
"exdqlm_univar_synth","draw_090",1402,"2022-12-21","history","1.05269079015345"
"exdqlm_univar_synth","draw_090",1402,"2022-12-22","history","0.979571162261026"
"exdqlm_univar_synth","draw_090",1402,"2022-12-23","history","0.903353869446418"
"exdqlm_univar_synth","draw_090",1402,"2022-12-24","history","1.40022560451131"
"exdqlm_univar_synth","draw_090",1402,"2022-12-25","history","0.962620170746617"
"exdqlm_univar_synth","draw_091",1418,"2022-12-07","history","1.35821664811861"
"exdqlm_univar_synth","draw_091",1418,"2022-12-08","history","0.720256198161117"
"exdqlm_univar_synth","draw_091",1418,"2022-12-09","history","0.894691591795918"
"exdqlm_univar_synth","draw_091",1418,"2022-12-10","history","1.50680433019454"
"exdqlm_univar_synth","draw_091",1418,"2022-12-11","history","3.57861873458728"
"exdqlm_univar_synth","draw_091",1418,"2022-12-12","history","2.79448458574105"
"exdqlm_univar_synth","draw_091",1418,"2022-12-13","history","1.92611012778945"
"exdqlm_univar_synth","draw_091",1418,"2022-12-14","history","1.27623744237685"
"exdqlm_univar_synth","draw_091",1418,"2022-12-15","history","1.12501508957840"
"exdqlm_univar_synth","draw_091",1418,"2022-12-16","history","1.42227503052077"
"exdqlm_univar_synth","draw_091",1418,"2022-12-17","history","1.36951566218385"
"exdqlm_univar_synth","draw_091",1418,"2022-12-18","history","1.07077069150094"
"exdqlm_univar_synth","draw_091",1418,"2022-12-19","history","1.50722949523609"
"exdqlm_univar_synth","draw_091",1418,"2022-12-20","history","0.965960861854926"
"exdqlm_univar_synth","draw_091",1418,"2022-12-21","history","0.901282628007379"
"exdqlm_univar_synth","draw_091",1418,"2022-12-22","history","0.937829263417008"
"exdqlm_univar_synth","draw_091",1418,"2022-12-23","history","0.973920457559855"
"exdqlm_univar_synth","draw_091",1418,"2022-12-24","history","1.12373480253227"
"exdqlm_univar_synth","draw_091",1418,"2022-12-25","history","0.882960158419485"
"exdqlm_univar_synth","draw_092",1433,"2022-12-07","history","1.12812871761726"
"exdqlm_univar_synth","draw_092",1433,"2022-12-08","history","0.697975892282549"
"exdqlm_univar_synth","draw_092",1433,"2022-12-09","history","1.43888692345053"
"exdqlm_univar_synth","draw_092",1433,"2022-12-10","history","1.23659659431353"
"exdqlm_univar_synth","draw_092",1433,"2022-12-11","history","4.08657953893317"
"exdqlm_univar_synth","draw_092",1433,"2022-12-12","history","2.84577759544878"
"exdqlm_univar_synth","draw_092",1433,"2022-12-13","history","2.40210945277448"
"exdqlm_univar_synth","draw_092",1433,"2022-12-14","history","1.83582832860267"
"exdqlm_univar_synth","draw_092",1433,"2022-12-15","history","1.23288477967620"
"exdqlm_univar_synth","draw_092",1433,"2022-12-16","history","1.14472858163366"
"exdqlm_univar_synth","draw_092",1433,"2022-12-17","history","1.55134562208658"
"exdqlm_univar_synth","draw_092",1433,"2022-12-18","history","1.12143975322996"
"exdqlm_univar_synth","draw_092",1433,"2022-12-19","history","1.14388161562067"
"exdqlm_univar_synth","draw_092",1433,"2022-12-20","history","1.20278842343160"
"exdqlm_univar_synth","draw_092",1433,"2022-12-21","history","1.14631119569960"
"exdqlm_univar_synth","draw_092",1433,"2022-12-22","history","1.46049207542553"
"exdqlm_univar_synth","draw_092",1433,"2022-12-23","history","0.735582679713240"
"exdqlm_univar_synth","draw_092",1433,"2022-12-24","history","1.45595629027673"
"exdqlm_univar_synth","draw_092",1433,"2022-12-25","history","0.874592838766568"
"exdqlm_univar_synth","draw_093",1449,"2022-12-07","history","0.818481570008702"
"exdqlm_univar_synth","draw_093",1449,"2022-12-08","history","0.723542436706202"
"exdqlm_univar_synth","draw_093",1449,"2022-12-09","history","0.969465544704833"
"exdqlm_univar_synth","draw_093",1449,"2022-12-10","history","1.29361060340279"
"exdqlm_univar_synth","draw_093",1449,"2022-12-11","history","4.00421343010422"
"exdqlm_univar_synth","draw_093",1449,"2022-12-12","history","2.96592685247405"
"exdqlm_univar_synth","draw_093",1449,"2022-12-13","history","2.18289297978024"
"exdqlm_univar_synth","draw_093",1449,"2022-12-14","history","1.39119013044662"
"exdqlm_univar_synth","draw_093",1449,"2022-12-15","history","1.14437551394293"
"exdqlm_univar_synth","draw_093",1449,"2022-12-16","history","1.17459081448690"
"exdqlm_univar_synth","draw_093",1449,"2022-12-17","history","1.19672828142052"
"exdqlm_univar_synth","draw_093",1449,"2022-12-18","history","1.21485004863075"
"exdqlm_univar_synth","draw_093",1449,"2022-12-19","history","1.13649216715197"
"exdqlm_univar_synth","draw_093",1449,"2022-12-20","history","1.08041637984481"
"exdqlm_univar_synth","draw_093",1449,"2022-12-21","history","1.42066149346795"
"exdqlm_univar_synth","draw_093",1449,"2022-12-22","history","0.896837639796054"
"exdqlm_univar_synth","draw_093",1449,"2022-12-23","history","1.21237056284682"
"exdqlm_univar_synth","draw_093",1449,"2022-12-24","history","1.03857158908573"
"exdqlm_univar_synth","draw_093",1449,"2022-12-25","history","1.01978186941054"
"exdqlm_univar_synth","draw_094",1465,"2022-12-07","history","0.728263971343322"
"exdqlm_univar_synth","draw_094",1465,"2022-12-08","history","0.878719537741629"
"exdqlm_univar_synth","draw_094",1465,"2022-12-09","history","0.759698912708576"
"exdqlm_univar_synth","draw_094",1465,"2022-12-10","history","1.61366869412144"
"exdqlm_univar_synth","draw_094",1465,"2022-12-11","history","3.90174536634510"
"exdqlm_univar_synth","draw_094",1465,"2022-12-12","history","3.07739792656736"
"exdqlm_univar_synth","draw_094",1465,"2022-12-13","history","1.72858310604400"
"exdqlm_univar_synth","draw_094",1465,"2022-12-14","history","1.28655326770688"
"exdqlm_univar_synth","draw_094",1465,"2022-12-15","history","1.44372565202996"
"exdqlm_univar_synth","draw_094",1465,"2022-12-16","history","1.16017613603578"
"exdqlm_univar_synth","draw_094",1465,"2022-12-17","history","1.37403392694000"
"exdqlm_univar_synth","draw_094",1465,"2022-12-18","history","1.18057360929132"
"exdqlm_univar_synth","draw_094",1465,"2022-12-19","history","1.28812759286347"
"exdqlm_univar_synth","draw_094",1465,"2022-12-20","history","0.972243629667564"
"exdqlm_univar_synth","draw_094",1465,"2022-12-21","history","1.07061466411909"
"exdqlm_univar_synth","draw_094",1465,"2022-12-22","history","1.20667556615494"
"exdqlm_univar_synth","draw_094",1465,"2022-12-23","history","1.04667364896815"
"exdqlm_univar_synth","draw_094",1465,"2022-12-24","history","1.01746810858456"
"exdqlm_univar_synth","draw_094",1465,"2022-12-25","history","0.823413740835910"
"exdqlm_univar_synth","draw_095",1481,"2022-12-07","history","0.883583940632318"
"exdqlm_univar_synth","draw_095",1481,"2022-12-08","history","1.00322092910813"
"exdqlm_univar_synth","draw_095",1481,"2022-12-09","history","0.960599867878130"
"exdqlm_univar_synth","draw_095",1481,"2022-12-10","history","1.14341795373979"
"exdqlm_univar_synth","draw_095",1481,"2022-12-11","history","3.28890109973790"
"exdqlm_univar_synth","draw_095",1481,"2022-12-12","history","2.96456316005865"
"exdqlm_univar_synth","draw_095",1481,"2022-12-13","history","2.01552855039931"
"exdqlm_univar_synth","draw_095",1481,"2022-12-14","history","1.42098855301333"
"exdqlm_univar_synth","draw_095",1481,"2022-12-15","history","1.58279023097261"
"exdqlm_univar_synth","draw_095",1481,"2022-12-16","history","0.846161948524278"
"exdqlm_univar_synth","draw_095",1481,"2022-12-17","history","1.22506070965037"
"exdqlm_univar_synth","draw_095",1481,"2022-12-18","history","1.39090542695453"
"exdqlm_univar_synth","draw_095",1481,"2022-12-19","history","1.36426451735578"
"exdqlm_univar_synth","draw_095",1481,"2022-12-20","history","1.02192808364174"
"exdqlm_univar_synth","draw_095",1481,"2022-12-21","history","1.14052556593291"
"exdqlm_univar_synth","draw_095",1481,"2022-12-22","history","0.978025885230630"
"exdqlm_univar_synth","draw_095",1481,"2022-12-23","history","0.990796363181637"
"exdqlm_univar_synth","draw_095",1481,"2022-12-24","history","1.16366961380069"
"exdqlm_univar_synth","draw_095",1481,"2022-12-25","history","1.15653800359894"
"exdqlm_univar_synth","draw_096",1496,"2022-12-07","history","0.898175146105400"
"exdqlm_univar_synth","draw_096",1496,"2022-12-08","history","0.648477775216543"
"exdqlm_univar_synth","draw_096",1496,"2022-12-09","history","1.34951852786263"
"exdqlm_univar_synth","draw_096",1496,"2022-12-10","history","1.32217905599147"
"exdqlm_univar_synth","draw_096",1496,"2022-12-11","history","4.14411483008529"
"exdqlm_univar_synth","draw_096",1496,"2022-12-12","history","2.96023648706135"
"exdqlm_univar_synth","draw_096",1496,"2022-12-13","history","2.25408857798770"
"exdqlm_univar_synth","draw_096",1496,"2022-12-14","history","1.87810600835402"
"exdqlm_univar_synth","draw_096",1496,"2022-12-15","history","1.21549517245839"
"exdqlm_univar_synth","draw_096",1496,"2022-12-16","history","1.17960312374092"
"exdqlm_univar_synth","draw_096",1496,"2022-12-17","history","1.45748546854827"
"exdqlm_univar_synth","draw_096",1496,"2022-12-18","history","1.15898656497184"
"exdqlm_univar_synth","draw_096",1496,"2022-12-19","history","1.22998940164732"
"exdqlm_univar_synth","draw_096",1496,"2022-12-20","history","1.27899621117107"
"exdqlm_univar_synth","draw_096",1496,"2022-12-21","history","1.39719785688073"
"exdqlm_univar_synth","draw_096",1496,"2022-12-22","history","1.03049144253541"
"exdqlm_univar_synth","draw_096",1496,"2022-12-23","history","1.44441050091714"
"exdqlm_univar_synth","draw_096",1496,"2022-12-24","history","1.32194145386323"
"exdqlm_univar_synth","draw_096",1496,"2022-12-25","history","0.853915027028574"
"exdqlm_univar_synth","draw_097",1512,"2022-12-07","history","1.23431368545302"
"exdqlm_univar_synth","draw_097",1512,"2022-12-08","history","0.683314176095674"
"exdqlm_univar_synth","draw_097",1512,"2022-12-09","history","0.717027081399918"
"exdqlm_univar_synth","draw_097",1512,"2022-12-10","history","1.43052126154067"
"exdqlm_univar_synth","draw_097",1512,"2022-12-11","history","3.64666894256813"
"exdqlm_univar_synth","draw_097",1512,"2022-12-12","history","3.37299878244839"
"exdqlm_univar_synth","draw_097",1512,"2022-12-13","history","1.88183114484390"
"exdqlm_univar_synth","draw_097",1512,"2022-12-14","history","1.38268616351808"
"exdqlm_univar_synth","draw_097",1512,"2022-12-15","history","1.43015613413236"
"exdqlm_univar_synth","draw_097",1512,"2022-12-16","history","1.19712261181373"
"exdqlm_univar_synth","draw_097",1512,"2022-12-17","history","1.53657115610107"
"exdqlm_univar_synth","draw_097",1512,"2022-12-18","history","1.36671423843088"
"exdqlm_univar_synth","draw_097",1512,"2022-12-19","history","1.39038967761300"
"exdqlm_univar_synth","draw_097",1512,"2022-12-20","history","1.03942063946271"
"exdqlm_univar_synth","draw_097",1512,"2022-12-21","history","0.987477665745616"
"exdqlm_univar_synth","draw_097",1512,"2022-12-22","history","1.23281557935365"
"exdqlm_univar_synth","draw_097",1512,"2022-12-23","history","1.09455665238227"
"exdqlm_univar_synth","draw_097",1512,"2022-12-24","history","1.08536829214821"
"exdqlm_univar_synth","draw_097",1512,"2022-12-25","history","0.925744801355026"
"exdqlm_univar_synth","draw_098",1528,"2022-12-07","history","1.07955385534586"
"exdqlm_univar_synth","draw_098",1528,"2022-12-08","history","1.09521176853091"
"exdqlm_univar_synth","draw_098",1528,"2022-12-09","history","1.48203844340326"
"exdqlm_univar_synth","draw_098",1528,"2022-12-10","history","1.08721832843828"
"exdqlm_univar_synth","draw_098",1528,"2022-12-11","history","4.27156583472235"
"exdqlm_univar_synth","draw_098",1528,"2022-12-12","history","3.00630256371136"
"exdqlm_univar_synth","draw_098",1528,"2022-12-13","history","2.02024751060274"
"exdqlm_univar_synth","draw_098",1528,"2022-12-14","history","1.19632836874063"
"exdqlm_univar_synth","draw_098",1528,"2022-12-15","history","0.874759571434866"
"exdqlm_univar_synth","draw_098",1528,"2022-12-16","history","1.14110122455124"
"exdqlm_univar_synth","draw_098",1528,"2022-12-17","history","0.912359928328800"
"exdqlm_univar_synth","draw_098",1528,"2022-12-18","history","0.915863108899330"
"exdqlm_univar_synth","draw_098",1528,"2022-12-19","history","1.36006136398348"
"exdqlm_univar_synth","draw_098",1528,"2022-12-20","history","1.13537745669486"
"exdqlm_univar_synth","draw_098",1528,"2022-12-21","history","1.10150732452797"
"exdqlm_univar_synth","draw_098",1528,"2022-12-22","history","0.957615623611661"
"exdqlm_univar_synth","draw_098",1528,"2022-12-23","history","1.21063001043052"
"exdqlm_univar_synth","draw_098",1528,"2022-12-24","history","1.12984963999260"
"exdqlm_univar_synth","draw_098",1528,"2022-12-25","history","1.00320562101435"
"exdqlm_univar_synth","draw_099",1544,"2022-12-07","history","0.651251396583593"
"exdqlm_univar_synth","draw_099",1544,"2022-12-08","history","0.787205419327863"
"exdqlm_univar_synth","draw_099",1544,"2022-12-09","history","0.991021417331924"
"exdqlm_univar_synth","draw_099",1544,"2022-12-10","history","1.40560836229121"
"exdqlm_univar_synth","draw_099",1544,"2022-12-11","history","3.01983906381023"
"exdqlm_univar_synth","draw_099",1544,"2022-12-12","history","2.95957677755850"
"exdqlm_univar_synth","draw_099",1544,"2022-12-13","history","1.80707218888446"
"exdqlm_univar_synth","draw_099",1544,"2022-12-14","history","1.33698369637856"
"exdqlm_univar_synth","draw_099",1544,"2022-12-15","history","1.27282520979839"
"exdqlm_univar_synth","draw_099",1544,"2022-12-16","history","1.31321617110392"
"exdqlm_univar_synth","draw_099",1544,"2022-12-17","history","1.00240351406786"
"exdqlm_univar_synth","draw_099",1544,"2022-12-18","history","1.45080662937522"
"exdqlm_univar_synth","draw_099",1544,"2022-12-19","history","1.12696016780191"
"exdqlm_univar_synth","draw_099",1544,"2022-12-20","history","1.50980534482732"
"exdqlm_univar_synth","draw_099",1544,"2022-12-21","history","1.45365688923793"
"exdqlm_univar_synth","draw_099",1544,"2022-12-22","history","1.30739893930389"
"exdqlm_univar_synth","draw_099",1544,"2022-12-23","history","0.896674754731621"
"exdqlm_univar_synth","draw_099",1544,"2022-12-24","history","0.921184226841932"
"exdqlm_univar_synth","draw_099",1544,"2022-12-25","history","0.977348081599662"
"exdqlm_univar_synth","draw_100",1559,"2022-12-07","history","1.30841974987430"
"exdqlm_univar_synth","draw_100",1559,"2022-12-08","history","0.649619991868029"
"exdqlm_univar_synth","draw_100",1559,"2022-12-09","history","1.30524768411175"
"exdqlm_univar_synth","draw_100",1559,"2022-12-10","history","1.23817898218114"
"exdqlm_univar_synth","draw_100",1559,"2022-12-11","history","2.77038891477739"
"exdqlm_univar_synth","draw_100",1559,"2022-12-12","history","2.12399468151759"
"exdqlm_univar_synth","draw_100",1559,"2022-12-13","history","0"
"exdqlm_univar_synth","draw_100",1559,"2022-12-14","history","1.47169534568107"
"exdqlm_univar_synth","draw_100",1559,"2022-12-15","history","1.29480434012227"
"exdqlm_univar_synth","draw_100",1559,"2022-12-16","history","1.20686310160794"
"exdqlm_univar_synth","draw_100",1559,"2022-12-17","history","1.35952591757110"
"exdqlm_univar_synth","draw_100",1559,"2022-12-18","history","0.910009505062531"
"exdqlm_univar_synth","draw_100",1559,"2022-12-19","history","1.21642182466731"
"exdqlm_univar_synth","draw_100",1559,"2022-12-20","history","1.15982164463317"
"exdqlm_univar_synth","draw_100",1559,"2022-12-21","history","1.14758174307365"
"exdqlm_univar_synth","draw_100",1559,"2022-12-22","history","0.941212158033019"
"exdqlm_univar_synth","draw_100",1559,"2022-12-23","history","1.09632326640034"
"exdqlm_univar_synth","draw_100",1559,"2022-12-24","history","1.36615478003312"
"exdqlm_univar_synth","draw_100",1559,"2022-12-25","history","0.958884084564052"
"exdqlm_univar_synth","draw_101",1575,"2022-12-07","history","1.30224434134880"
"exdqlm_univar_synth","draw_101",1575,"2022-12-08","history","1.21553671418183"
"exdqlm_univar_synth","draw_101",1575,"2022-12-09","history","0.941610947759506"
"exdqlm_univar_synth","draw_101",1575,"2022-12-10","history","1.51468678662628"
"exdqlm_univar_synth","draw_101",1575,"2022-12-11","history","4.41924582771873"
"exdqlm_univar_synth","draw_101",1575,"2022-12-12","history","2.78431618219541"
"exdqlm_univar_synth","draw_101",1575,"2022-12-13","history","2.21000966000054"
"exdqlm_univar_synth","draw_101",1575,"2022-12-14","history","1.79168616736323"
"exdqlm_univar_synth","draw_101",1575,"2022-12-15","history","1.20051603781103"
"exdqlm_univar_synth","draw_101",1575,"2022-12-16","history","1.33124537746831"
"exdqlm_univar_synth","draw_101",1575,"2022-12-17","history","1.28693315099712"
"exdqlm_univar_synth","draw_101",1575,"2022-12-18","history","1.06598320058663"
"exdqlm_univar_synth","draw_101",1575,"2022-12-19","history","1.31807540825240"
"exdqlm_univar_synth","draw_101",1575,"2022-12-20","history","1.18975695914867"
"exdqlm_univar_synth","draw_101",1575,"2022-12-21","history","1.48054879161090"
"exdqlm_univar_synth","draw_101",1575,"2022-12-22","history","1.15413669940377"
"exdqlm_univar_synth","draw_101",1575,"2022-12-23","history","0.937130149718110"
"exdqlm_univar_synth","draw_101",1575,"2022-12-24","history","1.39933703496957"
"exdqlm_univar_synth","draw_101",1575,"2022-12-25","history","1.00998317182590"
"exdqlm_univar_synth","draw_102",1591,"2022-12-07","history","0.703878619956387"
"exdqlm_univar_synth","draw_102",1591,"2022-12-08","history","0.688795388518927"
"exdqlm_univar_synth","draw_102",1591,"2022-12-09","history","0.866274299468587"
"exdqlm_univar_synth","draw_102",1591,"2022-12-10","history","1.13689959179361"
"exdqlm_univar_synth","draw_102",1591,"2022-12-11","history","3.61687601162319"
"exdqlm_univar_synth","draw_102",1591,"2022-12-12","history","2.71560382849770"
"exdqlm_univar_synth","draw_102",1591,"2022-12-13","history","2.95800219800043"
"exdqlm_univar_synth","draw_102",1591,"2022-12-14","history","1.15453607618058"
"exdqlm_univar_synth","draw_102",1591,"2022-12-15","history","1.07788449452848"
"exdqlm_univar_synth","draw_102",1591,"2022-12-16","history","1.18987962774678"
"exdqlm_univar_synth","draw_102",1591,"2022-12-17","history","0.566432907604940"
"exdqlm_univar_synth","draw_102",1591,"2022-12-18","history","1.58266363478696"
"exdqlm_univar_synth","draw_102",1591,"2022-12-19","history","1.26893913270438"
"exdqlm_univar_synth","draw_102",1591,"2022-12-20","history","0.942414166879897"
"exdqlm_univar_synth","draw_102",1591,"2022-12-21","history","1.07395930923009"
"exdqlm_univar_synth","draw_102",1591,"2022-12-22","history","1.14849014011276"
"exdqlm_univar_synth","draw_102",1591,"2022-12-23","history","1.35051747545857"
"exdqlm_univar_synth","draw_102",1591,"2022-12-24","history","0.981430961485935"
"exdqlm_univar_synth","draw_102",1591,"2022-12-25","history","0.989112693191305"
"exdqlm_univar_synth","draw_103",1606,"2022-12-07","history","0.736552744745938"
"exdqlm_univar_synth","draw_103",1606,"2022-12-08","history","0.902457017528467"
"exdqlm_univar_synth","draw_103",1606,"2022-12-09","history","1.10375565164674"
"exdqlm_univar_synth","draw_103",1606,"2022-12-10","history","1.51827246274230"
"exdqlm_univar_synth","draw_103",1606,"2022-12-11","history","3.54909470717902"
"exdqlm_univar_synth","draw_103",1606,"2022-12-12","history","2.79921385338149"
"exdqlm_univar_synth","draw_103",1606,"2022-12-13","history","2.69570401005170"
"exdqlm_univar_synth","draw_103",1606,"2022-12-14","history","1.68654700131000"
"exdqlm_univar_synth","draw_103",1606,"2022-12-15","history","1.02110453121858"
"exdqlm_univar_synth","draw_103",1606,"2022-12-16","history","1.59495142133967"
"exdqlm_univar_synth","draw_103",1606,"2022-12-17","history","1.30409970701070"
"exdqlm_univar_synth","draw_103",1606,"2022-12-18","history","1.45984925712989"
"exdqlm_univar_synth","draw_103",1606,"2022-12-19","history","1.55261777724147"
"exdqlm_univar_synth","draw_103",1606,"2022-12-20","history","1.04194845931965"
"exdqlm_univar_synth","draw_103",1606,"2022-12-21","history","1.16163119920646"
"exdqlm_univar_synth","draw_103",1606,"2022-12-22","history","1.11626034834004"
"exdqlm_univar_synth","draw_103",1606,"2022-12-23","history","1.38726521299955"
"exdqlm_univar_synth","draw_103",1606,"2022-12-24","history","0.928943204588370"
"exdqlm_univar_synth","draw_103",1606,"2022-12-25","history","1.00957206454367"
"exdqlm_univar_synth","draw_104",1622,"2022-12-07","history","0.790047498469017"
"exdqlm_univar_synth","draw_104",1622,"2022-12-08","history","0.704775831302121"
"exdqlm_univar_synth","draw_104",1622,"2022-12-09","history","1.25441130027756"
"exdqlm_univar_synth","draw_104",1622,"2022-12-10","history","1.40776325455246"
"exdqlm_univar_synth","draw_104",1622,"2022-12-11","history","3.21123088520981"
"exdqlm_univar_synth","draw_104",1622,"2022-12-12","history","2.94603509467819"
"exdqlm_univar_synth","draw_104",1622,"2022-12-13","history","1.94233184915791"
"exdqlm_univar_synth","draw_104",1622,"2022-12-14","history","1.34237582690443"
"exdqlm_univar_synth","draw_104",1622,"2022-12-15","history","1.30063300397633"
"exdqlm_univar_synth","draw_104",1622,"2022-12-16","history","1.14103146069759"
"exdqlm_univar_synth","draw_104",1622,"2022-12-17","history","1.14735664139268"
"exdqlm_univar_synth","draw_104",1622,"2022-12-18","history","0.982798369303137"
"exdqlm_univar_synth","draw_104",1622,"2022-12-19","history","1.35010100842620"
"exdqlm_univar_synth","draw_104",1622,"2022-12-20","history","1.33033429515565"
"exdqlm_univar_synth","draw_104",1622,"2022-12-21","history","1.05671408913053"
"exdqlm_univar_synth","draw_104",1622,"2022-12-22","history","1.10810583708874"
"exdqlm_univar_synth","draw_104",1622,"2022-12-23","history","1.23883274742211"
"exdqlm_univar_synth","draw_104",1622,"2022-12-24","history","0.749513062377258"
"exdqlm_univar_synth","draw_104",1622,"2022-12-25","history","0.929629613598325"
"exdqlm_univar_synth","draw_105",1638,"2022-12-07","history","1.01613788641214"
"exdqlm_univar_synth","draw_105",1638,"2022-12-08","history","0.778263505904824"
"exdqlm_univar_synth","draw_105",1638,"2022-12-09","history","1.36446377830376"
"exdqlm_univar_synth","draw_105",1638,"2022-12-10","history","1.15318433599044"
"exdqlm_univar_synth","draw_105",1638,"2022-12-11","history","3.36384482091603"
"exdqlm_univar_synth","draw_105",1638,"2022-12-12","history","2.70946037452858"
"exdqlm_univar_synth","draw_105",1638,"2022-12-13","history","1.88671696164752"
"exdqlm_univar_synth","draw_105",1638,"2022-12-14","history","1.32478733005079"
"exdqlm_univar_synth","draw_105",1638,"2022-12-15","history","1.29085047960644"
"exdqlm_univar_synth","draw_105",1638,"2022-12-16","history","1.23526914872855"
"exdqlm_univar_synth","draw_105",1638,"2022-12-17","history","0.913201630290466"
"exdqlm_univar_synth","draw_105",1638,"2022-12-18","history","1.12229977167921"
"exdqlm_univar_synth","draw_105",1638,"2022-12-19","history","1.13510726867079"
"exdqlm_univar_synth","draw_105",1638,"2022-12-20","history","1.09607074777405"
"exdqlm_univar_synth","draw_105",1638,"2022-12-21","history","1.28992913709844"
"exdqlm_univar_synth","draw_105",1638,"2022-12-22","history","1.18763757901993"
"exdqlm_univar_synth","draw_105",1638,"2022-12-23","history","1.04099103157356"
"exdqlm_univar_synth","draw_105",1638,"2022-12-24","history","1.24208709874746"
"exdqlm_univar_synth","draw_105",1638,"2022-12-25","history","1.00458026676979"
"exdqlm_univar_synth","draw_106",1654,"2022-12-07","history","0.919764848035855"
"exdqlm_univar_synth","draw_106",1654,"2022-12-08","history","1.08483276171581"
"exdqlm_univar_synth","draw_106",1654,"2022-12-09","history","1.32319585881133"
"exdqlm_univar_synth","draw_106",1654,"2022-12-10","history","1.56338072619242"
"exdqlm_univar_synth","draw_106",1654,"2022-12-11","history","3.48163444741449"
"exdqlm_univar_synth","draw_106",1654,"2022-12-12","history","3.36494515991874"
"exdqlm_univar_synth","draw_106",1654,"2022-12-13","history","2.27267460977308"
"exdqlm_univar_synth","draw_106",1654,"2022-12-14","history","1.67400448131376"
"exdqlm_univar_synth","draw_106",1654,"2022-12-15","history","1.35730189834150"
"exdqlm_univar_synth","draw_106",1654,"2022-12-16","history","0.979954530083700"
"exdqlm_univar_synth","draw_106",1654,"2022-12-17","history","1.11584701141952"
"exdqlm_univar_synth","draw_106",1654,"2022-12-18","history","1.23790543384775"
"exdqlm_univar_synth","draw_106",1654,"2022-12-19","history","1.00119076047579"
"exdqlm_univar_synth","draw_106",1654,"2022-12-20","history","1.05396141324798"
"exdqlm_univar_synth","draw_106",1654,"2022-12-21","history","1.02319424537665"
"exdqlm_univar_synth","draw_106",1654,"2022-12-22","history","1.14482162269490"
"exdqlm_univar_synth","draw_106",1654,"2022-12-23","history","0.854094874084614"
"exdqlm_univar_synth","draw_106",1654,"2022-12-24","history","1.28674760255375"
"exdqlm_univar_synth","draw_106",1654,"2022-12-25","history","0.718656042451157"
"exdqlm_univar_synth","draw_107",1669,"2022-12-07","history","0.823990259775488"
"exdqlm_univar_synth","draw_107",1669,"2022-12-08","history","0.584557068379719"
"exdqlm_univar_synth","draw_107",1669,"2022-12-09","history","0.782993032547505"
"exdqlm_univar_synth","draw_107",1669,"2022-12-10","history","1.57003406525471"
"exdqlm_univar_synth","draw_107",1669,"2022-12-11","history","3.72176313548885"
"exdqlm_univar_synth","draw_107",1669,"2022-12-12","history","2.74901240866575"
"exdqlm_univar_synth","draw_107",1669,"2022-12-13","history","2.18545089561563"
"exdqlm_univar_synth","draw_107",1669,"2022-12-14","history","1.63784831020907"
"exdqlm_univar_synth","draw_107",1669,"2022-12-15","history","1.43691042359213"
"exdqlm_univar_synth","draw_107",1669,"2022-12-16","history","1.73313899858047"
"exdqlm_univar_synth","draw_107",1669,"2022-12-17","history","1.62467870225544"
"exdqlm_univar_synth","draw_107",1669,"2022-12-18","history","1.30156122007980"
"exdqlm_univar_synth","draw_107",1669,"2022-12-19","history","1.13814697547025"
"exdqlm_univar_synth","draw_107",1669,"2022-12-20","history","1.03348817702835"
"exdqlm_univar_synth","draw_107",1669,"2022-12-21","history","1.04648836235471"
"exdqlm_univar_synth","draw_107",1669,"2022-12-22","history","1.36457934722740"
"exdqlm_univar_synth","draw_107",1669,"2022-12-23","history","1.12246079235282"
"exdqlm_univar_synth","draw_107",1669,"2022-12-24","history","1.11894423685351"
"exdqlm_univar_synth","draw_107",1669,"2022-12-25","history","1.09680462756638"
"exdqlm_univar_synth","draw_108",1685,"2022-12-07","history","1.30862553473670"
"exdqlm_univar_synth","draw_108",1685,"2022-12-08","history","1.09576235655189"
"exdqlm_univar_synth","draw_108",1685,"2022-12-09","history","0.862465405808990"
"exdqlm_univar_synth","draw_108",1685,"2022-12-10","history","1.65665385347746"
"exdqlm_univar_synth","draw_108",1685,"2022-12-11","history","3.79029578028694"
"exdqlm_univar_synth","draw_108",1685,"2022-12-12","history","2.60117847269470"
"exdqlm_univar_synth","draw_108",1685,"2022-12-13","history","1.85112218464352"
"exdqlm_univar_synth","draw_108",1685,"2022-12-14","history","1.56288009953467"
"exdqlm_univar_synth","draw_108",1685,"2022-12-15","history","1.13391645052402"
"exdqlm_univar_synth","draw_108",1685,"2022-12-16","history","1.64185806660050"
"exdqlm_univar_synth","draw_108",1685,"2022-12-17","history","1.13723405690685"
"exdqlm_univar_synth","draw_108",1685,"2022-12-18","history","1.04858794279524"
"exdqlm_univar_synth","draw_108",1685,"2022-12-19","history","1.50022716717526"
"exdqlm_univar_synth","draw_108",1685,"2022-12-20","history","0.916815964503787"
"exdqlm_univar_synth","draw_108",1685,"2022-12-21","history","1.14346292088734"
"exdqlm_univar_synth","draw_108",1685,"2022-12-22","history","1.17870259131017"
"exdqlm_univar_synth","draw_108",1685,"2022-12-23","history","0.960283411840934"
"exdqlm_univar_synth","draw_108",1685,"2022-12-24","history","0.814003369989088"
"exdqlm_univar_synth","draw_108",1685,"2022-12-25","history","1.21462688277457"
"exdqlm_univar_synth","draw_109",1701,"2022-12-07","history","1.00912455820029"
"exdqlm_univar_synth","draw_109",1701,"2022-12-08","history","0.864824876249244"
"exdqlm_univar_synth","draw_109",1701,"2022-12-09","history","1.02606680730609"
"exdqlm_univar_synth","draw_109",1701,"2022-12-10","history","0.988290194346767"
"exdqlm_univar_synth","draw_109",1701,"2022-12-11","history","3.18514751682020"
"exdqlm_univar_synth","draw_109",1701,"2022-12-12","history","3.36562478579310"
"exdqlm_univar_synth","draw_109",1701,"2022-12-13","history","1.69413834589473"
"exdqlm_univar_synth","draw_109",1701,"2022-12-14","history","1.63471415026109"
"exdqlm_univar_synth","draw_109",1701,"2022-12-15","history","1.22199776415989"
"exdqlm_univar_synth","draw_109",1701,"2022-12-16","history","1.09883188696153"
"exdqlm_univar_synth","draw_109",1701,"2022-12-17","history","1.26152773124240"
"exdqlm_univar_synth","draw_109",1701,"2022-12-18","history","1.16173480898603"
"exdqlm_univar_synth","draw_109",1701,"2022-12-19","history","1.12200659799600"
"exdqlm_univar_synth","draw_109",1701,"2022-12-20","history","1.31305586205557"
"exdqlm_univar_synth","draw_109",1701,"2022-12-21","history","1.48650346832493"
"exdqlm_univar_synth","draw_109",1701,"2022-12-22","history","0.931419394875637"
"exdqlm_univar_synth","draw_109",1701,"2022-12-23","history","0.974993831984893"
"exdqlm_univar_synth","draw_109",1701,"2022-12-24","history","1.28265310879350"
"exdqlm_univar_synth","draw_109",1701,"2022-12-25","history","1.21494983500668"
"exdqlm_univar_synth","draw_110",1717,"2022-12-07","history","0.681058770172869"
"exdqlm_univar_synth","draw_110",1717,"2022-12-08","history","0.789530037442603"
"exdqlm_univar_synth","draw_110",1717,"2022-12-09","history","0.991679872631946"
"exdqlm_univar_synth","draw_110",1717,"2022-12-10","history","0.962963006297975"
"exdqlm_univar_synth","draw_110",1717,"2022-12-11","history","3.66590405849867"
"exdqlm_univar_synth","draw_110",1717,"2022-12-12","history","3.05760787478308"
"exdqlm_univar_synth","draw_110",1717,"2022-12-13","history","1.58513595868846"
"exdqlm_univar_synth","draw_110",1717,"2022-12-14","history","1.38293573790921"
"exdqlm_univar_synth","draw_110",1717,"2022-12-15","history","1.43904310854473"
"exdqlm_univar_synth","draw_110",1717,"2022-12-16","history","1.00079173729770"
"exdqlm_univar_synth","draw_110",1717,"2022-12-17","history","1.28994403756099"
"exdqlm_univar_synth","draw_110",1717,"2022-12-18","history","1.26913259493400"
"exdqlm_univar_synth","draw_110",1717,"2022-12-19","history","1.34185244918954"
"exdqlm_univar_synth","draw_110",1717,"2022-12-20","history","1.09762182651049"
"exdqlm_univar_synth","draw_110",1717,"2022-12-21","history","1.28546221195363"
"exdqlm_univar_synth","draw_110",1717,"2022-12-22","history","1.15786520950284"
"exdqlm_univar_synth","draw_110",1717,"2022-12-23","history","1.07371541249231"
"exdqlm_univar_synth","draw_110",1717,"2022-12-24","history","1.03659388741018"
"exdqlm_univar_synth","draw_110",1717,"2022-12-25","history","0.988302631058800"
"exdqlm_univar_synth","draw_111",1732,"2022-12-07","history","0.962906680990068"
"exdqlm_univar_synth","draw_111",1732,"2022-12-08","history","1.11991025078620"
"exdqlm_univar_synth","draw_111",1732,"2022-12-09","history","1.21977618880729"
"exdqlm_univar_synth","draw_111",1732,"2022-12-10","history","0.861439422680708"
"exdqlm_univar_synth","draw_111",1732,"2022-12-11","history","3.65693039021745"
"exdqlm_univar_synth","draw_111",1732,"2022-12-12","history","2.78349374919566"
"exdqlm_univar_synth","draw_111",1732,"2022-12-13","history","1.86488157146194"
"exdqlm_univar_synth","draw_111",1732,"2022-12-14","history","1.28898569284346"
"exdqlm_univar_synth","draw_111",1732,"2022-12-15","history","1.65473969149337"
"exdqlm_univar_synth","draw_111",1732,"2022-12-16","history","0.910434856853035"
"exdqlm_univar_synth","draw_111",1732,"2022-12-17","history","1.19564245025475"
"exdqlm_univar_synth","draw_111",1732,"2022-12-18","history","0.993694869377525"
"exdqlm_univar_synth","draw_111",1732,"2022-12-19","history","1.54632603184681"
"exdqlm_univar_synth","draw_111",1732,"2022-12-20","history","1.40455240235237"
"exdqlm_univar_synth","draw_111",1732,"2022-12-21","history","0.917368861639756"
"exdqlm_univar_synth","draw_111",1732,"2022-12-22","history","1.04487057108609"
"exdqlm_univar_synth","draw_111",1732,"2022-12-23","history","0.998309867989258"
"exdqlm_univar_synth","draw_111",1732,"2022-12-24","history","0.882012624379443"
"exdqlm_univar_synth","draw_111",1732,"2022-12-25","history","1.03217763386314"
"exdqlm_univar_synth","draw_112",1748,"2022-12-07","history","0.672663859901067"
"exdqlm_univar_synth","draw_112",1748,"2022-12-08","history","0.699227191420008"
"exdqlm_univar_synth","draw_112",1748,"2022-12-09","history","0.911932464832428"
"exdqlm_univar_synth","draw_112",1748,"2022-12-10","history","1.32151961983908"
"exdqlm_univar_synth","draw_112",1748,"2022-12-11","history","4.12622537499006"
"exdqlm_univar_synth","draw_112",1748,"2022-12-12","history","2.66868234770034"
"exdqlm_univar_synth","draw_112",1748,"2022-12-13","history","1.88814772806399"
"exdqlm_univar_synth","draw_112",1748,"2022-12-14","history","1.15058559873593"
"exdqlm_univar_synth","draw_112",1748,"2022-12-15","history","1.05737823319124"
"exdqlm_univar_synth","draw_112",1748,"2022-12-16","history","1.22908046534344"
"exdqlm_univar_synth","draw_112",1748,"2022-12-17","history","1.10226434257165"
"exdqlm_univar_synth","draw_112",1748,"2022-12-18","history","1.18191946669549"
"exdqlm_univar_synth","draw_112",1748,"2022-12-19","history","1.46688813805887"
"exdqlm_univar_synth","draw_112",1748,"2022-12-20","history","1.25866415330329"
"exdqlm_univar_synth","draw_112",1748,"2022-12-21","history","1.18429628902583"
"exdqlm_univar_synth","draw_112",1748,"2022-12-22","history","1.12098639675803"
"exdqlm_univar_synth","draw_112",1748,"2022-12-23","history","1.16923462414400"
"exdqlm_univar_synth","draw_112",1748,"2022-12-24","history","0.839941082465196"
"exdqlm_univar_synth","draw_112",1748,"2022-12-25","history","1.01456309341940"
"exdqlm_univar_synth","draw_113",1764,"2022-12-07","history","1.13023712491906"
"exdqlm_univar_synth","draw_113",1764,"2022-12-08","history","0.919096201601290"
"exdqlm_univar_synth","draw_113",1764,"2022-12-09","history","1.02763553561758"
"exdqlm_univar_synth","draw_113",1764,"2022-12-10","history","1.12931307410675"
"exdqlm_univar_synth","draw_113",1764,"2022-12-11","history","3.16160195897730"
"exdqlm_univar_synth","draw_113",1764,"2022-12-12","history","3.03088161707640"
"exdqlm_univar_synth","draw_113",1764,"2022-12-13","history","2.00492801361177"
"exdqlm_univar_synth","draw_113",1764,"2022-12-14","history","1.12554305861996"
"exdqlm_univar_synth","draw_113",1764,"2022-12-15","history","1.25728565201939"
"exdqlm_univar_synth","draw_113",1764,"2022-12-16","history","1.21803124518677"
"exdqlm_univar_synth","draw_113",1764,"2022-12-17","history","1.06415651081266"
"exdqlm_univar_synth","draw_113",1764,"2022-12-18","history","1.57299276517378"
"exdqlm_univar_synth","draw_113",1764,"2022-12-19","history","1.28261407573506"
"exdqlm_univar_synth","draw_113",1764,"2022-12-20","history","0.945490922124182"
"exdqlm_univar_synth","draw_113",1764,"2022-12-21","history","1.20817012454419"
"exdqlm_univar_synth","draw_113",1764,"2022-12-22","history","1.06953681926426"
"exdqlm_univar_synth","draw_113",1764,"2022-12-23","history","0.875461550927420"
"exdqlm_univar_synth","draw_113",1764,"2022-12-24","history","1.37633178451537"
"exdqlm_univar_synth","draw_113",1764,"2022-12-25","history","0.846170435425329"
"exdqlm_univar_synth","draw_114",1780,"2022-12-07","history","1.23935434304894"
"exdqlm_univar_synth","draw_114",1780,"2022-12-08","history","0.738097444904596"
"exdqlm_univar_synth","draw_114",1780,"2022-12-09","history","0.969791001074253"
"exdqlm_univar_synth","draw_114",1780,"2022-12-10","history","1.44146753196085"
"exdqlm_univar_synth","draw_114",1780,"2022-12-11","history","4.50899020973414"
"exdqlm_univar_synth","draw_114",1780,"2022-12-12","history","3.22267847726481"
"exdqlm_univar_synth","draw_114",1780,"2022-12-13","history","1.61368254706492"
"exdqlm_univar_synth","draw_114",1780,"2022-12-14","history","1.26487323504861"
"exdqlm_univar_synth","draw_114",1780,"2022-12-15","history","1.17048962011246"
"exdqlm_univar_synth","draw_114",1780,"2022-12-16","history","1.15493780743375"
"exdqlm_univar_synth","draw_114",1780,"2022-12-17","history","1.33091237524781"
"exdqlm_univar_synth","draw_114",1780,"2022-12-18","history","1.31282243886838"
"exdqlm_univar_synth","draw_114",1780,"2022-12-19","history","1.02961124989521"
"exdqlm_univar_synth","draw_114",1780,"2022-12-20","history","1.32533844189625"
"exdqlm_univar_synth","draw_114",1780,"2022-12-21","history","1.20730442767478"
"exdqlm_univar_synth","draw_114",1780,"2022-12-22","history","1.33991321687988"
"exdqlm_univar_synth","draw_114",1780,"2022-12-23","history","1.43700001707790"
"exdqlm_univar_synth","draw_114",1780,"2022-12-24","history","0.886084544051064"
"exdqlm_univar_synth","draw_114",1780,"2022-12-25","history","1.19767153238103"
"exdqlm_univar_synth","draw_115",1795,"2022-12-07","history","0.919759742466520"
"exdqlm_univar_synth","draw_115",1795,"2022-12-08","history","0.539280796268012"
"exdqlm_univar_synth","draw_115",1795,"2022-12-09","history","1.17751508820801"
"exdqlm_univar_synth","draw_115",1795,"2022-12-10","history","1.22808557029756"
"exdqlm_univar_synth","draw_115",1795,"2022-12-11","history","3.12964036566680"
"exdqlm_univar_synth","draw_115",1795,"2022-12-12","history","2.52415401332412"
"exdqlm_univar_synth","draw_115",1795,"2022-12-13","history","1.63874878013019"
"exdqlm_univar_synth","draw_115",1795,"2022-12-14","history","1.41555156827672"
"exdqlm_univar_synth","draw_115",1795,"2022-12-15","history","1.06224576067097"
"exdqlm_univar_synth","draw_115",1795,"2022-12-16","history","1.50612030152608"
"exdqlm_univar_synth","draw_115",1795,"2022-12-17","history","1.24949558403234"
"exdqlm_univar_synth","draw_115",1795,"2022-12-18","history","1.10604249483220"
"exdqlm_univar_synth","draw_115",1795,"2022-12-19","history","1.12705551815846"
"exdqlm_univar_synth","draw_115",1795,"2022-12-20","history","0.901982735905730"
"exdqlm_univar_synth","draw_115",1795,"2022-12-21","history","1.45663211179365"
"exdqlm_univar_synth","draw_115",1795,"2022-12-22","history","1.09479322279016"
"exdqlm_univar_synth","draw_115",1795,"2022-12-23","history","1.29273828341345"
"exdqlm_univar_synth","draw_115",1795,"2022-12-24","history","0.891645395578068"
"exdqlm_univar_synth","draw_115",1795,"2022-12-25","history","1.10247363490257"
"exdqlm_univar_synth","draw_116",1811,"2022-12-07","history","0.945730908129551"
"exdqlm_univar_synth","draw_116",1811,"2022-12-08","history","0.842748497327529"
"exdqlm_univar_synth","draw_116",1811,"2022-12-09","history","1.38772984585151"
"exdqlm_univar_synth","draw_116",1811,"2022-12-10","history","1.49752897991663"
"exdqlm_univar_synth","draw_116",1811,"2022-12-11","history","4.11450389363667"
"exdqlm_univar_synth","draw_116",1811,"2022-12-12","history","2.38168484294074"
"exdqlm_univar_synth","draw_116",1811,"2022-12-13","history","1.80291968688487"
"exdqlm_univar_synth","draw_116",1811,"2022-12-14","history","1.58597097543668"
"exdqlm_univar_synth","draw_116",1811,"2022-12-15","history","1.20976962818776"
"exdqlm_univar_synth","draw_116",1811,"2022-12-16","history","1.22884989351593"
"exdqlm_univar_synth","draw_116",1811,"2022-12-17","history","1.21010103446424"
"exdqlm_univar_synth","draw_116",1811,"2022-12-18","history","1.08857476801952"
"exdqlm_univar_synth","draw_116",1811,"2022-12-19","history","0.960618492182943"
"exdqlm_univar_synth","draw_116",1811,"2022-12-20","history","1.03214494942717"
"exdqlm_univar_synth","draw_116",1811,"2022-12-21","history","1.05461715557584"
"exdqlm_univar_synth","draw_116",1811,"2022-12-22","history","1.03875068668276"
"exdqlm_univar_synth","draw_116",1811,"2022-12-23","history","1.24404083838674"
"exdqlm_univar_synth","draw_116",1811,"2022-12-24","history","1.39704857453851"
"exdqlm_univar_synth","draw_116",1811,"2022-12-25","history","1.19021317768555"
"exdqlm_univar_synth","draw_117",1827,"2022-12-07","history","0.890012330081129"
"exdqlm_univar_synth","draw_117",1827,"2022-12-08","history","1.20511287082803"
"exdqlm_univar_synth","draw_117",1827,"2022-12-09","history","0.942912307135786"
"exdqlm_univar_synth","draw_117",1827,"2022-12-10","history","1.08400951550118"
"exdqlm_univar_synth","draw_117",1827,"2022-12-11","history","3.72258314158841"
"exdqlm_univar_synth","draw_117",1827,"2022-12-12","history","3.03584120787485"
"exdqlm_univar_synth","draw_117",1827,"2022-12-13","history","2.42501626487008"
"exdqlm_univar_synth","draw_117",1827,"2022-12-14","history","2.00640794661079"
"exdqlm_univar_synth","draw_117",1827,"2022-12-15","history","1.31042085681542"
"exdqlm_univar_synth","draw_117",1827,"2022-12-16","history","1.18980985054823"
"exdqlm_univar_synth","draw_117",1827,"2022-12-17","history","1.23044672301822"
"exdqlm_univar_synth","draw_117",1827,"2022-12-18","history","1.54535928890898"
"exdqlm_univar_synth","draw_117",1827,"2022-12-19","history","0.876391323208043"
"exdqlm_univar_synth","draw_117",1827,"2022-12-20","history","1.39196705350562"
"exdqlm_univar_synth","draw_117",1827,"2022-12-21","history","1.06774364276405"
"exdqlm_univar_synth","draw_117",1827,"2022-12-22","history","0.860621736597925"
"exdqlm_univar_synth","draw_117",1827,"2022-12-23","history","1.42955914716862"
"exdqlm_univar_synth","draw_117",1827,"2022-12-24","history","1.16440646868758"
"exdqlm_univar_synth","draw_117",1827,"2022-12-25","history","1.16800282895983"
"exdqlm_univar_synth","draw_118",1843,"2022-12-07","history","0.769809217519616"
"exdqlm_univar_synth","draw_118",1843,"2022-12-08","history","0.803376655371882"
"exdqlm_univar_synth","draw_118",1843,"2022-12-09","history","1.30207098816217"
"exdqlm_univar_synth","draw_118",1843,"2022-12-10","history","1.28486542979658"
"exdqlm_univar_synth","draw_118",1843,"2022-12-11","history","4.45862499489671"
"exdqlm_univar_synth","draw_118",1843,"2022-12-12","history","3.07717205075841"
"exdqlm_univar_synth","draw_118",1843,"2022-12-13","history","1.87005509003522"
"exdqlm_univar_synth","draw_118",1843,"2022-12-14","history","1.27801292407190"
"exdqlm_univar_synth","draw_118",1843,"2022-12-15","history","1.15130413857727"
"exdqlm_univar_synth","draw_118",1843,"2022-12-16","history","1.19262233665630"
"exdqlm_univar_synth","draw_118",1843,"2022-12-17","history","1.15338110214574"
"exdqlm_univar_synth","draw_118",1843,"2022-12-18","history","1.19576474275599"
"exdqlm_univar_synth","draw_118",1843,"2022-12-19","history","1.12461464777537"
"exdqlm_univar_synth","draw_118",1843,"2022-12-20","history","1.06223326699869"
"exdqlm_univar_synth","draw_118",1843,"2022-12-21","history","1.45574627378860"
"exdqlm_univar_synth","draw_118",1843,"2022-12-22","history","1.28836628472971"
"exdqlm_univar_synth","draw_118",1843,"2022-12-23","history","1.10037191323742"
"exdqlm_univar_synth","draw_118",1843,"2022-12-24","history","1.37527485654579"
"exdqlm_univar_synth","draw_118",1843,"2022-12-25","history","1.46430991336549"
"exdqlm_univar_synth","draw_119",1858,"2022-12-07","history","0.925548460072613"
"exdqlm_univar_synth","draw_119",1858,"2022-12-08","history","1.23059285816444"
"exdqlm_univar_synth","draw_119",1858,"2022-12-09","history","1.03747760336265"
"exdqlm_univar_synth","draw_119",1858,"2022-12-10","history","1.23572735634790"
"exdqlm_univar_synth","draw_119",1858,"2022-12-11","history","2.63496492597900"
"exdqlm_univar_synth","draw_119",1858,"2022-12-12","history","2.53714933854783"
"exdqlm_univar_synth","draw_119",1858,"2022-12-13","history","2.26737760800727"
"exdqlm_univar_synth","draw_119",1858,"2022-12-14","history","1.42421432925730"
"exdqlm_univar_synth","draw_119",1858,"2022-12-15","history","1.47540557246655"
"exdqlm_univar_synth","draw_119",1858,"2022-12-16","history","1.19988497723858"
"exdqlm_univar_synth","draw_119",1858,"2022-12-17","history","1.17134028798426"
"exdqlm_univar_synth","draw_119",1858,"2022-12-18","history","1.54934378681046"
"exdqlm_univar_synth","draw_119",1858,"2022-12-19","history","1.40884604341765"
"exdqlm_univar_synth","draw_119",1858,"2022-12-20","history","1.44827901047729"
"exdqlm_univar_synth","draw_119",1858,"2022-12-21","history","1.25520295255377"
"exdqlm_univar_synth","draw_119",1858,"2022-12-22","history","0.857679379986082"
"exdqlm_univar_synth","draw_119",1858,"2022-12-23","history","1.16603468341341"
"exdqlm_univar_synth","draw_119",1858,"2022-12-24","history","0.981966259878203"
"exdqlm_univar_synth","draw_119",1858,"2022-12-25","history","0.859158690781288"
"exdqlm_univar_synth","draw_120",1874,"2022-12-07","history","0.888071845378815"
"exdqlm_univar_synth","draw_120",1874,"2022-12-08","history","0.862437941773789"
"exdqlm_univar_synth","draw_120",1874,"2022-12-09","history","0.999308546439548"
"exdqlm_univar_synth","draw_120",1874,"2022-12-10","history","1.08069162206472"
"exdqlm_univar_synth","draw_120",1874,"2022-12-11","history","2.80050803354991"
"exdqlm_univar_synth","draw_120",1874,"2022-12-12","history","2.21690509441482"
"exdqlm_univar_synth","draw_120",1874,"2022-12-13","history","2.28190941562295"
"exdqlm_univar_synth","draw_120",1874,"2022-12-14","history","1.22796211388006"
"exdqlm_univar_synth","draw_120",1874,"2022-12-15","history","1.16059915342852"
"exdqlm_univar_synth","draw_120",1874,"2022-12-16","history","1.31947462721002"
"exdqlm_univar_synth","draw_120",1874,"2022-12-17","history","0.911283097683793"
"exdqlm_univar_synth","draw_120",1874,"2022-12-18","history","1.23531976800049"
"exdqlm_univar_synth","draw_120",1874,"2022-12-19","history","1.07635490614557"
"exdqlm_univar_synth","draw_120",1874,"2022-12-20","history","1.26309084000517"
"exdqlm_univar_synth","draw_120",1874,"2022-12-21","history","1.06490186559426"
"exdqlm_univar_synth","draw_120",1874,"2022-12-22","history","1.15390618221722"
"exdqlm_univar_synth","draw_120",1874,"2022-12-23","history","0.895397029853182"
"exdqlm_univar_synth","draw_120",1874,"2022-12-24","history","1.24144872948478"
"exdqlm_univar_synth","draw_120",1874,"2022-12-25","history","0.942264282747709"
"exdqlm_univar_synth","draw_121",1890,"2022-12-07","history","1.31778152759201"
"exdqlm_univar_synth","draw_121",1890,"2022-12-08","history","0.766431519567976"
"exdqlm_univar_synth","draw_121",1890,"2022-12-09","history","0.893280071608281"
"exdqlm_univar_synth","draw_121",1890,"2022-12-10","history","1.62343449721505"
"exdqlm_univar_synth","draw_121",1890,"2022-12-11","history","4.22858432370814"
"exdqlm_univar_synth","draw_121",1890,"2022-12-12","history","2.75694390819548"
"exdqlm_univar_synth","draw_121",1890,"2022-12-13","history","2.06838625186299"
"exdqlm_univar_synth","draw_121",1890,"2022-12-14","history","1.07614750755863"
"exdqlm_univar_synth","draw_121",1890,"2022-12-15","history","1.36465543152177"
"exdqlm_univar_synth","draw_121",1890,"2022-12-16","history","1.41173609768803"
"exdqlm_univar_synth","draw_121",1890,"2022-12-17","history","1.43971916528535"
"exdqlm_univar_synth","draw_121",1890,"2022-12-18","history","1.26884408304454"
"exdqlm_univar_synth","draw_121",1890,"2022-12-19","history","1.15938046312649"
"exdqlm_univar_synth","draw_121",1890,"2022-12-20","history","1.07222387530238"
"exdqlm_univar_synth","draw_121",1890,"2022-12-21","history","1.10412794903258"
"exdqlm_univar_synth","draw_121",1890,"2022-12-22","history","1.14785946430693"
"exdqlm_univar_synth","draw_121",1890,"2022-12-23","history","1.08152073078250"
"exdqlm_univar_synth","draw_121",1890,"2022-12-24","history","1.03456046750961"
"exdqlm_univar_synth","draw_121",1890,"2022-12-25","history","1.00130152017892"
"exdqlm_univar_synth","draw_122",1906,"2022-12-07","history","0.949501086963481"
"exdqlm_univar_synth","draw_122",1906,"2022-12-08","history","0.555761939809001"
"exdqlm_univar_synth","draw_122",1906,"2022-12-09","history","0.876289300745040"
"exdqlm_univar_synth","draw_122",1906,"2022-12-10","history","1.64171781643483"
"exdqlm_univar_synth","draw_122",1906,"2022-12-11","history","3.31764458262489"
"exdqlm_univar_synth","draw_122",1906,"2022-12-12","history","3.48003094708181"
"exdqlm_univar_synth","draw_122",1906,"2022-12-13","history","2.21274790700617"
"exdqlm_univar_synth","draw_122",1906,"2022-12-14","history","1.13519112127880"
"exdqlm_univar_synth","draw_122",1906,"2022-12-15","history","1.00245998894455"
"exdqlm_univar_synth","draw_122",1906,"2022-12-16","history","1.01591695266954"
"exdqlm_univar_synth","draw_122",1906,"2022-12-17","history","1.19422063688101"
"exdqlm_univar_synth","draw_122",1906,"2022-12-18","history","1.19685331031442"
"exdqlm_univar_synth","draw_122",1906,"2022-12-19","history","1.26472273569538"
"exdqlm_univar_synth","draw_122",1906,"2022-12-20","history","0.947329695793376"
"exdqlm_univar_synth","draw_122",1906,"2022-12-21","history","1.03640169516179"
"exdqlm_univar_synth","draw_122",1906,"2022-12-22","history","1.25572328675315"
"exdqlm_univar_synth","draw_122",1906,"2022-12-23","history","1.04332801474993"
"exdqlm_univar_synth","draw_122",1906,"2022-12-24","history","0.933467856991360"
"exdqlm_univar_synth","draw_122",1906,"2022-12-25","history","0.862273755242994"
"exdqlm_univar_synth","draw_123",1921,"2022-12-07","history","0.828562642098600"
"exdqlm_univar_synth","draw_123",1921,"2022-12-08","history","1.00054499331310"
"exdqlm_univar_synth","draw_123",1921,"2022-12-09","history","0.963603358177529"
"exdqlm_univar_synth","draw_123",1921,"2022-12-10","history","0.878961427612572"
"exdqlm_univar_synth","draw_123",1921,"2022-12-11","history","3.69003660008415"
"exdqlm_univar_synth","draw_123",1921,"2022-12-12","history","3.05577807431614"
"exdqlm_univar_synth","draw_123",1921,"2022-12-13","history","1.94452675665491"
"exdqlm_univar_synth","draw_123",1921,"2022-12-14","history","1.44660295704521"
"exdqlm_univar_synth","draw_123",1921,"2022-12-15","history","1.14210795421412"
"exdqlm_univar_synth","draw_123",1921,"2022-12-16","history","0.944932454023214"
"exdqlm_univar_synth","draw_123",1921,"2022-12-17","history","1.43114259990153"
"exdqlm_univar_synth","draw_123",1921,"2022-12-18","history","1.29358366958163"
"exdqlm_univar_synth","draw_123",1921,"2022-12-19","history","1.08389434855062"
"exdqlm_univar_synth","draw_123",1921,"2022-12-20","history","1.16148461463048"
"exdqlm_univar_synth","draw_123",1921,"2022-12-21","history","1.18296429306483"
"exdqlm_univar_synth","draw_123",1921,"2022-12-22","history","1.21234898596435"
"exdqlm_univar_synth","draw_123",1921,"2022-12-23","history","0.957404783081756"
"exdqlm_univar_synth","draw_123",1921,"2022-12-24","history","1.06041933341203"
"exdqlm_univar_synth","draw_123",1921,"2022-12-25","history","1.08008232253018"
"exdqlm_univar_synth","draw_124",1937,"2022-12-07","history","1.35470996571120"
"exdqlm_univar_synth","draw_124",1937,"2022-12-08","history","0.772102312804091"
"exdqlm_univar_synth","draw_124",1937,"2022-12-09","history","0.997470866895952"
"exdqlm_univar_synth","draw_124",1937,"2022-12-10","history","1.68737887267500"
"exdqlm_univar_synth","draw_124",1937,"2022-12-11","history","3.32237017981448"
"exdqlm_univar_synth","draw_124",1937,"2022-12-12","history","3.44364321043185"
"exdqlm_univar_synth","draw_124",1937,"2022-12-13","history","2.21868034027062"
"exdqlm_univar_synth","draw_124",1937,"2022-12-14","history","1.38482085992885"
"exdqlm_univar_synth","draw_124",1937,"2022-12-15","history","1.13464044762671"
"exdqlm_univar_synth","draw_124",1937,"2022-12-16","history","0.993291200063053"
"exdqlm_univar_synth","draw_124",1937,"2022-12-17","history","1.00100907860134"
"exdqlm_univar_synth","draw_124",1937,"2022-12-18","history","1.34844301024713"
"exdqlm_univar_synth","draw_124",1937,"2022-12-19","history","1.01778688568353"
"exdqlm_univar_synth","draw_124",1937,"2022-12-20","history","1.31240731951501"
"exdqlm_univar_synth","draw_124",1937,"2022-12-21","history","1.13318532262847"
"exdqlm_univar_synth","draw_124",1937,"2022-12-22","history","1.35993906454780"
"exdqlm_univar_synth","draw_124",1937,"2022-12-23","history","1.58972660774314"
"exdqlm_univar_synth","draw_124",1937,"2022-12-24","history","1.32364090142874"
"exdqlm_univar_synth","draw_124",1937,"2022-12-25","history","0.865016753356430"
"exdqlm_univar_synth","draw_125",1953,"2022-12-07","history","0.753016466965798"
"exdqlm_univar_synth","draw_125",1953,"2022-12-08","history","1.18811529170301"
"exdqlm_univar_synth","draw_125",1953,"2022-12-09","history","1.36884051873559"
"exdqlm_univar_synth","draw_125",1953,"2022-12-10","history","1.69197184018405"
"exdqlm_univar_synth","draw_125",1953,"2022-12-11","history","4.30541436326385"
"exdqlm_univar_synth","draw_125",1953,"2022-12-12","history","2.61084972793370"
"exdqlm_univar_synth","draw_125",1953,"2022-12-13","history","2.07454830997046"
"exdqlm_univar_synth","draw_125",1953,"2022-12-14","history","1.31980728948948"
"exdqlm_univar_synth","draw_125",1953,"2022-12-15","history","1.27903385517025"
"exdqlm_univar_synth","draw_125",1953,"2022-12-16","history","1.65606759830977"
"exdqlm_univar_synth","draw_125",1953,"2022-12-17","history","1.26870404177631"
"exdqlm_univar_synth","draw_125",1953,"2022-12-18","history","1.02833929176158"
"exdqlm_univar_synth","draw_125",1953,"2022-12-19","history","1.25792635345061"
"exdqlm_univar_synth","draw_125",1953,"2022-12-20","history","1.11253102937063"
"exdqlm_univar_synth","draw_125",1953,"2022-12-21","history","0.981587358051063"
"exdqlm_univar_synth","draw_125",1953,"2022-12-22","history","1.10091067024364"
"exdqlm_univar_synth","draw_125",1953,"2022-12-23","history","1.24240186778775"
"exdqlm_univar_synth","draw_125",1953,"2022-12-24","history","0.747963947153395"
"exdqlm_univar_synth","draw_125",1953,"2022-12-25","history","1.19708217544102"
"exdqlm_univar_synth","draw_126",1969,"2022-12-07","history","0.906184356768827"
"exdqlm_univar_synth","draw_126",1969,"2022-12-08","history","0.939149653476573"
"exdqlm_univar_synth","draw_126",1969,"2022-12-09","history","0.944606672198089"
"exdqlm_univar_synth","draw_126",1969,"2022-12-10","history","1.28121937786442"
"exdqlm_univar_synth","draw_126",1969,"2022-12-11","history","3.00226137781098"
"exdqlm_univar_synth","draw_126",1969,"2022-12-12","history","2.68920176731141"
"exdqlm_univar_synth","draw_126",1969,"2022-12-13","history","2.23639062200969"
"exdqlm_univar_synth","draw_126",1969,"2022-12-14","history","1.34288913152168"
"exdqlm_univar_synth","draw_126",1969,"2022-12-15","history","1.67386844438143"
"exdqlm_univar_synth","draw_126",1969,"2022-12-16","history","1.13092429049843"
"exdqlm_univar_synth","draw_126",1969,"2022-12-17","history","1.11804501800215"
"exdqlm_univar_synth","draw_126",1969,"2022-12-18","history","1.54563959129965"
"exdqlm_univar_synth","draw_126",1969,"2022-12-19","history","1.06412702932534"
"exdqlm_univar_synth","draw_126",1969,"2022-12-20","history","1.22111751120695"
"exdqlm_univar_synth","draw_126",1969,"2022-12-21","history","0.901336298073557"
"exdqlm_univar_synth","draw_126",1969,"2022-12-22","history","1.44252301398094"
"exdqlm_univar_synth","draw_126",1969,"2022-12-23","history","1.14976531065791"
"exdqlm_univar_synth","draw_126",1969,"2022-12-24","history","1.18562867939883"
"exdqlm_univar_synth","draw_126",1969,"2022-12-25","history","1.13585213986366"
"exdqlm_univar_synth","draw_127",1984,"2022-12-07","history","1.05697623010754"
"exdqlm_univar_synth","draw_127",1984,"2022-12-08","history","0.676387462808267"
"exdqlm_univar_synth","draw_127",1984,"2022-12-09","history","0.956449362157415"
"exdqlm_univar_synth","draw_127",1984,"2022-12-10","history","1.28421778656479"
"exdqlm_univar_synth","draw_127",1984,"2022-12-11","history","3.71369916025713"
"exdqlm_univar_synth","draw_127",1984,"2022-12-12","history","3.03705809956946"
"exdqlm_univar_synth","draw_127",1984,"2022-12-13","history","1.94094328152015"
"exdqlm_univar_synth","draw_127",1984,"2022-12-14","history","1.42969239053735"
"exdqlm_univar_synth","draw_127",1984,"2022-12-15","history","1.54522688023855"
"exdqlm_univar_synth","draw_127",1984,"2022-12-16","history","1.33042670014736"
"exdqlm_univar_synth","draw_127",1984,"2022-12-17","history","1.33597523357245"
"exdqlm_univar_synth","draw_127",1984,"2022-12-18","history","1.36580037779224"
"exdqlm_univar_synth","draw_127",1984,"2022-12-19","history","1.07330527655091"
"exdqlm_univar_synth","draw_127",1984,"2022-12-20","history","1.29798700973246"
"exdqlm_univar_synth","draw_127",1984,"2022-12-21","history","1.07541498017843"
"exdqlm_univar_synth","draw_127",1984,"2022-12-22","history","1.24684913417487"
"exdqlm_univar_synth","draw_127",1984,"2022-12-23","history","1.10677572599963"
"exdqlm_univar_synth","draw_127",1984,"2022-12-24","history","1.23997490243845"
"exdqlm_univar_synth","draw_127",1984,"2022-12-25","history","1.23316202537827"
"exdqlm_univar_synth","draw_128",2000,"2022-12-07","history","1.24551767266270"
"exdqlm_univar_synth","draw_128",2000,"2022-12-08","history","1.05265344387485"
"exdqlm_univar_synth","draw_128",2000,"2022-12-09","history","1.15440196797832"
"exdqlm_univar_synth","draw_128",2000,"2022-12-10","history","1.17926152806150"
"exdqlm_univar_synth","draw_128",2000,"2022-12-11","history","4.46863871008064"
"exdqlm_univar_synth","draw_128",2000,"2022-12-12","history","3.27018588084616"
"exdqlm_univar_synth","draw_128",2000,"2022-12-13","history","1.93224860508372"
"exdqlm_univar_synth","draw_128",2000,"2022-12-14","history","1.23128846143905"
"exdqlm_univar_synth","draw_128",2000,"2022-12-15","history","0.933103020994924"
"exdqlm_univar_synth","draw_128",2000,"2022-12-16","history","1.11680208473246"
"exdqlm_univar_synth","draw_128",2000,"2022-12-17","history","1.85526374494442"
"exdqlm_univar_synth","draw_128",2000,"2022-12-18","history","1.03483741583406"
"exdqlm_univar_synth","draw_128",2000,"2022-12-19","history","1.42787681768806"
"exdqlm_univar_synth","draw_128",2000,"2022-12-20","history","1.12386429201469"
"exdqlm_univar_synth","draw_128",2000,"2022-12-21","history","1.22033574861223"
"exdqlm_univar_synth","draw_128",2000,"2022-12-22","history","0.957320643955487"
"exdqlm_univar_synth","draw_128",2000,"2022-12-23","history","1.03824442534331"
"exdqlm_univar_synth","draw_128",2000,"2022-12-24","history","0.916465994258192"
"exdqlm_univar_synth","draw_128",2000,"2022-12-25","history","1.05112314370134"
"exdqlm_univar_synth","draw_001",1,"2022-12-26","forecast","1.17401224017347"
"exdqlm_univar_synth","draw_001",1,"2022-12-27","forecast","2.94624100238815"
"exdqlm_univar_synth","draw_001",1,"2022-12-28","forecast","2.54698636350010"
"exdqlm_univar_synth","draw_001",1,"2022-12-29","forecast","1.71895692996469"
"exdqlm_univar_synth","draw_001",1,"2022-12-30","forecast","2.09866967316205"
"exdqlm_univar_synth","draw_001",1,"2022-12-31","forecast","2.80294910212554"
"exdqlm_univar_synth","draw_001",1,"2023-01-01","forecast","3.12794101483963"
"exdqlm_univar_synth","draw_001",1,"2023-01-02","forecast","1.47904810774110"
"exdqlm_univar_synth","draw_001",1,"2023-01-03","forecast","2.24819533036028"
"exdqlm_univar_synth","draw_001",1,"2023-01-04","forecast","1.42690458833759"
"exdqlm_univar_synth","draw_001",1,"2023-01-05","forecast","1.70679512280158"
"exdqlm_univar_synth","draw_001",1,"2023-01-06","forecast","1.62708378366950"
"exdqlm_univar_synth","draw_001",1,"2023-01-07","forecast","0.956963305716443"
"exdqlm_univar_synth","draw_001",1,"2023-01-08","forecast","1.78178463444117"
"exdqlm_univar_synth","draw_001",1,"2023-01-09","forecast","1.98699611561917"
"exdqlm_univar_synth","draw_001",1,"2023-01-10","forecast","2.28783748562081"
"exdqlm_univar_synth","draw_001",1,"2023-01-11","forecast","1.20344988331812"
"exdqlm_univar_synth","draw_001",1,"2023-01-12","forecast","1.45328270802369"
"exdqlm_univar_synth","draw_001",1,"2023-01-13","forecast","1.65961304823266"
"exdqlm_univar_synth","draw_001",1,"2023-01-14","forecast","2.03569366898594"
"exdqlm_univar_synth","draw_001",1,"2023-01-15","forecast","1.83611475183885"
"exdqlm_univar_synth","draw_001",1,"2023-01-16","forecast","1.95903296102925"
"exdqlm_univar_synth","draw_001",1,"2023-01-17","forecast","1.51406485328248"
"exdqlm_univar_synth","draw_001",1,"2023-01-18","forecast","1.14821967617924"
"exdqlm_univar_synth","draw_001",1,"2023-01-19","forecast","0.987541024678521"
"exdqlm_univar_synth","draw_001",1,"2023-01-20","forecast","0.811726347972470"
"exdqlm_univar_synth","draw_001",1,"2023-01-21","forecast","0.847413083547007"
"exdqlm_univar_synth","draw_001",1,"2023-01-22","forecast","0.829322238202519"
"exdqlm_univar_synth","draw_002",17,"2022-12-26","forecast","0.764813006609103"
"exdqlm_univar_synth","draw_002",17,"2022-12-27","forecast","3.61454386096642"
"exdqlm_univar_synth","draw_002",17,"2022-12-28","forecast","2.57559979984786"
"exdqlm_univar_synth","draw_002",17,"2022-12-29","forecast","1.86408162715827"
"exdqlm_univar_synth","draw_002",17,"2022-12-30","forecast","2.39362839675600"
"exdqlm_univar_synth","draw_002",17,"2022-12-31","forecast","3.13146681768289"
"exdqlm_univar_synth","draw_002",17,"2023-01-01","forecast","3.68040639371153"
"exdqlm_univar_synth","draw_002",17,"2023-01-02","forecast","1.80558934249890"
"exdqlm_univar_synth","draw_002",17,"2023-01-03","forecast","2.28546991837644"
"exdqlm_univar_synth","draw_002",17,"2023-01-04","forecast","1.44569345527794"
"exdqlm_univar_synth","draw_002",17,"2023-01-05","forecast","2.07648578375969"
"exdqlm_univar_synth","draw_002",17,"2023-01-06","forecast","1.36562518777585"
"exdqlm_univar_synth","draw_002",17,"2023-01-07","forecast","1.31462438116836"
"exdqlm_univar_synth","draw_002",17,"2023-01-08","forecast","1.37230332453243"
"exdqlm_univar_synth","draw_002",17,"2023-01-09","forecast","1.99767574157384"
"exdqlm_univar_synth","draw_002",17,"2023-01-10","forecast","2.17060682116176"
"exdqlm_univar_synth","draw_002",17,"2023-01-11","forecast","1.58823051004795"
"exdqlm_univar_synth","draw_002",17,"2023-01-12","forecast","2.29158177663453"
"exdqlm_univar_synth","draw_002",17,"2023-01-13","forecast","1.62866475377118"
"exdqlm_univar_synth","draw_002",17,"2023-01-14","forecast","2.03443058613299"
"exdqlm_univar_synth","draw_002",17,"2023-01-15","forecast","1.94788578407320"
"exdqlm_univar_synth","draw_002",17,"2023-01-16","forecast","1.34264598011444"
"exdqlm_univar_synth","draw_002",17,"2023-01-17","forecast","1.50860670739106"
"exdqlm_univar_synth","draw_002",17,"2023-01-18","forecast","1.14088456807736"
"exdqlm_univar_synth","draw_002",17,"2023-01-19","forecast","0.888629177926072"
"exdqlm_univar_synth","draw_002",17,"2023-01-20","forecast","0.816213448569091"
"exdqlm_univar_synth","draw_002",17,"2023-01-21","forecast","0.846024885926287"
"exdqlm_univar_synth","draw_002",17,"2023-01-22","forecast","0.824965182752641"
"exdqlm_univar_synth","draw_003",32,"2022-12-26","forecast","1.32536095380108"
"exdqlm_univar_synth","draw_003",32,"2022-12-27","forecast","2.82822582659969"
"exdqlm_univar_synth","draw_003",32,"2022-12-28","forecast","2.48368114391451"
"exdqlm_univar_synth","draw_003",32,"2022-12-29","forecast","1.41409145471587"
"exdqlm_univar_synth","draw_003",32,"2022-12-30","forecast","2.01268710567469"
"exdqlm_univar_synth","draw_003",32,"2022-12-31","forecast","2.79253912801015"
"exdqlm_univar_synth","draw_003",32,"2023-01-01","forecast","3.45399858318432"
"exdqlm_univar_synth","draw_003",32,"2023-01-02","forecast","1.99471966661548"
"exdqlm_univar_synth","draw_003",32,"2023-01-03","forecast","2.02204921743079"
"exdqlm_univar_synth","draw_003",32,"2023-01-04","forecast","1.32065255199444"
"exdqlm_univar_synth","draw_003",32,"2023-01-05","forecast","1.87422041685625"
"exdqlm_univar_synth","draw_003",32,"2023-01-06","forecast","1.70724992717136"
"exdqlm_univar_synth","draw_003",32,"2023-01-07","forecast","1.29677831887488"
"exdqlm_univar_synth","draw_003",32,"2023-01-08","forecast","1.78003833121764"
"exdqlm_univar_synth","draw_003",32,"2023-01-09","forecast","1.68170793462731"
"exdqlm_univar_synth","draw_003",32,"2023-01-10","forecast","1.38364874267169"
"exdqlm_univar_synth","draw_003",32,"2023-01-11","forecast","1.58276697599025"
"exdqlm_univar_synth","draw_003",32,"2023-01-12","forecast","1.45207002272226"
"exdqlm_univar_synth","draw_003",32,"2023-01-13","forecast","1.63479146300705"
"exdqlm_univar_synth","draw_003",32,"2023-01-14","forecast","2.04519892182026"
"exdqlm_univar_synth","draw_003",32,"2023-01-15","forecast","1.95542113979984"
"exdqlm_univar_synth","draw_003",32,"2023-01-16","forecast","2.29074019712916"
"exdqlm_univar_synth","draw_003",32,"2023-01-17","forecast","1.48968548413215"
"exdqlm_univar_synth","draw_003",32,"2023-01-18","forecast","1.15171235714481"
"exdqlm_univar_synth","draw_003",32,"2023-01-19","forecast","0.826717238715260"
"exdqlm_univar_synth","draw_003",32,"2023-01-20","forecast","0.818987955445393"
"exdqlm_univar_synth","draw_003",32,"2023-01-21","forecast","0.748452431594371"
"exdqlm_univar_synth","draw_003",32,"2023-01-22","forecast","0.823485858659273"
"exdqlm_univar_synth","draw_004",48,"2022-12-26","forecast","0.803995488784940"
"exdqlm_univar_synth","draw_004",48,"2022-12-27","forecast","3.02588840578671"
"exdqlm_univar_synth","draw_004",48,"2022-12-28","forecast","2.19904825556455"
"exdqlm_univar_synth","draw_004",48,"2022-12-29","forecast","1.24910259659358"
"exdqlm_univar_synth","draw_004",48,"2022-12-30","forecast","2.35984653011259"
"exdqlm_univar_synth","draw_004",48,"2022-12-31","forecast","3.16617031924149"
"exdqlm_univar_synth","draw_004",48,"2023-01-01","forecast","3.68719440362466"
"exdqlm_univar_synth","draw_004",48,"2023-01-02","forecast","1.39514916347491"
"exdqlm_univar_synth","draw_004",48,"2023-01-03","forecast","2.13572546326992"
"exdqlm_univar_synth","draw_004",48,"2023-01-04","forecast","1.27883506313524"
"exdqlm_univar_synth","draw_004",48,"2023-01-05","forecast","1.65466529091020"
"exdqlm_univar_synth","draw_004",48,"2023-01-06","forecast","1.79839458596800"
"exdqlm_univar_synth","draw_004",48,"2023-01-07","forecast","1.31482032811992"
"exdqlm_univar_synth","draw_004",48,"2023-01-08","forecast","1.78787158616536"
"exdqlm_univar_synth","draw_004",48,"2023-01-09","forecast","2.18776786988515"
"exdqlm_univar_synth","draw_004",48,"2023-01-10","forecast","2.02331324608356"
"exdqlm_univar_synth","draw_004",48,"2023-01-11","forecast","1.64225652781855"
"exdqlm_univar_synth","draw_004",48,"2023-01-12","forecast","1.58994773173920"
"exdqlm_univar_synth","draw_004",48,"2023-01-13","forecast","1.26416276236842"
"exdqlm_univar_synth","draw_004",48,"2023-01-14","forecast","1.25343568314424"
"exdqlm_univar_synth","draw_004",48,"2023-01-15","forecast","1.85676496715079"
"exdqlm_univar_synth","draw_004",48,"2023-01-16","forecast","1.56438351199644"
"exdqlm_univar_synth","draw_004",48,"2023-01-17","forecast","1.50802486222620"
"exdqlm_univar_synth","draw_004",48,"2023-01-18","forecast","1.13712126658834"
"exdqlm_univar_synth","draw_004",48,"2023-01-19","forecast","0.723529783210334"
"exdqlm_univar_synth","draw_004",48,"2023-01-20","forecast","0.818143375617688"
"exdqlm_univar_synth","draw_004",48,"2023-01-21","forecast","0.832117216573010"
"exdqlm_univar_synth","draw_004",48,"2023-01-22","forecast","0.830506306627887"
"exdqlm_univar_synth","draw_005",64,"2022-12-26","forecast","1.01793737267995"
"exdqlm_univar_synth","draw_005",64,"2022-12-27","forecast","2.81485977761395"
"exdqlm_univar_synth","draw_005",64,"2022-12-28","forecast","2.52538994610144"
"exdqlm_univar_synth","draw_005",64,"2022-12-29","forecast","1.77588790698674"
"exdqlm_univar_synth","draw_005",64,"2022-12-30","forecast","2.07500716491863"
"exdqlm_univar_synth","draw_005",64,"2022-12-31","forecast","2.77131641877140"
"exdqlm_univar_synth","draw_005",64,"2023-01-01","forecast","3.02673430636845"
"exdqlm_univar_synth","draw_005",64,"2023-01-02","forecast","1.96907126885677"
"exdqlm_univar_synth","draw_005",64,"2023-01-03","forecast","2.28499777556392"
"exdqlm_univar_synth","draw_005",64,"2023-01-04","forecast","1.54375545576556"
"exdqlm_univar_synth","draw_005",64,"2023-01-05","forecast","2.12138256156099"
"exdqlm_univar_synth","draw_005",64,"2023-01-06","forecast","1.70580099564169"
"exdqlm_univar_synth","draw_005",64,"2023-01-07","forecast","1.09719167819679"
"exdqlm_univar_synth","draw_005",64,"2023-01-08","forecast","1.25626102439750"
"exdqlm_univar_synth","draw_005",64,"2023-01-09","forecast","1.57739224260055"
"exdqlm_univar_synth","draw_005",64,"2023-01-10","forecast","2.12715546133845"
"exdqlm_univar_synth","draw_005",64,"2023-01-11","forecast","1.58633154582633"
"exdqlm_univar_synth","draw_005",64,"2023-01-12","forecast","2.05763192269533"
"exdqlm_univar_synth","draw_005",64,"2023-01-13","forecast","1.66025135883659"
"exdqlm_univar_synth","draw_005",64,"2023-01-14","forecast","2.03666657294631"
"exdqlm_univar_synth","draw_005",64,"2023-01-15","forecast","1.95718371168241"
"exdqlm_univar_synth","draw_005",64,"2023-01-16","forecast","2.29401577658006"
"exdqlm_univar_synth","draw_005",64,"2023-01-17","forecast","1.51397512836871"
"exdqlm_univar_synth","draw_005",64,"2023-01-18","forecast","1.14909020480285"
"exdqlm_univar_synth","draw_005",64,"2023-01-19","forecast","0.938883806232531"
"exdqlm_univar_synth","draw_005",64,"2023-01-20","forecast","0.818769993827874"
"exdqlm_univar_synth","draw_005",64,"2023-01-21","forecast","0.518325328348490"
"exdqlm_univar_synth","draw_005",64,"2023-01-22","forecast","0.527120267848563"
"exdqlm_univar_synth","draw_006",80,"2022-12-26","forecast","1.09842870022450"
"exdqlm_univar_synth","draw_006",80,"2022-12-27","forecast","2.95111862323039"
"exdqlm_univar_synth","draw_006",80,"2022-12-28","forecast","2.15956692451135"
"exdqlm_univar_synth","draw_006",80,"2022-12-29","forecast","1.87583056780639"
"exdqlm_univar_synth","draw_006",80,"2022-12-30","forecast","1.75764287430843"
"exdqlm_univar_synth","draw_006",80,"2022-12-31","forecast","2.67539871599100"
"exdqlm_univar_synth","draw_006",80,"2023-01-01","forecast","3.31597303406617"
"exdqlm_univar_synth","draw_006",80,"2023-01-02","forecast","2.17929871165366"
"exdqlm_univar_synth","draw_006",80,"2023-01-03","forecast","2.13429109195520"
"exdqlm_univar_synth","draw_006",80,"2023-01-04","forecast","1.19856474854857"
"exdqlm_univar_synth","draw_006",80,"2023-01-05","forecast","2.05491593048717"
"exdqlm_univar_synth","draw_006",80,"2023-01-06","forecast","1.80611594276194"
"exdqlm_univar_synth","draw_006",80,"2023-01-07","forecast","1.30725599278884"
"exdqlm_univar_synth","draw_006",80,"2023-01-08","forecast","2.12145245326784"
"exdqlm_univar_synth","draw_006",80,"2023-01-09","forecast","1.39797115284726"
"exdqlm_univar_synth","draw_006",80,"2023-01-10","forecast","2.03095505569613"
"exdqlm_univar_synth","draw_006",80,"2023-01-11","forecast","1.72664259027172"
"exdqlm_univar_synth","draw_006",80,"2023-01-12","forecast","2.30726484408862"
"exdqlm_univar_synth","draw_006",80,"2023-01-13","forecast","1.42771492605198"
"exdqlm_univar_synth","draw_006",80,"2023-01-14","forecast","1.61352024405373"
"exdqlm_univar_synth","draw_006",80,"2023-01-15","forecast","1.95633210002320"
"exdqlm_univar_synth","draw_006",80,"2023-01-16","forecast","2.29139825417102"
"exdqlm_univar_synth","draw_006",80,"2023-01-17","forecast","1.51838841255847"
"exdqlm_univar_synth","draw_006",80,"2023-01-18","forecast","1.13379183707236"
"exdqlm_univar_synth","draw_006",80,"2023-01-19","forecast","0.955700009034454"
"exdqlm_univar_synth","draw_006",80,"2023-01-20","forecast","0.813789999449999"
"exdqlm_univar_synth","draw_006",80,"2023-01-21","forecast","0.596616656963394"
"exdqlm_univar_synth","draw_006",80,"2023-01-22","forecast","0.824719884965382"
"exdqlm_univar_synth","draw_007",95,"2022-12-26","forecast","1.04664754407227"
"exdqlm_univar_synth","draw_007",95,"2022-12-27","forecast","3.15838948469543"
"exdqlm_univar_synth","draw_007",95,"2022-12-28","forecast","2.50841643395260"
"exdqlm_univar_synth","draw_007",95,"2022-12-29","forecast","2.05583442447062"
"exdqlm_univar_synth","draw_007",95,"2022-12-30","forecast","1.44046792340811"
"exdqlm_univar_synth","draw_007",95,"2022-12-31","forecast","2.95121576291009"
"exdqlm_univar_synth","draw_007",95,"2023-01-01","forecast","3.62324788861552"
"exdqlm_univar_synth","draw_007",95,"2023-01-02","forecast","1.86701647111024"
"exdqlm_univar_synth","draw_007",95,"2023-01-03","forecast","2.28332269814729"
"exdqlm_univar_synth","draw_007",95,"2023-01-04","forecast","0.986190453386379"
"exdqlm_univar_synth","draw_007",95,"2023-01-05","forecast","2.09310177868604"
"exdqlm_univar_synth","draw_007",95,"2023-01-06","forecast","1.70323583119643"
"exdqlm_univar_synth","draw_007",95,"2023-01-07","forecast","1.28948275835353"
"exdqlm_univar_synth","draw_007",95,"2023-01-08","forecast","2.15759438184590"
"exdqlm_univar_synth","draw_007",95,"2023-01-09","forecast","1.95412981679824"
"exdqlm_univar_synth","draw_007",95,"2023-01-10","forecast","1.52425348024962"
"exdqlm_univar_synth","draw_007",95,"2023-01-11","forecast","1.58864189869183"
"exdqlm_univar_synth","draw_007",95,"2023-01-12","forecast","1.45153395965127"
"exdqlm_univar_synth","draw_007",95,"2023-01-13","forecast","1.68851178653638"
"exdqlm_univar_synth","draw_007",95,"2023-01-14","forecast","2.05977235189328"
"exdqlm_univar_synth","draw_007",95,"2023-01-15","forecast","1.74646792333688"
"exdqlm_univar_synth","draw_007",95,"2023-01-16","forecast","1.81605466743818"
"exdqlm_univar_synth","draw_007",95,"2023-01-17","forecast","1.46697794364854"
"exdqlm_univar_synth","draw_007",95,"2023-01-18","forecast","1.14791440012111"
"exdqlm_univar_synth","draw_007",95,"2023-01-19","forecast","0.400244568192660"
"exdqlm_univar_synth","draw_007",95,"2023-01-20","forecast","0.819167693569675"
"exdqlm_univar_synth","draw_007",95,"2023-01-21","forecast","0.657276334250886"
"exdqlm_univar_synth","draw_007",95,"2023-01-22","forecast","0.829609893556221"
"exdqlm_univar_synth","draw_008",111,"2022-12-26","forecast","1.39811103881589"
"exdqlm_univar_synth","draw_008",111,"2022-12-27","forecast","3.16704348106222"
"exdqlm_univar_synth","draw_008",111,"2022-12-28","forecast","2.13386925405117"
"exdqlm_univar_synth","draw_008",111,"2022-12-29","forecast","1.76993327599907"
"exdqlm_univar_synth","draw_008",111,"2022-12-30","forecast","2.05564775763680"
"exdqlm_univar_synth","draw_008",111,"2022-12-31","forecast","3.19558535279233"
"exdqlm_univar_synth","draw_008",111,"2023-01-01","forecast","3.63174087797491"
"exdqlm_univar_synth","draw_008",111,"2023-01-02","forecast","1.43982905192816"
"exdqlm_univar_synth","draw_008",111,"2023-01-03","forecast","1.52989607460143"
"exdqlm_univar_synth","draw_008",111,"2023-01-04","forecast","1.44483073687100"
"exdqlm_univar_synth","draw_008",111,"2023-01-05","forecast","2.15098261076164"
"exdqlm_univar_synth","draw_008",111,"2023-01-06","forecast","1.12041101129487"
"exdqlm_univar_synth","draw_008",111,"2023-01-07","forecast","1.31661207516509"
"exdqlm_univar_synth","draw_008",111,"2023-01-08","forecast","1.75460822750412"
"exdqlm_univar_synth","draw_008",111,"2023-01-09","forecast","2.19027345057553"
"exdqlm_univar_synth","draw_008",111,"2023-01-10","forecast","1.66146381658431"
"exdqlm_univar_synth","draw_008",111,"2023-01-11","forecast","1.20045686637439"
"exdqlm_univar_synth","draw_008",111,"2023-01-12","forecast","2.39500638136117"
"exdqlm_univar_synth","draw_008",111,"2023-01-13","forecast","1.59415977861783"
"exdqlm_univar_synth","draw_008",111,"2023-01-14","forecast","1.76915425628035"
"exdqlm_univar_synth","draw_008",111,"2023-01-15","forecast","1.94579849871819"
"exdqlm_univar_synth","draw_008",111,"2023-01-16","forecast","2.29076912562855"
"exdqlm_univar_synth","draw_008",111,"2023-01-17","forecast","0.994023186743973"
"exdqlm_univar_synth","draw_008",111,"2023-01-18","forecast","1.14590164520245"
"exdqlm_univar_synth","draw_008",111,"2023-01-19","forecast","0.953864078864745"
"exdqlm_univar_synth","draw_008",111,"2023-01-20","forecast","0.772295189574668"
"exdqlm_univar_synth","draw_008",111,"2023-01-21","forecast","0.869580012319639"
"exdqlm_univar_synth","draw_008",111,"2023-01-22","forecast","0.741430837734655"
"exdqlm_univar_synth","draw_009",127,"2022-12-26","forecast","1.15690383308512"
"exdqlm_univar_synth","draw_009",127,"2022-12-27","forecast","2.64775428804097"
"exdqlm_univar_synth","draw_009",127,"2022-12-28","forecast","2.42874969605999"
"exdqlm_univar_synth","draw_009",127,"2022-12-29","forecast","1.53371225071051"
"exdqlm_univar_synth","draw_009",127,"2022-12-30","forecast","2.30580799938069"
"exdqlm_univar_synth","draw_009",127,"2022-12-31","forecast","3.46354421466020"
"exdqlm_univar_synth","draw_009",127,"2023-01-01","forecast","3.50190461343521"
"exdqlm_univar_synth","draw_009",127,"2023-01-02","forecast","1.55919788729969"
"exdqlm_univar_synth","draw_009",127,"2023-01-03","forecast","2.09429567247224"
"exdqlm_univar_synth","draw_009",127,"2023-01-04","forecast","1.44524230035382"
"exdqlm_univar_synth","draw_009",127,"2023-01-05","forecast","2.07545722042745"
"exdqlm_univar_synth","draw_009",127,"2023-01-06","forecast","1.27021886425212"
"exdqlm_univar_synth","draw_009",127,"2023-01-07","forecast","1.31420137100362"
"exdqlm_univar_synth","draw_009",127,"2023-01-08","forecast","1.81573523085818"
"exdqlm_univar_synth","draw_009",127,"2023-01-09","forecast","2.21272319628255"
"exdqlm_univar_synth","draw_009",127,"2023-01-10","forecast","2.02744642803968"
"exdqlm_univar_synth","draw_009",127,"2023-01-11","forecast","1.49173421605263"
"exdqlm_univar_synth","draw_009",127,"2023-01-12","forecast","2.28390863455257"
"exdqlm_univar_synth","draw_009",127,"2023-01-13","forecast","1.67489169151126"
"exdqlm_univar_synth","draw_009",127,"2023-01-14","forecast","2.03723780054845"
"exdqlm_univar_synth","draw_009",127,"2023-01-15","forecast","2.11816635312472"
"exdqlm_univar_synth","draw_009",127,"2023-01-16","forecast","2.29194042296147"
"exdqlm_univar_synth","draw_009",127,"2023-01-17","forecast","1.08589200085989"
"exdqlm_univar_synth","draw_009",127,"2023-01-18","forecast","1.15045943494283"
"exdqlm_univar_synth","draw_009",127,"2023-01-19","forecast","0.524902530013014"
"exdqlm_univar_synth","draw_009",127,"2023-01-20","forecast","0.819494537844009"
"exdqlm_univar_synth","draw_009",127,"2023-01-21","forecast","0.846511220419943"
"exdqlm_univar_synth","draw_009",127,"2023-01-22","forecast","0.349424974200367"
"exdqlm_univar_synth","draw_010",143,"2022-12-26","forecast","0.920192680199897"
"exdqlm_univar_synth","draw_010",143,"2022-12-27","forecast","3.61943611572148"
"exdqlm_univar_synth","draw_010",143,"2022-12-28","forecast","1.98075514712673"
"exdqlm_univar_synth","draw_010",143,"2022-12-29","forecast","1.55569820956646"
"exdqlm_univar_synth","draw_010",143,"2022-12-30","forecast","2.25681177124838"
"exdqlm_univar_synth","draw_010",143,"2022-12-31","forecast","2.91698689735771"
"exdqlm_univar_synth","draw_010",143,"2023-01-01","forecast","2.95840397773720"
"exdqlm_univar_synth","draw_010",143,"2023-01-02","forecast","1.59742589392181"
"exdqlm_univar_synth","draw_010",143,"2023-01-03","forecast","1.78602013404823"
"exdqlm_univar_synth","draw_010",143,"2023-01-04","forecast","1.32292671845153"
"exdqlm_univar_synth","draw_010",143,"2023-01-05","forecast","1.61167165584439"
"exdqlm_univar_synth","draw_010",143,"2023-01-06","forecast","1.54224586118256"
"exdqlm_univar_synth","draw_010",143,"2023-01-07","forecast","1.34671848095595"
"exdqlm_univar_synth","draw_010",143,"2023-01-08","forecast","2.05070362575090"
"exdqlm_univar_synth","draw_010",143,"2023-01-09","forecast","1.86573070765365"
"exdqlm_univar_synth","draw_010",143,"2023-01-10","forecast","1.82124042432125"
"exdqlm_univar_synth","draw_010",143,"2023-01-11","forecast","1.53564241687201"
"exdqlm_univar_synth","draw_010",143,"2023-01-12","forecast","2.12795298221332"
"exdqlm_univar_synth","draw_010",143,"2023-01-13","forecast","1.65927493890762"
"exdqlm_univar_synth","draw_010",143,"2023-01-14","forecast","1.95934886396553"
"exdqlm_univar_synth","draw_010",143,"2023-01-15","forecast","1.95715339535420"
"exdqlm_univar_synth","draw_010",143,"2023-01-16","forecast","2.46198619482454"
"exdqlm_univar_synth","draw_010",143,"2023-01-17","forecast","0.970629994022147"
"exdqlm_univar_synth","draw_010",143,"2023-01-18","forecast","1.15222409704863"
"exdqlm_univar_synth","draw_010",143,"2023-01-19","forecast","1.06372011552245"
"exdqlm_univar_synth","draw_010",143,"2023-01-20","forecast","0.818505998745127"
"exdqlm_univar_synth","draw_010",143,"2023-01-21","forecast","0.846873198178090"
"exdqlm_univar_synth","draw_010",143,"2023-01-22","forecast","0.829307431219522"
"exdqlm_univar_synth","draw_011",158,"2022-12-26","forecast","0.945348510451706"
"exdqlm_univar_synth","draw_011",158,"2022-12-27","forecast","2.85118700544044"
"exdqlm_univar_synth","draw_011",158,"2022-12-28","forecast","2.10497535434819"
"exdqlm_univar_synth","draw_011",158,"2022-12-29","forecast","2.14149094470479"
"exdqlm_univar_synth","draw_011",158,"2022-12-30","forecast","1.62129293420309"
"exdqlm_univar_synth","draw_011",158,"2022-12-31","forecast","2.41791867788347"
"exdqlm_univar_synth","draw_011",158,"2023-01-01","forecast","3.26567197194644"
"exdqlm_univar_synth","draw_011",158,"2023-01-02","forecast","2.05600940169182"
"exdqlm_univar_synth","draw_011",158,"2023-01-03","forecast","2.24856677459519"
"exdqlm_univar_synth","draw_011",158,"2023-01-04","forecast","1.44513642710571"
"exdqlm_univar_synth","draw_011",158,"2023-01-05","forecast","1.80427284756875"
"exdqlm_univar_synth","draw_011",158,"2023-01-06","forecast","1.29804567312835"
"exdqlm_univar_synth","draw_011",158,"2023-01-07","forecast","1.25071989740407"
"exdqlm_univar_synth","draw_011",158,"2023-01-08","forecast","1.82591388063058"
"exdqlm_univar_synth","draw_011",158,"2023-01-09","forecast","2.25162166451691"
"exdqlm_univar_synth","draw_011",158,"2023-01-10","forecast","2.02805730005017"
"exdqlm_univar_synth","draw_011",158,"2023-01-11","forecast","1.05759390905534"
"exdqlm_univar_synth","draw_011",158,"2023-01-12","forecast","2.28392101127711"
"exdqlm_univar_synth","draw_011",158,"2023-01-13","forecast","0.997431110728556"
"exdqlm_univar_synth","draw_011",158,"2023-01-14","forecast","1.79682646810812"
"exdqlm_univar_synth","draw_011",158,"2023-01-15","forecast","1.97870439149790"
"exdqlm_univar_synth","draw_011",158,"2023-01-16","forecast","2.32038196541560"
"exdqlm_univar_synth","draw_011",158,"2023-01-17","forecast","1.08165845859085"
"exdqlm_univar_synth","draw_011",158,"2023-01-18","forecast","1.14557264203855"
"exdqlm_univar_synth","draw_011",158,"2023-01-19","forecast","0.956343386499583"
"exdqlm_univar_synth","draw_011",158,"2023-01-20","forecast","0.710576270889796"
"exdqlm_univar_synth","draw_011",158,"2023-01-21","forecast","0.846563769985456"
"exdqlm_univar_synth","draw_011",158,"2023-01-22","forecast","0.819499725541593"
"exdqlm_univar_synth","draw_012",174,"2022-12-26","forecast","1.22840325367937"
"exdqlm_univar_synth","draw_012",174,"2022-12-27","forecast","2.28068039952871"
"exdqlm_univar_synth","draw_012",174,"2022-12-28","forecast","2.39685913891975"
"exdqlm_univar_synth","draw_012",174,"2022-12-29","forecast","2.11820731870360"
"exdqlm_univar_synth","draw_012",174,"2022-12-30","forecast","2.43688216782126"
"exdqlm_univar_synth","draw_012",174,"2022-12-31","forecast","2.12263946629893"
"exdqlm_univar_synth","draw_012",174,"2023-01-01","forecast","2.73525261965776"
"exdqlm_univar_synth","draw_012",174,"2023-01-02","forecast","1.85527764987626"
"exdqlm_univar_synth","draw_012",174,"2023-01-03","forecast","1.73608856032794"
"exdqlm_univar_synth","draw_012",174,"2023-01-04","forecast","1.35092557009882"
"exdqlm_univar_synth","draw_012",174,"2023-01-05","forecast","1.98462138035345"
"exdqlm_univar_synth","draw_012",174,"2023-01-06","forecast","1.60643985294390"
"exdqlm_univar_synth","draw_012",174,"2023-01-07","forecast","1.31264986179293"
"exdqlm_univar_synth","draw_012",174,"2023-01-08","forecast","1.80222735522898"
"exdqlm_univar_synth","draw_012",174,"2023-01-09","forecast","1.69822270374939"
"exdqlm_univar_synth","draw_012",174,"2023-01-10","forecast","1.45986118145749"
"exdqlm_univar_synth","draw_012",174,"2023-01-11","forecast","1.65717065181956"
"exdqlm_univar_synth","draw_012",174,"2023-01-12","forecast","2.21986104650676"
"exdqlm_univar_synth","draw_012",174,"2023-01-13","forecast","1.65736839601108"
"exdqlm_univar_synth","draw_012",174,"2023-01-14","forecast","2.03519469675754"
"exdqlm_univar_synth","draw_012",174,"2023-01-15","forecast","1.88983954792290"
"exdqlm_univar_synth","draw_012",174,"2023-01-16","forecast","1.58184347743105"
"exdqlm_univar_synth","draw_012",174,"2023-01-17","forecast","1.51240535079136"
"exdqlm_univar_synth","draw_012",174,"2023-01-18","forecast","1.09739362905883"
"exdqlm_univar_synth","draw_012",174,"2023-01-19","forecast","0.482259384766884"
"exdqlm_univar_synth","draw_012",174,"2023-01-20","forecast","0.816454222159979"
"exdqlm_univar_synth","draw_012",174,"2023-01-21","forecast","0.847072288073458"
"exdqlm_univar_synth","draw_012",174,"2023-01-22","forecast","0.709152222013888"
"exdqlm_univar_synth","draw_013",190,"2022-12-26","forecast","1.35148868680189"
"exdqlm_univar_synth","draw_013",190,"2022-12-27","forecast","2.81772767589361"
"exdqlm_univar_synth","draw_013",190,"2022-12-28","forecast","2.21945053702610"
"exdqlm_univar_synth","draw_013",190,"2022-12-29","forecast","1.50005052718327"
"exdqlm_univar_synth","draw_013",190,"2022-12-30","forecast","1.52766462207881"
"exdqlm_univar_synth","draw_013",190,"2022-12-31","forecast","2.68445711096953"
"exdqlm_univar_synth","draw_013",190,"2023-01-01","forecast","3.12455239569240"
"exdqlm_univar_synth","draw_013",190,"2023-01-02","forecast","2.02400629396425"
"exdqlm_univar_synth","draw_013",190,"2023-01-03","forecast","2.14536347952848"
"exdqlm_univar_synth","draw_013",190,"2023-01-04","forecast","1.48875996146605"
"exdqlm_univar_synth","draw_013",190,"2023-01-05","forecast","2.03712393626860"
"exdqlm_univar_synth","draw_013",190,"2023-01-06","forecast","1.06747132410214"
"exdqlm_univar_synth","draw_013",190,"2023-01-07","forecast","1.23249456703424"
"exdqlm_univar_synth","draw_013",190,"2023-01-08","forecast","1.67108401433743"
"exdqlm_univar_synth","draw_013",190,"2023-01-09","forecast","2.12302359868371"
"exdqlm_univar_synth","draw_013",190,"2023-01-10","forecast","1.96879530026867"
"exdqlm_univar_synth","draw_013",190,"2023-01-11","forecast","0.988535441145386"
"exdqlm_univar_synth","draw_013",190,"2023-01-12","forecast","2.28271455901340"
"exdqlm_univar_synth","draw_013",190,"2023-01-13","forecast","1.14426549116673"
"exdqlm_univar_synth","draw_013",190,"2023-01-14","forecast","2.03309013681980"
"exdqlm_univar_synth","draw_013",190,"2023-01-15","forecast","2.04083767941870"
"exdqlm_univar_synth","draw_013",190,"2023-01-16","forecast","2.29459461367187"
"exdqlm_univar_synth","draw_013",190,"2023-01-17","forecast","1.12020055224286"
"exdqlm_univar_synth","draw_013",190,"2023-01-18","forecast","1.14904893064128"
"exdqlm_univar_synth","draw_013",190,"2023-01-19","forecast","0.954746805102878"
"exdqlm_univar_synth","draw_013",190,"2023-01-20","forecast","0.816649130588994"
"exdqlm_univar_synth","draw_013",190,"2023-01-21","forecast","0.559795205567407"
"exdqlm_univar_synth","draw_013",190,"2023-01-22","forecast","0.818593529233924"
"exdqlm_univar_synth","draw_014",206,"2022-12-26","forecast","0.923120439964501"
"exdqlm_univar_synth","draw_014",206,"2022-12-27","forecast","2.56404156031728"
"exdqlm_univar_synth","draw_014",206,"2022-12-28","forecast","2.04948053640073"
"exdqlm_univar_synth","draw_014",206,"2022-12-29","forecast","2.10730814856723"
"exdqlm_univar_synth","draw_014",206,"2022-12-30","forecast","1.41997297873411"
"exdqlm_univar_synth","draw_014",206,"2022-12-31","forecast","2.06534082155907"
"exdqlm_univar_synth","draw_014",206,"2023-01-01","forecast","3.75221169972483"
"exdqlm_univar_synth","draw_014",206,"2023-01-02","forecast","2.20215464401137"
"exdqlm_univar_synth","draw_014",206,"2023-01-03","forecast","2.07820417177024"
"exdqlm_univar_synth","draw_014",206,"2023-01-04","forecast","1.44463976250789"
"exdqlm_univar_synth","draw_014",206,"2023-01-05","forecast","2.29594139010164"
"exdqlm_univar_synth","draw_014",206,"2023-01-06","forecast","1.70866302555529"
"exdqlm_univar_synth","draw_014",206,"2023-01-07","forecast","1.31577095593281"
"exdqlm_univar_synth","draw_014",206,"2023-01-08","forecast","2.04474377030518"
"exdqlm_univar_synth","draw_014",206,"2023-01-09","forecast","2.11305704386757"
"exdqlm_univar_synth","draw_014",206,"2023-01-10","forecast","1.83546572671954"
"exdqlm_univar_synth","draw_014",206,"2023-01-11","forecast","1.55644318072513"
"exdqlm_univar_synth","draw_014",206,"2023-01-12","forecast","2.46169256962602"
"exdqlm_univar_synth","draw_014",206,"2023-01-13","forecast","1.65919053537620"
"exdqlm_univar_synth","draw_014",206,"2023-01-14","forecast","1.97065346255269"
"exdqlm_univar_synth","draw_014",206,"2023-01-15","forecast","1.52738602489907"
"exdqlm_univar_synth","draw_014",206,"2023-01-16","forecast","1.97415791231347"
"exdqlm_univar_synth","draw_014",206,"2023-01-17","forecast","1.47044908830765"
"exdqlm_univar_synth","draw_014",206,"2023-01-18","forecast","1.15215964395249"
"exdqlm_univar_synth","draw_014",206,"2023-01-19","forecast","0.951377209768911"
"exdqlm_univar_synth","draw_014",206,"2023-01-20","forecast","0.818993909656883"
"exdqlm_univar_synth","draw_014",206,"2023-01-21","forecast","0.867051733328929"
"exdqlm_univar_synth","draw_014",206,"2023-01-22","forecast","0.825345492014756"
"exdqlm_univar_synth","draw_015",221,"2022-12-26","forecast","0.883327874463248"
"exdqlm_univar_synth","draw_015",221,"2022-12-27","forecast","2.06526632521678"
"exdqlm_univar_synth","draw_015",221,"2022-12-28","forecast","2.14827075169439"
"exdqlm_univar_synth","draw_015",221,"2022-12-29","forecast","1.78349494406819"
"exdqlm_univar_synth","draw_015",221,"2022-12-30","forecast","1.61152477676203"
"exdqlm_univar_synth","draw_015",221,"2022-12-31","forecast","3.08779910732564"
"exdqlm_univar_synth","draw_015",221,"2023-01-01","forecast","3.28620321490749"
"exdqlm_univar_synth","draw_015",221,"2023-01-02","forecast","2.03509873117455"
"exdqlm_univar_synth","draw_015",221,"2023-01-03","forecast","2.24270057736648"
"exdqlm_univar_synth","draw_015",221,"2023-01-04","forecast","1.44077685202962"
"exdqlm_univar_synth","draw_015",221,"2023-01-05","forecast","2.26627710845994"
"exdqlm_univar_synth","draw_015",221,"2023-01-06","forecast","1.71175303847792"
"exdqlm_univar_synth","draw_015",221,"2023-01-07","forecast","0.983801241761841"
"exdqlm_univar_synth","draw_015",221,"2023-01-08","forecast","1.77662314950518"
"exdqlm_univar_synth","draw_015",221,"2023-01-09","forecast","2.18988970938257"
"exdqlm_univar_synth","draw_015",221,"2023-01-10","forecast","1.99497180706039"
"exdqlm_univar_synth","draw_015",221,"2023-01-11","forecast","1.58565633753230"
"exdqlm_univar_synth","draw_015",221,"2023-01-12","forecast","1.64930839657671"
"exdqlm_univar_synth","draw_015",221,"2023-01-13","forecast","1.65808459609782"
"exdqlm_univar_synth","draw_015",221,"2023-01-14","forecast","2.03551874164714"
"exdqlm_univar_synth","draw_015",221,"2023-01-15","forecast","1.72783039956542"
"exdqlm_univar_synth","draw_015",221,"2023-01-16","forecast","2.07472676174567"
"exdqlm_univar_synth","draw_015",221,"2023-01-17","forecast","1.51892889053734"
"exdqlm_univar_synth","draw_015",221,"2023-01-18","forecast","0.668651793330716"
"exdqlm_univar_synth","draw_015",221,"2023-01-19","forecast","0.970313022783433"
"exdqlm_univar_synth","draw_015",221,"2023-01-20","forecast","0.791842923781065"
"exdqlm_univar_synth","draw_015",221,"2023-01-21","forecast","0.840454525713285"
"exdqlm_univar_synth","draw_015",221,"2023-01-22","forecast","0.706066357665234"
"exdqlm_univar_synth","draw_016",237,"2022-12-26","forecast","0.899773669356987"
"exdqlm_univar_synth","draw_016",237,"2022-12-27","forecast","3.41094220316397"
"exdqlm_univar_synth","draw_016",237,"2022-12-28","forecast","2.68026148751887"
"exdqlm_univar_synth","draw_016",237,"2022-12-29","forecast","1.77197754360120"
"exdqlm_univar_synth","draw_016",237,"2022-12-30","forecast","1.45457717371257"
"exdqlm_univar_synth","draw_016",237,"2022-12-31","forecast","2.61472266809060"
"exdqlm_univar_synth","draw_016",237,"2023-01-01","forecast","2.60276350878331"
"exdqlm_univar_synth","draw_016",237,"2023-01-02","forecast","2.02399316941466"
"exdqlm_univar_synth","draw_016",237,"2023-01-03","forecast","2.00402943316002"
"exdqlm_univar_synth","draw_016",237,"2023-01-04","forecast","1.32754573978576"
"exdqlm_univar_synth","draw_016",237,"2023-01-05","forecast","1.62332091165393"
"exdqlm_univar_synth","draw_016",237,"2023-01-06","forecast","1.04083836881358"
"exdqlm_univar_synth","draw_016",237,"2023-01-07","forecast","1.27165111966698"
"exdqlm_univar_synth","draw_016",237,"2023-01-08","forecast","1.54061089002472"
"exdqlm_univar_synth","draw_016",237,"2023-01-09","forecast","2.19008494430681"
"exdqlm_univar_synth","draw_016",237,"2023-01-10","forecast","1.83022328660664"
"exdqlm_univar_synth","draw_016",237,"2023-01-11","forecast","1.56864791762823"
"exdqlm_univar_synth","draw_016",237,"2023-01-12","forecast","1.48394618690949"
"exdqlm_univar_synth","draw_016",237,"2023-01-13","forecast","1.65926718914204"
"exdqlm_univar_synth","draw_016",237,"2023-01-14","forecast","2.03573631109284"
"exdqlm_univar_synth","draw_016",237,"2023-01-15","forecast","1.96639322147680"
"exdqlm_univar_synth","draw_016",237,"2023-01-16","forecast","2.29170583552609"
"exdqlm_univar_synth","draw_016",237,"2023-01-17","forecast","1.51815275629842"
"exdqlm_univar_synth","draw_016",237,"2023-01-18","forecast","1.14062293666927"
"exdqlm_univar_synth","draw_016",237,"2023-01-19","forecast","0.461004226391460"
"exdqlm_univar_synth","draw_016",237,"2023-01-20","forecast","0.984811095297880"
"exdqlm_univar_synth","draw_016",237,"2023-01-21","forecast","0.842626645634192"
"exdqlm_univar_synth","draw_016",237,"2023-01-22","forecast","0.825918655971403"
"exdqlm_univar_synth","draw_017",253,"2022-12-26","forecast","0.835518627461794"
"exdqlm_univar_synth","draw_017",253,"2022-12-27","forecast","2.08127136166404"
"exdqlm_univar_synth","draw_017",253,"2022-12-28","forecast","2.28700735972099"
"exdqlm_univar_synth","draw_017",253,"2022-12-29","forecast","1.84687084982862"
"exdqlm_univar_synth","draw_017",253,"2022-12-30","forecast","2.08165588090226"
"exdqlm_univar_synth","draw_017",253,"2022-12-31","forecast","3.04815866791556"
"exdqlm_univar_synth","draw_017",253,"2023-01-01","forecast","3.31597055218725"
"exdqlm_univar_synth","draw_017",253,"2023-01-02","forecast","1.68856399978250"
"exdqlm_univar_synth","draw_017",253,"2023-01-03","forecast","2.13759787354051"
"exdqlm_univar_synth","draw_017",253,"2023-01-04","forecast","1.44938538692312"
"exdqlm_univar_synth","draw_017",253,"2023-01-05","forecast","1.90328267013432"
"exdqlm_univar_synth","draw_017",253,"2023-01-06","forecast","1.72236601646872"
"exdqlm_univar_synth","draw_017",253,"2023-01-07","forecast","1.31305838975178"
"exdqlm_univar_synth","draw_017",253,"2023-01-08","forecast","1.75052734250848"
"exdqlm_univar_synth","draw_017",253,"2023-01-09","forecast","2.18721960131162"
"exdqlm_univar_synth","draw_017",253,"2023-01-10","forecast","2.25314662511902"
"exdqlm_univar_synth","draw_017",253,"2023-01-11","forecast","0.988828342702107"
"exdqlm_univar_synth","draw_017",253,"2023-01-12","forecast","2.19968927084891"
"exdqlm_univar_synth","draw_017",253,"2023-01-13","forecast","1.64629753555271"
"exdqlm_univar_synth","draw_017",253,"2023-01-14","forecast","2.03388554921556"
"exdqlm_univar_synth","draw_017",253,"2023-01-15","forecast","1.48069643804209"
"exdqlm_univar_synth","draw_017",253,"2023-01-16","forecast","1.93684609310216"
"exdqlm_univar_synth","draw_017",253,"2023-01-17","forecast","0.998156094611203"
"exdqlm_univar_synth","draw_017",253,"2023-01-18","forecast","0.939041263829470"
"exdqlm_univar_synth","draw_017",253,"2023-01-19","forecast","0.954573912039552"
"exdqlm_univar_synth","draw_017",253,"2023-01-20","forecast","0.818404787826515"
"exdqlm_univar_synth","draw_017",253,"2023-01-21","forecast","1.09927903861768"
"exdqlm_univar_synth","draw_017",253,"2023-01-22","forecast","0.829819269363312"
"exdqlm_univar_synth","draw_018",269,"2022-12-26","forecast","1.02758690377300"
"exdqlm_univar_synth","draw_018",269,"2022-12-27","forecast","2.24156534605622"
"exdqlm_univar_synth","draw_018",269,"2022-12-28","forecast","2.69565280262053"
"exdqlm_univar_synth","draw_018",269,"2022-12-29","forecast","1.82174384581233"
"exdqlm_univar_synth","draw_018",269,"2022-12-30","forecast","1.89649672432164"
"exdqlm_univar_synth","draw_018",269,"2022-12-31","forecast","2.92127472765903"
"exdqlm_univar_synth","draw_018",269,"2023-01-01","forecast","3.43176666706208"
"exdqlm_univar_synth","draw_018",269,"2023-01-02","forecast","2.03034671323040"
"exdqlm_univar_synth","draw_018",269,"2023-01-03","forecast","2.41159527064906"
"exdqlm_univar_synth","draw_018",269,"2023-01-04","forecast","1.42943349199175"
"exdqlm_univar_synth","draw_018",269,"2023-01-05","forecast","1.90807586905645"
"exdqlm_univar_synth","draw_018",269,"2023-01-06","forecast","1.74505708858681"
"exdqlm_univar_synth","draw_018",269,"2023-01-07","forecast","1.31520081643773"
"exdqlm_univar_synth","draw_018",269,"2023-01-08","forecast","1.56618736675263"
"exdqlm_univar_synth","draw_018",269,"2023-01-09","forecast","2.23898223608735"
"exdqlm_univar_synth","draw_018",269,"2023-01-10","forecast","2.28670514224306"
"exdqlm_univar_synth","draw_018",269,"2023-01-11","forecast","1.37085765746367"
"exdqlm_univar_synth","draw_018",269,"2023-01-12","forecast","2.28341512230524"
"exdqlm_univar_synth","draw_018",269,"2023-01-13","forecast","1.77798852737453"
"exdqlm_univar_synth","draw_018",269,"2023-01-14","forecast","1.87363058428337"
"exdqlm_univar_synth","draw_018",269,"2023-01-15","forecast","1.96065273010581"
"exdqlm_univar_synth","draw_018",269,"2023-01-16","forecast","2.24706689267147"
"exdqlm_univar_synth","draw_018",269,"2023-01-17","forecast","1.30721661377070"
"exdqlm_univar_synth","draw_018",269,"2023-01-18","forecast","1.12561286719020"
"exdqlm_univar_synth","draw_018",269,"2023-01-19","forecast","0.953819668430366"
"exdqlm_univar_synth","draw_018",269,"2023-01-20","forecast","0.812797288483671"
"exdqlm_univar_synth","draw_018",269,"2023-01-21","forecast","0.728285827919412"
"exdqlm_univar_synth","draw_018",269,"2023-01-22","forecast","0.829921393139356"
"exdqlm_univar_synth","draw_019",284,"2022-12-26","forecast","1.16773352250701"
"exdqlm_univar_synth","draw_019",284,"2022-12-27","forecast","2.88896020419998"
"exdqlm_univar_synth","draw_019",284,"2022-12-28","forecast","2.63481456573365"
"exdqlm_univar_synth","draw_019",284,"2022-12-29","forecast","1.44239660094394"
"exdqlm_univar_synth","draw_019",284,"2022-12-30","forecast","2.15045445088241"
"exdqlm_univar_synth","draw_019",284,"2022-12-31","forecast","2.11070254272972"
"exdqlm_univar_synth","draw_019",284,"2023-01-01","forecast","3.28929042959495"
"exdqlm_univar_synth","draw_019",284,"2023-01-02","forecast","1.82991903126110"
"exdqlm_univar_synth","draw_019",284,"2023-01-03","forecast","1.99493449694777"
"exdqlm_univar_synth","draw_019",284,"2023-01-04","forecast","1.46939147266795"
"exdqlm_univar_synth","draw_019",284,"2023-01-05","forecast","2.08300315703341"
"exdqlm_univar_synth","draw_019",284,"2023-01-06","forecast","1.70613792889172"
"exdqlm_univar_synth","draw_019",284,"2023-01-07","forecast","1.31367450760673"
"exdqlm_univar_synth","draw_019",284,"2023-01-08","forecast","1.69814581923135"
"exdqlm_univar_synth","draw_019",284,"2023-01-09","forecast","2.19686232155499"
"exdqlm_univar_synth","draw_019",284,"2023-01-10","forecast","1.39494720178280"
"exdqlm_univar_synth","draw_019",284,"2023-01-11","forecast","1.55574147637235"
"exdqlm_univar_synth","draw_019",284,"2023-01-12","forecast","2.23233977576216"
"exdqlm_univar_synth","draw_019",284,"2023-01-13","forecast","1.65778907620379"
"exdqlm_univar_synth","draw_019",284,"2023-01-14","forecast","1.19242435212209"
"exdqlm_univar_synth","draw_019",284,"2023-01-15","forecast","1.68100144374706"
"exdqlm_univar_synth","draw_019",284,"2023-01-16","forecast","2.29134970012248"
"exdqlm_univar_synth","draw_019",284,"2023-01-17","forecast","1.51987303203179"
"exdqlm_univar_synth","draw_019",284,"2023-01-18","forecast","1.14469143077989"
"exdqlm_univar_synth","draw_019",284,"2023-01-19","forecast","0.963227609259487"
"exdqlm_univar_synth","draw_019",284,"2023-01-20","forecast","0.816300276909606"
"exdqlm_univar_synth","draw_019",284,"2023-01-21","forecast","0.360039526605904"
"exdqlm_univar_synth","draw_019",284,"2023-01-22","forecast","0.823632703305884"
"exdqlm_univar_synth","draw_020",300,"2022-12-26","forecast","0.868751524680392"
"exdqlm_univar_synth","draw_020",300,"2022-12-27","forecast","3.09648301067422"
"exdqlm_univar_synth","draw_020",300,"2022-12-28","forecast","2.08404369928225"
"exdqlm_univar_synth","draw_020",300,"2022-12-29","forecast","1.65010265419274"
"exdqlm_univar_synth","draw_020",300,"2022-12-30","forecast","2.13291757919441"
"exdqlm_univar_synth","draw_020",300,"2022-12-31","forecast","3.52113646664528"
"exdqlm_univar_synth","draw_020",300,"2023-01-01","forecast","3.45752617899851"
"exdqlm_univar_synth","draw_020",300,"2023-01-02","forecast","1.92178183574389"
"exdqlm_univar_synth","draw_020",300,"2023-01-03","forecast","2.13429259814723"
"exdqlm_univar_synth","draw_020",300,"2023-01-04","forecast","1.64364586917262"
"exdqlm_univar_synth","draw_020",300,"2023-01-05","forecast","2.03820513763993"
"exdqlm_univar_synth","draw_020",300,"2023-01-06","forecast","1.75484738755603"
"exdqlm_univar_synth","draw_020",300,"2023-01-07","forecast","1.31394469711281"
"exdqlm_univar_synth","draw_020",300,"2023-01-08","forecast","1.81960664191198"
"exdqlm_univar_synth","draw_020",300,"2023-01-09","forecast","2.17257820008659"
"exdqlm_univar_synth","draw_020",300,"2023-01-10","forecast","2.02946914157968"
"exdqlm_univar_synth","draw_020",300,"2023-01-11","forecast","1.58691062453761"
"exdqlm_univar_synth","draw_020",300,"2023-01-12","forecast","2.16793316773232"
"exdqlm_univar_synth","draw_020",300,"2023-01-13","forecast","1.65806152338439"
"exdqlm_univar_synth","draw_020",300,"2023-01-14","forecast","1.95261643162426"
"exdqlm_univar_synth","draw_020",300,"2023-01-15","forecast","1.59747153309421"
"exdqlm_univar_synth","draw_020",300,"2023-01-16","forecast","2.29098797719391"
"exdqlm_univar_synth","draw_020",300,"2023-01-17","forecast","1.47200127669529"
"exdqlm_univar_synth","draw_020",300,"2023-01-18","forecast","1.14623976209562"
"exdqlm_univar_synth","draw_020",300,"2023-01-19","forecast","0.927007210489694"
"exdqlm_univar_synth","draw_020",300,"2023-01-20","forecast","0.817956412254059"
"exdqlm_univar_synth","draw_020",300,"2023-01-21","forecast","0.846941487304620"
"exdqlm_univar_synth","draw_020",300,"2023-01-22","forecast","0.826140608109264"
"exdqlm_univar_synth","draw_021",316,"2022-12-26","forecast","0.979125602987943"
"exdqlm_univar_synth","draw_021",316,"2022-12-27","forecast","3.49538266968462"
"exdqlm_univar_synth","draw_021",316,"2022-12-28","forecast","2.07662108705495"
"exdqlm_univar_synth","draw_021",316,"2022-12-29","forecast","1.29679008475379"
"exdqlm_univar_synth","draw_021",316,"2022-12-30","forecast","2.16191140292037"
"exdqlm_univar_synth","draw_021",316,"2022-12-31","forecast","2.91607609812316"
"exdqlm_univar_synth","draw_021",316,"2023-01-01","forecast","3.34170182937528"
"exdqlm_univar_synth","draw_021",316,"2023-01-02","forecast","2.02966805052859"
"exdqlm_univar_synth","draw_021",316,"2023-01-03","forecast","2.47681070783121"
"exdqlm_univar_synth","draw_021",316,"2023-01-04","forecast","1.44744080077961"
"exdqlm_univar_synth","draw_021",316,"2023-01-05","forecast","1.36267138021002"
"exdqlm_univar_synth","draw_021",316,"2023-01-06","forecast","1.61110614138767"
"exdqlm_univar_synth","draw_021",316,"2023-01-07","forecast","1.26245498677695"
"exdqlm_univar_synth","draw_021",316,"2023-01-08","forecast","1.77711782735421"
"exdqlm_univar_synth","draw_021",316,"2023-01-09","forecast","2.18986047081716"
"exdqlm_univar_synth","draw_021",316,"2023-01-10","forecast","1.71042847527238"
"exdqlm_univar_synth","draw_021",316,"2023-01-11","forecast","1.38996690808628"
"exdqlm_univar_synth","draw_021",316,"2023-01-12","forecast","1.59028171507756"
"exdqlm_univar_synth","draw_021",316,"2023-01-13","forecast","1.79104366673983"
"exdqlm_univar_synth","draw_021",316,"2023-01-14","forecast","2.03772826660173"
"exdqlm_univar_synth","draw_021",316,"2023-01-15","forecast","1.95631047913574"
"exdqlm_univar_synth","draw_021",316,"2023-01-16","forecast","2.00135211757112"
"exdqlm_univar_synth","draw_021",316,"2023-01-17","forecast","1.51090315334550"
"exdqlm_univar_synth","draw_021",316,"2023-01-18","forecast","1.12940061820880"
"exdqlm_univar_synth","draw_021",316,"2023-01-19","forecast","0.943229502304354"
"exdqlm_univar_synth","draw_021",316,"2023-01-20","forecast","0.451159536343484"
"exdqlm_univar_synth","draw_021",316,"2023-01-21","forecast","0.842083152934192"
"exdqlm_univar_synth","draw_021",316,"2023-01-22","forecast","0.424239150077210"
"exdqlm_univar_synth","draw_022",332,"2022-12-26","forecast","0.823903103775863"
"exdqlm_univar_synth","draw_022",332,"2022-12-27","forecast","3.03267707598555"
"exdqlm_univar_synth","draw_022",332,"2022-12-28","forecast","2.19236009926972"
"exdqlm_univar_synth","draw_022",332,"2022-12-29","forecast","1.48155033905046"
"exdqlm_univar_synth","draw_022",332,"2022-12-30","forecast","1.95053951984266"
"exdqlm_univar_synth","draw_022",332,"2022-12-31","forecast","2.20945084239135"
"exdqlm_univar_synth","draw_022",332,"2023-01-01","forecast","3.62056478890966"
"exdqlm_univar_synth","draw_022",332,"2023-01-02","forecast","1.91412541401993"
"exdqlm_univar_synth","draw_022",332,"2023-01-03","forecast","2.41563443412334"
"exdqlm_univar_synth","draw_022",332,"2023-01-04","forecast","1.41267933751765"
"exdqlm_univar_synth","draw_022",332,"2023-01-05","forecast","1.68165469829929"
"exdqlm_univar_synth","draw_022",332,"2023-01-06","forecast","1.55921263656653"
"exdqlm_univar_synth","draw_022",332,"2023-01-07","forecast","0.773520560955355"
"exdqlm_univar_synth","draw_022",332,"2023-01-08","forecast","1.89134572490123"
"exdqlm_univar_synth","draw_022",332,"2023-01-09","forecast","2.23771281821848"
"exdqlm_univar_synth","draw_022",332,"2023-01-10","forecast","1.96776175288617"
"exdqlm_univar_synth","draw_022",332,"2023-01-11","forecast","1.58658715268481"
"exdqlm_univar_synth","draw_022",332,"2023-01-12","forecast","2.23374977076265"
"exdqlm_univar_synth","draw_022",332,"2023-01-13","forecast","1.65874736049803"
"exdqlm_univar_synth","draw_022",332,"2023-01-14","forecast","2.06772481756343"
"exdqlm_univar_synth","draw_022",332,"2023-01-15","forecast","1.95542115142053"
"exdqlm_univar_synth","draw_022",332,"2023-01-16","forecast","2.26309258771549"
"exdqlm_univar_synth","draw_022",332,"2023-01-17","forecast","1.51266597661463"
"exdqlm_univar_synth","draw_022",332,"2023-01-18","forecast","1.15106553676137"
"exdqlm_univar_synth","draw_022",332,"2023-01-19","forecast","0.931010964128476"
"exdqlm_univar_synth","draw_022",332,"2023-01-20","forecast","0.816235775762222"
"exdqlm_univar_synth","draw_022",332,"2023-01-21","forecast","0.839570396499699"
"exdqlm_univar_synth","draw_022",332,"2023-01-22","forecast","0.829363362889396"
"exdqlm_univar_synth","draw_023",347,"2022-12-26","forecast","0.781177309636230"
"exdqlm_univar_synth","draw_023",347,"2022-12-27","forecast","3.01784753826558"
"exdqlm_univar_synth","draw_023",347,"2022-12-28","forecast","2.89962865512201"
"exdqlm_univar_synth","draw_023",347,"2022-12-29","forecast","1.85281950874665"
"exdqlm_univar_synth","draw_023",347,"2022-12-30","forecast","1.42016759930782"
"exdqlm_univar_synth","draw_023",347,"2022-12-31","forecast","3.51385686117365"
"exdqlm_univar_synth","draw_023",347,"2023-01-01","forecast","2.71941574823836"
"exdqlm_univar_synth","draw_023",347,"2023-01-02","forecast","2.19732322332391"
"exdqlm_univar_synth","draw_023",347,"2023-01-03","forecast","2.18131216877996"
"exdqlm_univar_synth","draw_023",347,"2023-01-04","forecast","1.38232217995070"
"exdqlm_univar_synth","draw_023",347,"2023-01-05","forecast","2.03662138641005"
"exdqlm_univar_synth","draw_023",347,"2023-01-06","forecast","1.21826668191880"
"exdqlm_univar_synth","draw_023",347,"2023-01-07","forecast","1.31418339612079"
"exdqlm_univar_synth","draw_023",347,"2023-01-08","forecast","2.12988640070842"
"exdqlm_univar_synth","draw_023",347,"2023-01-09","forecast","1.58800703705053"
"exdqlm_univar_synth","draw_023",347,"2023-01-10","forecast","1.62850000856376"
"exdqlm_univar_synth","draw_023",347,"2023-01-11","forecast","1.64992963123137"
"exdqlm_univar_synth","draw_023",347,"2023-01-12","forecast","2.27175707503107"
"exdqlm_univar_synth","draw_023",347,"2023-01-13","forecast","1.56287224191684"
"exdqlm_univar_synth","draw_023",347,"2023-01-14","forecast","2.04525595349063"
"exdqlm_univar_synth","draw_023",347,"2023-01-15","forecast","2.29956102497812"
"exdqlm_univar_synth","draw_023",347,"2023-01-16","forecast","1.93103391509606"
"exdqlm_univar_synth","draw_023",347,"2023-01-17","forecast","1.59477652889190"
"exdqlm_univar_synth","draw_023",347,"2023-01-18","forecast","1.14909773598708"
"exdqlm_univar_synth","draw_023",347,"2023-01-19","forecast","0.954703930925182"
"exdqlm_univar_synth","draw_023",347,"2023-01-20","forecast","0.887123455042954"
"exdqlm_univar_synth","draw_023",347,"2023-01-21","forecast","0.845353417704744"
"exdqlm_univar_synth","draw_023",347,"2023-01-22","forecast","0.825112352918611"
"exdqlm_univar_synth","draw_024",363,"2022-12-26","forecast","0.978459620245328"
"exdqlm_univar_synth","draw_024",363,"2022-12-27","forecast","2.90786428177613"
"exdqlm_univar_synth","draw_024",363,"2022-12-28","forecast","2.69196427615130"
"exdqlm_univar_synth","draw_024",363,"2022-12-29","forecast","1.84506773742628"
"exdqlm_univar_synth","draw_024",363,"2022-12-30","forecast","2.09238687014197"
"exdqlm_univar_synth","draw_024",363,"2022-12-31","forecast","2.59046082144406"
"exdqlm_univar_synth","draw_024",363,"2023-01-01","forecast","2.63907790313368"
"exdqlm_univar_synth","draw_024",363,"2023-01-02","forecast","2.21733898824665"
"exdqlm_univar_synth","draw_024",363,"2023-01-03","forecast","2.47226414222114"
"exdqlm_univar_synth","draw_024",363,"2023-01-04","forecast","1.16929855127086"
"exdqlm_univar_synth","draw_024",363,"2023-01-05","forecast","2.06499105724123"
"exdqlm_univar_synth","draw_024",363,"2023-01-06","forecast","1.19708414971956"
"exdqlm_univar_synth","draw_024",363,"2023-01-07","forecast","1.31861469693765"
"exdqlm_univar_synth","draw_024",363,"2023-01-08","forecast","1.79398454626002"
"exdqlm_univar_synth","draw_024",363,"2023-01-09","forecast","2.19051975594668"
"exdqlm_univar_synth","draw_024",363,"2023-01-10","forecast","2.03057676956273"
"exdqlm_univar_synth","draw_024",363,"2023-01-11","forecast","1.58921141407858"
"exdqlm_univar_synth","draw_024",363,"2023-01-12","forecast","2.27533267190479"
"exdqlm_univar_synth","draw_024",363,"2023-01-13","forecast","1.61685304951884"
"exdqlm_univar_synth","draw_024",363,"2023-01-14","forecast","1.69664439722828"
"exdqlm_univar_synth","draw_024",363,"2023-01-15","forecast","1.79819897475963"
"exdqlm_univar_synth","draw_024",363,"2023-01-16","forecast","2.07267634879522"
"exdqlm_univar_synth","draw_024",363,"2023-01-17","forecast","1.54145259505320"
"exdqlm_univar_synth","draw_024",363,"2023-01-18","forecast","1.14509716622508"
"exdqlm_univar_synth","draw_024",363,"2023-01-19","forecast","0.953380429640083"
"exdqlm_univar_synth","draw_024",363,"2023-01-20","forecast","0.810795947236385"
"exdqlm_univar_synth","draw_024",363,"2023-01-21","forecast","0.843012128817646"
"exdqlm_univar_synth","draw_024",363,"2023-01-22","forecast","0.824941268493695"
"exdqlm_univar_synth","draw_025",379,"2022-12-26","forecast","1.08998610057976"
"exdqlm_univar_synth","draw_025",379,"2022-12-27","forecast","2.25600622518177"
"exdqlm_univar_synth","draw_025",379,"2022-12-28","forecast","2.44244182308607"
"exdqlm_univar_synth","draw_025",379,"2022-12-29","forecast","2.12227618403533"
"exdqlm_univar_synth","draw_025",379,"2022-12-30","forecast","2.10483159092760"
"exdqlm_univar_synth","draw_025",379,"2022-12-31","forecast","2.22164346626715"
"exdqlm_univar_synth","draw_025",379,"2023-01-01","forecast","3.49578498138852"
"exdqlm_univar_synth","draw_025",379,"2023-01-02","forecast","1.48438688905678"
"exdqlm_univar_synth","draw_025",379,"2023-01-03","forecast","2.33655626897371"
"exdqlm_univar_synth","draw_025",379,"2023-01-04","forecast","1.44576447236044"
"exdqlm_univar_synth","draw_025",379,"2023-01-05","forecast","1.43514218263326"
"exdqlm_univar_synth","draw_025",379,"2023-01-06","forecast","1.74257309415749"
"exdqlm_univar_synth","draw_025",379,"2023-01-07","forecast","1.31360875313417"
"exdqlm_univar_synth","draw_025",379,"2023-01-08","forecast","1.53530119690147"
"exdqlm_univar_synth","draw_025",379,"2023-01-09","forecast","2.18925735599653"
"exdqlm_univar_synth","draw_025",379,"2023-01-10","forecast","1.85385120952648"
"exdqlm_univar_synth","draw_025",379,"2023-01-11","forecast","0.980766899235479"
"exdqlm_univar_synth","draw_025",379,"2023-01-12","forecast","2.20234928202411"
"exdqlm_univar_synth","draw_025",379,"2023-01-13","forecast","1.83317300811057"
"exdqlm_univar_synth","draw_025",379,"2023-01-14","forecast","1.27226826630501"
"exdqlm_univar_synth","draw_025",379,"2023-01-15","forecast","1.95562231741293"
"exdqlm_univar_synth","draw_025",379,"2023-01-16","forecast","2.19925116017419"
"exdqlm_univar_synth","draw_025",379,"2023-01-17","forecast","1.13260544919306"
"exdqlm_univar_synth","draw_025",379,"2023-01-18","forecast","1.07673324895288"
"exdqlm_univar_synth","draw_025",379,"2023-01-19","forecast","0.635466716096603"
"exdqlm_univar_synth","draw_025",379,"2023-01-20","forecast","0.811966372426234"
"exdqlm_univar_synth","draw_025",379,"2023-01-21","forecast","0.841629951395412"
"exdqlm_univar_synth","draw_025",379,"2023-01-22","forecast","0.823056627665994"
"exdqlm_univar_synth","draw_026",395,"2022-12-26","forecast","1.14360590873932"
"exdqlm_univar_synth","draw_026",395,"2022-12-27","forecast","2.04367361484715"
"exdqlm_univar_synth","draw_026",395,"2022-12-28","forecast","2.38075051115174"
"exdqlm_univar_synth","draw_026",395,"2022-12-29","forecast","1.74626664790150"
"exdqlm_univar_synth","draw_026",395,"2022-12-30","forecast","1.77274137663244"
"exdqlm_univar_synth","draw_026",395,"2022-12-31","forecast","2.70859298154726"
"exdqlm_univar_synth","draw_026",395,"2023-01-01","forecast","2.88090860091303"
"exdqlm_univar_synth","draw_026",395,"2023-01-02","forecast","1.94154563721121"
"exdqlm_univar_synth","draw_026",395,"2023-01-03","forecast","1.61728622258201"
"exdqlm_univar_synth","draw_026",395,"2023-01-04","forecast","1.44713438383077"
"exdqlm_univar_synth","draw_026",395,"2023-01-05","forecast","2.07573080022163"
"exdqlm_univar_synth","draw_026",395,"2023-01-06","forecast","1.12608757827681"
"exdqlm_univar_synth","draw_026",395,"2023-01-07","forecast","1.05979774198831"
"exdqlm_univar_synth","draw_026",395,"2023-01-08","forecast","1.22404643023547"
"exdqlm_univar_synth","draw_026",395,"2023-01-09","forecast","2.19006767310054"
"exdqlm_univar_synth","draw_026",395,"2023-01-10","forecast","2.03028815364318"
"exdqlm_univar_synth","draw_026",395,"2023-01-11","forecast","1.34945125591366"
"exdqlm_univar_synth","draw_026",395,"2023-01-12","forecast","2.27683978551824"
"exdqlm_univar_synth","draw_026",395,"2023-01-13","forecast","1.65794448284180"
"exdqlm_univar_synth","draw_026",395,"2023-01-14","forecast","1.96979955991537"
"exdqlm_univar_synth","draw_026",395,"2023-01-15","forecast","1.27524142163102"
"exdqlm_univar_synth","draw_026",395,"2023-01-16","forecast","2.22415781582141"
"exdqlm_univar_synth","draw_026",395,"2023-01-17","forecast","1.51329782950642"
"exdqlm_univar_synth","draw_026",395,"2023-01-18","forecast","1.02214463741850"
"exdqlm_univar_synth","draw_026",395,"2023-01-19","forecast","0.707621413273099"
"exdqlm_univar_synth","draw_026",395,"2023-01-20","forecast","0.819002765163988"
"exdqlm_univar_synth","draw_026",395,"2023-01-21","forecast","0.841062353809357"
"exdqlm_univar_synth","draw_026",395,"2023-01-22","forecast","0.363674799808734"
"exdqlm_univar_synth","draw_027",410,"2022-12-26","forecast","1.09877357422396"
"exdqlm_univar_synth","draw_027",410,"2022-12-27","forecast","3.06765211230410"
"exdqlm_univar_synth","draw_027",410,"2022-12-28","forecast","2.36740189830212"
"exdqlm_univar_synth","draw_027",410,"2022-12-29","forecast","1.90463370480790"
"exdqlm_univar_synth","draw_027",410,"2022-12-30","forecast","1.55343297561202"
"exdqlm_univar_synth","draw_027",410,"2022-12-31","forecast","3.52576647452416"
"exdqlm_univar_synth","draw_027",410,"2023-01-01","forecast","2.40858714855527"
"exdqlm_univar_synth","draw_027",410,"2023-01-02","forecast","1.99513053636468"
"exdqlm_univar_synth","draw_027",410,"2023-01-03","forecast","2.17085678537033"
"exdqlm_univar_synth","draw_027",410,"2023-01-04","forecast","1.30128179137058"
"exdqlm_univar_synth","draw_027",410,"2023-01-05","forecast","1.88029322803921"
"exdqlm_univar_synth","draw_027",410,"2023-01-06","forecast","1.60594544652226"
"exdqlm_univar_synth","draw_027",410,"2023-01-07","forecast","1.31468654834890"
"exdqlm_univar_synth","draw_027",410,"2023-01-08","forecast","1.90948105571646"
"exdqlm_univar_synth","draw_027",410,"2023-01-09","forecast","1.67802006913252"
"exdqlm_univar_synth","draw_027",410,"2023-01-10","forecast","1.94611347925224"
"exdqlm_univar_synth","draw_027",410,"2023-01-11","forecast","1.53879748251598"
"exdqlm_univar_synth","draw_027",410,"2023-01-12","forecast","2.39326736887196"
"exdqlm_univar_synth","draw_027",410,"2023-01-13","forecast","1.66099070474366"
"exdqlm_univar_synth","draw_027",410,"2023-01-14","forecast","2.08809527614894"
"exdqlm_univar_synth","draw_027",410,"2023-01-15","forecast","1.56839643328154"
"exdqlm_univar_synth","draw_027",410,"2023-01-16","forecast","1.98670054501932"
"exdqlm_univar_synth","draw_027",410,"2023-01-17","forecast","1.51042347726309"
"exdqlm_univar_synth","draw_027",410,"2023-01-18","forecast","0.738072498665323"
"exdqlm_univar_synth","draw_027",410,"2023-01-19","forecast","0.955512911379233"
"exdqlm_univar_synth","draw_027",410,"2023-01-20","forecast","0.812201017323413"
"exdqlm_univar_synth","draw_027",410,"2023-01-21","forecast","0.559883338741403"
"exdqlm_univar_synth","draw_027",410,"2023-01-22","forecast","0.652562170747351"
"exdqlm_univar_synth","draw_028",426,"2022-12-26","forecast","1.22062970611557"
"exdqlm_univar_synth","draw_028",426,"2022-12-27","forecast","2.67062557279404"
"exdqlm_univar_synth","draw_028",426,"2022-12-28","forecast","2.84909889065097"
"exdqlm_univar_synth","draw_028",426,"2022-12-29","forecast","1.85243872924333"
"exdqlm_univar_synth","draw_028",426,"2022-12-30","forecast","1.64190404569278"
"exdqlm_univar_synth","draw_028",426,"2022-12-31","forecast","3.32004065656533"
"exdqlm_univar_synth","draw_028",426,"2023-01-01","forecast","3.12797423535001"
"exdqlm_univar_synth","draw_028",426,"2023-01-02","forecast","1.30386150625530"
"exdqlm_univar_synth","draw_028",426,"2023-01-03","forecast","2.13551834547232"
"exdqlm_univar_synth","draw_028",426,"2023-01-04","forecast","1.17025039881882"
"exdqlm_univar_synth","draw_028",426,"2023-01-05","forecast","2.03559627972418"
"exdqlm_univar_synth","draw_028",426,"2023-01-06","forecast","1.70883786403695"
"exdqlm_univar_synth","draw_028",426,"2023-01-07","forecast","1.13678118377217"
"exdqlm_univar_synth","draw_028",426,"2023-01-08","forecast","1.19852699069064"
"exdqlm_univar_synth","draw_028",426,"2023-01-09","forecast","1.61131813580992"
"exdqlm_univar_synth","draw_028",426,"2023-01-10","forecast","2.02817108944543"
"exdqlm_univar_synth","draw_028",426,"2023-01-11","forecast","1.21505636536094"
"exdqlm_univar_synth","draw_028",426,"2023-01-12","forecast","2.36541139267848"
"exdqlm_univar_synth","draw_028",426,"2023-01-13","forecast","1.51252946151874"
"exdqlm_univar_synth","draw_028",426,"2023-01-14","forecast","2.03715060811218"
"exdqlm_univar_synth","draw_028",426,"2023-01-15","forecast","1.95812022296662"
"exdqlm_univar_synth","draw_028",426,"2023-01-16","forecast","2.29186014422990"
"exdqlm_univar_synth","draw_028",426,"2023-01-17","forecast","1.53177935446596"
"exdqlm_univar_synth","draw_028",426,"2023-01-18","forecast","1.14367435499911"
"exdqlm_univar_synth","draw_028",426,"2023-01-19","forecast","0.665714168528608"
"exdqlm_univar_synth","draw_028",426,"2023-01-20","forecast","0.452519470017932"
"exdqlm_univar_synth","draw_028",426,"2023-01-21","forecast","0.849127951685055"
"exdqlm_univar_synth","draw_028",426,"2023-01-22","forecast","0.567894405404026"
"exdqlm_univar_synth","draw_029",442,"2022-12-26","forecast","1.15337217806680"
"exdqlm_univar_synth","draw_029",442,"2022-12-27","forecast","2.96833844725036"
"exdqlm_univar_synth","draw_029",442,"2022-12-28","forecast","2.52318330175108"
"exdqlm_univar_synth","draw_029",442,"2022-12-29","forecast","1.78111289715628"
"exdqlm_univar_synth","draw_029",442,"2022-12-30","forecast","2.47857999806995"
"exdqlm_univar_synth","draw_029",442,"2022-12-31","forecast","2.65926544054024"
"exdqlm_univar_synth","draw_029",442,"2023-01-01","forecast","3.15816151571261"
"exdqlm_univar_synth","draw_029",442,"2023-01-02","forecast","2.11084665075253"
"exdqlm_univar_synth","draw_029",442,"2023-01-03","forecast","1.57826300401404"
"exdqlm_univar_synth","draw_029",442,"2023-01-04","forecast","1.38979535989188"
"exdqlm_univar_synth","draw_029",442,"2023-01-05","forecast","2.10554712339060"
"exdqlm_univar_synth","draw_029",442,"2023-01-06","forecast","1.74227317156075"
"exdqlm_univar_synth","draw_029",442,"2023-01-07","forecast","1.35757131473662"
"exdqlm_univar_synth","draw_029",442,"2023-01-08","forecast","1.64448144099158"
"exdqlm_univar_synth","draw_029",442,"2023-01-09","forecast","1.63122161729603"
"exdqlm_univar_synth","draw_029",442,"2023-01-10","forecast","2.03324921654545"
"exdqlm_univar_synth","draw_029",442,"2023-01-11","forecast","1.58427025014368"
"exdqlm_univar_synth","draw_029",442,"2023-01-12","forecast","2.28706464861783"
"exdqlm_univar_synth","draw_029",442,"2023-01-13","forecast","1.89958773650394"
"exdqlm_univar_synth","draw_029",442,"2023-01-14","forecast","2.39068243970571"
"exdqlm_univar_synth","draw_029",442,"2023-01-15","forecast","2.12308045605039"
"exdqlm_univar_synth","draw_029",442,"2023-01-16","forecast","2.28148637435581"
"exdqlm_univar_synth","draw_029",442,"2023-01-17","forecast","1.34940910872150"
"exdqlm_univar_synth","draw_029",442,"2023-01-18","forecast","1.15035397329834"
"exdqlm_univar_synth","draw_029",442,"2023-01-19","forecast","0.953347305418523"
"exdqlm_univar_synth","draw_029",442,"2023-01-20","forecast","0.705678370156528"
"exdqlm_univar_synth","draw_029",442,"2023-01-21","forecast","0.842633499964522"
"exdqlm_univar_synth","draw_029",442,"2023-01-22","forecast","0.829702451793133"
"exdqlm_univar_synth","draw_030",457,"2022-12-26","forecast","1.02607232259112"
"exdqlm_univar_synth","draw_030",457,"2022-12-27","forecast","2.69087195684089"
"exdqlm_univar_synth","draw_030",457,"2022-12-28","forecast","2.70517389056544"
"exdqlm_univar_synth","draw_030",457,"2022-12-29","forecast","1.74583793258538"
"exdqlm_univar_synth","draw_030",457,"2022-12-30","forecast","1.93899800045396"
"exdqlm_univar_synth","draw_030",457,"2022-12-31","forecast","2.93015840006382"
"exdqlm_univar_synth","draw_030",457,"2023-01-01","forecast","3.31946594771683"
"exdqlm_univar_synth","draw_030",457,"2023-01-02","forecast","2.00406702062049"
"exdqlm_univar_synth","draw_030",457,"2023-01-03","forecast","1.91451295012398"
"exdqlm_univar_synth","draw_030",457,"2023-01-04","forecast","1.26503747565352"
"exdqlm_univar_synth","draw_030",457,"2023-01-05","forecast","1.78725564614765"
"exdqlm_univar_synth","draw_030",457,"2023-01-06","forecast","1.47772505737117"
"exdqlm_univar_synth","draw_030",457,"2023-01-07","forecast","1.24742430004812"
"exdqlm_univar_synth","draw_030",457,"2023-01-08","forecast","1.17457582568346"
"exdqlm_univar_synth","draw_030",457,"2023-01-09","forecast","2.27332823113888"
"exdqlm_univar_synth","draw_030",457,"2023-01-10","forecast","1.46788503090720"
"exdqlm_univar_synth","draw_030",457,"2023-01-11","forecast","1.08270725011413"
"exdqlm_univar_synth","draw_030",457,"2023-01-12","forecast","1.60793125816496"
"exdqlm_univar_synth","draw_030",457,"2023-01-13","forecast","1.15875734408230"
"exdqlm_univar_synth","draw_030",457,"2023-01-14","forecast","1.34305895588203"
"exdqlm_univar_synth","draw_030",457,"2023-01-15","forecast","2.01209000724099"
"exdqlm_univar_synth","draw_030",457,"2023-01-16","forecast","2.29141974255191"
"exdqlm_univar_synth","draw_030",457,"2023-01-17","forecast","1.51257492846156"
"exdqlm_univar_synth","draw_030",457,"2023-01-18","forecast","1.30080656366189"
"exdqlm_univar_synth","draw_030",457,"2023-01-19","forecast","0.501953723333358"
"exdqlm_univar_synth","draw_030",457,"2023-01-20","forecast","0.545961566044908"
"exdqlm_univar_synth","draw_030",457,"2023-01-21","forecast","0.849486065485206"
"exdqlm_univar_synth","draw_030",457,"2023-01-22","forecast","0.828399059503541"
"exdqlm_univar_synth","draw_031",473,"2022-12-26","forecast","1.20618694930888"
"exdqlm_univar_synth","draw_031",473,"2022-12-27","forecast","2.66173611397773"
"exdqlm_univar_synth","draw_031",473,"2022-12-28","forecast","2.51285982236777"
"exdqlm_univar_synth","draw_031",473,"2022-12-29","forecast","1.79308637325131"
"exdqlm_univar_synth","draw_031",473,"2022-12-30","forecast","1.69193196655100"
"exdqlm_univar_synth","draw_031",473,"2022-12-31","forecast","2.90708116603280"
"exdqlm_univar_synth","draw_031",473,"2023-01-01","forecast","3.12874185927520"
"exdqlm_univar_synth","draw_031",473,"2023-01-02","forecast","2.06166489736572"
"exdqlm_univar_synth","draw_031",473,"2023-01-03","forecast","1.59311471241971"
"exdqlm_univar_synth","draw_031",473,"2023-01-04","forecast","1.44911384729399"
"exdqlm_univar_synth","draw_031",473,"2023-01-05","forecast","2.03640753506546"
"exdqlm_univar_synth","draw_031",473,"2023-01-06","forecast","1.70872198830788"
"exdqlm_univar_synth","draw_031",473,"2023-01-07","forecast","1.31377567031094"
"exdqlm_univar_synth","draw_031",473,"2023-01-08","forecast","1.82493379443591"
"exdqlm_univar_synth","draw_031",473,"2023-01-09","forecast","2.19119433172641"
"exdqlm_univar_synth","draw_031",473,"2023-01-10","forecast","2.02871762037058"
"exdqlm_univar_synth","draw_031",473,"2023-01-11","forecast","1.49308316719494"
"exdqlm_univar_synth","draw_031",473,"2023-01-12","forecast","2.28872971642107"
"exdqlm_univar_synth","draw_031",473,"2023-01-13","forecast","1.59501634453307"
"exdqlm_univar_synth","draw_031",473,"2023-01-14","forecast","1.61282379699985"
"exdqlm_univar_synth","draw_031",473,"2023-01-15","forecast","1.36552964258696"
"exdqlm_univar_synth","draw_031",473,"2023-01-16","forecast","2.27876404096355"
"exdqlm_univar_synth","draw_031",473,"2023-01-17","forecast","0.835406171197202"
"exdqlm_univar_synth","draw_031",473,"2023-01-18","forecast","1.15033571093004"
"exdqlm_univar_synth","draw_031",473,"2023-01-19","forecast","0.869824957757428"
"exdqlm_univar_synth","draw_031",473,"2023-01-20","forecast","0.819198377869434"
"exdqlm_univar_synth","draw_031",473,"2023-01-21","forecast","1.17405341382629"
"exdqlm_univar_synth","draw_031",473,"2023-01-22","forecast","0.789222083339580"
"exdqlm_univar_synth","draw_032",489,"2022-12-26","forecast","1.14584180500789"
"exdqlm_univar_synth","draw_032",489,"2022-12-27","forecast","3.23525134316316"
"exdqlm_univar_synth","draw_032",489,"2022-12-28","forecast","2.63648227915863"
"exdqlm_univar_synth","draw_032",489,"2022-12-29","forecast","2.13502662972948"
"exdqlm_univar_synth","draw_032",489,"2022-12-30","forecast","1.72819699184098"
"exdqlm_univar_synth","draw_032",489,"2022-12-31","forecast","2.53496696147853"
"exdqlm_univar_synth","draw_032",489,"2023-01-01","forecast","3.64369814749379"
"exdqlm_univar_synth","draw_032",489,"2023-01-02","forecast","2.02428719295173"
"exdqlm_univar_synth","draw_032",489,"2023-01-03","forecast","2.50126741003723"
"exdqlm_univar_synth","draw_032",489,"2023-01-04","forecast","1.44770633460237"
"exdqlm_univar_synth","draw_032",489,"2023-01-05","forecast","1.68072620400813"
"exdqlm_univar_synth","draw_032",489,"2023-01-06","forecast","1.70535649363172"
"exdqlm_univar_synth","draw_032",489,"2023-01-07","forecast","1.04935140718525"
"exdqlm_univar_synth","draw_032",489,"2023-01-08","forecast","1.79031251327017"
"exdqlm_univar_synth","draw_032",489,"2023-01-09","forecast","1.41632513544357"
"exdqlm_univar_synth","draw_032",489,"2023-01-10","forecast","2.02999851896729"
"exdqlm_univar_synth","draw_032",489,"2023-01-11","forecast","1.58716677978596"
"exdqlm_univar_synth","draw_032",489,"2023-01-12","forecast","2.28720746619021"
"exdqlm_univar_synth","draw_032",489,"2023-01-13","forecast","1.79889107382122"
"exdqlm_univar_synth","draw_032",489,"2023-01-14","forecast","2.08437671035382"
"exdqlm_univar_synth","draw_032",489,"2023-01-15","forecast","1.42888740753027"
"exdqlm_univar_synth","draw_032",489,"2023-01-16","forecast","2.39824253784139"
"exdqlm_univar_synth","draw_032",489,"2023-01-17","forecast","1.46770076785255"
"exdqlm_univar_synth","draw_032",489,"2023-01-18","forecast","1.13863588602204"
"exdqlm_univar_synth","draw_032",489,"2023-01-19","forecast","0.973317314217003"
"exdqlm_univar_synth","draw_032",489,"2023-01-20","forecast","0.542998783996858"
"exdqlm_univar_synth","draw_032",489,"2023-01-21","forecast","0.599348556105026"
"exdqlm_univar_synth","draw_032",489,"2023-01-22","forecast","0.760063917503883"
"exdqlm_univar_synth","draw_033",505,"2022-12-26","forecast","1.19274273749212"
"exdqlm_univar_synth","draw_033",505,"2022-12-27","forecast","2.32380638498477"
"exdqlm_univar_synth","draw_033",505,"2022-12-28","forecast","2.85117337868689"
"exdqlm_univar_synth","draw_033",505,"2022-12-29","forecast","1.23292810270431"
"exdqlm_univar_synth","draw_033",505,"2022-12-30","forecast","2.40160878210047"
"exdqlm_univar_synth","draw_033",505,"2022-12-31","forecast","3.52229132126457"
"exdqlm_univar_synth","draw_033",505,"2023-01-01","forecast","3.03541524351269"
"exdqlm_univar_synth","draw_033",505,"2023-01-02","forecast","1.88757221183282"
"exdqlm_univar_synth","draw_033",505,"2023-01-03","forecast","2.29018628680682"
"exdqlm_univar_synth","draw_033",505,"2023-01-04","forecast","1.04808816667184"
"exdqlm_univar_synth","draw_033",505,"2023-01-05","forecast","2.03531313262537"
"exdqlm_univar_synth","draw_033",505,"2023-01-06","forecast","1.71813713327409"
"exdqlm_univar_synth","draw_033",505,"2023-01-07","forecast","1.31560736088777"
"exdqlm_univar_synth","draw_033",505,"2023-01-08","forecast","1.78004382094463"
"exdqlm_univar_synth","draw_033",505,"2023-01-09","forecast","1.67368875922863"
"exdqlm_univar_synth","draw_033",505,"2023-01-10","forecast","2.03234820766666"
"exdqlm_univar_synth","draw_033",505,"2023-01-11","forecast","1.58404149765373"
"exdqlm_univar_synth","draw_033",505,"2023-01-12","forecast","2.13080702921759"
"exdqlm_univar_synth","draw_033",505,"2023-01-13","forecast","0.995766347827590"
"exdqlm_univar_synth","draw_033",505,"2023-01-14","forecast","2.00778927960375"
"exdqlm_univar_synth","draw_033",505,"2023-01-15","forecast","2.09087146602338"
"exdqlm_univar_synth","draw_033",505,"2023-01-16","forecast","1.34849073105775"
"exdqlm_univar_synth","draw_033",505,"2023-01-17","forecast","1.28789873531922"
"exdqlm_univar_synth","draw_033",505,"2023-01-18","forecast","0.975616693029176"
"exdqlm_univar_synth","draw_033",505,"2023-01-19","forecast","0.552959729063161"
"exdqlm_univar_synth","draw_033",505,"2023-01-20","forecast","0.474682622618834"
"exdqlm_univar_synth","draw_033",505,"2023-01-21","forecast","0.844179714288680"
"exdqlm_univar_synth","draw_033",505,"2023-01-22","forecast","0.822237347629144"
"exdqlm_univar_synth","draw_034",520,"2022-12-26","forecast","1.26342216978947"
"exdqlm_univar_synth","draw_034",520,"2022-12-27","forecast","2.84811346935832"
"exdqlm_univar_synth","draw_034",520,"2022-12-28","forecast","2.04191260607004"
"exdqlm_univar_synth","draw_034",520,"2022-12-29","forecast","1.63134812830184"
"exdqlm_univar_synth","draw_034",520,"2022-12-30","forecast","2.11324208274453"
"exdqlm_univar_synth","draw_034",520,"2022-12-31","forecast","3.60411166910904"
"exdqlm_univar_synth","draw_034",520,"2023-01-01","forecast","2.66607563647969"
"exdqlm_univar_synth","draw_034",520,"2023-01-02","forecast","1.47031283274869"
"exdqlm_univar_synth","draw_034",520,"2023-01-03","forecast","2.58478250417555"
"exdqlm_univar_synth","draw_034",520,"2023-01-04","forecast","1.44403237457949"
"exdqlm_univar_synth","draw_034",520,"2023-01-05","forecast","2.01410864730398"
"exdqlm_univar_synth","draw_034",520,"2023-01-06","forecast","1.20516188916354"
"exdqlm_univar_synth","draw_034",520,"2023-01-07","forecast","1.33568074346163"
"exdqlm_univar_synth","draw_034",520,"2023-01-08","forecast","1.77882354776994"
"exdqlm_univar_synth","draw_034",520,"2023-01-09","forecast","2.10079644573411"
"exdqlm_univar_synth","draw_034",520,"2023-01-10","forecast","1.63879893230075"
"exdqlm_univar_synth","draw_034",520,"2023-01-11","forecast","1.75368271295731"
"exdqlm_univar_synth","draw_034",520,"2023-01-12","forecast","1.57490571942440"
"exdqlm_univar_synth","draw_034",520,"2023-01-13","forecast","1.88124441769282"
"exdqlm_univar_synth","draw_034",520,"2023-01-14","forecast","2.03519755416304"
"exdqlm_univar_synth","draw_034",520,"2023-01-15","forecast","1.66684427344786"
"exdqlm_univar_synth","draw_034",520,"2023-01-16","forecast","2.29434555172895"
"exdqlm_univar_synth","draw_034",520,"2023-01-17","forecast","1.56388421755011"
"exdqlm_univar_synth","draw_034",520,"2023-01-18","forecast","0.612020712512471"
"exdqlm_univar_synth","draw_034",520,"2023-01-19","forecast","0.954573433784647"
"exdqlm_univar_synth","draw_034",520,"2023-01-20","forecast","0.818341400120470"
"exdqlm_univar_synth","draw_034",520,"2023-01-21","forecast","0.482528546566578"
"exdqlm_univar_synth","draw_034",520,"2023-01-22","forecast","0.828781326515401"
"exdqlm_univar_synth","draw_035",536,"2022-12-26","forecast","0.756814981421532"
"exdqlm_univar_synth","draw_035",536,"2022-12-27","forecast","2.71955438694388"
"exdqlm_univar_synth","draw_035",536,"2022-12-28","forecast","2.62089821280006"
"exdqlm_univar_synth","draw_035",536,"2022-12-29","forecast","1.81000164883001"
"exdqlm_univar_synth","draw_035",536,"2022-12-30","forecast","1.75683826106137"
"exdqlm_univar_synth","draw_035",536,"2022-12-31","forecast","2.93962516715478"
"exdqlm_univar_synth","draw_035",536,"2023-01-01","forecast","3.57823391797559"
"exdqlm_univar_synth","draw_035",536,"2023-01-02","forecast","2.03120540027791"
"exdqlm_univar_synth","draw_035",536,"2023-01-03","forecast","1.96646529688789"
"exdqlm_univar_synth","draw_035",536,"2023-01-04","forecast","1.10487727569558"
"exdqlm_univar_synth","draw_035",536,"2023-01-05","forecast","1.52158334050483"
"exdqlm_univar_synth","draw_035",536,"2023-01-06","forecast","1.33106541170451"
"exdqlm_univar_synth","draw_035",536,"2023-01-07","forecast","0.909865425504417"
"exdqlm_univar_synth","draw_035",536,"2023-01-08","forecast","1.89620325239828"
"exdqlm_univar_synth","draw_035",536,"2023-01-09","forecast","1.51001193157980"
"exdqlm_univar_synth","draw_035",536,"2023-01-10","forecast","1.60424788246502"
"exdqlm_univar_synth","draw_035",536,"2023-01-11","forecast","1.58316093768549"
"exdqlm_univar_synth","draw_035",536,"2023-01-12","forecast","1.45008907650850"
"exdqlm_univar_synth","draw_035",536,"2023-01-13","forecast","1.65944502354036"
"exdqlm_univar_synth","draw_035",536,"2023-01-14","forecast","1.78829605101564"
"exdqlm_univar_synth","draw_035",536,"2023-01-15","forecast","1.74928418663722"
"exdqlm_univar_synth","draw_035",536,"2023-01-16","forecast","2.21484132649520"
"exdqlm_univar_synth","draw_035",536,"2023-01-17","forecast","1.51509588340870"
"exdqlm_univar_synth","draw_035",536,"2023-01-18","forecast","0.647788806478375"
"exdqlm_univar_synth","draw_035",536,"2023-01-19","forecast","0.985212345059878"
"exdqlm_univar_synth","draw_035",536,"2023-01-20","forecast","0"
"exdqlm_univar_synth","draw_035",536,"2023-01-21","forecast","0.839701443387349"
"exdqlm_univar_synth","draw_035",536,"2023-01-22","forecast","0.394831577432680"
"exdqlm_univar_synth","draw_036",552,"2022-12-26","forecast","1.09575295191564"
"exdqlm_univar_synth","draw_036",552,"2022-12-27","forecast","2.19783905935507"
"exdqlm_univar_synth","draw_036",552,"2022-12-28","forecast","2.62080995542578"
"exdqlm_univar_synth","draw_036",552,"2022-12-29","forecast","1.61743123286284"
"exdqlm_univar_synth","draw_036",552,"2022-12-30","forecast","2.05534658397704"
"exdqlm_univar_synth","draw_036",552,"2022-12-31","forecast","2.75766362117828"
"exdqlm_univar_synth","draw_036",552,"2023-01-01","forecast","3.18392885948127"
"exdqlm_univar_synth","draw_036",552,"2023-01-02","forecast","1.97905638521612"
"exdqlm_univar_synth","draw_036",552,"2023-01-03","forecast","2.46766270455524"
"exdqlm_univar_synth","draw_036",552,"2023-01-04","forecast","1.27596134198178"
"exdqlm_univar_synth","draw_036",552,"2023-01-05","forecast","2.09315525726065"
"exdqlm_univar_synth","draw_036",552,"2023-01-06","forecast","1.70554185600902"
"exdqlm_univar_synth","draw_036",552,"2023-01-07","forecast","1.29653226647075"
"exdqlm_univar_synth","draw_036",552,"2023-01-08","forecast","1.71706725879943"
"exdqlm_univar_synth","draw_036",552,"2023-01-09","forecast","2.13520893464875"
"exdqlm_univar_synth","draw_036",552,"2023-01-10","forecast","2.03088183292413"
"exdqlm_univar_synth","draw_036",552,"2023-01-11","forecast","1.61359034788675"
"exdqlm_univar_synth","draw_036",552,"2023-01-12","forecast","2.31763205675991"
"exdqlm_univar_synth","draw_036",552,"2023-01-13","forecast","1.65706874368086"
"exdqlm_univar_synth","draw_036",552,"2023-01-14","forecast","1.24592991113529"
"exdqlm_univar_synth","draw_036",552,"2023-01-15","forecast","1.95827783986785"
"exdqlm_univar_synth","draw_036",552,"2023-01-16","forecast","2.20856705667432"
"exdqlm_univar_synth","draw_036",552,"2023-01-17","forecast","1.51840737037032"
"exdqlm_univar_synth","draw_036",552,"2023-01-18","forecast","1.15345012015950"
"exdqlm_univar_synth","draw_036",552,"2023-01-19","forecast","0.954525457314085"
"exdqlm_univar_synth","draw_036",552,"2023-01-20","forecast","0.885481446612210"
"exdqlm_univar_synth","draw_036",552,"2023-01-21","forecast","0.846010745302157"
"exdqlm_univar_synth","draw_036",552,"2023-01-22","forecast","0.828959005385931"
"exdqlm_univar_synth","draw_037",568,"2022-12-26","forecast","1.08102649409849"
"exdqlm_univar_synth","draw_037",568,"2022-12-27","forecast","2.82889444402698"
"exdqlm_univar_synth","draw_037",568,"2022-12-28","forecast","2.23002502094796"
"exdqlm_univar_synth","draw_037",568,"2022-12-29","forecast","1.74008812418765"
"exdqlm_univar_synth","draw_037",568,"2022-12-30","forecast","2.05711170555519"
"exdqlm_univar_synth","draw_037",568,"2022-12-31","forecast","2.92930684337579"
"exdqlm_univar_synth","draw_037",568,"2023-01-01","forecast","3.65439478153468"
"exdqlm_univar_synth","draw_037",568,"2023-01-02","forecast","2.12415784724481"
"exdqlm_univar_synth","draw_037",568,"2023-01-03","forecast","2.13593607143683"
"exdqlm_univar_synth","draw_037",568,"2023-01-04","forecast","1.44733875243704"
"exdqlm_univar_synth","draw_037",568,"2023-01-05","forecast","2.03405673109139"
"exdqlm_univar_synth","draw_037",568,"2023-01-06","forecast","1.70607745771958"
"exdqlm_univar_synth","draw_037",568,"2023-01-07","forecast","1.31586942264265"
"exdqlm_univar_synth","draw_037",568,"2023-01-08","forecast","1.67538030325785"
"exdqlm_univar_synth","draw_037",568,"2023-01-09","forecast","1.70371162067116"
"exdqlm_univar_synth","draw_037",568,"2023-01-10","forecast","1.65777962019068"
"exdqlm_univar_synth","draw_037",568,"2023-01-11","forecast","1.53934393850273"
"exdqlm_univar_synth","draw_037",568,"2023-01-12","forecast","2.40996739256126"
"exdqlm_univar_synth","draw_037",568,"2023-01-13","forecast","1.66009149264281"
"exdqlm_univar_synth","draw_037",568,"2023-01-14","forecast","1.96259376817452"
"exdqlm_univar_synth","draw_037",568,"2023-01-15","forecast","1.27143341384541"
"exdqlm_univar_synth","draw_037",568,"2023-01-16","forecast","2.51153825342265"
"exdqlm_univar_synth","draw_037",568,"2023-01-17","forecast","1.46395730120468"
"exdqlm_univar_synth","draw_037",568,"2023-01-18","forecast","1.15031254601036"
"exdqlm_univar_synth","draw_037",568,"2023-01-19","forecast","0.992897618529007"
"exdqlm_univar_synth","draw_037",568,"2023-01-20","forecast","0.819848175771865"
"exdqlm_univar_synth","draw_037",568,"2023-01-21","forecast","0.843962990002672"
"exdqlm_univar_synth","draw_037",568,"2023-01-22","forecast","0.631167496734910"
"exdqlm_univar_synth","draw_038",583,"2022-12-26","forecast","0.902398877997632"
"exdqlm_univar_synth","draw_038",583,"2022-12-27","forecast","3.00497323482904"
"exdqlm_univar_synth","draw_038",583,"2022-12-28","forecast","2.93366415389612"
"exdqlm_univar_synth","draw_038",583,"2022-12-29","forecast","1.81843722244371"
"exdqlm_univar_synth","draw_038",583,"2022-12-30","forecast","2.31012069848426"
"exdqlm_univar_synth","draw_038",583,"2022-12-31","forecast","2.15514758191090"
"exdqlm_univar_synth","draw_038",583,"2023-01-01","forecast","3.47734623023125"
"exdqlm_univar_synth","draw_038",583,"2023-01-02","forecast","2.02505835456168"
"exdqlm_univar_synth","draw_038",583,"2023-01-03","forecast","1.01637445303901"
"exdqlm_univar_synth","draw_038",583,"2023-01-04","forecast","1.33598761230840"
"exdqlm_univar_synth","draw_038",583,"2023-01-05","forecast","1.98829926653856"
"exdqlm_univar_synth","draw_038",583,"2023-01-06","forecast","1.15895262247005"
"exdqlm_univar_synth","draw_038",583,"2023-01-07","forecast","1.31887789511776"
"exdqlm_univar_synth","draw_038",583,"2023-01-08","forecast","1.79915798775596"
"exdqlm_univar_synth","draw_038",583,"2023-01-09","forecast","2.18940139150589"
"exdqlm_univar_synth","draw_038",583,"2023-01-10","forecast","1.73879901370545"
"exdqlm_univar_synth","draw_038",583,"2023-01-11","forecast","1.62099220295441"
"exdqlm_univar_synth","draw_038",583,"2023-01-12","forecast","2.29818664722409"
"exdqlm_univar_synth","draw_038",583,"2023-01-13","forecast","1.66139308997965"
"exdqlm_univar_synth","draw_038",583,"2023-01-14","forecast","2.03257541789307"
"exdqlm_univar_synth","draw_038",583,"2023-01-15","forecast","1.99428922456683"
"exdqlm_univar_synth","draw_038",583,"2023-01-16","forecast","2.29319138513714"
"exdqlm_univar_synth","draw_038",583,"2023-01-17","forecast","1.50815555458107"
"exdqlm_univar_synth","draw_038",583,"2023-01-18","forecast","0.891027001742916"
"exdqlm_univar_synth","draw_038",583,"2023-01-19","forecast","0.722047917505020"
"exdqlm_univar_synth","draw_038",583,"2023-01-20","forecast","0.818056899671956"
"exdqlm_univar_synth","draw_038",583,"2023-01-21","forecast","0.765467542153657"
"exdqlm_univar_synth","draw_038",583,"2023-01-22","forecast","0.634418203537554"
"exdqlm_univar_synth","draw_039",599,"2022-12-26","forecast","0.985912201815955"
"exdqlm_univar_synth","draw_039",599,"2022-12-27","forecast","2.41901988749455"
"exdqlm_univar_synth","draw_039",599,"2022-12-28","forecast","2.45590789718280"
"exdqlm_univar_synth","draw_039",599,"2022-12-29","forecast","1.78715585736123"
"exdqlm_univar_synth","draw_039",599,"2022-12-30","forecast","1.81544526375187"
"exdqlm_univar_synth","draw_039",599,"2022-12-31","forecast","2.41940995544647"
"exdqlm_univar_synth","draw_039",599,"2023-01-01","forecast","3.21682547647014"
"exdqlm_univar_synth","draw_039",599,"2023-01-02","forecast","1.51229252590770"
"exdqlm_univar_synth","draw_039",599,"2023-01-03","forecast","1.82057694401100"
"exdqlm_univar_synth","draw_039",599,"2023-01-04","forecast","1.44733047753466"
"exdqlm_univar_synth","draw_039",599,"2023-01-05","forecast","2.03788915497860"
"exdqlm_univar_synth","draw_039",599,"2023-01-06","forecast","1.84888936628012"
"exdqlm_univar_synth","draw_039",599,"2023-01-07","forecast","1.30367191236538"
"exdqlm_univar_synth","draw_039",599,"2023-01-08","forecast","1.62450634794333"
"exdqlm_univar_synth","draw_039",599,"2023-01-09","forecast","2.18938685083893"
"exdqlm_univar_synth","draw_039",599,"2023-01-10","forecast","1.71114703190777"
"exdqlm_univar_synth","draw_039",599,"2023-01-11","forecast","1.58568016930560"
"exdqlm_univar_synth","draw_039",599,"2023-01-12","forecast","2.50985515293945"
"exdqlm_univar_synth","draw_039",599,"2023-01-13","forecast","1.09468650845536"
"exdqlm_univar_synth","draw_039",599,"2023-01-14","forecast","2.03573548812358"
"exdqlm_univar_synth","draw_039",599,"2023-01-15","forecast","2.08426375482143"
"exdqlm_univar_synth","draw_039",599,"2023-01-16","forecast","2.29034898772238"
"exdqlm_univar_synth","draw_039",599,"2023-01-17","forecast","1.03903757883629"
"exdqlm_univar_synth","draw_039",599,"2023-01-18","forecast","1.15347030852122"
"exdqlm_univar_synth","draw_039",599,"2023-01-19","forecast","0.955674979574805"
"exdqlm_univar_synth","draw_039",599,"2023-01-20","forecast","0.894723954263493"
"exdqlm_univar_synth","draw_039",599,"2023-01-21","forecast","0.843718987071987"
"exdqlm_univar_synth","draw_039",599,"2023-01-22","forecast","0.828535013205793"
"exdqlm_univar_synth","draw_040",615,"2022-12-26","forecast","0.774472427696428"
"exdqlm_univar_synth","draw_040",615,"2022-12-27","forecast","2.69864646520047"
"exdqlm_univar_synth","draw_040",615,"2022-12-28","forecast","2.45338590440613"
"exdqlm_univar_synth","draw_040",615,"2022-12-29","forecast","1.74426803792695"
"exdqlm_univar_synth","draw_040",615,"2022-12-30","forecast","2.05564119168186"
"exdqlm_univar_synth","draw_040",615,"2022-12-31","forecast","2.62878427636854"
"exdqlm_univar_synth","draw_040",615,"2023-01-01","forecast","3.21511174450281"
"exdqlm_univar_synth","draw_040",615,"2023-01-02","forecast","1.75431348742336"
"exdqlm_univar_synth","draw_040",615,"2023-01-03","forecast","1.98520332315444"
"exdqlm_univar_synth","draw_040",615,"2023-01-04","forecast","1.40864689299874"
"exdqlm_univar_synth","draw_040",615,"2023-01-05","forecast","2.11653698872474"
"exdqlm_univar_synth","draw_040",615,"2023-01-06","forecast","1.19930017447562"
"exdqlm_univar_synth","draw_040",615,"2023-01-07","forecast","0.907757093772472"
"exdqlm_univar_synth","draw_040",615,"2023-01-08","forecast","1.79909478366553"
"exdqlm_univar_synth","draw_040",615,"2023-01-09","forecast","1.84490711438493"
"exdqlm_univar_synth","draw_040",615,"2023-01-10","forecast","2.02695699729798"
"exdqlm_univar_synth","draw_040",615,"2023-01-11","forecast","1.34169474607930"
"exdqlm_univar_synth","draw_040",615,"2023-01-12","forecast","2.39562130160598"
"exdqlm_univar_synth","draw_040",615,"2023-01-13","forecast","1.66004698210054"
"exdqlm_univar_synth","draw_040",615,"2023-01-14","forecast","2.16224482544007"
"exdqlm_univar_synth","draw_040",615,"2023-01-15","forecast","1.95655347008018"
"exdqlm_univar_synth","draw_040",615,"2023-01-16","forecast","2.29411156481595"
"exdqlm_univar_synth","draw_040",615,"2023-01-17","forecast","1.51179590092537"
"exdqlm_univar_synth","draw_040",615,"2023-01-18","forecast","0.966837774998492"
"exdqlm_univar_synth","draw_040",615,"2023-01-19","forecast","0.950346740520970"
"exdqlm_univar_synth","draw_040",615,"2023-01-20","forecast","0.810696939085366"
"exdqlm_univar_synth","draw_040",615,"2023-01-21","forecast","0.845343268489642"
"exdqlm_univar_synth","draw_040",615,"2023-01-22","forecast","0.829270206067358"
"exdqlm_univar_synth","draw_041",631,"2022-12-26","forecast","1.05685541158359"
"exdqlm_univar_synth","draw_041",631,"2022-12-27","forecast","2.24225203691676"
"exdqlm_univar_synth","draw_041",631,"2022-12-28","forecast","3.03869412388765"
"exdqlm_univar_synth","draw_041",631,"2022-12-29","forecast","1.61838098200505"
"exdqlm_univar_synth","draw_041",631,"2022-12-30","forecast","1.61984383806881"
"exdqlm_univar_synth","draw_041",631,"2022-12-31","forecast","3.24148198095144"
"exdqlm_univar_synth","draw_041",631,"2023-01-01","forecast","3.16656340387900"
"exdqlm_univar_synth","draw_041",631,"2023-01-02","forecast","2.05587711092645"
"exdqlm_univar_synth","draw_041",631,"2023-01-03","forecast","2.24519081716753"
"exdqlm_univar_synth","draw_041",631,"2023-01-04","forecast","1.22762659490996"
"exdqlm_univar_synth","draw_041",631,"2023-01-05","forecast","2.05664306175836"
"exdqlm_univar_synth","draw_041",631,"2023-01-06","forecast","1.22057037809606"
"exdqlm_univar_synth","draw_041",631,"2023-01-07","forecast","1.00390452193012"
"exdqlm_univar_synth","draw_041",631,"2023-01-08","forecast","1.89541511541080"
"exdqlm_univar_synth","draw_041",631,"2023-01-09","forecast","2.29882730389301"
"exdqlm_univar_synth","draw_041",631,"2023-01-10","forecast","2.03153614347886"
"exdqlm_univar_synth","draw_041",631,"2023-01-11","forecast","1.61435267702616"
"exdqlm_univar_synth","draw_041",631,"2023-01-12","forecast","2.12819812408159"
"exdqlm_univar_synth","draw_041",631,"2023-01-13","forecast","1.16698647870397"
"exdqlm_univar_synth","draw_041",631,"2023-01-14","forecast","1.94302899556665"
"exdqlm_univar_synth","draw_041",631,"2023-01-15","forecast","1.95847082792860"
"exdqlm_univar_synth","draw_041",631,"2023-01-16","forecast","1.85272378642775"
"exdqlm_univar_synth","draw_041",631,"2023-01-17","forecast","1.37026356281451"
"exdqlm_univar_synth","draw_041",631,"2023-01-18","forecast","1.13745827529286"
"exdqlm_univar_synth","draw_041",631,"2023-01-19","forecast","0.952697910517976"
"exdqlm_univar_synth","draw_041",631,"2023-01-20","forecast","0.816650364909596"
"exdqlm_univar_synth","draw_041",631,"2023-01-21","forecast","0.581939768304157"
"exdqlm_univar_synth","draw_041",631,"2023-01-22","forecast","0.828713187390543"
"exdqlm_univar_synth","draw_042",646,"2022-12-26","forecast","1.16377947484681"
"exdqlm_univar_synth","draw_042",646,"2022-12-27","forecast","3.19614988739203"
"exdqlm_univar_synth","draw_042",646,"2022-12-28","forecast","2.94521083716937"
"exdqlm_univar_synth","draw_042",646,"2022-12-29","forecast","1.39251277806256"
"exdqlm_univar_synth","draw_042",646,"2022-12-30","forecast","2.07619606304618"
"exdqlm_univar_synth","draw_042",646,"2022-12-31","forecast","2.28124365466664"
"exdqlm_univar_synth","draw_042",646,"2023-01-01","forecast","2.54155082573633"
"exdqlm_univar_synth","draw_042",646,"2023-01-02","forecast","1.52286643489868"
"exdqlm_univar_synth","draw_042",646,"2023-01-03","forecast","2.01009196151081"
"exdqlm_univar_synth","draw_042",646,"2023-01-04","forecast","1.43297001300710"
"exdqlm_univar_synth","draw_042",646,"2023-01-05","forecast","2.25880512179803"
"exdqlm_univar_synth","draw_042",646,"2023-01-06","forecast","1.75332992887091"
"exdqlm_univar_synth","draw_042",646,"2023-01-07","forecast","1.31420951498361"
"exdqlm_univar_synth","draw_042",646,"2023-01-08","forecast","1.70853056645924"
"exdqlm_univar_synth","draw_042",646,"2023-01-09","forecast","2.17968651375076"
"exdqlm_univar_synth","draw_042",646,"2023-01-10","forecast","1.35649703251479"
"exdqlm_univar_synth","draw_042",646,"2023-01-11","forecast","1.21410844011102"
"exdqlm_univar_synth","draw_042",646,"2023-01-12","forecast","2.28868185227468"
"exdqlm_univar_synth","draw_042",646,"2023-01-13","forecast","1.66003265091527"
"exdqlm_univar_synth","draw_042",646,"2023-01-14","forecast","2.04516733822240"
"exdqlm_univar_synth","draw_042",646,"2023-01-15","forecast","1.68950085292552"
"exdqlm_univar_synth","draw_042",646,"2023-01-16","forecast","2.29318982369233"
"exdqlm_univar_synth","draw_042",646,"2023-01-17","forecast","1.53992965377456"
"exdqlm_univar_synth","draw_042",646,"2023-01-18","forecast","1.14936708227684"
"exdqlm_univar_synth","draw_042",646,"2023-01-19","forecast","1.12667999550011"
"exdqlm_univar_synth","draw_042",646,"2023-01-20","forecast","0.666253718494012"
"exdqlm_univar_synth","draw_042",646,"2023-01-21","forecast","0.847187346277481"
"exdqlm_univar_synth","draw_042",646,"2023-01-22","forecast","0.454005051271604"
"exdqlm_univar_synth","draw_043",662,"2022-12-26","forecast","0.814838875033813"
"exdqlm_univar_synth","draw_043",662,"2022-12-27","forecast","2.39469610039870"
"exdqlm_univar_synth","draw_043",662,"2022-12-28","forecast","2.33099538404080"
"exdqlm_univar_synth","draw_043",662,"2022-12-29","forecast","1.82744315935573"
"exdqlm_univar_synth","draw_043",662,"2022-12-30","forecast","2.07327324280099"
"exdqlm_univar_synth","draw_043",662,"2022-12-31","forecast","3.08287239381926"
"exdqlm_univar_synth","draw_043",662,"2023-01-01","forecast","3.36986104881227"
"exdqlm_univar_synth","draw_043",662,"2023-01-02","forecast","2.01159522139606"
"exdqlm_univar_synth","draw_043",662,"2023-01-03","forecast","2.02724458568433"
"exdqlm_univar_synth","draw_043",662,"2023-01-04","forecast","1.57548140746435"
"exdqlm_univar_synth","draw_043",662,"2023-01-05","forecast","2.14900979333417"
"exdqlm_univar_synth","draw_043",662,"2023-01-06","forecast","1.70493183046760"
"exdqlm_univar_synth","draw_043",662,"2023-01-07","forecast","1.29223656164036"
"exdqlm_univar_synth","draw_043",662,"2023-01-08","forecast","1.72291587589452"
"exdqlm_univar_synth","draw_043",662,"2023-01-09","forecast","1.59088752822080"
"exdqlm_univar_synth","draw_043",662,"2023-01-10","forecast","1.99802493149195"
"exdqlm_univar_synth","draw_043",662,"2023-01-11","forecast","1.58874075901562"
"exdqlm_univar_synth","draw_043",662,"2023-01-12","forecast","2.28827492854907"
"exdqlm_univar_synth","draw_043",662,"2023-01-13","forecast","1.65874536100215"
"exdqlm_univar_synth","draw_043",662,"2023-01-14","forecast","2.03447323477353"
"exdqlm_univar_synth","draw_043",662,"2023-01-15","forecast","2.09129416308146"
"exdqlm_univar_synth","draw_043",662,"2023-01-16","forecast","1.96842658244176"
"exdqlm_univar_synth","draw_043",662,"2023-01-17","forecast","1.23846070752800"
"exdqlm_univar_synth","draw_043",662,"2023-01-18","forecast","1.15142354167503"
"exdqlm_univar_synth","draw_043",662,"2023-01-19","forecast","0.835307786840064"
"exdqlm_univar_synth","draw_043",662,"2023-01-20","forecast","0.808062769144164"
"exdqlm_univar_synth","draw_043",662,"2023-01-21","forecast","0.832559027535073"
"exdqlm_univar_synth","draw_043",662,"2023-01-22","forecast","0.828505725432867"
"exdqlm_univar_synth","draw_044",678,"2022-12-26","forecast","1.11172876383225"
"exdqlm_univar_synth","draw_044",678,"2022-12-27","forecast","2.85749336164409"
"exdqlm_univar_synth","draw_044",678,"2022-12-28","forecast","2.88522060786079"
"exdqlm_univar_synth","draw_044",678,"2022-12-29","forecast","1.48307454955171"
"exdqlm_univar_synth","draw_044",678,"2022-12-30","forecast","1.89306860023209"
"exdqlm_univar_synth","draw_044",678,"2022-12-31","forecast","2.84839327286170"
"exdqlm_univar_synth","draw_044",678,"2023-01-01","forecast","2.78722711988847"
"exdqlm_univar_synth","draw_044",678,"2023-01-02","forecast","1.63738372678415"
"exdqlm_univar_synth","draw_044",678,"2023-01-03","forecast","1.82457910090149"
"exdqlm_univar_synth","draw_044",678,"2023-01-04","forecast","1.44481782391859"
"exdqlm_univar_synth","draw_044",678,"2023-01-05","forecast","2.03446828387953"
"exdqlm_univar_synth","draw_044",678,"2023-01-06","forecast","1.77901241008816"
"exdqlm_univar_synth","draw_044",678,"2023-01-07","forecast","1.36269960221953"
"exdqlm_univar_synth","draw_044",678,"2023-01-08","forecast","1.78160009863863"
"exdqlm_univar_synth","draw_044",678,"2023-01-09","forecast","2.18992127605948"
"exdqlm_univar_synth","draw_044",678,"2023-01-10","forecast","1.25954594967399"
"exdqlm_univar_synth","draw_044",678,"2023-01-11","forecast","1.38534408559603"
"exdqlm_univar_synth","draw_044",678,"2023-01-12","forecast","2.38780586089400"
"exdqlm_univar_synth","draw_044",678,"2023-01-13","forecast","1.65944383038923"
"exdqlm_univar_synth","draw_044",678,"2023-01-14","forecast","1.78994397906748"
"exdqlm_univar_synth","draw_044",678,"2023-01-15","forecast","1.40917905228175"
"exdqlm_univar_synth","draw_044",678,"2023-01-16","forecast","2.19769868325966"
"exdqlm_univar_synth","draw_044",678,"2023-01-17","forecast","1.45929802124116"
"exdqlm_univar_synth","draw_044",678,"2023-01-18","forecast","1.15099919842463"
"exdqlm_univar_synth","draw_044",678,"2023-01-19","forecast","0.951984495449452"
"exdqlm_univar_synth","draw_044",678,"2023-01-20","forecast","0.819114368041972"
"exdqlm_univar_synth","draw_044",678,"2023-01-21","forecast","0.846096853869661"
"exdqlm_univar_synth","draw_044",678,"2023-01-22","forecast","0.560909895669082"
"exdqlm_univar_synth","draw_045",694,"2022-12-26","forecast","0.812833147762893"
"exdqlm_univar_synth","draw_045",694,"2022-12-27","forecast","2.29089198815748"
"exdqlm_univar_synth","draw_045",694,"2022-12-28","forecast","1.80212388696153"
"exdqlm_univar_synth","draw_045",694,"2022-12-29","forecast","1.82060266174701"
"exdqlm_univar_synth","draw_045",694,"2022-12-30","forecast","1.46426692034105"
"exdqlm_univar_synth","draw_045",694,"2022-12-31","forecast","2.15364076279666"
"exdqlm_univar_synth","draw_045",694,"2023-01-01","forecast","3.46008498730683"
"exdqlm_univar_synth","draw_045",694,"2023-01-02","forecast","1.72240436935357"
"exdqlm_univar_synth","draw_045",694,"2023-01-03","forecast","2.43753693549534"
"exdqlm_univar_synth","draw_045",694,"2023-01-04","forecast","1.44604956866469"
"exdqlm_univar_synth","draw_045",694,"2023-01-05","forecast","1.66724005053735"
"exdqlm_univar_synth","draw_045",694,"2023-01-06","forecast","1.70604952246210"
"exdqlm_univar_synth","draw_045",694,"2023-01-07","forecast","1.26842306084325"
"exdqlm_univar_synth","draw_045",694,"2023-01-08","forecast","1.85664409177412"
"exdqlm_univar_synth","draw_045",694,"2023-01-09","forecast","1.45988292135253"
"exdqlm_univar_synth","draw_045",694,"2023-01-10","forecast","2.03053198309880"
"exdqlm_univar_synth","draw_045",694,"2023-01-11","forecast","1.62108372481579"
"exdqlm_univar_synth","draw_045",694,"2023-01-12","forecast","2.29777412802907"
"exdqlm_univar_synth","draw_045",694,"2023-01-13","forecast","1.60510958570625"
"exdqlm_univar_synth","draw_045",694,"2023-01-14","forecast","1.73366125511191"
"exdqlm_univar_synth","draw_045",694,"2023-01-15","forecast","2.10940530815732"
"exdqlm_univar_synth","draw_045",694,"2023-01-16","forecast","1.49616802465404"
"exdqlm_univar_synth","draw_045",694,"2023-01-17","forecast","1.49025371672343"
"exdqlm_univar_synth","draw_045",694,"2023-01-18","forecast","1.14208576171459"
"exdqlm_univar_synth","draw_045",694,"2023-01-19","forecast","0.956191187481827"
"exdqlm_univar_synth","draw_045",694,"2023-01-20","forecast","0.817525921317345"
"exdqlm_univar_synth","draw_045",694,"2023-01-21","forecast","0.844757930710600"
"exdqlm_univar_synth","draw_045",694,"2023-01-22","forecast","0.829619103994856"
"exdqlm_univar_synth","draw_046",709,"2022-12-26","forecast","0.891282205807256"
"exdqlm_univar_synth","draw_046",709,"2022-12-27","forecast","2.47889978081937"
"exdqlm_univar_synth","draw_046",709,"2022-12-28","forecast","2.07920198729400"
"exdqlm_univar_synth","draw_046",709,"2022-12-29","forecast","1.35147764719619"
"exdqlm_univar_synth","draw_046",709,"2022-12-30","forecast","2.04051668210311"
"exdqlm_univar_synth","draw_046",709,"2022-12-31","forecast","2.42454761283069"
"exdqlm_univar_synth","draw_046",709,"2023-01-01","forecast","3.42110419914518"
"exdqlm_univar_synth","draw_046",709,"2023-01-02","forecast","2.06384698975166"
"exdqlm_univar_synth","draw_046",709,"2023-01-03","forecast","2.20337440977018"
"exdqlm_univar_synth","draw_046",709,"2023-01-04","forecast","1.12415130903912"
"exdqlm_univar_synth","draw_046",709,"2023-01-05","forecast","2.03532643514020"
"exdqlm_univar_synth","draw_046",709,"2023-01-06","forecast","1.76407992282644"
"exdqlm_univar_synth","draw_046",709,"2023-01-07","forecast","1.39962300568175"
"exdqlm_univar_synth","draw_046",709,"2023-01-08","forecast","1.87681213696263"
"exdqlm_univar_synth","draw_046",709,"2023-01-09","forecast","2.21249602630042"
"exdqlm_univar_synth","draw_046",709,"2023-01-10","forecast","2.04574078206782"
"exdqlm_univar_synth","draw_046",709,"2023-01-11","forecast","1.74039555569427"
"exdqlm_univar_synth","draw_046",709,"2023-01-12","forecast","2.28898888062066"
"exdqlm_univar_synth","draw_046",709,"2023-01-13","forecast","1.41323600207583"
"exdqlm_univar_synth","draw_046",709,"2023-01-14","forecast","2.04514859996208"
"exdqlm_univar_synth","draw_046",709,"2023-01-15","forecast","1.95742138393726"
"exdqlm_univar_synth","draw_046",709,"2023-01-16","forecast","2.32012207322157"
"exdqlm_univar_synth","draw_046",709,"2023-01-17","forecast","1.51382367269385"
"exdqlm_univar_synth","draw_046",709,"2023-01-18","forecast","1.14930757989137"
"exdqlm_univar_synth","draw_046",709,"2023-01-19","forecast","0.422895922520036"
"exdqlm_univar_synth","draw_046",709,"2023-01-20","forecast","0.619896603378302"
"exdqlm_univar_synth","draw_046",709,"2023-01-21","forecast","0.820954981478307"
"exdqlm_univar_synth","draw_046",709,"2023-01-22","forecast","0.596403026927703"
"exdqlm_univar_synth","draw_047",725,"2022-12-26","forecast","1.04895743736719"
"exdqlm_univar_synth","draw_047",725,"2022-12-27","forecast","3.79435095819903"
"exdqlm_univar_synth","draw_047",725,"2022-12-28","forecast","2.47166904995825"
"exdqlm_univar_synth","draw_047",725,"2022-12-29","forecast","1.86464750193627"
"exdqlm_univar_synth","draw_047",725,"2022-12-30","forecast","2.02569081020158"
"exdqlm_univar_synth","draw_047",725,"2022-12-31","forecast","2.88249532042061"
"exdqlm_univar_synth","draw_047",725,"2023-01-01","forecast","3.37310427371522"
"exdqlm_univar_synth","draw_047",725,"2023-01-02","forecast","2.01238294615010"
"exdqlm_univar_synth","draw_047",725,"2023-01-03","forecast","2.12660462760503"
"exdqlm_univar_synth","draw_047",725,"2023-01-04","forecast","1.44633257345933"
"exdqlm_univar_synth","draw_047",725,"2023-01-05","forecast","2.19393855897025"
"exdqlm_univar_synth","draw_047",725,"2023-01-06","forecast","1.70561252327032"
"exdqlm_univar_synth","draw_047",725,"2023-01-07","forecast","1.19528763674824"
"exdqlm_univar_synth","draw_047",725,"2023-01-08","forecast","1.81834571606153"
"exdqlm_univar_synth","draw_047",725,"2023-01-09","forecast","2.21535380273944"
"exdqlm_univar_synth","draw_047",725,"2023-01-10","forecast","2.02811926396989"
"exdqlm_univar_synth","draw_047",725,"2023-01-11","forecast","1.58476252210903"
"exdqlm_univar_synth","draw_047",725,"2023-01-12","forecast","2.28829171585105"
"exdqlm_univar_synth","draw_047",725,"2023-01-13","forecast","1.65684844514799"
"exdqlm_univar_synth","draw_047",725,"2023-01-14","forecast","1.34624396413633"
"exdqlm_univar_synth","draw_047",725,"2023-01-15","forecast","1.96002502835776"
"exdqlm_univar_synth","draw_047",725,"2023-01-16","forecast","2.18248286688552"
"exdqlm_univar_synth","draw_047",725,"2023-01-17","forecast","1.63453173514349"
"exdqlm_univar_synth","draw_047",725,"2023-01-18","forecast","1.15138755656482"
"exdqlm_univar_synth","draw_047",725,"2023-01-19","forecast","0.599009415476007"
"exdqlm_univar_synth","draw_047",725,"2023-01-20","forecast","0.818484797981384"
"exdqlm_univar_synth","draw_047",725,"2023-01-21","forecast","0.552678184829362"
"exdqlm_univar_synth","draw_047",725,"2023-01-22","forecast","0.823023121968590"
"exdqlm_univar_synth","draw_048",741,"2022-12-26","forecast","1.03530589538205"
"exdqlm_univar_synth","draw_048",741,"2022-12-27","forecast","3.09298712103669"
"exdqlm_univar_synth","draw_048",741,"2022-12-28","forecast","2.74249896595074"
"exdqlm_univar_synth","draw_048",741,"2022-12-29","forecast","1.66576051709675"
"exdqlm_univar_synth","draw_048",741,"2022-12-30","forecast","1.69902899524825"
"exdqlm_univar_synth","draw_048",741,"2022-12-31","forecast","2.91931184817747"
"exdqlm_univar_synth","draw_048",741,"2023-01-01","forecast","3.46789542748206"
"exdqlm_univar_synth","draw_048",741,"2023-01-02","forecast","1.93909550226854"
"exdqlm_univar_synth","draw_048",741,"2023-01-03","forecast","1.98219080201578"
"exdqlm_univar_synth","draw_048",741,"2023-01-04","forecast","1.44735881878086"
"exdqlm_univar_synth","draw_048",741,"2023-01-05","forecast","1.70936834495535"
"exdqlm_univar_synth","draw_048",741,"2023-01-06","forecast","1.75010719825444"
"exdqlm_univar_synth","draw_048",741,"2023-01-07","forecast","1.22394224318264"
"exdqlm_univar_synth","draw_048",741,"2023-01-08","forecast","1.78834943623804"
"exdqlm_univar_synth","draw_048",741,"2023-01-09","forecast","2.18995660952577"
"exdqlm_univar_synth","draw_048",741,"2023-01-10","forecast","2.03334868426421"
"exdqlm_univar_synth","draw_048",741,"2023-01-11","forecast","1.71184583447780"
"exdqlm_univar_synth","draw_048",741,"2023-01-12","forecast","1.65002080918477"
"exdqlm_univar_synth","draw_048",741,"2023-01-13","forecast","1.03519569530689"
"exdqlm_univar_synth","draw_048",741,"2023-01-14","forecast","1.97332169182462"
"exdqlm_univar_synth","draw_048",741,"2023-01-15","forecast","1.34343400514561"
"exdqlm_univar_synth","draw_048",741,"2023-01-16","forecast","2.29565047069084"
"exdqlm_univar_synth","draw_048",741,"2023-01-17","forecast","1.47134894295906"
"exdqlm_univar_synth","draw_048",741,"2023-01-18","forecast","0.954752012472194"
"exdqlm_univar_synth","draw_048",741,"2023-01-19","forecast","0.938922784450030"
"exdqlm_univar_synth","draw_048",741,"2023-01-20","forecast","0.817084378762654"
"exdqlm_univar_synth","draw_048",741,"2023-01-21","forecast","0.382910259741151"
"exdqlm_univar_synth","draw_048",741,"2023-01-22","forecast","0.828947286858096"
"exdqlm_univar_synth","draw_049",757,"2022-12-26","forecast","0.775963595944292"
"exdqlm_univar_synth","draw_049",757,"2022-12-27","forecast","2.46814077832417"
"exdqlm_univar_synth","draw_049",757,"2022-12-28","forecast","2.00838556671750"
"exdqlm_univar_synth","draw_049",757,"2022-12-29","forecast","1.61890820659030"
"exdqlm_univar_synth","draw_049",757,"2022-12-30","forecast","2.06690875660663"
"exdqlm_univar_synth","draw_049",757,"2022-12-31","forecast","2.71666885356196"
"exdqlm_univar_synth","draw_049",757,"2023-01-01","forecast","2.84396442300302"
"exdqlm_univar_synth","draw_049",757,"2023-01-02","forecast","2.02439407670005"
"exdqlm_univar_synth","draw_049",757,"2023-01-03","forecast","1.58005309680935"
"exdqlm_univar_synth","draw_049",757,"2023-01-04","forecast","0.898144407350835"
"exdqlm_univar_synth","draw_049",757,"2023-01-05","forecast","1.85236215527399"
"exdqlm_univar_synth","draw_049",757,"2023-01-06","forecast","1.18968294018525"
"exdqlm_univar_synth","draw_049",757,"2023-01-07","forecast","0.823865047493233"
"exdqlm_univar_synth","draw_049",757,"2023-01-08","forecast","1.26595383232727"
"exdqlm_univar_synth","draw_049",757,"2023-01-09","forecast","1.37021322510753"
"exdqlm_univar_synth","draw_049",757,"2023-01-10","forecast","2.02877071204777"
"exdqlm_univar_synth","draw_049",757,"2023-01-11","forecast","1.58394126688215"
"exdqlm_univar_synth","draw_049",757,"2023-01-12","forecast","2.28021492179187"
"exdqlm_univar_synth","draw_049",757,"2023-01-13","forecast","1.65960436592557"
"exdqlm_univar_synth","draw_049",757,"2023-01-14","forecast","2.04099839341521"
"exdqlm_univar_synth","draw_049",757,"2023-01-15","forecast","1.34203887784976"
"exdqlm_univar_synth","draw_049",757,"2023-01-16","forecast","2.29163240361268"
"exdqlm_univar_synth","draw_049",757,"2023-01-17","forecast","0.865258928195167"
"exdqlm_univar_synth","draw_049",757,"2023-01-18","forecast","0.868561877690285"
"exdqlm_univar_synth","draw_049",757,"2023-01-19","forecast","0.642478599581202"
"exdqlm_univar_synth","draw_049",757,"2023-01-20","forecast","0.818935626044425"
"exdqlm_univar_synth","draw_049",757,"2023-01-21","forecast","0.588694882586510"
"exdqlm_univar_synth","draw_049",757,"2023-01-22","forecast","0.827883111174987"
"exdqlm_univar_synth","draw_050",772,"2022-12-26","forecast","0.757881530759817"
"exdqlm_univar_synth","draw_050",772,"2022-12-27","forecast","3.13726165423100"
"exdqlm_univar_synth","draw_050",772,"2022-12-28","forecast","2.25653945522644"
"exdqlm_univar_synth","draw_050",772,"2022-12-29","forecast","1.78894468589069"
"exdqlm_univar_synth","draw_050",772,"2022-12-30","forecast","1.88318614842963"
"exdqlm_univar_synth","draw_050",772,"2022-12-31","forecast","2.95070180237890"
"exdqlm_univar_synth","draw_050",772,"2023-01-01","forecast","2.66989298553784"
"exdqlm_univar_synth","draw_050",772,"2023-01-02","forecast","2.02612300256503"
"exdqlm_univar_synth","draw_050",772,"2023-01-03","forecast","2.03967358824192"
"exdqlm_univar_synth","draw_050",772,"2023-01-04","forecast","1.58445992468953"
"exdqlm_univar_synth","draw_050",772,"2023-01-05","forecast","2.34540388405936"
"exdqlm_univar_synth","draw_050",772,"2023-01-06","forecast","1.70449216796394"
"exdqlm_univar_synth","draw_050",772,"2023-01-07","forecast","1.30787000289584"
"exdqlm_univar_synth","draw_050",772,"2023-01-08","forecast","2.14014233793453"
"exdqlm_univar_synth","draw_050",772,"2023-01-09","forecast","2.19075075327635"
"exdqlm_univar_synth","draw_050",772,"2023-01-10","forecast","2.28924200275205"
"exdqlm_univar_synth","draw_050",772,"2023-01-11","forecast","1.58463869814312"
"exdqlm_univar_synth","draw_050",772,"2023-01-12","forecast","2.36212612932179"
"exdqlm_univar_synth","draw_050",772,"2023-01-13","forecast","1.63652237964743"
"exdqlm_univar_synth","draw_050",772,"2023-01-14","forecast","2.13501439911377"
"exdqlm_univar_synth","draw_050",772,"2023-01-15","forecast","1.78499878992818"
"exdqlm_univar_synth","draw_050",772,"2023-01-16","forecast","2.30280971108244"
"exdqlm_univar_synth","draw_050",772,"2023-01-17","forecast","1.54013615860896"
"exdqlm_univar_synth","draw_050",772,"2023-01-18","forecast","1.13727799653287"
"exdqlm_univar_synth","draw_050",772,"2023-01-19","forecast","0.954716648372573"
"exdqlm_univar_synth","draw_050",772,"2023-01-20","forecast","0.750836787600165"
"exdqlm_univar_synth","draw_050",772,"2023-01-21","forecast","0.867273397861640"
"exdqlm_univar_synth","draw_050",772,"2023-01-22","forecast","0.829053852810282"
"exdqlm_univar_synth","draw_051",788,"2022-12-26","forecast","0.934072241230714"
"exdqlm_univar_synth","draw_051",788,"2022-12-27","forecast","2.20260009679324"
"exdqlm_univar_synth","draw_051",788,"2022-12-28","forecast","1.74560703370913"
"exdqlm_univar_synth","draw_051",788,"2022-12-29","forecast","1.89960162372084"
"exdqlm_univar_synth","draw_051",788,"2022-12-30","forecast","2.06707693973301"
"exdqlm_univar_synth","draw_051",788,"2022-12-31","forecast","3.20866574322769"
"exdqlm_univar_synth","draw_051",788,"2023-01-01","forecast","3.61030528893125"
"exdqlm_univar_synth","draw_051",788,"2023-01-02","forecast","1.97341647683191"
"exdqlm_univar_synth","draw_051",788,"2023-01-03","forecast","2.31073642668921"
"exdqlm_univar_synth","draw_051",788,"2023-01-04","forecast","1.41215904729862"
"exdqlm_univar_synth","draw_051",788,"2023-01-05","forecast","2.25938517401065"
"exdqlm_univar_synth","draw_051",788,"2023-01-06","forecast","1.49965209846138"
"exdqlm_univar_synth","draw_051",788,"2023-01-07","forecast","1.31303594263686"
"exdqlm_univar_synth","draw_051",788,"2023-01-08","forecast","1.62746210077628"
"exdqlm_univar_synth","draw_051",788,"2023-01-09","forecast","2.18469528974307"
"exdqlm_univar_synth","draw_051",788,"2023-01-10","forecast","1.83519526757839"
"exdqlm_univar_synth","draw_051",788,"2023-01-11","forecast","1.58792065523309"
"exdqlm_univar_synth","draw_051",788,"2023-01-12","forecast","2.28052610993685"
"exdqlm_univar_synth","draw_051",788,"2023-01-13","forecast","1.09249347942051"
"exdqlm_univar_synth","draw_051",788,"2023-01-14","forecast","2.03522163449308"
"exdqlm_univar_synth","draw_051",788,"2023-01-15","forecast","1.60766136785479"
"exdqlm_univar_synth","draw_051",788,"2023-01-16","forecast","2.22357514085123"
"exdqlm_univar_synth","draw_051",788,"2023-01-17","forecast","1.62279400274720"
"exdqlm_univar_synth","draw_051",788,"2023-01-18","forecast","1.15140478435621"
"exdqlm_univar_synth","draw_051",788,"2023-01-19","forecast","0.793806220568370"
"exdqlm_univar_synth","draw_051",788,"2023-01-20","forecast","0.820536156593081"
"exdqlm_univar_synth","draw_051",788,"2023-01-21","forecast","0.840557959835821"
"exdqlm_univar_synth","draw_051",788,"2023-01-22","forecast","0.836212444604816"
"exdqlm_univar_synth","draw_052",804,"2022-12-26","forecast","0.945138254355853"
"exdqlm_univar_synth","draw_052",804,"2022-12-27","forecast","2.25569221493149"
"exdqlm_univar_synth","draw_052",804,"2022-12-28","forecast","1.86459711986978"
"exdqlm_univar_synth","draw_052",804,"2022-12-29","forecast","1.74588268055593"
"exdqlm_univar_synth","draw_052",804,"2022-12-30","forecast","1.64661512212116"
"exdqlm_univar_synth","draw_052",804,"2022-12-31","forecast","2.70524040764995"
"exdqlm_univar_synth","draw_052",804,"2023-01-01","forecast","3.14777586612402"
"exdqlm_univar_synth","draw_052",804,"2023-01-02","forecast","1.31350456765260"
"exdqlm_univar_synth","draw_052",804,"2023-01-03","forecast","1.33804358310446"
"exdqlm_univar_synth","draw_052",804,"2023-01-04","forecast","1.44462871398058"
"exdqlm_univar_synth","draw_052",804,"2023-01-05","forecast","1.69968653706661"
"exdqlm_univar_synth","draw_052",804,"2023-01-06","forecast","1.70494568934589"
"exdqlm_univar_synth","draw_052",804,"2023-01-07","forecast","1.31462519301983"
"exdqlm_univar_synth","draw_052",804,"2023-01-08","forecast","2.04705837772603"
"exdqlm_univar_synth","draw_052",804,"2023-01-09","forecast","2.16206358232540"
"exdqlm_univar_synth","draw_052",804,"2023-01-10","forecast","1.89533910886538"
"exdqlm_univar_synth","draw_052",804,"2023-01-11","forecast","1.02781027813014"
"exdqlm_univar_synth","draw_052",804,"2023-01-12","forecast","2.19204610197871"
"exdqlm_univar_synth","draw_052",804,"2023-01-13","forecast","1.65835025646772"
"exdqlm_univar_synth","draw_052",804,"2023-01-14","forecast","2.03714502897443"
"exdqlm_univar_synth","draw_052",804,"2023-01-15","forecast","1.45981594690073"
"exdqlm_univar_synth","draw_052",804,"2023-01-16","forecast","2.37511197349815"
"exdqlm_univar_synth","draw_052",804,"2023-01-17","forecast","1.32497635129246"
"exdqlm_univar_synth","draw_052",804,"2023-01-18","forecast","1.17373363475030"
"exdqlm_univar_synth","draw_052",804,"2023-01-19","forecast","0.952784709425597"
"exdqlm_univar_synth","draw_052",804,"2023-01-20","forecast","0.942076862015258"
"exdqlm_univar_synth","draw_052",804,"2023-01-21","forecast","0.769208776387978"
"exdqlm_univar_synth","draw_052",804,"2023-01-22","forecast","0.835030371504355"
"exdqlm_univar_synth","draw_053",819,"2022-12-26","forecast","0.956954342058824"
"exdqlm_univar_synth","draw_053",819,"2022-12-27","forecast","3.19808158686986"
"exdqlm_univar_synth","draw_053",819,"2022-12-28","forecast","2.71911219687198"
"exdqlm_univar_synth","draw_053",819,"2022-12-29","forecast","1.82501144222321"
"exdqlm_univar_synth","draw_053",819,"2022-12-30","forecast","2.17551587568671"
"exdqlm_univar_synth","draw_053",819,"2022-12-31","forecast","3.18164069041441"
"exdqlm_univar_synth","draw_053",819,"2023-01-01","forecast","3.10934539103139"
"exdqlm_univar_synth","draw_053",819,"2023-01-02","forecast","2.02460371975625"
"exdqlm_univar_synth","draw_053",819,"2023-01-03","forecast","2.43245259064935"
"exdqlm_univar_synth","draw_053",819,"2023-01-04","forecast","1.18878911677816"
"exdqlm_univar_synth","draw_053",819,"2023-01-05","forecast","1.91308561835313"
"exdqlm_univar_synth","draw_053",819,"2023-01-06","forecast","1.61942910455096"
"exdqlm_univar_synth","draw_053",819,"2023-01-07","forecast","0.816201731424914"
"exdqlm_univar_synth","draw_053",819,"2023-01-08","forecast","1.77818072617759"
"exdqlm_univar_synth","draw_053",819,"2023-01-09","forecast","2.23848706373896"
"exdqlm_univar_synth","draw_053",819,"2023-01-10","forecast","1.71363494624344"
"exdqlm_univar_synth","draw_053",819,"2023-01-11","forecast","1.53178285464051"
"exdqlm_univar_synth","draw_053",819,"2023-01-12","forecast","2.03867233697755"
"exdqlm_univar_synth","draw_053",819,"2023-01-13","forecast","1.31200319725892"
"exdqlm_univar_synth","draw_053",819,"2023-01-14","forecast","1.76052001603851"
"exdqlm_univar_synth","draw_053",819,"2023-01-15","forecast","1.54011976227079"
"exdqlm_univar_synth","draw_053",819,"2023-01-16","forecast","1.58461230613356"
"exdqlm_univar_synth","draw_053",819,"2023-01-17","forecast","1.50227994753938"
"exdqlm_univar_synth","draw_053",819,"2023-01-18","forecast","1.15079174442761"
"exdqlm_univar_synth","draw_053",819,"2023-01-19","forecast","0.954078858661663"
"exdqlm_univar_synth","draw_053",819,"2023-01-20","forecast","0.808873868091219"
"exdqlm_univar_synth","draw_053",819,"2023-01-21","forecast","0.844751858346666"
"exdqlm_univar_synth","draw_053",819,"2023-01-22","forecast","0.825770833755784"
"exdqlm_univar_synth","draw_054",835,"2022-12-26","forecast","1.11197722187275"
"exdqlm_univar_synth","draw_054",835,"2022-12-27","forecast","3.29796624974010"
"exdqlm_univar_synth","draw_054",835,"2022-12-28","forecast","2.63858153982878"
"exdqlm_univar_synth","draw_054",835,"2022-12-29","forecast","2.12389346071908"
"exdqlm_univar_synth","draw_054",835,"2022-12-30","forecast","2.18050123214380"
"exdqlm_univar_synth","draw_054",835,"2022-12-31","forecast","3.52208568921610"
"exdqlm_univar_synth","draw_054",835,"2023-01-01","forecast","3.37252083346569"
"exdqlm_univar_synth","draw_054",835,"2023-01-02","forecast","2.02450489283610"
"exdqlm_univar_synth","draw_054",835,"2023-01-03","forecast","1.84071435336039"
"exdqlm_univar_synth","draw_054",835,"2023-01-04","forecast","1.03237405668345"
"exdqlm_univar_synth","draw_054",835,"2023-01-05","forecast","2.03397520907241"
"exdqlm_univar_synth","draw_054",835,"2023-01-06","forecast","1.70587902288679"
"exdqlm_univar_synth","draw_054",835,"2023-01-07","forecast","0.941978791684108"
"exdqlm_univar_synth","draw_054",835,"2023-01-08","forecast","1.49492783385310"
"exdqlm_univar_synth","draw_054",835,"2023-01-09","forecast","2.18970389686847"
"exdqlm_univar_synth","draw_054",835,"2023-01-10","forecast","1.70864554448878"
"exdqlm_univar_synth","draw_054",835,"2023-01-11","forecast","1.62761551843210"
"exdqlm_univar_synth","draw_054",835,"2023-01-12","forecast","2.11902053578568"
"exdqlm_univar_synth","draw_054",835,"2023-01-13","forecast","1.09216406113777"
"exdqlm_univar_synth","draw_054",835,"2023-01-14","forecast","1.99185082199974"
"exdqlm_univar_synth","draw_054",835,"2023-01-15","forecast","1.95954454577254"
"exdqlm_univar_synth","draw_054",835,"2023-01-16","forecast","2.29112196674287"
"exdqlm_univar_synth","draw_054",835,"2023-01-17","forecast","1.51207308979199"
"exdqlm_univar_synth","draw_054",835,"2023-01-18","forecast","1.15035523965313"
"exdqlm_univar_synth","draw_054",835,"2023-01-19","forecast","0.955924525661837"
"exdqlm_univar_synth","draw_054",835,"2023-01-20","forecast","0.815656778519828"
"exdqlm_univar_synth","draw_054",835,"2023-01-21","forecast","0.837624162648054"
"exdqlm_univar_synth","draw_054",835,"2023-01-22","forecast","0.830717096590408"
"exdqlm_univar_synth","draw_055",851,"2022-12-26","forecast","0.874756880639704"
"exdqlm_univar_synth","draw_055",851,"2022-12-27","forecast","2.41030327639708"
"exdqlm_univar_synth","draw_055",851,"2022-12-28","forecast","2.36097554419863"
"exdqlm_univar_synth","draw_055",851,"2022-12-29","forecast","1.77859701558010"
"exdqlm_univar_synth","draw_055",851,"2022-12-30","forecast","2.40299310337984"
"exdqlm_univar_synth","draw_055",851,"2022-12-31","forecast","3.00753262078029"
"exdqlm_univar_synth","draw_055",851,"2023-01-01","forecast","2.27689984953435"
"exdqlm_univar_synth","draw_055",851,"2023-01-02","forecast","2.03548943324050"
"exdqlm_univar_synth","draw_055",851,"2023-01-03","forecast","2.45531898583841"
"exdqlm_univar_synth","draw_055",851,"2023-01-04","forecast","1.43807436891260"
"exdqlm_univar_synth","draw_055",851,"2023-01-05","forecast","2.11621396352522"
"exdqlm_univar_synth","draw_055",851,"2023-01-06","forecast","1.79463494909543"
"exdqlm_univar_synth","draw_055",851,"2023-01-07","forecast","1.27069629559433"
"exdqlm_univar_synth","draw_055",851,"2023-01-08","forecast","1.12091760534039"
"exdqlm_univar_synth","draw_055",851,"2023-01-09","forecast","2.31531873783964"
"exdqlm_univar_synth","draw_055",851,"2023-01-10","forecast","1.96965776431190"
"exdqlm_univar_synth","draw_055",851,"2023-01-11","forecast","1.50786086753081"
"exdqlm_univar_synth","draw_055",851,"2023-01-12","forecast","2.04265329809058"
"exdqlm_univar_synth","draw_055",851,"2023-01-13","forecast","1.66381699968314"
"exdqlm_univar_synth","draw_055",851,"2023-01-14","forecast","1.71350708966388"
"exdqlm_univar_synth","draw_055",851,"2023-01-15","forecast","1.95692275183418"
"exdqlm_univar_synth","draw_055",851,"2023-01-16","forecast","2.27335701134124"
"exdqlm_univar_synth","draw_055",851,"2023-01-17","forecast","1.52879558214184"
"exdqlm_univar_synth","draw_055",851,"2023-01-18","forecast","1.13639367690039"
"exdqlm_univar_synth","draw_055",851,"2023-01-19","forecast","0.755649772143368"
"exdqlm_univar_synth","draw_055",851,"2023-01-20","forecast","0.369917534835645"
"exdqlm_univar_synth","draw_055",851,"2023-01-21","forecast","0.796149516212511"
"exdqlm_univar_synth","draw_055",851,"2023-01-22","forecast","0.706251469975206"
"exdqlm_univar_synth","draw_056",867,"2022-12-26","forecast","0.902071377623157"
"exdqlm_univar_synth","draw_056",867,"2022-12-27","forecast","3.65349061104826"
"exdqlm_univar_synth","draw_056",867,"2022-12-28","forecast","2.43203831204872"
"exdqlm_univar_synth","draw_056",867,"2022-12-29","forecast","1.59190057453212"
"exdqlm_univar_synth","draw_056",867,"2022-12-30","forecast","2.18939917631217"
"exdqlm_univar_synth","draw_056",867,"2022-12-31","forecast","2.24648546992888"
"exdqlm_univar_synth","draw_056",867,"2023-01-01","forecast","2.68349094380611"
"exdqlm_univar_synth","draw_056",867,"2023-01-02","forecast","1.85296424310778"
"exdqlm_univar_synth","draw_056",867,"2023-01-03","forecast","1.59472347721945"
"exdqlm_univar_synth","draw_056",867,"2023-01-04","forecast","1.39571471486094"
"exdqlm_univar_synth","draw_056",867,"2023-01-05","forecast","1.60423589565220"
"exdqlm_univar_synth","draw_056",867,"2023-01-06","forecast","1.70613373738876"
"exdqlm_univar_synth","draw_056",867,"2023-01-07","forecast","1.31536658329144"
"exdqlm_univar_synth","draw_056",867,"2023-01-08","forecast","1.62930026074491"
"exdqlm_univar_synth","draw_056",867,"2023-01-09","forecast","1.76617840798428"
"exdqlm_univar_synth","draw_056",867,"2023-01-10","forecast","2.10458754474664"
"exdqlm_univar_synth","draw_056",867,"2023-01-11","forecast","1.63355770298102"
"exdqlm_univar_synth","draw_056",867,"2023-01-12","forecast","2.45066299335910"
"exdqlm_univar_synth","draw_056",867,"2023-01-13","forecast","1.55021794881643"
"exdqlm_univar_synth","draw_056",867,"2023-01-14","forecast","1.56605864226981"
"exdqlm_univar_synth","draw_056",867,"2023-01-15","forecast","1.34946682000796"
"exdqlm_univar_synth","draw_056",867,"2023-01-16","forecast","2.29314561877050"
"exdqlm_univar_synth","draw_056",867,"2023-01-17","forecast","1.46067812419566"
"exdqlm_univar_synth","draw_056",867,"2023-01-18","forecast","1.15258747629946"
"exdqlm_univar_synth","draw_056",867,"2023-01-19","forecast","0.610710227247807"
"exdqlm_univar_synth","draw_056",867,"2023-01-20","forecast","0.815914881863295"
"exdqlm_univar_synth","draw_056",867,"2023-01-21","forecast","0.843024679159101"
"exdqlm_univar_synth","draw_056",867,"2023-01-22","forecast","0.830125621140520"
"exdqlm_univar_synth","draw_057",882,"2022-12-26","forecast","0.946829368808558"
"exdqlm_univar_synth","draw_057",882,"2022-12-27","forecast","2.34424839113718"
"exdqlm_univar_synth","draw_057",882,"2022-12-28","forecast","2.78306958969625"
"exdqlm_univar_synth","draw_057",882,"2022-12-29","forecast","1.82250561616319"
"exdqlm_univar_synth","draw_057",882,"2022-12-30","forecast","1.91626550197852"
"exdqlm_univar_synth","draw_057",882,"2022-12-31","forecast","2.28118975733550"
"exdqlm_univar_synth","draw_057",882,"2023-01-01","forecast","3.68987653804930"
"exdqlm_univar_synth","draw_057",882,"2023-01-02","forecast","2.02586733132361"
"exdqlm_univar_synth","draw_057",882,"2023-01-03","forecast","1.49825644844747"
"exdqlm_univar_synth","draw_057",882,"2023-01-04","forecast","1.28512007785475"
"exdqlm_univar_synth","draw_057",882,"2023-01-05","forecast","1.34965567137535"
"exdqlm_univar_synth","draw_057",882,"2023-01-06","forecast","1.40267279067118"
"exdqlm_univar_synth","draw_057",882,"2023-01-07","forecast","1.17702060595916"
"exdqlm_univar_synth","draw_057",882,"2023-01-08","forecast","1.26088476874049"
"exdqlm_univar_synth","draw_057",882,"2023-01-09","forecast","2.19071634453602"
"exdqlm_univar_synth","draw_057",882,"2023-01-10","forecast","1.85929722806513"
"exdqlm_univar_synth","draw_057",882,"2023-01-11","forecast","1.58730024812686"
"exdqlm_univar_synth","draw_057",882,"2023-01-12","forecast","2.28864831685421"
"exdqlm_univar_synth","draw_057",882,"2023-01-13","forecast","1.65948361641291"
"exdqlm_univar_synth","draw_057",882,"2023-01-14","forecast","2.08361536767134"
"exdqlm_univar_synth","draw_057",882,"2023-01-15","forecast","1.86616192535423"
"exdqlm_univar_synth","draw_057",882,"2023-01-16","forecast","2.29496198064838"
"exdqlm_univar_synth","draw_057",882,"2023-01-17","forecast","1.51840245102811"
"exdqlm_univar_synth","draw_057",882,"2023-01-18","forecast","1.15183284698117"
"exdqlm_univar_synth","draw_057",882,"2023-01-19","forecast","0.997947606566799"
"exdqlm_univar_synth","draw_057",882,"2023-01-20","forecast","0.808604061155573"
"exdqlm_univar_synth","draw_057",882,"2023-01-21","forecast","0.717336250191257"
"exdqlm_univar_synth","draw_057",882,"2023-01-22","forecast","0.772220602296673"
"exdqlm_univar_synth","draw_058",898,"2022-12-26","forecast","1.30637994563438"
"exdqlm_univar_synth","draw_058",898,"2022-12-27","forecast","2.81762696110663"
"exdqlm_univar_synth","draw_058",898,"2022-12-28","forecast","2.45976515425051"
"exdqlm_univar_synth","draw_058",898,"2022-12-29","forecast","1.58763349484069"
"exdqlm_univar_synth","draw_058",898,"2022-12-30","forecast","2.02377569288957"
"exdqlm_univar_synth","draw_058",898,"2022-12-31","forecast","3.24182392591555"
"exdqlm_univar_synth","draw_058",898,"2023-01-01","forecast","3.21589821279067"
"exdqlm_univar_synth","draw_058",898,"2023-01-02","forecast","1.81373612493595"
"exdqlm_univar_synth","draw_058",898,"2023-01-03","forecast","1.84373249377269"
"exdqlm_univar_synth","draw_058",898,"2023-01-04","forecast","1.44641185080831"
"exdqlm_univar_synth","draw_058",898,"2023-01-05","forecast","1.54899145684664"
"exdqlm_univar_synth","draw_058",898,"2023-01-06","forecast","1.29517654700701"
"exdqlm_univar_synth","draw_058",898,"2023-01-07","forecast","1.10023709053966"
"exdqlm_univar_synth","draw_058",898,"2023-01-08","forecast","1.32393294555715"
"exdqlm_univar_synth","draw_058",898,"2023-01-09","forecast","2.19043382491701"
"exdqlm_univar_synth","draw_058",898,"2023-01-10","forecast","1.85216000892370"
"exdqlm_univar_synth","draw_058",898,"2023-01-11","forecast","1.58320728979729"
"exdqlm_univar_synth","draw_058",898,"2023-01-12","forecast","2.27550762371703"
"exdqlm_univar_synth","draw_058",898,"2023-01-13","forecast","1.61408729811132"
"exdqlm_univar_synth","draw_058",898,"2023-01-14","forecast","1.22387270149174"
"exdqlm_univar_synth","draw_058",898,"2023-01-15","forecast","1.66143564154070"
"exdqlm_univar_synth","draw_058",898,"2023-01-16","forecast","2.45140720818134"
"exdqlm_univar_synth","draw_058",898,"2023-01-17","forecast","1.49860533135940"
"exdqlm_univar_synth","draw_058",898,"2023-01-18","forecast","0.994677909058311"
"exdqlm_univar_synth","draw_058",898,"2023-01-19","forecast","0.801993567222222"
"exdqlm_univar_synth","draw_058",898,"2023-01-20","forecast","0.816213251040598"
"exdqlm_univar_synth","draw_058",898,"2023-01-21","forecast","0.515199600413846"
"exdqlm_univar_synth","draw_058",898,"2023-01-22","forecast","0.508984660660456"
"exdqlm_univar_synth","draw_059",914,"2022-12-26","forecast","1.07507570094595"
"exdqlm_univar_synth","draw_059",914,"2022-12-27","forecast","2.07015234527206"
"exdqlm_univar_synth","draw_059",914,"2022-12-28","forecast","2.52478339656043"
"exdqlm_univar_synth","draw_059",914,"2022-12-29","forecast","1.86504127807716"
"exdqlm_univar_synth","draw_059",914,"2022-12-30","forecast","1.83845204682537"
"exdqlm_univar_synth","draw_059",914,"2022-12-31","forecast","2.18999240153135"
"exdqlm_univar_synth","draw_059",914,"2023-01-01","forecast","3.55449071154436"
"exdqlm_univar_synth","draw_059",914,"2023-01-02","forecast","1.91981825189889"
"exdqlm_univar_synth","draw_059",914,"2023-01-03","forecast","1.47798403646786"
"exdqlm_univar_synth","draw_059",914,"2023-01-04","forecast","1.33305491708230"
"exdqlm_univar_synth","draw_059",914,"2023-01-05","forecast","1.81445100793413"
"exdqlm_univar_synth","draw_059",914,"2023-01-06","forecast","1.75575172882997"
"exdqlm_univar_synth","draw_059",914,"2023-01-07","forecast","1.12747812294821"
"exdqlm_univar_synth","draw_059",914,"2023-01-08","forecast","1.44098590240286"
"exdqlm_univar_synth","draw_059",914,"2023-01-09","forecast","2.19071631824882"
"exdqlm_univar_synth","draw_059",914,"2023-01-10","forecast","1.52969678438501"
"exdqlm_univar_synth","draw_059",914,"2023-01-11","forecast","1.53846711448256"
"exdqlm_univar_synth","draw_059",914,"2023-01-12","forecast","1.56598283639317"
"exdqlm_univar_synth","draw_059",914,"2023-01-13","forecast","1.64074089991008"
"exdqlm_univar_synth","draw_059",914,"2023-01-14","forecast","2.20732772795029"
"exdqlm_univar_synth","draw_059",914,"2023-01-15","forecast","1.88192846481584"
"exdqlm_univar_synth","draw_059",914,"2023-01-16","forecast","1.71525102639011"
"exdqlm_univar_synth","draw_059",914,"2023-01-17","forecast","0.993419095958551"
"exdqlm_univar_synth","draw_059",914,"2023-01-18","forecast","1.14945247129135"
"exdqlm_univar_synth","draw_059",914,"2023-01-19","forecast","0.862990952375198"
"exdqlm_univar_synth","draw_059",914,"2023-01-20","forecast","0.395409113121963"
"exdqlm_univar_synth","draw_059",914,"2023-01-21","forecast","0.845037373779955"
"exdqlm_univar_synth","draw_059",914,"2023-01-22","forecast","0.449359589782506"
"exdqlm_univar_synth","draw_060",930,"2022-12-26","forecast","1.17000149407894"
"exdqlm_univar_synth","draw_060",930,"2022-12-27","forecast","3.22832866498939"
"exdqlm_univar_synth","draw_060",930,"2022-12-28","forecast","2.29146926065931"
"exdqlm_univar_synth","draw_060",930,"2022-12-29","forecast","1.81485142052074"
"exdqlm_univar_synth","draw_060",930,"2022-12-30","forecast","1.43714920248560"
"exdqlm_univar_synth","draw_060",930,"2022-12-31","forecast","3.25233522297176"
"exdqlm_univar_synth","draw_060",930,"2023-01-01","forecast","3.45918728171835"
"exdqlm_univar_synth","draw_060",930,"2023-01-02","forecast","1.72509076823413"
"exdqlm_univar_synth","draw_060",930,"2023-01-03","forecast","1.91529761362011"
"exdqlm_univar_synth","draw_060",930,"2023-01-04","forecast","1.13479533902919"
"exdqlm_univar_synth","draw_060",930,"2023-01-05","forecast","2.15036372685185"
"exdqlm_univar_synth","draw_060",930,"2023-01-06","forecast","1.11532040156608"
"exdqlm_univar_synth","draw_060",930,"2023-01-07","forecast","1.31415188168596"
"exdqlm_univar_synth","draw_060",930,"2023-01-08","forecast","1.17412225736096"
"exdqlm_univar_synth","draw_060",930,"2023-01-09","forecast","1.72233511313900"
"exdqlm_univar_synth","draw_060",930,"2023-01-10","forecast","1.72183645830565"
"exdqlm_univar_synth","draw_060",930,"2023-01-11","forecast","1.58438619438592"
"exdqlm_univar_synth","draw_060",930,"2023-01-12","forecast","2.14909314642108"
"exdqlm_univar_synth","draw_060",930,"2023-01-13","forecast","1.30940961881076"
"exdqlm_univar_synth","draw_060",930,"2023-01-14","forecast","2.03787178470976"
"exdqlm_univar_synth","draw_060",930,"2023-01-15","forecast","1.98332868806962"
"exdqlm_univar_synth","draw_060",930,"2023-01-16","forecast","2.13300325176930"
"exdqlm_univar_synth","draw_060",930,"2023-01-17","forecast","1.44896261648954"
"exdqlm_univar_synth","draw_060",930,"2023-01-18","forecast","1.15228885610489"
"exdqlm_univar_synth","draw_060",930,"2023-01-19","forecast","0.985544075153092"
"exdqlm_univar_synth","draw_060",930,"2023-01-20","forecast","0.677317737967067"
"exdqlm_univar_synth","draw_060",930,"2023-01-21","forecast","0.844263057648681"
"exdqlm_univar_synth","draw_060",930,"2023-01-22","forecast","0.669984002851893"
"exdqlm_univar_synth","draw_061",945,"2022-12-26","forecast","0.981098633579306"
"exdqlm_univar_synth","draw_061",945,"2022-12-27","forecast","2.71097430252696"
"exdqlm_univar_synth","draw_061",945,"2022-12-28","forecast","3.04459616167593"
"exdqlm_univar_synth","draw_061",945,"2022-12-29","forecast","1.52913279630703"
"exdqlm_univar_synth","draw_061",945,"2022-12-30","forecast","2.07395013204807"
"exdqlm_univar_synth","draw_061",945,"2022-12-31","forecast","2.89332745053658"
"exdqlm_univar_synth","draw_061",945,"2023-01-01","forecast","2.69810591267305"
"exdqlm_univar_synth","draw_061",945,"2023-01-02","forecast","2.07453955708068"
"exdqlm_univar_synth","draw_061",945,"2023-01-03","forecast","2.13557617291824"
"exdqlm_univar_synth","draw_061",945,"2023-01-04","forecast","1.42698885758452"
"exdqlm_univar_synth","draw_061",945,"2023-01-05","forecast","1.98212670506178"
"exdqlm_univar_synth","draw_061",945,"2023-01-06","forecast","1.70519526306124"
"exdqlm_univar_synth","draw_061",945,"2023-01-07","forecast","0.844363541532243"
"exdqlm_univar_synth","draw_061",945,"2023-01-08","forecast","2.12993377770471"
"exdqlm_univar_synth","draw_061",945,"2023-01-09","forecast","2.10215151890190"
"exdqlm_univar_synth","draw_061",945,"2023-01-10","forecast","2.01140779616785"
"exdqlm_univar_synth","draw_061",945,"2023-01-11","forecast","0.978448062640757"
"exdqlm_univar_synth","draw_061",945,"2023-01-12","forecast","2.28077236543293"
"exdqlm_univar_synth","draw_061",945,"2023-01-13","forecast","1.91699252551771"
"exdqlm_univar_synth","draw_061",945,"2023-01-14","forecast","1.45881999753959"
"exdqlm_univar_synth","draw_061",945,"2023-01-15","forecast","1.95597380622389"
"exdqlm_univar_synth","draw_061",945,"2023-01-16","forecast","2.29483939567743"
"exdqlm_univar_synth","draw_061",945,"2023-01-17","forecast","1.39883989095110"
"exdqlm_univar_synth","draw_061",945,"2023-01-18","forecast","1.07523504761641"
"exdqlm_univar_synth","draw_061",945,"2023-01-19","forecast","0.461513168252839"
"exdqlm_univar_synth","draw_061",945,"2023-01-20","forecast","0.628704026719987"
"exdqlm_univar_synth","draw_061",945,"2023-01-21","forecast","0.847530192583984"
"exdqlm_univar_synth","draw_061",945,"2023-01-22","forecast","0.828157443982564"
"exdqlm_univar_synth","draw_062",961,"2022-12-26","forecast","0.919336712492078"
"exdqlm_univar_synth","draw_062",961,"2022-12-27","forecast","3.17391364537629"
"exdqlm_univar_synth","draw_062",961,"2022-12-28","forecast","2.42536382069861"
"exdqlm_univar_synth","draw_062",961,"2022-12-29","forecast","1.53307728803813"
"exdqlm_univar_synth","draw_062",961,"2022-12-30","forecast","2.05941219459391"
"exdqlm_univar_synth","draw_062",961,"2022-12-31","forecast","3.56417865846088"
"exdqlm_univar_synth","draw_062",961,"2023-01-01","forecast","3.12428440884606"
"exdqlm_univar_synth","draw_062",961,"2023-01-02","forecast","2.06560557081495"
"exdqlm_univar_synth","draw_062",961,"2023-01-03","forecast","2.13607855320453"
"exdqlm_univar_synth","draw_062",961,"2023-01-04","forecast","1.44512475429424"
"exdqlm_univar_synth","draw_062",961,"2023-01-05","forecast","1.76356344229238"
"exdqlm_univar_synth","draw_062",961,"2023-01-06","forecast","1.37178272146793"
"exdqlm_univar_synth","draw_062",961,"2023-01-07","forecast","1.31413636429185"
"exdqlm_univar_synth","draw_062",961,"2023-01-08","forecast","1.81271459103636"
"exdqlm_univar_synth","draw_062",961,"2023-01-09","forecast","2.27725804025094"
"exdqlm_univar_synth","draw_062",961,"2023-01-10","forecast","1.89772196111415"
"exdqlm_univar_synth","draw_062",961,"2023-01-11","forecast","1.58984165523794"
"exdqlm_univar_synth","draw_062",961,"2023-01-12","forecast","2.41093045112454"
"exdqlm_univar_synth","draw_062",961,"2023-01-13","forecast","1.61402611669936"
"exdqlm_univar_synth","draw_062",961,"2023-01-14","forecast","1.52602733339024"
"exdqlm_univar_synth","draw_062",961,"2023-01-15","forecast","1.95789574685817"
"exdqlm_univar_synth","draw_062",961,"2023-01-16","forecast","2.29524214394665"
"exdqlm_univar_synth","draw_062",961,"2023-01-17","forecast","1.49912750022448"
"exdqlm_univar_synth","draw_062",961,"2023-01-18","forecast","1.14866293230600"
"exdqlm_univar_synth","draw_062",961,"2023-01-19","forecast","0.729703660706314"
"exdqlm_univar_synth","draw_062",961,"2023-01-20","forecast","0.819840207415081"
"exdqlm_univar_synth","draw_062",961,"2023-01-21","forecast","0.794836757291327"
"exdqlm_univar_synth","draw_062",961,"2023-01-22","forecast","0.827770372331770"
"exdqlm_univar_synth","draw_063",977,"2022-12-26","forecast","1.25298458386362"
"exdqlm_univar_synth","draw_063",977,"2022-12-27","forecast","2.13903775514718"
"exdqlm_univar_synth","draw_063",977,"2022-12-28","forecast","2.53965508677452"
"exdqlm_univar_synth","draw_063",977,"2022-12-29","forecast","2.00525146400432"
"exdqlm_univar_synth","draw_063",977,"2022-12-30","forecast","1.90839605119618"
"exdqlm_univar_synth","draw_063",977,"2022-12-31","forecast","2.36421249061653"
"exdqlm_univar_synth","draw_063",977,"2023-01-01","forecast","3.31925999466509"
"exdqlm_univar_synth","draw_063",977,"2023-01-02","forecast","1.46409546163275"
"exdqlm_univar_synth","draw_063",977,"2023-01-03","forecast","1.99113038257776"
"exdqlm_univar_synth","draw_063",977,"2023-01-04","forecast","0"
"exdqlm_univar_synth","draw_063",977,"2023-01-05","forecast","2.02462250465824"
"exdqlm_univar_synth","draw_063",977,"2023-01-06","forecast","1.70535041271028"
"exdqlm_univar_synth","draw_063",977,"2023-01-07","forecast","1.31380056602065"
"exdqlm_univar_synth","draw_063",977,"2023-01-08","forecast","1.75555833664356"
"exdqlm_univar_synth","draw_063",977,"2023-01-09","forecast","2.18856376873884"
"exdqlm_univar_synth","draw_063",977,"2023-01-10","forecast","2.27938936338267"
"exdqlm_univar_synth","draw_063",977,"2023-01-11","forecast","1.08504207252911"
"exdqlm_univar_synth","draw_063",977,"2023-01-12","forecast","2.31250070393303"
"exdqlm_univar_synth","draw_063",977,"2023-01-13","forecast","1.65831969743359"
"exdqlm_univar_synth","draw_063",977,"2023-01-14","forecast","1.94858218758139"
"exdqlm_univar_synth","draw_063",977,"2023-01-15","forecast","1.95862840840123"
"exdqlm_univar_synth","draw_063",977,"2023-01-16","forecast","2.29529225003994"
"exdqlm_univar_synth","draw_063",977,"2023-01-17","forecast","1.51233000667986"
"exdqlm_univar_synth","draw_063",977,"2023-01-18","forecast","1.13808399863408"
"exdqlm_univar_synth","draw_063",977,"2023-01-19","forecast","0.884718421506555"
"exdqlm_univar_synth","draw_063",977,"2023-01-20","forecast","0.805733552208059"
"exdqlm_univar_synth","draw_063",977,"2023-01-21","forecast","0.844923646998800"
"exdqlm_univar_synth","draw_063",977,"2023-01-22","forecast","0.783727050739949"
"exdqlm_univar_synth","draw_064",993,"2022-12-26","forecast","1.04889868771129"
"exdqlm_univar_synth","draw_064",993,"2022-12-27","forecast","3.07573938955984"
"exdqlm_univar_synth","draw_064",993,"2022-12-28","forecast","2.51210795750838"
"exdqlm_univar_synth","draw_064",993,"2022-12-29","forecast","1.74696286750138"
"exdqlm_univar_synth","draw_064",993,"2022-12-30","forecast","2.26824840799831"
"exdqlm_univar_synth","draw_064",993,"2022-12-31","forecast","3.09167876211982"
"exdqlm_univar_synth","draw_064",993,"2023-01-01","forecast","3.63206600851611"
"exdqlm_univar_synth","draw_064",993,"2023-01-02","forecast","1.43783045963026"
"exdqlm_univar_synth","draw_064",993,"2023-01-03","forecast","1.60377070833022"
"exdqlm_univar_synth","draw_064",993,"2023-01-04","forecast","1.44484340564993"
"exdqlm_univar_synth","draw_064",993,"2023-01-05","forecast","2.05859918445707"
"exdqlm_univar_synth","draw_064",993,"2023-01-06","forecast","1.22399767868186"
"exdqlm_univar_synth","draw_064",993,"2023-01-07","forecast","1.25687264438024"
"exdqlm_univar_synth","draw_064",993,"2023-01-08","forecast","1.72906893706573"
"exdqlm_univar_synth","draw_064",993,"2023-01-09","forecast","2.19441194455946"
"exdqlm_univar_synth","draw_064",993,"2023-01-10","forecast","2.03210268663235"
"exdqlm_univar_synth","draw_064",993,"2023-01-11","forecast","1.52531619144682"
"exdqlm_univar_synth","draw_064",993,"2023-01-12","forecast","2.27426610138122"
"exdqlm_univar_synth","draw_064",993,"2023-01-13","forecast","1.66195740716133"
"exdqlm_univar_synth","draw_064",993,"2023-01-14","forecast","2.03128513809682"
"exdqlm_univar_synth","draw_064",993,"2023-01-15","forecast","2.18001060475948"
"exdqlm_univar_synth","draw_064",993,"2023-01-16","forecast","2.20944670874065"
"exdqlm_univar_synth","draw_064",993,"2023-01-17","forecast","1.45481903741357"
"exdqlm_univar_synth","draw_064",993,"2023-01-18","forecast","1.14731236964942"
"exdqlm_univar_synth","draw_064",993,"2023-01-19","forecast","0.954971738831904"
"exdqlm_univar_synth","draw_064",993,"2023-01-20","forecast","0.815300227386917"
"exdqlm_univar_synth","draw_064",993,"2023-01-21","forecast","0.846802958618885"
"exdqlm_univar_synth","draw_064",993,"2023-01-22","forecast","0.828095410593586"
"exdqlm_univar_synth","draw_065",1008,"2022-12-26","forecast","0.872727553216827"
"exdqlm_univar_synth","draw_065",1008,"2022-12-27","forecast","2.31644632662277"
"exdqlm_univar_synth","draw_065",1008,"2022-12-28","forecast","2.38862182028011"
"exdqlm_univar_synth","draw_065",1008,"2022-12-29","forecast","2.14584495611118"
"exdqlm_univar_synth","draw_065",1008,"2022-12-30","forecast","2.25826898862176"
"exdqlm_univar_synth","draw_065",1008,"2022-12-31","forecast","2.29232365140559"
"exdqlm_univar_synth","draw_065",1008,"2023-01-01","forecast","3.38580894147687"
"exdqlm_univar_synth","draw_065",1008,"2023-01-02","forecast","2.06515486368289"
"exdqlm_univar_synth","draw_065",1008,"2023-01-03","forecast","1.51357040165904"
"exdqlm_univar_synth","draw_065",1008,"2023-01-04","forecast","1.55435620094925"
"exdqlm_univar_synth","draw_065",1008,"2023-01-05","forecast","2.03612384766883"
"exdqlm_univar_synth","draw_065",1008,"2023-01-06","forecast","1.79557274131511"
"exdqlm_univar_synth","draw_065",1008,"2023-01-07","forecast","1.28464259189740"
"exdqlm_univar_synth","draw_065",1008,"2023-01-08","forecast","1.84302147410864"
"exdqlm_univar_synth","draw_065",1008,"2023-01-09","forecast","1.93627569812821"
"exdqlm_univar_synth","draw_065",1008,"2023-01-10","forecast","2.16953046530127"
"exdqlm_univar_synth","draw_065",1008,"2023-01-11","forecast","1.31331539122913"
"exdqlm_univar_synth","draw_065",1008,"2023-01-12","forecast","2.28039085794598"
"exdqlm_univar_synth","draw_065",1008,"2023-01-13","forecast","1.60467908221045"
"exdqlm_univar_synth","draw_065",1008,"2023-01-14","forecast","1.35339091185435"
"exdqlm_univar_synth","draw_065",1008,"2023-01-15","forecast","2.01977103591056"
"exdqlm_univar_synth","draw_065",1008,"2023-01-16","forecast","1.92326965676500"
"exdqlm_univar_synth","draw_065",1008,"2023-01-17","forecast","1.52299649894431"
"exdqlm_univar_synth","draw_065",1008,"2023-01-18","forecast","1.13988151752003"
"exdqlm_univar_synth","draw_065",1008,"2023-01-19","forecast","0.905611493742764"
"exdqlm_univar_synth","draw_065",1008,"2023-01-20","forecast","0.817914920226805"
"exdqlm_univar_synth","draw_065",1008,"2023-01-21","forecast","0.695533988040085"
"exdqlm_univar_synth","draw_065",1008,"2023-01-22","forecast","0.871911684099654"
"exdqlm_univar_synth","draw_066",1024,"2022-12-26","forecast","1.02951885507711"
"exdqlm_univar_synth","draw_066",1024,"2022-12-27","forecast","3.24359463180304"
"exdqlm_univar_synth","draw_066",1024,"2022-12-28","forecast","1.74685106771561"
"exdqlm_univar_synth","draw_066",1024,"2022-12-29","forecast","1.83853231696999"
"exdqlm_univar_synth","draw_066",1024,"2022-12-30","forecast","2.00832420809449"
"exdqlm_univar_synth","draw_066",1024,"2022-12-31","forecast","2.92123206460264"
"exdqlm_univar_synth","draw_066",1024,"2023-01-01","forecast","3.58779271124867"
"exdqlm_univar_synth","draw_066",1024,"2023-01-02","forecast","1.89003344891041"
"exdqlm_univar_synth","draw_066",1024,"2023-01-03","forecast","2.34410877003790"
"exdqlm_univar_synth","draw_066",1024,"2023-01-04","forecast","1.48080957575222"
"exdqlm_univar_synth","draw_066",1024,"2023-01-05","forecast","1.78195822797362"
"exdqlm_univar_synth","draw_066",1024,"2023-01-06","forecast","1.79766001833993"
"exdqlm_univar_synth","draw_066",1024,"2023-01-07","forecast","1.14667335190986"
"exdqlm_univar_synth","draw_066",1024,"2023-01-08","forecast","1.61158089795822"
"exdqlm_univar_synth","draw_066",1024,"2023-01-09","forecast","2.18957158288607"
"exdqlm_univar_synth","draw_066",1024,"2023-01-10","forecast","1.54331475306103"
"exdqlm_univar_synth","draw_066",1024,"2023-01-11","forecast","1.58507852163154"
"exdqlm_univar_synth","draw_066",1024,"2023-01-12","forecast","1.62928338971054"
"exdqlm_univar_synth","draw_066",1024,"2023-01-13","forecast","1.44241990969050"
"exdqlm_univar_synth","draw_066",1024,"2023-01-14","forecast","1.99183844660683"
"exdqlm_univar_synth","draw_066",1024,"2023-01-15","forecast","1.46757367805337"
"exdqlm_univar_synth","draw_066",1024,"2023-01-16","forecast","2.29139911654491"
"exdqlm_univar_synth","draw_066",1024,"2023-01-17","forecast","1.00391894925806"
"exdqlm_univar_synth","draw_066",1024,"2023-01-18","forecast","0.723983720715954"
"exdqlm_univar_synth","draw_066",1024,"2023-01-19","forecast","0.954256585189085"
"exdqlm_univar_synth","draw_066",1024,"2023-01-20","forecast","0.711106285138250"
"exdqlm_univar_synth","draw_066",1024,"2023-01-21","forecast","0.845223350922709"
"exdqlm_univar_synth","draw_066",1024,"2023-01-22","forecast","0.828795365968864"
"exdqlm_univar_synth","draw_067",1040,"2022-12-26","forecast","1.04727059688900"
"exdqlm_univar_synth","draw_067",1040,"2022-12-27","forecast","2.69493300344511"
"exdqlm_univar_synth","draw_067",1040,"2022-12-28","forecast","2.34509609657224"
"exdqlm_univar_synth","draw_067",1040,"2022-12-29","forecast","1.34693374125999"
"exdqlm_univar_synth","draw_067",1040,"2022-12-30","forecast","1.79471545999390"
"exdqlm_univar_synth","draw_067",1040,"2022-12-31","forecast","2.60916836846674"
"exdqlm_univar_synth","draw_067",1040,"2023-01-01","forecast","3.28634377297031"
"exdqlm_univar_synth","draw_067",1040,"2023-01-02","forecast","1.86439264190834"
"exdqlm_univar_synth","draw_067",1040,"2023-01-03","forecast","1.64073398841913"
"exdqlm_univar_synth","draw_067",1040,"2023-01-04","forecast","1.16423025071528"
"exdqlm_univar_synth","draw_067",1040,"2023-01-05","forecast","2.03558864847273"
"exdqlm_univar_synth","draw_067",1040,"2023-01-06","forecast","1.70439266114167"
"exdqlm_univar_synth","draw_067",1040,"2023-01-07","forecast","0.858181038304712"
"exdqlm_univar_synth","draw_067",1040,"2023-01-08","forecast","1.19034089153124"
"exdqlm_univar_synth","draw_067",1040,"2023-01-09","forecast","2.34307648465367"
"exdqlm_univar_synth","draw_067",1040,"2023-01-10","forecast","1.29506500442735"
"exdqlm_univar_synth","draw_067",1040,"2023-01-11","forecast","1.58364547652944"
"exdqlm_univar_synth","draw_067",1040,"2023-01-12","forecast","2.05551607321883"
"exdqlm_univar_synth","draw_067",1040,"2023-01-13","forecast","1.65920748394036"
"exdqlm_univar_synth","draw_067",1040,"2023-01-14","forecast","2.03779613766254"
"exdqlm_univar_synth","draw_067",1040,"2023-01-15","forecast","1.83559971484508"
"exdqlm_univar_synth","draw_067",1040,"2023-01-16","forecast","2.21853092848916"
"exdqlm_univar_synth","draw_067",1040,"2023-01-17","forecast","0.800620043455638"
"exdqlm_univar_synth","draw_067",1040,"2023-01-18","forecast","1.12918076968527"
"exdqlm_univar_synth","draw_067",1040,"2023-01-19","forecast","1.05527692698766"
"exdqlm_univar_synth","draw_067",1040,"2023-01-20","forecast","0.819846480107110"
"exdqlm_univar_synth","draw_067",1040,"2023-01-21","forecast","0.620496132648291"
"exdqlm_univar_synth","draw_067",1040,"2023-01-22","forecast","0.828784624149143"
"exdqlm_univar_synth","draw_068",1056,"2022-12-26","forecast","1.21725483629335"
"exdqlm_univar_synth","draw_068",1056,"2022-12-27","forecast","2.37197837016915"
"exdqlm_univar_synth","draw_068",1056,"2022-12-28","forecast","2.41218191334655"
"exdqlm_univar_synth","draw_068",1056,"2022-12-29","forecast","2.18997736549845"
"exdqlm_univar_synth","draw_068",1056,"2022-12-30","forecast","1.62336210105409"
"exdqlm_univar_synth","draw_068",1056,"2022-12-31","forecast","2.93178606816656"
"exdqlm_univar_synth","draw_068",1056,"2023-01-01","forecast","3.37379234940449"
"exdqlm_univar_synth","draw_068",1056,"2023-01-02","forecast","2.01635163939275"
"exdqlm_univar_synth","draw_068",1056,"2023-01-03","forecast","1.56819882255791"
"exdqlm_univar_synth","draw_068",1056,"2023-01-04","forecast","1.42679526062876"
"exdqlm_univar_synth","draw_068",1056,"2023-01-05","forecast","1.85996267975900"
"exdqlm_univar_synth","draw_068",1056,"2023-01-06","forecast","1.65936290615922"
"exdqlm_univar_synth","draw_068",1056,"2023-01-07","forecast","1.31455016516587"
"exdqlm_univar_synth","draw_068",1056,"2023-01-08","forecast","1.80660970055159"
"exdqlm_univar_synth","draw_068",1056,"2023-01-09","forecast","2.10746047511111"
"exdqlm_univar_synth","draw_068",1056,"2023-01-10","forecast","1.34129478056734"
"exdqlm_univar_synth","draw_068",1056,"2023-01-11","forecast","1.06227555339213"
"exdqlm_univar_synth","draw_068",1056,"2023-01-12","forecast","2.22981351573778"
"exdqlm_univar_synth","draw_068",1056,"2023-01-13","forecast","1.65911571311382"
"exdqlm_univar_synth","draw_068",1056,"2023-01-14","forecast","2.12005359735855"
"exdqlm_univar_synth","draw_068",1056,"2023-01-15","forecast","1.21502829207046"
"exdqlm_univar_synth","draw_068",1056,"2023-01-16","forecast","2.04207311673162"
"exdqlm_univar_synth","draw_068",1056,"2023-01-17","forecast","1.50925336630472"
"exdqlm_univar_synth","draw_068",1056,"2023-01-18","forecast","1.14915470409227"
"exdqlm_univar_synth","draw_068",1056,"2023-01-19","forecast","0.964940156846777"
"exdqlm_univar_synth","draw_068",1056,"2023-01-20","forecast","0.811188310776188"
"exdqlm_univar_synth","draw_068",1056,"2023-01-21","forecast","0.845117906036367"
"exdqlm_univar_synth","draw_068",1056,"2023-01-22","forecast","0.575972854947044"
"exdqlm_univar_synth","draw_069",1071,"2022-12-26","forecast","1.45977360129507"
"exdqlm_univar_synth","draw_069",1071,"2022-12-27","forecast","2.64723543463444"
"exdqlm_univar_synth","draw_069",1071,"2022-12-28","forecast","2.26073637839750"
"exdqlm_univar_synth","draw_069",1071,"2022-12-29","forecast","1.59466660217705"
"exdqlm_univar_synth","draw_069",1071,"2022-12-30","forecast","1.67085572366888"
"exdqlm_univar_synth","draw_069",1071,"2022-12-31","forecast","2.81652703404191"
"exdqlm_univar_synth","draw_069",1071,"2023-01-01","forecast","2.55449965119254"
"exdqlm_univar_synth","draw_069",1071,"2023-01-02","forecast","1.40880699944246"
"exdqlm_univar_synth","draw_069",1071,"2023-01-03","forecast","1.54925530069888"
"exdqlm_univar_synth","draw_069",1071,"2023-01-04","forecast","1.46103681078253"
"exdqlm_univar_synth","draw_069",1071,"2023-01-05","forecast","1.59221306781914"
"exdqlm_univar_synth","draw_069",1071,"2023-01-06","forecast","1.64848369302946"
"exdqlm_univar_synth","draw_069",1071,"2023-01-07","forecast","1.31474964647650"
"exdqlm_univar_synth","draw_069",1071,"2023-01-08","forecast","1.20317289347452"
"exdqlm_univar_synth","draw_069",1071,"2023-01-09","forecast","2.12105253705054"
"exdqlm_univar_synth","draw_069",1071,"2023-01-10","forecast","2.23021098830216"
"exdqlm_univar_synth","draw_069",1071,"2023-01-11","forecast","1.58483133874023"
"exdqlm_univar_synth","draw_069",1071,"2023-01-12","forecast","1.51801714183227"
"exdqlm_univar_synth","draw_069",1071,"2023-01-13","forecast","1.33247328205504"
"exdqlm_univar_synth","draw_069",1071,"2023-01-14","forecast","1.85409605794530"
"exdqlm_univar_synth","draw_069",1071,"2023-01-15","forecast","1.95997632300327"
"exdqlm_univar_synth","draw_069",1071,"2023-01-16","forecast","2.24871962765520"
"exdqlm_univar_synth","draw_069",1071,"2023-01-17","forecast","1.51054268907132"
"exdqlm_univar_synth","draw_069",1071,"2023-01-18","forecast","1.15091987733083"
"exdqlm_univar_synth","draw_069",1071,"2023-01-19","forecast","0.951979310468735"
"exdqlm_univar_synth","draw_069",1071,"2023-01-20","forecast","0.670720031404118"
"exdqlm_univar_synth","draw_069",1071,"2023-01-21","forecast","0.409836972113650"
"exdqlm_univar_synth","draw_069",1071,"2023-01-22","forecast","0.829633874662699"
"exdqlm_univar_synth","draw_070",1087,"2022-12-26","forecast","0.802912753428900"
"exdqlm_univar_synth","draw_070",1087,"2022-12-27","forecast","3.64944247599960"
"exdqlm_univar_synth","draw_070",1087,"2022-12-28","forecast","2.50677078158014"
"exdqlm_univar_synth","draw_070",1087,"2022-12-29","forecast","1.81414144019726"
"exdqlm_univar_synth","draw_070",1087,"2022-12-30","forecast","2.15513569908935"
"exdqlm_univar_synth","draw_070",1087,"2022-12-31","forecast","2.75036569875735"
"exdqlm_univar_synth","draw_070",1087,"2023-01-01","forecast","3.26456148351049"
"exdqlm_univar_synth","draw_070",1087,"2023-01-02","forecast","2.02386797967816"
"exdqlm_univar_synth","draw_070",1087,"2023-01-03","forecast","1.87945643263256"
"exdqlm_univar_synth","draw_070",1087,"2023-01-04","forecast","1.18962942778236"
"exdqlm_univar_synth","draw_070",1087,"2023-01-05","forecast","2.03565564089382"
"exdqlm_univar_synth","draw_070",1087,"2023-01-06","forecast","1.44858938630656"
"exdqlm_univar_synth","draw_070",1087,"2023-01-07","forecast","1.31531236571960"
"exdqlm_univar_synth","draw_070",1087,"2023-01-08","forecast","1.78127848908986"
"exdqlm_univar_synth","draw_070",1087,"2023-01-09","forecast","1.56210519518742"
"exdqlm_univar_synth","draw_070",1087,"2023-01-10","forecast","1.91749799324685"
"exdqlm_univar_synth","draw_070",1087,"2023-01-11","forecast","0.965902822097141"
"exdqlm_univar_synth","draw_070",1087,"2023-01-12","forecast","2.27702112064688"
"exdqlm_univar_synth","draw_070",1087,"2023-01-13","forecast","1.58865455990724"
"exdqlm_univar_synth","draw_070",1087,"2023-01-14","forecast","2.03474687939929"
"exdqlm_univar_synth","draw_070",1087,"2023-01-15","forecast","1.95635285806495"
"exdqlm_univar_synth","draw_070",1087,"2023-01-16","forecast","2.04730856801131"
"exdqlm_univar_synth","draw_070",1087,"2023-01-17","forecast","1.46821410977117"
"exdqlm_univar_synth","draw_070",1087,"2023-01-18","forecast","1.15062325726841"
"exdqlm_univar_synth","draw_070",1087,"2023-01-19","forecast","0.984967441113187"
"exdqlm_univar_synth","draw_070",1087,"2023-01-20","forecast","0.817255842716749"
"exdqlm_univar_synth","draw_070",1087,"2023-01-21","forecast","0.360922065754908"
"exdqlm_univar_synth","draw_070",1087,"2023-01-22","forecast","0.828158840512432"
"exdqlm_univar_synth","draw_071",1103,"2022-12-26","forecast","1.15397195459904"
"exdqlm_univar_synth","draw_071",1103,"2022-12-27","forecast","2.90679718625799"
"exdqlm_univar_synth","draw_071",1103,"2022-12-28","forecast","2.58494399952201"
"exdqlm_univar_synth","draw_071",1103,"2022-12-29","forecast","1.30858049112584"
"exdqlm_univar_synth","draw_071",1103,"2022-12-30","forecast","2.17710895757493"
"exdqlm_univar_synth","draw_071",1103,"2022-12-31","forecast","2.33517463868680"
"exdqlm_univar_synth","draw_071",1103,"2023-01-01","forecast","2.88789512229005"
"exdqlm_univar_synth","draw_071",1103,"2023-01-02","forecast","2.09210354180218"
"exdqlm_univar_synth","draw_071",1103,"2023-01-03","forecast","1.47541816717673"
"exdqlm_univar_synth","draw_071",1103,"2023-01-04","forecast","1.33486183217805"
"exdqlm_univar_synth","draw_071",1103,"2023-01-05","forecast","2.23816722246706"
"exdqlm_univar_synth","draw_071",1103,"2023-01-06","forecast","1.13593175673217"
"exdqlm_univar_synth","draw_071",1103,"2023-01-07","forecast","1.18115111239038"
"exdqlm_univar_synth","draw_071",1103,"2023-01-08","forecast","1.77962483841702"
"exdqlm_univar_synth","draw_071",1103,"2023-01-09","forecast","2.19068569114963"
"exdqlm_univar_synth","draw_071",1103,"2023-01-10","forecast","2.19899750107497"
"exdqlm_univar_synth","draw_071",1103,"2023-01-11","forecast","1.43797804660028"
"exdqlm_univar_synth","draw_071",1103,"2023-01-12","forecast","1.83213955376737"
"exdqlm_univar_synth","draw_071",1103,"2023-01-13","forecast","1.66058642600257"
"exdqlm_univar_synth","draw_071",1103,"2023-01-14","forecast","1.39438184083837"
"exdqlm_univar_synth","draw_071",1103,"2023-01-15","forecast","2.09214589790364"
"exdqlm_univar_synth","draw_071",1103,"2023-01-16","forecast","2.29186768856518"
"exdqlm_univar_synth","draw_071",1103,"2023-01-17","forecast","1.50270101597766"
"exdqlm_univar_synth","draw_071",1103,"2023-01-18","forecast","1.14064535459952"
"exdqlm_univar_synth","draw_071",1103,"2023-01-19","forecast","1.17863169523884"
"exdqlm_univar_synth","draw_071",1103,"2023-01-20","forecast","0.819634602214819"
"exdqlm_univar_synth","draw_071",1103,"2023-01-21","forecast","0.845627247288042"
"exdqlm_univar_synth","draw_071",1103,"2023-01-22","forecast","0.826546225089136"
"exdqlm_univar_synth","draw_072",1119,"2022-12-26","forecast","0.968984095244628"
"exdqlm_univar_synth","draw_072",1119,"2022-12-27","forecast","3.08590283624116"
"exdqlm_univar_synth","draw_072",1119,"2022-12-28","forecast","2.48523476506475"
"exdqlm_univar_synth","draw_072",1119,"2022-12-29","forecast","2.21498335201807"
"exdqlm_univar_synth","draw_072",1119,"2022-12-30","forecast","1.90928498152093"
"exdqlm_univar_synth","draw_072",1119,"2022-12-31","forecast","2.92038653097496"
"exdqlm_univar_synth","draw_072",1119,"2023-01-01","forecast","3.31800454946697"
"exdqlm_univar_synth","draw_072",1119,"2023-01-02","forecast","1.36083369135077"
"exdqlm_univar_synth","draw_072",1119,"2023-01-03","forecast","1.98680619656303"
"exdqlm_univar_synth","draw_072",1119,"2023-01-04","forecast","1.52386385724284"
"exdqlm_univar_synth","draw_072",1119,"2023-01-05","forecast","2.03548027653662"
"exdqlm_univar_synth","draw_072",1119,"2023-01-06","forecast","1.86695371493685"
"exdqlm_univar_synth","draw_072",1119,"2023-01-07","forecast","1.31303539591144"
"exdqlm_univar_synth","draw_072",1119,"2023-01-08","forecast","1.73481719639774"
"exdqlm_univar_synth","draw_072",1119,"2023-01-09","forecast","1.98578424998547"
"exdqlm_univar_synth","draw_072",1119,"2023-01-10","forecast","1.17348990285752"
"exdqlm_univar_synth","draw_072",1119,"2023-01-11","forecast","1.62764266151646"
"exdqlm_univar_synth","draw_072",1119,"2023-01-12","forecast","2.28840145484399"
"exdqlm_univar_synth","draw_072",1119,"2023-01-13","forecast","1.66020013930748"
"exdqlm_univar_synth","draw_072",1119,"2023-01-14","forecast","2.03503467533616"
"exdqlm_univar_synth","draw_072",1119,"2023-01-15","forecast","1.82175547234601"
"exdqlm_univar_synth","draw_072",1119,"2023-01-16","forecast","2.29507438600567"
"exdqlm_univar_synth","draw_072",1119,"2023-01-17","forecast","1.51071789867314"
"exdqlm_univar_synth","draw_072",1119,"2023-01-18","forecast","1.14536419818284"
"exdqlm_univar_synth","draw_072",1119,"2023-01-19","forecast","0.836086703046188"
"exdqlm_univar_synth","draw_072",1119,"2023-01-20","forecast","0.819154586064516"
"exdqlm_univar_synth","draw_072",1119,"2023-01-21","forecast","0.450521148517308"
"exdqlm_univar_synth","draw_072",1119,"2023-01-22","forecast","0.731815280754116"
"exdqlm_univar_synth","draw_073",1134,"2022-12-26","forecast","0.809608197114486"
"exdqlm_univar_synth","draw_073",1134,"2022-12-27","forecast","3.07757087566059"
"exdqlm_univar_synth","draw_073",1134,"2022-12-28","forecast","2.08141894745095"
"exdqlm_univar_synth","draw_073",1134,"2022-12-29","forecast","1.61485578926525"
"exdqlm_univar_synth","draw_073",1134,"2022-12-30","forecast","2.00555264706238"
"exdqlm_univar_synth","draw_073",1134,"2022-12-31","forecast","2.07877442453955"
"exdqlm_univar_synth","draw_073",1134,"2023-01-01","forecast","2.75036672921747"
"exdqlm_univar_synth","draw_073",1134,"2023-01-02","forecast","2.02223486611961"
"exdqlm_univar_synth","draw_073",1134,"2023-01-03","forecast","2.37094297100620"
"exdqlm_univar_synth","draw_073",1134,"2023-01-04","forecast","1.27053915943506"
"exdqlm_univar_synth","draw_073",1134,"2023-01-05","forecast","2.24758945480461"
"exdqlm_univar_synth","draw_073",1134,"2023-01-06","forecast","1.70593825121864"
"exdqlm_univar_synth","draw_073",1134,"2023-01-07","forecast","1.14016772673465"
"exdqlm_univar_synth","draw_073",1134,"2023-01-08","forecast","1.77822729670418"
"exdqlm_univar_synth","draw_073",1134,"2023-01-09","forecast","2.05908016341059"
"exdqlm_univar_synth","draw_073",1134,"2023-01-10","forecast","2.30016439265260"
"exdqlm_univar_synth","draw_073",1134,"2023-01-11","forecast","1.64483733004439"
"exdqlm_univar_synth","draw_073",1134,"2023-01-12","forecast","2.28655455058997"
"exdqlm_univar_synth","draw_073",1134,"2023-01-13","forecast","1.03049935842283"
"exdqlm_univar_synth","draw_073",1134,"2023-01-14","forecast","2.13322547465557"
"exdqlm_univar_synth","draw_073",1134,"2023-01-15","forecast","2.16929963897578"
"exdqlm_univar_synth","draw_073",1134,"2023-01-16","forecast","2.29937854562256"
"exdqlm_univar_synth","draw_073",1134,"2023-01-17","forecast","1.32190728352424"
"exdqlm_univar_synth","draw_073",1134,"2023-01-18","forecast","1.01032729662486"
"exdqlm_univar_synth","draw_073",1134,"2023-01-19","forecast","0.955257887947899"
"exdqlm_univar_synth","draw_073",1134,"2023-01-20","forecast","0.440959519320545"
"exdqlm_univar_synth","draw_073",1134,"2023-01-21","forecast","0.843092623109910"
"exdqlm_univar_synth","draw_073",1134,"2023-01-22","forecast","0.824296282574220"
"exdqlm_univar_synth","draw_074",1150,"2022-12-26","forecast","0.900002309569288"
"exdqlm_univar_synth","draw_074",1150,"2022-12-27","forecast","2.83249771846822"
"exdqlm_univar_synth","draw_074",1150,"2022-12-28","forecast","2.16856973328642"
"exdqlm_univar_synth","draw_074",1150,"2022-12-29","forecast","1.37652914962413"
"exdqlm_univar_synth","draw_074",1150,"2022-12-30","forecast","2.43509613584512"
"exdqlm_univar_synth","draw_074",1150,"2022-12-31","forecast","3.10110096238535"
"exdqlm_univar_synth","draw_074",1150,"2023-01-01","forecast","3.40171617214913"
"exdqlm_univar_synth","draw_074",1150,"2023-01-02","forecast","2.41575995011702"
"exdqlm_univar_synth","draw_074",1150,"2023-01-03","forecast","2.25989363021561"
"exdqlm_univar_synth","draw_074",1150,"2023-01-04","forecast","1.45464778585559"
"exdqlm_univar_synth","draw_074",1150,"2023-01-05","forecast","2.03538691226582"
"exdqlm_univar_synth","draw_074",1150,"2023-01-06","forecast","1.13778383761968"
"exdqlm_univar_synth","draw_074",1150,"2023-01-07","forecast","1.49441180570482"
"exdqlm_univar_synth","draw_074",1150,"2023-01-08","forecast","1.78139548517247"
"exdqlm_univar_synth","draw_074",1150,"2023-01-09","forecast","2.18938487567296"
"exdqlm_univar_synth","draw_074",1150,"2023-01-10","forecast","2.02946418655044"
"exdqlm_univar_synth","draw_074",1150,"2023-01-11","forecast","1.61393460497041"
"exdqlm_univar_synth","draw_074",1150,"2023-01-12","forecast","2.25719630483725"
"exdqlm_univar_synth","draw_074",1150,"2023-01-13","forecast","1.26655444900617"
"exdqlm_univar_synth","draw_074",1150,"2023-01-14","forecast","1.96907017129229"
"exdqlm_univar_synth","draw_074",1150,"2023-01-15","forecast","1.14092318738228"
"exdqlm_univar_synth","draw_074",1150,"2023-01-16","forecast","2.28197125125662"
"exdqlm_univar_synth","draw_074",1150,"2023-01-17","forecast","1.50510770632659"
"exdqlm_univar_synth","draw_074",1150,"2023-01-18","forecast","1.11223038068724"
"exdqlm_univar_synth","draw_074",1150,"2023-01-19","forecast","0.932835745845878"
"exdqlm_univar_synth","draw_074",1150,"2023-01-20","forecast","0.817175998207009"
"exdqlm_univar_synth","draw_074",1150,"2023-01-21","forecast","0.832695490942934"
"exdqlm_univar_synth","draw_074",1150,"2023-01-22","forecast","0.546045933722270"
"exdqlm_univar_synth","draw_075",1166,"2022-12-26","forecast","1.05031383229306"
"exdqlm_univar_synth","draw_075",1166,"2022-12-27","forecast","2.39161129866642"
"exdqlm_univar_synth","draw_075",1166,"2022-12-28","forecast","1.93065920445779"
"exdqlm_univar_synth","draw_075",1166,"2022-12-29","forecast","1.79049022533606"
"exdqlm_univar_synth","draw_075",1166,"2022-12-30","forecast","2.06333407229235"
"exdqlm_univar_synth","draw_075",1166,"2022-12-31","forecast","3.08317656917038"
"exdqlm_univar_synth","draw_075",1166,"2023-01-01","forecast","2.77041834447949"
"exdqlm_univar_synth","draw_075",1166,"2023-01-02","forecast","2.08364119984567"
"exdqlm_univar_synth","draw_075",1166,"2023-01-03","forecast","1.85638294168792"
"exdqlm_univar_synth","draw_075",1166,"2023-01-04","forecast","1.44806230336033"
"exdqlm_univar_synth","draw_075",1166,"2023-01-05","forecast","1.88536239878283"
"exdqlm_univar_synth","draw_075",1166,"2023-01-06","forecast","1.80544124293483"
"exdqlm_univar_synth","draw_075",1166,"2023-01-07","forecast","1.31505930823886"
"exdqlm_univar_synth","draw_075",1166,"2023-01-08","forecast","1.23299289350255"
"exdqlm_univar_synth","draw_075",1166,"2023-01-09","forecast","2.18981492989377"
"exdqlm_univar_synth","draw_075",1166,"2023-01-10","forecast","2.03322514046193"
"exdqlm_univar_synth","draw_075",1166,"2023-01-11","forecast","1.58755442291296"
"exdqlm_univar_synth","draw_075",1166,"2023-01-12","forecast","1.48952588008594"
"exdqlm_univar_synth","draw_075",1166,"2023-01-13","forecast","1.65874273410051"
"exdqlm_univar_synth","draw_075",1166,"2023-01-14","forecast","1.87790463313553"
"exdqlm_univar_synth","draw_075",1166,"2023-01-15","forecast","1.34593556919759"
"exdqlm_univar_synth","draw_075",1166,"2023-01-16","forecast","2.29406197767924"
"exdqlm_univar_synth","draw_075",1166,"2023-01-17","forecast","1.51143459062959"
"exdqlm_univar_synth","draw_075",1166,"2023-01-18","forecast","1.13924384489419"
"exdqlm_univar_synth","draw_075",1166,"2023-01-19","forecast","1.02476692723846"
"exdqlm_univar_synth","draw_075",1166,"2023-01-20","forecast","0.771463692195154"
"exdqlm_univar_synth","draw_075",1166,"2023-01-21","forecast","0.844325033095790"
"exdqlm_univar_synth","draw_075",1166,"2023-01-22","forecast","0.828490558975689"
"exdqlm_univar_synth","draw_076",1182,"2022-12-26","forecast","1.03758882143974"
"exdqlm_univar_synth","draw_076",1182,"2022-12-27","forecast","2.81538400514377"
"exdqlm_univar_synth","draw_076",1182,"2022-12-28","forecast","2.66972324277305"
"exdqlm_univar_synth","draw_076",1182,"2022-12-29","forecast","1.81973096789264"
"exdqlm_univar_synth","draw_076",1182,"2022-12-30","forecast","2.06821960118212"
"exdqlm_univar_synth","draw_076",1182,"2022-12-31","forecast","2.43738027147217"
"exdqlm_univar_synth","draw_076",1182,"2023-01-01","forecast","3.41124529990699"
"exdqlm_univar_synth","draw_076",1182,"2023-01-02","forecast","1.70177766040995"
"exdqlm_univar_synth","draw_076",1182,"2023-01-03","forecast","1.74607051849916"
"exdqlm_univar_synth","draw_076",1182,"2023-01-04","forecast","1.44740680952830"
"exdqlm_univar_synth","draw_076",1182,"2023-01-05","forecast","1.63078965674386"
"exdqlm_univar_synth","draw_076",1182,"2023-01-06","forecast","1.30163629922285"
"exdqlm_univar_synth","draw_076",1182,"2023-01-07","forecast","1.31404248911054"
"exdqlm_univar_synth","draw_076",1182,"2023-01-08","forecast","1.80430374952301"
"exdqlm_univar_synth","draw_076",1182,"2023-01-09","forecast","2.19004095803276"
"exdqlm_univar_synth","draw_076",1182,"2023-01-10","forecast","2.24862307529329"
"exdqlm_univar_synth","draw_076",1182,"2023-01-11","forecast","1.56342852792581"
"exdqlm_univar_synth","draw_076",1182,"2023-01-12","forecast","2.28046930079720"
"exdqlm_univar_synth","draw_076",1182,"2023-01-13","forecast","1.46297830732273"
"exdqlm_univar_synth","draw_076",1182,"2023-01-14","forecast","1.50997967420738"
"exdqlm_univar_synth","draw_076",1182,"2023-01-15","forecast","1.21508928729637"
"exdqlm_univar_synth","draw_076",1182,"2023-01-16","forecast","2.29190159303849"
"exdqlm_univar_synth","draw_076",1182,"2023-01-17","forecast","1.13793100272740"
"exdqlm_univar_synth","draw_076",1182,"2023-01-18","forecast","1.14598153901003"
"exdqlm_univar_synth","draw_076",1182,"2023-01-19","forecast","0.955813686494705"
"exdqlm_univar_synth","draw_076",1182,"2023-01-20","forecast","0.439627500160946"
"exdqlm_univar_synth","draw_076",1182,"2023-01-21","forecast","0.843095748289937"
"exdqlm_univar_synth","draw_076",1182,"2023-01-22","forecast","0.613966126049142"
"exdqlm_univar_synth","draw_077",1197,"2022-12-26","forecast","0.895079919361151"
"exdqlm_univar_synth","draw_077",1197,"2022-12-27","forecast","3.10819338804584"
"exdqlm_univar_synth","draw_077",1197,"2022-12-28","forecast","2.34917876337997"
"exdqlm_univar_synth","draw_077",1197,"2022-12-29","forecast","1.66871307047394"
"exdqlm_univar_synth","draw_077",1197,"2022-12-30","forecast","2.40805018949254"
"exdqlm_univar_synth","draw_077",1197,"2022-12-31","forecast","2.65681173064862"
"exdqlm_univar_synth","draw_077",1197,"2023-01-01","forecast","3.30126082383436"
"exdqlm_univar_synth","draw_077",1197,"2023-01-02","forecast","2.20851262160198"
"exdqlm_univar_synth","draw_077",1197,"2023-01-03","forecast","1.49160599770632"
"exdqlm_univar_synth","draw_077",1197,"2023-01-04","forecast","0.969773704048397"
"exdqlm_univar_synth","draw_077",1197,"2023-01-05","forecast","1.36006968317672"
"exdqlm_univar_synth","draw_077",1197,"2023-01-06","forecast","1.64419082570537"
"exdqlm_univar_synth","draw_077",1197,"2023-01-07","forecast","1.07603126607603"
"exdqlm_univar_synth","draw_077",1197,"2023-01-08","forecast","1.77822298422027"
"exdqlm_univar_synth","draw_077",1197,"2023-01-09","forecast","2.24835786024282"
"exdqlm_univar_synth","draw_077",1197,"2023-01-10","forecast","2.30002911676964"
"exdqlm_univar_synth","draw_077",1197,"2023-01-11","forecast","1.08209024894514"
"exdqlm_univar_synth","draw_077",1197,"2023-01-12","forecast","2.27693758353218"
"exdqlm_univar_synth","draw_077",1197,"2023-01-13","forecast","1.74176171866341"
"exdqlm_univar_synth","draw_077",1197,"2023-01-14","forecast","2.03650832422642"
"exdqlm_univar_synth","draw_077",1197,"2023-01-15","forecast","1.95651569808344"
"exdqlm_univar_synth","draw_077",1197,"2023-01-16","forecast","2.10914695137127"
"exdqlm_univar_synth","draw_077",1197,"2023-01-17","forecast","1.51225273830585"
"exdqlm_univar_synth","draw_077",1197,"2023-01-18","forecast","1.14927573671212"
"exdqlm_univar_synth","draw_077",1197,"2023-01-19","forecast","0.952360151827896"
"exdqlm_univar_synth","draw_077",1197,"2023-01-20","forecast","0.797206655613959"
"exdqlm_univar_synth","draw_077",1197,"2023-01-21","forecast","0.839499242924637"
"exdqlm_univar_synth","draw_077",1197,"2023-01-22","forecast","0.826259485644320"
"exdqlm_univar_synth","draw_078",1213,"2022-12-26","forecast","1.34435189984254"
"exdqlm_univar_synth","draw_078",1213,"2022-12-27","forecast","2.99497881860483"
"exdqlm_univar_synth","draw_078",1213,"2022-12-28","forecast","2.57480580209484"
"exdqlm_univar_synth","draw_078",1213,"2022-12-29","forecast","1.64383075985568"
"exdqlm_univar_synth","draw_078",1213,"2022-12-30","forecast","1.45030339024219"
"exdqlm_univar_synth","draw_078",1213,"2022-12-31","forecast","3.05689991467377"
"exdqlm_univar_synth","draw_078",1213,"2023-01-01","forecast","3.15468078378005"
"exdqlm_univar_synth","draw_078",1213,"2023-01-02","forecast","2.02446380986847"
"exdqlm_univar_synth","draw_078",1213,"2023-01-03","forecast","1.97949000043794"
"exdqlm_univar_synth","draw_078",1213,"2023-01-04","forecast","1.46944624905459"
"exdqlm_univar_synth","draw_078",1213,"2023-01-05","forecast","2.03529404475014"
"exdqlm_univar_synth","draw_078",1213,"2023-01-06","forecast","1.34819256810476"
"exdqlm_univar_synth","draw_078",1213,"2023-01-07","forecast","1.04834609851902"
"exdqlm_univar_synth","draw_078",1213,"2023-01-08","forecast","1.68727468748075"
"exdqlm_univar_synth","draw_078",1213,"2023-01-09","forecast","1.65208469112476"
"exdqlm_univar_synth","draw_078",1213,"2023-01-10","forecast","2.20342812613820"
"exdqlm_univar_synth","draw_078",1213,"2023-01-11","forecast","1.58395726595273"
"exdqlm_univar_synth","draw_078",1213,"2023-01-12","forecast","2.15154661118192"
"exdqlm_univar_synth","draw_078",1213,"2023-01-13","forecast","1.77065259433597"
"exdqlm_univar_synth","draw_078",1213,"2023-01-14","forecast","1.96367196823838"
"exdqlm_univar_synth","draw_078",1213,"2023-01-15","forecast","1.88109749238734"
"exdqlm_univar_synth","draw_078",1213,"2023-01-16","forecast","2.29066523220141"
"exdqlm_univar_synth","draw_078",1213,"2023-01-17","forecast","1.33202220533232"
"exdqlm_univar_synth","draw_078",1213,"2023-01-18","forecast","1.14969658127264"
"exdqlm_univar_synth","draw_078",1213,"2023-01-19","forecast","0.946166584893480"
"exdqlm_univar_synth","draw_078",1213,"2023-01-20","forecast","0.571446584801583"
"exdqlm_univar_synth","draw_078",1213,"2023-01-21","forecast","0.534497969426228"
"exdqlm_univar_synth","draw_078",1213,"2023-01-22","forecast","0.508368435471880"
"exdqlm_univar_synth","draw_079",1229,"2022-12-26","forecast","1.27918382591704"
"exdqlm_univar_synth","draw_079",1229,"2022-12-27","forecast","2.43536326301688"
"exdqlm_univar_synth","draw_079",1229,"2022-12-28","forecast","2.52091814052968"
"exdqlm_univar_synth","draw_079",1229,"2022-12-29","forecast","1.86449093264133"
"exdqlm_univar_synth","draw_079",1229,"2022-12-30","forecast","2.07172655918913"
"exdqlm_univar_synth","draw_079",1229,"2022-12-31","forecast","2.90934640337080"
"exdqlm_univar_synth","draw_079",1229,"2023-01-01","forecast","3.30906427707431"
"exdqlm_univar_synth","draw_079",1229,"2023-01-02","forecast","1.56401267874982"
"exdqlm_univar_synth","draw_079",1229,"2023-01-03","forecast","2.12460045496272"
"exdqlm_univar_synth","draw_079",1229,"2023-01-04","forecast","1.47362980747912"
"exdqlm_univar_synth","draw_079",1229,"2023-01-05","forecast","2.03474681439896"
"exdqlm_univar_synth","draw_079",1229,"2023-01-06","forecast","1.39086376360436"
"exdqlm_univar_synth","draw_079",1229,"2023-01-07","forecast","1.31458302324762"
"exdqlm_univar_synth","draw_079",1229,"2023-01-08","forecast","1.78118696952147"
"exdqlm_univar_synth","draw_079",1229,"2023-01-09","forecast","1.92834339077187"
"exdqlm_univar_synth","draw_079",1229,"2023-01-10","forecast","1.53764548336401"
"exdqlm_univar_synth","draw_079",1229,"2023-01-11","forecast","1.67613594984355"
"exdqlm_univar_synth","draw_079",1229,"2023-01-12","forecast","2.45032099411083"
"exdqlm_univar_synth","draw_079",1229,"2023-01-13","forecast","1.27669664604756"
"exdqlm_univar_synth","draw_079",1229,"2023-01-14","forecast","2.05765287198228"
"exdqlm_univar_synth","draw_079",1229,"2023-01-15","forecast","1.95800672037271"
"exdqlm_univar_synth","draw_079",1229,"2023-01-16","forecast","2.29313272051111"
"exdqlm_univar_synth","draw_079",1229,"2023-01-17","forecast","1.01349818513816"
"exdqlm_univar_synth","draw_079",1229,"2023-01-18","forecast","1.13966910810811"
"exdqlm_univar_synth","draw_079",1229,"2023-01-19","forecast","0.953393351704779"
"exdqlm_univar_synth","draw_079",1229,"2023-01-20","forecast","0.819156621166070"
"exdqlm_univar_synth","draw_079",1229,"2023-01-21","forecast","0.483058083253905"
"exdqlm_univar_synth","draw_079",1229,"2023-01-22","forecast","0.756761322535423"
"exdqlm_univar_synth","draw_080",1244,"2022-12-26","forecast","0.872768455641932"
"exdqlm_univar_synth","draw_080",1244,"2022-12-27","forecast","2.68524737404311"
"exdqlm_univar_synth","draw_080",1244,"2022-12-28","forecast","1.84402045538379"
"exdqlm_univar_synth","draw_080",1244,"2022-12-29","forecast","2.18903648169971"
"exdqlm_univar_synth","draw_080",1244,"2022-12-30","forecast","2.33419251784624"
"exdqlm_univar_synth","draw_080",1244,"2022-12-31","forecast","3.09313663285832"
"exdqlm_univar_synth","draw_080",1244,"2023-01-01","forecast","2.63816902694100"
"exdqlm_univar_synth","draw_080",1244,"2023-01-02","forecast","2.02553030960422"
"exdqlm_univar_synth","draw_080",1244,"2023-01-03","forecast","2.05710617010857"
"exdqlm_univar_synth","draw_080",1244,"2023-01-04","forecast","1.46763105615329"
"exdqlm_univar_synth","draw_080",1244,"2023-01-05","forecast","1.37604210798313"
"exdqlm_univar_synth","draw_080",1244,"2023-01-06","forecast","1.01046228449077"
"exdqlm_univar_synth","draw_080",1244,"2023-01-07","forecast","1.31586755025548"
"exdqlm_univar_synth","draw_080",1244,"2023-01-08","forecast","1.78017947042005"
"exdqlm_univar_synth","draw_080",1244,"2023-01-09","forecast","2.19213737281037"
"exdqlm_univar_synth","draw_080",1244,"2023-01-10","forecast","1.72771590915010"
"exdqlm_univar_synth","draw_080",1244,"2023-01-11","forecast","1.51801290666720"
"exdqlm_univar_synth","draw_080",1244,"2023-01-12","forecast","2.05756048148378"
"exdqlm_univar_synth","draw_080",1244,"2023-01-13","forecast","1.97991233866761"
"exdqlm_univar_synth","draw_080",1244,"2023-01-14","forecast","2.03454529579236"
"exdqlm_univar_synth","draw_080",1244,"2023-01-15","forecast","1.49160235838150"
"exdqlm_univar_synth","draw_080",1244,"2023-01-16","forecast","1.94593035124585"
"exdqlm_univar_synth","draw_080",1244,"2023-01-17","forecast","0.900115411493511"
"exdqlm_univar_synth","draw_080",1244,"2023-01-18","forecast","1.15060878790899"
"exdqlm_univar_synth","draw_080",1244,"2023-01-19","forecast","0.955665477047072"
"exdqlm_univar_synth","draw_080",1244,"2023-01-20","forecast","0.818751290415870"
"exdqlm_univar_synth","draw_080",1244,"2023-01-21","forecast","0.844971235605913"
"exdqlm_univar_synth","draw_080",1244,"2023-01-22","forecast","0.823150666004386"
"exdqlm_univar_synth","draw_081",1260,"2022-12-26","forecast","0.974641384086849"
"exdqlm_univar_synth","draw_081",1260,"2022-12-27","forecast","2.90802121594352"
"exdqlm_univar_synth","draw_081",1260,"2022-12-28","forecast","2.93182961630082"
"exdqlm_univar_synth","draw_081",1260,"2022-12-29","forecast","1.76182604038399"
"exdqlm_univar_synth","draw_081",1260,"2022-12-30","forecast","2.33700578668851"
"exdqlm_univar_synth","draw_081",1260,"2022-12-31","forecast","2.98683554672063"
"exdqlm_univar_synth","draw_081",1260,"2023-01-01","forecast","3.28223828776374"
"exdqlm_univar_synth","draw_081",1260,"2023-01-02","forecast","2.01785822735879"
"exdqlm_univar_synth","draw_081",1260,"2023-01-03","forecast","2.07031343419400"
"exdqlm_univar_synth","draw_081",1260,"2023-01-04","forecast","1.21725935563497"
"exdqlm_univar_synth","draw_081",1260,"2023-01-05","forecast","2.12135258079082"
"exdqlm_univar_synth","draw_081",1260,"2023-01-06","forecast","1.26011559499946"
"exdqlm_univar_synth","draw_081",1260,"2023-01-07","forecast","1.31420981983880"
"exdqlm_univar_synth","draw_081",1260,"2023-01-08","forecast","1.77871714963503"
"exdqlm_univar_synth","draw_081",1260,"2023-01-09","forecast","1.85668446706084"
"exdqlm_univar_synth","draw_081",1260,"2023-01-10","forecast","1.92580301485823"
"exdqlm_univar_synth","draw_081",1260,"2023-01-11","forecast","1.59793657778980"
"exdqlm_univar_synth","draw_081",1260,"2023-01-12","forecast","1.86339899583714"
"exdqlm_univar_synth","draw_081",1260,"2023-01-13","forecast","1.66057340998968"
"exdqlm_univar_synth","draw_081",1260,"2023-01-14","forecast","1.57328186745167"
"exdqlm_univar_synth","draw_081",1260,"2023-01-15","forecast","1.95846852506086"
"exdqlm_univar_synth","draw_081",1260,"2023-01-16","forecast","2.36187752033843"
"exdqlm_univar_synth","draw_081",1260,"2023-01-17","forecast","1.47849969831200"
"exdqlm_univar_synth","draw_081",1260,"2023-01-18","forecast","0.808789183047316"
"exdqlm_univar_synth","draw_081",1260,"2023-01-19","forecast","0.953242286880003"
"exdqlm_univar_synth","draw_081",1260,"2023-01-20","forecast","0.819017789372304"
"exdqlm_univar_synth","draw_081",1260,"2023-01-21","forecast","0.847144662537628"
"exdqlm_univar_synth","draw_081",1260,"2023-01-22","forecast","0.877926214867914"
"exdqlm_univar_synth","draw_082",1276,"2022-12-26","forecast","1.19477221983727"
"exdqlm_univar_synth","draw_082",1276,"2022-12-27","forecast","2.72627495676001"
"exdqlm_univar_synth","draw_082",1276,"2022-12-28","forecast","2.00263168084010"
"exdqlm_univar_synth","draw_082",1276,"2022-12-29","forecast","1.55184288313300"
"exdqlm_univar_synth","draw_082",1276,"2022-12-30","forecast","2.03961580341418"
"exdqlm_univar_synth","draw_082",1276,"2022-12-31","forecast","2.81498255389901"
"exdqlm_univar_synth","draw_082",1276,"2023-01-01","forecast","2.56087427393051"
"exdqlm_univar_synth","draw_082",1276,"2023-01-02","forecast","2.02448067144544"
"exdqlm_univar_synth","draw_082",1276,"2023-01-03","forecast","2.47464213211183"
"exdqlm_univar_synth","draw_082",1276,"2023-01-04","forecast","1.37202303097599"
"exdqlm_univar_synth","draw_082",1276,"2023-01-05","forecast","1.96682790056761"
"exdqlm_univar_synth","draw_082",1276,"2023-01-06","forecast","1.70581918386159"
"exdqlm_univar_synth","draw_082",1276,"2023-01-07","forecast","1.31432269446344"
"exdqlm_univar_synth","draw_082",1276,"2023-01-08","forecast","1.78832349002349"
"exdqlm_univar_synth","draw_082",1276,"2023-01-09","forecast","1.42963464099615"
"exdqlm_univar_synth","draw_082",1276,"2023-01-10","forecast","2.13917574914833"
"exdqlm_univar_synth","draw_082",1276,"2023-01-11","forecast","1.00048238414905"
"exdqlm_univar_synth","draw_082",1276,"2023-01-12","forecast","1.49077613294987"
"exdqlm_univar_synth","draw_082",1276,"2023-01-13","forecast","1.31662684127533"
"exdqlm_univar_synth","draw_082",1276,"2023-01-14","forecast","2.07004454603574"
"exdqlm_univar_synth","draw_082",1276,"2023-01-15","forecast","1.99919762702824"
"exdqlm_univar_synth","draw_082",1276,"2023-01-16","forecast","2.48782804112569"
"exdqlm_univar_synth","draw_082",1276,"2023-01-17","forecast","1.51005281009149"
"exdqlm_univar_synth","draw_082",1276,"2023-01-18","forecast","0.651443368421410"
"exdqlm_univar_synth","draw_082",1276,"2023-01-19","forecast","0.657364099334496"
"exdqlm_univar_synth","draw_082",1276,"2023-01-20","forecast","0.662495355529838"
"exdqlm_univar_synth","draw_082",1276,"2023-01-21","forecast","0.843650349289481"
"exdqlm_univar_synth","draw_082",1276,"2023-01-22","forecast","0.545001561868497"
"exdqlm_univar_synth","draw_083",1292,"2022-12-26","forecast","1.03088454875460"
"exdqlm_univar_synth","draw_083",1292,"2022-12-27","forecast","3.34579338711530"
"exdqlm_univar_synth","draw_083",1292,"2022-12-28","forecast","2.11702124407815"
"exdqlm_univar_synth","draw_083",1292,"2022-12-29","forecast","1.80574460693462"
"exdqlm_univar_synth","draw_083",1292,"2022-12-30","forecast","2.02381210918695"
"exdqlm_univar_synth","draw_083",1292,"2022-12-31","forecast","3.07779441973118"
"exdqlm_univar_synth","draw_083",1292,"2023-01-01","forecast","3.37909277601993"
"exdqlm_univar_synth","draw_083",1292,"2023-01-02","forecast","1.57121292687169"
"exdqlm_univar_synth","draw_083",1292,"2023-01-03","forecast","1.79586343967431"
"exdqlm_univar_synth","draw_083",1292,"2023-01-04","forecast","1.46919888969862"
"exdqlm_univar_synth","draw_083",1292,"2023-01-05","forecast","2.01604445609165"
"exdqlm_univar_synth","draw_083",1292,"2023-01-06","forecast","1.70744261474478"
"exdqlm_univar_synth","draw_083",1292,"2023-01-07","forecast","1.04831664294433"
"exdqlm_univar_synth","draw_083",1292,"2023-01-08","forecast","1.73970985203138"
"exdqlm_univar_synth","draw_083",1292,"2023-01-09","forecast","2.19086731484312"
"exdqlm_univar_synth","draw_083",1292,"2023-01-10","forecast","1.65028948490390"
"exdqlm_univar_synth","draw_083",1292,"2023-01-11","forecast","1.37220538090320"
"exdqlm_univar_synth","draw_083",1292,"2023-01-12","forecast","2.28370750337354"
"exdqlm_univar_synth","draw_083",1292,"2023-01-13","forecast","1.66035937975548"
"exdqlm_univar_synth","draw_083",1292,"2023-01-14","forecast","1.82664107423858"
"exdqlm_univar_synth","draw_083",1292,"2023-01-15","forecast","1.95711209341695"
"exdqlm_univar_synth","draw_083",1292,"2023-01-16","forecast","1.60227062206494"
"exdqlm_univar_synth","draw_083",1292,"2023-01-17","forecast","1.20861486902069"
"exdqlm_univar_synth","draw_083",1292,"2023-01-18","forecast","1.14406226679939"
"exdqlm_univar_synth","draw_083",1292,"2023-01-19","forecast","0.983451062423861"
"exdqlm_univar_synth","draw_083",1292,"2023-01-20","forecast","0.819071314584031"
"exdqlm_univar_synth","draw_083",1292,"2023-01-21","forecast","0.351505204122116"
"exdqlm_univar_synth","draw_083",1292,"2023-01-22","forecast","0.828581450169824"
"exdqlm_univar_synth","draw_084",1307,"2022-12-26","forecast","0.756855805111143"
"exdqlm_univar_synth","draw_084",1307,"2022-12-27","forecast","3.40846190319961"
"exdqlm_univar_synth","draw_084",1307,"2022-12-28","forecast","2.71114023959117"
"exdqlm_univar_synth","draw_084",1307,"2022-12-29","forecast","1.73995588295247"
"exdqlm_univar_synth","draw_084",1307,"2022-12-30","forecast","1.62275294001873"
"exdqlm_univar_synth","draw_084",1307,"2022-12-31","forecast","2.58545192254726"
"exdqlm_univar_synth","draw_084",1307,"2023-01-01","forecast","3.58202058203543"
"exdqlm_univar_synth","draw_084",1307,"2023-01-02","forecast","1.70440934947413"
"exdqlm_univar_synth","draw_084",1307,"2023-01-03","forecast","1.75996067626345"
"exdqlm_univar_synth","draw_084",1307,"2023-01-04","forecast","1.29254163540018"
"exdqlm_univar_synth","draw_084",1307,"2023-01-05","forecast","1.53840864160158"
"exdqlm_univar_synth","draw_084",1307,"2023-01-06","forecast","1.62929690474925"
"exdqlm_univar_synth","draw_084",1307,"2023-01-07","forecast","1.26216709723392"
"exdqlm_univar_synth","draw_084",1307,"2023-01-08","forecast","1.76400570042756"
"exdqlm_univar_synth","draw_084",1307,"2023-01-09","forecast","1.93915029483894"
"exdqlm_univar_synth","draw_084",1307,"2023-01-10","forecast","2.03335475785839"
"exdqlm_univar_synth","draw_084",1307,"2023-01-11","forecast","1.59090175978084"
"exdqlm_univar_synth","draw_084",1307,"2023-01-12","forecast","1.64566841279950"
"exdqlm_univar_synth","draw_084",1307,"2023-01-13","forecast","1.66294783577222"
"exdqlm_univar_synth","draw_084",1307,"2023-01-14","forecast","1.94815001858061"
"exdqlm_univar_synth","draw_084",1307,"2023-01-15","forecast","1.95933235021990"
"exdqlm_univar_synth","draw_084",1307,"2023-01-16","forecast","2.29137608949630"
"exdqlm_univar_synth","draw_084",1307,"2023-01-17","forecast","1.57819542241084"
"exdqlm_univar_synth","draw_084",1307,"2023-01-18","forecast","1.15107736024517"
"exdqlm_univar_synth","draw_084",1307,"2023-01-19","forecast","0.955961716951453"
"exdqlm_univar_synth","draw_084",1307,"2023-01-20","forecast","0.816453335549303"
"exdqlm_univar_synth","draw_084",1307,"2023-01-21","forecast","0.841639443869023"
"exdqlm_univar_synth","draw_084",1307,"2023-01-22","forecast","0.755955777796993"
"exdqlm_univar_synth","draw_085",1323,"2022-12-26","forecast","1.06868999104146"
"exdqlm_univar_synth","draw_085",1323,"2022-12-27","forecast","3.60808045803733"
"exdqlm_univar_synth","draw_085",1323,"2022-12-28","forecast","2.38657283496465"
"exdqlm_univar_synth","draw_085",1323,"2022-12-29","forecast","1.81061715689625"
"exdqlm_univar_synth","draw_085",1323,"2022-12-30","forecast","1.80836020078995"
"exdqlm_univar_synth","draw_085",1323,"2022-12-31","forecast","3.16664003667954"
"exdqlm_univar_synth","draw_085",1323,"2023-01-01","forecast","3.10848843292521"
"exdqlm_univar_synth","draw_085",1323,"2023-01-02","forecast","2.02293654202531"
"exdqlm_univar_synth","draw_085",1323,"2023-01-03","forecast","1.63640093244847"
"exdqlm_univar_synth","draw_085",1323,"2023-01-04","forecast","0.866897172201616"
"exdqlm_univar_synth","draw_085",1323,"2023-01-05","forecast","2.05824772147278"
"exdqlm_univar_synth","draw_085",1323,"2023-01-06","forecast","1.70745406229498"
"exdqlm_univar_synth","draw_085",1323,"2023-01-07","forecast","1.22957437161516"
"exdqlm_univar_synth","draw_085",1323,"2023-01-08","forecast","1.62892127765903"
"exdqlm_univar_synth","draw_085",1323,"2023-01-09","forecast","2.15692533110226"
"exdqlm_univar_synth","draw_085",1323,"2023-01-10","forecast","1.53698774508462"
"exdqlm_univar_synth","draw_085",1323,"2023-01-11","forecast","1.58276373499766"
"exdqlm_univar_synth","draw_085",1323,"2023-01-12","forecast","1.59987227045693"
"exdqlm_univar_synth","draw_085",1323,"2023-01-13","forecast","1.72377532042413"
"exdqlm_univar_synth","draw_085",1323,"2023-01-14","forecast","1.18751008519500"
"exdqlm_univar_synth","draw_085",1323,"2023-01-15","forecast","1.95756041284303"
"exdqlm_univar_synth","draw_085",1323,"2023-01-16","forecast","1.50158618973584"
"exdqlm_univar_synth","draw_085",1323,"2023-01-17","forecast","1.52794469456571"
"exdqlm_univar_synth","draw_085",1323,"2023-01-18","forecast","0.503628729488946"
"exdqlm_univar_synth","draw_085",1323,"2023-01-19","forecast","0.965222466691049"
"exdqlm_univar_synth","draw_085",1323,"2023-01-20","forecast","0.817549445855596"
"exdqlm_univar_synth","draw_085",1323,"2023-01-21","forecast","0.847347706975228"
"exdqlm_univar_synth","draw_085",1323,"2023-01-22","forecast","0.826619609277492"
"exdqlm_univar_synth","draw_086",1339,"2022-12-26","forecast","0.833474333585204"
"exdqlm_univar_synth","draw_086",1339,"2022-12-27","forecast","3.31211869488853"
"exdqlm_univar_synth","draw_086",1339,"2022-12-28","forecast","2.53965673524519"
"exdqlm_univar_synth","draw_086",1339,"2022-12-29","forecast","2.06481673514227"
"exdqlm_univar_synth","draw_086",1339,"2022-12-30","forecast","2.39577787402392"
"exdqlm_univar_synth","draw_086",1339,"2022-12-31","forecast","2.82211410245139"
"exdqlm_univar_synth","draw_086",1339,"2023-01-01","forecast","2.80119894764652"
"exdqlm_univar_synth","draw_086",1339,"2023-01-02","forecast","2.01334625803014"
"exdqlm_univar_synth","draw_086",1339,"2023-01-03","forecast","1.68041221113295"
"exdqlm_univar_synth","draw_086",1339,"2023-01-04","forecast","1.52235545185504"
"exdqlm_univar_synth","draw_086",1339,"2023-01-05","forecast","1.99113445881556"
"exdqlm_univar_synth","draw_086",1339,"2023-01-06","forecast","1.15777108830880"
"exdqlm_univar_synth","draw_086",1339,"2023-01-07","forecast","0.927130372881146"
"exdqlm_univar_synth","draw_086",1339,"2023-01-08","forecast","1.24055321071796"
"exdqlm_univar_synth","draw_086",1339,"2023-01-09","forecast","2.19055642321461"
"exdqlm_univar_synth","draw_086",1339,"2023-01-10","forecast","2.02812101367450"
"exdqlm_univar_synth","draw_086",1339,"2023-01-11","forecast","1.10856472741812"
"exdqlm_univar_synth","draw_086",1339,"2023-01-12","forecast","1.46365341375257"
"exdqlm_univar_synth","draw_086",1339,"2023-01-13","forecast","1.75643071968835"
"exdqlm_univar_synth","draw_086",1339,"2023-01-14","forecast","2.03301886936117"
"exdqlm_univar_synth","draw_086",1339,"2023-01-15","forecast","1.95543680164478"
"exdqlm_univar_synth","draw_086",1339,"2023-01-16","forecast","2.20952421965773"
"exdqlm_univar_synth","draw_086",1339,"2023-01-17","forecast","1.51160325541194"
"exdqlm_univar_synth","draw_086",1339,"2023-01-18","forecast","1.14178266361643"
"exdqlm_univar_synth","draw_086",1339,"2023-01-19","forecast","1.04888101945005"
"exdqlm_univar_synth","draw_086",1339,"2023-01-20","forecast","0.623104394454405"
"exdqlm_univar_synth","draw_086",1339,"2023-01-21","forecast","0.848752880064370"
"exdqlm_univar_synth","draw_086",1339,"2023-01-22","forecast","0.820353221212468"
"exdqlm_univar_synth","draw_087",1355,"2022-12-26","forecast","1.37772868784116"
"exdqlm_univar_synth","draw_087",1355,"2022-12-27","forecast","3.43145942073434"
"exdqlm_univar_synth","draw_087",1355,"2022-12-28","forecast","2.12280180833130"
"exdqlm_univar_synth","draw_087",1355,"2022-12-29","forecast","2.06426615326676"
"exdqlm_univar_synth","draw_087",1355,"2022-12-30","forecast","1.65755333351230"
"exdqlm_univar_synth","draw_087",1355,"2022-12-31","forecast","2.89227256633907"
"exdqlm_univar_synth","draw_087",1355,"2023-01-01","forecast","2.92205743641633"
"exdqlm_univar_synth","draw_087",1355,"2023-01-02","forecast","1.92838365388570"
"exdqlm_univar_synth","draw_087",1355,"2023-01-03","forecast","2.29313748315044"
"exdqlm_univar_synth","draw_087",1355,"2023-01-04","forecast","1.38137135316568"
"exdqlm_univar_synth","draw_087",1355,"2023-01-05","forecast","2.03561657457611"
"exdqlm_univar_synth","draw_087",1355,"2023-01-06","forecast","1.70762805950780"
"exdqlm_univar_synth","draw_087",1355,"2023-01-07","forecast","1.31561031069799"
"exdqlm_univar_synth","draw_087",1355,"2023-01-08","forecast","1.77832395093423"
"exdqlm_univar_synth","draw_087",1355,"2023-01-09","forecast","1.65428917830778"
"exdqlm_univar_synth","draw_087",1355,"2023-01-10","forecast","1.97329086411992"
"exdqlm_univar_synth","draw_087",1355,"2023-01-11","forecast","1.58780378817790"
"exdqlm_univar_synth","draw_087",1355,"2023-01-12","forecast","2.28903597634640"
"exdqlm_univar_synth","draw_087",1355,"2023-01-13","forecast","1.65847741628820"
"exdqlm_univar_synth","draw_087",1355,"2023-01-14","forecast","2.03457274220040"
"exdqlm_univar_synth","draw_087",1355,"2023-01-15","forecast","1.70156383215307"
"exdqlm_univar_synth","draw_087",1355,"2023-01-16","forecast","2.30282920510251"
"exdqlm_univar_synth","draw_087",1355,"2023-01-17","forecast","1.45405629576271"
"exdqlm_univar_synth","draw_087",1355,"2023-01-18","forecast","1.14927224060846"
"exdqlm_univar_synth","draw_087",1355,"2023-01-19","forecast","0.570088234933027"
"exdqlm_univar_synth","draw_087",1355,"2023-01-20","forecast","0.818515650438991"
"exdqlm_univar_synth","draw_087",1355,"2023-01-21","forecast","0.845470488108406"
"exdqlm_univar_synth","draw_087",1355,"2023-01-22","forecast","0.820339756448836"
"exdqlm_univar_synth","draw_088",1370,"2022-12-26","forecast","0.770656492032611"
"exdqlm_univar_synth","draw_088",1370,"2022-12-27","forecast","2.77472307968777"
"exdqlm_univar_synth","draw_088",1370,"2022-12-28","forecast","2.93208487448442"
"exdqlm_univar_synth","draw_088",1370,"2022-12-29","forecast","1.64560167631839"
"exdqlm_univar_synth","draw_088",1370,"2022-12-30","forecast","1.65460656896903"
"exdqlm_univar_synth","draw_088",1370,"2022-12-31","forecast","3.00780322775569"
"exdqlm_univar_synth","draw_088",1370,"2023-01-01","forecast","3.22559692855872"
"exdqlm_univar_synth","draw_088",1370,"2023-01-02","forecast","1.93091346771379"
"exdqlm_univar_synth","draw_088",1370,"2023-01-03","forecast","1.84791697697089"
"exdqlm_univar_synth","draw_088",1370,"2023-01-04","forecast","1.27724013162590"
"exdqlm_univar_synth","draw_088",1370,"2023-01-05","forecast","1.99273504481126"
"exdqlm_univar_synth","draw_088",1370,"2023-01-06","forecast","1.12148721217921"
"exdqlm_univar_synth","draw_088",1370,"2023-01-07","forecast","1.35909167552262"
"exdqlm_univar_synth","draw_088",1370,"2023-01-08","forecast","1.38182647658106"
"exdqlm_univar_synth","draw_088",1370,"2023-01-09","forecast","2.06756520668964"
"exdqlm_univar_synth","draw_088",1370,"2023-01-10","forecast","2.02686116245899"
"exdqlm_univar_synth","draw_088",1370,"2023-01-11","forecast","1.07412230340712"
"exdqlm_univar_synth","draw_088",1370,"2023-01-12","forecast","1.58699370761483"
"exdqlm_univar_synth","draw_088",1370,"2023-01-13","forecast","1.65714505210100"
"exdqlm_univar_synth","draw_088",1370,"2023-01-14","forecast","2.03473367873508"
"exdqlm_univar_synth","draw_088",1370,"2023-01-15","forecast","1.65981155084915"
"exdqlm_univar_synth","draw_088",1370,"2023-01-16","forecast","2.29153618752234"
"exdqlm_univar_synth","draw_088",1370,"2023-01-17","forecast","1.45825345316061"
"exdqlm_univar_synth","draw_088",1370,"2023-01-18","forecast","1.01715052828834"
"exdqlm_univar_synth","draw_088",1370,"2023-01-19","forecast","0.741132203633802"
"exdqlm_univar_synth","draw_088",1370,"2023-01-20","forecast","0.819842300118209"
"exdqlm_univar_synth","draw_088",1370,"2023-01-21","forecast","0.835504289198907"
"exdqlm_univar_synth","draw_088",1370,"2023-01-22","forecast","0.825198374622137"
"exdqlm_univar_synth","draw_089",1386,"2022-12-26","forecast","0.827631437039342"
"exdqlm_univar_synth","draw_089",1386,"2022-12-27","forecast","2.84815635292912"
"exdqlm_univar_synth","draw_089",1386,"2022-12-28","forecast","2.40611219306387"
"exdqlm_univar_synth","draw_089",1386,"2022-12-29","forecast","1.14692926858620"
"exdqlm_univar_synth","draw_089",1386,"2022-12-30","forecast","1.95581350575452"
"exdqlm_univar_synth","draw_089",1386,"2022-12-31","forecast","2.91611037132498"
"exdqlm_univar_synth","draw_089",1386,"2023-01-01","forecast","3.52686231426565"
"exdqlm_univar_synth","draw_089",1386,"2023-01-02","forecast","2.00608908270880"
"exdqlm_univar_synth","draw_089",1386,"2023-01-03","forecast","1.89421284958219"
"exdqlm_univar_synth","draw_089",1386,"2023-01-04","forecast","1.44363837863054"
"exdqlm_univar_synth","draw_089",1386,"2023-01-05","forecast","1.81742312305074"
"exdqlm_univar_synth","draw_089",1386,"2023-01-06","forecast","1.07723381779425"
"exdqlm_univar_synth","draw_089",1386,"2023-01-07","forecast","1.31398006548561"
"exdqlm_univar_synth","draw_089",1386,"2023-01-08","forecast","1.76219081110629"
"exdqlm_univar_synth","draw_089",1386,"2023-01-09","forecast","2.19014444718827"
"exdqlm_univar_synth","draw_089",1386,"2023-01-10","forecast","1.75005046636164"
"exdqlm_univar_synth","draw_089",1386,"2023-01-11","forecast","1.08813364367383"
"exdqlm_univar_synth","draw_089",1386,"2023-01-12","forecast","1.52417440948029"
"exdqlm_univar_synth","draw_089",1386,"2023-01-13","forecast","1.62057740678837"
"exdqlm_univar_synth","draw_089",1386,"2023-01-14","forecast","2.03548784368163"
"exdqlm_univar_synth","draw_089",1386,"2023-01-15","forecast","1.73463860084785"
"exdqlm_univar_synth","draw_089",1386,"2023-01-16","forecast","2.31429759102082"
"exdqlm_univar_synth","draw_089",1386,"2023-01-17","forecast","1.46372182005661"
"exdqlm_univar_synth","draw_089",1386,"2023-01-18","forecast","0.757028716800271"
"exdqlm_univar_synth","draw_089",1386,"2023-01-19","forecast","0.932097187156236"
"exdqlm_univar_synth","draw_089",1386,"2023-01-20","forecast","0.299890812502222"
"exdqlm_univar_synth","draw_089",1386,"2023-01-21","forecast","0.844622334415828"
"exdqlm_univar_synth","draw_089",1386,"2023-01-22","forecast","0.829581526071731"
"exdqlm_univar_synth","draw_090",1402,"2022-12-26","forecast","0.785182903800144"
"exdqlm_univar_synth","draw_090",1402,"2022-12-27","forecast","2.88501779543241"
"exdqlm_univar_synth","draw_090",1402,"2022-12-28","forecast","1.89189213990430"
"exdqlm_univar_synth","draw_090",1402,"2022-12-29","forecast","1.50858426221077"
"exdqlm_univar_synth","draw_090",1402,"2022-12-30","forecast","1.85493458544219"
"exdqlm_univar_synth","draw_090",1402,"2022-12-31","forecast","3.04313159573255"
"exdqlm_univar_synth","draw_090",1402,"2023-01-01","forecast","2.34330421300389"
"exdqlm_univar_synth","draw_090",1402,"2023-01-02","forecast","2.00192110454836"
"exdqlm_univar_synth","draw_090",1402,"2023-01-03","forecast","2.08239216219648"
"exdqlm_univar_synth","draw_090",1402,"2023-01-04","forecast","1.57014700926126"
"exdqlm_univar_synth","draw_090",1402,"2023-01-05","forecast","2.14835377798063"
"exdqlm_univar_synth","draw_090",1402,"2023-01-06","forecast","1.70666435649431"
"exdqlm_univar_synth","draw_090",1402,"2023-01-07","forecast","0.939100944791644"
"exdqlm_univar_synth","draw_090",1402,"2023-01-08","forecast","1.69917586879511"
"exdqlm_univar_synth","draw_090",1402,"2023-01-09","forecast","2.01705370765226"
"exdqlm_univar_synth","draw_090",1402,"2023-01-10","forecast","1.36689970025051"
"exdqlm_univar_synth","draw_090",1402,"2023-01-11","forecast","0.975852253184509"
"exdqlm_univar_synth","draw_090",1402,"2023-01-12","forecast","1.51371896659774"
"exdqlm_univar_synth","draw_090",1402,"2023-01-13","forecast","1.65950321451326"
"exdqlm_univar_synth","draw_090",1402,"2023-01-14","forecast","2.03586097600379"
"exdqlm_univar_synth","draw_090",1402,"2023-01-15","forecast","1.98707292848272"
"exdqlm_univar_synth","draw_090",1402,"2023-01-16","forecast","2.22604865559945"
"exdqlm_univar_synth","draw_090",1402,"2023-01-17","forecast","1.51027928950025"
"exdqlm_univar_synth","draw_090",1402,"2023-01-18","forecast","1.09064571603329"
"exdqlm_univar_synth","draw_090",1402,"2023-01-19","forecast","0.937626043421101"
"exdqlm_univar_synth","draw_090",1402,"2023-01-20","forecast","0.810859769172689"
"exdqlm_univar_synth","draw_090",1402,"2023-01-21","forecast","0.841535321415738"
"exdqlm_univar_synth","draw_090",1402,"2023-01-22","forecast","0.822889849520285"
"exdqlm_univar_synth","draw_091",1418,"2022-12-26","forecast","1.12551965798529"
"exdqlm_univar_synth","draw_091",1418,"2022-12-27","forecast","2.87732878921417"
"exdqlm_univar_synth","draw_091",1418,"2022-12-28","forecast","1.96839401339491"
"exdqlm_univar_synth","draw_091",1418,"2022-12-29","forecast","1.23221683172986"
"exdqlm_univar_synth","draw_091",1418,"2022-12-30","forecast","1.59861398427880"
"exdqlm_univar_synth","draw_091",1418,"2022-12-31","forecast","2.94845279340815"
"exdqlm_univar_synth","draw_091",1418,"2023-01-01","forecast","2.76373327352200"
"exdqlm_univar_synth","draw_091",1418,"2023-01-02","forecast","1.36793613584082"
"exdqlm_univar_synth","draw_091",1418,"2023-01-03","forecast","2.21542125309513"
"exdqlm_univar_synth","draw_091",1418,"2023-01-04","forecast","1.04152792512645"
"exdqlm_univar_synth","draw_091",1418,"2023-01-05","forecast","1.52425807970606"
"exdqlm_univar_synth","draw_091",1418,"2023-01-06","forecast","1.75439560168966"
"exdqlm_univar_synth","draw_091",1418,"2023-01-07","forecast","1.31250449880401"
"exdqlm_univar_synth","draw_091",1418,"2023-01-08","forecast","1.93615407250828"
"exdqlm_univar_synth","draw_091",1418,"2023-01-09","forecast","2.18909466839102"
"exdqlm_univar_synth","draw_091",1418,"2023-01-10","forecast","1.31164505370583"
"exdqlm_univar_synth","draw_091",1418,"2023-01-11","forecast","1.73231557786343"
"exdqlm_univar_synth","draw_091",1418,"2023-01-12","forecast","1.81254097051435"
"exdqlm_univar_synth","draw_091",1418,"2023-01-13","forecast","1.10070978388783"
"exdqlm_univar_synth","draw_091",1418,"2023-01-14","forecast","2.33424987963763"
"exdqlm_univar_synth","draw_091",1418,"2023-01-15","forecast","1.95866196996354"
"exdqlm_univar_synth","draw_091",1418,"2023-01-16","forecast","2.30693170570381"
"exdqlm_univar_synth","draw_091",1418,"2023-01-17","forecast","1.51337017664448"
"exdqlm_univar_synth","draw_091",1418,"2023-01-18","forecast","1.15138591273243"
"exdqlm_univar_synth","draw_091",1418,"2023-01-19","forecast","0.955977554460357"
"exdqlm_univar_synth","draw_091",1418,"2023-01-20","forecast","0.299404506408223"
"exdqlm_univar_synth","draw_091",1418,"2023-01-21","forecast","0.847178231274273"
"exdqlm_univar_synth","draw_091",1418,"2023-01-22","forecast","0.949928260647540"
"exdqlm_univar_synth","draw_092",1433,"2022-12-26","forecast","1.27002810022945"
"exdqlm_univar_synth","draw_092",1433,"2022-12-27","forecast","2.07209009484258"
"exdqlm_univar_synth","draw_092",1433,"2022-12-28","forecast","1.82306700699477"
"exdqlm_univar_synth","draw_092",1433,"2022-12-29","forecast","2.03676962811087"
"exdqlm_univar_synth","draw_092",1433,"2022-12-30","forecast","2.10108649506449"
"exdqlm_univar_synth","draw_092",1433,"2022-12-31","forecast","2.85572251430526"
"exdqlm_univar_synth","draw_092",1433,"2023-01-01","forecast","3.40626776548241"
"exdqlm_univar_synth","draw_092",1433,"2023-01-02","forecast","2.00698840366320"
"exdqlm_univar_synth","draw_092",1433,"2023-01-03","forecast","2.13579754583788"
"exdqlm_univar_synth","draw_092",1433,"2023-01-04","forecast","1.37132353906434"
"exdqlm_univar_synth","draw_092",1433,"2023-01-05","forecast","1.77999697793065"
"exdqlm_univar_synth","draw_092",1433,"2023-01-06","forecast","1.70619223875811"
"exdqlm_univar_synth","draw_092",1433,"2023-01-07","forecast","1.10399519816611"
"exdqlm_univar_synth","draw_092",1433,"2023-01-08","forecast","1.78107923567845"
"exdqlm_univar_synth","draw_092",1433,"2023-01-09","forecast","1.83369202981922"
"exdqlm_univar_synth","draw_092",1433,"2023-01-10","forecast","2.10903139492916"
"exdqlm_univar_synth","draw_092",1433,"2023-01-11","forecast","1.58563572705088"
"exdqlm_univar_synth","draw_092",1433,"2023-01-12","forecast","1.82343239995829"
"exdqlm_univar_synth","draw_092",1433,"2023-01-13","forecast","1.65918278437877"
"exdqlm_univar_synth","draw_092",1433,"2023-01-14","forecast","2.12378699217193"
"exdqlm_univar_synth","draw_092",1433,"2023-01-15","forecast","1.19034454128368"
"exdqlm_univar_synth","draw_092",1433,"2023-01-16","forecast","2.29189668402190"
"exdqlm_univar_synth","draw_092",1433,"2023-01-17","forecast","1.54141302582417"
"exdqlm_univar_synth","draw_092",1433,"2023-01-18","forecast","0.826661812716437"
"exdqlm_univar_synth","draw_092",1433,"2023-01-19","forecast","0.897614899524279"
"exdqlm_univar_synth","draw_092",1433,"2023-01-20","forecast","0.776389090839155"
"exdqlm_univar_synth","draw_092",1433,"2023-01-21","forecast","0.831840909365685"
"exdqlm_univar_synth","draw_092",1433,"2023-01-22","forecast","0.823059400496001"
"exdqlm_univar_synth","draw_093",1449,"2022-12-26","forecast","1.20849452954079"
"exdqlm_univar_synth","draw_093",1449,"2022-12-27","forecast","2.78178308216176"
"exdqlm_univar_synth","draw_093",1449,"2022-12-28","forecast","2.48577498990123"
"exdqlm_univar_synth","draw_093",1449,"2022-12-29","forecast","1.71508767083141"
"exdqlm_univar_synth","draw_093",1449,"2022-12-30","forecast","2.42245192026687"
"exdqlm_univar_synth","draw_093",1449,"2022-12-31","forecast","3.41318167667279"
"exdqlm_univar_synth","draw_093",1449,"2023-01-01","forecast","2.33129880759410"
"exdqlm_univar_synth","draw_093",1449,"2023-01-02","forecast","2.02458086502416"
"exdqlm_univar_synth","draw_093",1449,"2023-01-03","forecast","1.51579890628201"
"exdqlm_univar_synth","draw_093",1449,"2023-01-04","forecast","0.918768667184119"
"exdqlm_univar_synth","draw_093",1449,"2023-01-05","forecast","2.07764087045335"
"exdqlm_univar_synth","draw_093",1449,"2023-01-06","forecast","1.70642988255600"
"exdqlm_univar_synth","draw_093",1449,"2023-01-07","forecast","1.10552083331106"
"exdqlm_univar_synth","draw_093",1449,"2023-01-08","forecast","1.78976500264393"
"exdqlm_univar_synth","draw_093",1449,"2023-01-09","forecast","2.10330804203161"
"exdqlm_univar_synth","draw_093",1449,"2023-01-10","forecast","1.63339854294115"
"exdqlm_univar_synth","draw_093",1449,"2023-01-11","forecast","1.49510809536174"
"exdqlm_univar_synth","draw_093",1449,"2023-01-12","forecast","1.84895736429678"
"exdqlm_univar_synth","draw_093",1449,"2023-01-13","forecast","1.70517958572049"
"exdqlm_univar_synth","draw_093",1449,"2023-01-14","forecast","2.30585610050513"
"exdqlm_univar_synth","draw_093",1449,"2023-01-15","forecast","1.95694046980825"
"exdqlm_univar_synth","draw_093",1449,"2023-01-16","forecast","2.37991345589971"
"exdqlm_univar_synth","draw_093",1449,"2023-01-17","forecast","1.64692837188182"
"exdqlm_univar_synth","draw_093",1449,"2023-01-18","forecast","1.13400100791497"
"exdqlm_univar_synth","draw_093",1449,"2023-01-19","forecast","0.954041919822608"
"exdqlm_univar_synth","draw_093",1449,"2023-01-20","forecast","0.667669450921232"
"exdqlm_univar_synth","draw_093",1449,"2023-01-21","forecast","0.847347170345379"
"exdqlm_univar_synth","draw_093",1449,"2023-01-22","forecast","0.400981761551930"
"exdqlm_univar_synth","draw_094",1465,"2022-12-26","forecast","1.04838384506495"
"exdqlm_univar_synth","draw_094",1465,"2022-12-27","forecast","2.80753230998802"
"exdqlm_univar_synth","draw_094",1465,"2022-12-28","forecast","1.91970198854545"
"exdqlm_univar_synth","draw_094",1465,"2022-12-29","forecast","1.71908350536487"
"exdqlm_univar_synth","draw_094",1465,"2022-12-30","forecast","2.02152636708434"
"exdqlm_univar_synth","draw_094",1465,"2022-12-31","forecast","3.09088876256714"
"exdqlm_univar_synth","draw_094",1465,"2023-01-01","forecast","3.52257900803942"
"exdqlm_univar_synth","draw_094",1465,"2023-01-02","forecast","1.97140943642350"
"exdqlm_univar_synth","draw_094",1465,"2023-01-03","forecast","2.22282445386416"
"exdqlm_univar_synth","draw_094",1465,"2023-01-04","forecast","1.44715928382917"
"exdqlm_univar_synth","draw_094",1465,"2023-01-05","forecast","2.14928995313582"
"exdqlm_univar_synth","draw_094",1465,"2023-01-06","forecast","1.70712434847391"
"exdqlm_univar_synth","draw_094",1465,"2023-01-07","forecast","1.31887102049005"
"exdqlm_univar_synth","draw_094",1465,"2023-01-08","forecast","1.85180375465323"
"exdqlm_univar_synth","draw_094",1465,"2023-01-09","forecast","2.18929228785963"
"exdqlm_univar_synth","draw_094",1465,"2023-01-10","forecast","2.02755770976049"
"exdqlm_univar_synth","draw_094",1465,"2023-01-11","forecast","1.58320562741880"
"exdqlm_univar_synth","draw_094",1465,"2023-01-12","forecast","2.30007670998264"
"exdqlm_univar_synth","draw_094",1465,"2023-01-13","forecast","1.66014647953845"
"exdqlm_univar_synth","draw_094",1465,"2023-01-14","forecast","1.28298757902668"
"exdqlm_univar_synth","draw_094",1465,"2023-01-15","forecast","1.76966566425657"
"exdqlm_univar_synth","draw_094",1465,"2023-01-16","forecast","1.59195973757028"
"exdqlm_univar_synth","draw_094",1465,"2023-01-17","forecast","1.52356347325447"
"exdqlm_univar_synth","draw_094",1465,"2023-01-18","forecast","1.14856146638329"
"exdqlm_univar_synth","draw_094",1465,"2023-01-19","forecast","0.961917070540396"
"exdqlm_univar_synth","draw_094",1465,"2023-01-20","forecast","0.818318523923658"
"exdqlm_univar_synth","draw_094",1465,"2023-01-21","forecast","0.843066466705572"
"exdqlm_univar_synth","draw_094",1465,"2023-01-22","forecast","0.652260055378575"
"exdqlm_univar_synth","draw_095",1481,"2022-12-26","forecast","0.899982907775633"
"exdqlm_univar_synth","draw_095",1481,"2022-12-27","forecast","3.46396641166961"
"exdqlm_univar_synth","draw_095",1481,"2022-12-28","forecast","2.61517379875593"
"exdqlm_univar_synth","draw_095",1481,"2022-12-29","forecast","1.62101816109284"
"exdqlm_univar_synth","draw_095",1481,"2022-12-30","forecast","1.94757915682151"
"exdqlm_univar_synth","draw_095",1481,"2022-12-31","forecast","3.05616802848107"
"exdqlm_univar_synth","draw_095",1481,"2023-01-01","forecast","3.00005537416021"
"exdqlm_univar_synth","draw_095",1481,"2023-01-02","forecast","1.77004896349786"
"exdqlm_univar_synth","draw_095",1481,"2023-01-03","forecast","2.13471329165349"
"exdqlm_univar_synth","draw_095",1481,"2023-01-04","forecast","1.07840398924941"
"exdqlm_univar_synth","draw_095",1481,"2023-01-05","forecast","2.03438236468431"
"exdqlm_univar_synth","draw_095",1481,"2023-01-06","forecast","1.60832662645081"
"exdqlm_univar_synth","draw_095",1481,"2023-01-07","forecast","1.17361232595917"
"exdqlm_univar_synth","draw_095",1481,"2023-01-08","forecast","1.82601718748108"
"exdqlm_univar_synth","draw_095",1481,"2023-01-09","forecast","2.01970011208523"
"exdqlm_univar_synth","draw_095",1481,"2023-01-10","forecast","1.53165523945608"
"exdqlm_univar_synth","draw_095",1481,"2023-01-11","forecast","1.25390512780010"
"exdqlm_univar_synth","draw_095",1481,"2023-01-12","forecast","2.29085339260277"
"exdqlm_univar_synth","draw_095",1481,"2023-01-13","forecast","1.67220191337601"
"exdqlm_univar_synth","draw_095",1481,"2023-01-14","forecast","1.47889506716415"
"exdqlm_univar_synth","draw_095",1481,"2023-01-15","forecast","1.45025121585827"
"exdqlm_univar_synth","draw_095",1481,"2023-01-16","forecast","2.31411078347338"
"exdqlm_univar_synth","draw_095",1481,"2023-01-17","forecast","0.974328507261153"
"exdqlm_univar_synth","draw_095",1481,"2023-01-18","forecast","1.14953465321785"
"exdqlm_univar_synth","draw_095",1481,"2023-01-19","forecast","0.941614970486092"
"exdqlm_univar_synth","draw_095",1481,"2023-01-20","forecast","0.752968798073521"
"exdqlm_univar_synth","draw_095",1481,"2023-01-21","forecast","0.402785706143119"
"exdqlm_univar_synth","draw_095",1481,"2023-01-22","forecast","0.781907821509418"
"exdqlm_univar_synth","draw_096",1496,"2022-12-26","forecast","1.05194791386367"
"exdqlm_univar_synth","draw_096",1496,"2022-12-27","forecast","2.41718407734850"
"exdqlm_univar_synth","draw_096",1496,"2022-12-28","forecast","2.36875735251795"
"exdqlm_univar_synth","draw_096",1496,"2022-12-29","forecast","1.75122761825904"
"exdqlm_univar_synth","draw_096",1496,"2022-12-30","forecast","2.07056292537925"
"exdqlm_univar_synth","draw_096",1496,"2022-12-31","forecast","3.36591331096162"
"exdqlm_univar_synth","draw_096",1496,"2023-01-01","forecast","3.31914804275244"
"exdqlm_univar_synth","draw_096",1496,"2023-01-02","forecast","1.95892624281076"
"exdqlm_univar_synth","draw_096",1496,"2023-01-03","forecast","2.19027732637157"
"exdqlm_univar_synth","draw_096",1496,"2023-01-04","forecast","1.60362789705130"
"exdqlm_univar_synth","draw_096",1496,"2023-01-05","forecast","1.53766363314704"
"exdqlm_univar_synth","draw_096",1496,"2023-01-06","forecast","1.58297061175890"
"exdqlm_univar_synth","draw_096",1496,"2023-01-07","forecast","1.15090652603726"
"exdqlm_univar_synth","draw_096",1496,"2023-01-08","forecast","2.03597894245132"
"exdqlm_univar_synth","draw_096",1496,"2023-01-09","forecast","2.14804689825023"
"exdqlm_univar_synth","draw_096",1496,"2023-01-10","forecast","2.03057648109612"
"exdqlm_univar_synth","draw_096",1496,"2023-01-11","forecast","1.58658666789847"
"exdqlm_univar_synth","draw_096",1496,"2023-01-12","forecast","1.46611897185244"
"exdqlm_univar_synth","draw_096",1496,"2023-01-13","forecast","1.66041571881992"
"exdqlm_univar_synth","draw_096",1496,"2023-01-14","forecast","1.38961923125198"
"exdqlm_univar_synth","draw_096",1496,"2023-01-15","forecast","1.99211434560742"
"exdqlm_univar_synth","draw_096",1496,"2023-01-16","forecast","2.29757684896369"
"exdqlm_univar_synth","draw_096",1496,"2023-01-17","forecast","1.53060490397582"
"exdqlm_univar_synth","draw_096",1496,"2023-01-18","forecast","1.14865557712097"
"exdqlm_univar_synth","draw_096",1496,"2023-01-19","forecast","0.882233248093654"
"exdqlm_univar_synth","draw_096",1496,"2023-01-20","forecast","0.816757661286633"
"exdqlm_univar_synth","draw_096",1496,"2023-01-21","forecast","0.721293682972306"
"exdqlm_univar_synth","draw_096",1496,"2023-01-22","forecast","0.823498148926360"
"exdqlm_univar_synth","draw_097",1512,"2022-12-26","forecast","1.03417665808871"
"exdqlm_univar_synth","draw_097",1512,"2022-12-27","forecast","2.63862512121028"
"exdqlm_univar_synth","draw_097",1512,"2022-12-28","forecast","2.93345172668347"
"exdqlm_univar_synth","draw_097",1512,"2022-12-29","forecast","1.61458249338137"
"exdqlm_univar_synth","draw_097",1512,"2022-12-30","forecast","2.17799234309739"
"exdqlm_univar_synth","draw_097",1512,"2022-12-31","forecast","2.96724780493743"
"exdqlm_univar_synth","draw_097",1512,"2023-01-01","forecast","2.53568667811817"
"exdqlm_univar_synth","draw_097",1512,"2023-01-02","forecast","2.02360202609829"
"exdqlm_univar_synth","draw_097",1512,"2023-01-03","forecast","2.21042407769159"
"exdqlm_univar_synth","draw_097",1512,"2023-01-04","forecast","1.44832333849764"
"exdqlm_univar_synth","draw_097",1512,"2023-01-05","forecast","2.12475468907999"
"exdqlm_univar_synth","draw_097",1512,"2023-01-06","forecast","1.70607907372186"
"exdqlm_univar_synth","draw_097",1512,"2023-01-07","forecast","1.30807357264721"
"exdqlm_univar_synth","draw_097",1512,"2023-01-08","forecast","1.77891616356464"
"exdqlm_univar_synth","draw_097",1512,"2023-01-09","forecast","2.18941669437060"
"exdqlm_univar_synth","draw_097",1512,"2023-01-10","forecast","1.75584649957861"
"exdqlm_univar_synth","draw_097",1512,"2023-01-11","forecast","1.63696541336043"
"exdqlm_univar_synth","draw_097",1512,"2023-01-12","forecast","1.76980838525587"
"exdqlm_univar_synth","draw_097",1512,"2023-01-13","forecast","1.38806112325338"
"exdqlm_univar_synth","draw_097",1512,"2023-01-14","forecast","1.94532866955151"
"exdqlm_univar_synth","draw_097",1512,"2023-01-15","forecast","1.33390615130127"
"exdqlm_univar_synth","draw_097",1512,"2023-01-16","forecast","2.29115718978815"
"exdqlm_univar_synth","draw_097",1512,"2023-01-17","forecast","1.51114495099909"
"exdqlm_univar_synth","draw_097",1512,"2023-01-18","forecast","1.14984620114415"
"exdqlm_univar_synth","draw_097",1512,"2023-01-19","forecast","0.936283565808483"
"exdqlm_univar_synth","draw_097",1512,"2023-01-20","forecast","0.808120253874387"
"exdqlm_univar_synth","draw_097",1512,"2023-01-21","forecast","0.846753196648006"
"exdqlm_univar_synth","draw_097",1512,"2023-01-22","forecast","0.822764445763390"
"exdqlm_univar_synth","draw_098",1528,"2022-12-26","forecast","0.971526695081798"
"exdqlm_univar_synth","draw_098",1528,"2022-12-27","forecast","2.52784132839103"
"exdqlm_univar_synth","draw_098",1528,"2022-12-28","forecast","2.77142798951413"
"exdqlm_univar_synth","draw_098",1528,"2022-12-29","forecast","1.26800705222233"
"exdqlm_univar_synth","draw_098",1528,"2022-12-30","forecast","1.75408761121498"
"exdqlm_univar_synth","draw_098",1528,"2022-12-31","forecast","2.46288088297579"
"exdqlm_univar_synth","draw_098",1528,"2023-01-01","forecast","2.89271596345307"
"exdqlm_univar_synth","draw_098",1528,"2023-01-02","forecast","2.19642236306282"
"exdqlm_univar_synth","draw_098",1528,"2023-01-03","forecast","1.63221646267161"
"exdqlm_univar_synth","draw_098",1528,"2023-01-04","forecast","1.76709600792463"
"exdqlm_univar_synth","draw_098",1528,"2023-01-05","forecast","1.55834022489003"
"exdqlm_univar_synth","draw_098",1528,"2023-01-06","forecast","1.00582168393918"
"exdqlm_univar_synth","draw_098",1528,"2023-01-07","forecast","1.27846776269482"
"exdqlm_univar_synth","draw_098",1528,"2023-01-08","forecast","1.82188030258078"
"exdqlm_univar_synth","draw_098",1528,"2023-01-09","forecast","1.69256003076977"
"exdqlm_univar_synth","draw_098",1528,"2023-01-10","forecast","2.06923982854649"
"exdqlm_univar_synth","draw_098",1528,"2023-01-11","forecast","1.45169820104535"
"exdqlm_univar_synth","draw_098",1528,"2023-01-12","forecast","2.25625920846918"
"exdqlm_univar_synth","draw_098",1528,"2023-01-13","forecast","1.66279379434802"
"exdqlm_univar_synth","draw_098",1528,"2023-01-14","forecast","2.03472123825079"
"exdqlm_univar_synth","draw_098",1528,"2023-01-15","forecast","1.94970138711142"
"exdqlm_univar_synth","draw_098",1528,"2023-01-16","forecast","2.29401397769750"
"exdqlm_univar_synth","draw_098",1528,"2023-01-17","forecast","1.46943772827236"
"exdqlm_univar_synth","draw_098",1528,"2023-01-18","forecast","1.15068814178048"
"exdqlm_univar_synth","draw_098",1528,"2023-01-19","forecast","0.991781036536363"
"exdqlm_univar_synth","draw_098",1528,"2023-01-20","forecast","0.819966169617351"
"exdqlm_univar_synth","draw_098",1528,"2023-01-21","forecast","0.617106327099781"
"exdqlm_univar_synth","draw_098",1528,"2023-01-22","forecast","0.829977711420746"
"exdqlm_univar_synth","draw_099",1544,"2022-12-26","forecast","0.925616743192104"
"exdqlm_univar_synth","draw_099",1544,"2022-12-27","forecast","2.90809894231648"
"exdqlm_univar_synth","draw_099",1544,"2022-12-28","forecast","2.42980032600940"
"exdqlm_univar_synth","draw_099",1544,"2022-12-29","forecast","1.99859610119611"
"exdqlm_univar_synth","draw_099",1544,"2022-12-30","forecast","1.45329721948336"
"exdqlm_univar_synth","draw_099",1544,"2022-12-31","forecast","2.96120338931219"
"exdqlm_univar_synth","draw_099",1544,"2023-01-01","forecast","3.42659095062669"
"exdqlm_univar_synth","draw_099",1544,"2023-01-02","forecast","2.02364458934498"
"exdqlm_univar_synth","draw_099",1544,"2023-01-03","forecast","2.13560222678512"
"exdqlm_univar_synth","draw_099",1544,"2023-01-04","forecast","1.44912481329225"
"exdqlm_univar_synth","draw_099",1544,"2023-01-05","forecast","1.37413892289628"
"exdqlm_univar_synth","draw_099",1544,"2023-01-06","forecast","1.14501656781839"
"exdqlm_univar_synth","draw_099",1544,"2023-01-07","forecast","1.31308880483303"
"exdqlm_univar_synth","draw_099",1544,"2023-01-08","forecast","1.70524053760454"
"exdqlm_univar_synth","draw_099",1544,"2023-01-09","forecast","1.48607940591895"
"exdqlm_univar_synth","draw_099",1544,"2023-01-10","forecast","2.35494156545336"
"exdqlm_univar_synth","draw_099",1544,"2023-01-11","forecast","1.51220663764789"
"exdqlm_univar_synth","draw_099",1544,"2023-01-12","forecast","2.18745278331589"
"exdqlm_univar_synth","draw_099",1544,"2023-01-13","forecast","1.59237009428717"
"exdqlm_univar_synth","draw_099",1544,"2023-01-14","forecast","2.00383159201355"
"exdqlm_univar_synth","draw_099",1544,"2023-01-15","forecast","1.95846298328540"
"exdqlm_univar_synth","draw_099",1544,"2023-01-16","forecast","2.29626615758172"
"exdqlm_univar_synth","draw_099",1544,"2023-01-17","forecast","1.46632019707995"
"exdqlm_univar_synth","draw_099",1544,"2023-01-18","forecast","1.15091142004236"
"exdqlm_univar_synth","draw_099",1544,"2023-01-19","forecast","1.18377545276382"
"exdqlm_univar_synth","draw_099",1544,"2023-01-20","forecast","0.446714363082938"
"exdqlm_univar_synth","draw_099",1544,"2023-01-21","forecast","0.512585299654820"
"exdqlm_univar_synth","draw_099",1544,"2023-01-22","forecast","0.600295078148768"
"exdqlm_univar_synth","draw_100",1559,"2022-12-26","forecast","1.08811436449190"
"exdqlm_univar_synth","draw_100",1559,"2022-12-27","forecast","2.24576139181106"
"exdqlm_univar_synth","draw_100",1559,"2022-12-28","forecast","2.84211696379292"
"exdqlm_univar_synth","draw_100",1559,"2022-12-29","forecast","1.70025355864957"
"exdqlm_univar_synth","draw_100",1559,"2022-12-30","forecast","1.48822432528942"
"exdqlm_univar_synth","draw_100",1559,"2022-12-31","forecast","3.06402090982045"
"exdqlm_univar_synth","draw_100",1559,"2023-01-01","forecast","3.36268025091497"
"exdqlm_univar_synth","draw_100",1559,"2023-01-02","forecast","1.61451917512417"
"exdqlm_univar_synth","draw_100",1559,"2023-01-03","forecast","2.14280695618452"
"exdqlm_univar_synth","draw_100",1559,"2023-01-04","forecast","1.07870247008816"
"exdqlm_univar_synth","draw_100",1559,"2023-01-05","forecast","1.50052722249921"
"exdqlm_univar_synth","draw_100",1559,"2023-01-06","forecast","1.33086333102342"
"exdqlm_univar_synth","draw_100",1559,"2023-01-07","forecast","1.02083545132678"
"exdqlm_univar_synth","draw_100",1559,"2023-01-08","forecast","1.77994069377544"
"exdqlm_univar_synth","draw_100",1559,"2023-01-09","forecast","2.16021005232580"
"exdqlm_univar_synth","draw_100",1559,"2023-01-10","forecast","1.56774939851733"
"exdqlm_univar_synth","draw_100",1559,"2023-01-11","forecast","1.67989192914662"
"exdqlm_univar_synth","draw_100",1559,"2023-01-12","forecast","2.16701982421930"
"exdqlm_univar_synth","draw_100",1559,"2023-01-13","forecast","1.61940882464095"
"exdqlm_univar_synth","draw_100",1559,"2023-01-14","forecast","1.98913153724026"
"exdqlm_univar_synth","draw_100",1559,"2023-01-15","forecast","1.95676639871164"
"exdqlm_univar_synth","draw_100",1559,"2023-01-16","forecast","2.29118699301939"
"exdqlm_univar_synth","draw_100",1559,"2023-01-17","forecast","1.45807244016961"
"exdqlm_univar_synth","draw_100",1559,"2023-01-18","forecast","1.15324222607371"
"exdqlm_univar_synth","draw_100",1559,"2023-01-19","forecast","1.21230734480330"
"exdqlm_univar_synth","draw_100",1559,"2023-01-20","forecast","0.819166063053920"
"exdqlm_univar_synth","draw_100",1559,"2023-01-21","forecast","0.743502789775257"
"exdqlm_univar_synth","draw_100",1559,"2023-01-22","forecast","0.656155199253625"
"exdqlm_univar_synth","draw_101",1575,"2022-12-26","forecast","1.16385184788930"
"exdqlm_univar_synth","draw_101",1575,"2022-12-27","forecast","2.24317562583284"
"exdqlm_univar_synth","draw_101",1575,"2022-12-28","forecast","2.58030430205309"
"exdqlm_univar_synth","draw_101",1575,"2022-12-29","forecast","1.55746452591863"
"exdqlm_univar_synth","draw_101",1575,"2022-12-30","forecast","2.06330169001834"
"exdqlm_univar_synth","draw_101",1575,"2022-12-31","forecast","3.30327199976158"
"exdqlm_univar_synth","draw_101",1575,"2023-01-01","forecast","2.79494814606039"
"exdqlm_univar_synth","draw_101",1575,"2023-01-02","forecast","1.53550468403803"
"exdqlm_univar_synth","draw_101",1575,"2023-01-03","forecast","1.75184131419043"
"exdqlm_univar_synth","draw_101",1575,"2023-01-04","forecast","1.44665866126341"
"exdqlm_univar_synth","draw_101",1575,"2023-01-05","forecast","2.21346332242712"
"exdqlm_univar_synth","draw_101",1575,"2023-01-06","forecast","1.72378668152338"
"exdqlm_univar_synth","draw_101",1575,"2023-01-07","forecast","1.31511698753441"
"exdqlm_univar_synth","draw_101",1575,"2023-01-08","forecast","1.78840882322335"
"exdqlm_univar_synth","draw_101",1575,"2023-01-09","forecast","1.87422603316143"
"exdqlm_univar_synth","draw_101",1575,"2023-01-10","forecast","1.80675501658952"
"exdqlm_univar_synth","draw_101",1575,"2023-01-11","forecast","1.60572259992115"
"exdqlm_univar_synth","draw_101",1575,"2023-01-12","forecast","1.46236223285526"
"exdqlm_univar_synth","draw_101",1575,"2023-01-13","forecast","1.66046230740197"
"exdqlm_univar_synth","draw_101",1575,"2023-01-14","forecast","1.34216775359603"
"exdqlm_univar_synth","draw_101",1575,"2023-01-15","forecast","1.29205743410802"
"exdqlm_univar_synth","draw_101",1575,"2023-01-16","forecast","2.24849363325883"
"exdqlm_univar_synth","draw_101",1575,"2023-01-17","forecast","1.50785465246002"
"exdqlm_univar_synth","draw_101",1575,"2023-01-18","forecast","0.724596349502273"
"exdqlm_univar_synth","draw_101",1575,"2023-01-19","forecast","0.724168506249396"
"exdqlm_univar_synth","draw_101",1575,"2023-01-20","forecast","0.819124112195694"
"exdqlm_univar_synth","draw_101",1575,"2023-01-21","forecast","0.781460244869272"
"exdqlm_univar_synth","draw_101",1575,"2023-01-22","forecast","0.488712071408154"
"exdqlm_univar_synth","draw_102",1591,"2022-12-26","forecast","0.881231933651984"
"exdqlm_univar_synth","draw_102",1591,"2022-12-27","forecast","3.32890167106856"
"exdqlm_univar_synth","draw_102",1591,"2022-12-28","forecast","2.98602667150117"
"exdqlm_univar_synth","draw_102",1591,"2022-12-29","forecast","1.35157536654786"
"exdqlm_univar_synth","draw_102",1591,"2022-12-30","forecast","1.74789063449300"
"exdqlm_univar_synth","draw_102",1591,"2022-12-31","forecast","2.33709867654127"
"exdqlm_univar_synth","draw_102",1591,"2023-01-01","forecast","2.35885008262647"
"exdqlm_univar_synth","draw_102",1591,"2023-01-02","forecast","2.46553293137475"
"exdqlm_univar_synth","draw_102",1591,"2023-01-03","forecast","1.77600755708497"
"exdqlm_univar_synth","draw_102",1591,"2023-01-04","forecast","1.44382272274258"
"exdqlm_univar_synth","draw_102",1591,"2023-01-05","forecast","1.95078677341179"
"exdqlm_univar_synth","draw_102",1591,"2023-01-06","forecast","1.70358030702133"
"exdqlm_univar_synth","draw_102",1591,"2023-01-07","forecast","1.12139500293516"
"exdqlm_univar_synth","draw_102",1591,"2023-01-08","forecast","1.77857563553125"
"exdqlm_univar_synth","draw_102",1591,"2023-01-09","forecast","2.23818932539878"
"exdqlm_univar_synth","draw_102",1591,"2023-01-10","forecast","1.55810902424358"
"exdqlm_univar_synth","draw_102",1591,"2023-01-11","forecast","1.62052912317722"
"exdqlm_univar_synth","draw_102",1591,"2023-01-12","forecast","2.27783961147795"
"exdqlm_univar_synth","draw_102",1591,"2023-01-13","forecast","1.46756462658086"
"exdqlm_univar_synth","draw_102",1591,"2023-01-14","forecast","2.03359048773345"
"exdqlm_univar_synth","draw_102",1591,"2023-01-15","forecast","1.95781979634989"
"exdqlm_univar_synth","draw_102",1591,"2023-01-16","forecast","2.21559309031052"
"exdqlm_univar_synth","draw_102",1591,"2023-01-17","forecast","1.47898466485201"
"exdqlm_univar_synth","draw_102",1591,"2023-01-18","forecast","1.02162275221013"
"exdqlm_univar_synth","draw_102",1591,"2023-01-19","forecast","0.955019989316773"
"exdqlm_univar_synth","draw_102",1591,"2023-01-20","forecast","0.810813892496510"
"exdqlm_univar_synth","draw_102",1591,"2023-01-21","forecast","0.846625501856805"
"exdqlm_univar_synth","draw_102",1591,"2023-01-22","forecast","0.829548570973259"
"exdqlm_univar_synth","draw_103",1606,"2022-12-26","forecast","0.895778010453541"
"exdqlm_univar_synth","draw_103",1606,"2022-12-27","forecast","3.61463142526802"
"exdqlm_univar_synth","draw_103",1606,"2022-12-28","forecast","2.54596989998153"
"exdqlm_univar_synth","draw_103",1606,"2022-12-29","forecast","2.05062409842553"
"exdqlm_univar_synth","draw_103",1606,"2022-12-30","forecast","1.63366685220990"
"exdqlm_univar_synth","draw_103",1606,"2022-12-31","forecast","2.88073508378176"
"exdqlm_univar_synth","draw_103",1606,"2023-01-01","forecast","3.31594136432688"
"exdqlm_univar_synth","draw_103",1606,"2023-01-02","forecast","2.02354290527401"
"exdqlm_univar_synth","draw_103",1606,"2023-01-03","forecast","2.35841775169126"
"exdqlm_univar_synth","draw_103",1606,"2023-01-04","forecast","1.58246277698716"
"exdqlm_univar_synth","draw_103",1606,"2023-01-05","forecast","2.12561771380579"
"exdqlm_univar_synth","draw_103",1606,"2023-01-06","forecast","1.70612489560519"
"exdqlm_univar_synth","draw_103",1606,"2023-01-07","forecast","1.31377660067614"
"exdqlm_univar_synth","draw_103",1606,"2023-01-08","forecast","1.96604302133404"
"exdqlm_univar_synth","draw_103",1606,"2023-01-09","forecast","2.19020056005268"
"exdqlm_univar_synth","draw_103",1606,"2023-01-10","forecast","1.59357748419921"
"exdqlm_univar_synth","draw_103",1606,"2023-01-11","forecast","1.58671945195118"
"exdqlm_univar_synth","draw_103",1606,"2023-01-12","forecast","2.32020677985492"
"exdqlm_univar_synth","draw_103",1606,"2023-01-13","forecast","1.69535420830666"
"exdqlm_univar_synth","draw_103",1606,"2023-01-14","forecast","2.03425523289568"
"exdqlm_univar_synth","draw_103",1606,"2023-01-15","forecast","1.76735668240300"
"exdqlm_univar_synth","draw_103",1606,"2023-01-16","forecast","2.41786634519013"
"exdqlm_univar_synth","draw_103",1606,"2023-01-17","forecast","1.09570074683207"
"exdqlm_univar_synth","draw_103",1606,"2023-01-18","forecast","1.15176589413087"
"exdqlm_univar_synth","draw_103",1606,"2023-01-19","forecast","0.998186847866422"
"exdqlm_univar_synth","draw_103",1606,"2023-01-20","forecast","0.423287476143114"
"exdqlm_univar_synth","draw_103",1606,"2023-01-21","forecast","0.293030692916921"
"exdqlm_univar_synth","draw_103",1606,"2023-01-22","forecast","0.376705318730446"
"exdqlm_univar_synth","draw_104",1622,"2022-12-26","forecast","1.32292893096741"
"exdqlm_univar_synth","draw_104",1622,"2022-12-27","forecast","2.51757610028842"
"exdqlm_univar_synth","draw_104",1622,"2022-12-28","forecast","2.57166338016769"
"exdqlm_univar_synth","draw_104",1622,"2022-12-29","forecast","1.85164161342980"
"exdqlm_univar_synth","draw_104",1622,"2022-12-30","forecast","2.44597211812646"
"exdqlm_univar_synth","draw_104",1622,"2022-12-31","forecast","2.66961265559182"
"exdqlm_univar_synth","draw_104",1622,"2023-01-01","forecast","2.75587090938214"
"exdqlm_univar_synth","draw_104",1622,"2023-01-02","forecast","1.48488529938610"
"exdqlm_univar_synth","draw_104",1622,"2023-01-03","forecast","2.34261666368049"
"exdqlm_univar_synth","draw_104",1622,"2023-01-04","forecast","1.15608835487973"
"exdqlm_univar_synth","draw_104",1622,"2023-01-05","forecast","2.09421771507647"
"exdqlm_univar_synth","draw_104",1622,"2023-01-06","forecast","1.70342305197236"
"exdqlm_univar_synth","draw_104",1622,"2023-01-07","forecast","1.31473907108021"
"exdqlm_univar_synth","draw_104",1622,"2023-01-08","forecast","1.71065768204245"
"exdqlm_univar_synth","draw_104",1622,"2023-01-09","forecast","1.45476842198027"
"exdqlm_univar_synth","draw_104",1622,"2023-01-10","forecast","1.45811442807657"
"exdqlm_univar_synth","draw_104",1622,"2023-01-11","forecast","1.56865460213126"
"exdqlm_univar_synth","draw_104",1622,"2023-01-12","forecast","2.07580797614605"
"exdqlm_univar_synth","draw_104",1622,"2023-01-13","forecast","1.53796168480601"
"exdqlm_univar_synth","draw_104",1622,"2023-01-14","forecast","2.08288195542005"
"exdqlm_univar_synth","draw_104",1622,"2023-01-15","forecast","1.95784719484258"
"exdqlm_univar_synth","draw_104",1622,"2023-01-16","forecast","2.59013859275890"
"exdqlm_univar_synth","draw_104",1622,"2023-01-17","forecast","1.20820558490300"
"exdqlm_univar_synth","draw_104",1622,"2023-01-18","forecast","1.14999435323701"
"exdqlm_univar_synth","draw_104",1622,"2023-01-19","forecast","0.768997973183310"
"exdqlm_univar_synth","draw_104",1622,"2023-01-20","forecast","0.671482859958595"
"exdqlm_univar_synth","draw_104",1622,"2023-01-21","forecast","0.844744587436496"
"exdqlm_univar_synth","draw_104",1622,"2023-01-22","forecast","0.688947675086895"
"exdqlm_univar_synth","draw_105",1638,"2022-12-26","forecast","1.11235349210794"
"exdqlm_univar_synth","draw_105",1638,"2022-12-27","forecast","2.49466352029989"
"exdqlm_univar_synth","draw_105",1638,"2022-12-28","forecast","2.24245934562631"
"exdqlm_univar_synth","draw_105",1638,"2022-12-29","forecast","1.31375124826971"
"exdqlm_univar_synth","draw_105",1638,"2022-12-30","forecast","1.72698288647157"
"exdqlm_univar_synth","draw_105",1638,"2022-12-31","forecast","2.51013883382705"
"exdqlm_univar_synth","draw_105",1638,"2023-01-01","forecast","2.91716065817855"
"exdqlm_univar_synth","draw_105",1638,"2023-01-02","forecast","2.02600357815416"
"exdqlm_univar_synth","draw_105",1638,"2023-01-03","forecast","2.16685095204774"
"exdqlm_univar_synth","draw_105",1638,"2023-01-04","forecast","1.44733401440248"
"exdqlm_univar_synth","draw_105",1638,"2023-01-05","forecast","1.68001718736771"
"exdqlm_univar_synth","draw_105",1638,"2023-01-06","forecast","1.65776415109466"
"exdqlm_univar_synth","draw_105",1638,"2023-01-07","forecast","1.04292951188144"
"exdqlm_univar_synth","draw_105",1638,"2023-01-08","forecast","1.41090461870898"
"exdqlm_univar_synth","draw_105",1638,"2023-01-09","forecast","1.87995978416055"
"exdqlm_univar_synth","draw_105",1638,"2023-01-10","forecast","1.94779660166509"
"exdqlm_univar_synth","draw_105",1638,"2023-01-11","forecast","1.65373573139302"
"exdqlm_univar_synth","draw_105",1638,"2023-01-12","forecast","2.23810958564910"
"exdqlm_univar_synth","draw_105",1638,"2023-01-13","forecast","1.18825358798835"
"exdqlm_univar_synth","draw_105",1638,"2023-01-14","forecast","2.03554792172726"
"exdqlm_univar_synth","draw_105",1638,"2023-01-15","forecast","1.56013332767090"
"exdqlm_univar_synth","draw_105",1638,"2023-01-16","forecast","2.29159441013739"
"exdqlm_univar_synth","draw_105",1638,"2023-01-17","forecast","1.50977972255869"
"exdqlm_univar_synth","draw_105",1638,"2023-01-18","forecast","1.14996082321588"
"exdqlm_univar_synth","draw_105",1638,"2023-01-19","forecast","0.954140171860361"
"exdqlm_univar_synth","draw_105",1638,"2023-01-20","forecast","0.818406537487248"
"exdqlm_univar_synth","draw_105",1638,"2023-01-21","forecast","0.838799497901943"
"exdqlm_univar_synth","draw_105",1638,"2023-01-22","forecast","0.826181643761357"
"exdqlm_univar_synth","draw_106",1654,"2022-12-26","forecast","0.707073531055131"
"exdqlm_univar_synth","draw_106",1654,"2022-12-27","forecast","3.14543918216567"
"exdqlm_univar_synth","draw_106",1654,"2022-12-28","forecast","2.40728117458869"
"exdqlm_univar_synth","draw_106",1654,"2022-12-29","forecast","1.79205888671705"
"exdqlm_univar_synth","draw_106",1654,"2022-12-30","forecast","2.15893189179272"
"exdqlm_univar_synth","draw_106",1654,"2022-12-31","forecast","3.09061441036614"
"exdqlm_univar_synth","draw_106",1654,"2023-01-01","forecast","3.15617276755629"
"exdqlm_univar_synth","draw_106",1654,"2023-01-02","forecast","2.02522813541025"
"exdqlm_univar_synth","draw_106",1654,"2023-01-03","forecast","2.18471424221586"
"exdqlm_univar_synth","draw_106",1654,"2023-01-04","forecast","1.44243502090578"
"exdqlm_univar_synth","draw_106",1654,"2023-01-05","forecast","2.03468400352296"
"exdqlm_univar_synth","draw_106",1654,"2023-01-06","forecast","1.31408132840709"
"exdqlm_univar_synth","draw_106",1654,"2023-01-07","forecast","1.04221577287883"
"exdqlm_univar_synth","draw_106",1654,"2023-01-08","forecast","1.81225239857008"
"exdqlm_univar_synth","draw_106",1654,"2023-01-09","forecast","1.79577329221993"
"exdqlm_univar_synth","draw_106",1654,"2023-01-10","forecast","2.28553279346335"
"exdqlm_univar_synth","draw_106",1654,"2023-01-11","forecast","0.990423115081009"
"exdqlm_univar_synth","draw_106",1654,"2023-01-12","forecast","2.28363102334683"
"exdqlm_univar_synth","draw_106",1654,"2023-01-13","forecast","1.74813550751182"
"exdqlm_univar_synth","draw_106",1654,"2023-01-14","forecast","2.14967141003001"
"exdqlm_univar_synth","draw_106",1654,"2023-01-15","forecast","1.86962437271137"
"exdqlm_univar_synth","draw_106",1654,"2023-01-16","forecast","1.74313904038389"
"exdqlm_univar_synth","draw_106",1654,"2023-01-17","forecast","1.51046333018619"
"exdqlm_univar_synth","draw_106",1654,"2023-01-18","forecast","1.14953377915120"
"exdqlm_univar_synth","draw_106",1654,"2023-01-19","forecast","1.00133408985236"
"exdqlm_univar_synth","draw_106",1654,"2023-01-20","forecast","0.812428464457084"
"exdqlm_univar_synth","draw_106",1654,"2023-01-21","forecast","0.755287411418514"
"exdqlm_univar_synth","draw_106",1654,"2023-01-22","forecast","0.828354055692905"
"exdqlm_univar_synth","draw_107",1669,"2022-12-26","forecast","0.836226344264757"
"exdqlm_univar_synth","draw_107",1669,"2022-12-27","forecast","2.75410714928837"
"exdqlm_univar_synth","draw_107",1669,"2022-12-28","forecast","2.62163795716626"
"exdqlm_univar_synth","draw_107",1669,"2022-12-29","forecast","1.97642079424024"
"exdqlm_univar_synth","draw_107",1669,"2022-12-30","forecast","2.18954595632330"
"exdqlm_univar_synth","draw_107",1669,"2022-12-31","forecast","2.44174915909275"
"exdqlm_univar_synth","draw_107",1669,"2023-01-01","forecast","3.19075058074652"
"exdqlm_univar_synth","draw_107",1669,"2023-01-02","forecast","1.90470913530743"
"exdqlm_univar_synth","draw_107",1669,"2023-01-03","forecast","2.44039934457955"
"exdqlm_univar_synth","draw_107",1669,"2023-01-04","forecast","1.02387482994158"
"exdqlm_univar_synth","draw_107",1669,"2023-01-05","forecast","2.09202285239980"
"exdqlm_univar_synth","draw_107",1669,"2023-01-06","forecast","1.70737811790858"
"exdqlm_univar_synth","draw_107",1669,"2023-01-07","forecast","1.31537938398731"
"exdqlm_univar_synth","draw_107",1669,"2023-01-08","forecast","1.78387958875664"
"exdqlm_univar_synth","draw_107",1669,"2023-01-09","forecast","2.03690161872224"
"exdqlm_univar_synth","draw_107",1669,"2023-01-10","forecast","2.03109554102950"
"exdqlm_univar_synth","draw_107",1669,"2023-01-11","forecast","1.50929052359858"
"exdqlm_univar_synth","draw_107",1669,"2023-01-12","forecast","2.19949902271432"
"exdqlm_univar_synth","draw_107",1669,"2023-01-13","forecast","1.62185467821562"
"exdqlm_univar_synth","draw_107",1669,"2023-01-14","forecast","2.06607782494627"
"exdqlm_univar_synth","draw_107",1669,"2023-01-15","forecast","2.06377529826633"
"exdqlm_univar_synth","draw_107",1669,"2023-01-16","forecast","2.36366946949510"
"exdqlm_univar_synth","draw_107",1669,"2023-01-17","forecast","1.51184110140111"
"exdqlm_univar_synth","draw_107",1669,"2023-01-18","forecast","1.18331514445228"
"exdqlm_univar_synth","draw_107",1669,"2023-01-19","forecast","0.954794693270375"
"exdqlm_univar_synth","draw_107",1669,"2023-01-20","forecast","0.815243677292797"
"exdqlm_univar_synth","draw_107",1669,"2023-01-21","forecast","0.839197291054416"
"exdqlm_univar_synth","draw_107",1669,"2023-01-22","forecast","0.825231482353590"
"exdqlm_univar_synth","draw_108",1685,"2022-12-26","forecast","0.972348051088557"
"exdqlm_univar_synth","draw_108",1685,"2022-12-27","forecast","3.02332070300494"
"exdqlm_univar_synth","draw_108",1685,"2022-12-28","forecast","2.52012705044640"
"exdqlm_univar_synth","draw_108",1685,"2022-12-29","forecast","1.72505427045375"
"exdqlm_univar_synth","draw_108",1685,"2022-12-30","forecast","1.50200737878511"
"exdqlm_univar_synth","draw_108",1685,"2022-12-31","forecast","2.92211269094864"
"exdqlm_univar_synth","draw_108",1685,"2023-01-01","forecast","3.64640795821113"
"exdqlm_univar_synth","draw_108",1685,"2023-01-02","forecast","2.02466434062192"
"exdqlm_univar_synth","draw_108",1685,"2023-01-03","forecast","2.33535782686914"
"exdqlm_univar_synth","draw_108",1685,"2023-01-04","forecast","1.24989595080175"
"exdqlm_univar_synth","draw_108",1685,"2023-01-05","forecast","2.03576842232950"
"exdqlm_univar_synth","draw_108",1685,"2023-01-06","forecast","1.70630242517670"
"exdqlm_univar_synth","draw_108",1685,"2023-01-07","forecast","1.30020379292977"
"exdqlm_univar_synth","draw_108",1685,"2023-01-08","forecast","1.55940517886763"
"exdqlm_univar_synth","draw_108",1685,"2023-01-09","forecast","2.18941785193248"
"exdqlm_univar_synth","draw_108",1685,"2023-01-10","forecast","2.02804612773742"
"exdqlm_univar_synth","draw_108",1685,"2023-01-11","forecast","1.04968014706068"
"exdqlm_univar_synth","draw_108",1685,"2023-01-12","forecast","2.27569060616666"
"exdqlm_univar_synth","draw_108",1685,"2023-01-13","forecast","1.75982806888757"
"exdqlm_univar_synth","draw_108",1685,"2023-01-14","forecast","1.84409042248991"
"exdqlm_univar_synth","draw_108",1685,"2023-01-15","forecast","1.96001666412900"
"exdqlm_univar_synth","draw_108",1685,"2023-01-16","forecast","2.37937444817847"
"exdqlm_univar_synth","draw_108",1685,"2023-01-17","forecast","1.32910224149797"
"exdqlm_univar_synth","draw_108",1685,"2023-01-18","forecast","0.873683331958166"
"exdqlm_univar_synth","draw_108",1685,"2023-01-19","forecast","0.954981699634180"
"exdqlm_univar_synth","draw_108",1685,"2023-01-20","forecast","0.817625266047224"
"exdqlm_univar_synth","draw_108",1685,"2023-01-21","forecast","0.844957187113880"
"exdqlm_univar_synth","draw_108",1685,"2023-01-22","forecast","0.830748138398673"
"exdqlm_univar_synth","draw_109",1701,"2022-12-26","forecast","0.931038462844614"
"exdqlm_univar_synth","draw_109",1701,"2022-12-27","forecast","2.63956415757723"
"exdqlm_univar_synth","draw_109",1701,"2022-12-28","forecast","1.81212481735484"
"exdqlm_univar_synth","draw_109",1701,"2022-12-29","forecast","1.74746061315713"
"exdqlm_univar_synth","draw_109",1701,"2022-12-30","forecast","1.68524352592296"
"exdqlm_univar_synth","draw_109",1701,"2022-12-31","forecast","2.94708487783253"
"exdqlm_univar_synth","draw_109",1701,"2023-01-01","forecast","3.44965302181079"
"exdqlm_univar_synth","draw_109",1701,"2023-01-02","forecast","2.15773543302657"
"exdqlm_univar_synth","draw_109",1701,"2023-01-03","forecast","1.91853959091319"
"exdqlm_univar_synth","draw_109",1701,"2023-01-04","forecast","1.34766717801398"
"exdqlm_univar_synth","draw_109",1701,"2023-01-05","forecast","2.03547639084330"
"exdqlm_univar_synth","draw_109",1701,"2023-01-06","forecast","1.46006951195173"
"exdqlm_univar_synth","draw_109",1701,"2023-01-07","forecast","1.31413390863946"
"exdqlm_univar_synth","draw_109",1701,"2023-01-08","forecast","1.80019960519759"
"exdqlm_univar_synth","draw_109",1701,"2023-01-09","forecast","2.28198371943200"
"exdqlm_univar_synth","draw_109",1701,"2023-01-10","forecast","2.02972062706290"
"exdqlm_univar_synth","draw_109",1701,"2023-01-11","forecast","1.49141007766324"
"exdqlm_univar_synth","draw_109",1701,"2023-01-12","forecast","2.24565326241104"
"exdqlm_univar_synth","draw_109",1701,"2023-01-13","forecast","1.60027608085052"
"exdqlm_univar_synth","draw_109",1701,"2023-01-14","forecast","1.39888580352391"
"exdqlm_univar_synth","draw_109",1701,"2023-01-15","forecast","1.97573314634762"
"exdqlm_univar_synth","draw_109",1701,"2023-01-16","forecast","2.36037787011833"
"exdqlm_univar_synth","draw_109",1701,"2023-01-17","forecast","1.50615540876856"
"exdqlm_univar_synth","draw_109",1701,"2023-01-18","forecast","1.14158806828184"
"exdqlm_univar_synth","draw_109",1701,"2023-01-19","forecast","0.956510369152262"
"exdqlm_univar_synth","draw_109",1701,"2023-01-20","forecast","0.920559160898281"
"exdqlm_univar_synth","draw_109",1701,"2023-01-21","forecast","0.846614823887737"
"exdqlm_univar_synth","draw_109",1701,"2023-01-22","forecast","0.829413186788292"
"exdqlm_univar_synth","draw_110",1717,"2022-12-26","forecast","1.05545183640224"
"exdqlm_univar_synth","draw_110",1717,"2022-12-27","forecast","3.38810289321310"
"exdqlm_univar_synth","draw_110",1717,"2022-12-28","forecast","2.37481955380334"
"exdqlm_univar_synth","draw_110",1717,"2022-12-29","forecast","1.97189952108457"
"exdqlm_univar_synth","draw_110",1717,"2022-12-30","forecast","1.84369546090807"
"exdqlm_univar_synth","draw_110",1717,"2022-12-31","forecast","3.27955193504497"
"exdqlm_univar_synth","draw_110",1717,"2023-01-01","forecast","3.02675622363809"
"exdqlm_univar_synth","draw_110",1717,"2023-01-02","forecast","1.89718144560574"
"exdqlm_univar_synth","draw_110",1717,"2023-01-03","forecast","2.41749874640341"
"exdqlm_univar_synth","draw_110",1717,"2023-01-04","forecast","1.38320766413111"
"exdqlm_univar_synth","draw_110",1717,"2023-01-05","forecast","2.35205890844541"
"exdqlm_univar_synth","draw_110",1717,"2023-01-06","forecast","1.70649919184776"
"exdqlm_univar_synth","draw_110",1717,"2023-01-07","forecast","1.31262099902317"
"exdqlm_univar_synth","draw_110",1717,"2023-01-08","forecast","1.77255871560978"
"exdqlm_univar_synth","draw_110",1717,"2023-01-09","forecast","1.80783182702209"
"exdqlm_univar_synth","draw_110",1717,"2023-01-10","forecast","2.03464483655862"
"exdqlm_univar_synth","draw_110",1717,"2023-01-11","forecast","1.58790918459391"
"exdqlm_univar_synth","draw_110",1717,"2023-01-12","forecast","2.17345361822287"
"exdqlm_univar_synth","draw_110",1717,"2023-01-13","forecast","1.48558882752284"
"exdqlm_univar_synth","draw_110",1717,"2023-01-14","forecast","1.98438591187677"
"exdqlm_univar_synth","draw_110",1717,"2023-01-15","forecast","1.92197193053172"
"exdqlm_univar_synth","draw_110",1717,"2023-01-16","forecast","2.29176730658513"
"exdqlm_univar_synth","draw_110",1717,"2023-01-17","forecast","1.50685917124706"
"exdqlm_univar_synth","draw_110",1717,"2023-01-18","forecast","1.15001655410705"
"exdqlm_univar_synth","draw_110",1717,"2023-01-19","forecast","0.697834222570485"
"exdqlm_univar_synth","draw_110",1717,"2023-01-20","forecast","0.819509480111265"
"exdqlm_univar_synth","draw_110",1717,"2023-01-21","forecast","0.899182301612749"
"exdqlm_univar_synth","draw_110",1717,"2023-01-22","forecast","0.819594880875778"
"exdqlm_univar_synth","draw_111",1732,"2022-12-26","forecast","0.853825004347305"
"exdqlm_univar_synth","draw_111",1732,"2022-12-27","forecast","2.92054666046155"
"exdqlm_univar_synth","draw_111",1732,"2022-12-28","forecast","2.48358511220721"
"exdqlm_univar_synth","draw_111",1732,"2022-12-29","forecast","1.66231049056110"
"exdqlm_univar_synth","draw_111",1732,"2022-12-30","forecast","2.05943168402253"
"exdqlm_univar_synth","draw_111",1732,"2022-12-31","forecast","2.63085157298865"
"exdqlm_univar_synth","draw_111",1732,"2023-01-01","forecast","3.53027014771647"
"exdqlm_univar_synth","draw_111",1732,"2023-01-02","forecast","1.85408429557099"
"exdqlm_univar_synth","draw_111",1732,"2023-01-03","forecast","1.72223819027918"
"exdqlm_univar_synth","draw_111",1732,"2023-01-04","forecast","1.46152872169718"
"exdqlm_univar_synth","draw_111",1732,"2023-01-05","forecast","2.03554388133588"
"exdqlm_univar_synth","draw_111",1732,"2023-01-06","forecast","1.70200254116684"
"exdqlm_univar_synth","draw_111",1732,"2023-01-07","forecast","1.31560740976016"
"exdqlm_univar_synth","draw_111",1732,"2023-01-08","forecast","1.38593599996902"
"exdqlm_univar_synth","draw_111",1732,"2023-01-09","forecast","2.19134186573613"
"exdqlm_univar_synth","draw_111",1732,"2023-01-10","forecast","1.60035419419108"
"exdqlm_univar_synth","draw_111",1732,"2023-01-11","forecast","1.54952431390220"
"exdqlm_univar_synth","draw_111",1732,"2023-01-12","forecast","2.27424747487959"
"exdqlm_univar_synth","draw_111",1732,"2023-01-13","forecast","1.65924249609294"
"exdqlm_univar_synth","draw_111",1732,"2023-01-14","forecast","2.08784171381463"
"exdqlm_univar_synth","draw_111",1732,"2023-01-15","forecast","1.28075038911711"
"exdqlm_univar_synth","draw_111",1732,"2023-01-16","forecast","2.29480023161622"
"exdqlm_univar_synth","draw_111",1732,"2023-01-17","forecast","1.51062033113790"
"exdqlm_univar_synth","draw_111",1732,"2023-01-18","forecast","1.13844221599257"
"exdqlm_univar_synth","draw_111",1732,"2023-01-19","forecast","0.955696463896054"
"exdqlm_univar_synth","draw_111",1732,"2023-01-20","forecast","0.817191732120284"
"exdqlm_univar_synth","draw_111",1732,"2023-01-21","forecast","0.847183932306163"
"exdqlm_univar_synth","draw_111",1732,"2023-01-22","forecast","0.829161916740735"
"exdqlm_univar_synth","draw_112",1748,"2022-12-26","forecast","1.18796466508494"
"exdqlm_univar_synth","draw_112",1748,"2022-12-27","forecast","2.86561559616654"
"exdqlm_univar_synth","draw_112",1748,"2022-12-28","forecast","2.76953424290689"
"exdqlm_univar_synth","draw_112",1748,"2022-12-29","forecast","1.58944628599785"
"exdqlm_univar_synth","draw_112",1748,"2022-12-30","forecast","2.06160780440426"
"exdqlm_univar_synth","draw_112",1748,"2022-12-31","forecast","2.95217654989025"
"exdqlm_univar_synth","draw_112",1748,"2023-01-01","forecast","2.91606118747626"
"exdqlm_univar_synth","draw_112",1748,"2023-01-02","forecast","1.89975506780738"
"exdqlm_univar_synth","draw_112",1748,"2023-01-03","forecast","2.45867552851723"
"exdqlm_univar_synth","draw_112",1748,"2023-01-04","forecast","1.08786561355263"
"exdqlm_univar_synth","draw_112",1748,"2023-01-05","forecast","2.08835767956314"
"exdqlm_univar_synth","draw_112",1748,"2023-01-06","forecast","1.77114405411719"
"exdqlm_univar_synth","draw_112",1748,"2023-01-07","forecast","1.31397796279451"
"exdqlm_univar_synth","draw_112",1748,"2023-01-08","forecast","1.28719214918195"
"exdqlm_univar_synth","draw_112",1748,"2023-01-09","forecast","2.18938498941799"
"exdqlm_univar_synth","draw_112",1748,"2023-01-10","forecast","1.74091995845964"
"exdqlm_univar_synth","draw_112",1748,"2023-01-11","forecast","1.58969429626954"
"exdqlm_univar_synth","draw_112",1748,"2023-01-12","forecast","2.27709581893343"
"exdqlm_univar_synth","draw_112",1748,"2023-01-13","forecast","1.28093038671488"
"exdqlm_univar_synth","draw_112",1748,"2023-01-14","forecast","2.03777330961318"
"exdqlm_univar_synth","draw_112",1748,"2023-01-15","forecast","2.36960515673207"
"exdqlm_univar_synth","draw_112",1748,"2023-01-16","forecast","2.29414365539483"
"exdqlm_univar_synth","draw_112",1748,"2023-01-17","forecast","1.10043067044091"
"exdqlm_univar_synth","draw_112",1748,"2023-01-18","forecast","1.15171478838101"
"exdqlm_univar_synth","draw_112",1748,"2023-01-19","forecast","0.955152939080801"
"exdqlm_univar_synth","draw_112",1748,"2023-01-20","forecast","0.781902380806260"
"exdqlm_univar_synth","draw_112",1748,"2023-01-21","forecast","0.840956837338692"
"exdqlm_univar_synth","draw_112",1748,"2023-01-22","forecast","0.829053661322925"
"exdqlm_univar_synth","draw_113",1764,"2022-12-26","forecast","1.04394931085182"
"exdqlm_univar_synth","draw_113",1764,"2022-12-27","forecast","2.66934168066619"
"exdqlm_univar_synth","draw_113",1764,"2022-12-28","forecast","2.52157788563796"
"exdqlm_univar_synth","draw_113",1764,"2022-12-29","forecast","1.76339512815363"
"exdqlm_univar_synth","draw_113",1764,"2022-12-30","forecast","1.74256055783687"
"exdqlm_univar_synth","draw_113",1764,"2022-12-31","forecast","2.36253626363795"
"exdqlm_univar_synth","draw_113",1764,"2023-01-01","forecast","3.29847097472613"
"exdqlm_univar_synth","draw_113",1764,"2023-01-02","forecast","1.83626488219814"
"exdqlm_univar_synth","draw_113",1764,"2023-01-03","forecast","2.54656641728274"
"exdqlm_univar_synth","draw_113",1764,"2023-01-04","forecast","1.39303432555211"
"exdqlm_univar_synth","draw_113",1764,"2023-01-05","forecast","2.01620511621058"
"exdqlm_univar_synth","draw_113",1764,"2023-01-06","forecast","1.70507289116468"
"exdqlm_univar_synth","draw_113",1764,"2023-01-07","forecast","1.28071569091152"
"exdqlm_univar_synth","draw_113",1764,"2023-01-08","forecast","1.77849541804994"
"exdqlm_univar_synth","draw_113",1764,"2023-01-09","forecast","2.10453164620841"
"exdqlm_univar_synth","draw_113",1764,"2023-01-10","forecast","2.03019184742301"
"exdqlm_univar_synth","draw_113",1764,"2023-01-11","forecast","1.51958978655661"
"exdqlm_univar_synth","draw_113",1764,"2023-01-12","forecast","1.66632154901286"
"exdqlm_univar_synth","draw_113",1764,"2023-01-13","forecast","1.61087564738020"
"exdqlm_univar_synth","draw_113",1764,"2023-01-14","forecast","1.50575126497208"
"exdqlm_univar_synth","draw_113",1764,"2023-01-15","forecast","1.95838035548211"
"exdqlm_univar_synth","draw_113",1764,"2023-01-16","forecast","2.32535971554965"
"exdqlm_univar_synth","draw_113",1764,"2023-01-17","forecast","1.50991932469562"
"exdqlm_univar_synth","draw_113",1764,"2023-01-18","forecast","0.935257044160321"
"exdqlm_univar_synth","draw_113",1764,"2023-01-19","forecast","0.997954802046703"
"exdqlm_univar_synth","draw_113",1764,"2023-01-20","forecast","0.484950100103953"
"exdqlm_univar_synth","draw_113",1764,"2023-01-21","forecast","0.797135533384213"
"exdqlm_univar_synth","draw_113",1764,"2023-01-22","forecast","0.829911920756071"
"exdqlm_univar_synth","draw_114",1780,"2022-12-26","forecast","1.04721089549133"
"exdqlm_univar_synth","draw_114",1780,"2022-12-27","forecast","2.11367807825003"
"exdqlm_univar_synth","draw_114",1780,"2022-12-28","forecast","1.98872105527081"
"exdqlm_univar_synth","draw_114",1780,"2022-12-29","forecast","1.85809072306977"
"exdqlm_univar_synth","draw_114",1780,"2022-12-30","forecast","2.06350233672362"
"exdqlm_univar_synth","draw_114",1780,"2022-12-31","forecast","2.15587912115715"
"exdqlm_univar_synth","draw_114",1780,"2023-01-01","forecast","3.33180196832041"
"exdqlm_univar_synth","draw_114",1780,"2023-01-02","forecast","2.27523123995165"
"exdqlm_univar_synth","draw_114",1780,"2023-01-03","forecast","2.13611541028094"
"exdqlm_univar_synth","draw_114",1780,"2023-01-04","forecast","1.47451080098582"
"exdqlm_univar_synth","draw_114",1780,"2023-01-05","forecast","2.25271234656658"
"exdqlm_univar_synth","draw_114",1780,"2023-01-06","forecast","1.73839489568696"
"exdqlm_univar_synth","draw_114",1780,"2023-01-07","forecast","1.15586613131915"
"exdqlm_univar_synth","draw_114",1780,"2023-01-08","forecast","1.87370872386053"
"exdqlm_univar_synth","draw_114",1780,"2023-01-09","forecast","2.18046665864270"
"exdqlm_univar_synth","draw_114",1780,"2023-01-10","forecast","2.17886606568002"
"exdqlm_univar_synth","draw_114",1780,"2023-01-11","forecast","1.59067221248933"
"exdqlm_univar_synth","draw_114",1780,"2023-01-12","forecast","2.27717511742971"
"exdqlm_univar_synth","draw_114",1780,"2023-01-13","forecast","1.14643468636431"
"exdqlm_univar_synth","draw_114",1780,"2023-01-14","forecast","1.59988106236329"
"exdqlm_univar_synth","draw_114",1780,"2023-01-15","forecast","1.95747203330858"
"exdqlm_univar_synth","draw_114",1780,"2023-01-16","forecast","2.29186422004299"
"exdqlm_univar_synth","draw_114",1780,"2023-01-17","forecast","1.51107070463860"
"exdqlm_univar_synth","draw_114",1780,"2023-01-18","forecast","1.13963227502006"
"exdqlm_univar_synth","draw_114",1780,"2023-01-19","forecast","1.06429303959247"
"exdqlm_univar_synth","draw_114",1780,"2023-01-20","forecast","0.398812622933442"
"exdqlm_univar_synth","draw_114",1780,"2023-01-21","forecast","0.831719425452819"
"exdqlm_univar_synth","draw_114",1780,"2023-01-22","forecast","0.829623259174522"
"exdqlm_univar_synth","draw_115",1795,"2022-12-26","forecast","0.918140706008764"
"exdqlm_univar_synth","draw_115",1795,"2022-12-27","forecast","2.59824864399496"
"exdqlm_univar_synth","draw_115",1795,"2022-12-28","forecast","2.51005879518015"
"exdqlm_univar_synth","draw_115",1795,"2022-12-29","forecast","1.85566769083105"
"exdqlm_univar_synth","draw_115",1795,"2022-12-30","forecast","2.06989066451249"
"exdqlm_univar_synth","draw_115",1795,"2022-12-31","forecast","2.87962228275385"
"exdqlm_univar_synth","draw_115",1795,"2023-01-01","forecast","3.41279051315781"
"exdqlm_univar_synth","draw_115",1795,"2023-01-02","forecast","2.01392261366701"
"exdqlm_univar_synth","draw_115",1795,"2023-01-03","forecast","2.10078985253587"
"exdqlm_univar_synth","draw_115",1795,"2023-01-04","forecast","1.44824864162661"
"exdqlm_univar_synth","draw_115",1795,"2023-01-05","forecast","2.03431035545364"
"exdqlm_univar_synth","draw_115",1795,"2023-01-06","forecast","1.70535982288392"
"exdqlm_univar_synth","draw_115",1795,"2023-01-07","forecast","1.31849662431014"
"exdqlm_univar_synth","draw_115",1795,"2023-01-08","forecast","1.64719777348748"
"exdqlm_univar_synth","draw_115",1795,"2023-01-09","forecast","1.59580376732516"
"exdqlm_univar_synth","draw_115",1795,"2023-01-10","forecast","1.72904799840557"
"exdqlm_univar_synth","draw_115",1795,"2023-01-11","forecast","1.51964522892030"
"exdqlm_univar_synth","draw_115",1795,"2023-01-12","forecast","1.90622018116898"
"exdqlm_univar_synth","draw_115",1795,"2023-01-13","forecast","1.62800940789871"
"exdqlm_univar_synth","draw_115",1795,"2023-01-14","forecast","1.95850034322195"
"exdqlm_univar_synth","draw_115",1795,"2023-01-15","forecast","1.95632574312641"
"exdqlm_univar_synth","draw_115",1795,"2023-01-16","forecast","2.28796118551028"
"exdqlm_univar_synth","draw_115",1795,"2023-01-17","forecast","1.50465438097644"
"exdqlm_univar_synth","draw_115",1795,"2023-01-18","forecast","0.929555229759373"
"exdqlm_univar_synth","draw_115",1795,"2023-01-19","forecast","0.955543258064422"
"exdqlm_univar_synth","draw_115",1795,"2023-01-20","forecast","0.513268919871061"
"exdqlm_univar_synth","draw_115",1795,"2023-01-21","forecast","0.721006671090380"
"exdqlm_univar_synth","draw_115",1795,"2023-01-22","forecast","0.627275175935675"
"exdqlm_univar_synth","draw_116",1811,"2022-12-26","forecast","1.10720487723617"
"exdqlm_univar_synth","draw_116",1811,"2022-12-27","forecast","2.28446243880794"
"exdqlm_univar_synth","draw_116",1811,"2022-12-28","forecast","2.17389628947469"
"exdqlm_univar_synth","draw_116",1811,"2022-12-29","forecast","1.77037135723162"
"exdqlm_univar_synth","draw_116",1811,"2022-12-30","forecast","2.06259613304331"
"exdqlm_univar_synth","draw_116",1811,"2022-12-31","forecast","3.35036501383202"
"exdqlm_univar_synth","draw_116",1811,"2023-01-01","forecast","3.54959020759696"
"exdqlm_univar_synth","draw_116",1811,"2023-01-02","forecast","2.03120740826848"
"exdqlm_univar_synth","draw_116",1811,"2023-01-03","forecast","1.44991474316527"
"exdqlm_univar_synth","draw_116",1811,"2023-01-04","forecast","1.15302252477848"
"exdqlm_univar_synth","draw_116",1811,"2023-01-05","forecast","1.48005956435917"
"exdqlm_univar_synth","draw_116",1811,"2023-01-06","forecast","1.70673141740630"
"exdqlm_univar_synth","draw_116",1811,"2023-01-07","forecast","1.14680088942508"
"exdqlm_univar_synth","draw_116",1811,"2023-01-08","forecast","1.43021484635131"
"exdqlm_univar_synth","draw_116",1811,"2023-01-09","forecast","2.19449433085317"
"exdqlm_univar_synth","draw_116",1811,"2023-01-10","forecast","1.78256063046417"
"exdqlm_univar_synth","draw_116",1811,"2023-01-11","forecast","0.972238506463804"
"exdqlm_univar_synth","draw_116",1811,"2023-01-12","forecast","2.28882042784326"
"exdqlm_univar_synth","draw_116",1811,"2023-01-13","forecast","1.37882505805504"
"exdqlm_univar_synth","draw_116",1811,"2023-01-14","forecast","1.94609498750035"
"exdqlm_univar_synth","draw_116",1811,"2023-01-15","forecast","1.68506960643917"
"exdqlm_univar_synth","draw_116",1811,"2023-01-16","forecast","2.06602599047831"
"exdqlm_univar_synth","draw_116",1811,"2023-01-17","forecast","1.50758149717218"
"exdqlm_univar_synth","draw_116",1811,"2023-01-18","forecast","0.818073859655052"
"exdqlm_univar_synth","draw_116",1811,"2023-01-19","forecast","1.02520534314544"
"exdqlm_univar_synth","draw_116",1811,"2023-01-20","forecast","1.03198274034838"
"exdqlm_univar_synth","draw_116",1811,"2023-01-21","forecast","0.842607204946267"
"exdqlm_univar_synth","draw_116",1811,"2023-01-22","forecast","0.570888936135368"
"exdqlm_univar_synth","draw_117",1827,"2022-12-26","forecast","1.15433657329631"
"exdqlm_univar_synth","draw_117",1827,"2022-12-27","forecast","2.38610483243934"
"exdqlm_univar_synth","draw_117",1827,"2022-12-28","forecast","2.56619522188554"
"exdqlm_univar_synth","draw_117",1827,"2022-12-29","forecast","1.50612266456132"
"exdqlm_univar_synth","draw_117",1827,"2022-12-30","forecast","2.34974720508791"
"exdqlm_univar_synth","draw_117",1827,"2022-12-31","forecast","2.12379511402974"
"exdqlm_univar_synth","draw_117",1827,"2023-01-01","forecast","3.17380596864112"
"exdqlm_univar_synth","draw_117",1827,"2023-01-02","forecast","2.02383179365661"
"exdqlm_univar_synth","draw_117",1827,"2023-01-03","forecast","2.29133182440540"
"exdqlm_univar_synth","draw_117",1827,"2023-01-04","forecast","1.41592913479896"
"exdqlm_univar_synth","draw_117",1827,"2023-01-05","forecast","1.95608218048993"
"exdqlm_univar_synth","draw_117",1827,"2023-01-06","forecast","1.12841487869698"
"exdqlm_univar_synth","draw_117",1827,"2023-01-07","forecast","0.796354122696760"
"exdqlm_univar_synth","draw_117",1827,"2023-01-08","forecast","1.49300273406483"
"exdqlm_univar_synth","draw_117",1827,"2023-01-09","forecast","2.19510952982743"
"exdqlm_univar_synth","draw_117",1827,"2023-01-10","forecast","1.70689504256897"
"exdqlm_univar_synth","draw_117",1827,"2023-01-11","forecast","1.22788712937014"
"exdqlm_univar_synth","draw_117",1827,"2023-01-12","forecast","2.26459603377280"
"exdqlm_univar_synth","draw_117",1827,"2023-01-13","forecast","1.65874318701360"
"exdqlm_univar_synth","draw_117",1827,"2023-01-14","forecast","1.73750601687541"
"exdqlm_univar_synth","draw_117",1827,"2023-01-15","forecast","1.95874651531694"
"exdqlm_univar_synth","draw_117",1827,"2023-01-16","forecast","2.29109922711329"
"exdqlm_univar_synth","draw_117",1827,"2023-01-17","forecast","1.01178668674794"
"exdqlm_univar_synth","draw_117",1827,"2023-01-18","forecast","1.14090372391138"
"exdqlm_univar_synth","draw_117",1827,"2023-01-19","forecast","0.461279548363036"
"exdqlm_univar_synth","draw_117",1827,"2023-01-20","forecast","0.814223181688911"
"exdqlm_univar_synth","draw_117",1827,"2023-01-21","forecast","0.838731733686805"
"exdqlm_univar_synth","draw_117",1827,"2023-01-22","forecast","0.827833920478758"
"exdqlm_univar_synth","draw_118",1843,"2022-12-26","forecast","1.07552311101640"
"exdqlm_univar_synth","draw_118",1843,"2022-12-27","forecast","2.72132085619924"
"exdqlm_univar_synth","draw_118",1843,"2022-12-28","forecast","2.61947348012968"
"exdqlm_univar_synth","draw_118",1843,"2022-12-29","forecast","1.70177143580045"
"exdqlm_univar_synth","draw_118",1843,"2022-12-30","forecast","2.06684755290621"
"exdqlm_univar_synth","draw_118",1843,"2022-12-31","forecast","3.00293613198597"
"exdqlm_univar_synth","draw_118",1843,"2023-01-01","forecast","3.57123116737316"
"exdqlm_univar_synth","draw_118",1843,"2023-01-02","forecast","2.10618260152110"
"exdqlm_univar_synth","draw_118",1843,"2023-01-03","forecast","2.13070320949684"
"exdqlm_univar_synth","draw_118",1843,"2023-01-04","forecast","1.49905170966887"
"exdqlm_univar_synth","draw_118",1843,"2023-01-05","forecast","2.24612344312909"
"exdqlm_univar_synth","draw_118",1843,"2023-01-06","forecast","1.70522731860746"
"exdqlm_univar_synth","draw_118",1843,"2023-01-07","forecast","1.18343254224738"
"exdqlm_univar_synth","draw_118",1843,"2023-01-08","forecast","1.65730466265231"
"exdqlm_univar_synth","draw_118",1843,"2023-01-09","forecast","1.78629301447998"
"exdqlm_univar_synth","draw_118",1843,"2023-01-10","forecast","2.02979556362307"
"exdqlm_univar_synth","draw_118",1843,"2023-01-11","forecast","1.47427027491654"
"exdqlm_univar_synth","draw_118",1843,"2023-01-12","forecast","1.50238805929648"
"exdqlm_univar_synth","draw_118",1843,"2023-01-13","forecast","1.67948728499191"
"exdqlm_univar_synth","draw_118",1843,"2023-01-14","forecast","2.03604378719837"
"exdqlm_univar_synth","draw_118",1843,"2023-01-15","forecast","1.88513916598261"
"exdqlm_univar_synth","draw_118",1843,"2023-01-16","forecast","2.29128541165975"
"exdqlm_univar_synth","draw_118",1843,"2023-01-17","forecast","1.20658134741113"
"exdqlm_univar_synth","draw_118",1843,"2023-01-18","forecast","1.13321888139820"
"exdqlm_univar_synth","draw_118",1843,"2023-01-19","forecast","0.953710862358000"
"exdqlm_univar_synth","draw_118",1843,"2023-01-20","forecast","0.818278489834923"
"exdqlm_univar_synth","draw_118",1843,"2023-01-21","forecast","0.834337157394097"
"exdqlm_univar_synth","draw_118",1843,"2023-01-22","forecast","0.828694757416348"
"exdqlm_univar_synth","draw_119",1858,"2022-12-26","forecast","0.886304018726394"
"exdqlm_univar_synth","draw_119",1858,"2022-12-27","forecast","2.38986306741885"
"exdqlm_univar_synth","draw_119",1858,"2022-12-28","forecast","2.43401030691858"
"exdqlm_univar_synth","draw_119",1858,"2022-12-29","forecast","1.24708303726386"
"exdqlm_univar_synth","draw_119",1858,"2022-12-30","forecast","2.09139010564325"
"exdqlm_univar_synth","draw_119",1858,"2022-12-31","forecast","1.99768822330782"
"exdqlm_univar_synth","draw_119",1858,"2023-01-01","forecast","2.69621239400123"
"exdqlm_univar_synth","draw_119",1858,"2023-01-02","forecast","1.99898337173932"
"exdqlm_univar_synth","draw_119",1858,"2023-01-03","forecast","2.20463608095571"
"exdqlm_univar_synth","draw_119",1858,"2023-01-04","forecast","1.30201277941649"
"exdqlm_univar_synth","draw_119",1858,"2023-01-05","forecast","2.03663534333390"
"exdqlm_univar_synth","draw_119",1858,"2023-01-06","forecast","1.03087878731911"
"exdqlm_univar_synth","draw_119",1858,"2023-01-07","forecast","1.16320569977802"
"exdqlm_univar_synth","draw_119",1858,"2023-01-08","forecast","1.13164512791975"
"exdqlm_univar_synth","draw_119",1858,"2023-01-09","forecast","1.55415083826219"
"exdqlm_univar_synth","draw_119",1858,"2023-01-10","forecast","1.93585602226824"
"exdqlm_univar_synth","draw_119",1858,"2023-01-11","forecast","1.59811088520221"
"exdqlm_univar_synth","draw_119",1858,"2023-01-12","forecast","2.31157826818585"
"exdqlm_univar_synth","draw_119",1858,"2023-01-13","forecast","1.14428118772317"
"exdqlm_univar_synth","draw_119",1858,"2023-01-14","forecast","1.58113480552496"
"exdqlm_univar_synth","draw_119",1858,"2023-01-15","forecast","1.95795077194953"
"exdqlm_univar_synth","draw_119",1858,"2023-01-16","forecast","1.52816316138361"
"exdqlm_univar_synth","draw_119",1858,"2023-01-17","forecast","1.20885038572534"
"exdqlm_univar_synth","draw_119",1858,"2023-01-18","forecast","0.794168660150286"
"exdqlm_univar_synth","draw_119",1858,"2023-01-19","forecast","0.954037036852841"
"exdqlm_univar_synth","draw_119",1858,"2023-01-20","forecast","0.816705562560694"
"exdqlm_univar_synth","draw_119",1858,"2023-01-21","forecast","0.629999365781308"
"exdqlm_univar_synth","draw_119",1858,"2023-01-22","forecast","0.825531796386879"
"exdqlm_univar_synth","draw_120",1874,"2022-12-26","forecast","0.972139743255692"
"exdqlm_univar_synth","draw_120",1874,"2022-12-27","forecast","3.11616406607444"
"exdqlm_univar_synth","draw_120",1874,"2022-12-28","forecast","2.56137607279316"
"exdqlm_univar_synth","draw_120",1874,"2022-12-29","forecast","1.42789251966446"
"exdqlm_univar_synth","draw_120",1874,"2022-12-30","forecast","2.19032241907901"
"exdqlm_univar_synth","draw_120",1874,"2022-12-31","forecast","2.21718987592811"
"exdqlm_univar_synth","draw_120",1874,"2023-01-01","forecast","3.36847618968459"
"exdqlm_univar_synth","draw_120",1874,"2023-01-02","forecast","1.95169244427382"
"exdqlm_univar_synth","draw_120",1874,"2023-01-03","forecast","1.57419550405657"
"exdqlm_univar_synth","draw_120",1874,"2023-01-04","forecast","1.44715707489616"
"exdqlm_univar_synth","draw_120",1874,"2023-01-05","forecast","1.50837724569721"
"exdqlm_univar_synth","draw_120",1874,"2023-01-06","forecast","1.39804090983504"
"exdqlm_univar_synth","draw_120",1874,"2023-01-07","forecast","0.926047869741316"
"exdqlm_univar_synth","draw_120",1874,"2023-01-08","forecast","1.87907005057466"
"exdqlm_univar_synth","draw_120",1874,"2023-01-09","forecast","2.19060517302218"
"exdqlm_univar_synth","draw_120",1874,"2023-01-10","forecast","2.03052123719557"
"exdqlm_univar_synth","draw_120",1874,"2023-01-11","forecast","1.70663125523941"
"exdqlm_univar_synth","draw_120",1874,"2023-01-12","forecast","2.37567184546354"
"exdqlm_univar_synth","draw_120",1874,"2023-01-13","forecast","1.63238684867469"
"exdqlm_univar_synth","draw_120",1874,"2023-01-14","forecast","1.39018124438461"
"exdqlm_univar_synth","draw_120",1874,"2023-01-15","forecast","1.25995488931567"
"exdqlm_univar_synth","draw_120",1874,"2023-01-16","forecast","2.29538989022190"
"exdqlm_univar_synth","draw_120",1874,"2023-01-17","forecast","1.50836745363962"
"exdqlm_univar_synth","draw_120",1874,"2023-01-18","forecast","1.14982156876950"
"exdqlm_univar_synth","draw_120",1874,"2023-01-19","forecast","0.634017471551970"
"exdqlm_univar_synth","draw_120",1874,"2023-01-20","forecast","0.817510060645977"
"exdqlm_univar_synth","draw_120",1874,"2023-01-21","forecast","0.694111413201734"
"exdqlm_univar_synth","draw_120",1874,"2023-01-22","forecast","0.828872496232319"
"exdqlm_univar_synth","draw_121",1890,"2022-12-26","forecast","1.04066473034124"
"exdqlm_univar_synth","draw_121",1890,"2022-12-27","forecast","2.12254067451132"
"exdqlm_univar_synth","draw_121",1890,"2022-12-28","forecast","2.56115962761449"
"exdqlm_univar_synth","draw_121",1890,"2022-12-29","forecast","1.35945995416151"
"exdqlm_univar_synth","draw_121",1890,"2022-12-30","forecast","1.80137709875976"
"exdqlm_univar_synth","draw_121",1890,"2022-12-31","forecast","2.63407719112654"
"exdqlm_univar_synth","draw_121",1890,"2023-01-01","forecast","3.14589941825790"
"exdqlm_univar_synth","draw_121",1890,"2023-01-02","forecast","1.93767293193457"
"exdqlm_univar_synth","draw_121",1890,"2023-01-03","forecast","1.96503724366642"
"exdqlm_univar_synth","draw_121",1890,"2023-01-04","forecast","1.15870720297594"
"exdqlm_univar_synth","draw_121",1890,"2023-01-05","forecast","1.96135855224812"
"exdqlm_univar_synth","draw_121",1890,"2023-01-06","forecast","1.61265629110711"
"exdqlm_univar_synth","draw_121",1890,"2023-01-07","forecast","1.31493271153799"
"exdqlm_univar_synth","draw_121",1890,"2023-01-08","forecast","1.46051778548069"
"exdqlm_univar_synth","draw_121",1890,"2023-01-09","forecast","2.19569582919177"
"exdqlm_univar_synth","draw_121",1890,"2023-01-10","forecast","2.03053208080324"
"exdqlm_univar_synth","draw_121",1890,"2023-01-11","forecast","1.59019423119284"
"exdqlm_univar_synth","draw_121",1890,"2023-01-12","forecast","2.28325836316207"
"exdqlm_univar_synth","draw_121",1890,"2023-01-13","forecast","1.65926797251775"
"exdqlm_univar_synth","draw_121",1890,"2023-01-14","forecast","1.77015398770366"
"exdqlm_univar_synth","draw_121",1890,"2023-01-15","forecast","1.95800709821493"
"exdqlm_univar_synth","draw_121",1890,"2023-01-16","forecast","1.66478113992073"
"exdqlm_univar_synth","draw_121",1890,"2023-01-17","forecast","1.51033752322432"
"exdqlm_univar_synth","draw_121",1890,"2023-01-18","forecast","0.754138220025909"
"exdqlm_univar_synth","draw_121",1890,"2023-01-19","forecast","0.748794487121642"
"exdqlm_univar_synth","draw_121",1890,"2023-01-20","forecast","0.819839445295056"
"exdqlm_univar_synth","draw_121",1890,"2023-01-21","forecast","0.844158097573303"
"exdqlm_univar_synth","draw_121",1890,"2023-01-22","forecast","0.670607091758417"
"exdqlm_univar_synth","draw_122",1906,"2022-12-26","forecast","1.16829109484153"
"exdqlm_univar_synth","draw_122",1906,"2022-12-27","forecast","3.27717201927198"
"exdqlm_univar_synth","draw_122",1906,"2022-12-28","forecast","2.58878667649036"
"exdqlm_univar_synth","draw_122",1906,"2022-12-29","forecast","1.82262002689396"
"exdqlm_univar_synth","draw_122",1906,"2022-12-30","forecast","1.59959893994488"
"exdqlm_univar_synth","draw_122",1906,"2022-12-31","forecast","2.21442598330195"
"exdqlm_univar_synth","draw_122",1906,"2023-01-01","forecast","3.12587086664416"
"exdqlm_univar_synth","draw_122",1906,"2023-01-02","forecast","1.77882111187313"
"exdqlm_univar_synth","draw_122",1906,"2023-01-03","forecast","2.19651415149741"
"exdqlm_univar_synth","draw_122",1906,"2023-01-04","forecast","1.48939090916267"
"exdqlm_univar_synth","draw_122",1906,"2023-01-05","forecast","2.08624781765073"
"exdqlm_univar_synth","draw_122",1906,"2023-01-06","forecast","1.21456153650323"
"exdqlm_univar_synth","draw_122",1906,"2023-01-07","forecast","1.29489881927456"
"exdqlm_univar_synth","draw_122",1906,"2023-01-08","forecast","1.15950170640101"
"exdqlm_univar_synth","draw_122",1906,"2023-01-09","forecast","2.16433623646734"
"exdqlm_univar_synth","draw_122",1906,"2023-01-10","forecast","2.03163105897145"
"exdqlm_univar_synth","draw_122",1906,"2023-01-11","forecast","1.67941712679132"
"exdqlm_univar_synth","draw_122",1906,"2023-01-12","forecast","1.66604066962568"
"exdqlm_univar_synth","draw_122",1906,"2023-01-13","forecast","1.25264244273704"
"exdqlm_univar_synth","draw_122",1906,"2023-01-14","forecast","2.05845694295874"
"exdqlm_univar_synth","draw_122",1906,"2023-01-15","forecast","1.58041699665734"
"exdqlm_univar_synth","draw_122",1906,"2023-01-16","forecast","2.29956082149634"
"exdqlm_univar_synth","draw_122",1906,"2023-01-17","forecast","1.50906078705845"
"exdqlm_univar_synth","draw_122",1906,"2023-01-18","forecast","1.15077746756949"
"exdqlm_univar_synth","draw_122",1906,"2023-01-19","forecast","0.939271364142125"
"exdqlm_univar_synth","draw_122",1906,"2023-01-20","forecast","0.782011076170452"
"exdqlm_univar_synth","draw_122",1906,"2023-01-21","forecast","0.831721664507171"
"exdqlm_univar_synth","draw_122",1906,"2023-01-22","forecast","0.829829059030307"
"exdqlm_univar_synth","draw_123",1921,"2022-12-26","forecast","0.710411273215063"
"exdqlm_univar_synth","draw_123",1921,"2022-12-27","forecast","2.94988150944643"
"exdqlm_univar_synth","draw_123",1921,"2022-12-28","forecast","2.54692625302415"
"exdqlm_univar_synth","draw_123",1921,"2022-12-29","forecast","1.41769968483739"
"exdqlm_univar_synth","draw_123",1921,"2022-12-30","forecast","2.42322503865928"
"exdqlm_univar_synth","draw_123",1921,"2022-12-31","forecast","2.94908970832967"
"exdqlm_univar_synth","draw_123",1921,"2023-01-01","forecast","3.15405957069802"
"exdqlm_univar_synth","draw_123",1921,"2023-01-02","forecast","2.07715446484416"
"exdqlm_univar_synth","draw_123",1921,"2023-01-03","forecast","2.15338092680682"
"exdqlm_univar_synth","draw_123",1921,"2023-01-04","forecast","1.00708477766661"
"exdqlm_univar_synth","draw_123",1921,"2023-01-05","forecast","1.75193618279734"
"exdqlm_univar_synth","draw_123",1921,"2023-01-06","forecast","1.85476475307161"
"exdqlm_univar_synth","draw_123",1921,"2023-01-07","forecast","1.25104615831708"
"exdqlm_univar_synth","draw_123",1921,"2023-01-08","forecast","1.90582385452041"
"exdqlm_univar_synth","draw_123",1921,"2023-01-09","forecast","2.10244375349988"
"exdqlm_univar_synth","draw_123",1921,"2023-01-10","forecast","2.03201032027537"
"exdqlm_univar_synth","draw_123",1921,"2023-01-11","forecast","1.56913528382169"
"exdqlm_univar_synth","draw_123",1921,"2023-01-12","forecast","1.46818163581456"
"exdqlm_univar_synth","draw_123",1921,"2023-01-13","forecast","1.54246969551359"
"exdqlm_univar_synth","draw_123",1921,"2023-01-14","forecast","2.09593963586762"
"exdqlm_univar_synth","draw_123",1921,"2023-01-15","forecast","1.68589252579380"
"exdqlm_univar_synth","draw_123",1921,"2023-01-16","forecast","1.44741268107095"
"exdqlm_univar_synth","draw_123",1921,"2023-01-17","forecast","0.990010219242754"
"exdqlm_univar_synth","draw_123",1921,"2023-01-18","forecast","1.15087236387564"
"exdqlm_univar_synth","draw_123",1921,"2023-01-19","forecast","0.954667583393957"
"exdqlm_univar_synth","draw_123",1921,"2023-01-20","forecast","0.818333849142762"
"exdqlm_univar_synth","draw_123",1921,"2023-01-21","forecast","0.845661518881531"
"exdqlm_univar_synth","draw_123",1921,"2023-01-22","forecast","0.820012138990633"
"exdqlm_univar_synth","draw_124",1937,"2022-12-26","forecast","0.813860237151448"
"exdqlm_univar_synth","draw_124",1937,"2022-12-27","forecast","3.14148034309791"
"exdqlm_univar_synth","draw_124",1937,"2022-12-28","forecast","2.41007664034876"
"exdqlm_univar_synth","draw_124",1937,"2022-12-29","forecast","2.05596773874877"
"exdqlm_univar_synth","draw_124",1937,"2022-12-30","forecast","1.80826179445689"
"exdqlm_univar_synth","draw_124",1937,"2022-12-31","forecast","3.14367248445128"
"exdqlm_univar_synth","draw_124",1937,"2023-01-01","forecast","3.37241591264583"
"exdqlm_univar_synth","draw_124",1937,"2023-01-02","forecast","2.03120564574689"
"exdqlm_univar_synth","draw_124",1937,"2023-01-03","forecast","2.13505531738356"
"exdqlm_univar_synth","draw_124",1937,"2023-01-04","forecast","1.45263113073790"
"exdqlm_univar_synth","draw_124",1937,"2023-01-05","forecast","2.16192566645266"
"exdqlm_univar_synth","draw_124",1937,"2023-01-06","forecast","1.70381325789261"
"exdqlm_univar_synth","draw_124",1937,"2023-01-07","forecast","0.980332260956537"
"exdqlm_univar_synth","draw_124",1937,"2023-01-08","forecast","1.42198345561396"
"exdqlm_univar_synth","draw_124",1937,"2023-01-09","forecast","2.19025185609324"
"exdqlm_univar_synth","draw_124",1937,"2023-01-10","forecast","1.72179935388048"
"exdqlm_univar_synth","draw_124",1937,"2023-01-11","forecast","1.64403315221925"
"exdqlm_univar_synth","draw_124",1937,"2023-01-12","forecast","2.28250438953923"
"exdqlm_univar_synth","draw_124",1937,"2023-01-13","forecast","1.66049146451207"
"exdqlm_univar_synth","draw_124",1937,"2023-01-14","forecast","1.57508335117856"
"exdqlm_univar_synth","draw_124",1937,"2023-01-15","forecast","1.41822264366088"
"exdqlm_univar_synth","draw_124",1937,"2023-01-16","forecast","1.82813218286641"
"exdqlm_univar_synth","draw_124",1937,"2023-01-17","forecast","1.03352854530790"
"exdqlm_univar_synth","draw_124",1937,"2023-01-18","forecast","1.12940451174731"
"exdqlm_univar_synth","draw_124",1937,"2023-01-19","forecast","0.851192812791243"
"exdqlm_univar_synth","draw_124",1937,"2023-01-20","forecast","0.558447899852886"
"exdqlm_univar_synth","draw_124",1937,"2023-01-21","forecast","0.844136537333749"
"exdqlm_univar_synth","draw_124",1937,"2023-01-22","forecast","0.822158407391544"
"exdqlm_univar_synth","draw_125",1953,"2022-12-26","forecast","1.05280275697029"
"exdqlm_univar_synth","draw_125",1953,"2022-12-27","forecast","2.91717746729908"
"exdqlm_univar_synth","draw_125",1953,"2022-12-28","forecast","2.54791879207028"
"exdqlm_univar_synth","draw_125",1953,"2022-12-29","forecast","1.84903609222821"
"exdqlm_univar_synth","draw_125",1953,"2022-12-30","forecast","1.43170921528985"
"exdqlm_univar_synth","draw_125",1953,"2022-12-31","forecast","3.13897999281836"
"exdqlm_univar_synth","draw_125",1953,"2023-01-01","forecast","3.01467480237574"
"exdqlm_univar_synth","draw_125",1953,"2023-01-02","forecast","1.69879705870386"
"exdqlm_univar_synth","draw_125",1953,"2023-01-03","forecast","2.07878051505632"
"exdqlm_univar_synth","draw_125",1953,"2023-01-04","forecast","1.03112352400092"
"exdqlm_univar_synth","draw_125",1953,"2023-01-05","forecast","1.68736129065694"
"exdqlm_univar_synth","draw_125",1953,"2023-01-06","forecast","1.70494611870855"
"exdqlm_univar_synth","draw_125",1953,"2023-01-07","forecast","1.31275249144743"
"exdqlm_univar_synth","draw_125",1953,"2023-01-08","forecast","1.51475618843709"
"exdqlm_univar_synth","draw_125",1953,"2023-01-09","forecast","1.78118658525154"
"exdqlm_univar_synth","draw_125",1953,"2023-01-10","forecast","2.02807804563297"
"exdqlm_univar_synth","draw_125",1953,"2023-01-11","forecast","1.27947852850638"
"exdqlm_univar_synth","draw_125",1953,"2023-01-12","forecast","1.46865524617209"
"exdqlm_univar_synth","draw_125",1953,"2023-01-13","forecast","1.57111597696204"
"exdqlm_univar_synth","draw_125",1953,"2023-01-14","forecast","2.03599770392442"
"exdqlm_univar_synth","draw_125",1953,"2023-01-15","forecast","1.95929525837037"
"exdqlm_univar_synth","draw_125",1953,"2023-01-16","forecast","2.08713538958822"
"exdqlm_univar_synth","draw_125",1953,"2023-01-17","forecast","0.934708748010888"
"exdqlm_univar_synth","draw_125",1953,"2023-01-18","forecast","0.873901306584877"
"exdqlm_univar_synth","draw_125",1953,"2023-01-19","forecast","0.952351817237202"
"exdqlm_univar_synth","draw_125",1953,"2023-01-20","forecast","0.819013312621814"
"exdqlm_univar_synth","draw_125",1953,"2023-01-21","forecast","0.839406873130898"
"exdqlm_univar_synth","draw_125",1953,"2023-01-22","forecast","0.825749255103187"
"exdqlm_univar_synth","draw_126",1969,"2022-12-26","forecast","0.978650319845494"
"exdqlm_univar_synth","draw_126",1969,"2022-12-27","forecast","3.30389441345779"
"exdqlm_univar_synth","draw_126",1969,"2022-12-28","forecast","2.48717517075429"
"exdqlm_univar_synth","draw_126",1969,"2022-12-29","forecast","1.74833427490271"
"exdqlm_univar_synth","draw_126",1969,"2022-12-30","forecast","1.78404516980414"
"exdqlm_univar_synth","draw_126",1969,"2022-12-31","forecast","2.30691804288785"
"exdqlm_univar_synth","draw_126",1969,"2023-01-01","forecast","3.36155662745938"
"exdqlm_univar_synth","draw_126",1969,"2023-01-02","forecast","1.91403644204651"
"exdqlm_univar_synth","draw_126",1969,"2023-01-03","forecast","1.64695378735861"
"exdqlm_univar_synth","draw_126",1969,"2023-01-04","forecast","1.22645773624867"
"exdqlm_univar_synth","draw_126",1969,"2023-01-05","forecast","2.07270711760354"
"exdqlm_univar_synth","draw_126",1969,"2023-01-06","forecast","1.53000090216837"
"exdqlm_univar_synth","draw_126",1969,"2023-01-07","forecast","1.31366347353027"
"exdqlm_univar_synth","draw_126",1969,"2023-01-08","forecast","1.77852630889039"
"exdqlm_univar_synth","draw_126",1969,"2023-01-09","forecast","2.18937732210309"
"exdqlm_univar_synth","draw_126",1969,"2023-01-10","forecast","2.02946732631448"
"exdqlm_univar_synth","draw_126",1969,"2023-01-11","forecast","1.69152595359571"
"exdqlm_univar_synth","draw_126",1969,"2023-01-12","forecast","2.07951265389851"
"exdqlm_univar_synth","draw_126",1969,"2023-01-13","forecast","1.21259695719759"
"exdqlm_univar_synth","draw_126",1969,"2023-01-14","forecast","2.03595306978271"
"exdqlm_univar_synth","draw_126",1969,"2023-01-15","forecast","1.95629082207873"
"exdqlm_univar_synth","draw_126",1969,"2023-01-16","forecast","2.29118853564075"
"exdqlm_univar_synth","draw_126",1969,"2023-01-17","forecast","1.31577188992916"
"exdqlm_univar_synth","draw_126",1969,"2023-01-18","forecast","1.15151536025032"
"exdqlm_univar_synth","draw_126",1969,"2023-01-19","forecast","0.954239837468758"
"exdqlm_univar_synth","draw_126",1969,"2023-01-20","forecast","0.817973539303058"
"exdqlm_univar_synth","draw_126",1969,"2023-01-21","forecast","0.841068077990874"
"exdqlm_univar_synth","draw_126",1969,"2023-01-22","forecast","0.826228876698120"
"exdqlm_univar_synth","draw_127",1984,"2022-12-26","forecast","1.16996612058420"
"exdqlm_univar_synth","draw_127",1984,"2022-12-27","forecast","3.13175811073801"
"exdqlm_univar_synth","draw_127",1984,"2022-12-28","forecast","2.82245084375993"
"exdqlm_univar_synth","draw_127",1984,"2022-12-29","forecast","1.94500329188374"
"exdqlm_univar_synth","draw_127",1984,"2022-12-30","forecast","2.28320841507723"
"exdqlm_univar_synth","draw_127",1984,"2022-12-31","forecast","2.98583880151009"
"exdqlm_univar_synth","draw_127",1984,"2023-01-01","forecast","3.18141053747532"
"exdqlm_univar_synth","draw_127",1984,"2023-01-02","forecast","2.03622239951207"
"exdqlm_univar_synth","draw_127",1984,"2023-01-03","forecast","1.79500721512209"
"exdqlm_univar_synth","draw_127",1984,"2023-01-04","forecast","1.54269458878605"
"exdqlm_univar_synth","draw_127",1984,"2023-01-05","forecast","2.02019547352441"
"exdqlm_univar_synth","draw_127",1984,"2023-01-06","forecast","1.11121610419770"
"exdqlm_univar_synth","draw_127",1984,"2023-01-07","forecast","1.27823309714115"
"exdqlm_univar_synth","draw_127",1984,"2023-01-08","forecast","1.93495040956448"
"exdqlm_univar_synth","draw_127",1984,"2023-01-09","forecast","2.30695946365823"
"exdqlm_univar_synth","draw_127",1984,"2023-01-10","forecast","1.76251487286666"
"exdqlm_univar_synth","draw_127",1984,"2023-01-11","forecast","1.60570122759437"
"exdqlm_univar_synth","draw_127",1984,"2023-01-12","forecast","2.22393217465939"
"exdqlm_univar_synth","draw_127",1984,"2023-01-13","forecast","1.44342143064272"
"exdqlm_univar_synth","draw_127",1984,"2023-01-14","forecast","1.66218298265941"
"exdqlm_univar_synth","draw_127",1984,"2023-01-15","forecast","1.32488731344156"
"exdqlm_univar_synth","draw_127",1984,"2023-01-16","forecast","2.29549819981624"
"exdqlm_univar_synth","draw_127",1984,"2023-01-17","forecast","1.55231358558431"
"exdqlm_univar_synth","draw_127",1984,"2023-01-18","forecast","0.903100958715866"
"exdqlm_univar_synth","draw_127",1984,"2023-01-19","forecast","0.962326413992096"
"exdqlm_univar_synth","draw_127",1984,"2023-01-20","forecast","0.815291894914439"
"exdqlm_univar_synth","draw_127",1984,"2023-01-21","forecast","0.512380878888042"
"exdqlm_univar_synth","draw_127",1984,"2023-01-22","forecast","0.699271207640636"
"exdqlm_univar_synth","draw_128",2000,"2022-12-26","forecast","0.980106156185014"
"exdqlm_univar_synth","draw_128",2000,"2022-12-27","forecast","2.82091595018953"
"exdqlm_univar_synth","draw_128",2000,"2022-12-28","forecast","2.55958083195193"
"exdqlm_univar_synth","draw_128",2000,"2022-12-29","forecast","1.78341585799989"
"exdqlm_univar_synth","draw_128",2000,"2022-12-30","forecast","1.78569781434228"
"exdqlm_univar_synth","draw_128",2000,"2022-12-31","forecast","2.92201371989589"
"exdqlm_univar_synth","draw_128",2000,"2023-01-01","forecast","3.15696234857458"
"exdqlm_univar_synth","draw_128",2000,"2023-01-02","forecast","1.77662607055101"
"exdqlm_univar_synth","draw_128",2000,"2023-01-03","forecast","1.47887923513411"
"exdqlm_univar_synth","draw_128",2000,"2023-01-04","forecast","1.51215572319176"
"exdqlm_univar_synth","draw_128",2000,"2023-01-05","forecast","2.20378579610479"
"exdqlm_univar_synth","draw_128",2000,"2023-01-06","forecast","1.56151547297088"
"exdqlm_univar_synth","draw_128",2000,"2023-01-07","forecast","1.31373008922154"
"exdqlm_univar_synth","draw_128",2000,"2023-01-08","forecast","1.90209230885572"
"exdqlm_univar_synth","draw_128",2000,"2023-01-09","forecast","1.44691224415118"
"exdqlm_univar_synth","draw_128",2000,"2023-01-10","forecast","1.33976868209383"
"exdqlm_univar_synth","draw_128",2000,"2023-01-11","forecast","1.59693508851737"
"exdqlm_univar_synth","draw_128",2000,"2023-01-12","forecast","1.74577882650041"
"exdqlm_univar_synth","draw_128",2000,"2023-01-13","forecast","1.77325456042964"
"exdqlm_univar_synth","draw_128",2000,"2023-01-14","forecast","1.55761535023303"
"exdqlm_univar_synth","draw_128",2000,"2023-01-15","forecast","1.29232922875736"
"exdqlm_univar_synth","draw_128",2000,"2023-01-16","forecast","2.25813230088943"
"exdqlm_univar_synth","draw_128",2000,"2023-01-17","forecast","1.51104559289744"
"exdqlm_univar_synth","draw_128",2000,"2023-01-18","forecast","1.12805450494237"
"exdqlm_univar_synth","draw_128",2000,"2023-01-19","forecast","0.952940521446614"
"exdqlm_univar_synth","draw_128",2000,"2023-01-20","forecast","0.683428232714795"
"exdqlm_univar_synth","draw_128",2000,"2023-01-21","forecast","0.847352613297396"
"exdqlm_univar_synth","draw_128",2000,"2023-01-22","forecast","0.828817719347748"
